time,open,high,low,close,volume
2016-03-01 00:00:00,1240.41,1241.67,1239.79,1240.76,0
2016-03-01 01:00:00,1240.78,1247.63,1236.67,1246.57,0
2016-03-01 02:00:00,1246.59,1248.61,1243.99,1244.09,0
2016-03-01 03:00:00,1244.12,1245.51,1243.66,1243.66,0
2016-03-01 04:00:00,1243.79,1246.08,1243.65,1244.88,0
2016-03-01 05:00:00,1244.96,1245.81,1243.14,1244.33,0
2016-03-01 06:00:00,1244.32,1245.83,1243.31,1245.69,0
2016-03-01 07:00:00,1245.69,1245.69,1238.96,1239.54,0
2016-03-01 08:00:00,1239.53,1241.45,1237.15,1239.54,0
2016-03-01 09:00:00,1239.58,1243.0,1239.44,1241.33,0
2016-03-01 10:00:00,1241.35,1241.49,1239.39,1239.65,0
2016-03-01 11:00:00,1239.71,1246.65,1239.11,1245.69,0
2016-03-01 12:00:00,1245.71,1247.1,1244.2,1245.8,0
2016-03-01 13:00:00,1245.78,1247.87,1242.31,1244.7,0
2016-03-01 14:00:00,1244.83,1244.99,1236.24,1238.85,0
2016-03-01 15:00:00,1238.8,1238.8,1227.19,1234.43,0
2016-03-01 16:00:00,1234.53,1234.64,1229.01,1229.42,0
2016-03-01 17:00:00,1229.41,1231.62,1228.23,1229.78,0
2016-03-01 18:00:00,1229.79,1232.0,1229.48,1230.88,0
2016-03-01 19:00:00,1230.89,1236.15,1230.4,1234.59,0
2016-03-01 20:00:00,1234.57,1236.58,1231.78,1231.8,0
2016-03-01 21:00:00,1231.78,1232.69,1230.77,1232.06,0
2016-03-01 23:00:00,1231.32,1232.78,1230.9,1232.32,0
2016-03-02 00:00:00,1232.27,1232.92,1229.75,1230.79,0
2016-03-02 01:00:00,1230.73,1231.3,1225.54,1228.34,0
2016-03-02 02:00:00,1228.37,1229.18,1224.78,1225.51,0
2016-03-02 03:00:00,1225.53,1228.52,1224.85,1227.79,0
2016-03-02 04:00:00,1227.79,1228.22,1227.17,1227.96,0
2016-03-02 05:00:00,1227.96,1228.13,1226.0,1226.97,0
2016-03-02 06:00:00,1227.06,1228.06,1226.26,1227.48,0
2016-03-02 07:00:00,1227.5,1228.85,1225.61,1227.84,0
2016-03-02 08:00:00,1227.82,1230.71,1227.3,1229.22,0
2016-03-02 09:00:00,1229.22,1231.15,1227.94,1230.98,0
2016-03-02 10:00:00,1230.95,1231.05,1229.5,1230.55,0
2016-03-02 11:00:00,1230.55,1232.21,1230.12,1230.54,0
2016-03-02 12:00:00,1230.55,1231.83,1228.78,1231.09,0
2016-03-02 13:00:00,1231.05,1236.4,1227.48,1232.09,0
2016-03-02 14:00:00,1232.09,1241.79,1230.89,1240.0,0
2016-03-02 15:00:00,1240.08,1241.42,1236.88,1238.28,0
2016-03-02 16:00:00,1238.28,1240.42,1234.93,1240.12,0
2016-03-02 17:00:00,1240.13,1240.74,1238.48,1240.33,0
2016-03-02 18:00:00,1240.32,1244.1,1239.9,1243.53,0
2016-03-02 19:00:00,1243.52,1243.6,1239.53,1239.83,0
2016-03-02 20:00:00,1239.88,1241.86,1238.94,1241.0,0
2016-03-02 21:00:00,1241.01,1241.08,1239.65,1239.84,0
2016-03-02 23:00:00,1240.07,1243.26,1239.67,1241.05,0
2016-03-03 00:00:00,1241.08,1242.01,1237.95,1239.44,0
2016-03-03 01:00:00,1239.4,1239.55,1237.44,1238.9,0
2016-03-03 02:00:00,1238.95,1240.57,1238.22,1239.33,0
2016-03-03 03:00:00,1239.38,1239.5,1237.85,1238.39,0
2016-03-03 04:00:00,1238.34,1239.81,1238.01,1239.27,0
2016-03-03 05:00:00,1239.27,1239.43,1238.44,1239.18,0
2016-03-03 06:00:00,1239.16,1242.3,1238.7,1241.25,0
2016-03-03 07:00:00,1241.27,1241.88,1240.04,1241.51,0
2016-03-03 08:00:00,1241.6,1243.19,1239.42,1241.97,0
2016-03-03 09:00:00,1242.02,1244.36,1240.48,1241.78,0
2016-03-03 10:00:00,1241.77,1243.03,1241.24,1242.27,0
2016-03-03 11:00:00,1242.43,1244.3,1241.82,1244.28,0
2016-03-03 12:00:00,1244.28,1245.34,1242.79,1244.58,0
2016-03-03 13:00:00,1244.66,1245.98,1240.03,1241.81,0
2016-03-03 14:00:00,1241.8,1248.5,1241.48,1246.32,0
2016-03-03 15:00:00,1246.14,1257.17,1244.74,1254.01,0
2016-03-03 16:00:00,1254.01,1260.2,1253.6,1254.98,0
2016-03-03 17:00:00,1255.08,1258.46,1255.08,1257.02,0
2016-03-03 18:00:00,1257.01,1257.86,1255.16,1256.5,0
2016-03-03 19:00:00,1256.38,1260.83,1256.28,1260.45,0
2016-03-03 20:00:00,1260.45,1268.35,1259.76,1262.41,0
2016-03-03 21:00:00,1262.4,1266.62,1260.92,1264.57,0
2016-03-03 23:00:00,1263.72,1263.82,1259.99,1260.01,0
2016-03-04 00:00:00,1260.01,1261.26,1257.66,1258.43,0
2016-03-04 01:00:00,1258.43,1259.41,1255.84,1259.08,0
2016-03-04 02:00:00,1259.09,1262.19,1258.97,1260.49,0
2016-03-04 03:00:00,1260.49,1262.5,1259.37,1261.05,0
2016-03-04 04:00:00,1261.1,1262.83,1260.58,1261.99,0
2016-03-04 05:00:00,1261.98,1262.39,1260.36,1261.07,0
2016-03-04 06:00:00,1261.06,1262.61,1260.81,1261.97,0
2016-03-04 07:00:00,1261.96,1262.7,1260.46,1261.53,0
2016-03-04 08:00:00,1261.55,1269.72,1259.75,1269.56,0
2016-03-04 09:00:00,1269.57,1274.83,1269.49,1272.16,0
2016-03-04 10:00:00,1272.2,1273.57,1271.19,1273.57,0
2016-03-04 11:00:00,1273.62,1274.12,1268.36,1269.42,0
2016-03-04 12:00:00,1269.44,1269.44,1263.67,1265.63,0
2016-03-04 13:00:00,1265.7,1265.83,1250.46,1265.52,0
2016-03-04 14:00:00,1265.56,1279.86,1262.35,1276.34,0
2016-03-04 15:00:00,1276.48,1278.38,1264.41,1268.91,0
2016-03-04 16:00:00,1268.96,1275.13,1267.22,1267.52,0
2016-03-04 17:00:00,1267.53,1272.16,1265.71,1270.19,0
2016-03-04 18:00:00,1270.19,1271.05,1260.32,1262.77,0
2016-03-04 19:00:00,1262.77,1265.68,1257.4,1259.84,0
2016-03-04 20:00:00,1259.89,1264.01,1259.69,1260.91,0
2016-03-04 21:00:00,1260.97,1262.06,1257.42,1258.86,0
2016-03-06 23:00:00,1260.38,1263.95,1258.23,1263.73,0
2016-03-07 00:00:00,1263.74,1265.78,1262.0,1265.64,0
2016-03-07 01:00:00,1265.66,1268.67,1260.49,1262.08,0
2016-03-07 02:00:00,1262.17,1262.25,1256.75,1261.08,0
2016-03-07 03:00:00,1261.07,1261.57,1258.63,1259.89,0
2016-03-07 04:00:00,1259.86,1261.19,1258.89,1259.73,0
2016-03-07 05:00:00,1259.68,1262.29,1258.45,1260.69,0
2016-03-07 06:00:00,1260.65,1263.9,1260.04,1262.43,0
2016-03-07 07:00:00,1262.51,1266.2,1261.96,1264.38,0
2016-03-07 08:00:00,1264.34,1267.89,1262.91,1267.68,0
2016-03-07 09:00:00,1267.7,1268.06,1265.8,1266.73,0
2016-03-07 10:00:00,1266.74,1269.08,1266.73,1268.22,0
2016-03-07 11:00:00,1268.23,1273.19,1268.23,1271.88,0
2016-03-07 12:00:00,1271.93,1273.02,1268.77,1271.54,0
2016-03-07 13:00:00,1271.61,1272.99,1265.36,1267.46,0
2016-03-07 14:00:00,1267.46,1270.03,1264.76,1268.8,0
2016-03-07 15:00:00,1268.82,1271.8,1266.34,1266.64,0
2016-03-07 16:00:00,1266.63,1268.07,1265.03,1266.62,0
2016-03-07 17:00:00,1266.62,1267.82,1259.49,1261.87,0
2016-03-07 18:00:00,1261.85,1266.26,1260.17,1266.1,0
2016-03-07 19:00:00,1266.18,1269.24,1265.76,1267.86,0
2016-03-07 20:00:00,1267.86,1268.29,1265.56,1266.89,0
2016-03-07 21:00:00,1266.93,1267.79,1266.37,1267.33,0
2016-03-07 23:00:00,1266.14,1268.32,1263.46,1267.83,0
2016-03-08 00:00:00,1267.83,1269.68,1267.47,1268.12,0
2016-03-08 01:00:00,1268.15,1271.04,1266.45,1270.87,0
2016-03-08 02:00:00,1270.92,1273.04,1265.98,1266.2,0
2016-03-08 03:00:00,1266.2,1268.51,1265.5,1267.83,0
2016-03-08 04:00:00,1267.83,1268.56,1265.42,1265.6,0
2016-03-08 05:00:00,1265.6,1270.4,1265.6,1269.97,0
2016-03-08 06:00:00,1269.97,1270.27,1267.76,1269.56,0
2016-03-08 07:00:00,1269.64,1274.71,1269.53,1273.73,0
2016-03-08 08:00:00,1273.71,1275.85,1272.15,1275.01,0
2016-03-08 09:00:00,1275.01,1276.41,1272.87,1274.31,0
2016-03-08 10:00:00,1274.36,1276.28,1273.13,1273.98,0
2016-03-08 11:00:00,1273.92,1278.13,1272.08,1276.15,0
2016-03-08 12:00:00,1276.15,1276.29,1271.75,1274.64,0
2016-03-08 13:00:00,1274.62,1275.56,1270.95,1274.2,0
2016-03-08 14:00:00,1274.23,1274.93,1264.95,1267.06,0
2016-03-08 15:00:00,1267.06,1269.83,1262.55,1269.13,0
2016-03-08 16:00:00,1269.08,1270.13,1264.91,1265.99,0
2016-03-08 17:00:00,1265.99,1266.86,1264.4,1264.9,0
2016-03-08 18:00:00,1264.87,1265.22,1260.93,1263.11,0
2016-03-08 19:00:00,1263.11,1264.66,1260.33,1263.45,0
2016-03-08 20:00:00,1263.44,1263.7,1260.27,1261.52,0
2016-03-08 21:00:00,1261.52,1261.92,1260.78,1261.52,0
2016-03-08 23:00:00,1261.26,1263.75,1261.0,1263.15,0
2016-03-09 00:00:00,1263.2,1264.97,1262.04,1262.52,0
2016-03-09 01:00:00,1262.56,1262.61,1251.55,1255.48,0
2016-03-09 02:00:00,1255.44,1255.54,1253.93,1254.59,0
2016-03-09 03:00:00,1254.55,1255.44,1253.82,1254.54,0
2016-03-09 04:00:00,1254.55,1255.02,1253.83,1254.59,0
2016-03-09 05:00:00,1254.59,1256.17,1253.51,1255.69,0
2016-03-09 06:00:00,1255.7,1257.4,1254.93,1256.15,0
2016-03-09 07:00:00,1256.14,1259.42,1255.32,1258.68,0
2016-03-09 08:00:00,1258.73,1259.0,1255.78,1256.9,0
2016-03-09 09:00:00,1256.91,1258.02,1256.72,1257.58,0
2016-03-09 10:00:00,1257.54,1260.49,1255.78,1256.89,0
2016-03-09 11:00:00,1256.86,1256.94,1249.4,1251.83,0
2016-03-09 12:00:00,1251.85,1257.46,1251.79,1256.18,0
2016-03-09 13:00:00,1256.09,1257.92,1251.86,1253.57,0
2016-03-09 14:00:00,1253.56,1253.66,1243.01,1246.33,0
2016-03-09 15:00:00,1246.38,1255.99,1245.48,1253.48,0
2016-03-09 16:00:00,1253.33,1257.94,1252.19,1253.59,0
2016-03-09 17:00:00,1253.73,1257.79,1251.78,1256.22,0
2016-03-09 18:00:00,1256.22,1259.03,1254.66,1254.99,0
2016-03-09 19:00:00,1254.94,1255.16,1251.93,1253.85,0
2016-03-09 20:00:00,1253.85,1254.42,1249.76,1250.96,0
2016-03-09 21:00:00,1250.97,1253.15,1250.79,1252.99,0
2016-03-09 23:00:00,1252.27,1253.94,1252.17,1253.54,0
2016-03-10 00:00:00,1253.67,1255.12,1251.31,1252.71,0
2016-03-10 01:00:00,1252.71,1254.41,1249.48,1250.14,0
2016-03-10 02:00:00,1250.14,1251.81,1248.98,1251.45,0
2016-03-10 03:00:00,1251.47,1252.21,1249.18,1250.07,0
2016-03-10 04:00:00,1250.09,1250.4,1249.35,1250.05,0
2016-03-10 05:00:00,1250.06,1251.38,1247.24,1247.59,0
2016-03-10 06:00:00,1247.59,1248.79,1245.61,1246.08,0
2016-03-10 07:00:00,1246.11,1246.67,1244.97,1245.89,0
2016-03-10 08:00:00,1245.86,1250.84,1245.21,1249.4,0
2016-03-10 09:00:00,1249.42,1250.86,1248.6,1249.69,0
2016-03-10 10:00:00,1249.77,1249.84,1246.27,1247.99,0
2016-03-10 11:00:00,1247.98,1251.61,1247.34,1250.25,0
2016-03-10 12:00:00,1250.26,1250.57,1239.45,1239.72,0
2016-03-10 13:00:00,1239.81,1258.48,1237.11,1255.52,0
2016-03-10 14:00:00,1255.45,1266.0,1254.03,1263.72,0
2016-03-10 15:00:00,1263.74,1269.15,1263.37,1267.18,0
2016-03-10 16:00:00,1267.27,1270.05,1262.95,1269.97,0
2016-03-10 17:00:00,1269.97,1273.33,1267.76,1272.47,0
2016-03-10 18:00:00,1272.46,1273.0,1270.22,1270.79,0
2016-03-10 19:00:00,1270.85,1273.41,1267.76,1268.04,0
2016-03-10 20:00:00,1268.07,1271.21,1266.63,1270.77,0
2016-03-10 21:00:00,1270.74,1272.84,1270.5,1272.19,0
2016-03-10 23:00:00,1269.93,1271.15,1269.43,1271.07,0
2016-03-11 00:00:00,1271.07,1271.97,1269.65,1270.08,0
2016-03-11 01:00:00,1270.08,1284.27,1270.08,1277.12,0
2016-03-11 02:00:00,1277.13,1278.83,1275.27,1276.3,0
2016-03-11 03:00:00,1276.33,1276.72,1270.67,1270.76,0
2016-03-11 04:00:00,1270.76,1271.9,1269.57,1271.0,0
2016-03-11 05:00:00,1271.0,1275.74,1270.75,1274.9,0
2016-03-11 06:00:00,1274.89,1275.43,1267.76,1269.24,0
2016-03-11 07:00:00,1269.32,1271.5,1267.38,1270.83,0
2016-03-11 08:00:00,1270.83,1272.3,1263.29,1263.62,0
2016-03-11 09:00:00,1263.56,1266.08,1262.68,1264.06,0
2016-03-11 10:00:00,1264.03,1265.44,1262.22,1264.67,0
2016-03-11 11:00:00,1264.77,1265.05,1262.62,1264.31,0
2016-03-11 12:00:00,1264.36,1268.45,1262.68,1265.57,0
2016-03-11 13:00:00,1265.58,1269.15,1262.36,1268.54,0
2016-03-11 14:00:00,1268.5,1269.6,1263.23,1264.04,0
2016-03-11 15:00:00,1264.08,1266.15,1254.64,1259.2,0
2016-03-11 16:00:00,1259.18,1261.2,1256.51,1259.39,0
2016-03-11 17:00:00,1259.39,1259.93,1258.03,1259.64,0
2016-03-11 18:00:00,1259.64,1260.23,1258.48,1259.02,0
2016-03-11 19:00:00,1259.03,1259.58,1258.5,1258.89,0
2016-03-11 20:00:00,1258.88,1258.98,1248.55,1249.38,0
2016-03-11 21:00:00,1249.32,1250.92,1248.28,1250.5,0
2016-03-13 23:00:00,1250.72,1251.58,1248.0,1250.93,0
2016-03-14 00:00:00,1250.98,1253.44,1250.62,1252.88,0
2016-03-14 01:00:00,1252.79,1254.93,1252.15,1254.46,0
2016-03-14 02:00:00,1254.38,1255.98,1252.65,1254.75,0
2016-03-14 03:00:00,1254.75,1256.45,1254.16,1256.08,0
2016-03-14 04:00:00,1256.08,1256.77,1252.07,1252.97,0
2016-03-14 05:00:00,1252.89,1255.09,1252.07,1254.87,0
2016-03-14 06:00:00,1254.92,1256.64,1253.42,1256.37,0
2016-03-14 07:00:00,1256.38,1257.04,1252.12,1253.2,0
2016-03-14 08:00:00,1253.26,1255.9,1252.69,1255.52,0
2016-03-14 09:00:00,1255.62,1257.03,1254.54,1256.2,0
2016-03-14 10:00:00,1256.22,1261.08,1255.14,1259.99,0
2016-03-14 11:00:00,1259.99,1260.54,1255.48,1255.92,0
2016-03-14 12:00:00,1255.96,1256.9,1252.92,1254.1,0
2016-03-14 13:00:00,1254.12,1257.11,1252.88,1256.34,0
2016-03-14 14:00:00,1256.34,1259.22,1245.45,1246.51,0
2016-03-14 15:00:00,1246.64,1250.02,1242.36,1243.35,0
2016-03-14 16:00:00,1243.35,1245.03,1241.98,1243.81,0
2016-03-14 17:00:00,1243.75,1244.45,1241.67,1243.94,0
2016-03-14 18:00:00,1243.89,1244.92,1238.44,1238.64,0
2016-03-14 19:00:00,1238.65,1239.34,1233.76,1234.9,0
2016-03-14 20:00:00,1234.86,1234.9,1229.39,1233.09,0
2016-03-14 21:00:00,1233.1,1235.71,1233.09,1235.12,0
2016-03-14 23:00:00,1236.12,1236.21,1231.71,1235.28,0
2016-03-15 00:00:00,1235.27,1238.04,1234.24,1236.24,0
2016-03-15 01:00:00,1236.24,1236.61,1234.62,1235.36,0
2016-03-15 02:00:00,1235.36,1235.44,1225.73,1228.84,0
2016-03-15 03:00:00,1228.84,1229.43,1226.44,1227.91,0
2016-03-15 04:00:00,1227.85,1229.81,1226.38,1229.01,0
2016-03-15 05:00:00,1228.97,1230.53,1228.81,1229.61,0
2016-03-15 06:00:00,1229.59,1230.37,1227.18,1228.17,0
2016-03-15 07:00:00,1228.15,1231.01,1227.76,1229.53,0
2016-03-15 08:00:00,1229.54,1231.39,1228.11,1230.59,0
2016-03-15 09:00:00,1230.56,1236.14,1230.45,1235.33,0
2016-03-15 10:00:00,1235.33,1235.47,1231.87,1231.94,0
2016-03-15 11:00:00,1231.97,1234.85,1231.85,1233.73,0
2016-03-15 12:00:00,1233.75,1236.17,1233.67,1234.57,0
2016-03-15 13:00:00,1234.55,1238.12,1229.97,1236.13,0
2016-03-15 14:00:00,1236.18,1236.83,1228.24,1230.51,0
2016-03-15 15:00:00,1230.41,1234.4,1230.33,1231.82,0
2016-03-15 16:00:00,1231.8,1234.01,1227.6,1233.98,0
2016-03-15 17:00:00,1233.98,1234.52,1229.87,1231.57,0
2016-03-15 18:00:00,1231.62,1232.08,1229.27,1229.88,0
2016-03-15 19:00:00,1229.81,1231.79,1229.58,1231.22,0
2016-03-15 20:00:00,1231.27,1234.42,1231.24,1233.5,0
2016-03-15 21:00:00,1233.54,1234.02,1232.45,1232.58,0
2016-03-15 23:00:00,1232.62,1233.4,1231.93,1232.62,0
2016-03-16 00:00:00,1232.62,1233.02,1231.3,1232.9,0
2016-03-16 01:00:00,1232.86,1235.06,1232.62,1233.04,0
2016-03-16 02:00:00,1233.05,1233.08,1230.07,1232.47,0
2016-03-16 03:00:00,1232.47,1233.95,1231.65,1232.19,0
2016-03-16 04:00:00,1232.19,1233.55,1231.95,1232.35,0
2016-03-16 05:00:00,1232.34,1232.67,1231.62,1232.32,0
2016-03-16 06:00:00,1232.33,1233.56,1232.33,1232.84,0
2016-03-16 07:00:00,1232.84,1234.87,1232.23,1234.52,0
2016-03-16 08:00:00,1234.51,1235.51,1231.2,1231.4,0
2016-03-16 09:00:00,1231.3,1231.97,1229.72,1231.77,0
2016-03-16 10:00:00,1231.77,1233.03,1231.62,1232.73,0
2016-03-16 11:00:00,1232.77,1233.44,1232.19,1232.67,0
2016-03-16 12:00:00,1232.7,1233.11,1231.46,1232.52,0
2016-03-16 13:00:00,1232.77,1234.18,1227.41,1230.44,0
2016-03-16 14:00:00,1230.42,1232.2,1226.73,1230.84,0
2016-03-16 15:00:00,1230.87,1232.93,1230.54,1231.72,0
2016-03-16 16:00:00,1231.72,1232.12,1227.83,1229.5,0
2016-03-16 17:00:00,1229.52,1230.01,1228.29,1229.62,0
2016-03-16 18:00:00,1229.62,1230.99,1228.45,1230.07,0
2016-03-16 19:00:00,1235.06,1261.8,1230.57,1258.3,0
2016-03-16 20:00:00,1258.21,1262.93,1257.52,1260.72,0
2016-03-16 21:00:00,1260.72,1263.98,1260.72,1262.22,0
2016-03-16 23:00:00,1261.16,1261.35,1259.44,1260.0,0
2016-03-17 00:00:00,1259.93,1260.02,1258.52,1258.88,0
2016-03-17 01:00:00,1258.89,1262.49,1258.79,1260.65,0
2016-03-17 02:00:00,1260.68,1262.17,1254.81,1255.23,0
2016-03-17 03:00:00,1255.28,1256.31,1254.46,1254.62,0
2016-03-17 04:00:00,1254.62,1257.0,1254.52,1256.98,0
2016-03-17 05:00:00,1256.95,1257.27,1256.1,1256.46,0
2016-03-17 06:00:00,1256.43,1259.33,1256.18,1258.14,0
2016-03-17 07:00:00,1258.16,1259.57,1257.62,1258.62,0
2016-03-17 08:00:00,1258.62,1263.31,1258.21,1262.79,0
2016-03-17 09:00:00,1262.79,1268.19,1262.69,1266.71,0
2016-03-17 10:00:00,1266.78,1267.13,1263.59,1265.29,0
2016-03-17 11:00:00,1265.29,1270.98,1265.29,1268.88,0
2016-03-17 12:00:00,1268.9,1270.87,1266.49,1269.47,0
2016-03-17 13:00:00,1269.51,1270.62,1262.32,1265.04,0
2016-03-17 14:00:00,1265.02,1269.23,1262.84,1264.93,0
2016-03-17 15:00:00,1265.06,1266.88,1261.63,1265.01,0
2016-03-17 16:00:00,1265.11,1266.95,1262.09,1264.42,0
2016-03-17 17:00:00,1264.42,1266.4,1263.02,1265.8,0
2016-03-17 18:00:00,1265.8,1265.83,1262.92,1263.47,0
2016-03-17 19:00:00,1263.48,1263.85,1256.25,1258.96,0
2016-03-17 20:00:00,1258.96,1258.96,1255.73,1256.81,0
2016-03-17 21:00:00,1256.84,1258.21,1256.32,1257.84,0
2016-03-17 23:00:00,1257.07,1259.5,1256.76,1259.0,0
2016-03-18 00:00:00,1258.99,1259.1,1257.82,1259.08,0
2016-03-18 01:00:00,1259.06,1261.22,1257.85,1261.1,0
2016-03-18 02:00:00,1261.1,1266.97,1261.08,1264.53,0
2016-03-18 03:00:00,1264.53,1265.07,1261.7,1263.29,0
2016-03-18 04:00:00,1263.23,1264.51,1262.35,1263.97,0
2016-03-18 05:00:00,1263.97,1263.97,1262.38,1262.85,0
2016-03-18 06:00:00,1262.81,1263.44,1262.38,1262.65,0
2016-03-18 07:00:00,1262.65,1265.55,1262.65,1264.0,0
2016-03-18 08:00:00,1263.99,1264.59,1258.42,1259.0,0
2016-03-18 09:00:00,1259.03,1261.43,1253.34,1255.33,0
2016-03-18 10:00:00,1255.3,1255.48,1252.96,1254.79,0
2016-03-18 11:00:00,1254.89,1255.4,1253.55,1254.0,0
2016-03-18 12:00:00,1254.0,1254.77,1250.46,1250.96,0
2016-03-18 13:00:00,1250.96,1253.24,1247.89,1252.21,0
2016-03-18 14:00:00,1252.2,1254.41,1250.16,1252.47,0
2016-03-18 15:00:00,1252.64,1253.95,1251.3,1252.78,0
2016-03-18 16:00:00,1252.8,1254.44,1251.89,1253.77,0
2016-03-18 17:00:00,1253.79,1254.06,1250.56,1251.54,0
2016-03-18 18:00:00,1251.54,1258.7,1250.16,1255.57,0
2016-03-18 19:00:00,1255.56,1257.15,1253.0,1253.53,0
2016-03-18 20:00:00,1253.63,1255.14,1252.07,1253.34,0
2016-03-18 21:00:00,1253.38,1255.75,1253.34,1255.18,0
2016-03-20 23:00:00,1254.15,1255.99,1253.8,1255.38,0
2016-03-21 00:00:00,1255.38,1255.73,1252.62,1253.21,0
2016-03-21 01:00:00,1253.2,1255.45,1252.73,1254.08,0
2016-03-21 02:00:00,1254.08,1255.11,1250.93,1252.28,0
2016-03-21 03:00:00,1252.27,1253.62,1251.83,1253.14,0
2016-03-21 04:00:00,1253.14,1254.5,1251.65,1251.84,0
2016-03-21 05:00:00,1251.84,1252.75,1251.17,1251.48,0
2016-03-21 06:00:00,1251.5,1252.4,1244.91,1246.04,0
2016-03-21 07:00:00,1246.05,1246.6,1240.65,1243.04,0
2016-03-21 08:00:00,1243.06,1244.29,1241.06,1242.05,0
2016-03-21 09:00:00,1242.06,1244.2,1240.9,1243.31,0
2016-03-21 10:00:00,1243.24,1246.97,1243.18,1245.37,0
2016-03-21 11:00:00,1245.38,1247.27,1244.09,1247.11,0
2016-03-21 12:00:00,1247.12,1249.26,1246.28,1246.38,0
2016-03-21 13:00:00,1246.41,1246.63,1241.96,1243.55,0
2016-03-21 14:00:00,1243.59,1247.14,1242.06,1245.37,0
2016-03-21 15:00:00,1245.38,1248.37,1242.91,1244.4,0
2016-03-21 16:00:00,1244.4,1247.64,1242.51,1246.18,0
2016-03-21 17:00:00,1246.18,1246.59,1243.13,1244.74,0
2016-03-21 18:00:00,1244.83,1245.16,1243.23,1244.7,0
2016-03-21 19:00:00,1244.75,1245.27,1242.02,1243.98,0
2016-03-21 20:00:00,1244.01,1244.66,1242.88,1244.3,0
2016-03-21 21:00:00,1244.33,1244.59,1243.19,1243.57,0
2016-03-21 23:00:00,1243.93,1243.93,1243.29,1243.76,0
2016-03-22 00:00:00,1243.74,1243.9,1242.43,1243.72,0
2016-03-22 01:00:00,1243.63,1246.3,1243.24,1244.96,0
2016-03-22 02:00:00,1245.01,1245.3,1243.27,1243.94,0
2016-03-22 03:00:00,1243.84,1245.68,1243.19,1245.49,0
2016-03-22 04:00:00,1245.48,1247.06,1244.5,1246.45,0
2016-03-22 05:00:00,1246.45,1246.79,1244.25,1244.34,0
2016-03-22 06:00:00,1244.34,1248.14,1243.93,1247.96,0
2016-03-22 07:00:00,1247.95,1248.95,1246.34,1248.95,0
2016-03-22 08:00:00,1248.95,1260.24,1248.85,1258.1,0
2016-03-22 09:00:00,1258.16,1259.79,1251.26,1252.25,0
2016-03-22 10:00:00,1252.25,1254.95,1249.44,1251.88,0
2016-03-22 11:00:00,1251.98,1252.89,1249.8,1251.52,0
2016-03-22 12:00:00,1251.52,1252.87,1248.74,1250.13,0
2016-03-22 13:00:00,1250.13,1255.64,1249.79,1253.93,0
2016-03-22 14:00:00,1253.93,1256.97,1250.82,1255.06,0
2016-03-22 15:00:00,1255.06,1255.18,1252.16,1252.46,0
2016-03-22 16:00:00,1252.46,1253.58,1249.78,1252.26,0
2016-03-22 17:00:00,1252.26,1252.86,1245.65,1247.1,0
2016-03-22 18:00:00,1247.09,1248.75,1246.47,1246.96,0
2016-03-22 19:00:00,1246.98,1247.94,1244.58,1247.76,0
2016-03-22 20:00:00,1247.82,1248.69,1247.59,1248.23,0
2016-03-22 21:00:00,1248.23,1248.9,1247.19,1248.28,0
2016-03-22 23:00:00,1247.95,1248.6,1247.17,1247.65,0
2016-03-23 00:00:00,1247.65,1248.59,1247.53,1248.4,0
2016-03-23 01:00:00,1248.41,1249.43,1247.03,1247.54,0
2016-03-23 02:00:00,1247.55,1247.65,1242.81,1244.87,0
2016-03-23 03:00:00,1244.8,1244.99,1243.04,1243.34,0
2016-03-23 04:00:00,1243.38,1243.97,1241.22,1241.73,0
2016-03-23 05:00:00,1241.68,1242.53,1231.85,1234.82,0
2016-03-23 06:00:00,1234.82,1236.81,1233.96,1234.85,0
2016-03-23 07:00:00,1234.86,1236.42,1234.46,1234.75,0
2016-03-23 08:00:00,1234.75,1235.08,1231.28,1234.37,0
2016-03-23 09:00:00,1234.46,1236.03,1233.72,1234.74,0
2016-03-23 10:00:00,1234.75,1235.13,1232.83,1234.32,0
2016-03-23 11:00:00,1234.31,1235.12,1232.07,1234.43,0
2016-03-23 12:00:00,1234.47,1234.47,1229.48,1231.62,0
2016-03-23 13:00:00,1231.61,1232.11,1222.23,1223.49,0
2016-03-23 14:00:00,1223.49,1223.49,1216.32,1217.04,0
2016-03-23 15:00:00,1217.03,1221.51,1215.37,1220.56,0
2016-03-23 16:00:00,1220.56,1223.44,1217.85,1223.28,0
2016-03-23 17:00:00,1223.25,1224.18,1221.13,1223.55,0
2016-03-23 18:00:00,1223.52,1224.54,1222.92,1224.14,0
2016-03-23 19:00:00,1224.15,1224.91,1223.41,1224.8,0
2016-03-23 20:00:00,1224.8,1224.89,1219.12,1219.92,0
2016-03-23 21:00:00,1219.95,1221.82,1219.91,1220.27,0
2016-03-23 23:00:00,1220.57,1223.31,1220.56,1222.61,0
2016-03-24 00:00:00,1222.61,1223.17,1221.0,1222.06,0
2016-03-24 01:00:00,1221.91,1223.3,1221.26,1221.77,0
2016-03-24 02:00:00,1221.69,1221.82,1214.78,1217.16,0
2016-03-24 03:00:00,1217.15,1218.3,1216.57,1217.12,0
2016-03-24 04:00:00,1217.12,1219.54,1216.98,1219.34,0
2016-03-24 05:00:00,1219.35,1220.3,1218.41,1218.75,0
2016-03-24 06:00:00,1218.73,1219.53,1217.72,1219.42,0
2016-03-24 07:00:00,1219.4,1220.18,1214.99,1215.14,0
2016-03-24 08:00:00,1215.18,1216.09,1212.23,1214.42,0
2016-03-24 09:00:00,1214.42,1217.67,1214.01,1216.48,0
2016-03-24 10:00:00,1216.53,1217.84,1215.84,1217.33,0
2016-03-24 11:00:00,1217.3,1219.65,1216.65,1219.16,0
2016-03-24 12:00:00,1219.09,1219.25,1217.7,1219.12,0
2016-03-24 13:00:00,1219.17,1223.83,1218.26,1222.27,0
2016-03-24 14:00:00,1222.27,1222.28,1218.23,1218.57,0
2016-03-24 15:00:00,1218.51,1223.41,1218.51,1221.13,0
2016-03-24 16:00:00,1221.13,1222.17,1219.51,1220.53,0
2016-03-24 17:00:00,1220.55,1221.72,1219.65,1221.43,0
2016-03-24 18:00:00,1221.43,1222.01,1220.56,1221.99,0
2016-03-24 19:00:00,1221.89,1221.99,1220.15,1221.58,0
2016-03-24 20:00:00,1221.48,1223.27,1216.74,1217.13,0
2016-03-24 21:00:00,1217.14,1217.93,1216.56,1217.25,0
2016-03-27 23:00:00,1215.61,1216.22,1213.02,1214.09,0
2016-03-28 00:00:00,1214.12,1214.71,1213.41,1213.75,0
2016-03-28 01:00:00,1213.67,1214.28,1207.64,1210.78,0
2016-03-28 02:00:00,1210.89,1212.61,1209.35,1210.18,0
2016-03-28 03:00:00,1210.15,1211.79,1209.68,1210.65,0
2016-03-28 04:00:00,1210.64,1211.73,1210.35,1211.49,0
2016-03-28 05:00:00,1211.57,1214.52,1211.49,1213.42,0
2016-03-28 06:00:00,1213.39,1215.91,1212.77,1215.51,0
2016-03-28 07:00:00,1215.53,1216.39,1213.93,1214.69,0
2016-03-28 08:00:00,1214.72,1218.77,1214.42,1216.93,0
2016-03-28 09:00:00,1216.93,1217.22,1214.33,1215.67,0
2016-03-28 10:00:00,1215.71,1217.04,1214.82,1216.53,0
2016-03-28 11:00:00,1216.53,1217.23,1215.61,1216.82,0
2016-03-28 12:00:00,1216.78,1218.24,1216.21,1217.61,0
2016-03-28 13:00:00,1217.61,1222.09,1217.61,1219.03,0
2016-03-28 14:00:00,1218.97,1223.17,1217.68,1220.11,0
2016-03-28 15:00:00,1220.15,1220.77,1217.66,1220.22,0
2016-03-28 16:00:00,1220.24,1220.97,1218.88,1219.65,0
2016-03-28 17:00:00,1219.61,1219.76,1216.42,1218.28,0
2016-03-28 18:00:00,1218.3,1220.72,1218.12,1219.78,0
2016-03-28 19:00:00,1219.75,1220.19,1218.53,1220.1,0
2016-03-28 20:00:00,1220.1,1220.43,1219.46,1220.05,0
2016-03-28 21:00:00,1220.07,1221.82,1219.56,1221.31,0
2016-03-28 23:00:00,1221.3,1221.54,1220.62,1221.23,0
2016-03-29 00:00:00,1221.3,1223.03,1221.23,1222.63,0
2016-03-29 01:00:00,1222.66,1222.83,1221.24,1221.87,0
2016-03-29 02:00:00,1221.87,1222.53,1219.41,1220.44,0
2016-03-29 03:00:00,1220.45,1220.51,1218.52,1218.64,0
2016-03-29 04:00:00,1218.66,1219.35,1217.41,1218.99,0
2016-03-29 05:00:00,1218.97,1219.28,1216.69,1218.83,0
2016-03-29 06:00:00,1218.82,1219.06,1217.27,1218.54,0
2016-03-29 07:00:00,1218.52,1219.64,1217.59,1218.7,0
2016-03-29 08:00:00,1218.71,1218.86,1215.36,1216.8,0
2016-03-29 09:00:00,1216.75,1220.17,1216.53,1218.13,0
2016-03-29 10:00:00,1218.18,1219.97,1216.15,1218.95,0
2016-03-29 11:00:00,1218.95,1219.15,1217.41,1217.75,0
2016-03-29 12:00:00,1217.76,1221.61,1216.99,1219.67,0
2016-03-29 13:00:00,1219.66,1221.02,1218.2,1220.6,0
2016-03-29 14:00:00,1220.6,1229.07,1220.21,1223.81,0
2016-03-29 15:00:00,1223.81,1228.52,1223.37,1226.31,0
2016-03-29 16:00:00,1226.31,1228.2,1225.71,1226.98,0
2016-03-29 17:00:00,1226.96,1240.08,1225.88,1235.76,0
2016-03-29 18:00:00,1235.75,1239.33,1234.3,1238.76,0
2016-03-29 19:00:00,1238.97,1243.02,1237.55,1241.12,0
2016-03-29 20:00:00,1241.12,1242.5,1238.19,1242.16,0
2016-03-29 21:00:00,1242.22,1242.71,1240.31,1242.1,0
2016-03-29 23:00:00,1240.99,1241.7,1239.44,1239.52,0
2016-03-30 00:00:00,1239.52,1240.49,1239.02,1239.12,0
2016-03-30 01:00:00,1239.09,1242.79,1239.09,1240.42,0
2016-03-30 02:00:00,1240.46,1242.65,1238.38,1238.64,0
2016-03-30 03:00:00,1238.61,1238.88,1236.5,1236.87,0
2016-03-30 04:00:00,1236.89,1237.1,1234.79,1234.97,0
2016-03-30 05:00:00,1234.92,1236.67,1234.7,1236.14,0
2016-03-30 06:00:00,1236.1,1237.7,1235.8,1237.17,0
2016-03-30 07:00:00,1237.16,1238.91,1237.12,1238.24,0
2016-03-30 08:00:00,1238.27,1244.15,1238.25,1242.76,0
2016-03-30 09:00:00,1242.72,1243.37,1238.89,1239.54,0
2016-03-30 10:00:00,1239.54,1239.89,1236.09,1237.12,0
2016-03-30 11:00:00,1237.13,1238.4,1232.6,1233.53,0
2016-03-30 12:00:00,1233.53,1236.97,1232.45,1235.71,0
2016-03-30 13:00:00,1235.7,1235.79,1230.95,1233.65,0
2016-03-30 14:00:00,1233.62,1236.1,1232.09,1234.49,0
2016-03-30 15:00:00,1234.53,1236.57,1233.21,1233.57,0
2016-03-30 16:00:00,1233.51,1233.67,1223.27,1225.92,0
2016-03-30 17:00:00,1225.95,1229.14,1225.27,1227.9,0
2016-03-30 18:00:00,1227.9,1229.1,1226.16,1226.26,0
2016-03-30 19:00:00,1226.24,1228.82,1225.96,1228.39,0
2016-03-30 20:00:00,1228.39,1228.44,1224.72,1225.47,0
2016-03-30 21:00:00,1225.56,1225.97,1223.83,1225.02,0
2016-03-30 23:00:00,1225.65,1226.77,1224.56,1225.32,0
2016-03-31 00:00:00,1225.32,1227.22,1225.26,1226.88,0
2016-03-31 01:00:00,1226.88,1228.52,1225.33,1225.57,0
2016-03-31 02:00:00,1225.59,1228.87,1223.8,1228.14,0
2016-03-31 03:00:00,1228.07,1228.91,1225.75,1226.56,0
2016-03-31 04:00:00,1226.52,1228.28,1226.08,1227.38,0
2016-03-31 05:00:00,1227.38,1230.06,1227.31,1229.35,0
2016-03-31 06:00:00,1229.5,1229.69,1226.25,1228.13,0
2016-03-31 07:00:00,1228.13,1228.47,1226.46,1227.27,0
2016-03-31 08:00:00,1227.38,1231.74,1227.38,1229.48,0
2016-03-31 09:00:00,1229.44,1234.69,1229.19,1234.69,0
2016-03-31 10:00:00,1234.67,1235.97,1233.06,1233.66,0
2016-03-31 11:00:00,1233.65,1234.65,1233.35,1233.84,0
2016-03-31 12:00:00,1233.86,1237.26,1233.86,1235.4,0
2016-03-31 13:00:00,1235.35,1240.43,1232.43,1237.14,0
2016-03-31 14:00:00,1237.15,1238.95,1233.57,1236.06,0
2016-03-31 15:00:00,1236.06,1238.73,1232.85,1234.84,0
2016-03-31 16:00:00,1234.84,1236.37,1233.55,1235.17,0
2016-03-31 17:00:00,1235.18,1235.62,1231.31,1232.38,0
2016-03-31 18:00:00,1232.38,1235.16,1231.98,1232.88,0
2016-03-31 19:00:00,1232.88,1232.88,1230.83,1232.59,0
2016-03-31 20:00:00,1232.57,1233.71,1230.74,1230.87,0
2016-03-31 21:00:00,1230.95,1232.85,1230.95,1232.73,0
2016-03-31 23:00:00,1232.21,1232.26,1231.35,1231.77,0
2016-04-01 00:00:00,1231.77,1231.97,1231.17,1231.76,0
2016-04-01 01:00:00,1231.7,1233.37,1231.36,1231.97,0
2016-04-01 02:00:00,1232.0,1234.53,1230.95,1231.56,0
2016-04-01 03:00:00,1231.58,1231.98,1229.33,1230.81,0
2016-04-01 04:00:00,1230.76,1231.11,1229.58,1229.81,0
2016-04-01 05:00:00,1229.81,1232.05,1229.58,1230.95,0
2016-04-01 06:00:00,1230.95,1232.86,1230.26,1232.53,0
2016-04-01 07:00:00,1232.53,1235.29,1231.72,1233.66,0
2016-04-01 08:00:00,1233.66,1234.64,1232.46,1233.21,0
2016-04-01 09:00:00,1233.15,1233.84,1231.51,1233.24,0
2016-04-01 10:00:00,1233.22,1234.03,1230.91,1231.24,0
2016-04-01 11:00:00,1230.97,1232.23,1230.65,1231.97,0
2016-04-01 12:00:00,1232.04,1232.18,1227.67,1229.17,0
2016-04-01 13:00:00,1229.17,1232.98,1217.09,1218.41,0
2016-04-01 14:00:00,1218.6,1220.33,1213.12,1214.8,0
2016-04-01 15:00:00,1214.72,1215.23,1209.02,1212.63,0
2016-04-01 16:00:00,1212.62,1214.55,1210.08,1214.18,0
2016-04-01 17:00:00,1214.18,1218.18,1213.11,1216.74,0
2016-04-01 18:00:00,1216.7,1223.85,1216.2,1219.93,0
2016-04-01 19:00:00,1219.94,1221.61,1219.47,1220.17,0
2016-04-01 20:00:00,1220.17,1224.01,1220.07,1223.52,0
2016-04-01 21:00:00,1223.5,1223.61,1221.56,1222.22,0
2016-04-03 23:00:00,1220.01,1220.88,1218.05,1218.72,0
2016-04-04 00:00:00,1218.72,1220.94,1218.64,1220.47,0
2016-04-04 01:00:00,1220.45,1222.32,1219.55,1222.29,0
2016-04-04 02:00:00,1222.29,1222.62,1216.25,1217.46,0
2016-04-04 03:00:00,1217.45,1220.06,1216.74,1217.23,0
2016-04-04 04:00:00,1217.23,1218.94,1216.62,1218.69,0
2016-04-04 05:00:00,1218.68,1219.06,1217.11,1217.61,0
2016-04-04 06:00:00,1217.61,1219.35,1217.32,1219.16,0
2016-04-04 07:00:00,1219.15,1219.16,1214.65,1216.29,0
2016-04-04 08:00:00,1216.34,1218.29,1216.29,1217.37,0
2016-04-04 09:00:00,1217.4,1219.16,1216.1,1216.64,0
2016-04-04 10:00:00,1216.65,1217.2,1214.91,1215.83,0
2016-04-04 11:00:00,1215.76,1217.59,1214.91,1216.91,0
2016-04-04 12:00:00,1216.91,1220.12,1216.31,1219.41,0
2016-04-04 13:00:00,1219.48,1222.64,1218.74,1222.14,0
2016-04-04 14:00:00,1222.13,1222.25,1217.3,1218.95,0
2016-04-04 15:00:00,1218.92,1220.65,1216.76,1218.27,0
2016-04-04 16:00:00,1218.28,1220.19,1217.19,1219.29,0
2016-04-04 17:00:00,1219.41,1219.47,1214.81,1217.01,0
2016-04-04 18:00:00,1217.0,1218.53,1216.31,1218.23,0
2016-04-04 19:00:00,1218.23,1218.52,1215.53,1215.96,0
2016-04-04 20:00:00,1216.07,1216.96,1214.65,1214.96,0
2016-04-04 21:00:00,1215.03,1216.15,1215.01,1215.23,0
2016-04-04 23:00:00,1215.49,1216.4,1215.1,1216.09,0
2016-04-05 00:00:00,1216.09,1217.19,1214.85,1215.26,0
2016-04-05 01:00:00,1215.26,1219.07,1214.96,1219.05,0
2016-04-05 02:00:00,1219.04,1225.74,1218.83,1225.28,0
2016-04-05 03:00:00,1225.35,1226.9,1224.17,1225.5,0
2016-04-05 04:00:00,1225.5,1225.96,1224.47,1225.16,0
2016-04-05 05:00:00,1225.18,1226.65,1223.93,1225.54,0
2016-04-05 06:00:00,1225.56,1227.13,1225.21,1226.52,0
2016-04-05 07:00:00,1226.53,1227.47,1225.19,1225.63,0
2016-04-05 08:00:00,1225.67,1229.54,1224.42,1228.89,0
2016-04-05 09:00:00,1228.89,1234.88,1228.52,1232.7,0
2016-04-05 10:00:00,1232.7,1233.37,1231.26,1231.45,0
2016-04-05 11:00:00,1231.5,1233.76,1230.6,1232.89,0
2016-04-05 12:00:00,1232.88,1233.56,1230.71,1231.66,0
2016-04-05 13:00:00,1231.67,1236.84,1230.99,1234.53,0
2016-04-05 14:00:00,1234.53,1234.65,1230.5,1232.13,0
2016-04-05 15:00:00,1232.09,1232.51,1226.74,1229.88,0
2016-04-05 16:00:00,1229.92,1231.62,1227.9,1229.86,0
2016-04-05 17:00:00,1229.82,1229.82,1227.19,1228.35,0
2016-04-05 18:00:00,1228.37,1230.71,1225.61,1229.75,0
2016-04-05 19:00:00,1229.69,1230.25,1227.06,1228.54,0
2016-04-05 20:00:00,1228.56,1231.96,1227.42,1230.44,0
2016-04-05 21:00:00,1230.43,1231.21,1229.48,1231.21,0
2016-04-05 23:00:00,1231.58,1231.81,1229.14,1229.59,0
2016-04-06 00:00:00,1229.59,1230.91,1229.3,1230.91,0
2016-04-06 01:00:00,1230.89,1232.22,1228.63,1231.27,0
2016-04-06 02:00:00,1231.37,1231.37,1228.97,1229.37,0
2016-04-06 03:00:00,1229.36,1230.24,1228.17,1230.13,0
2016-04-06 04:00:00,1230.15,1230.35,1228.95,1229.24,0
2016-04-06 05:00:00,1229.26,1231.9,1229.03,1229.45,0
2016-04-06 06:00:00,1229.4,1229.83,1228.22,1228.85,0
2016-04-06 07:00:00,1228.82,1228.88,1226.24,1227.44,0
2016-04-06 08:00:00,1227.44,1227.96,1224.74,1226.53,0
2016-04-06 09:00:00,1226.51,1226.98,1224.41,1226.73,0
2016-04-06 10:00:00,1226.73,1226.98,1225.03,1225.03,0
2016-04-06 11:00:00,1224.99,1225.57,1224.11,1225.09,0
2016-04-06 12:00:00,1225.09,1225.55,1219.4,1219.8,0
2016-04-06 13:00:00,1219.98,1221.26,1217.06,1218.99,0
2016-04-06 14:00:00,1218.94,1223.89,1218.59,1221.61,0
2016-04-06 15:00:00,1221.69,1223.63,1220.18,1221.94,0
2016-04-06 16:00:00,1221.94,1228.1,1221.4,1226.84,0
2016-04-06 17:00:00,1226.8,1227.23,1221.82,1222.17,0
2016-04-06 18:00:00,1222.16,1223.66,1221.89,1222.04,0
2016-04-06 19:00:00,1222.09,1225.89,1216.18,1222.82,0
2016-04-06 20:00:00,1222.97,1223.83,1220.6,1223.43,0
2016-04-06 21:00:00,1223.33,1223.92,1221.95,1222.04,0
2016-04-06 23:00:00,1222.95,1223.82,1222.67,1223.12,0
2016-04-07 00:00:00,1223.12,1225.47,1223.06,1225.21,0
2016-04-07 01:00:00,1225.23,1226.59,1223.62,1224.5,0
2016-04-07 02:00:00,1224.49,1226.22,1224.0,1225.71,0
2016-04-07 03:00:00,1225.71,1226.44,1225.23,1225.43,0
2016-04-07 04:00:00,1225.36,1227.63,1225.15,1225.77,0
2016-04-07 05:00:00,1225.77,1230.09,1225.46,1229.64,0
2016-04-07 06:00:00,1229.74,1231.69,1228.42,1228.51,0
2016-04-07 07:00:00,1228.49,1230.67,1227.02,1228.73,0
2016-04-07 08:00:00,1228.74,1229.97,1225.78,1229.36,0
2016-04-07 09:00:00,1229.35,1236.03,1227.36,1235.71,0
2016-04-07 10:00:00,1235.7,1239.75,1234.22,1236.78,0
2016-04-07 11:00:00,1236.83,1237.51,1234.69,1237.25,0
2016-04-07 12:00:00,1237.22,1239.47,1235.43,1236.08,0
2016-04-07 13:00:00,1236.12,1240.18,1234.42,1239.4,0
2016-04-07 14:00:00,1239.39,1243.3,1236.46,1241.57,0
2016-04-07 15:00:00,1241.57,1242.47,1237.67,1239.16,0
2016-04-07 16:00:00,1239.06,1241.0,1237.82,1237.88,0
2016-04-07 17:00:00,1237.91,1239.23,1235.81,1236.91,0
2016-04-07 18:00:00,1236.91,1238.13,1234.9,1237.65,0
2016-04-07 19:00:00,1237.65,1240.85,1236.62,1240.24,0
2016-04-07 20:00:00,1240.24,1241.26,1238.35,1240.72,0
2016-04-07 21:00:00,1240.75,1241.2,1240.12,1240.28,0
2016-04-07 23:00:00,1239.72,1240.68,1238.83,1240.32,0
2016-04-08 00:00:00,1240.38,1240.38,1238.57,1238.71,0
2016-04-08 01:00:00,1238.71,1239.18,1236.75,1237.68,0
2016-04-08 02:00:00,1237.68,1238.54,1235.95,1235.97,0
2016-04-08 03:00:00,1236.02,1237.74,1235.87,1236.83,0
2016-04-08 04:00:00,1236.78,1238.31,1236.52,1237.78,0
2016-04-08 05:00:00,1237.77,1237.77,1235.86,1235.88,0
2016-04-08 06:00:00,1235.89,1236.45,1234.96,1236.2,0
2016-04-08 07:00:00,1236.23,1237.18,1234.48,1235.48,0
2016-04-08 08:00:00,1235.49,1235.49,1231.54,1234.84,0
2016-04-08 09:00:00,1234.92,1237.93,1233.04,1234.74,0
2016-04-08 10:00:00,1234.74,1238.37,1233.02,1233.3,0
2016-04-08 11:00:00,1233.2,1236.48,1229.62,1234.97,0
2016-04-08 12:00:00,1234.93,1236.59,1232.82,1234.52,0
2016-04-08 13:00:00,1234.49,1236.38,1232.12,1233.7,0
2016-04-08 14:00:00,1233.74,1239.29,1232.81,1237.74,0
2016-04-08 15:00:00,1237.7,1239.99,1236.63,1238.16,0
2016-04-08 16:00:00,1238.06,1241.85,1237.87,1239.79,0
2016-04-08 17:00:00,1239.79,1242.15,1239.55,1240.82,0
2016-04-08 18:00:00,1240.82,1242.81,1240.35,1241.09,0
2016-04-08 19:00:00,1241.09,1241.71,1239.43,1240.16,0
2016-04-08 20:00:00,1240.22,1242.68,1239.45,1239.5,0
2016-04-08 21:00:00,1239.45,1240.72,1239.45,1239.62,0
2016-04-10 23:00:00,1240.08,1248.09,1239.85,1245.04,0
2016-04-11 00:00:00,1245.04,1246.12,1244.06,1244.7,0
2016-04-11 01:00:00,1244.72,1246.32,1244.05,1245.51,0
2016-04-11 02:00:00,1245.54,1251.04,1244.37,1249.93,0
2016-04-11 03:00:00,1250.03,1252.11,1249.83,1250.86,0
2016-04-11 04:00:00,1250.82,1251.18,1249.39,1250.05,0
2016-04-11 05:00:00,1250.09,1252.57,1249.08,1251.19,0
2016-04-11 06:00:00,1251.19,1251.98,1248.14,1249.21,0
2016-04-11 07:00:00,1249.2,1250.23,1247.79,1249.83,0
2016-04-11 08:00:00,1249.8,1254.31,1248.62,1249.42,0
2016-04-11 09:00:00,1249.37,1251.27,1246.27,1247.58,0
2016-04-11 10:00:00,1247.59,1249.29,1246.72,1248.8,0
2016-04-11 11:00:00,1248.77,1250.39,1248.2,1249.81,0
2016-04-11 12:00:00,1249.83,1251.13,1246.37,1247.21,0
2016-04-11 13:00:00,1247.36,1253.12,1247.33,1251.13,0
2016-04-11 14:00:00,1251.21,1255.94,1249.21,1255.3,0
2016-04-11 15:00:00,1255.29,1258.31,1253.97,1257.91,0
2016-04-11 16:00:00,1257.92,1258.76,1256.37,1257.04,0
2016-04-11 17:00:00,1257.04,1258.38,1256.65,1257.85,0
2016-04-11 18:00:00,1257.85,1258.4,1255.5,1255.65,0
2016-04-11 19:00:00,1255.68,1256.95,1255.22,1256.72,0
2016-04-11 20:00:00,1256.7,1257.35,1254.1,1256.04,0
2016-04-11 21:00:00,1256.03,1257.87,1255.91,1257.32,0
2016-04-11 23:00:00,1258.07,1259.34,1256.18,1258.31,0
2016-04-12 00:00:00,1258.27,1260.02,1257.2,1257.27,0
2016-04-12 01:00:00,1257.26,1258.11,1254.81,1255.96,0
2016-04-12 02:00:00,1255.96,1256.66,1253.26,1254.26,0
2016-04-12 03:00:00,1254.2,1255.49,1253.69,1254.42,0
2016-04-12 04:00:00,1254.43,1255.2,1253.39,1254.59,0
2016-04-12 05:00:00,1254.58,1254.89,1253.54,1253.78,0
2016-04-12 06:00:00,1253.79,1254.65,1253.12,1254.12,0
2016-04-12 07:00:00,1254.12,1257.6,1254.01,1257.24,0
2016-04-12 08:00:00,1257.24,1259.42,1256.4,1258.49,0
2016-04-12 09:00:00,1258.54,1262.72,1258.42,1260.66,0
2016-04-12 10:00:00,1260.75,1261.09,1258.09,1258.19,0
2016-04-12 11:00:00,1258.48,1258.98,1255.88,1256.48,0
2016-04-12 12:00:00,1256.48,1261.46,1256.08,1261.05,0
2016-04-12 13:00:00,1261.04,1262.31,1257.77,1259.54,0
2016-04-12 14:00:00,1259.52,1260.76,1253.53,1253.75,0
2016-04-12 15:00:00,1253.75,1255.9,1251.2,1254.39,0
2016-04-12 16:00:00,1254.46,1258.32,1252.94,1256.88,0
2016-04-12 17:00:00,1256.92,1256.97,1253.59,1254.96,0
2016-04-12 18:00:00,1254.94,1259.31,1254.75,1258.54,0
2016-04-12 19:00:00,1258.5,1259.0,1255.19,1257.09,0
2016-04-12 20:00:00,1257.13,1258.01,1256.02,1256.31,0
2016-04-12 21:00:00,1256.31,1256.73,1254.67,1255.41,0
2016-04-12 23:00:00,1255.65,1256.42,1255.28,1256.03,0
2016-04-13 00:00:00,1256.03,1256.03,1254.18,1254.18,0
2016-04-13 01:00:00,1254.19,1256.72,1254.18,1255.24,0
2016-04-13 02:00:00,1255.28,1256.5,1253.09,1253.7,0
2016-04-13 03:00:00,1253.71,1254.26,1251.89,1252.21,0
2016-04-13 04:00:00,1252.29,1253.47,1251.94,1252.99,0
2016-04-13 05:00:00,1252.97,1252.97,1251.62,1252.03,0
2016-04-13 06:00:00,1252.01,1252.02,1247.87,1248.58,0
2016-04-13 07:00:00,1248.59,1251.4,1247.01,1248.29,0
2016-04-13 08:00:00,1248.32,1250.78,1247.49,1249.39,0
2016-04-13 09:00:00,1249.38,1250.38,1244.67,1245.3,0
2016-04-13 10:00:00,1245.25,1246.24,1244.24,1245.1,0
2016-04-13 11:00:00,1245.12,1245.31,1239.81,1241.17,0
2016-04-13 12:00:00,1241.17,1243.13,1240.15,1241.98,0
2016-04-13 13:00:00,1241.98,1248.33,1241.42,1246.37,0
2016-04-13 14:00:00,1246.36,1250.5,1242.94,1245.29,0
2016-04-13 15:00:00,1245.39,1249.38,1245.08,1247.89,0
2016-04-13 16:00:00,1247.95,1249.08,1243.06,1245.17,0
2016-04-13 17:00:00,1245.26,1246.69,1244.44,1246.23,0
2016-04-13 18:00:00,1246.23,1247.47,1245.07,1246.75,0
2016-04-13 19:00:00,1246.82,1247.16,1243.88,1243.88,0
2016-04-13 20:00:00,1243.88,1244.33,1240.94,1243.05,0
2016-04-13 21:00:00,1243.05,1243.39,1242.17,1242.57,0
2016-04-13 23:00:00,1242.12,1242.84,1240.38,1241.56,0
2016-04-14 00:00:00,1241.56,1242.26,1240.56,1241.04,0
2016-04-14 01:00:00,1241.02,1241.55,1229.39,1234.49,0
2016-04-14 02:00:00,1234.49,1236.25,1229.19,1232.84,0
2016-04-14 03:00:00,1232.83,1233.56,1231.86,1232.73,0
2016-04-14 04:00:00,1232.71,1233.53,1231.93,1232.82,0
2016-04-14 05:00:00,1232.81,1233.45,1232.34,1233.13,0
2016-04-14 06:00:00,1233.12,1235.15,1232.88,1234.55,0
2016-04-14 07:00:00,1234.55,1235.44,1231.83,1235.19,0
2016-04-14 08:00:00,1235.2,1241.0,1232.76,1239.3,0
2016-04-14 09:00:00,1239.4,1244.13,1238.88,1241.03,0
2016-04-14 10:00:00,1241.03,1243.54,1238.65,1239.97,0
2016-04-14 11:00:00,1239.96,1240.98,1238.93,1239.24,0
2016-04-14 12:00:00,1239.17,1240.65,1238.86,1240.11,0
2016-04-14 13:00:00,1240.16,1240.32,1232.92,1234.33,0
2016-04-14 14:00:00,1234.37,1237.03,1230.67,1234.29,0
2016-04-14 15:00:00,1234.33,1234.69,1230.22,1231.56,0
2016-04-14 16:00:00,1231.61,1232.25,1225.64,1225.96,0
2016-04-14 17:00:00,1225.95,1226.81,1224.34,1225.11,0
2016-04-14 18:00:00,1225.13,1227.02,1224.53,1225.59,0
2016-04-14 19:00:00,1225.61,1228.39,1224.52,1225.92,0
2016-04-14 20:00:00,1225.9,1226.81,1223.87,1225.28,0
2016-04-14 21:00:00,1225.33,1227.43,1224.96,1227.23,0
2016-04-14 23:00:00,1227.32,1228.84,1226.5,1228.01,0
2016-04-15 00:00:00,1228.03,1229.7,1227.82,1229.39,0
2016-04-15 01:00:00,1229.35,1229.65,1225.35,1225.99,0
2016-04-15 02:00:00,1225.99,1227.65,1225.3,1226.26,0
2016-04-15 03:00:00,1226.28,1229.31,1226.26,1228.64,0
2016-04-15 04:00:00,1228.64,1230.51,1228.33,1229.41,0
2016-04-15 05:00:00,1229.42,1229.53,1227.97,1228.6,0
2016-04-15 06:00:00,1228.58,1231.65,1228.48,1231.29,0
2016-04-15 07:00:00,1231.19,1231.98,1229.66,1230.09,0
2016-04-15 08:00:00,1230.09,1231.29,1228.36,1230.01,0
2016-04-15 09:00:00,1230.05,1230.99,1229.01,1230.3,0
2016-04-15 10:00:00,1230.3,1230.5,1227.99,1228.69,0
2016-04-15 11:00:00,1228.7,1230.79,1228.51,1230.55,0
2016-04-15 12:00:00,1230.55,1231.77,1229.9,1230.07,0
2016-04-15 13:00:00,1230.07,1231.7,1228.57,1230.7,0
2016-04-15 14:00:00,1230.7,1232.75,1226.33,1227.21,0
2016-04-15 15:00:00,1227.31,1230.84,1227.26,1229.52,0
2016-04-15 16:00:00,1229.56,1234.62,1228.77,1233.22,0
2016-04-15 17:00:00,1233.2,1235.94,1232.8,1233.83,0
2016-04-15 18:00:00,1233.86,1235.21,1232.04,1233.22,0
2016-04-15 19:00:00,1233.23,1233.32,1231.8,1232.27,0
2016-04-15 20:00:00,1232.24,1234.83,1232.24,1233.95,0
2016-04-15 21:00:00,1234.05,1234.45,1233.53,1233.54,0
2016-04-17 23:00:00,1234.67,1239.43,1234.45,1238.19,0
2016-04-18 00:00:00,1238.09,1238.09,1235.18,1237.02,0
2016-04-18 01:00:00,1237.08,1239.53,1236.12,1236.42,0
2016-04-18 02:00:00,1236.41,1237.12,1233.3,1234.86,0
2016-04-18 03:00:00,1234.86,1236.1,1234.18,1234.36,0
2016-04-18 04:00:00,1234.36,1235.08,1233.94,1234.52,0
2016-04-18 05:00:00,1234.52,1235.55,1233.98,1235.16,0
2016-04-18 06:00:00,1235.3,1236.69,1235.16,1235.83,0
2016-04-18 07:00:00,1235.83,1237.22,1229.92,1231.24,0
2016-04-18 08:00:00,1231.24,1237.69,1231.0,1234.97,0
2016-04-18 09:00:00,1234.9,1235.88,1233.4,1235.21,0
2016-04-18 10:00:00,1235.21,1238.73,1234.89,1238.68,0
2016-04-18 11:00:00,1238.78,1240.03,1236.77,1237.55,0
2016-04-18 12:00:00,1237.6,1238.28,1237.11,1237.71,0
2016-04-18 13:00:00,1237.76,1241.25,1237.38,1239.53,0
2016-04-18 14:00:00,1239.64,1241.66,1233.86,1233.89,0
2016-04-18 15:00:00,1233.89,1235.81,1232.45,1235.45,0
2016-04-18 16:00:00,1235.47,1236.2,1233.59,1233.75,0
2016-04-18 17:00:00,1233.85,1234.23,1231.0,1232.16,0
2016-04-18 18:00:00,1232.18,1235.14,1232.06,1233.95,0
2016-04-18 19:00:00,1233.9,1234.49,1232.33,1233.49,0
2016-04-18 20:00:00,1233.47,1234.04,1231.17,1231.84,0
2016-04-18 21:00:00,1231.83,1233.01,1231.78,1232.38,0
2016-04-18 23:00:00,1232.23,1232.34,1230.78,1231.64,0
2016-04-19 00:00:00,1231.68,1231.95,1227.83,1229.38,0
2016-04-19 01:00:00,1229.38,1230.16,1227.68,1229.61,0
2016-04-19 02:00:00,1229.59,1231.16,1229.15,1230.74,0
2016-04-19 03:00:00,1230.66,1231.57,1230.34,1231.28,0
2016-04-19 04:00:00,1231.21,1235.38,1227.93,1233.48,0
2016-04-19 05:00:00,1233.53,1234.98,1231.92,1233.36,0
2016-04-19 06:00:00,1233.33,1233.89,1231.97,1233.27,0
2016-04-19 07:00:00,1233.27,1246.09,1233.04,1244.25,0
2016-04-19 08:00:00,1244.23,1246.3,1241.46,1241.88,0
2016-04-19 09:00:00,1241.98,1243.28,1241.58,1241.95,0
2016-04-19 10:00:00,1241.99,1243.43,1241.44,1243.13,0
2016-04-19 11:00:00,1243.17,1243.5,1241.05,1242.49,0
2016-04-19 12:00:00,1242.47,1244.16,1241.8,1243.36,0
2016-04-19 13:00:00,1243.36,1251.57,1243.26,1249.97,0
2016-04-19 14:00:00,1249.97,1255.67,1249.06,1254.92,0
2016-04-19 15:00:00,1254.83,1256.66,1251.63,1253.79,0
2016-04-19 16:00:00,1253.8,1255.44,1253.25,1254.82,0
2016-04-19 17:00:00,1254.83,1255.03,1252.45,1253.38,0
2016-04-19 18:00:00,1253.4,1254.1,1251.11,1251.85,0
2016-04-19 19:00:00,1251.86,1253.33,1249.21,1252.04,0
2016-04-19 20:00:00,1252.0,1252.12,1250.42,1251.12,0
2016-04-19 21:00:00,1251.03,1251.1,1249.49,1250.17,0
2016-04-19 23:00:00,1249.61,1251.11,1249.26,1250.13,0
2016-04-20 00:00:00,1250.16,1250.78,1249.39,1249.66,0
2016-04-20 01:00:00,1249.75,1251.8,1249.75,1250.56,0
2016-04-20 02:00:00,1250.57,1257.98,1250.39,1254.54,0
2016-04-20 03:00:00,1254.56,1254.74,1253.12,1254.4,0
2016-04-20 04:00:00,1254.41,1255.05,1252.09,1252.17,0
2016-04-20 05:00:00,1252.15,1254.78,1248.97,1250.67,0
2016-04-20 06:00:00,1250.66,1251.2,1245.88,1246.85,0
2016-04-20 07:00:00,1246.89,1249.57,1246.17,1248.53,0
2016-04-20 08:00:00,1248.55,1249.34,1246.93,1247.59,0
2016-04-20 09:00:00,1247.51,1248.45,1245.54,1248.24,0
2016-04-20 10:00:00,1248.25,1250.01,1247.76,1249.41,0
2016-04-20 11:00:00,1249.37,1250.0,1247.22,1247.7,0
2016-04-20 12:00:00,1247.68,1249.62,1247.06,1248.27,0
2016-04-20 13:00:00,1248.29,1252.25,1247.23,1250.73,0
2016-04-20 14:00:00,1250.82,1254.71,1249.78,1253.8,0
2016-04-20 15:00:00,1253.99,1254.2,1250.18,1253.99,0
2016-04-20 16:00:00,1253.98,1256.3,1252.46,1252.94,0
2016-04-20 17:00:00,1252.93,1254.92,1251.83,1252.65,0
2016-04-20 18:00:00,1252.62,1253.89,1251.1,1252.44,0
2016-04-20 19:00:00,1252.44,1253.44,1249.71,1250.78,0
2016-04-20 20:00:00,1250.76,1250.88,1242.44,1244.94,0
2016-04-20 21:00:00,1244.98,1245.39,1243.25,1244.1,0
2016-04-20 23:00:00,1242.93,1245.15,1242.71,1244.34,0
2016-04-21 00:00:00,1244.32,1245.68,1243.85,1245.32,0
2016-04-21 01:00:00,1245.32,1246.09,1243.42,1244.94,0
2016-04-21 02:00:00,1244.94,1248.27,1244.83,1246.3,0
2016-04-21 03:00:00,1246.4,1251.28,1246.36,1250.13,0
2016-04-21 04:00:00,1250.19,1250.54,1248.07,1248.31,0
2016-04-21 05:00:00,1248.4,1248.62,1246.96,1247.53,0
2016-04-21 06:00:00,1247.53,1254.81,1247.13,1253.3,0
2016-04-21 07:00:00,1253.26,1259.94,1252.5,1258.24,0
2016-04-21 08:00:00,1258.4,1260.19,1255.69,1256.48,0
2016-04-21 09:00:00,1256.51,1259.48,1255.68,1258.02,0
2016-04-21 10:00:00,1258.02,1261.46,1257.39,1259.48,0
2016-04-21 11:00:00,1259.53,1260.63,1258.26,1259.11,0
2016-04-21 12:00:00,1259.09,1260.04,1257.72,1259.63,0
2016-04-21 13:00:00,1259.62,1270.17,1259.5,1268.88,0
2016-04-21 14:00:00,1268.98,1270.29,1247.7,1249.16,0
2016-04-21 15:00:00,1249.21,1254.34,1246.72,1250.63,0
2016-04-21 16:00:00,1250.64,1252.62,1248.81,1251.73,0
2016-04-21 17:00:00,1251.76,1252.05,1249.3,1251.07,0
2016-04-21 18:00:00,1251.1,1251.24,1247.39,1248.22,0
2016-04-21 19:00:00,1248.23,1249.56,1246.59,1249.04,0
2016-04-21 20:00:00,1249.03,1250.86,1247.39,1249.75,0
2016-04-21 21:00:00,1249.78,1250.22,1248.11,1248.11,0
2016-04-21 23:00:00,1247.83,1250.15,1246.83,1249.7,0
2016-04-22 00:00:00,1249.69,1250.03,1248.5,1249.15,0
2016-04-22 01:00:00,1249.13,1249.63,1244.93,1246.7,0
2016-04-22 02:00:00,1246.71,1252.58,1243.79,1250.27,0
2016-04-22 03:00:00,1250.28,1250.82,1248.52,1249.5,0
2016-04-22 04:00:00,1249.51,1250.07,1248.64,1249.76,0
2016-04-22 05:00:00,1249.73,1249.9,1246.55,1247.39,0
2016-04-22 06:00:00,1247.4,1248.89,1246.47,1246.74,0
2016-04-22 07:00:00,1246.76,1248.2,1244.56,1245.52,0
2016-04-22 08:00:00,1245.54,1249.13,1244.14,1248.68,0
2016-04-22 09:00:00,1248.67,1250.75,1245.55,1245.75,0
2016-04-22 10:00:00,1245.75,1247.8,1244.81,1247.15,0
2016-04-22 11:00:00,1247.17,1248.22,1245.63,1246.22,0
2016-04-22 12:00:00,1246.19,1248.25,1245.36,1245.57,0
2016-04-22 13:00:00,1245.43,1247.94,1242.02,1246.45,0
2016-04-22 14:00:00,1246.45,1246.82,1240.24,1243.93,0
2016-04-22 15:00:00,1243.91,1245.36,1241.51,1242.51,0
2016-04-22 16:00:00,1242.56,1243.88,1235.79,1237.69,0
2016-04-22 17:00:00,1237.74,1237.74,1228.01,1229.9,0
2016-04-22 18:00:00,1229.95,1231.44,1227.44,1228.85,0
2016-04-22 19:00:00,1228.85,1231.65,1228.66,1231.61,0
2016-04-22 20:00:00,1231.62,1234.39,1231.55,1233.52,0
2016-04-22 21:00:00,1233.53,1233.94,1231.8,1232.09,0
2016-04-24 23:00:00,1233.11,1233.11,1230.98,1231.37,0
2016-04-25 00:00:00,1231.34,1232.9,1230.84,1232.67,0
2016-04-25 01:00:00,1232.58,1232.75,1230.5,1231.3,0
2016-04-25 02:00:00,1231.39,1234.43,1230.04,1232.84,0
2016-04-25 03:00:00,1232.88,1234.51,1232.73,1233.56,0
2016-04-25 04:00:00,1233.56,1234.12,1232.83,1233.83,0
2016-04-25 05:00:00,1233.84,1234.09,1233.28,1233.8,0
2016-04-25 06:00:00,1233.81,1237.52,1232.6,1234.82,0
2016-04-25 07:00:00,1234.82,1235.83,1233.75,1234.02,0
2016-04-25 08:00:00,1234.03,1235.53,1232.96,1234.11,0
2016-04-25 09:00:00,1234.15,1236.08,1233.25,1233.63,0
2016-04-25 10:00:00,1233.65,1233.71,1230.72,1231.95,0
2016-04-25 11:00:00,1231.93,1233.32,1231.84,1232.94,0
2016-04-25 12:00:00,1232.89,1234.23,1232.86,1233.41,0
2016-04-25 13:00:00,1233.51,1237.04,1231.87,1234.99,0
2016-04-25 14:00:00,1234.98,1239.13,1234.3,1238.52,0
2016-04-25 15:00:00,1238.52,1242.27,1238.38,1240.18,0
2016-04-25 16:00:00,1240.18,1241.16,1239.39,1240.07,0
2016-04-25 17:00:00,1240.08,1241.02,1239.22,1239.58,0
2016-04-25 18:00:00,1239.56,1240.86,1237.82,1238.64,0
2016-04-25 19:00:00,1238.64,1238.94,1236.92,1236.98,0
2016-04-25 20:00:00,1236.88,1238.68,1236.35,1237.38,0
2016-04-25 21:00:00,1237.41,1238.06,1236.66,1237.51,0
2016-04-25 23:00:00,1237.86,1238.27,1236.73,1237.51,0
2016-04-26 00:00:00,1237.41,1238.84,1237.27,1238.04,0
2016-04-26 01:00:00,1238.04,1239.5,1236.16,1238.63,0
2016-04-26 02:00:00,1238.67,1240.96,1237.97,1239.35,0
2016-04-26 03:00:00,1239.29,1240.05,1238.51,1238.89,0
2016-04-26 04:00:00,1238.99,1239.99,1235.25,1235.94,0
2016-04-26 05:00:00,1235.92,1236.55,1235.04,1236.46,0
2016-04-26 06:00:00,1236.46,1237.9,1235.83,1237.25,0
2016-04-26 07:00:00,1237.24,1237.24,1232.68,1232.79,0
2016-04-26 08:00:00,1232.81,1235.78,1232.42,1235.41,0
2016-04-26 09:00:00,1235.48,1235.48,1233.66,1234.62,0
2016-04-26 10:00:00,1234.61,1235.52,1233.99,1234.61,0
2016-04-26 11:00:00,1234.58,1235.13,1232.1,1232.66,0
2016-04-26 12:00:00,1232.54,1234.13,1231.39,1231.98,0
2016-04-26 13:00:00,1231.98,1235.76,1231.47,1233.88,0
2016-04-26 14:00:00,1233.88,1244.89,1233.58,1241.52,0
2016-04-26 15:00:00,1241.53,1244.06,1239.44,1241.69,0
2016-04-26 16:00:00,1241.79,1243.9,1240.64,1242.22,0
2016-04-26 17:00:00,1242.22,1242.55,1240.34,1240.66,0
2016-04-26 18:00:00,1240.66,1242.81,1240.05,1241.79,0
2016-04-26 19:00:00,1241.81,1242.89,1241.43,1242.16,0
2016-04-26 20:00:00,1242.15,1242.89,1241.73,1242.39,0
2016-04-26 21:00:00,1242.39,1244.19,1242.08,1243.14,0
2016-04-26 23:00:00,1243.66,1244.25,1242.46,1242.65,0
2016-04-27 00:00:00,1242.7,1243.3,1242.36,1242.73,0
2016-04-27 01:00:00,1242.79,1246.2,1242.53,1245.21,0
2016-04-27 02:00:00,1245.25,1246.74,1244.04,1244.29,0
2016-04-27 03:00:00,1244.32,1245.33,1243.9,1244.3,0
2016-04-27 04:00:00,1244.3,1244.79,1243.25,1243.88,0
2016-04-27 05:00:00,1243.88,1244.01,1242.81,1243.92,0
2016-04-27 06:00:00,1243.9,1244.79,1243.1,1244.15,0
2016-04-27 07:00:00,1244.13,1247.63,1243.47,1247.52,0
2016-04-27 08:00:00,1247.54,1247.76,1245.44,1246.17,0
2016-04-27 09:00:00,1246.17,1247.21,1245.81,1246.71,0
2016-04-27 10:00:00,1246.71,1246.76,1244.42,1245.96,0
2016-04-27 11:00:00,1245.91,1246.31,1244.71,1244.78,0
2016-04-27 12:00:00,1244.78,1246.81,1244.63,1246.4,0
2016-04-27 13:00:00,1246.36,1251.03,1245.32,1250.53,0
2016-04-27 14:00:00,1250.53,1250.93,1243.45,1247.25,0
2016-04-27 15:00:00,1247.3,1249.98,1244.53,1244.62,0
2016-04-27 16:00:00,1244.71,1250.19,1244.57,1249.48,0
2016-04-27 17:00:00,1249.53,1250.3,1248.68,1249.04,0
2016-04-27 18:00:00,1249.03,1250.24,1247.83,1249.13,0
2016-04-27 19:00:00,1249.23,1252.73,1239.32,1247.01,0
2016-04-27 20:00:00,1246.99,1246.99,1242.06,1245.29,0
2016-04-27 21:00:00,1245.28,1246.37,1245.18,1245.59,0
2016-04-27 23:00:00,1245.47,1245.99,1244.64,1245.1,0
2016-04-28 00:00:00,1245.1,1245.79,1244.98,1245.59,0
2016-04-28 01:00:00,1245.63,1246.09,1243.94,1244.14,0
2016-04-28 02:00:00,1244.14,1244.3,1240.98,1241.85,0
2016-04-28 03:00:00,1241.8,1242.41,1237.71,1238.78,0
2016-04-28 04:00:00,1238.78,1250.19,1238.68,1247.13,0
2016-04-28 05:00:00,1247.15,1250.04,1246.6,1249.98,0
2016-04-28 06:00:00,1249.93,1255.16,1248.47,1253.31,0
2016-04-28 07:00:00,1253.31,1256.42,1252.66,1254.57,0
2016-04-28 08:00:00,1254.61,1256.92,1253.96,1255.56,0
2016-04-28 09:00:00,1255.5,1259.02,1254.66,1258.36,0
2016-04-28 10:00:00,1258.4,1258.73,1255.92,1257.82,0
2016-04-28 11:00:00,1257.84,1258.03,1255.89,1256.31,0
2016-04-28 12:00:00,1256.33,1256.42,1253.93,1254.87,0
2016-04-28 13:00:00,1254.89,1259.92,1253.56,1257.02,0
2016-04-28 14:00:00,1257.02,1258.4,1253.09,1256.08,0
2016-04-28 15:00:00,1256.07,1257.77,1255.47,1256.23,0
2016-04-28 16:00:00,1256.23,1265.19,1256.03,1264.56,0
2016-04-28 17:00:00,1264.53,1266.55,1262.17,1264.11,0
2016-04-28 18:00:00,1264.11,1265.86,1263.71,1264.67,0
2016-04-28 19:00:00,1264.68,1266.84,1263.71,1264.9,0
2016-04-28 20:00:00,1264.91,1269.64,1264.69,1268.34,0
2016-04-28 21:00:00,1268.37,1268.49,1265.98,1266.19,0
2016-04-28 23:00:00,1266.28,1266.98,1265.45,1265.73,0
2016-04-29 00:00:00,1265.75,1266.47,1264.98,1265.55,0
2016-04-29 01:00:00,1265.55,1267.91,1265.01,1267.51,0
2016-04-29 02:00:00,1267.54,1276.88,1267.11,1273.96,0
2016-04-29 03:00:00,1273.96,1280.88,1273.35,1278.8,0
2016-04-29 04:00:00,1278.8,1278.82,1274.37,1274.58,0
2016-04-29 05:00:00,1274.61,1276.98,1274.11,1275.35,0
2016-04-29 06:00:00,1275.35,1277.07,1274.54,1274.82,0
2016-04-29 07:00:00,1274.86,1275.44,1271.15,1274.36,0
2016-04-29 08:00:00,1274.26,1277.66,1273.86,1277.11,0
2016-04-29 09:00:00,1277.15,1279.53,1274.79,1275.65,0
2016-04-29 10:00:00,1275.65,1276.44,1273.74,1276.04,0
2016-04-29 11:00:00,1276.04,1278.64,1275.59,1278.4,0
2016-04-29 12:00:00,1278.4,1280.56,1274.71,1277.33,0
2016-04-29 13:00:00,1277.35,1279.42,1273.8,1278.11,0
2016-04-29 14:00:00,1278.11,1286.92,1277.41,1283.18,0
2016-04-29 15:00:00,1283.23,1291.01,1283.1,1289.82,0
2016-04-29 16:00:00,1289.91,1296.75,1287.8,1291.67,0
2016-04-29 17:00:00,1291.62,1294.02,1289.47,1291.14,0
2016-04-29 18:00:00,1291.13,1291.76,1287.61,1290.59,0
2016-04-29 19:00:00,1290.58,1292.24,1289.73,1291.13,0
2016-04-29 20:00:00,1291.17,1293.96,1290.85,1293.01,0
2016-04-29 21:00:00,1292.99,1294.86,1292.17,1293.06,0
2016-05-01 23:00:00,1292.11,1294.63,1290.79,1292.22,0
2016-05-02 00:00:00,1292.17,1296.04,1291.97,1295.05,0
2016-05-02 01:00:00,1295.04,1296.01,1292.57,1294.19,0
2016-05-02 02:00:00,1294.2,1294.7,1292.25,1294.0,0
2016-05-02 03:00:00,1294.03,1295.38,1293.27,1293.35,0
2016-05-02 04:00:00,1293.38,1293.61,1291.58,1291.77,0
2016-05-02 05:00:00,1291.72,1293.29,1291.42,1292.96,0
2016-05-02 06:00:00,1293.04,1294.65,1292.23,1293.85,0
2016-05-02 07:00:00,1293.87,1294.35,1291.94,1293.34,0
2016-05-02 08:00:00,1293.34,1296.62,1291.18,1294.68,0
2016-05-02 09:00:00,1294.66,1295.67,1293.98,1294.73,0
2016-05-02 10:00:00,1294.83,1300.07,1294.72,1299.71,0
2016-05-02 11:00:00,1299.66,1302.12,1298.22,1298.53,0
2016-05-02 12:00:00,1298.53,1302.13,1297.52,1300.25,0
2016-05-02 13:00:00,1300.24,1303.77,1295.18,1296.02,0
2016-05-02 14:00:00,1296.1,1297.22,1291.11,1295.39,0
2016-05-02 15:00:00,1295.74,1296.96,1288.82,1293.64,0
2016-05-02 16:00:00,1293.59,1297.26,1293.26,1294.89,0
2016-05-02 17:00:00,1294.86,1295.64,1291.1,1293.81,0
2016-05-02 18:00:00,1293.81,1295.12,1291.27,1291.61,0
2016-05-02 19:00:00,1291.59,1291.59,1287.65,1290.7,0
2016-05-02 20:00:00,1290.68,1291.46,1289.23,1289.77,0
2016-05-02 21:00:00,1289.72,1291.61,1289.71,1291.51,0
2016-05-02 23:00:00,1291.63,1292.44,1291.17,1291.94,0
2016-05-03 00:00:00,1291.93,1291.94,1289.56,1289.81,0
2016-05-03 01:00:00,1289.81,1292.33,1289.75,1291.71,0
2016-05-03 02:00:00,1291.7,1297.05,1291.32,1295.07,0
2016-05-03 03:00:00,1295.07,1295.17,1293.9,1294.44,0
2016-05-03 04:00:00,1294.44,1294.92,1292.98,1294.49,0
2016-05-03 05:00:00,1294.51,1294.57,1292.48,1292.64,0
2016-05-03 06:00:00,1292.64,1293.78,1289.33,1289.63,0
2016-05-03 07:00:00,1289.64,1299.66,1289.41,1299.26,0
2016-05-03 08:00:00,1299.33,1301.79,1297.47,1300.89,0
2016-05-03 09:00:00,1300.86,1300.96,1296.87,1297.18,0
2016-05-03 10:00:00,1297.2,1298.17,1293.7,1294.14,0
2016-05-03 11:00:00,1294.06,1297.8,1294.03,1295.27,0
2016-05-03 12:00:00,1295.31,1296.06,1292.21,1293.49,0
2016-05-03 13:00:00,1293.56,1299.3,1293.56,1295.3,0
2016-05-03 14:00:00,1295.3,1297.22,1291.49,1292.66,0
2016-05-03 15:00:00,1292.68,1294.63,1284.04,1284.43,0
2016-05-03 16:00:00,1284.43,1288.74,1282.32,1285.65,0
2016-05-03 17:00:00,1285.64,1288.22,1285.43,1287.36,0
2016-05-03 18:00:00,1287.36,1290.94,1285.69,1286.21,0
2016-05-03 19:00:00,1286.21,1287.66,1284.89,1286.29,0
2016-05-03 20:00:00,1286.31,1287.23,1286.11,1287.07,0
2016-05-03 21:00:00,1287.11,1287.35,1286.25,1286.44,0
2016-05-03 23:00:00,1285.74,1286.21,1284.91,1285.08,0
2016-05-04 00:00:00,1285.11,1287.03,1285.03,1286.91,0
2016-05-04 01:00:00,1286.9,1286.94,1284.44,1285.79,0
2016-05-04 02:00:00,1285.73,1287.79,1280.89,1281.6,0
2016-05-04 03:00:00,1281.58,1282.15,1279.78,1280.69,0
2016-05-04 04:00:00,1280.69,1282.96,1278.9,1279.59,0
2016-05-04 05:00:00,1279.63,1281.44,1279.28,1280.88,0
2016-05-04 06:00:00,1280.88,1280.97,1278.96,1280.85,0
2016-05-04 07:00:00,1280.95,1282.68,1280.47,1280.69,0
2016-05-04 08:00:00,1280.68,1284.89,1280.02,1283.57,0
2016-05-04 09:00:00,1283.59,1283.97,1280.94,1281.9,0
2016-05-04 10:00:00,1281.86,1283.23,1276.27,1276.86,0
2016-05-04 11:00:00,1276.86,1279.7,1275.53,1277.01,0
2016-05-04 12:00:00,1276.99,1279.72,1275.58,1279.4,0
2016-05-04 13:00:00,1279.39,1289.51,1278.9,1286.17,0
2016-05-04 14:00:00,1286.17,1289.77,1284.09,1285.34,0
2016-05-04 15:00:00,1285.39,1285.39,1280.39,1283.47,0
2016-05-04 16:00:00,1283.51,1283.77,1277.22,1278.52,0
2016-05-04 17:00:00,1278.54,1280.21,1277.3,1277.43,0
2016-05-04 18:00:00,1277.43,1277.55,1271.83,1273.57,0
2016-05-04 19:00:00,1273.57,1279.28,1272.57,1279.27,0
2016-05-04 20:00:00,1279.25,1281.72,1278.7,1279.1,0
2016-05-04 21:00:00,1279.25,1280.55,1278.99,1279.3,0
2016-05-04 23:00:00,1279.52,1281.95,1279.3,1281.46,0
2016-05-05 00:00:00,1281.45,1283.27,1281.33,1282.75,0
2016-05-05 01:00:00,1282.77,1282.96,1281.03,1281.69,0
2016-05-05 02:00:00,1281.68,1281.7,1277.42,1279.67,0
2016-05-05 03:00:00,1279.68,1282.85,1279.58,1281.81,0
2016-05-05 04:00:00,1281.84,1282.41,1280.46,1281.03,0
2016-05-05 05:00:00,1281.13,1281.45,1280.5,1280.84,0
2016-05-05 06:00:00,1280.81,1283.41,1280.65,1281.63,0
2016-05-05 07:00:00,1281.64,1282.33,1278.08,1278.86,0
2016-05-05 08:00:00,1278.85,1280.3,1276.2,1276.2,0
2016-05-05 09:00:00,1276.25,1277.98,1274.47,1277.52,0
2016-05-05 10:00:00,1277.5,1277.7,1275.88,1276.57,0
2016-05-05 11:00:00,1276.62,1278.68,1275.28,1278.19,0
2016-05-05 12:00:00,1278.22,1282.21,1276.46,1281.96,0
2016-05-05 13:00:00,1282.0,1286.05,1279.97,1285.31,0
2016-05-05 14:00:00,1285.31,1286.48,1280.0,1280.66,0
2016-05-05 15:00:00,1280.67,1282.15,1274.79,1277.1,0
2016-05-05 16:00:00,1277.1,1277.56,1274.12,1275.67,0
2016-05-05 17:00:00,1275.69,1276.85,1274.39,1276.57,0
2016-05-05 18:00:00,1276.54,1276.62,1268.9,1272.02,0
2016-05-05 19:00:00,1272.03,1276.55,1271.43,1274.73,0
2016-05-05 20:00:00,1274.72,1277.77,1274.57,1277.44,0
2016-05-05 21:00:00,1277.48,1278.24,1276.51,1277.78,0
2016-05-05 23:00:00,1277.26,1277.87,1276.9,1277.2,0
2016-05-06 00:00:00,1277.22,1277.79,1275.7,1277.47,0
2016-05-06 01:00:00,1277.48,1279.06,1276.46,1278.83,0
2016-05-06 02:00:00,1278.81,1279.51,1274.48,1278.39,0
2016-05-06 03:00:00,1278.39,1280.65,1277.68,1278.94,0
2016-05-06 04:00:00,1278.96,1279.89,1277.84,1278.6,0
2016-05-06 05:00:00,1278.58,1279.3,1277.59,1278.26,0
2016-05-06 06:00:00,1278.27,1278.73,1275.64,1276.64,0
2016-05-06 07:00:00,1276.63,1279.68,1276.07,1279.67,0
2016-05-06 08:00:00,1279.57,1280.34,1278.35,1278.78,0
2016-05-06 09:00:00,1278.76,1281.96,1277.27,1281.76,0
2016-05-06 10:00:00,1281.88,1281.97,1279.26,1280.61,0
2016-05-06 11:00:00,1280.58,1281.86,1280.57,1280.97,0
2016-05-06 12:00:00,1280.93,1281.87,1279.14,1279.73,0
2016-05-06 13:00:00,1279.73,1294.49,1277.01,1292.1,0
2016-05-06 14:00:00,1292.1,1292.62,1282.86,1289.42,0
2016-05-06 15:00:00,1289.48,1293.45,1284.89,1291.38,0
2016-05-06 16:00:00,1291.38,1293.83,1289.43,1291.57,0
2016-05-06 17:00:00,1291.57,1295.61,1290.77,1294.85,0
2016-05-06 18:00:00,1294.88,1295.13,1290.24,1290.88,0
2016-05-06 19:00:00,1290.86,1290.97,1286.53,1288.78,0
2016-05-06 20:00:00,1288.78,1290.67,1287.25,1289.07,0
2016-05-06 21:00:00,1289.07,1289.14,1288.24,1288.46,0
2016-05-08 23:00:00,1285.02,1286.98,1284.17,1286.8,0
2016-05-09 00:00:00,1286.81,1287.34,1284.83,1285.68,0
2016-05-09 01:00:00,1285.7,1286.79,1283.62,1285.54,0
2016-05-09 02:00:00,1285.56,1287.59,1284.18,1286.71,0
2016-05-09 03:00:00,1286.72,1287.28,1285.66,1285.87,0
2016-05-09 04:00:00,1285.87,1286.67,1283.74,1284.11,0
2016-05-09 05:00:00,1284.1,1285.08,1283.76,1284.76,0
2016-05-09 06:00:00,1284.66,1284.89,1279.0,1280.7,0
2016-05-09 07:00:00,1280.7,1282.36,1278.77,1280.05,0
2016-05-09 08:00:00,1279.99,1280.86,1278.62,1278.88,0
2016-05-09 09:00:00,1278.93,1279.82,1277.36,1279.19,0
2016-05-09 10:00:00,1279.17,1279.29,1274.71,1277.15,0
2016-05-09 11:00:00,1277.19,1277.42,1273.7,1276.04,0
2016-05-09 12:00:00,1276.0,1276.03,1271.9,1272.8,0
2016-05-09 13:00:00,1272.77,1274.83,1271.24,1273.2,0
2016-05-09 14:00:00,1273.2,1273.52,1262.93,1264.54,0
2016-05-09 15:00:00,1264.63,1267.64,1264.21,1267.46,0
2016-05-09 16:00:00,1267.37,1267.85,1263.44,1264.51,0
2016-05-09 17:00:00,1264.54,1266.13,1262.2,1265.63,0
2016-05-09 18:00:00,1265.64,1266.76,1264.52,1264.83,0
2016-05-09 19:00:00,1264.78,1265.18,1262.99,1263.64,0
2016-05-09 20:00:00,1263.64,1264.88,1262.1,1262.69,0
2016-05-09 21:00:00,1262.7,1263.99,1261.37,1263.84,0
2016-05-09 23:00:00,1264.26,1264.9,1263.52,1264.61,0
2016-05-10 00:00:00,1264.61,1265.12,1262.43,1262.52,0
2016-05-10 01:00:00,1262.46,1262.7,1259.37,1261.01,0
2016-05-10 02:00:00,1260.96,1264.73,1260.56,1263.82,0
2016-05-10 03:00:00,1263.81,1266.36,1263.0,1266.14,0
2016-05-10 04:00:00,1266.16,1266.28,1264.21,1264.82,0
2016-05-10 05:00:00,1264.83,1265.27,1263.52,1263.96,0
2016-05-10 06:00:00,1263.9,1266.92,1263.63,1266.62,0
2016-05-10 07:00:00,1266.55,1267.15,1265.02,1266.37,0
2016-05-10 08:00:00,1266.4,1267.89,1265.95,1266.67,0
2016-05-10 09:00:00,1266.7,1266.92,1264.07,1265.67,0
2016-05-10 10:00:00,1265.68,1267.06,1264.73,1266.42,0
2016-05-10 11:00:00,1266.42,1266.63,1263.23,1264.1,0
2016-05-10 12:00:00,1264.08,1265.71,1262.68,1264.71,0
2016-05-10 13:00:00,1264.7,1266.84,1262.1,1263.55,0
2016-05-10 14:00:00,1263.55,1265.14,1261.19,1263.4,0
2016-05-10 15:00:00,1263.42,1264.1,1256.85,1260.76,0
2016-05-10 16:00:00,1260.87,1261.7,1258.4,1259.15,0
2016-05-10 17:00:00,1259.14,1261.41,1258.79,1260.3,0
2016-05-10 18:00:00,1260.32,1266.33,1260.02,1265.65,0
2016-05-10 19:00:00,1265.57,1268.65,1264.65,1267.35,0
2016-05-10 20:00:00,1267.4,1269.76,1265.65,1266.27,0
2016-05-10 21:00:00,1266.3,1266.81,1265.75,1265.98,0
2016-05-10 23:00:00,1265.63,1266.84,1265.59,1266.67,0
2016-05-11 00:00:00,1266.64,1266.87,1264.82,1264.96,0
2016-05-11 01:00:00,1264.97,1267.74,1264.91,1266.45,0
2016-05-11 02:00:00,1266.44,1270.24,1266.38,1269.91,0
2016-05-11 03:00:00,1269.93,1271.27,1269.28,1270.16,0
2016-05-11 04:00:00,1270.15,1270.74,1269.3,1270.16,0
2016-05-11 05:00:00,1270.19,1271.54,1269.59,1270.56,0
2016-05-11 06:00:00,1270.53,1273.27,1269.83,1272.66,0
2016-05-11 07:00:00,1272.67,1274.57,1272.43,1272.9,0
2016-05-11 08:00:00,1272.94,1274.09,1271.33,1271.97,0
2016-05-11 09:00:00,1271.96,1272.86,1270.52,1271.99,0
2016-05-11 10:00:00,1271.97,1272.8,1271.61,1272.48,0
2016-05-11 11:00:00,1272.46,1275.94,1272.23,1273.97,0
2016-05-11 12:00:00,1273.98,1278.55,1273.96,1277.9,0
2016-05-11 13:00:00,1277.85,1279.13,1275.77,1276.01,0
2016-05-11 14:00:00,1276.08,1278.54,1274.13,1276.61,0
2016-05-11 15:00:00,1276.67,1277.59,1273.7,1274.74,0
2016-05-11 16:00:00,1274.73,1275.71,1272.2,1274.9,0
2016-05-11 17:00:00,1274.92,1275.08,1270.3,1272.83,0
2016-05-11 18:00:00,1272.83,1276.11,1272.33,1275.36,0
2016-05-11 19:00:00,1275.36,1277.55,1275.17,1276.07,0
2016-05-11 20:00:00,1276.07,1278.07,1274.87,1277.85,0
2016-05-11 21:00:00,1277.85,1277.97,1276.86,1277.27,0
2016-05-11 23:00:00,1277.65,1278.51,1277.11,1278.32,0
2016-05-12 00:00:00,1278.33,1278.62,1277.62,1277.63,0
2016-05-12 01:00:00,1277.62,1278.63,1275.79,1278.43,0
2016-05-12 02:00:00,1278.37,1278.37,1273.75,1275.15,0
2016-05-12 03:00:00,1275.15,1275.15,1271.71,1272.59,0
2016-05-12 04:00:00,1272.56,1273.54,1271.78,1272.24,0
2016-05-12 05:00:00,1272.24,1272.98,1271.27,1271.52,0
2016-05-12 06:00:00,1271.53,1273.1,1270.63,1272.68,0
2016-05-12 07:00:00,1272.68,1272.78,1270.32,1270.59,0
2016-05-12 08:00:00,1270.59,1272.17,1270.21,1272.07,0
2016-05-12 09:00:00,1271.98,1272.89,1270.9,1270.96,0
2016-05-12 10:00:00,1270.95,1271.67,1266.47,1268.29,0
2016-05-12 11:00:00,1268.3,1268.96,1266.04,1267.13,0
2016-05-12 12:00:00,1267.12,1269.02,1266.68,1267.06,0
2016-05-12 13:00:00,1267.06,1272.51,1265.59,1271.48,0
2016-05-12 14:00:00,1271.48,1280.92,1270.98,1278.99,0
2016-05-12 15:00:00,1278.97,1279.57,1271.78,1272.99,0
2016-05-12 16:00:00,1272.99,1272.99,1266.37,1269.36,0
2016-05-12 17:00:00,1269.36,1271.69,1268.77,1271.01,0
2016-05-12 18:00:00,1271.15,1271.58,1269.51,1269.99,0
2016-05-12 19:00:00,1270.01,1272.21,1269.66,1270.54,0
2016-05-12 20:00:00,1270.52,1271.42,1267.43,1268.4,0
2016-05-12 21:00:00,1268.37,1269.45,1261.55,1263.43,0
2016-05-12 23:00:00,1263.28,1266.01,1263.08,1265.21,0
2016-05-13 00:00:00,1265.22,1266.91,1264.95,1266.9,0
2016-05-13 01:00:00,1266.89,1269.3,1265.56,1267.62,0
2016-05-13 02:00:00,1267.74,1268.69,1265.64,1266.2,0
2016-05-13 03:00:00,1266.2,1267.48,1266.17,1267.22,0
2016-05-13 04:00:00,1267.19,1269.67,1266.1,1269.16,0
2016-05-13 05:00:00,1269.16,1272.39,1268.97,1271.28,0
2016-05-13 06:00:00,1271.27,1274.99,1270.52,1274.9,0
2016-05-13 07:00:00,1274.93,1275.74,1273.26,1275.02,0
2016-05-13 08:00:00,1275.02,1275.03,1272.99,1274.26,0
2016-05-13 09:00:00,1274.25,1276.37,1273.52,1275.42,0
2016-05-13 10:00:00,1275.42,1276.19,1273.32,1273.7,0
2016-05-13 11:00:00,1273.74,1274.38,1273.23,1273.65,0
2016-05-13 12:00:00,1273.64,1276.07,1273.32,1275.53,0
2016-05-13 13:00:00,1275.51,1275.51,1263.9,1266.42,0
2016-05-13 14:00:00,1266.51,1270.68,1264.94,1267.11,0
2016-05-13 15:00:00,1266.56,1271.92,1262.97,1271.5,0
2016-05-13 16:00:00,1271.5,1272.0,1269.1,1270.44,0
2016-05-13 17:00:00,1270.44,1271.68,1269.46,1271.16,0
2016-05-13 18:00:00,1271.12,1273.97,1270.41,1273.21,0
2016-05-13 19:00:00,1273.21,1275.13,1272.97,1273.38,0
2016-05-13 20:00:00,1273.36,1273.82,1271.71,1273.81,0
2016-05-13 21:00:00,1273.78,1274.12,1272.79,1273.19,0
2016-05-15 23:00:00,1271.33,1274.43,1271.0,1272.73,0
2016-05-16 00:00:00,1272.78,1275.34,1272.46,1273.88,0
2016-05-16 01:00:00,1273.9,1275.25,1273.25,1273.69,0
2016-05-16 02:00:00,1273.67,1274.29,1272.47,1273.74,0
2016-05-16 03:00:00,1273.73,1279.49,1273.59,1276.9,0
2016-05-16 04:00:00,1277.1,1277.31,1275.75,1276.55,0
2016-05-16 05:00:00,1276.59,1277.68,1276.49,1277.68,0
2016-05-16 06:00:00,1277.75,1278.62,1276.81,1278.07,0
2016-05-16 07:00:00,1277.99,1284.02,1277.88,1281.62,0
2016-05-16 08:00:00,1281.61,1282.93,1280.49,1280.68,0
2016-05-16 09:00:00,1280.68,1283.21,1279.19,1281.64,0
2016-05-16 10:00:00,1281.64,1282.43,1281.12,1281.87,0
2016-05-16 11:00:00,1282.0,1282.93,1281.23,1282.52,0
2016-05-16 12:00:00,1282.53,1283.05,1280.98,1282.05,0
2016-05-16 13:00:00,1282.05,1288.77,1282.01,1286.67,0
2016-05-16 14:00:00,1286.67,1288.18,1285.08,1285.3,0
2016-05-16 15:00:00,1285.39,1286.86,1273.35,1274.01,0
2016-05-16 16:00:00,1274.01,1275.93,1273.91,1275.38,0
2016-05-16 17:00:00,1275.37,1276.15,1274.45,1275.55,0
2016-05-16 18:00:00,1275.56,1275.56,1270.94,1273.46,0
2016-05-16 19:00:00,1273.36,1273.55,1271.47,1272.87,0
2016-05-16 20:00:00,1272.83,1275.08,1272.8,1274.63,0
2016-05-16 21:00:00,1274.62,1274.93,1273.69,1273.78,0
2016-05-16 23:00:00,1273.65,1275.53,1273.65,1274.92,0
2016-05-17 00:00:00,1274.94,1275.54,1274.08,1275.21,0
2016-05-17 01:00:00,1275.2,1277.14,1274.39,1276.27,0
2016-05-17 02:00:00,1276.27,1279.93,1275.4,1279.42,0
2016-05-17 03:00:00,1279.42,1280.99,1278.54,1279.92,0
2016-05-17 04:00:00,1279.92,1280.28,1277.88,1278.56,0
2016-05-17 05:00:00,1278.62,1280.27,1278.56,1278.74,0
2016-05-17 06:00:00,1278.86,1279.55,1276.77,1277.12,0
2016-05-17 07:00:00,1277.09,1277.09,1274.0,1275.64,0
2016-05-17 08:00:00,1275.64,1275.64,1272.44,1273.78,0
2016-05-17 09:00:00,1273.78,1274.04,1269.16,1270.55,0
2016-05-17 10:00:00,1270.5,1272.94,1270.11,1272.8,0
2016-05-17 11:00:00,1272.79,1274.22,1270.59,1273.97,0
2016-05-17 12:00:00,1273.96,1274.06,1272.05,1273.26,0
2016-05-17 13:00:00,1273.28,1275.43,1269.24,1273.25,0
2016-05-17 14:00:00,1273.25,1277.79,1271.49,1276.96,0
2016-05-17 15:00:00,1276.97,1282.15,1276.94,1281.16,0
2016-05-17 16:00:00,1281.23,1282.27,1278.66,1279.4,0
2016-05-17 17:00:00,1279.44,1280.07,1274.75,1276.0,0
2016-05-17 18:00:00,1276.04,1277.07,1274.16,1275.6,0
2016-05-17 19:00:00,1275.61,1278.55,1274.51,1277.08,0
2016-05-17 20:00:00,1277.1,1280.01,1276.94,1279.29,0
2016-05-17 21:00:00,1279.33,1279.59,1278.49,1279.02,0
2016-05-17 23:00:00,1279.23,1281.61,1278.96,1280.57,0
2016-05-18 00:00:00,1280.53,1280.54,1279.23,1279.47,0
2016-05-18 01:00:00,1279.41,1280.03,1276.68,1279.97,0
2016-05-18 02:00:00,1279.97,1280.43,1277.25,1277.61,0
2016-05-18 03:00:00,1277.62,1278.04,1275.36,1276.06,0
2016-05-18 04:00:00,1276.03,1276.6,1274.18,1274.89,0
2016-05-18 05:00:00,1274.88,1276.06,1274.46,1275.77,0
2016-05-18 06:00:00,1275.85,1276.01,1273.06,1273.98,0
2016-05-18 07:00:00,1273.98,1275.0,1272.0,1272.64,0
2016-05-18 08:00:00,1272.61,1273.68,1270.71,1272.86,0
2016-05-18 09:00:00,1272.92,1272.92,1270.2,1271.02,0
2016-05-18 10:00:00,1271.0,1272.78,1270.33,1271.74,0
2016-05-18 11:00:00,1271.78,1273.34,1270.63,1272.17,0
2016-05-18 12:00:00,1272.19,1275.64,1272.15,1275.11,0
2016-05-18 13:00:00,1275.0,1275.2,1269.68,1271.81,0
2016-05-18 14:00:00,1271.85,1276.12,1266.53,1272.87,0
2016-05-18 15:00:00,1272.9,1273.3,1268.72,1269.85,0
2016-05-18 16:00:00,1269.87,1273.49,1269.7,1273.22,0
2016-05-18 17:00:00,1273.24,1273.48,1271.23,1272.51,0
2016-05-18 18:00:00,1272.49,1274.03,1272.15,1273.57,0
2016-05-18 19:00:00,1273.58,1273.67,1260.43,1262.88,0
2016-05-18 20:00:00,1262.89,1263.4,1255.12,1257.18,0
2016-05-18 21:00:00,1257.14,1258.7,1256.19,1258.7,0
2016-05-18 23:00:00,1257.91,1260.85,1257.75,1260.46,0
2016-05-19 00:00:00,1260.54,1261.3,1259.97,1260.52,0
2016-05-19 01:00:00,1260.52,1261.17,1257.69,1259.83,0
2016-05-19 02:00:00,1259.87,1261.32,1255.1,1257.54,0
2016-05-19 03:00:00,1257.55,1259.14,1257.46,1258.82,0
2016-05-19 04:00:00,1258.82,1258.97,1257.32,1257.6,0
2016-05-19 05:00:00,1257.6,1258.23,1256.65,1257.79,0
2016-05-19 06:00:00,1257.78,1257.79,1252.48,1253.21,0
2016-05-19 07:00:00,1253.2,1255.56,1252.37,1253.48,0
2016-05-19 08:00:00,1253.49,1256.47,1252.87,1255.26,0
2016-05-19 09:00:00,1255.27,1255.91,1253.58,1255.21,0
2016-05-19 10:00:00,1255.22,1255.45,1253.49,1254.94,0
2016-05-19 11:00:00,1254.94,1255.14,1252.86,1253.1,0
2016-05-19 12:00:00,1253.12,1254.51,1251.08,1252.82,0
2016-05-19 13:00:00,1252.82,1252.94,1244.75,1245.19,0
2016-05-19 14:00:00,1245.27,1247.94,1243.82,1246.97,0
2016-05-19 15:00:00,1246.97,1251.56,1245.83,1249.88,0
2016-05-19 16:00:00,1249.9,1253.25,1249.26,1252.99,0
2016-05-19 17:00:00,1252.99,1253.09,1250.86,1252.31,0
2016-05-19 18:00:00,1252.31,1255.19,1252.17,1254.67,0
2016-05-19 19:00:00,1254.68,1255.77,1253.37,1254.62,0
2016-05-19 20:00:00,1254.61,1255.16,1253.51,1254.49,0
2016-05-19 21:00:00,1254.53,1254.68,1253.96,1254.52,0
2016-05-19 23:00:00,1254.88,1256.79,1254.85,1256.69,0
2016-05-20 00:00:00,1256.7,1259.28,1256.39,1256.85,0
2016-05-20 01:00:00,1256.88,1257.92,1255.84,1256.64,0
2016-05-20 02:00:00,1256.64,1257.03,1254.93,1255.92,0
2016-05-20 03:00:00,1255.81,1256.74,1254.17,1254.83,0
2016-05-20 04:00:00,1254.85,1255.71,1254.0,1254.3,0
2016-05-20 05:00:00,1254.33,1254.48,1253.6,1254.28,0
2016-05-20 06:00:00,1254.28,1254.59,1252.65,1254.47,0
2016-05-20 07:00:00,1254.46,1255.29,1252.51,1254.98,0
2016-05-20 08:00:00,1254.99,1255.27,1253.46,1253.62,0
2016-05-20 09:00:00,1253.66,1257.64,1253.48,1256.67,0
2016-05-20 10:00:00,1256.68,1257.99,1255.85,1256.37,0
2016-05-20 11:00:00,1256.37,1257.39,1255.7,1256.16,0
2016-05-20 12:00:00,1256.16,1257.69,1255.06,1257.24,0
2016-05-20 13:00:00,1257.24,1258.78,1254.81,1258.0,0
2016-05-20 14:00:00,1257.99,1260.24,1253.19,1253.91,0
2016-05-20 15:00:00,1253.83,1253.87,1250.41,1252.17,0
2016-05-20 16:00:00,1252.23,1253.52,1248.86,1249.93,0
2016-05-20 17:00:00,1249.93,1251.68,1249.39,1250.89,0
2016-05-20 18:00:00,1250.87,1253.54,1250.25,1252.47,0
2016-05-20 19:00:00,1252.49,1253.47,1251.5,1251.79,0
2016-05-20 20:00:00,1251.8,1253.47,1251.62,1252.61,0
2016-05-20 21:00:00,1252.59,1253.01,1251.78,1252.08,0
2016-05-22 23:00:00,1250.98,1252.48,1248.91,1251.89,0
2016-05-23 00:00:00,1251.89,1252.54,1251.01,1252.14,0
2016-05-23 01:00:00,1252.26,1254.22,1251.21,1253.91,0
2016-05-23 02:00:00,1253.93,1256.07,1253.46,1255.26,0
2016-05-23 03:00:00,1255.36,1255.46,1253.77,1254.38,0
2016-05-23 04:00:00,1254.36,1255.5,1254.19,1254.46,0
2016-05-23 05:00:00,1254.46,1255.03,1253.8,1254.78,0
2016-05-23 06:00:00,1254.78,1254.89,1250.0,1250.12,0
2016-05-23 07:00:00,1250.14,1252.13,1249.53,1251.45,0
2016-05-23 08:00:00,1251.45,1252.96,1250.35,1251.73,0
2016-05-23 09:00:00,1251.67,1252.06,1249.94,1250.26,0
2016-05-23 10:00:00,1250.25,1251.81,1249.69,1251.16,0
2016-05-23 11:00:00,1251.17,1251.66,1247.91,1248.83,0
2016-05-23 12:00:00,1248.81,1249.99,1247.82,1249.69,0
2016-05-23 13:00:00,1249.63,1250.06,1245.89,1246.4,0
2016-05-23 14:00:00,1246.41,1246.97,1243.19,1246.07,0
2016-05-23 15:00:00,1245.99,1250.05,1244.9,1247.55,0
2016-05-23 16:00:00,1247.58,1249.01,1246.12,1246.69,0
2016-05-23 17:00:00,1246.69,1249.08,1246.5,1249.04,0
2016-05-23 18:00:00,1249.15,1251.74,1248.56,1250.23,0
2016-05-23 19:00:00,1250.18,1251.81,1250.15,1250.79,0
2016-05-23 20:00:00,1250.81,1251.75,1249.1,1249.45,0
2016-05-23 21:00:00,1249.49,1249.8,1248.7,1249.12,0
2016-05-23 23:00:00,1248.94,1250.16,1248.41,1249.82,0
2016-05-24 00:00:00,1249.76,1249.82,1248.55,1249.55,0
2016-05-24 01:00:00,1249.51,1252.24,1245.73,1248.37,0
2016-05-24 02:00:00,1248.34,1249.18,1246.73,1248.06,0
2016-05-24 03:00:00,1248.05,1248.55,1246.88,1247.58,0
2016-05-24 04:00:00,1247.55,1247.6,1244.47,1245.29,0
2016-05-24 05:00:00,1245.28,1246.1,1244.52,1245.96,0
2016-05-24 06:00:00,1245.97,1246.41,1244.04,1244.74,0
2016-05-24 07:00:00,1244.78,1246.23,1242.87,1242.88,0
2016-05-24 08:00:00,1242.96,1244.49,1242.29,1242.75,0
2016-05-24 09:00:00,1242.85,1244.03,1241.88,1243.3,0
2016-05-24 10:00:00,1243.28,1244.13,1241.83,1242.82,0
2016-05-24 11:00:00,1242.81,1243.31,1240.68,1241.55,0
2016-05-24 12:00:00,1241.54,1242.29,1240.93,1241.06,0
2016-05-24 13:00:00,1241.07,1241.79,1237.82,1238.33,0
2016-05-24 14:00:00,1238.43,1240.87,1235.47,1236.53,0
2016-05-24 15:00:00,1236.15,1237.5,1233.32,1234.46,0
2016-05-24 16:00:00,1234.42,1235.47,1230.35,1230.9,0
2016-05-24 17:00:00,1230.89,1231.57,1228.29,1228.94,0
2016-05-24 18:00:00,1228.96,1230.07,1228.71,1229.4,0
2016-05-24 19:00:00,1229.43,1229.75,1228.25,1228.35,0
2016-05-24 20:00:00,1228.39,1229.08,1227.59,1227.95,0
2016-05-24 21:00:00,1227.96,1228.21,1226.32,1227.15,0
2016-05-24 23:00:00,1226.94,1228.4,1226.94,1227.6,0
2016-05-25 00:00:00,1227.6,1227.6,1223.37,1225.4,0
2016-05-25 01:00:00,1225.48,1227.93,1225.26,1227.46,0
2016-05-25 02:00:00,1227.47,1230.21,1227.42,1229.76,0
2016-05-25 03:00:00,1229.76,1229.85,1227.38,1228.44,0
2016-05-25 04:00:00,1228.44,1228.92,1228.03,1228.6,0
2016-05-25 05:00:00,1228.62,1228.62,1226.79,1227.6,0
2016-05-25 06:00:00,1227.59,1228.06,1223.71,1225.4,0
2016-05-25 07:00:00,1225.4,1225.6,1222.85,1224.18,0
2016-05-25 08:00:00,1224.16,1225.83,1223.12,1224.11,0
2016-05-25 09:00:00,1224.12,1225.05,1222.96,1223.37,0
2016-05-25 10:00:00,1223.37,1223.51,1220.56,1221.18,0
2016-05-25 11:00:00,1221.18,1222.24,1220.67,1221.47,0
2016-05-25 12:00:00,1221.54,1223.79,1220.87,1223.79,0
2016-05-25 13:00:00,1223.75,1225.81,1221.23,1221.24,0
2016-05-25 14:00:00,1221.26,1223.1,1217.85,1219.24,0
2016-05-25 15:00:00,1219.26,1222.41,1218.06,1221.34,0
2016-05-25 16:00:00,1221.32,1223.93,1221.04,1221.92,0
2016-05-25 17:00:00,1222.01,1224.2,1221.41,1223.95,0
2016-05-25 18:00:00,1223.88,1225.05,1222.39,1224.29,0
2016-05-25 19:00:00,1224.38,1225.22,1223.56,1224.91,0
2016-05-25 20:00:00,1224.92,1225.02,1224.18,1224.32,0
2016-05-25 21:00:00,1224.33,1224.7,1224.05,1224.32,0
2016-05-25 23:00:00,1222.24,1224.32,1222.24,1223.01,0
2016-05-26 00:00:00,1222.95,1225.12,1222.18,1225.04,0
2016-05-26 01:00:00,1225.06,1227.33,1224.68,1226.76,0
2016-05-26 02:00:00,1226.76,1234.31,1226.76,1231.46,0
2016-05-26 03:00:00,1231.46,1232.7,1231.13,1232.33,0
2016-05-26 04:00:00,1232.4,1232.64,1228.75,1229.41,0
2016-05-26 05:00:00,1229.47,1230.01,1229.23,1229.3,0
2016-05-26 06:00:00,1229.3,1231.21,1229.25,1229.97,0
2016-05-26 07:00:00,1229.96,1230.0,1227.27,1228.9,0
2016-05-26 08:00:00,1228.82,1230.13,1227.39,1227.39,0
2016-05-26 09:00:00,1227.39,1228.2,1225.71,1227.28,0
2016-05-26 10:00:00,1227.27,1227.78,1226.79,1227.56,0
2016-05-26 11:00:00,1227.58,1229.3,1226.49,1228.47,0
2016-05-26 12:00:00,1228.5,1229.79,1227.69,1228.34,0
2016-05-26 13:00:00,1228.35,1229.49,1224.68,1229.49,0
2016-05-26 14:00:00,1229.4,1232.17,1223.58,1226.5,0
2016-05-26 15:00:00,1226.57,1227.13,1221.95,1222.41,0
2016-05-26 16:00:00,1222.42,1223.45,1220.8,1222.22,0
2016-05-26 17:00:00,1222.19,1222.47,1218.34,1220.32,0
2016-05-26 18:00:00,1220.27,1221.4,1219.54,1220.38,0
2016-05-26 19:00:00,1220.26,1221.44,1219.69,1220.08,0
2016-05-26 20:00:00,1220.07,1220.78,1219.18,1219.98,0
2016-05-26 21:00:00,1220.01,1220.27,1219.54,1219.67,0
2016-05-26 23:00:00,1219.69,1221.09,1219.66,1219.84,0
2016-05-27 00:00:00,1219.84,1222.29,1219.74,1222.12,0
2016-05-27 01:00:00,1222.07,1223.13,1221.77,1223.03,0
2016-05-27 02:00:00,1223.04,1223.13,1219.23,1219.58,0
2016-05-27 03:00:00,1219.58,1219.63,1211.58,1213.52,0
2016-05-27 04:00:00,1213.48,1219.04,1212.93,1218.3,0
2016-05-27 05:00:00,1218.27,1218.52,1216.93,1217.3,0
2016-05-27 06:00:00,1217.28,1222.59,1217.17,1220.37,0
2016-05-27 07:00:00,1220.48,1222.39,1220.36,1221.22,0
2016-05-27 08:00:00,1221.26,1223.14,1220.32,1222.33,0
2016-05-27 09:00:00,1222.35,1223.6,1221.02,1221.62,0
2016-05-27 10:00:00,1221.63,1221.82,1217.63,1218.67,0
2016-05-27 11:00:00,1218.68,1220.12,1217.73,1219.54,0
2016-05-27 12:00:00,1219.53,1220.51,1218.59,1220.08,0
2016-05-27 13:00:00,1220.09,1222.0,1216.56,1216.8,0
2016-05-27 14:00:00,1216.82,1217.92,1214.81,1215.93,0
2016-05-27 15:00:00,1215.93,1217.04,1211.87,1213.09,0
2016-05-27 16:00:00,1213.09,1214.74,1210.45,1214.32,0
2016-05-27 17:00:00,1214.32,1214.5,1213.17,1213.62,0
2016-05-27 18:00:00,1213.62,1215.63,1210.15,1212.52,0
2016-05-27 19:00:00,1212.52,1212.52,1206.81,1208.95,0
2016-05-27 20:00:00,1208.94,1210.56,1207.75,1210.24,0
2016-05-27 21:00:00,1210.18,1212.92,1210.04,1212.92,0
2016-05-29 23:00:00,1213.27,1213.46,1208.02,1209.15,0
2016-05-30 00:00:00,1209.25,1209.35,1205.85,1207.66,0
2016-05-30 01:00:00,1207.66,1207.66,1205.11,1206.12,0
2016-05-30 02:00:00,1206.11,1206.18,1199.95,1202.58,0
2016-05-30 03:00:00,1202.57,1203.71,1200.79,1203.56,0
2016-05-30 04:00:00,1203.64,1204.71,1201.98,1202.71,0
2016-05-30 05:00:00,1202.71,1204.17,1202.08,1202.53,0
2016-05-30 06:00:00,1202.53,1204.28,1202.05,1203.31,0
2016-05-30 07:00:00,1203.28,1205.5,1199.82,1204.74,0
2016-05-30 08:00:00,1204.74,1205.08,1202.14,1203.03,0
2016-05-30 09:00:00,1202.97,1205.15,1202.02,1204.92,0
2016-05-30 10:00:00,1204.91,1206.31,1204.85,1205.52,0
2016-05-30 11:00:00,1205.54,1210.02,1205.53,1208.89,0
2016-05-30 12:00:00,1208.89,1210.88,1208.89,1209.64,0
2016-05-30 13:00:00,1209.68,1210.19,1206.99,1207.41,0
2016-05-30 14:00:00,1207.43,1209.96,1206.2,1208.4,0
2016-05-30 15:00:00,1208.4,1208.92,1206.14,1207.06,0
2016-05-30 16:00:00,1207.06,1207.82,1206.19,1207.52,0
2016-05-30 17:00:00,1207.51,1207.77,1204.82,1205.08,0
2016-05-30 23:00:00,1206.01,1210.28,1205.49,1209.46,0
2016-05-31 00:00:00,1209.52,1210.25,1208.35,1209.96,0
2016-05-31 01:00:00,1210.06,1212.72,1210.03,1211.19,0
2016-05-31 02:00:00,1211.19,1213.73,1210.34,1212.68,0
2016-05-31 03:00:00,1212.76,1214.39,1212.76,1213.08,0
2016-05-31 04:00:00,1213.06,1213.87,1212.34,1212.83,0
2016-05-31 05:00:00,1212.82,1213.46,1211.13,1212.59,0
2016-05-31 06:00:00,1212.59,1214.54,1212.21,1213.28,0
2016-05-31 07:00:00,1213.25,1213.67,1211.99,1213.02,0
2016-05-31 08:00:00,1212.97,1212.97,1209.96,1211.26,0
2016-05-31 09:00:00,1211.26,1211.77,1209.72,1211.08,0
2016-05-31 10:00:00,1211.07,1212.06,1210.48,1211.87,0
2016-05-31 11:00:00,1211.87,1212.46,1210.81,1210.92,0
2016-05-31 12:00:00,1210.95,1212.76,1210.08,1211.92,0
2016-05-31 13:00:00,1211.93,1213.19,1208.41,1210.21,0
2016-05-31 14:00:00,1210.21,1213.74,1210.21,1212.66,0
2016-05-31 15:00:00,1212.61,1216.29,1212.49,1212.62,0
2016-05-31 16:00:00,1212.66,1214.87,1212.18,1214.82,0
2016-05-31 17:00:00,1214.9,1216.13,1214.08,1214.83,0
2016-05-31 18:00:00,1214.8,1217.01,1214.04,1216.99,0
2016-05-31 19:00:00,1216.99,1218.07,1216.29,1216.82,0
2016-05-31 20:00:00,1216.82,1218.28,1214.37,1215.01,0
2016-05-31 21:00:00,1215.04,1216.13,1214.66,1215.29,0
2016-05-31 23:00:00,1215.32,1216.27,1215.29,1215.34,0
2016-06-01 00:00:00,1215.35,1217.19,1215.33,1216.8,0
2016-06-01 01:00:00,1216.77,1217.93,1216.35,1217.68,0
2016-06-01 02:00:00,1217.72,1219.96,1217.64,1218.97,0
2016-06-01 03:00:00,1218.92,1219.37,1216.65,1216.75,0
2016-06-01 04:00:00,1216.76,1216.95,1213.85,1214.29,0
2016-06-01 05:00:00,1214.3,1214.91,1212.91,1214.27,0
2016-06-01 06:00:00,1214.27,1217.19,1214.03,1215.43,0
2016-06-01 07:00:00,1215.42,1217.16,1213.92,1215.42,0
2016-06-01 08:00:00,1215.42,1217.97,1215.17,1216.5,0
2016-06-01 09:00:00,1216.5,1216.94,1215.71,1215.93,0
2016-06-01 10:00:00,1215.92,1216.95,1215.33,1215.7,0
2016-06-01 11:00:00,1215.68,1216.58,1215.54,1216.18,0
2016-06-01 12:00:00,1216.18,1219.5,1215.96,1218.59,0
2016-06-01 13:00:00,1218.72,1220.49,1215.88,1217.94,0
2016-06-01 14:00:00,1217.94,1218.7,1213.6,1215.56,0
2016-06-01 15:00:00,1215.56,1215.56,1210.01,1211.1,0
2016-06-01 16:00:00,1211.08,1211.17,1207.45,1208.01,0
2016-06-01 17:00:00,1208.02,1208.63,1206.06,1207.79,0
2016-06-01 18:00:00,1207.8,1212.93,1207.4,1211.02,0
2016-06-01 19:00:00,1210.95,1212.25,1209.74,1210.68,0
2016-06-01 20:00:00,1210.71,1213.79,1210.6,1213.3,0
2016-06-01 21:00:00,1213.29,1213.47,1212.2,1212.72,0
2016-06-01 23:00:00,1213.48,1213.5,1212.19,1213.41,0
2016-06-02 00:00:00,1213.38,1214.27,1212.88,1213.57,0
2016-06-02 01:00:00,1213.58,1213.61,1211.36,1212.97,0
2016-06-02 02:00:00,1212.96,1215.17,1211.26,1213.67,0
2016-06-02 03:00:00,1213.64,1215.91,1213.39,1215.44,0
2016-06-02 04:00:00,1215.46,1215.78,1213.99,1214.62,0
2016-06-02 05:00:00,1214.65,1215.86,1214.31,1215.83,0
2016-06-02 06:00:00,1215.83,1216.09,1213.86,1214.84,0
2016-06-02 07:00:00,1214.86,1217.1,1213.86,1216.47,0
2016-06-02 08:00:00,1216.54,1217.67,1214.56,1215.23,0
2016-06-02 09:00:00,1215.24,1216.27,1214.59,1215.02,0
2016-06-02 10:00:00,1215.17,1216.2,1214.73,1215.34,0
2016-06-02 11:00:00,1215.33,1216.99,1215.2,1216.61,0
2016-06-02 12:00:00,1216.63,1217.46,1214.96,1216.48,0
2016-06-02 13:00:00,1216.47,1217.71,1213.31,1214.64,0
2016-06-02 14:00:00,1214.62,1214.84,1210.73,1213.02,0
2016-06-02 15:00:00,1213.02,1214.07,1210.25,1210.78,0
2016-06-02 16:00:00,1210.78,1212.59,1209.9,1211.99,0
2016-06-02 17:00:00,1212.0,1213.33,1210.63,1211.06,0
2016-06-02 18:00:00,1211.06,1211.55,1210.44,1211.3,0
2016-06-02 19:00:00,1211.3,1211.68,1210.43,1211.05,0
2016-06-02 20:00:00,1211.05,1211.82,1210.63,1210.88,0
2016-06-02 21:00:00,1210.86,1211.24,1210.68,1210.86,0
2016-06-02 23:00:00,1210.78,1211.13,1207.03,1208.13,0
2016-06-03 00:00:00,1208.13,1210.02,1207.73,1208.07,0
2016-06-03 01:00:00,1208.07,1209.02,1207.62,1208.11,0
2016-06-03 02:00:00,1208.19,1211.52,1208.19,1211.1,0
2016-06-03 03:00:00,1211.12,1211.32,1210.19,1211.12,0
2016-06-03 04:00:00,1211.08,1212.06,1210.57,1211.41,0
2016-06-03 05:00:00,1211.38,1213.6,1211.08,1212.42,0
2016-06-03 06:00:00,1212.28,1212.93,1210.88,1211.43,0
2016-06-03 07:00:00,1211.43,1212.77,1210.61,1212.2,0
2016-06-03 08:00:00,1212.25,1213.03,1211.65,1211.76,0
2016-06-03 09:00:00,1211.76,1212.56,1211.44,1212.33,0
2016-06-03 10:00:00,1212.32,1212.54,1210.73,1211.62,0
2016-06-03 11:00:00,1211.57,1212.18,1211.23,1211.78,0
2016-06-03 12:00:00,1211.79,1212.61,1211.24,1211.84,0
2016-06-03 13:00:00,1211.8,1237.64,1211.76,1236.99,0
2016-06-03 14:00:00,1237.07,1241.14,1236.08,1239.57,0
2016-06-03 15:00:00,1239.82,1243.23,1238.39,1239.48,0
2016-06-03 16:00:00,1239.5,1240.91,1238.41,1239.48,0
2016-06-03 17:00:00,1239.39,1240.81,1238.68,1239.48,0
2016-06-03 18:00:00,1239.51,1241.45,1239.25,1240.89,0
2016-06-03 19:00:00,1240.89,1242.1,1240.33,1241.54,0
2016-06-03 20:00:00,1241.53,1244.42,1240.83,1244.11,0
2016-06-03 21:00:00,1244.07,1244.78,1243.16,1244.08,0
2016-06-05 23:00:00,1242.53,1246.29,1242.35,1245.39,0
2016-06-06 00:00:00,1245.39,1248.3,1245.18,1248.3,0
2016-06-06 01:00:00,1248.26,1248.77,1245.28,1245.28,0
2016-06-06 02:00:00,1245.28,1245.38,1241.87,1242.04,0
2016-06-06 03:00:00,1242.12,1243.53,1241.42,1241.43,0
2016-06-06 04:00:00,1241.44,1242.47,1240.94,1241.83,0
2016-06-06 05:00:00,1241.81,1242.5,1241.58,1242.08,0
2016-06-06 06:00:00,1242.08,1242.55,1240.68,1241.64,0
2016-06-06 07:00:00,1241.61,1241.96,1240.48,1241.73,0
2016-06-06 08:00:00,1241.73,1242.37,1240.23,1241.34,0
2016-06-06 09:00:00,1241.38,1242.04,1240.84,1241.14,0
2016-06-06 10:00:00,1241.13,1241.24,1240.02,1240.39,0
2016-06-06 11:00:00,1240.38,1241.51,1240.28,1240.98,0
2016-06-06 12:00:00,1240.96,1243.48,1240.89,1242.75,0
2016-06-06 13:00:00,1242.85,1245.78,1241.88,1244.32,0
2016-06-06 14:00:00,1244.31,1245.91,1242.87,1244.33,0
2016-06-06 15:00:00,1244.37,1245.66,1242.34,1245.36,0
2016-06-06 16:00:00,1245.35,1247.52,1245.05,1245.68,0
2016-06-06 17:00:00,1245.74,1247.14,1240.08,1245.87,0
2016-06-06 18:00:00,1245.84,1247.55,1243.72,1243.94,0
2016-06-06 19:00:00,1243.94,1245.54,1243.34,1245.38,0
2016-06-06 20:00:00,1245.34,1246.34,1244.72,1245.2,0
2016-06-06 21:00:00,1245.2,1246.33,1244.76,1245.19,0
2016-06-06 23:00:00,1245.61,1245.71,1244.71,1245.06,0
2016-06-07 00:00:00,1245.12,1246.09,1244.25,1244.95,0
2016-06-07 01:00:00,1244.99,1246.51,1243.26,1246.08,0
2016-06-07 02:00:00,1246.08,1246.64,1243.79,1244.09,0
2016-06-07 03:00:00,1244.09,1244.86,1243.82,1243.9,0
2016-06-07 04:00:00,1243.98,1244.35,1242.86,1243.15,0
2016-06-07 05:00:00,1243.15,1244.25,1242.86,1243.84,0
2016-06-07 06:00:00,1243.86,1244.03,1242.07,1242.07,0
2016-06-07 07:00:00,1242.01,1243.3,1241.74,1243.13,0
2016-06-07 08:00:00,1243.05,1244.28,1242.17,1243.37,0
2016-06-07 09:00:00,1243.38,1243.51,1241.17,1241.46,0
2016-06-07 10:00:00,1241.45,1241.7,1240.51,1241.48,0
2016-06-07 11:00:00,1241.48,1242.27,1240.92,1241.02,0
2016-06-07 12:00:00,1241.02,1241.62,1236.48,1237.73,0
2016-06-07 13:00:00,1237.8,1239.04,1234.85,1238.86,0
2016-06-07 14:00:00,1238.86,1241.74,1238.2,1241.1,0
2016-06-07 15:00:00,1241.04,1242.6,1240.41,1241.23,0
2016-06-07 16:00:00,1241.34,1242.57,1240.02,1241.27,0
2016-06-07 17:00:00,1241.32,1244.18,1241.12,1242.85,0
2016-06-07 18:00:00,1242.87,1244.92,1242.37,1244.89,0
2016-06-07 19:00:00,1244.92,1246.0,1243.28,1244.26,0
2016-06-07 20:00:00,1244.29,1245.2,1243.06,1243.87,0
2016-06-07 21:00:00,1243.95,1244.85,1243.31,1243.77,0
2016-06-07 23:00:00,1244.39,1245.17,1243.87,1244.27,0
2016-06-08 00:00:00,1244.27,1244.95,1243.51,1244.03,0
2016-06-08 01:00:00,1244.03,1244.97,1243.08,1243.27,0
2016-06-08 02:00:00,1243.33,1248.17,1243.33,1247.82,0
2016-06-08 03:00:00,1247.9,1248.14,1246.86,1247.96,0
2016-06-08 04:00:00,1247.98,1249.3,1247.29,1248.28,0
2016-06-08 05:00:00,1248.34,1248.98,1247.46,1248.62,0
2016-06-08 06:00:00,1248.67,1249.92,1247.72,1249.11,0
2016-06-08 07:00:00,1249.13,1251.05,1248.89,1250.49,0
2016-06-08 08:00:00,1250.43,1253.54,1250.39,1252.52,0
2016-06-08 09:00:00,1252.48,1253.5,1251.35,1252.38,0
2016-06-08 10:00:00,1252.38,1252.88,1251.68,1252.6,0
2016-06-08 11:00:00,1252.56,1253.98,1252.3,1253.12,0
2016-06-08 12:00:00,1253.12,1255.76,1252.51,1254.91,0
2016-06-08 13:00:00,1255.05,1258.11,1254.48,1257.9,0
2016-06-08 14:00:00,1257.9,1264.44,1257.64,1263.01,0
2016-06-08 15:00:00,1263.01,1263.18,1259.15,1261.08,0
2016-06-08 16:00:00,1261.05,1262.46,1258.68,1261.28,0
2016-06-08 17:00:00,1261.25,1261.51,1259.67,1260.06,0
2016-06-08 18:00:00,1260.06,1261.85,1258.94,1261.67,0
2016-06-08 19:00:00,1261.57,1261.67,1259.61,1260.81,0
2016-06-08 20:00:00,1260.92,1262.43,1260.17,1262.21,0
2016-06-08 21:00:00,1262.19,1262.72,1261.53,1262.58,0
2016-06-08 23:00:00,1262.08,1262.49,1261.3,1262.29,0
2016-06-09 00:00:00,1262.4,1266.4,1262.16,1264.87,0
2016-06-09 01:00:00,1264.91,1265.2,1260.78,1261.95,0
2016-06-09 02:00:00,1261.88,1264.67,1260.63,1261.93,0
2016-06-09 03:00:00,1262.02,1263.08,1260.83,1262.33,0
2016-06-09 04:00:00,1262.33,1263.62,1261.36,1262.98,0
2016-06-09 05:00:00,1262.99,1263.68,1261.77,1262.18,0
2016-06-09 06:00:00,1262.17,1262.78,1261.19,1261.25,0
2016-06-09 07:00:00,1261.29,1262.62,1260.87,1261.97,0
2016-06-09 08:00:00,1261.96,1261.97,1258.76,1259.78,0
2016-06-09 09:00:00,1259.78,1260.52,1257.94,1260.24,0
2016-06-09 10:00:00,1260.24,1260.24,1257.99,1258.92,0
2016-06-09 11:00:00,1258.83,1260.04,1256.86,1259.34,0
2016-06-09 12:00:00,1259.34,1259.88,1258.11,1258.29,0
2016-06-09 13:00:00,1258.3,1261.28,1257.35,1260.89,0
2016-06-09 14:00:00,1260.89,1264.89,1259.17,1264.35,0
2016-06-09 15:00:00,1264.35,1269.51,1263.2,1266.05,0
2016-06-09 16:00:00,1266.05,1270.79,1265.95,1270.0,0
2016-06-09 17:00:00,1270.08,1271.77,1268.39,1268.81,0
2016-06-09 18:00:00,1268.83,1271.32,1268.68,1269.43,0
2016-06-09 19:00:00,1269.53,1270.39,1269.33,1270.22,0
2016-06-09 20:00:00,1270.2,1270.38,1268.73,1269.33,0
2016-06-09 21:00:00,1269.37,1269.91,1268.71,1269.46,0
2016-06-09 23:00:00,1268.97,1269.64,1268.6,1268.9,0
2016-06-10 00:00:00,1268.91,1269.3,1265.69,1265.83,0
2016-06-10 01:00:00,1265.8,1267.92,1265.8,1266.72,0
2016-06-10 02:00:00,1266.67,1267.74,1265.47,1267.66,0
2016-06-10 03:00:00,1267.65,1268.07,1266.03,1267.01,0
2016-06-10 04:00:00,1267.11,1268.01,1266.4,1267.82,0
2016-06-10 05:00:00,1267.83,1268.03,1266.12,1266.63,0
2016-06-10 06:00:00,1266.63,1266.71,1264.61,1265.52,0
2016-06-10 07:00:00,1265.52,1266.21,1264.79,1265.77,0
2016-06-10 08:00:00,1265.7,1269.87,1265.15,1267.34,0
2016-06-10 09:00:00,1267.34,1269.39,1265.43,1265.92,0
2016-06-10 10:00:00,1265.87,1268.57,1265.77,1268.4,0
2016-06-10 11:00:00,1268.4,1270.64,1268.16,1269.54,0
2016-06-10 12:00:00,1269.54,1269.54,1265.89,1268.07,0
2016-06-10 13:00:00,1268.13,1270.67,1267.68,1270.33,0
2016-06-10 14:00:00,1270.44,1275.75,1269.94,1275.43,0
2016-06-10 15:00:00,1275.42,1278.2,1274.08,1276.81,0
2016-06-10 16:00:00,1276.83,1276.96,1268.57,1270.77,0
2016-06-10 17:00:00,1270.76,1272.54,1270.69,1271.58,0
2016-06-10 18:00:00,1271.58,1275.36,1270.03,1274.73,0
2016-06-10 19:00:00,1274.82,1277.09,1273.41,1275.6,0
2016-06-10 20:00:00,1275.59,1276.9,1274.46,1274.52,0
2016-06-10 21:00:00,1274.48,1275.41,1273.52,1273.73,0
2016-06-12 23:00:00,1275.55,1277.43,1274.35,1276.67,0
2016-06-13 00:00:00,1276.67,1278.33,1276.3,1277.67,0
2016-06-13 01:00:00,1277.63,1278.44,1276.07,1276.09,0
2016-06-13 02:00:00,1276.04,1276.15,1272.45,1274.42,0
2016-06-13 03:00:00,1274.44,1274.92,1273.41,1274.1,0
2016-06-13 04:00:00,1274.12,1275.18,1273.5,1274.69,0
2016-06-13 05:00:00,1274.68,1276.08,1273.98,1274.88,0
2016-06-13 06:00:00,1274.88,1283.45,1273.91,1282.74,0
2016-06-13 07:00:00,1282.7,1284.24,1280.55,1282.37,0
2016-06-13 08:00:00,1282.36,1283.08,1279.71,1280.77,0
2016-06-13 09:00:00,1280.8,1283.91,1280.04,1283.71,0
2016-06-13 10:00:00,1283.71,1284.93,1283.11,1284.01,0
2016-06-13 11:00:00,1284.01,1285.62,1283.51,1285.34,0
2016-06-13 12:00:00,1285.33,1286.69,1283.56,1284.19,0
2016-06-13 13:00:00,1284.17,1287.21,1282.48,1286.73,0
2016-06-13 14:00:00,1286.73,1286.96,1279.67,1281.59,0
2016-06-13 15:00:00,1281.64,1284.51,1277.62,1282.91,0
2016-06-13 16:00:00,1282.9,1285.48,1281.49,1284.37,0
2016-06-13 17:00:00,1284.37,1285.46,1282.86,1283.66,0
2016-06-13 18:00:00,1283.66,1284.37,1280.11,1282.24,0
2016-06-13 19:00:00,1282.2,1283.56,1281.31,1282.55,0
2016-06-13 20:00:00,1282.45,1284.57,1282.36,1284.11,0
2016-06-13 21:00:00,1284.09,1284.68,1283.48,1283.6,0
2016-06-13 23:00:00,1282.94,1283.65,1282.84,1283.46,0
2016-06-14 00:00:00,1283.45,1283.56,1281.51,1282.67,0
2016-06-14 01:00:00,1282.71,1283.65,1280.85,1283.24,0
2016-06-14 02:00:00,1283.21,1283.47,1281.16,1282.58,0
2016-06-14 03:00:00,1282.58,1283.33,1281.07,1281.8,0
2016-06-14 04:00:00,1281.8,1281.82,1279.43,1280.0,0
2016-06-14 05:00:00,1280.01,1280.82,1279.45,1279.55,0
2016-06-14 06:00:00,1279.53,1281.84,1279.45,1279.69,0
2016-06-14 07:00:00,1279.69,1280.3,1277.8,1279.75,0
2016-06-14 08:00:00,1279.78,1280.57,1278.32,1278.4,0
2016-06-14 09:00:00,1278.35,1280.75,1276.38,1280.03,0
2016-06-14 10:00:00,1280.03,1281.16,1278.74,1279.08,0
2016-06-14 11:00:00,1279.08,1281.7,1278.77,1281.3,0
2016-06-14 12:00:00,1281.23,1283.95,1281.12,1283.95,0
2016-06-14 13:00:00,1283.92,1286.48,1282.33,1285.92,0
2016-06-14 14:00:00,1285.95,1289.83,1284.16,1286.41,0
2016-06-14 15:00:00,1286.39,1288.39,1283.74,1286.03,0
2016-06-14 16:00:00,1286.02,1286.69,1280.76,1281.35,0
2016-06-14 17:00:00,1281.31,1282.91,1280.36,1282.19,0
2016-06-14 18:00:00,1282.18,1287.54,1282.1,1286.32,0
2016-06-14 19:00:00,1286.36,1286.42,1284.74,1285.36,0
2016-06-14 20:00:00,1285.36,1286.36,1284.83,1285.52,0
2016-06-14 21:00:00,1285.52,1286.37,1285.06,1285.51,0
2016-06-14 23:00:00,1284.98,1285.87,1284.11,1285.71,0
2016-06-15 00:00:00,1285.7,1286.19,1284.31,1284.48,0
2016-06-15 01:00:00,1284.5,1285.74,1282.69,1283.77,0
2016-06-15 02:00:00,1283.72,1284.23,1282.37,1283.46,0
2016-06-15 03:00:00,1283.44,1285.05,1282.38,1284.31,0
2016-06-15 04:00:00,1284.3,1284.49,1283.21,1283.9,0
2016-06-15 05:00:00,1283.9,1285.69,1283.41,1285.2,0
2016-06-15 06:00:00,1285.2,1286.11,1283.98,1285.75,0
2016-06-15 07:00:00,1285.81,1287.08,1284.65,1285.96,0
2016-06-15 08:00:00,1285.99,1286.5,1282.07,1282.82,0
2016-06-15 09:00:00,1282.79,1283.36,1280.89,1282.05,0
2016-06-15 10:00:00,1282.03,1283.15,1281.17,1282.27,0
2016-06-15 11:00:00,1282.28,1282.54,1280.71,1280.99,0
2016-06-15 12:00:00,1280.97,1282.17,1278.51,1278.96,0
2016-06-15 13:00:00,1278.96,1284.38,1278.96,1283.09,0
2016-06-15 14:00:00,1283.09,1284.99,1280.85,1283.9,0
2016-06-15 15:00:00,1283.85,1284.58,1281.62,1283.28,0
2016-06-15 16:00:00,1283.23,1286.05,1282.63,1284.67,0
2016-06-15 17:00:00,1284.63,1285.53,1283.24,1285.18,0
2016-06-15 18:00:00,1285.19,1288.08,1283.33,1284.57,0
2016-06-15 19:00:00,1284.86,1296.85,1284.86,1291.43,0
2016-06-15 20:00:00,1291.4,1294.83,1290.22,1294.61,0
2016-06-15 21:00:00,1294.63,1294.72,1291.23,1291.67,0
2016-06-15 23:00:00,1292.32,1293.99,1291.2,1291.88,0
2016-06-16 00:00:00,1291.88,1294.43,1291.68,1293.73,0
2016-06-16 01:00:00,1293.74,1297.76,1293.64,1296.14,0
2016-06-16 02:00:00,1296.24,1300.54,1296.21,1297.68,0
2016-06-16 03:00:00,1297.66,1299.99,1297.12,1299.34,0
2016-06-16 04:00:00,1299.33,1301.4,1298.02,1300.2,0
2016-06-16 05:00:00,1300.26,1302.97,1299.63,1302.61,0
2016-06-16 06:00:00,1302.66,1303.14,1300.56,1302.85,0
2016-06-16 07:00:00,1302.85,1313.53,1302.85,1310.69,0
2016-06-16 08:00:00,1310.69,1311.19,1307.64,1308.05,0
2016-06-16 09:00:00,1308.16,1309.4,1306.92,1306.94,0
2016-06-16 10:00:00,1306.93,1308.18,1302.11,1302.96,0
2016-06-16 11:00:00,1302.97,1304.96,1302.73,1303.28,0
2016-06-16 12:00:00,1303.25,1306.49,1303.19,1304.27,0
2016-06-16 13:00:00,1304.23,1311.7,1304.15,1310.62,0
2016-06-16 14:00:00,1310.54,1312.19,1308.55,1310.43,0
2016-06-16 15:00:00,1310.42,1315.69,1308.71,1312.99,0
2016-06-16 16:00:00,1312.99,1313.19,1307.44,1307.49,0
2016-06-16 17:00:00,1307.53,1307.86,1299.46,1302.13,0
2016-06-16 18:00:00,1302.13,1302.23,1282.75,1285.56,0
2016-06-16 19:00:00,1285.49,1289.19,1283.64,1286.31,0
2016-06-16 20:00:00,1286.29,1287.78,1279.93,1281.7,0
2016-06-16 21:00:00,1281.7,1282.84,1277.39,1278.59,0
2016-06-16 23:00:00,1279.13,1281.86,1277.93,1281.86,0
2016-06-17 00:00:00,1281.83,1282.69,1280.55,1282.11,0
2016-06-17 01:00:00,1282.12,1283.11,1280.66,1282.87,0
2016-06-17 02:00:00,1282.97,1286.23,1276.54,1278.74,0
2016-06-17 03:00:00,1278.74,1282.31,1278.27,1282.05,0
2016-06-17 04:00:00,1282.03,1284.95,1281.85,1284.17,0
2016-06-17 05:00:00,1284.12,1284.85,1283.45,1283.45,0
2016-06-17 06:00:00,1283.53,1284.6,1282.65,1283.08,0
2016-06-17 07:00:00,1283.12,1284.39,1279.38,1280.19,0
2016-06-17 08:00:00,1280.19,1285.37,1280.18,1283.74,0
2016-06-17 09:00:00,1283.78,1285.3,1283.4,1284.99,0
2016-06-17 10:00:00,1284.99,1285.8,1284.18,1284.36,0
2016-06-17 11:00:00,1284.37,1288.18,1284.29,1287.79,0
2016-06-17 12:00:00,1287.79,1290.06,1286.95,1288.22,0
2016-06-17 13:00:00,1288.22,1290.51,1286.54,1287.74,0
2016-06-17 14:00:00,1287.73,1291.89,1286.73,1291.15,0
2016-06-17 15:00:00,1291.09,1296.13,1288.59,1289.0,0
2016-06-17 16:00:00,1288.84,1289.46,1284.97,1288.54,0
2016-06-17 17:00:00,1288.46,1290.82,1286.64,1290.37,0
2016-06-17 18:00:00,1290.37,1295.48,1290.05,1293.34,0
2016-06-17 19:00:00,1293.3,1294.84,1292.84,1293.21,0
2016-06-17 20:00:00,1293.42,1299.5,1293.42,1298.07,0
2016-06-17 21:00:00,1298.17,1299.67,1297.71,1298.55,0
2016-06-19 23:00:00,1282.12,1291.82,1281.16,1289.98,0
2016-06-20 00:00:00,1289.97,1292.3,1288.55,1289.36,0
2016-06-20 01:00:00,1289.36,1291.14,1284.82,1285.52,0
2016-06-20 02:00:00,1285.56,1287.45,1284.58,1284.93,0
2016-06-20 03:00:00,1284.88,1286.53,1281.87,1282.27,0
2016-06-20 04:00:00,1282.28,1284.95,1281.09,1283.77,0
2016-06-20 05:00:00,1283.77,1283.77,1280.42,1281.65,0
2016-06-20 06:00:00,1281.64,1284.29,1280.87,1283.44,0
2016-06-20 07:00:00,1283.4,1284.86,1282.89,1284.27,0
2016-06-20 08:00:00,1284.27,1288.82,1283.58,1287.37,0
2016-06-20 09:00:00,1287.41,1288.7,1286.49,1287.91,0
2016-06-20 10:00:00,1287.93,1287.94,1280.83,1283.44,0
2016-06-20 11:00:00,1283.38,1284.14,1279.64,1280.54,0
2016-06-20 12:00:00,1280.53,1281.09,1278.06,1280.58,0
2016-06-20 13:00:00,1280.5,1284.59,1280.42,1283.0,0
2016-06-20 14:00:00,1283.0,1284.05,1279.04,1281.88,0
2016-06-20 15:00:00,1281.93,1287.84,1278.88,1286.55,0
2016-06-20 16:00:00,1286.61,1288.38,1284.01,1285.02,0
2016-06-20 17:00:00,1284.97,1287.95,1284.6,1287.57,0
2016-06-20 18:00:00,1287.57,1290.42,1285.64,1288.42,0
2016-06-20 19:00:00,1288.43,1290.23,1286.61,1286.66,0
2016-06-20 20:00:00,1286.73,1291.19,1286.72,1290.09,0
2016-06-20 21:00:00,1290.1,1290.49,1289.18,1289.62,0
2016-06-20 23:00:00,1289.86,1290.18,1288.1,1288.54,0
2016-06-21 00:00:00,1288.63,1289.34,1286.88,1288.01,0
2016-06-21 01:00:00,1288.01,1294.32,1288.01,1290.94,0
2016-06-21 02:00:00,1291.01,1291.56,1287.51,1288.65,0
2016-06-21 03:00:00,1288.7,1289.14,1285.85,1286.78,0
2016-06-21 04:00:00,1286.83,1289.06,1285.1,1285.97,0
2016-06-21 05:00:00,1285.99,1286.86,1285.41,1286.23,0
2016-06-21 06:00:00,1286.24,1286.41,1282.9,1283.31,0
2016-06-21 07:00:00,1283.3,1284.96,1282.51,1283.76,0
2016-06-21 08:00:00,1283.68,1284.07,1280.37,1282.23,0
2016-06-21 09:00:00,1282.23,1283.35,1281.45,1282.06,0
2016-06-21 10:00:00,1281.99,1282.71,1280.02,1280.93,0
2016-06-21 11:00:00,1280.96,1281.09,1278.4,1278.56,0
2016-06-21 12:00:00,1278.56,1278.89,1269.46,1271.37,0
2016-06-21 13:00:00,1271.45,1275.4,1270.35,1272.7,0
2016-06-21 14:00:00,1272.72,1275.87,1271.47,1272.63,0
2016-06-21 15:00:00,1272.65,1273.98,1265.5,1269.48,0
2016-06-21 16:00:00,1269.49,1271.58,1269.19,1270.19,0
2016-06-21 17:00:00,1270.2,1270.48,1267.91,1269.34,0
2016-06-21 18:00:00,1269.34,1270.49,1268.63,1269.31,0
2016-06-21 19:00:00,1269.34,1271.37,1268.35,1269.34,0
2016-06-21 20:00:00,1269.38,1270.4,1264.57,1265.54,0
2016-06-21 21:00:00,1265.53,1268.69,1264.97,1267.96,0
2016-06-21 23:00:00,1269.05,1269.94,1267.54,1268.63,0
2016-06-22 00:00:00,1268.64,1270.74,1267.81,1269.06,0
2016-06-22 01:00:00,1269.03,1269.06,1266.25,1268.41,0
2016-06-22 02:00:00,1268.41,1270.64,1268.29,1268.92,0
2016-06-22 03:00:00,1268.93,1270.07,1267.91,1269.11,0
2016-06-22 04:00:00,1269.11,1270.04,1268.29,1268.43,0
2016-06-22 05:00:00,1268.44,1269.25,1267.35,1268.5,0
2016-06-22 06:00:00,1268.5,1268.75,1261.21,1263.43,0
2016-06-22 07:00:00,1263.43,1265.36,1262.91,1264.79,0
2016-06-22 08:00:00,1264.77,1268.31,1264.47,1267.63,0
2016-06-22 09:00:00,1267.73,1268.61,1266.62,1267.74,0
2016-06-22 10:00:00,1267.72,1268.0,1264.15,1265.11,0
2016-06-22 11:00:00,1265.12,1265.74,1263.1,1265.41,0
2016-06-22 12:00:00,1265.44,1268.41,1264.61,1267.72,0
2016-06-22 13:00:00,1267.81,1268.7,1263.73,1264.33,0
2016-06-22 14:00:00,1264.39,1268.69,1264.39,1266.38,0
2016-06-22 15:00:00,1266.48,1267.9,1263.71,1267.17,0
2016-06-22 16:00:00,1267.26,1269.31,1265.56,1267.17,0
2016-06-22 17:00:00,1267.16,1268.59,1266.92,1267.59,0
2016-06-22 18:00:00,1267.6,1269.42,1263.72,1264.44,0
2016-06-22 19:00:00,1264.43,1266.67,1263.89,1265.01,0
2016-06-22 20:00:00,1265.0,1266.57,1263.7,1265.92,0
2016-06-22 21:00:00,1266.0,1267.55,1265.16,1266.12,0
2016-06-22 23:00:00,1263.67,1264.43,1262.31,1262.52,0
2016-06-23 00:00:00,1262.53,1262.85,1259.47,1262.74,0
2016-06-23 01:00:00,1262.75,1262.93,1261.05,1262.6,0
2016-06-23 02:00:00,1262.65,1267.0,1262.32,1265.28,0
2016-06-23 03:00:00,1265.22,1265.92,1264.55,1265.19,0
2016-06-23 04:00:00,1265.19,1265.88,1264.45,1265.08,0
2016-06-23 05:00:00,1265.08,1265.78,1262.58,1262.86,0
2016-06-23 06:00:00,1262.86,1265.54,1261.14,1265.45,0
2016-06-23 07:00:00,1265.49,1272.01,1264.6,1265.28,0
2016-06-23 08:00:00,1265.24,1270.69,1265.17,1269.01,0
2016-06-23 09:00:00,1269.07,1271.02,1267.68,1270.18,0
2016-06-23 10:00:00,1270.15,1270.27,1263.88,1266.84,0
2016-06-23 11:00:00,1266.86,1266.87,1257.62,1260.15,0
2016-06-23 12:00:00,1260.1,1263.69,1258.91,1263.64,0
2016-06-23 13:00:00,1263.59,1265.0,1258.21,1259.52,0
2016-06-23 14:00:00,1259.52,1265.2,1259.12,1262.88,0
2016-06-23 15:00:00,1262.92,1265.16,1261.64,1263.74,0
2016-06-23 16:00:00,1263.74,1267.28,1262.45,1264.42,0
2016-06-23 17:00:00,1264.42,1264.54,1261.1,1262.59,0
2016-06-23 18:00:00,1262.54,1262.81,1259.12,1260.59,0
2016-06-23 19:00:00,1260.59,1262.64,1260.19,1261.6,0
2016-06-23 20:00:00,1261.5,1263.21,1257.69,1257.7,0
2016-06-23 21:00:00,1257.7,1259.53,1254.47,1256.49,0
2016-06-23 23:00:00,1251.24,1259.22,1250.5,1258.63,0
2016-06-24 00:00:00,1258.65,1271.16,1258.07,1267.38,0
2016-06-24 01:00:00,1267.38,1274.42,1264.21,1271.71,0
2016-06-24 02:00:00,1271.62,1285.68,1265.96,1271.2,0
2016-06-24 03:00:00,1271.12,1304.52,1270.61,1297.28,0
2016-06-24 04:00:00,1297.28,1358.38,1296.39,1336.81,0
2016-06-24 05:00:00,1337.18,1344.02,1315.1,1337.29,0
2016-06-24 06:00:00,1337.23,1337.49,1315.77,1319.55,0
2016-06-24 07:00:00,1319.61,1323.95,1312.52,1322.23,0
2016-06-24 08:00:00,1322.23,1325.2,1308.51,1313.41,0
2016-06-24 09:00:00,1313.5,1319.5,1310.32,1311.09,0
2016-06-24 10:00:00,1311.11,1317.93,1306.81,1315.9,0
2016-06-24 11:00:00,1315.88,1327.8,1315.56,1319.82,0
2016-06-24 12:00:00,1319.82,1324.91,1315.71,1324.43,0
2016-06-24 13:00:00,1324.43,1330.31,1320.84,1329.97,0
2016-06-24 14:00:00,1330.07,1331.83,1312.44,1315.49,0
2016-06-24 15:00:00,1315.56,1317.39,1309.05,1315.9,0
2016-06-24 16:00:00,1315.92,1320.22,1313.31,1319.98,0
2016-06-24 17:00:00,1319.97,1320.63,1314.93,1316.05,0
2016-06-24 18:00:00,1316.04,1319.9,1314.49,1318.3,0
2016-06-24 19:00:00,1318.25,1319.03,1315.23,1318.08,0
2016-06-24 20:00:00,1318.09,1320.51,1317.22,1318.64,0
2016-06-24 21:00:00,1318.82,1319.64,1314.95,1315.39,0
2016-06-26 23:00:00,1322.02,1330.03,1321.85,1329.68,0
2016-06-27 00:00:00,1329.69,1335.46,1329.68,1332.68,0
2016-06-27 01:00:00,1332.7,1333.64,1329.56,1331.86,0
2016-06-27 02:00:00,1331.79,1331.79,1324.92,1328.32,0
2016-06-27 03:00:00,1328.34,1328.94,1325.58,1326.78,0
2016-06-27 04:00:00,1326.78,1326.78,1323.13,1324.05,0
2016-06-27 05:00:00,1324.11,1327.79,1322.85,1326.34,0
2016-06-27 06:00:00,1326.35,1329.01,1325.05,1327.7,0
2016-06-27 07:00:00,1327.76,1328.15,1325.81,1327.49,0
2016-06-27 08:00:00,1327.49,1327.74,1323.21,1326.13,0
2016-06-27 09:00:00,1326.09,1326.74,1323.7,1325.64,0
2016-06-27 10:00:00,1325.65,1327.47,1324.68,1325.76,0
2016-06-27 11:00:00,1325.73,1330.63,1325.33,1330.46,0
2016-06-27 12:00:00,1330.5,1333.33,1328.34,1332.97,0
2016-06-27 13:00:00,1332.98,1333.22,1327.2,1329.54,0
2016-06-27 14:00:00,1329.54,1330.12,1323.29,1325.48,0
2016-06-27 15:00:00,1325.49,1327.57,1324.09,1324.27,0
2016-06-27 16:00:00,1324.37,1325.26,1317.73,1319.67,0
2016-06-27 17:00:00,1319.73,1323.24,1319.7,1322.08,0
2016-06-27 18:00:00,1322.09,1325.66,1320.47,1324.72,0
2016-06-27 19:00:00,1324.72,1328.17,1324.3,1327.74,0
2016-06-27 20:00:00,1327.67,1330.16,1325.41,1326.46,0
2016-06-27 21:00:00,1326.58,1326.96,1323.64,1324.29,0
2016-06-27 23:00:00,1324.69,1325.68,1323.77,1324.49,0
2016-06-28 00:00:00,1324.48,1326.21,1323.76,1324.75,0
2016-06-28 01:00:00,1324.74,1325.99,1323.75,1324.39,0
2016-06-28 02:00:00,1324.47,1324.54,1318.39,1319.88,0
2016-06-28 03:00:00,1319.85,1321.99,1319.22,1320.11,0
2016-06-28 04:00:00,1320.15,1320.17,1316.37,1317.7,0
2016-06-28 05:00:00,1317.69,1318.97,1313.49,1315.36,0
2016-06-28 06:00:00,1315.37,1319.03,1313.74,1317.74,0
2016-06-28 07:00:00,1317.82,1318.6,1315.47,1316.76,0
2016-06-28 08:00:00,1316.76,1316.95,1312.66,1313.93,0
2016-06-28 09:00:00,1313.76,1314.83,1311.38,1313.44,0
2016-06-28 10:00:00,1313.41,1313.66,1309.19,1309.22,0
2016-06-28 11:00:00,1309.21,1311.43,1306.86,1307.23,0
2016-06-28 12:00:00,1307.23,1311.2,1305.55,1310.33,0
2016-06-28 13:00:00,1310.3,1315.57,1310.22,1313.29,0
2016-06-28 14:00:00,1313.4,1319.59,1309.76,1311.12,0
2016-06-28 15:00:00,1311.13,1313.93,1310.03,1312.74,0
2016-06-28 16:00:00,1312.76,1316.32,1311.34,1315.02,0
2016-06-28 17:00:00,1315.02,1315.76,1313.69,1314.44,0
2016-06-28 18:00:00,1314.44,1316.09,1313.99,1314.45,0
2016-06-28 19:00:00,1314.44,1315.73,1311.61,1313.01,0
2016-06-28 20:00:00,1313.11,1315.59,1311.62,1312.38,0
2016-06-28 21:00:00,1312.4,1312.51,1310.78,1311.76,0
2016-06-28 23:00:00,1311.21,1313.99,1310.87,1312.77,0
2016-06-29 00:00:00,1312.79,1315.32,1312.72,1314.07,0
2016-06-29 01:00:00,1314.07,1316.79,1313.38,1315.98,0
2016-06-29 02:00:00,1315.97,1319.38,1315.97,1318.31,0
2016-06-29 03:00:00,1318.29,1321.18,1318.25,1320.16,0
2016-06-29 04:00:00,1320.16,1320.57,1317.14,1317.69,0
2016-06-29 05:00:00,1317.71,1320.22,1317.69,1318.83,0
2016-06-29 06:00:00,1318.85,1321.5,1318.62,1320.85,0
2016-06-29 07:00:00,1320.77,1321.47,1319.03,1320.74,0
2016-06-29 08:00:00,1320.74,1323.68,1320.68,1320.78,0
2016-06-29 09:00:00,1320.83,1321.54,1319.16,1320.05,0
2016-06-29 10:00:00,1320.07,1320.71,1317.82,1318.84,0
2016-06-29 11:00:00,1318.84,1318.84,1316.08,1317.43,0
2016-06-29 12:00:00,1317.39,1319.64,1316.6,1318.33,0
2016-06-29 13:00:00,1318.33,1323.48,1318.18,1321.21,0
2016-06-29 14:00:00,1321.23,1322.51,1317.36,1321.26,0
2016-06-29 15:00:00,1321.25,1327.89,1319.41,1324.41,0
2016-06-29 16:00:00,1324.48,1326.51,1321.62,1325.81,0
2016-06-29 17:00:00,1325.87,1326.66,1323.72,1324.99,0
2016-06-29 18:00:00,1324.98,1325.37,1322.34,1325.18,0
2016-06-29 19:00:00,1325.18,1326.27,1322.62,1322.97,0
2016-06-29 20:00:00,1322.96,1323.63,1316.3,1317.67,0
2016-06-29 21:00:00,1317.65,1319.53,1317.15,1318.9,0
2016-06-29 23:00:00,1317.62,1317.95,1315.44,1315.6,0
2016-06-30 00:00:00,1315.6,1316.49,1314.45,1316.07,0
2016-06-30 01:00:00,1316.15,1316.48,1314.12,1314.98,0
2016-06-30 02:00:00,1314.95,1317.92,1314.95,1316.75,0
2016-06-30 03:00:00,1316.76,1317.1,1315.38,1316.24,0
2016-06-30 04:00:00,1316.24,1316.64,1314.01,1314.88,0
2016-06-30 05:00:00,1314.9,1315.62,1314.17,1315.13,0
2016-06-30 06:00:00,1315.14,1317.01,1314.83,1316.36,0
2016-06-30 07:00:00,1316.37,1317.01,1314.69,1315.26,0
2016-06-30 08:00:00,1315.27,1316.52,1312.87,1315.62,0
2016-06-30 09:00:00,1315.62,1319.24,1314.93,1318.71,0
2016-06-30 10:00:00,1318.69,1320.38,1315.95,1315.95,0
2016-06-30 11:00:00,1315.94,1317.95,1315.61,1317.35,0
2016-06-30 12:00:00,1317.35,1318.85,1315.65,1317.78,0
2016-06-30 13:00:00,1317.78,1321.05,1316.72,1318.59,0
2016-06-30 14:00:00,1318.7,1322.39,1317.57,1320.76,0
2016-06-30 15:00:00,1320.78,1321.17,1315.56,1319.44,0
2016-06-30 16:00:00,1319.38,1323.05,1318.12,1319.69,0
2016-06-30 17:00:00,1319.68,1321.62,1314.7,1316.1,0
2016-06-30 18:00:00,1316.07,1319.41,1315.97,1319.24,0
2016-06-30 19:00:00,1319.32,1320.62,1318.83,1320.11,0
2016-06-30 20:00:00,1320.22,1324.21,1319.87,1324.21,0
2016-06-30 21:00:00,1324.16,1324.17,1321.47,1322.22,0
2016-06-30 23:00:00,1323.37,1323.47,1321.66,1323.23,0
2016-07-01 00:00:00,1323.17,1326.73,1320.76,1321.8,0
2016-07-01 01:00:00,1321.79,1323.16,1321.05,1321.51,0
2016-07-01 02:00:00,1321.49,1329.79,1320.56,1328.41,0
2016-07-01 03:00:00,1328.46,1329.56,1326.79,1328.23,0
2016-07-01 04:00:00,1328.21,1331.16,1327.63,1330.49,0
2016-07-01 05:00:00,1330.49,1330.88,1329.49,1330.36,0
2016-07-01 06:00:00,1330.36,1336.19,1329.65,1333.67,0
2016-07-01 07:00:00,1333.59,1334.49,1330.6,1331.91,0
2016-07-01 08:00:00,1331.86,1338.2,1331.01,1335.06,0
2016-07-01 09:00:00,1335.11,1335.62,1332.84,1334.49,0
2016-07-01 10:00:00,1334.48,1335.66,1331.82,1332.01,0
2016-07-01 11:00:00,1332.01,1334.95,1331.59,1334.58,0
2016-07-01 12:00:00,1334.59,1335.67,1332.72,1332.81,0
2016-07-01 13:00:00,1332.82,1336.88,1332.82,1335.0,0
2016-07-01 14:00:00,1335.02,1341.52,1334.05,1339.82,0
2016-07-01 15:00:00,1339.77,1339.77,1334.95,1336.23,0
2016-07-01 16:00:00,1336.31,1338.18,1334.63,1335.78,0
2016-07-01 17:00:00,1335.88,1337.16,1334.89,1336.13,0
2016-07-01 18:00:00,1336.18,1337.13,1335.76,1336.38,0
2016-07-01 19:00:00,1336.49,1338.14,1335.97,1337.77,0
2016-07-01 20:00:00,1337.73,1344.59,1336.94,1344.4,0
2016-07-01 21:00:00,1344.4,1344.4,1340.73,1340.98,0
2016-07-03 23:00:00,1342.47,1342.47,1336.06,1341.78,0
2016-07-04 00:00:00,1341.78,1345.0,1341.18,1342.89,0
2016-07-04 01:00:00,1342.93,1343.68,1340.5,1341.26,0
2016-07-04 02:00:00,1341.21,1350.47,1340.41,1348.59,0
2016-07-04 03:00:00,1348.58,1357.5,1343.82,1345.32,0
2016-07-04 04:00:00,1345.34,1347.86,1342.84,1345.93,0
2016-07-04 05:00:00,1345.89,1348.63,1345.21,1346.44,0
2016-07-04 06:00:00,1346.48,1352.2,1345.08,1349.58,0
2016-07-04 07:00:00,1349.5,1353.19,1348.61,1350.48,0
2016-07-04 08:00:00,1350.48,1352.15,1345.97,1349.97,0
2016-07-04 09:00:00,1350.16,1351.17,1347.74,1349.87,0
2016-07-04 10:00:00,1349.89,1352.02,1348.77,1351.85,0
2016-07-04 11:00:00,1351.85,1353.01,1349.9,1351.3,0
2016-07-04 12:00:00,1351.29,1353.04,1349.74,1351.13,0
2016-07-04 13:00:00,1351.17,1352.95,1349.87,1351.97,0
2016-07-04 14:00:00,1351.91,1353.89,1349.32,1350.54,0
2016-07-04 15:00:00,1350.49,1352.42,1348.96,1350.86,0
2016-07-04 16:00:00,1350.86,1351.96,1349.69,1350.91,0
2016-07-04 17:00:00,1350.89,1351.8,1350.5,1350.8,0
2016-07-04 23:00:00,1348.48,1349.76,1347.54,1349.56,0
2016-07-05 00:00:00,1349.54,1350.55,1347.96,1349.6,0
2016-07-05 01:00:00,1349.64,1352.3,1348.25,1351.88,0
2016-07-05 02:00:00,1351.76,1352.24,1338.11,1342.69,0
2016-07-05 03:00:00,1342.77,1345.73,1341.93,1343.47,0
2016-07-05 04:00:00,1343.47,1345.36,1342.54,1344.05,0
2016-07-05 05:00:00,1344.15,1344.52,1342.96,1343.26,0
2016-07-05 06:00:00,1343.27,1343.66,1341.23,1342.65,0
2016-07-05 07:00:00,1342.72,1345.05,1341.92,1344.73,0
2016-07-05 08:00:00,1344.71,1346.55,1343.24,1346.09,0
2016-07-05 09:00:00,1345.99,1346.41,1342.95,1344.93,0
2016-07-05 10:00:00,1345.0,1346.25,1344.58,1345.49,0
2016-07-05 11:00:00,1345.47,1349.66,1344.05,1349.14,0
2016-07-05 12:00:00,1349.13,1350.09,1346.16,1349.05,0
2016-07-05 13:00:00,1349.05,1349.42,1345.55,1349.25,0
2016-07-05 14:00:00,1349.25,1352.95,1347.23,1350.52,0
2016-07-05 15:00:00,1350.52,1351.55,1343.6,1344.75,0
2016-07-05 16:00:00,1344.75,1351.61,1342.29,1350.82,0
2016-07-05 17:00:00,1350.82,1356.02,1350.82,1354.93,0
2016-07-05 18:00:00,1354.93,1356.95,1353.02,1355.52,0
2016-07-05 19:00:00,1355.5,1356.84,1354.42,1355.26,0
2016-07-05 20:00:00,1355.26,1356.7,1354.0,1355.46,0
2016-07-05 21:00:00,1355.39,1357.72,1352.53,1352.73,0
2016-07-05 23:00:00,1356.56,1360.22,1355.99,1359.51,0
2016-07-06 00:00:00,1359.5,1364.77,1358.74,1362.63,0
2016-07-06 01:00:00,1362.7,1364.8,1361.22,1363.13,0
2016-07-06 02:00:00,1363.07,1371.24,1362.33,1368.88,0
2016-07-06 03:00:00,1368.97,1369.56,1366.35,1367.44,0
2016-07-06 04:00:00,1367.4,1368.58,1365.14,1367.01,0
2016-07-06 05:00:00,1366.98,1369.57,1365.97,1368.12,0
2016-07-06 06:00:00,1368.08,1370.94,1366.65,1370.27,0
2016-07-06 07:00:00,1370.22,1370.98,1365.31,1367.98,0
2016-07-06 08:00:00,1367.88,1368.24,1364.3,1366.82,0
2016-07-06 09:00:00,1366.8,1370.63,1366.06,1369.28,0
2016-07-06 10:00:00,1369.32,1372.1,1368.68,1370.88,0
2016-07-06 11:00:00,1370.87,1375.19,1370.87,1373.88,0
2016-07-06 12:00:00,1373.87,1374.53,1370.92,1371.68,0
2016-07-06 13:00:00,1371.69,1372.31,1367.38,1370.91,0
2016-07-06 14:00:00,1370.95,1371.81,1364.79,1368.02,0
2016-07-06 15:00:00,1366.1,1373.09,1363.27,1372.46,0
2016-07-06 16:00:00,1372.43,1373.47,1365.58,1366.75,0
2016-07-06 17:00:00,1366.77,1367.02,1364.12,1364.82,0
2016-07-06 18:00:00,1364.78,1367.99,1364.63,1367.58,0
2016-07-06 19:00:00,1367.58,1369.0,1359.77,1363.24,0
2016-07-06 20:00:00,1363.24,1366.69,1362.7,1363.86,0
2016-07-06 21:00:00,1363.89,1364.46,1360.33,1360.33,0
2016-07-06 23:00:00,1363.13,1367.09,1362.56,1366.83,0
2016-07-07 00:00:00,1366.83,1368.1,1366.15,1366.35,0
2016-07-07 01:00:00,1366.35,1369.74,1365.38,1367.93,0
2016-07-07 02:00:00,1367.94,1370.77,1366.88,1368.67,0
2016-07-07 03:00:00,1368.71,1369.42,1367.77,1368.73,0
2016-07-07 04:00:00,1368.66,1368.95,1366.79,1367.76,0
2016-07-07 05:00:00,1367.76,1368.29,1366.72,1367.51,0
2016-07-07 06:00:00,1367.52,1368.89,1367.22,1368.0,0
2016-07-07 07:00:00,1367.99,1369.01,1365.47,1366.34,0
2016-07-07 08:00:00,1366.38,1368.53,1365.9,1367.42,0
2016-07-07 09:00:00,1367.42,1368.13,1365.83,1367.44,0
2016-07-07 10:00:00,1367.48,1367.89,1365.84,1366.3,0
2016-07-07 11:00:00,1366.28,1366.3,1363.72,1364.53,0
2016-07-07 12:00:00,1364.51,1364.61,1360.23,1364.01,0
2016-07-07 13:00:00,1364.0,1365.92,1360.21,1362.16,0
2016-07-07 14:00:00,1362.26,1362.26,1353.56,1355.08,0
2016-07-07 15:00:00,1355.13,1356.8,1350.9,1353.93,0
2016-07-07 16:00:00,1354.01,1357.84,1353.22,1356.32,0
2016-07-07 17:00:00,1356.32,1362.01,1356.21,1361.04,0
2016-07-07 18:00:00,1360.95,1362.69,1357.91,1358.0,0
2016-07-07 19:00:00,1358.0,1361.11,1357.63,1360.45,0
2016-07-07 20:00:00,1360.43,1361.7,1358.71,1359.21,0
2016-07-07 21:00:00,1359.21,1362.97,1359.11,1359.2,0
2016-07-07 23:00:00,1359.32,1361.8,1358.9,1361.15,0
2016-07-08 00:00:00,1361.15,1361.8,1359.48,1361.0,0
2016-07-08 01:00:00,1361.09,1362.11,1357.33,1358.38,0
2016-07-08 02:00:00,1358.29,1358.29,1354.65,1355.65,0
2016-07-08 03:00:00,1355.61,1356.58,1354.96,1356.24,0
2016-07-08 04:00:00,1356.23,1359.31,1355.84,1359.05,0
2016-07-08 05:00:00,1359.02,1359.39,1357.91,1358.03,0
2016-07-08 06:00:00,1358.03,1359.23,1356.8,1357.85,0
2016-07-08 07:00:00,1357.81,1358.55,1355.54,1355.93,0
2016-07-08 08:00:00,1355.96,1356.76,1354.15,1355.14,0
2016-07-08 09:00:00,1355.16,1356.51,1354.67,1356.19,0
2016-07-08 10:00:00,1356.19,1356.99,1355.69,1356.47,0
2016-07-08 11:00:00,1356.49,1357.76,1355.98,1357.09,0
2016-07-08 12:00:00,1357.11,1357.71,1354.98,1355.16,0
2016-07-08 13:00:00,1355.14,1364.1,1335.35,1347.45,0
2016-07-08 14:00:00,1347.38,1370.43,1346.79,1352.99,0
2016-07-08 15:00:00,1352.98,1357.26,1351.74,1355.04,0
2016-07-08 16:00:00,1355.05,1356.53,1351.14,1352.94,0
2016-07-08 17:00:00,1352.99,1356.84,1352.93,1355.92,0
2016-07-08 18:00:00,1355.9,1361.28,1355.8,1360.52,0
2016-07-08 19:00:00,1360.59,1363.08,1359.01,1362.71,0
2016-07-08 20:00:00,1362.71,1366.69,1361.77,1366.59,0
2016-07-08 21:00:00,1366.66,1367.57,1363.96,1366.27,0
2016-07-10 23:00:00,1369.64,1375.17,1367.0,1372.72,0
2016-07-11 00:00:00,1372.72,1372.92,1369.46,1369.88,0
2016-07-11 01:00:00,1369.98,1370.54,1364.77,1365.09,0
2016-07-11 02:00:00,1365.09,1371.27,1363.17,1369.5,0
2016-07-11 03:00:00,1369.5,1370.72,1368.17,1369.42,0
2016-07-11 04:00:00,1369.4,1370.07,1368.01,1368.59,0
2016-07-11 05:00:00,1368.58,1368.61,1365.24,1365.47,0
2016-07-11 06:00:00,1365.55,1367.06,1362.78,1362.97,0
2016-07-11 07:00:00,1362.97,1363.85,1361.49,1362.79,0
2016-07-11 08:00:00,1362.69,1362.96,1357.46,1360.03,0
2016-07-11 09:00:00,1360.1,1360.78,1357.3,1357.73,0
2016-07-11 10:00:00,1357.73,1360.62,1356.93,1359.28,0
2016-07-11 11:00:00,1359.19,1360.4,1358.6,1359.51,0
2016-07-11 12:00:00,1359.51,1359.76,1355.54,1357.49,0
2016-07-11 13:00:00,1357.45,1357.67,1352.74,1353.42,0
2016-07-11 14:00:00,1353.4,1358.64,1350.88,1357.07,0
2016-07-11 15:00:00,1356.97,1359.76,1355.27,1358.58,0
2016-07-11 16:00:00,1358.58,1359.88,1356.7,1359.78,0
2016-07-11 17:00:00,1359.78,1360.34,1357.3,1359.27,0
2016-07-11 18:00:00,1359.25,1359.25,1353.74,1354.73,0
2016-07-11 19:00:00,1354.68,1356.29,1354.06,1354.23,0
2016-07-11 20:00:00,1354.24,1354.98,1352.86,1354.42,0
2016-07-11 21:00:00,1354.38,1356.01,1353.95,1353.95,0
2016-07-11 23:00:00,1354.8,1355.92,1352.99,1353.39,0
2016-07-12 00:00:00,1353.38,1355.03,1353.18,1354.26,0
2016-07-12 01:00:00,1354.34,1356.81,1353.1,1353.3,0
2016-07-12 02:00:00,1353.37,1357.12,1351.86,1356.86,0
2016-07-12 03:00:00,1356.86,1357.72,1354.87,1356.05,0
2016-07-12 04:00:00,1356.08,1356.74,1355.42,1356.13,0
2016-07-12 05:00:00,1356.19,1356.95,1353.95,1354.14,0
2016-07-12 06:00:00,1354.13,1356.36,1353.64,1355.83,0
2016-07-12 07:00:00,1355.79,1356.5,1353.31,1354.79,0
2016-07-12 08:00:00,1354.78,1357.64,1354.2,1356.6,0
2016-07-12 09:00:00,1356.64,1357.54,1354.87,1355.36,0
2016-07-12 10:00:00,1355.4,1355.97,1350.45,1350.88,0
2016-07-12 11:00:00,1350.81,1353.82,1350.5,1351.78,0
2016-07-12 12:00:00,1351.74,1351.78,1346.35,1348.41,0
2016-07-12 13:00:00,1348.41,1348.78,1344.72,1347.23,0
2016-07-12 14:00:00,1347.24,1349.71,1341.3,1342.77,0
2016-07-12 15:00:00,1342.71,1345.45,1340.47,1344.19,0
2016-07-12 16:00:00,1344.19,1344.43,1334.19,1337.37,0
2016-07-12 17:00:00,1337.32,1338.0,1330.37,1332.53,0
2016-07-12 18:00:00,1332.52,1335.34,1331.6,1333.71,0
2016-07-12 19:00:00,1333.64,1335.16,1332.25,1334.19,0
2016-07-12 20:00:00,1334.19,1335.03,1331.85,1331.95,0
2016-07-12 21:00:00,1331.95,1334.48,1330.13,1330.13,0
2016-07-12 23:00:00,1333.64,1335.09,1333.02,1333.81,0
2016-07-13 00:00:00,1333.8,1334.71,1332.86,1333.87,0
2016-07-13 01:00:00,1333.86,1335.61,1331.94,1332.16,0
2016-07-13 02:00:00,1332.13,1333.16,1327.58,1330.98,0
2016-07-13 03:00:00,1330.93,1338.86,1330.24,1338.7,0
2016-07-13 04:00:00,1338.72,1340.54,1335.32,1335.67,0
2016-07-13 05:00:00,1335.67,1338.17,1335.44,1337.47,0
2016-07-13 06:00:00,1337.5,1339.97,1337.05,1338.86,0
2016-07-13 07:00:00,1338.91,1342.42,1337.77,1342.01,0
2016-07-13 08:00:00,1342.01,1344.17,1340.04,1342.85,0
2016-07-13 09:00:00,1342.75,1343.05,1340.79,1340.91,0
2016-07-13 10:00:00,1340.9,1341.63,1337.86,1338.41,0
2016-07-13 11:00:00,1338.33,1339.68,1336.4,1337.41,0
2016-07-13 12:00:00,1337.47,1341.16,1337.15,1340.82,0
2016-07-13 13:00:00,1340.86,1343.13,1338.76,1341.5,0
2016-07-13 14:00:00,1341.51,1345.34,1338.87,1343.35,0
2016-07-13 15:00:00,1343.31,1343.64,1336.78,1338.44,0
2016-07-13 16:00:00,1338.34,1344.01,1338.19,1342.09,0
2016-07-13 17:00:00,1341.98,1344.29,1341.39,1342.76,0
2016-07-13 18:00:00,1342.78,1343.54,1341.77,1343.28,0
2016-07-13 19:00:00,1343.29,1344.33,1342.77,1343.51,0
2016-07-13 20:00:00,1343.53,1343.94,1342.64,1343.84,0
2016-07-13 21:00:00,1343.84,1344.17,1342.41,1342.66,0
2016-07-13 23:00:00,1343.71,1345.31,1343.04,1344.66,0
2016-07-14 00:00:00,1344.68,1346.7,1344.16,1345.7,0
2016-07-14 01:00:00,1345.79,1347.15,1344.57,1346.31,0
2016-07-14 02:00:00,1346.38,1346.92,1338.06,1342.8,0
2016-07-14 03:00:00,1342.81,1342.87,1338.28,1339.88,0
2016-07-14 04:00:00,1339.88,1339.88,1337.44,1339.78,0
2016-07-14 05:00:00,1339.75,1339.75,1336.79,1337.2,0
2016-07-14 06:00:00,1337.18,1338.19,1333.44,1334.0,0
2016-07-14 07:00:00,1333.95,1335.33,1332.09,1332.84,0
2016-07-14 08:00:00,1332.84,1333.39,1331.42,1333.09,0
2016-07-14 09:00:00,1333.1,1333.8,1324.95,1325.6,0
2016-07-14 10:00:00,1325.6,1328.3,1324.7,1326.97,0
2016-07-14 11:00:00,1326.93,1330.47,1326.49,1329.27,0
2016-07-14 12:00:00,1329.26,1330.17,1321.96,1324.9,0
2016-07-14 13:00:00,1324.9,1326.97,1320.65,1322.32,0
2016-07-14 14:00:00,1322.18,1325.26,1320.22,1324.46,0
2016-07-14 15:00:00,1324.36,1330.06,1323.52,1328.7,0
2016-07-14 16:00:00,1328.7,1331.5,1327.85,1330.08,0
2016-07-14 17:00:00,1330.05,1333.64,1328.2,1333.11,0
2016-07-14 18:00:00,1333.09,1333.31,1330.74,1331.96,0
2016-07-14 19:00:00,1331.99,1333.03,1330.77,1332.14,0
2016-07-14 20:00:00,1332.06,1333.97,1332.04,1333.77,0
2016-07-14 21:00:00,1333.78,1335.39,1333.42,1335.1,0
2016-07-14 23:00:00,1336.1,1336.75,1333.51,1334.12,0
2016-07-15 00:00:00,1334.13,1335.88,1333.5,1335.38,0
2016-07-15 01:00:00,1335.37,1335.79,1331.02,1332.54,0
2016-07-15 02:00:00,1332.6,1332.64,1326.86,1329.43,0
2016-07-15 03:00:00,1329.46,1329.84,1327.04,1329.44,0
2016-07-15 04:00:00,1329.46,1330.25,1328.43,1328.95,0
2016-07-15 05:00:00,1328.96,1329.9,1326.51,1329.89,0
2016-07-15 06:00:00,1329.86,1334.55,1329.14,1333.61,0
2016-07-15 07:00:00,1333.6,1333.99,1330.95,1333.23,0
2016-07-15 08:00:00,1333.23,1333.88,1331.33,1332.69,0
2016-07-15 09:00:00,1332.69,1333.73,1331.91,1333.02,0
2016-07-15 10:00:00,1333.04,1333.45,1330.34,1332.53,0
2016-07-15 11:00:00,1332.53,1335.54,1332.03,1334.46,0
2016-07-15 12:00:00,1334.47,1334.88,1331.99,1334.23,0
2016-07-15 13:00:00,1334.26,1336.34,1326.96,1329.6,0
2016-07-15 14:00:00,1329.51,1330.49,1322.59,1327.45,0
2016-07-15 15:00:00,1327.39,1328.32,1323.54,1325.47,0
2016-07-15 16:00:00,1325.47,1330.46,1323.51,1328.0,0
2016-07-15 17:00:00,1328.04,1332.23,1327.53,1330.64,0
2016-07-15 18:00:00,1330.66,1330.74,1326.16,1327.42,0
2016-07-15 19:00:00,1327.42,1329.43,1327.0,1328.96,0
2016-07-15 20:00:00,1328.96,1329.1,1325.87,1328.72,0
2016-07-15 21:00:00,1328.66,1338.84,1327.18,1337.5,0
2016-07-17 23:00:00,1332.33,1334.37,1330.09,1330.81,0
2016-07-18 00:00:00,1330.96,1333.84,1330.33,1332.84,0
2016-07-18 01:00:00,1332.84,1334.69,1331.53,1332.55,0
2016-07-18 02:00:00,1332.44,1332.44,1323.78,1326.93,0
2016-07-18 03:00:00,1326.93,1330.78,1325.74,1328.88,0
2016-07-18 04:00:00,1328.94,1330.73,1328.43,1328.57,0
2016-07-18 05:00:00,1328.59,1329.38,1325.25,1327.72,0
2016-07-18 06:00:00,1327.72,1330.66,1327.66,1329.37,0
2016-07-18 07:00:00,1329.31,1329.98,1326.44,1328.32,0
2016-07-18 08:00:00,1328.4,1329.08,1325.47,1328.18,0
2016-07-18 09:00:00,1328.16,1329.64,1327.42,1328.55,0
2016-07-18 10:00:00,1328.53,1328.6,1326.24,1328.04,0
2016-07-18 11:00:00,1328.06,1328.06,1324.33,1325.89,0
2016-07-18 12:00:00,1325.94,1326.22,1323.53,1325.86,0
2016-07-18 13:00:00,1325.86,1329.74,1325.31,1329.22,0
2016-07-18 14:00:00,1329.23,1335.51,1328.91,1333.11,0
2016-07-18 15:00:00,1333.19,1334.66,1329.7,1330.59,0
2016-07-18 16:00:00,1330.69,1331.21,1327.1,1327.7,0
2016-07-18 17:00:00,1327.7,1329.05,1326.5,1328.12,0
2016-07-18 18:00:00,1328.08,1329.51,1326.8,1328.81,0
2016-07-18 19:00:00,1328.81,1329.67,1328.11,1328.4,0
2016-07-18 20:00:00,1328.39,1331.55,1327.28,1330.63,0
2016-07-18 21:00:00,1330.69,1330.72,1328.27,1328.78,0
2016-07-18 23:00:00,1328.55,1328.85,1327.03,1327.79,0
2016-07-19 00:00:00,1327.76,1329.29,1327.46,1328.97,0
2016-07-19 01:00:00,1328.9,1330.45,1327.91,1328.94,0
2016-07-19 02:00:00,1328.96,1330.27,1325.66,1329.49,0
2016-07-19 03:00:00,1329.43,1331.84,1328.56,1329.05,0
2016-07-19 04:00:00,1329.04,1330.14,1328.52,1329.02,0
2016-07-19 05:00:00,1329.02,1330.87,1328.83,1330.11,0
2016-07-19 06:00:00,1330.11,1330.33,1326.94,1328.07,0
2016-07-19 07:00:00,1328.07,1331.54,1326.8,1329.91,0
2016-07-19 08:00:00,1329.87,1330.43,1327.93,1329.57,0
2016-07-19 09:00:00,1329.57,1335.1,1329.33,1333.99,0
2016-07-19 10:00:00,1334.09,1334.23,1331.07,1332.3,0
2016-07-19 11:00:00,1332.32,1333.56,1331.59,1331.8,0
2016-07-19 12:00:00,1331.81,1333.44,1331.01,1332.57,0
2016-07-19 13:00:00,1332.55,1333.31,1329.16,1330.32,0
2016-07-19 14:00:00,1330.32,1331.82,1327.89,1331.33,0
2016-07-19 15:00:00,1331.33,1333.99,1330.56,1330.86,0
2016-07-19 16:00:00,1330.86,1333.03,1328.93,1332.42,0
2016-07-19 17:00:00,1332.32,1333.93,1331.81,1332.81,0
2016-07-19 18:00:00,1332.89,1333.25,1331.84,1333.24,0
2016-07-19 19:00:00,1333.23,1333.5,1331.5,1331.9,0
2016-07-19 20:00:00,1331.91,1332.7,1330.83,1332.29,0
2016-07-19 21:00:00,1332.26,1332.74,1331.79,1331.93,0
2016-07-19 23:00:00,1331.5,1332.67,1331.5,1331.83,0
2016-07-20 00:00:00,1331.85,1333.72,1331.83,1332.95,0
2016-07-20 01:00:00,1332.93,1334.59,1332.0,1332.97,0
2016-07-20 02:00:00,1333.03,1338.38,1330.57,1333.21,0
2016-07-20 03:00:00,1333.19,1333.24,1331.4,1331.59,0
2016-07-20 04:00:00,1331.58,1333.56,1330.83,1333.33,0
2016-07-20 05:00:00,1333.31,1333.82,1331.6,1331.81,0
2016-07-20 06:00:00,1331.86,1332.16,1329.38,1329.96,0
2016-07-20 07:00:00,1329.64,1330.49,1328.36,1328.54,0
2016-07-20 08:00:00,1328.5,1329.11,1324.42,1327.38,0
2016-07-20 09:00:00,1327.38,1328.34,1325.67,1326.84,0
2016-07-20 10:00:00,1326.75,1327.34,1325.28,1325.99,0
2016-07-20 11:00:00,1325.97,1326.02,1321.82,1323.02,0
2016-07-20 12:00:00,1323.03,1324.11,1318.29,1318.29,0
2016-07-20 13:00:00,1318.33,1319.58,1315.25,1316.66,0
2016-07-20 14:00:00,1316.7,1318.16,1313.62,1315.22,0
2016-07-20 15:00:00,1315.31,1320.02,1314.96,1318.82,0
2016-07-20 16:00:00,1318.9,1321.05,1317.53,1320.0,0
2016-07-20 17:00:00,1320.02,1320.03,1317.35,1319.21,0
2016-07-20 18:00:00,1319.22,1319.81,1316.86,1317.67,0
2016-07-20 19:00:00,1317.7,1318.3,1317.18,1317.38,0
2016-07-20 20:00:00,1317.47,1317.47,1312.68,1313.79,0
2016-07-20 21:00:00,1313.79,1316.29,1312.97,1315.8,0
2016-07-20 23:00:00,1316.26,1316.46,1312.77,1314.32,0
2016-07-21 00:00:00,1314.35,1315.17,1312.62,1312.88,0
2016-07-21 01:00:00,1312.86,1313.72,1310.91,1311.87,0
2016-07-21 02:00:00,1311.92,1314.76,1311.03,1313.57,0
2016-07-21 03:00:00,1313.59,1315.45,1313.18,1314.41,0
2016-07-21 04:00:00,1314.43,1315.26,1313.44,1314.94,0
2016-07-21 05:00:00,1314.93,1315.37,1314.22,1315.23,0
2016-07-21 06:00:00,1315.23,1319.03,1315.14,1316.63,0
2016-07-21 07:00:00,1316.53,1317.84,1316.25,1317.34,0
2016-07-21 08:00:00,1317.29,1319.29,1316.74,1318.77,0
2016-07-21 09:00:00,1318.79,1322.22,1318.02,1321.28,0
2016-07-21 10:00:00,1321.32,1323.55,1319.96,1322.12,0
2016-07-21 11:00:00,1322.17,1322.77,1318.4,1319.8,0
2016-07-21 12:00:00,1319.76,1320.81,1317.93,1319.22,0
2016-07-21 13:00:00,1319.2,1322.75,1317.54,1319.51,0
2016-07-21 14:00:00,1319.43,1319.43,1314.65,1317.78,0
2016-07-21 15:00:00,1317.74,1324.67,1317.45,1322.79,0
2016-07-21 16:00:00,1322.79,1331.11,1321.68,1329.45,0
2016-07-21 17:00:00,1329.62,1332.09,1328.17,1330.14,0
2016-07-21 18:00:00,1330.21,1331.18,1328.09,1329.18,0
2016-07-21 19:00:00,1329.18,1330.51,1328.97,1330.21,0
2016-07-21 20:00:00,1330.21,1333.95,1330.21,1333.31,0
2016-07-21 21:00:00,1333.35,1333.35,1329.18,1329.31,0
2016-07-21 23:00:00,1330.82,1333.03,1330.59,1332.5,0
2016-07-22 00:00:00,1332.5,1333.82,1332.12,1332.4,0
2016-07-22 01:00:00,1332.43,1333.53,1331.49,1331.74,0
2016-07-22 02:00:00,1331.71,1333.0,1329.3,1330.27,0
2016-07-22 03:00:00,1330.33,1330.9,1326.79,1328.01,0
2016-07-22 04:00:00,1328.01,1328.03,1324.48,1326.77,0
2016-07-22 05:00:00,1326.77,1329.41,1326.72,1327.55,0
2016-07-22 06:00:00,1327.56,1328.06,1325.8,1325.95,0
2016-07-22 07:00:00,1325.92,1327.71,1324.57,1326.23,0
2016-07-22 08:00:00,1326.19,1326.31,1322.18,1323.38,0
2016-07-22 09:00:00,1323.28,1325.99,1322.94,1324.14,0
2016-07-22 10:00:00,1324.12,1326.56,1323.43,1326.14,0
2016-07-22 11:00:00,1326.12,1326.48,1321.62,1325.45,0
2016-07-22 12:00:00,1325.44,1326.76,1323.33,1324.73,0
2016-07-22 13:00:00,1324.64,1325.77,1322.47,1324.48,0
2016-07-22 14:00:00,1324.45,1326.46,1319.72,1321.54,0
2016-07-22 15:00:00,1321.56,1323.96,1320.68,1322.08,0
2016-07-22 16:00:00,1322.09,1323.76,1319.8,1323.05,0
2016-07-22 17:00:00,1323.05,1323.96,1320.13,1323.39,0
2016-07-22 18:00:00,1323.38,1325.1,1322.12,1323.49,0
2016-07-22 19:00:00,1323.58,1324.3,1322.48,1322.89,0
2016-07-22 20:00:00,1322.9,1324.49,1322.63,1323.6,0
2016-07-22 21:00:00,1323.5,1324.23,1321.52,1322.05,0
2016-07-24 23:00:00,1322.76,1322.76,1320.2,1321.86,0
2016-07-25 00:00:00,1321.97,1323.36,1321.13,1323.3,0
2016-07-25 01:00:00,1323.4,1323.79,1315.57,1315.66,0
2016-07-25 02:00:00,1315.77,1318.88,1313.57,1316.85,0
2016-07-25 03:00:00,1316.82,1317.33,1316.37,1317.22,0
2016-07-25 04:00:00,1317.19,1318.01,1316.25,1317.08,0
2016-07-25 05:00:00,1317.13,1318.0,1316.58,1317.64,0
2016-07-25 06:00:00,1317.6,1319.34,1317.02,1318.01,0
2016-07-25 07:00:00,1318.02,1318.47,1316.38,1317.1,0
2016-07-25 08:00:00,1317.07,1317.7,1315.29,1316.72,0
2016-07-25 09:00:00,1316.72,1316.94,1314.23,1315.05,0
2016-07-25 10:00:00,1315.05,1316.72,1314.94,1316.55,0
2016-07-25 11:00:00,1316.55,1318.99,1316.42,1317.03,0
2016-07-25 12:00:00,1317.04,1317.99,1316.31,1316.68,0
2016-07-25 13:00:00,1316.69,1318.07,1316.1,1316.1,0
2016-07-25 14:00:00,1316.11,1316.36,1312.37,1313.87,0
2016-07-25 15:00:00,1313.87,1315.27,1312.92,1314.35,0
2016-07-25 16:00:00,1314.33,1320.33,1314.26,1319.61,0
2016-07-25 17:00:00,1319.6,1322.21,1319.33,1320.3,0
2016-07-25 18:00:00,1320.42,1321.29,1319.11,1320.14,0
2016-07-25 19:00:00,1320.19,1320.94,1316.75,1317.25,0
2016-07-25 20:00:00,1317.18,1317.91,1314.21,1314.55,0
2016-07-25 21:00:00,1314.5,1316.15,1313.82,1313.86,0
2016-07-25 23:00:00,1315.1,1316.92,1314.91,1316.81,0
2016-07-26 00:00:00,1316.81,1316.87,1314.27,1316.15,0
2016-07-26 01:00:00,1316.17,1320.58,1316.08,1320.11,0
2016-07-26 02:00:00,1320.1,1322.61,1318.47,1318.68,0
2016-07-26 03:00:00,1318.69,1320.25,1313.83,1316.13,0
2016-07-26 04:00:00,1316.13,1316.73,1314.73,1315.86,0
2016-07-26 05:00:00,1315.86,1320.58,1315.34,1319.43,0
2016-07-26 06:00:00,1319.43,1319.58,1317.98,1319.08,0
2016-07-26 07:00:00,1319.1,1320.27,1315.03,1318.8,0
2016-07-26 08:00:00,1318.71,1323.5,1318.07,1321.09,0
2016-07-26 09:00:00,1321.09,1323.35,1320.38,1321.96,0
2016-07-26 10:00:00,1321.89,1324.52,1321.49,1321.91,0
2016-07-26 11:00:00,1321.92,1322.0,1319.77,1320.87,0
2016-07-26 12:00:00,1320.89,1321.58,1318.75,1319.76,0
2016-07-26 13:00:00,1319.71,1321.02,1319.12,1320.83,0
2016-07-26 14:00:00,1320.83,1322.51,1318.58,1319.52,0
2016-07-26 15:00:00,1319.52,1321.14,1318.44,1320.44,0
2016-07-26 16:00:00,1320.44,1321.12,1317.65,1317.71,0
2016-07-26 17:00:00,1317.67,1320.45,1317.55,1320.22,0
2016-07-26 18:00:00,1320.23,1321.45,1319.24,1320.6,0
2016-07-26 19:00:00,1320.6,1321.74,1319.87,1320.26,0
2016-07-26 20:00:00,1320.3,1320.57,1319.17,1319.96,0
2016-07-26 21:00:00,1319.95,1320.76,1318.79,1318.83,0
2016-07-26 23:00:00,1319.77,1319.97,1319.0,1319.6,0
2016-07-27 00:00:00,1319.6,1320.2,1318.74,1319.13,0
2016-07-27 01:00:00,1319.16,1319.46,1316.69,1317.08,0
2016-07-27 02:00:00,1317.08,1319.01,1316.55,1318.48,0
2016-07-27 03:00:00,1318.5,1319.35,1316.56,1316.56,0
2016-07-27 04:00:00,1316.5,1318.89,1315.79,1317.96,0
2016-07-27 05:00:00,1317.93,1320.59,1317.88,1319.79,0
2016-07-27 06:00:00,1319.89,1320.48,1317.88,1318.07,0
2016-07-27 07:00:00,1318.08,1319.21,1317.57,1318.82,0
2016-07-27 08:00:00,1318.81,1320.23,1318.18,1319.46,0
2016-07-27 09:00:00,1319.43,1320.1,1318.49,1319.85,0
2016-07-27 10:00:00,1319.85,1321.41,1319.24,1320.17,0
2016-07-27 11:00:00,1320.18,1321.3,1319.89,1320.7,0
2016-07-27 12:00:00,1320.77,1321.5,1319.16,1319.53,0
2016-07-27 13:00:00,1319.55,1324.12,1319.45,1322.87,0
2016-07-27 14:00:00,1322.83,1329.11,1322.77,1327.77,0
2016-07-27 15:00:00,1327.8,1329.42,1325.48,1327.23,0
2016-07-27 16:00:00,1327.23,1328.21,1326.39,1326.86,0
2016-07-27 17:00:00,1326.84,1327.58,1325.89,1327.18,0
2016-07-27 18:00:00,1327.25,1327.92,1326.05,1326.99,0
2016-07-27 19:00:00,1326.93,1336.08,1321.03,1335.73,0
2016-07-27 20:00:00,1335.63,1341.89,1335.22,1341.05,0
2016-07-27 21:00:00,1341.06,1342.45,1338.86,1338.86,0
2016-07-27 23:00:00,1339.07,1339.62,1337.79,1338.84,0
2016-07-28 00:00:00,1338.92,1340.77,1337.72,1339.67,0
2016-07-28 01:00:00,1339.77,1340.63,1338.71,1339.12,0
2016-07-28 02:00:00,1339.16,1340.07,1336.99,1337.42,0
2016-07-28 03:00:00,1337.46,1337.95,1336.42,1337.95,0
2016-07-28 04:00:00,1337.94,1338.6,1337.58,1337.73,0
2016-07-28 05:00:00,1337.72,1338.93,1337.23,1338.81,0
2016-07-28 06:00:00,1338.83,1339.89,1338.49,1339.29,0
2016-07-28 07:00:00,1339.29,1341.22,1338.91,1339.98,0
2016-07-28 08:00:00,1339.98,1343.04,1339.97,1342.91,0
2016-07-28 09:00:00,1342.9,1343.1,1341.17,1341.71,0
2016-07-28 10:00:00,1341.73,1342.12,1338.79,1340.25,0
2016-07-28 11:00:00,1340.24,1340.63,1339.4,1340.15,0
2016-07-28 12:00:00,1340.24,1343.02,1340.15,1342.77,0
2016-07-28 13:00:00,1342.67,1345.66,1342.13,1343.05,0
2016-07-28 14:00:00,1343.05,1343.77,1340.25,1341.77,0
2016-07-28 15:00:00,1341.77,1342.4,1335.64,1337.26,0
2016-07-28 16:00:00,1337.26,1338.51,1333.8,1334.13,0
2016-07-28 17:00:00,1334.13,1335.11,1333.12,1334.91,0
2016-07-28 18:00:00,1334.93,1336.39,1332.53,1334.5,0
2016-07-28 19:00:00,1334.49,1335.7,1334.04,1335.27,0
2016-07-28 20:00:00,1334.99,1337.69,1334.53,1337.16,0
2016-07-28 21:00:00,1337.07,1337.1,1334.15,1334.15,0
2016-07-28 23:00:00,1335.52,1338.23,1335.22,1335.9,0
2016-07-29 00:00:00,1335.86,1336.68,1334.91,1336.07,0
2016-07-29 01:00:00,1336.13,1339.18,1336.13,1338.29,0
2016-07-29 02:00:00,1338.23,1339.2,1337.02,1339.0,0
2016-07-29 03:00:00,1339.0,1340.37,1335.48,1337.33,0
2016-07-29 04:00:00,1337.32,1343.85,1328.46,1340.52,0
2016-07-29 05:00:00,1340.5,1341.96,1336.82,1337.23,0
2016-07-29 06:00:00,1337.22,1337.22,1332.92,1334.23,0
2016-07-29 07:00:00,1334.25,1336.44,1333.77,1334.62,0
2016-07-29 08:00:00,1334.71,1335.8,1332.25,1332.9,0
2016-07-29 09:00:00,1332.99,1333.03,1330.28,1331.16,0
2016-07-29 10:00:00,1331.12,1334.22,1331.07,1333.86,0
2016-07-29 11:00:00,1333.86,1335.56,1333.41,1335.42,0
2016-07-29 12:00:00,1335.42,1335.61,1334.03,1334.79,0
2016-07-29 13:00:00,1334.88,1347.8,1334.05,1345.59,0
2016-07-29 14:00:00,1345.59,1348.95,1339.46,1342.44,0
2016-07-29 15:00:00,1342.46,1347.6,1342.15,1346.97,0
2016-07-29 16:00:00,1346.92,1350.07,1346.58,1349.42,0
2016-07-29 17:00:00,1349.46,1350.97,1346.11,1346.72,0
2016-07-29 18:00:00,1346.76,1353.65,1346.76,1351.87,0
2016-07-29 19:00:00,1351.84,1353.56,1350.82,1353.41,0
2016-07-29 20:00:00,1353.4,1355.05,1351.25,1351.25,0
2016-07-29 21:00:00,1351.33,1352.03,1349.92,1351.07,0
2016-07-31 23:00:00,1349.56,1351.16,1349.46,1349.8,0
2016-08-01 00:00:00,1349.8,1349.9,1348.21,1349.08,0
2016-08-01 01:00:00,1349.06,1349.19,1346.31,1346.88,0
2016-08-01 02:00:00,1346.83,1351.76,1346.65,1350.6,0
2016-08-01 03:00:00,1350.68,1351.36,1348.53,1349.34,0
2016-08-01 04:00:00,1349.33,1350.62,1347.99,1350.13,0
2016-08-01 05:00:00,1350.1,1351.0,1349.36,1350.49,0
2016-08-01 06:00:00,1350.49,1350.9,1347.43,1347.73,0
2016-08-01 07:00:00,1347.67,1348.21,1346.75,1347.71,0
2016-08-01 08:00:00,1347.72,1349.18,1346.66,1348.65,0
2016-08-01 09:00:00,1348.73,1350.16,1348.0,1349.03,0
2016-08-01 10:00:00,1349.03,1349.67,1348.53,1349.49,0
2016-08-01 11:00:00,1349.49,1349.68,1347.58,1348.39,0
2016-08-01 12:00:00,1348.38,1348.81,1347.29,1348.32,0
2016-08-01 13:00:00,1348.32,1349.3,1346.77,1347.91,0
2016-08-01 14:00:00,1347.97,1349.8,1346.4,1348.91,0
2016-08-01 15:00:00,1348.92,1350.51,1347.21,1349.71,0
2016-08-01 16:00:00,1349.71,1352.92,1349.12,1352.63,0
2016-08-01 17:00:00,1352.72,1354.21,1351.76,1353.27,0
2016-08-01 18:00:00,1353.26,1353.81,1351.54,1352.54,0
2016-08-01 19:00:00,1352.56,1353.57,1352.3,1352.99,0
2016-08-01 20:00:00,1352.98,1354.7,1352.92,1353.38,0
2016-08-01 21:00:00,1353.45,1354.91,1351.37,1351.42,0
2016-08-01 23:00:00,1353.33,1354.21,1353.03,1353.96,0
2016-08-02 00:00:00,1353.97,1353.97,1352.56,1352.78,0
2016-08-02 01:00:00,1352.76,1353.47,1351.68,1352.52,0
2016-08-02 02:00:00,1352.51,1353.19,1347.43,1348.19,0
2016-08-02 03:00:00,1348.17,1348.95,1347.14,1348.65,0
2016-08-02 04:00:00,1348.65,1349.74,1348.5,1349.4,0
2016-08-02 05:00:00,1349.4,1350.25,1349.3,1349.43,0
2016-08-02 06:00:00,1349.43,1351.84,1348.93,1351.84,0
2016-08-02 07:00:00,1351.84,1353.88,1351.24,1353.6,0
2016-08-02 08:00:00,1353.53,1359.45,1352.92,1358.72,0
2016-08-02 09:00:00,1358.62,1360.94,1357.42,1359.19,0
2016-08-02 10:00:00,1359.23,1360.3,1358.08,1360.02,0
2016-08-02 11:00:00,1360.03,1360.44,1357.16,1357.33,0
2016-08-02 12:00:00,1357.38,1358.92,1356.53,1358.89,0
2016-08-02 13:00:00,1358.88,1364.58,1358.88,1364.39,0
2016-08-02 14:00:00,1364.39,1364.81,1361.21,1363.57,0
2016-08-02 15:00:00,1363.58,1366.97,1363.26,1365.85,0
2016-08-02 16:00:00,1365.87,1367.29,1365.23,1366.62,0
2016-08-02 17:00:00,1366.6,1366.63,1364.23,1364.78,0
2016-08-02 18:00:00,1364.79,1366.6,1364.48,1365.18,0
2016-08-02 19:00:00,1365.18,1365.92,1364.32,1364.79,0
2016-08-02 20:00:00,1364.81,1365.82,1364.54,1364.54,0
2016-08-02 21:00:00,1364.61,1364.88,1362.08,1362.08,0
2016-08-02 23:00:00,1363.51,1363.64,1361.93,1362.13,0
2016-08-03 00:00:00,1362.13,1363.71,1361.93,1363.09,0
2016-08-03 01:00:00,1363.01,1365.57,1362.38,1364.36,0
2016-08-03 02:00:00,1364.36,1366.36,1362.03,1363.04,0
2016-08-03 03:00:00,1362.97,1363.46,1362.35,1362.45,0
2016-08-03 04:00:00,1362.45,1364.48,1361.83,1364.28,0
2016-08-03 05:00:00,1364.28,1365.27,1363.52,1363.87,0
2016-08-03 06:00:00,1363.9,1364.52,1362.86,1362.92,0
2016-08-03 07:00:00,1362.92,1365.55,1362.72,1363.75,0
2016-08-03 08:00:00,1363.75,1365.24,1363.1,1364.5,0
2016-08-03 09:00:00,1364.5,1365.77,1363.77,1363.86,0
2016-08-03 10:00:00,1363.86,1364.66,1362.8,1363.72,0
2016-08-03 11:00:00,1363.69,1365.02,1363.13,1364.19,0
2016-08-03 12:00:00,1364.19,1365.67,1363.27,1365.17,0
2016-08-03 13:00:00,1365.26,1366.45,1362.17,1363.29,0
2016-08-03 14:00:00,1363.3,1363.39,1357.8,1359.36,0
2016-08-03 15:00:00,1359.49,1359.65,1354.21,1357.69,0
2016-08-03 16:00:00,1357.76,1358.24,1356.39,1357.11,0
2016-08-03 17:00:00,1357.07,1357.68,1356.47,1357.5,0
2016-08-03 18:00:00,1357.57,1358.94,1357.04,1357.06,0
2016-08-03 19:00:00,1357.05,1358.47,1356.55,1358.08,0
2016-08-03 20:00:00,1358.1,1358.99,1356.96,1357.99,0
2016-08-03 21:00:00,1358.05,1358.46,1356.59,1356.59,0
2016-08-03 23:00:00,1358.22,1358.22,1357.28,1357.48,0
2016-08-04 00:00:00,1357.48,1358.34,1356.14,1356.2,0
2016-08-04 01:00:00,1356.2,1357.39,1354.6,1356.17,0
2016-08-04 02:00:00,1356.17,1359.2,1354.68,1358.35,0
2016-08-04 03:00:00,1358.34,1358.6,1352.9,1353.53,0
2016-08-04 04:00:00,1353.52,1353.91,1351.7,1351.99,0
2016-08-04 05:00:00,1351.99,1352.59,1349.89,1351.89,0
2016-08-04 06:00:00,1351.89,1353.31,1350.44,1352.77,0
2016-08-04 07:00:00,1352.73,1353.81,1349.62,1349.97,0
2016-08-04 08:00:00,1349.97,1353.01,1349.14,1351.7,0
2016-08-04 09:00:00,1351.74,1352.99,1350.89,1351.27,0
2016-08-04 10:00:00,1351.18,1352.68,1350.82,1351.06,0
2016-08-04 11:00:00,1351.07,1353.78,1350.76,1352.83,0
2016-08-04 12:00:00,1352.93,1362.97,1352.65,1358.74,0
2016-08-04 13:00:00,1358.74,1365.04,1358.63,1362.94,0
2016-08-04 14:00:00,1362.93,1364.57,1360.79,1363.66,0
2016-08-04 15:00:00,1363.73,1363.73,1361.44,1363.29,0
2016-08-04 16:00:00,1363.29,1364.33,1362.6,1363.18,0
2016-08-04 17:00:00,1363.19,1363.44,1361.85,1362.67,0
2016-08-04 18:00:00,1362.67,1362.77,1360.48,1361.53,0
2016-08-04 19:00:00,1361.53,1362.63,1360.56,1361.35,0
2016-08-04 20:00:00,1361.34,1361.73,1359.9,1360.53,0
2016-08-04 21:00:00,1360.41,1361.88,1358.54,1359.33,0
2016-08-04 23:00:00,1360.47,1361.22,1360.43,1360.92,0
2016-08-05 00:00:00,1361.02,1361.42,1359.26,1360.21,0
2016-08-05 01:00:00,1360.31,1361.41,1359.0,1360.22,0
2016-08-05 02:00:00,1360.26,1361.95,1360.07,1360.72,0
2016-08-05 03:00:00,1360.72,1361.51,1360.18,1360.76,0
2016-08-05 04:00:00,1360.76,1361.74,1360.39,1361.28,0
2016-08-05 05:00:00,1361.35,1362.69,1361.26,1362.49,0
2016-08-05 06:00:00,1362.42,1364.74,1362.33,1364.32,0
2016-08-05 07:00:00,1364.42,1364.73,1363.14,1364.06,0
2016-08-05 08:00:00,1364.05,1364.33,1363.05,1363.46,0
2016-08-05 09:00:00,1363.47,1363.58,1361.08,1362.28,0
2016-08-05 10:00:00,1362.24,1362.78,1361.7,1361.71,0
2016-08-05 11:00:00,1361.7,1362.32,1360.57,1360.66,0
2016-08-05 12:00:00,1360.66,1362.42,1360.31,1361.57,0
2016-08-05 13:00:00,1361.59,1362.56,1340.99,1347.49,0
2016-08-05 14:00:00,1347.49,1348.15,1339.83,1340.93,0
2016-08-05 15:00:00,1340.95,1341.21,1336.88,1338.39,0
2016-08-05 16:00:00,1338.33,1339.86,1337.62,1339.43,0
2016-08-05 17:00:00,1339.42,1339.86,1337.93,1339.79,0
2016-08-05 18:00:00,1339.83,1340.25,1337.4,1337.48,0
2016-08-05 19:00:00,1337.47,1339.07,1336.95,1338.72,0
2016-08-05 20:00:00,1338.77,1339.03,1334.52,1336.52,0
2016-08-05 21:00:00,1336.53,1337.59,1335.88,1336.1,0
2016-08-07 23:00:00,1332.72,1334.88,1331.6,1332.66,0
2016-08-08 00:00:00,1332.69,1333.72,1331.36,1333.59,0
2016-08-08 01:00:00,1333.59,1335.23,1332.8,1334.24,0
2016-08-08 02:00:00,1334.17,1337.65,1334.09,1335.54,0
2016-08-08 03:00:00,1335.5,1337.7,1335.17,1336.35,0
2016-08-08 04:00:00,1336.46,1337.88,1333.38,1337.04,0
2016-08-08 05:00:00,1337.0,1338.24,1336.79,1338.03,0
2016-08-08 06:00:00,1338.0,1338.31,1336.31,1336.79,0
2016-08-08 07:00:00,1336.87,1336.87,1332.65,1333.66,0
2016-08-08 08:00:00,1333.75,1334.72,1330.89,1331.0,0
2016-08-08 09:00:00,1330.9,1332.8,1330.6,1331.54,0
2016-08-08 10:00:00,1331.53,1331.77,1329.96,1331.14,0
2016-08-08 11:00:00,1331.1,1332.29,1330.5,1331.43,0
2016-08-08 12:00:00,1331.38,1334.13,1331.04,1333.64,0
2016-08-08 13:00:00,1333.63,1336.84,1333.24,1335.86,0
2016-08-08 14:00:00,1335.77,1336.91,1333.47,1336.44,0
2016-08-08 15:00:00,1336.44,1338.11,1335.32,1335.88,0
2016-08-08 16:00:00,1335.89,1336.45,1334.57,1336.01,0
2016-08-08 17:00:00,1335.99,1337.59,1335.36,1335.86,0
2016-08-08 18:00:00,1335.88,1336.91,1335.18,1335.33,0
2016-08-08 19:00:00,1335.34,1336.32,1334.8,1335.67,0
2016-08-08 20:00:00,1335.68,1336.49,1335.19,1335.29,0
2016-08-08 21:00:00,1335.27,1335.62,1333.45,1333.65,0
2016-08-08 23:00:00,1334.42,1335.33,1334.42,1334.92,0
2016-08-09 00:00:00,1334.82,1336.72,1334.72,1336.05,0
2016-08-09 01:00:00,1336.0,1337.2,1334.94,1335.65,0
2016-08-09 02:00:00,1335.74,1336.45,1333.56,1334.0,0
2016-08-09 03:00:00,1334.0,1335.03,1333.57,1334.72,0
2016-08-09 04:00:00,1334.77,1335.19,1334.59,1335.09,0
2016-08-09 05:00:00,1335.1,1335.22,1333.45,1333.81,0
2016-08-09 06:00:00,1333.8,1334.32,1332.54,1332.58,0
2016-08-09 07:00:00,1332.57,1332.69,1331.15,1331.74,0
2016-08-09 08:00:00,1331.73,1332.65,1330.58,1331.87,0
2016-08-09 09:00:00,1331.86,1334.72,1331.74,1334.53,0
2016-08-09 10:00:00,1334.51,1334.61,1333.18,1333.81,0
2016-08-09 11:00:00,1333.81,1334.13,1333.47,1333.66,0
2016-08-09 12:00:00,1333.66,1334.25,1332.31,1332.73,0
2016-08-09 13:00:00,1332.77,1334.04,1330.99,1333.45,0
2016-08-09 14:00:00,1333.51,1340.79,1333.01,1339.66,0
2016-08-09 15:00:00,1339.66,1342.65,1339.37,1341.29,0
2016-08-09 16:00:00,1341.27,1342.08,1339.48,1339.69,0
2016-08-09 17:00:00,1339.67,1340.35,1338.72,1340.03,0
2016-08-09 18:00:00,1340.03,1341.62,1339.81,1341.22,0
2016-08-09 19:00:00,1341.13,1341.66,1340.44,1340.77,0
2016-08-09 20:00:00,1340.78,1340.86,1339.92,1340.57,0
2016-08-09 21:00:00,1340.58,1340.95,1338.19,1339.2,0
2016-08-09 23:00:00,1340.67,1341.86,1340.13,1341.16,0
2016-08-10 00:00:00,1341.13,1342.93,1340.85,1341.88,0
2016-08-10 01:00:00,1341.81,1347.02,1340.73,1345.92,0
2016-08-10 02:00:00,1345.94,1348.38,1345.32,1347.88,0
2016-08-10 03:00:00,1347.88,1349.05,1347.59,1348.53,0
2016-08-10 04:00:00,1348.53,1350.62,1348.32,1350.19,0
2016-08-10 05:00:00,1350.14,1353.49,1349.86,1352.62,0
2016-08-10 06:00:00,1352.62,1353.0,1351.07,1351.11,0
2016-08-10 07:00:00,1351.07,1355.32,1351.07,1353.12,0
2016-08-10 08:00:00,1353.17,1353.46,1351.12,1351.55,0
2016-08-10 09:00:00,1351.64,1352.58,1350.89,1352.43,0
2016-08-10 10:00:00,1352.43,1354.24,1351.77,1352.3,0
2016-08-10 11:00:00,1352.35,1353.22,1351.63,1352.1,0
2016-08-10 12:00:00,1352.03,1354.77,1351.55,1353.07,0
2016-08-10 13:00:00,1353.02,1356.97,1352.89,1356.4,0
2016-08-10 14:00:00,1356.34,1357.27,1348.23,1349.03,0
2016-08-10 15:00:00,1349.05,1349.44,1344.58,1344.71,0
2016-08-10 16:00:00,1344.74,1346.94,1342.68,1345.49,0
2016-08-10 17:00:00,1345.49,1346.71,1344.7,1345.01,0
2016-08-10 18:00:00,1345.01,1347.31,1344.5,1347.02,0
2016-08-10 19:00:00,1347.02,1348.01,1346.09,1346.58,0
2016-08-10 20:00:00,1346.68,1347.29,1345.64,1346.69,0
2016-08-10 21:00:00,1346.68,1347.08,1344.4,1344.46,0
2016-08-10 23:00:00,1346.87,1347.64,1346.52,1346.75,0
2016-08-11 00:00:00,1346.74,1348.11,1346.34,1347.55,0
2016-08-11 01:00:00,1347.55,1347.75,1345.21,1345.87,0
2016-08-11 02:00:00,1345.83,1346.21,1341.64,1343.58,0
2016-08-11 03:00:00,1343.57,1344.33,1342.56,1343.74,0
2016-08-11 04:00:00,1343.74,1344.27,1342.19,1342.42,0
2016-08-11 05:00:00,1342.38,1343.21,1342.0,1342.53,0
2016-08-11 06:00:00,1342.42,1344.04,1340.17,1343.13,0
2016-08-11 07:00:00,1343.17,1343.78,1341.76,1342.75,0
2016-08-11 08:00:00,1342.75,1346.94,1342.29,1345.87,0
2016-08-11 09:00:00,1345.83,1347.35,1344.96,1345.13,0
2016-08-11 10:00:00,1345.23,1346.03,1344.61,1345.02,0
2016-08-11 11:00:00,1345.02,1347.25,1343.21,1346.36,0
2016-08-11 12:00:00,1346.32,1346.67,1344.61,1345.29,0
2016-08-11 13:00:00,1345.29,1347.34,1343.41,1346.49,0
2016-08-11 14:00:00,1346.39,1348.83,1344.03,1346.31,0
2016-08-11 15:00:00,1346.32,1352.16,1346.32,1351.46,0
2016-08-11 16:00:00,1351.56,1353.35,1347.06,1347.19,0
2016-08-11 17:00:00,1347.19,1348.2,1345.36,1345.57,0
2016-08-11 18:00:00,1345.57,1346.19,1342.91,1343.84,0
2016-08-11 19:00:00,1343.83,1344.33,1340.69,1341.01,0
2016-08-11 20:00:00,1341.12,1341.43,1335.76,1337.88,0
2016-08-11 21:00:00,1337.99,1338.76,1336.22,1337.33,0
2016-08-11 23:00:00,1338.52,1338.98,1337.72,1338.73,0
2016-08-12 00:00:00,1338.73,1340.21,1337.52,1339.44,0
2016-08-12 01:00:00,1339.3,1340.1,1334.8,1336.76,0
2016-08-12 02:00:00,1336.74,1340.89,1336.17,1340.67,0
2016-08-12 03:00:00,1340.65,1340.7,1339.63,1340.05,0
2016-08-12 04:00:00,1340.05,1341.28,1340.04,1340.39,0
2016-08-12 05:00:00,1340.39,1340.97,1337.26,1338.37,0
2016-08-12 06:00:00,1338.29,1340.61,1338.22,1340.17,0
2016-08-12 07:00:00,1340.12,1340.5,1338.49,1339.88,0
2016-08-12 08:00:00,1339.84,1340.24,1338.71,1339.0,0
2016-08-12 09:00:00,1339.0,1339.71,1337.22,1337.91,0
2016-08-12 10:00:00,1337.94,1338.09,1335.48,1336.76,0
2016-08-12 11:00:00,1336.75,1341.37,1336.18,1340.13,0
2016-08-12 12:00:00,1340.11,1340.51,1337.48,1339.93,0
2016-08-12 13:00:00,1339.94,1356.29,1339.29,1355.13,0
2016-08-12 14:00:00,1355.1,1355.32,1349.73,1352.15,0
2016-08-12 15:00:00,1352.15,1354.17,1349.97,1352.74,0
2016-08-12 16:00:00,1352.74,1353.67,1350.91,1352.02,0
2016-08-12 17:00:00,1352.05,1352.32,1333.3,1337.27,0
2016-08-12 18:00:00,1337.33,1339.02,1336.01,1337.47,0
2016-08-12 19:00:00,1337.46,1338.27,1334.16,1334.94,0
2016-08-12 20:00:00,1335.0,1336.1,1334.51,1334.95,0
2016-08-12 21:00:00,1335.05,1338.14,1334.54,1336.33,0
2016-08-14 23:00:00,1337.65,1338.49,1336.71,1337.76,0
2016-08-15 00:00:00,1337.85,1339.51,1336.75,1339.01,0
2016-08-15 01:00:00,1339.01,1339.26,1336.26,1336.96,0
2016-08-15 02:00:00,1336.96,1339.03,1336.68,1338.75,0
2016-08-15 03:00:00,1338.78,1339.58,1338.05,1338.92,0
2016-08-15 04:00:00,1338.95,1339.88,1338.61,1339.0,0
2016-08-15 05:00:00,1339.0,1339.32,1338.05,1338.35,0
2016-08-15 06:00:00,1338.35,1339.91,1337.99,1339.43,0
2016-08-15 07:00:00,1339.42,1340.6,1339.16,1339.97,0
2016-08-15 08:00:00,1339.97,1342.26,1339.95,1340.66,0
2016-08-15 09:00:00,1340.63,1340.91,1337.9,1339.02,0
2016-08-15 10:00:00,1339.04,1340.41,1339.03,1339.2,0
2016-08-15 11:00:00,1339.2,1341.84,1338.7,1339.04,0
2016-08-15 12:00:00,1339.04,1341.18,1339.01,1340.07,0
2016-08-15 13:00:00,1340.09,1340.81,1335.79,1337.28,0
2016-08-15 14:00:00,1337.31,1340.65,1337.01,1339.89,0
2016-08-15 15:00:00,1339.94,1343.86,1338.25,1341.37,0
2016-08-15 16:00:00,1341.38,1343.4,1341.15,1342.65,0
2016-08-15 17:00:00,1342.65,1343.21,1340.53,1341.44,0
2016-08-15 18:00:00,1341.44,1342.4,1340.69,1341.13,0
2016-08-15 19:00:00,1341.23,1341.38,1339.75,1340.28,0
2016-08-15 20:00:00,1340.26,1340.51,1339.25,1339.65,0
2016-08-15 21:00:00,1339.56,1339.64,1338.37,1338.39,0
2016-08-15 23:00:00,1339.63,1340.96,1339.52,1340.84,0
2016-08-16 00:00:00,1340.84,1341.83,1340.14,1341.18,0
2016-08-16 01:00:00,1341.18,1346.35,1340.6,1345.77,0
2016-08-16 02:00:00,1345.82,1346.23,1343.09,1343.82,0
2016-08-16 03:00:00,1343.83,1345.6,1343.14,1344.82,0
2016-08-16 04:00:00,1344.83,1347.08,1344.63,1345.92,0
2016-08-16 05:00:00,1345.91,1346.82,1344.83,1345.07,0
2016-08-16 06:00:00,1345.09,1348.27,1344.86,1347.53,0
2016-08-16 07:00:00,1347.44,1349.98,1347.44,1347.47,0
2016-08-16 08:00:00,1347.47,1350.04,1347.17,1349.44,0
2016-08-16 09:00:00,1349.44,1351.79,1349.24,1349.74,0
2016-08-16 10:00:00,1349.75,1351.61,1348.54,1351.59,0
2016-08-16 11:00:00,1351.61,1353.3,1350.68,1352.77,0
2016-08-16 12:00:00,1352.72,1355.29,1352.23,1353.54,0
2016-08-16 13:00:00,1353.54,1358.05,1345.92,1349.06,0
2016-08-16 14:00:00,1349.11,1349.54,1341.2,1343.54,0
2016-08-16 15:00:00,1343.52,1348.01,1343.11,1346.89,0
2016-08-16 16:00:00,1346.9,1350.0,1346.18,1346.78,0
2016-08-16 17:00:00,1346.83,1348.59,1345.97,1348.38,0
2016-08-16 18:00:00,1348.48,1351.96,1348.48,1349.87,0
2016-08-16 19:00:00,1349.83,1350.04,1347.87,1348.76,0
2016-08-16 20:00:00,1348.71,1348.8,1345.9,1345.99,0
2016-08-16 21:00:00,1346.06,1346.92,1344.79,1344.79,0
2016-08-16 23:00:00,1345.69,1347.42,1345.19,1346.68,0
2016-08-17 00:00:00,1346.71,1347.9,1346.4,1347.82,0
2016-08-17 01:00:00,1347.82,1347.9,1345.39,1346.82,0
2016-08-17 02:00:00,1346.8,1347.38,1344.93,1345.21,0
2016-08-17 03:00:00,1345.21,1345.42,1344.34,1344.91,0
2016-08-17 04:00:00,1344.91,1345.34,1343.94,1344.26,0
2016-08-17 05:00:00,1344.28,1345.49,1342.22,1342.95,0
2016-08-17 06:00:00,1342.96,1344.13,1340.87,1343.89,0
2016-08-17 07:00:00,1343.88,1345.31,1341.45,1342.3,0
2016-08-17 08:00:00,1342.26,1344.94,1341.5,1344.6,0
2016-08-17 09:00:00,1344.55,1346.36,1342.72,1342.72,0
2016-08-17 10:00:00,1342.82,1343.95,1342.05,1342.55,0
2016-08-17 11:00:00,1342.56,1343.15,1342.02,1342.89,0
2016-08-17 12:00:00,1342.89,1344.56,1341.82,1343.65,0
2016-08-17 13:00:00,1343.61,1345.47,1342.89,1343.8,0
2016-08-17 14:00:00,1343.82,1345.5,1342.18,1343.3,0
2016-08-17 15:00:00,1343.31,1346.89,1342.84,1346.88,0
2016-08-17 16:00:00,1346.87,1346.89,1344.55,1344.95,0
2016-08-17 17:00:00,1345.03,1345.75,1343.91,1344.31,0
2016-08-17 18:00:00,1344.32,1345.13,1343.09,1343.74,0
2016-08-17 19:00:00,1343.74,1351.72,1335.89,1346.04,0
2016-08-17 20:00:00,1346.02,1347.21,1345.36,1346.53,0
2016-08-17 21:00:00,1346.59,1349.24,1346.44,1347.51,0
2016-08-17 23:00:00,1349.04,1351.45,1348.57,1351.19,0
2016-08-18 00:00:00,1351.2,1352.97,1350.35,1352.19,0
2016-08-18 01:00:00,1352.19,1354.94,1351.9,1352.01,0
2016-08-18 02:00:00,1352.01,1356.1,1351.19,1355.76,0
2016-08-18 03:00:00,1355.78,1356.08,1353.11,1354.3,0
2016-08-18 04:00:00,1354.23,1354.28,1352.65,1353.75,0
2016-08-18 05:00:00,1353.66,1353.78,1351.38,1352.14,0
2016-08-18 06:00:00,1352.16,1353.94,1351.95,1353.27,0
2016-08-18 07:00:00,1353.27,1353.65,1351.0,1351.65,0
2016-08-18 08:00:00,1351.66,1353.68,1350.69,1350.75,0
2016-08-18 09:00:00,1350.77,1350.85,1349.4,1349.4,0
2016-08-18 10:00:00,1349.5,1349.79,1346.1,1349.69,0
2016-08-18 11:00:00,1349.7,1351.07,1348.66,1349.95,0
2016-08-18 12:00:00,1349.96,1352.69,1349.65,1350.37,0
2016-08-18 13:00:00,1350.43,1352.21,1348.49,1350.34,0
2016-08-18 14:00:00,1350.36,1352.96,1349.28,1350.33,0
2016-08-18 15:00:00,1350.46,1351.43,1347.52,1351.01,0
2016-08-18 16:00:00,1351.09,1351.17,1348.81,1350.63,0
2016-08-18 17:00:00,1350.63,1351.32,1349.67,1350.98,0
2016-08-18 18:00:00,1351.06,1352.5,1350.68,1351.68,0
2016-08-18 19:00:00,1351.68,1353.48,1351.28,1352.98,0
2016-08-18 20:00:00,1352.97,1353.47,1352.31,1352.76,0
2016-08-18 21:00:00,1352.76,1352.79,1350.68,1350.68,0
2016-08-18 23:00:00,1352.43,1352.89,1351.65,1351.83,0
2016-08-19 00:00:00,1351.84,1352.68,1349.66,1350.11,0
2016-08-19 01:00:00,1350.11,1350.22,1345.84,1347.35,0
2016-08-19 02:00:00,1347.34,1348.91,1345.76,1347.25,0
2016-08-19 03:00:00,1347.25,1347.92,1346.86,1347.22,0
2016-08-19 04:00:00,1347.23,1347.74,1346.57,1347.11,0
2016-08-19 05:00:00,1347.13,1347.53,1346.84,1347.04,0
2016-08-19 06:00:00,1347.02,1351.24,1347.0,1347.82,0
2016-08-19 07:00:00,1347.74,1349.09,1347.48,1348.87,0
2016-08-19 08:00:00,1348.87,1349.35,1346.08,1347.44,0
2016-08-19 09:00:00,1347.44,1348.41,1346.72,1347.74,0
2016-08-19 10:00:00,1347.74,1349.3,1344.8,1345.47,0
2016-08-19 11:00:00,1345.47,1346.92,1344.97,1345.97,0
2016-08-19 12:00:00,1345.97,1346.07,1342.59,1343.38,0
2016-08-19 13:00:00,1343.34,1343.78,1337.81,1338.34,0
2016-08-19 14:00:00,1338.34,1347.01,1337.84,1346.73,0
2016-08-19 15:00:00,1346.74,1348.0,1344.26,1346.35,0
2016-08-19 16:00:00,1346.44,1346.44,1341.96,1343.25,0
2016-08-19 17:00:00,1343.26,1344.25,1342.27,1342.84,0
2016-08-19 18:00:00,1342.88,1343.59,1340.81,1343.47,0
2016-08-19 19:00:00,1343.47,1344.47,1342.7,1342.71,0
2016-08-19 20:00:00,1342.77,1343.29,1339.64,1341.0,0
2016-08-19 21:00:00,1341.0,1341.9,1339.98,1341.54,0
2016-08-21 23:00:00,1341.15,1341.15,1334.99,1337.42,0
2016-08-22 00:00:00,1337.42,1339.98,1336.82,1337.43,0
2016-08-22 01:00:00,1337.36,1338.18,1333.9,1336.13,0
2016-08-22 02:00:00,1336.13,1337.73,1333.33,1334.28,0
2016-08-22 03:00:00,1334.28,1334.83,1331.73,1332.94,0
2016-08-22 04:00:00,1332.9,1335.62,1332.33,1333.78,0
2016-08-22 05:00:00,1333.78,1334.66,1333.55,1334.44,0
2016-08-22 06:00:00,1334.47,1334.66,1332.69,1333.39,0
2016-08-22 07:00:00,1333.35,1333.89,1332.25,1333.29,0
2016-08-22 08:00:00,1333.25,1334.22,1332.86,1333.42,0
2016-08-22 09:00:00,1333.42,1335.12,1332.94,1334.38,0
2016-08-22 10:00:00,1334.37,1334.95,1333.52,1334.02,0
2016-08-22 11:00:00,1334.02,1337.19,1333.92,1336.33,0
2016-08-22 12:00:00,1336.32,1337.6,1335.16,1336.4,0
2016-08-22 13:00:00,1336.42,1338.69,1334.45,1337.45,0
2016-08-22 14:00:00,1337.43,1338.75,1336.48,1336.87,0
2016-08-22 15:00:00,1336.88,1339.22,1335.36,1338.62,0
2016-08-22 16:00:00,1338.57,1339.44,1337.76,1339.17,0
2016-08-22 17:00:00,1339.23,1340.16,1338.73,1339.07,0
2016-08-22 18:00:00,1339.07,1339.67,1338.37,1338.37,0
2016-08-22 19:00:00,1338.37,1339.16,1337.84,1338.56,0
2016-08-22 20:00:00,1338.53,1338.77,1336.08,1338.62,0
2016-08-22 21:00:00,1338.59,1338.98,1337.85,1338.34,0
2016-08-22 23:00:00,1339.02,1339.12,1337.82,1338.15,0
2016-08-23 00:00:00,1338.2,1338.36,1336.67,1337.69,0
2016-08-23 01:00:00,1337.67,1339.81,1337.23,1339.04,0
2016-08-23 02:00:00,1339.06,1339.48,1337.74,1338.16,0
2016-08-23 03:00:00,1338.09,1338.24,1335.38,1337.47,0
2016-08-23 04:00:00,1337.52,1337.52,1335.37,1336.42,0
2016-08-23 05:00:00,1336.42,1338.95,1335.92,1338.59,0
2016-08-23 06:00:00,1338.59,1339.1,1337.79,1339.01,0
2016-08-23 07:00:00,1339.03,1339.81,1338.24,1339.11,0
2016-08-23 08:00:00,1339.1,1343.52,1338.77,1340.09,0
2016-08-23 09:00:00,1340.09,1340.68,1339.03,1339.03,0
2016-08-23 10:00:00,1339.06,1340.31,1338.71,1339.61,0
2016-08-23 11:00:00,1339.63,1339.72,1338.39,1338.8,0
2016-08-23 12:00:00,1338.8,1341.81,1338.52,1341.6,0
2016-08-23 13:00:00,1341.53,1344.76,1339.83,1343.91,0
2016-08-23 14:00:00,1343.91,1344.23,1341.19,1342.87,0
2016-08-23 15:00:00,1342.84,1343.14,1341.29,1341.33,0
2016-08-23 16:00:00,1341.33,1341.49,1338.22,1338.25,0
2016-08-23 17:00:00,1338.28,1341.19,1338.25,1341.19,0
2016-08-23 18:00:00,1341.21,1342.52,1340.59,1340.73,0
2016-08-23 19:00:00,1340.8,1340.99,1339.04,1339.13,0
2016-08-23 20:00:00,1339.13,1339.36,1337.3,1338.62,0
2016-08-23 21:00:00,1338.55,1338.96,1336.03,1336.03,0
2016-08-23 23:00:00,1337.68,1338.38,1337.33,1338.13,0
2016-08-24 00:00:00,1338.12,1339.17,1337.52,1337.93,0
2016-08-24 01:00:00,1337.92,1338.79,1337.0,1338.78,0
2016-08-24 02:00:00,1338.74,1339.49,1338.07,1338.64,0
2016-08-24 03:00:00,1338.64,1338.84,1336.99,1337.79,0
2016-08-24 04:00:00,1337.79,1338.19,1337.39,1337.99,0
2016-08-24 05:00:00,1337.99,1337.99,1336.1,1336.47,0
2016-08-24 06:00:00,1336.47,1337.63,1335.57,1337.25,0
2016-08-24 07:00:00,1337.08,1337.61,1336.06,1337.59,0
2016-08-24 08:00:00,1337.52,1337.94,1336.64,1336.82,0
2016-08-24 09:00:00,1336.82,1340.17,1336.44,1339.25,0
2016-08-24 10:00:00,1339.25,1339.33,1336.68,1337.08,0
2016-08-24 11:00:00,1337.07,1338.09,1336.83,1337.5,0
2016-08-24 12:00:00,1337.54,1338.05,1336.72,1337.31,0
2016-08-24 13:00:00,1337.28,1339.04,1328.33,1331.22,0
2016-08-24 14:00:00,1331.25,1331.29,1326.72,1328.94,0
2016-08-24 15:00:00,1328.74,1329.15,1324.89,1326.86,0
2016-08-24 16:00:00,1326.85,1327.78,1325.57,1326.23,0
2016-08-24 17:00:00,1326.21,1328.33,1326.03,1327.24,0
2016-08-24 18:00:00,1327.06,1327.51,1325.83,1326.36,0
2016-08-24 19:00:00,1326.36,1326.37,1323.88,1324.55,0
2016-08-24 20:00:00,1324.55,1325.85,1323.74,1324.13,0
2016-08-24 21:00:00,1324.15,1325.22,1323.6,1323.6,0
2016-08-24 23:00:00,1324.17,1326.28,1324.07,1325.68,0
2016-08-25 00:00:00,1325.7,1326.51,1325.23,1326.0,0
2016-08-25 01:00:00,1325.95,1326.41,1325.29,1326.24,0
2016-08-25 02:00:00,1326.24,1326.83,1323.36,1323.87,0
2016-08-25 03:00:00,1323.87,1326.29,1323.69,1325.95,0
2016-08-25 04:00:00,1325.99,1326.8,1325.59,1325.9,0
2016-08-25 05:00:00,1325.88,1326.7,1325.65,1326.58,0
2016-08-25 06:00:00,1326.58,1327.08,1325.94,1326.39,0
2016-08-25 07:00:00,1326.39,1326.76,1325.44,1325.65,0
2016-08-25 08:00:00,1325.74,1326.86,1325.1,1326.16,0
2016-08-25 09:00:00,1326.12,1327.02,1325.97,1326.64,0
2016-08-25 10:00:00,1326.55,1326.98,1322.77,1323.44,0
2016-08-25 11:00:00,1323.55,1324.42,1323.35,1323.92,0
2016-08-25 12:00:00,1324.0,1324.98,1323.14,1323.15,0
2016-08-25 13:00:00,1323.17,1323.45,1318.09,1319.44,0
2016-08-25 14:00:00,1319.48,1322.51,1319.26,1322.26,0
2016-08-25 15:00:00,1322.27,1322.96,1320.77,1322.06,0
2016-08-25 16:00:00,1322.07,1323.69,1321.67,1322.14,0
2016-08-25 17:00:00,1322.16,1322.77,1321.67,1322.03,0
2016-08-25 18:00:00,1322.04,1322.55,1321.14,1322.14,0
2016-08-25 19:00:00,1322.14,1322.95,1322.14,1322.52,0
2016-08-25 20:00:00,1322.62,1322.88,1321.85,1322.47,0
2016-08-25 21:00:00,1322.45,1322.49,1320.43,1320.43,0
2016-08-25 23:00:00,1321.72,1322.26,1321.55,1321.78,0
2016-08-26 00:00:00,1321.77,1322.3,1320.56,1322.11,0
2016-08-26 01:00:00,1322.15,1323.16,1321.55,1322.91,0
2016-08-26 02:00:00,1322.99,1323.25,1322.22,1323.2,0
2016-08-26 03:00:00,1323.2,1324.19,1323.09,1323.58,0
2016-08-26 04:00:00,1323.58,1323.96,1323.28,1323.94,0
2016-08-26 05:00:00,1323.94,1324.51,1323.59,1323.98,0
2016-08-26 06:00:00,1323.99,1324.82,1323.59,1324.23,0
2016-08-26 07:00:00,1324.21,1324.91,1323.6,1324.36,0
2016-08-26 08:00:00,1324.38,1325.25,1323.84,1324.28,0
2016-08-26 09:00:00,1324.27,1325.51,1324.2,1324.97,0
2016-08-26 10:00:00,1324.93,1326.28,1324.74,1326.1,0
2016-08-26 11:00:00,1326.1,1326.86,1324.14,1324.9,0
2016-08-26 12:00:00,1324.91,1328.24,1324.61,1327.82,0
2016-08-26 13:00:00,1327.88,1333.42,1326.43,1331.15,0
2016-08-26 14:00:00,1331.12,1331.39,1328.08,1330.13,0
2016-08-26 15:00:00,1330.06,1342.22,1319.38,1333.37,0
2016-08-26 16:00:00,1333.46,1334.85,1320.96,1323.56,0
2016-08-26 17:00:00,1323.53,1328.03,1318.41,1326.78,0
2016-08-26 18:00:00,1326.77,1326.77,1319.73,1320.92,0
2016-08-26 19:00:00,1320.94,1322.24,1319.75,1320.88,0
2016-08-26 20:00:00,1320.85,1324.42,1320.56,1320.94,0
2016-08-26 21:00:00,1321.0,1322.2,1320.66,1321.26,0
2016-08-28 23:00:00,1320.24,1320.86,1318.62,1319.83,0
2016-08-29 00:00:00,1319.89,1321.52,1319.44,1320.74,0
2016-08-29 01:00:00,1320.71,1321.23,1318.52,1319.5,0
2016-08-29 02:00:00,1319.45,1319.57,1315.0,1316.92,0
2016-08-29 03:00:00,1316.92,1317.51,1315.47,1317.01,0
2016-08-29 04:00:00,1317.0,1318.34,1316.49,1317.9,0
2016-08-29 05:00:00,1317.9,1318.05,1316.77,1317.31,0
2016-08-29 06:00:00,1317.31,1319.85,1317.21,1318.78,0
2016-08-29 07:00:00,1318.75,1319.03,1317.57,1317.83,0
2016-08-29 08:00:00,1317.9,1319.39,1317.31,1319.25,0
2016-08-29 09:00:00,1319.19,1320.4,1319.02,1319.82,0
2016-08-29 10:00:00,1319.82,1320.5,1316.72,1318.44,0
2016-08-29 11:00:00,1318.45,1320.47,1316.82,1319.67,0
2016-08-29 12:00:00,1319.64,1322.18,1319.01,1319.38,0
2016-08-29 13:00:00,1319.43,1321.64,1318.32,1320.77,0
2016-08-29 14:00:00,1320.68,1322.28,1319.58,1320.9,0
2016-08-29 15:00:00,1320.89,1322.72,1320.63,1321.99,0
2016-08-29 16:00:00,1321.99,1325.06,1321.98,1323.76,0
2016-08-29 17:00:00,1323.76,1324.25,1322.76,1323.06,0
2016-08-29 18:00:00,1323.06,1324.87,1322.87,1324.48,0
2016-08-29 19:00:00,1324.48,1325.17,1323.69,1324.09,0
2016-08-29 20:00:00,1324.09,1324.56,1322.35,1323.26,0
2016-08-29 21:00:00,1323.22,1323.62,1321.69,1322.02,0
2016-08-29 23:00:00,1323.67,1324.34,1322.14,1323.01,0
2016-08-30 00:00:00,1322.95,1324.27,1322.74,1323.78,0
2016-08-30 01:00:00,1323.84,1325.51,1323.34,1323.88,0
2016-08-30 02:00:00,1323.91,1324.17,1322.27,1322.99,0
2016-08-30 03:00:00,1322.98,1325.0,1322.66,1323.42,0
2016-08-30 04:00:00,1323.42,1324.09,1323.19,1323.58,0
2016-08-30 05:00:00,1323.61,1324.11,1323.29,1323.45,0
2016-08-30 06:00:00,1323.45,1323.5,1321.66,1322.68,0
2016-08-30 07:00:00,1322.67,1322.67,1320.47,1320.96,0
2016-08-30 08:00:00,1320.96,1321.19,1319.48,1320.56,0
2016-08-30 09:00:00,1320.52,1321.66,1320.37,1321.31,0
2016-08-30 10:00:00,1321.34,1321.61,1318.96,1319.86,0
2016-08-30 11:00:00,1319.94,1321.56,1318.51,1319.98,0
2016-08-30 12:00:00,1319.98,1320.81,1319.17,1320.33,0
2016-08-30 13:00:00,1320.32,1321.88,1317.71,1318.14,0
2016-08-30 14:00:00,1318.15,1319.81,1317.21,1318.84,0
2016-08-30 15:00:00,1318.66,1319.74,1316.26,1318.56,0
2016-08-30 16:00:00,1318.56,1319.2,1315.43,1317.37,0
2016-08-30 17:00:00,1317.36,1317.7,1314.73,1315.14,0
2016-08-30 18:00:00,1315.13,1315.14,1312.17,1313.59,0
2016-08-30 19:00:00,1313.65,1313.66,1312.18,1313.26,0
2016-08-30 20:00:00,1313.26,1313.5,1309.19,1310.92,0
2016-08-30 21:00:00,1310.92,1311.43,1308.1,1308.18,0
2016-08-30 23:00:00,1311.35,1312.52,1310.0,1312.2,0
2016-08-31 00:00:00,1312.14,1312.89,1310.57,1312.27,0
2016-08-31 01:00:00,1312.23,1312.73,1310.52,1311.43,0
2016-08-31 02:00:00,1311.48,1315.33,1310.31,1314.78,0
2016-08-31 03:00:00,1314.74,1315.52,1314.49,1315.32,0
2016-08-31 04:00:00,1315.32,1315.43,1314.22,1314.8,0
2016-08-31 05:00:00,1314.8,1316.18,1314.7,1315.21,0
2016-08-31 06:00:00,1315.26,1315.63,1313.53,1313.84,0
2016-08-31 07:00:00,1313.84,1313.84,1312.29,1312.8,0
2016-08-31 08:00:00,1312.89,1313.66,1312.11,1312.92,0
2016-08-31 09:00:00,1312.91,1315.47,1312.79,1314.83,0
2016-08-31 10:00:00,1314.87,1314.89,1313.74,1314.07,0
2016-08-31 11:00:00,1314.1,1314.57,1313.8,1314.33,0
2016-08-31 12:00:00,1314.38,1314.4,1312.83,1313.43,0
2016-08-31 13:00:00,1313.43,1314.65,1304.29,1306.97,0
2016-08-31 14:00:00,1306.95,1311.46,1306.79,1309.92,0
2016-08-31 15:00:00,1309.88,1310.53,1307.42,1308.66,0
2016-08-31 16:00:00,1308.74,1310.03,1306.6,1308.09,0
2016-08-31 17:00:00,1308.19,1309.79,1307.78,1308.08,0
2016-08-31 18:00:00,1308.08,1308.68,1307.48,1308.07,0
2016-08-31 19:00:00,1308.12,1308.89,1307.69,1308.16,0
2016-08-31 20:00:00,1308.15,1309.87,1307.92,1308.3,0
2016-08-31 21:00:00,1308.32,1309.28,1307.5,1307.6,0
2016-08-31 23:00:00,1309.23,1310.19,1309.22,1309.39,0
2016-09-01 00:00:00,1309.33,1310.61,1305.32,1309.68,0
2016-09-01 01:00:00,1309.6,1310.42,1308.17,1310.04,0
2016-09-01 02:00:00,1310.08,1311.08,1309.16,1310.93,0
2016-09-01 03:00:00,1310.93,1311.68,1310.29,1310.5,0
2016-09-01 04:00:00,1310.5,1310.73,1309.59,1309.92,0
2016-09-01 05:00:00,1309.97,1309.97,1309.07,1309.42,0
2016-09-01 06:00:00,1309.47,1309.68,1308.18,1308.93,0
2016-09-01 07:00:00,1308.94,1308.94,1307.27,1307.78,0
2016-09-01 08:00:00,1307.88,1307.94,1304.64,1305.34,0
2016-09-01 09:00:00,1305.3,1306.83,1304.4,1306.47,0
2016-09-01 10:00:00,1306.47,1306.77,1305.18,1306.24,0
2016-09-01 11:00:00,1306.17,1306.75,1305.68,1306.74,0
2016-09-01 12:00:00,1306.7,1307.34,1306.04,1306.51,0
2016-09-01 13:00:00,1306.51,1306.51,1302.45,1304.7,0
2016-09-01 14:00:00,1304.69,1309.11,1304.5,1307.25,0
2016-09-01 15:00:00,1307.21,1314.38,1307.21,1313.75,0
2016-09-01 16:00:00,1313.74,1315.16,1311.24,1313.39,0
2016-09-01 17:00:00,1313.41,1315.01,1312.78,1313.64,0
2016-09-01 18:00:00,1313.73,1314.16,1312.14,1312.74,0
2016-09-01 19:00:00,1312.75,1313.94,1312.3,1313.77,0
2016-09-01 20:00:00,1313.8,1314.22,1312.82,1313.3,0
2016-09-01 21:00:00,1313.32,1313.86,1312.54,1312.54,0
2016-09-01 23:00:00,1314.21,1314.39,1313.36,1314.27,0
2016-09-02 00:00:00,1314.27,1314.74,1313.73,1314.41,0
2016-09-02 01:00:00,1314.44,1316.09,1313.83,1315.06,0
2016-09-02 02:00:00,1315.05,1315.16,1312.78,1313.58,0
2016-09-02 03:00:00,1313.68,1314.19,1312.97,1313.51,0
2016-09-02 04:00:00,1313.52,1313.88,1313.28,1313.28,0
2016-09-02 05:00:00,1313.28,1314.56,1313.0,1313.37,0
2016-09-02 06:00:00,1313.37,1313.79,1312.26,1312.44,0
2016-09-02 07:00:00,1312.52,1312.63,1309.78,1310.58,0
2016-09-02 08:00:00,1310.66,1312.26,1310.01,1311.4,0
2016-09-02 09:00:00,1311.4,1311.7,1310.25,1310.88,0
2016-09-02 10:00:00,1310.91,1312.61,1310.81,1311.98,0
2016-09-02 11:00:00,1312.04,1312.8,1310.52,1310.82,0
2016-09-02 12:00:00,1310.82,1314.51,1310.52,1314.11,0
2016-09-02 13:00:00,1314.21,1330.12,1299.63,1324.53,0
2016-09-02 14:00:00,1324.51,1324.84,1320.81,1324.15,0
2016-09-02 15:00:00,1324.14,1325.48,1316.21,1317.72,0
2016-09-02 16:00:00,1317.68,1320.01,1317.4,1318.79,0
2016-09-02 17:00:00,1318.84,1323.15,1318.12,1321.71,0
2016-09-02 18:00:00,1321.81,1323.46,1321.24,1322.23,0
2016-09-02 19:00:00,1322.28,1324.27,1321.74,1323.6,0
2016-09-02 20:00:00,1323.55,1326.04,1323.5,1326.03,0
2016-09-02 21:00:00,1326.05,1326.05,1324.43,1324.46,0
2016-09-04 23:00:00,1324.2,1325.11,1324.16,1324.28,0
2016-09-05 00:00:00,1324.27,1324.53,1322.54,1322.68,0
2016-09-05 01:00:00,1322.7,1324.98,1322.64,1323.35,0
2016-09-05 02:00:00,1323.34,1323.86,1321.8,1323.49,0
2016-09-05 03:00:00,1323.5,1324.9,1323.24,1324.55,0
2016-09-05 04:00:00,1324.54,1324.98,1323.84,1324.45,0
2016-09-05 05:00:00,1324.47,1324.68,1323.53,1324.67,0
2016-09-05 06:00:00,1324.62,1325.98,1324.31,1325.48,0
2016-09-05 07:00:00,1325.41,1327.37,1325.18,1326.33,0
2016-09-05 08:00:00,1326.33,1327.33,1325.28,1325.94,0
2016-09-05 09:00:00,1325.93,1326.95,1325.56,1326.22,0
2016-09-05 10:00:00,1326.21,1328.62,1326.03,1328.23,0
2016-09-05 11:00:00,1328.33,1328.52,1326.39,1326.69,0
2016-09-05 12:00:00,1326.69,1327.27,1326.36,1326.54,0
2016-09-05 13:00:00,1326.53,1326.97,1325.73,1326.01,0
2016-09-05 14:00:00,1326.01,1326.58,1324.87,1326.18,0
2016-09-05 15:00:00,1326.2,1326.83,1325.83,1326.21,0
2016-09-05 16:00:00,1326.22,1327.74,1326.17,1327.4,0
2016-09-05 17:00:00,1327.41,1327.89,1326.58,1326.78,0
2016-09-05 23:00:00,1326.37,1327.07,1325.97,1326.35,0
2016-09-06 00:00:00,1326.33,1328.3,1326.06,1327.4,0
2016-09-06 01:00:00,1327.37,1327.49,1326.2,1326.4,0
2016-09-06 02:00:00,1326.39,1327.16,1324.94,1325.21,0
2016-09-06 03:00:00,1325.2,1328.42,1325.0,1327.28,0
2016-09-06 04:00:00,1327.27,1327.86,1326.8,1327.7,0
2016-09-06 05:00:00,1327.77,1327.81,1326.32,1326.41,0
2016-09-06 06:00:00,1326.41,1326.98,1325.91,1326.9,0
2016-09-06 07:00:00,1326.9,1328.08,1326.47,1327.88,0
2016-09-06 08:00:00,1327.88,1329.83,1327.27,1328.48,0
2016-09-06 09:00:00,1328.47,1329.42,1328.43,1328.96,0
2016-09-06 10:00:00,1328.95,1331.27,1328.51,1330.75,0
2016-09-06 11:00:00,1330.78,1333.44,1330.74,1332.13,0
2016-09-06 12:00:00,1332.15,1333.05,1331.54,1332.55,0
2016-09-06 13:00:00,1332.61,1335.93,1331.2,1334.38,0
2016-09-06 14:00:00,1334.38,1335.77,1333.54,1334.59,0
2016-09-06 15:00:00,1334.75,1342.2,1334.75,1340.14,0
2016-09-06 16:00:00,1340.21,1341.11,1339.62,1340.23,0
2016-09-06 17:00:00,1340.24,1347.05,1340.23,1346.4,0
2016-09-06 18:00:00,1346.47,1352.57,1346.08,1350.31,0
2016-09-06 19:00:00,1350.31,1350.55,1348.53,1349.5,0
2016-09-06 20:00:00,1349.52,1350.2,1348.4,1348.73,0
2016-09-06 21:00:00,1348.76,1350.62,1348.64,1349.76,0
2016-09-06 23:00:00,1348.83,1349.11,1347.82,1348.06,0
2016-09-07 00:00:00,1348.12,1349.71,1347.5,1349.1,0
2016-09-07 01:00:00,1349.09,1351.11,1349.07,1350.2,0
2016-09-07 02:00:00,1350.2,1350.4,1347.87,1349.11,0
2016-09-07 03:00:00,1349.18,1350.52,1348.62,1350.33,0
2016-09-07 04:00:00,1350.31,1352.62,1350.31,1351.71,0
2016-09-07 05:00:00,1351.69,1352.45,1351.17,1351.92,0
2016-09-07 06:00:00,1351.89,1352.09,1350.26,1350.66,0
2016-09-07 07:00:00,1350.71,1351.85,1350.45,1350.7,0
2016-09-07 08:00:00,1350.69,1351.07,1347.95,1348.17,0
2016-09-07 09:00:00,1348.27,1349.56,1347.17,1349.32,0
2016-09-07 10:00:00,1349.33,1350.17,1347.44,1347.51,0
2016-09-07 11:00:00,1347.51,1348.4,1347.21,1348.08,0
2016-09-07 12:00:00,1348.08,1349.35,1347.42,1347.46,0
2016-09-07 13:00:00,1347.47,1351.44,1345.89,1351.12,0
2016-09-07 14:00:00,1351.11,1351.24,1348.43,1349.49,0
2016-09-07 15:00:00,1349.43,1349.49,1343.82,1344.54,0
2016-09-07 16:00:00,1344.59,1345.43,1342.78,1343.67,0
2016-09-07 17:00:00,1343.67,1344.67,1343.02,1344.64,0
2016-09-07 18:00:00,1344.62,1346.21,1343.92,1345.82,0
2016-09-07 19:00:00,1345.82,1346.17,1344.48,1344.72,0
2016-09-07 20:00:00,1344.62,1345.92,1344.62,1344.8,0
2016-09-07 21:00:00,1344.75,1345.49,1343.07,1343.71,0
2016-09-07 23:00:00,1345.17,1345.38,1344.61,1344.66,0
2016-09-08 00:00:00,1344.59,1347.61,1341.84,1344.38,0
2016-09-08 01:00:00,1344.39,1346.31,1342.12,1346.31,0
2016-09-08 02:00:00,1346.23,1347.21,1345.69,1346.73,0
2016-09-08 03:00:00,1346.72,1347.26,1345.96,1346.63,0
2016-09-08 04:00:00,1346.63,1346.72,1345.87,1346.07,0
2016-09-08 05:00:00,1346.06,1347.53,1344.12,1346.67,0
2016-09-08 06:00:00,1346.66,1348.09,1344.98,1347.05,0
2016-09-08 07:00:00,1347.07,1347.68,1346.66,1347.53,0
2016-09-08 08:00:00,1347.5,1348.16,1346.78,1347.88,0
2016-09-08 09:00:00,1347.8,1348.82,1347.67,1348.25,0
2016-09-08 10:00:00,1348.2,1349.42,1347.55,1347.85,0
2016-09-08 11:00:00,1347.8,1348.93,1346.96,1347.57,0
2016-09-08 12:00:00,1347.58,1347.86,1346.04,1346.71,0
2016-09-08 13:00:00,1346.63,1348.18,1344.03,1345.94,0
2016-09-08 14:00:00,1345.93,1347.15,1341.38,1344.44,0
2016-09-08 15:00:00,1344.49,1345.28,1342.0,1344.98,0
2016-09-08 16:00:00,1344.99,1345.67,1339.42,1339.72,0
2016-09-08 17:00:00,1339.72,1340.23,1335.74,1337.12,0
2016-09-08 18:00:00,1337.12,1338.0,1335.69,1337.35,0
2016-09-08 19:00:00,1337.36,1338.1,1336.8,1337.59,0
2016-09-08 20:00:00,1337.53,1337.95,1336.72,1337.45,0
2016-09-08 21:00:00,1337.45,1338.02,1336.56,1336.74,0
2016-09-08 23:00:00,1337.92,1338.61,1337.58,1338.18,0
2016-09-09 00:00:00,1338.18,1338.8,1336.46,1337.33,0
2016-09-09 01:00:00,1337.33,1337.78,1336.36,1337.24,0
2016-09-09 02:00:00,1337.25,1338.85,1337.06,1338.35,0
2016-09-09 03:00:00,1338.35,1339.33,1337.87,1338.87,0
2016-09-09 04:00:00,1338.86,1339.07,1338.49,1338.6,0
2016-09-09 05:00:00,1338.69,1339.54,1338.39,1338.68,0
2016-09-09 06:00:00,1338.68,1339.19,1337.45,1337.97,0
2016-09-09 07:00:00,1337.95,1338.27,1334.71,1335.77,0
2016-09-09 08:00:00,1335.76,1337.07,1335.42,1335.42,0
2016-09-09 09:00:00,1335.42,1336.38,1334.87,1335.79,0
2016-09-09 10:00:00,1335.79,1336.6,1335.59,1336.08,0
2016-09-09 11:00:00,1336.11,1336.41,1332.91,1333.2,0
2016-09-09 12:00:00,1333.2,1334.92,1332.63,1333.97,0
2016-09-09 13:00:00,1333.97,1337.95,1333.6,1334.6,0
2016-09-09 14:00:00,1334.6,1335.37,1330.49,1331.23,0
2016-09-09 15:00:00,1331.15,1336.45,1330.48,1333.68,0
2016-09-09 16:00:00,1333.63,1334.83,1332.81,1333.53,0
2016-09-09 17:00:00,1333.55,1333.88,1331.41,1332.21,0
2016-09-09 18:00:00,1332.11,1332.46,1330.55,1332.01,0
2016-09-09 19:00:00,1332.01,1332.05,1329.2,1330.15,0
2016-09-09 20:00:00,1330.24,1330.91,1328.18,1328.59,0
2016-09-09 21:00:00,1328.59,1329.49,1327.65,1328.19,0
2016-09-11 23:00:00,1328.22,1328.87,1327.42,1327.93,0
2016-09-12 00:00:00,1327.93,1329.95,1327.83,1329.56,0
2016-09-12 01:00:00,1329.52,1329.56,1327.45,1328.14,0
2016-09-12 02:00:00,1328.14,1328.9,1324.87,1326.88,0
2016-09-12 03:00:00,1326.95,1328.35,1325.78,1327.67,0
2016-09-12 04:00:00,1327.69,1328.15,1327.55,1327.83,0
2016-09-12 05:00:00,1327.83,1329.12,1327.83,1328.34,0
2016-09-12 06:00:00,1328.34,1329.48,1327.93,1329.45,0
2016-09-12 07:00:00,1329.46,1329.62,1328.04,1329.51,0
2016-09-12 08:00:00,1329.51,1330.19,1327.02,1327.21,0
2016-09-12 09:00:00,1327.18,1329.43,1326.87,1329.15,0
2016-09-12 10:00:00,1329.13,1329.57,1327.36,1327.38,0
2016-09-12 11:00:00,1327.36,1327.82,1323.78,1325.2,0
2016-09-12 12:00:00,1325.29,1329.17,1324.78,1328.43,0
2016-09-12 13:00:00,1328.45,1328.69,1322.92,1324.7,0
2016-09-12 14:00:00,1324.74,1326.2,1321.92,1324.91,0
2016-09-12 15:00:00,1324.84,1326.98,1324.6,1325.13,0
2016-09-12 16:00:00,1325.13,1325.13,1321.88,1322.32,0
2016-09-12 17:00:00,1322.32,1322.92,1320.89,1321.79,0
2016-09-12 18:00:00,1321.79,1327.5,1320.45,1327.15,0
2016-09-12 19:00:00,1327.23,1330.27,1327.03,1329.41,0
2016-09-12 20:00:00,1329.44,1329.61,1326.69,1326.69,0
2016-09-12 21:00:00,1326.69,1327.83,1326.69,1327.58,0
2016-09-12 23:00:00,1327.91,1328.63,1327.29,1328.11,0
2016-09-13 00:00:00,1328.15,1330.35,1328.15,1329.85,0
2016-09-13 01:00:00,1329.95,1330.31,1328.33,1328.67,0
2016-09-13 02:00:00,1328.68,1330.51,1328.25,1330.31,0
2016-09-13 03:00:00,1330.41,1332.01,1330.1,1330.54,0
2016-09-13 04:00:00,1330.52,1330.94,1330.23,1330.52,0
2016-09-13 05:00:00,1330.52,1330.64,1329.14,1329.78,0
2016-09-13 06:00:00,1329.84,1329.98,1328.6,1329.31,0
2016-09-13 07:00:00,1329.22,1329.36,1328.13,1328.87,0
2016-09-13 08:00:00,1328.87,1329.9,1327.89,1329.69,0
2016-09-13 09:00:00,1329.7,1331.09,1329.42,1329.85,0
2016-09-13 10:00:00,1329.85,1330.08,1327.82,1328.84,0
2016-09-13 11:00:00,1328.74,1329.14,1325.88,1325.88,0
2016-09-13 12:00:00,1325.9,1326.65,1324.62,1324.9,0
2016-09-13 13:00:00,1324.9,1327.3,1322.18,1324.67,0
2016-09-13 14:00:00,1324.77,1327.07,1323.36,1324.05,0
2016-09-13 15:00:00,1324.02,1326.77,1323.24,1325.57,0
2016-09-13 16:00:00,1325.57,1325.74,1323.85,1324.43,0
2016-09-13 17:00:00,1324.43,1324.76,1322.93,1323.05,0
2016-09-13 18:00:00,1323.01,1323.73,1319.47,1320.79,0
2016-09-13 19:00:00,1320.89,1321.07,1315.75,1317.84,0
2016-09-13 20:00:00,1317.84,1319.18,1317.09,1318.0,0
2016-09-13 21:00:00,1318.0,1318.8,1317.51,1318.47,0
2016-09-13 23:00:00,1318.67,1320.05,1318.47,1319.85,0
2016-09-14 00:00:00,1319.85,1322.48,1313.55,1321.05,0
2016-09-14 01:00:00,1321.04,1321.04,1317.8,1318.84,0
2016-09-14 02:00:00,1318.84,1318.93,1316.09,1318.27,0
2016-09-14 03:00:00,1318.29,1320.03,1317.8,1319.71,0
2016-09-14 04:00:00,1319.66,1320.53,1319.37,1320.12,0
2016-09-14 05:00:00,1320.11,1320.39,1319.38,1320.35,0
2016-09-14 06:00:00,1320.33,1322.13,1320.14,1321.88,0
2016-09-14 07:00:00,1321.86,1322.52,1320.29,1321.71,0
2016-09-14 08:00:00,1321.7,1322.39,1320.4,1320.85,0
2016-09-14 09:00:00,1320.87,1322.6,1320.68,1322.5,0
2016-09-14 10:00:00,1322.53,1324.22,1321.7,1323.12,0
2016-09-14 11:00:00,1323.11,1324.03,1321.71,1322.23,0
2016-09-14 12:00:00,1322.23,1322.95,1321.3,1322.26,0
2016-09-14 13:00:00,1322.29,1322.98,1320.4,1321.46,0
2016-09-14 14:00:00,1321.45,1324.65,1319.55,1322.77,0
2016-09-14 15:00:00,1322.82,1326.0,1322.04,1322.52,0
2016-09-14 16:00:00,1322.5,1325.92,1322.5,1324.11,0
2016-09-14 17:00:00,1324.16,1324.82,1322.16,1322.64,0
2016-09-14 18:00:00,1322.64,1323.63,1322.02,1322.53,0
2016-09-14 19:00:00,1322.53,1324.76,1321.75,1323.44,0
2016-09-14 20:00:00,1323.44,1323.97,1322.12,1322.56,0
2016-09-14 21:00:00,1322.54,1323.04,1322.02,1322.55,0
2016-09-14 23:00:00,1322.26,1323.36,1322.26,1322.64,0
2016-09-15 00:00:00,1322.7,1323.65,1322.62,1322.86,0
2016-09-15 01:00:00,1322.86,1323.49,1322.45,1322.99,0
2016-09-15 02:00:00,1323.0,1325.06,1322.89,1325.06,0
2016-09-15 03:00:00,1325.02,1325.69,1323.69,1325.05,0
2016-09-15 04:00:00,1325.06,1325.5,1322.62,1323.0,0
2016-09-15 05:00:00,1322.94,1323.12,1321.44,1321.76,0
2016-09-15 06:00:00,1321.78,1321.94,1321.09,1321.73,0
2016-09-15 07:00:00,1321.74,1322.2,1320.2,1320.49,0
2016-09-15 08:00:00,1320.47,1320.58,1318.55,1319.02,0
2016-09-15 09:00:00,1319.02,1320.66,1318.92,1320.42,0
2016-09-15 10:00:00,1320.47,1321.77,1320.12,1321.46,0
2016-09-15 11:00:00,1321.46,1322.31,1320.51,1320.69,0
2016-09-15 12:00:00,1320.64,1322.06,1320.39,1322.04,0
2016-09-15 13:00:00,1322.04,1327.87,1319.98,1320.68,0
2016-09-15 14:00:00,1320.67,1320.76,1310.05,1311.4,0
2016-09-15 15:00:00,1311.38,1321.41,1309.25,1320.91,0
2016-09-15 16:00:00,1320.92,1321.58,1316.73,1319.33,0
2016-09-15 17:00:00,1319.3,1319.81,1314.01,1316.16,0
2016-09-15 18:00:00,1316.16,1317.74,1314.22,1317.02,0
2016-09-15 19:00:00,1317.02,1318.63,1316.11,1316.11,0
2016-09-15 20:00:00,1316.11,1316.91,1313.37,1314.19,0
2016-09-15 21:00:00,1314.11,1314.86,1312.42,1314.18,0
2016-09-15 23:00:00,1315.24,1316.57,1314.17,1316.1,0
2016-09-16 00:00:00,1316.1,1316.99,1315.25,1316.99,0
2016-09-16 01:00:00,1317.07,1318.08,1315.71,1316.04,0
2016-09-16 02:00:00,1316.04,1316.54,1314.54,1314.64,0
2016-09-16 03:00:00,1314.64,1315.07,1314.13,1314.44,0
2016-09-16 04:00:00,1314.45,1315.06,1313.84,1314.07,0
2016-09-16 05:00:00,1314.07,1314.12,1313.06,1313.86,0
2016-09-16 06:00:00,1313.86,1315.0,1313.79,1314.89,0
2016-09-16 07:00:00,1314.89,1315.67,1314.31,1314.54,0
2016-09-16 08:00:00,1314.54,1314.99,1313.29,1314.33,0
2016-09-16 09:00:00,1314.31,1316.18,1314.21,1315.97,0
2016-09-16 10:00:00,1316.07,1316.19,1312.72,1312.89,0
2016-09-16 11:00:00,1312.89,1313.72,1311.24,1312.84,0
2016-09-16 12:00:00,1312.84,1313.82,1312.03,1313.28,0
2016-09-16 13:00:00,1313.33,1314.68,1308.82,1310.12,0
2016-09-16 14:00:00,1310.27,1311.18,1306.36,1309.02,0
2016-09-16 15:00:00,1309.03,1312.67,1306.66,1310.53,0
2016-09-16 16:00:00,1310.43,1311.73,1307.63,1308.46,0
2016-09-16 17:00:00,1308.47,1309.36,1307.4,1308.71,0
2016-09-16 18:00:00,1308.71,1308.84,1306.91,1307.38,0
2016-09-16 19:00:00,1307.42,1310.1,1306.95,1308.27,0
2016-09-16 20:00:00,1308.29,1311.18,1308.2,1310.98,0
2016-09-16 21:00:00,1310.83,1311.09,1309.73,1309.73,0
2016-09-18 23:00:00,1310.86,1312.38,1309.73,1312.33,0
2016-09-19 00:00:00,1312.32,1312.63,1310.96,1310.98,0
2016-09-19 01:00:00,1310.96,1311.14,1309.49,1310.44,0
2016-09-19 02:00:00,1310.44,1315.21,1310.14,1314.46,0
2016-09-19 03:00:00,1314.56,1317.0,1313.92,1316.07,0
2016-09-19 04:00:00,1316.05,1316.37,1313.97,1314.74,0
2016-09-19 05:00:00,1314.74,1315.65,1314.46,1315.44,0
2016-09-19 06:00:00,1315.42,1316.72,1315.11,1316.09,0
2016-09-19 07:00:00,1316.09,1316.92,1315.4,1316.23,0
2016-09-19 08:00:00,1316.25,1318.47,1316.14,1316.71,0
2016-09-19 09:00:00,1316.71,1318.31,1315.9,1316.11,0
2016-09-19 10:00:00,1316.11,1316.21,1314.05,1314.45,0
2016-09-19 11:00:00,1314.43,1314.5,1313.12,1314.12,0
2016-09-19 12:00:00,1314.08,1315.15,1312.75,1314.04,0
2016-09-19 13:00:00,1314.02,1316.48,1312.09,1313.49,0
2016-09-19 14:00:00,1313.54,1316.74,1313.51,1314.76,0
2016-09-19 15:00:00,1314.75,1315.58,1313.04,1313.6,0
2016-09-19 16:00:00,1313.69,1314.23,1313.2,1313.67,0
2016-09-19 17:00:00,1313.77,1314.51,1313.43,1313.93,0
2016-09-19 18:00:00,1313.93,1314.89,1313.45,1314.16,0
2016-09-19 19:00:00,1314.15,1314.78,1313.62,1313.79,0
2016-09-19 20:00:00,1313.76,1314.0,1312.76,1313.41,0
2016-09-19 21:00:00,1313.39,1313.67,1313.0,1313.32,0
2016-09-19 23:00:00,1312.8,1313.58,1312.8,1313.16,0
2016-09-20 00:00:00,1313.16,1314.46,1313.16,1314.02,0
2016-09-20 01:00:00,1314.02,1315.22,1313.63,1314.58,0
2016-09-20 02:00:00,1314.58,1315.76,1313.77,1315.7,0
2016-09-20 03:00:00,1315.61,1316.54,1315.53,1316.15,0
2016-09-20 04:00:00,1316.17,1316.36,1315.6,1315.6,0
2016-09-20 05:00:00,1315.6,1316.46,1315.4,1316.43,0
2016-09-20 06:00:00,1316.43,1316.52,1315.8,1315.81,0
2016-09-20 07:00:00,1315.85,1317.23,1315.61,1317.14,0
2016-09-20 08:00:00,1317.13,1317.98,1316.0,1316.37,0
2016-09-20 09:00:00,1316.32,1316.77,1315.76,1315.9,0
2016-09-20 10:00:00,1315.9,1315.95,1314.58,1315.13,0
2016-09-20 11:00:00,1315.21,1315.23,1314.11,1314.54,0
2016-09-20 12:00:00,1314.54,1314.89,1314.03,1314.74,0
2016-09-20 13:00:00,1314.68,1316.14,1313.52,1313.95,0
2016-09-20 14:00:00,1313.85,1314.86,1312.07,1313.7,0
2016-09-20 15:00:00,1313.7,1315.4,1313.33,1314.06,0
2016-09-20 16:00:00,1314.15,1316.42,1314.05,1314.73,0
2016-09-20 17:00:00,1314.71,1315.37,1314.21,1314.84,0
2016-09-20 18:00:00,1314.87,1315.07,1313.77,1314.17,0
2016-09-20 19:00:00,1314.2,1314.91,1313.88,1314.43,0
2016-09-20 20:00:00,1314.41,1314.96,1314.26,1314.66,0
2016-09-20 21:00:00,1314.66,1315.16,1314.44,1314.8,0
2016-09-20 23:00:00,1314.72,1315.49,1314.64,1315.2,0
2016-09-21 00:00:00,1315.21,1316.38,1315.07,1315.96,0
2016-09-21 01:00:00,1316.05,1316.17,1314.79,1315.29,0
2016-09-21 02:00:00,1315.25,1315.39,1314.3,1314.52,0
2016-09-21 03:00:00,1314.51,1316.86,1314.49,1316.12,0
2016-09-21 04:00:00,1316.11,1317.07,1315.18,1315.39,0
2016-09-21 05:00:00,1315.39,1320.08,1307.89,1311.56,0
2016-09-21 06:00:00,1311.52,1315.21,1310.54,1314.64,0
2016-09-21 07:00:00,1314.56,1320.35,1313.65,1318.97,0
2016-09-21 08:00:00,1318.89,1322.6,1318.77,1320.18,0
2016-09-21 09:00:00,1320.2,1320.62,1318.26,1319.67,0
2016-09-21 10:00:00,1319.65,1321.14,1318.74,1320.72,0
2016-09-21 11:00:00,1320.72,1321.13,1319.86,1320.35,0
2016-09-21 12:00:00,1320.3,1324.04,1320.15,1323.95,0
2016-09-21 13:00:00,1324.07,1329.71,1324.02,1328.27,0
2016-09-21 14:00:00,1328.22,1328.22,1323.66,1326.13,0
2016-09-21 15:00:00,1326.23,1327.85,1325.58,1325.87,0
2016-09-21 16:00:00,1325.93,1327.6,1325.09,1327.35,0
2016-09-21 17:00:00,1327.35,1328.53,1325.73,1325.83,0
2016-09-21 18:00:00,1325.86,1327.81,1325.59,1326.17,0
2016-09-21 19:00:00,1326.27,1335.2,1320.16,1329.95,0
2016-09-21 20:00:00,1329.95,1334.4,1328.59,1334.04,0
2016-09-21 21:00:00,1333.99,1336.94,1332.65,1335.3,0
2016-09-21 23:00:00,1334.69,1334.89,1331.31,1332.86,0
2016-09-22 00:00:00,1332.86,1334.39,1332.77,1333.3,0
2016-09-22 01:00:00,1333.39,1334.83,1333.27,1334.31,0
2016-09-22 02:00:00,1334.31,1334.32,1332.48,1333.0,0
2016-09-22 03:00:00,1333.05,1333.7,1332.69,1333.0,0
2016-09-22 04:00:00,1333.04,1333.45,1332.5,1332.88,0
2016-09-22 05:00:00,1332.87,1333.35,1332.53,1333.35,0
2016-09-22 06:00:00,1333.33,1333.54,1331.64,1331.76,0
2016-09-22 07:00:00,1331.66,1333.81,1331.24,1333.43,0
2016-09-22 08:00:00,1333.49,1334.43,1332.48,1332.71,0
2016-09-22 09:00:00,1332.75,1333.48,1332.4,1332.55,0
2016-09-22 10:00:00,1332.65,1333.06,1332.17,1332.49,0
2016-09-22 11:00:00,1332.49,1333.5,1332.17,1333.41,0
2016-09-22 12:00:00,1333.37,1334.95,1332.97,1334.38,0
2016-09-22 13:00:00,1334.4,1338.23,1332.74,1337.31,0
2016-09-22 14:00:00,1337.31,1340.06,1336.24,1339.06,0
2016-09-22 15:00:00,1339.3,1340.64,1336.86,1337.21,0
2016-09-22 16:00:00,1337.21,1342.92,1337.19,1342.81,0
2016-09-22 17:00:00,1342.85,1343.72,1340.29,1340.78,0
2016-09-22 18:00:00,1340.78,1341.36,1338.91,1338.99,0
2016-09-22 19:00:00,1338.99,1339.57,1336.2,1336.55,0
2016-09-22 20:00:00,1336.57,1338.95,1336.48,1337.18,0
2016-09-22 21:00:00,1337.18,1338.11,1336.6,1336.88,0
2016-09-22 23:00:00,1336.87,1337.55,1336.83,1337.08,0
2016-09-23 00:00:00,1337.05,1337.36,1336.54,1337.16,0
2016-09-23 01:00:00,1337.2,1337.77,1336.32,1336.69,0
2016-09-23 02:00:00,1336.69,1338.1,1334.91,1335.07,0
2016-09-23 03:00:00,1334.97,1336.16,1334.72,1334.72,0
2016-09-23 04:00:00,1334.76,1335.0,1333.88,1334.48,0
2016-09-23 05:00:00,1334.48,1334.87,1333.83,1334.82,0
2016-09-23 06:00:00,1334.81,1336.21,1334.61,1335.02,0
2016-09-23 07:00:00,1335.04,1335.67,1334.37,1334.84,0
2016-09-23 08:00:00,1334.8,1335.56,1334.39,1335.07,0
2016-09-23 09:00:00,1335.07,1336.87,1334.67,1335.07,0
2016-09-23 10:00:00,1335.13,1336.86,1334.87,1336.57,0
2016-09-23 11:00:00,1336.53,1338.6,1336.15,1337.91,0
2016-09-23 12:00:00,1337.86,1338.99,1337.17,1338.44,0
2016-09-23 13:00:00,1338.47,1340.57,1338.26,1338.76,0
2016-09-23 14:00:00,1338.85,1339.81,1335.59,1338.67,0
2016-09-23 15:00:00,1338.67,1339.66,1337.73,1339.42,0
2016-09-23 16:00:00,1339.42,1340.01,1338.22,1338.7,0
2016-09-23 17:00:00,1338.72,1338.98,1337.18,1338.7,0
2016-09-23 18:00:00,1338.68,1338.89,1335.83,1337.46,0
2016-09-23 19:00:00,1337.37,1337.69,1336.18,1337.34,0
2016-09-23 20:00:00,1337.34,1338.64,1337.14,1337.89,0
2016-09-23 21:00:00,1337.83,1339.13,1337.15,1337.72,0
2016-09-25 23:00:00,1337.07,1338.51,1336.71,1338.3,0
2016-09-26 00:00:00,1338.2,1338.86,1337.89,1338.37,0
2016-09-26 01:00:00,1338.31,1339.92,1338.28,1338.98,0
2016-09-26 02:00:00,1338.99,1338.99,1335.52,1335.85,0
2016-09-26 03:00:00,1335.84,1336.25,1334.33,1334.41,0
2016-09-26 04:00:00,1334.35,1334.64,1332.75,1334.11,0
2016-09-26 05:00:00,1334.11,1334.19,1333.0,1333.27,0
2016-09-26 06:00:00,1333.27,1334.85,1332.93,1334.46,0
2016-09-26 07:00:00,1334.48,1335.57,1333.97,1335.46,0
2016-09-26 08:00:00,1335.33,1337.4,1335.26,1335.62,0
2016-09-26 09:00:00,1335.6,1336.12,1334.07,1334.33,0
2016-09-26 10:00:00,1334.42,1336.85,1334.09,1336.55,0
2016-09-26 11:00:00,1336.55,1338.64,1336.52,1337.51,0
2016-09-26 12:00:00,1337.51,1338.3,1336.52,1336.84,0
2016-09-26 13:00:00,1336.86,1339.04,1336.84,1338.93,0
2016-09-26 14:00:00,1338.93,1342.16,1338.29,1340.91,0
2016-09-26 15:00:00,1340.92,1341.63,1339.85,1340.87,0
2016-09-26 16:00:00,1340.87,1341.5,1339.34,1339.42,0
2016-09-26 17:00:00,1339.42,1340.44,1338.79,1340.15,0
2016-09-26 18:00:00,1340.12,1340.18,1339.76,1339.97,0
2016-09-26 19:00:00,1339.95,1340.15,1336.89,1337.31,0
2016-09-26 20:00:00,1337.41,1337.5,1335.78,1337.24,0
2016-09-26 21:00:00,1337.23,1338.67,1337.03,1337.69,0
2016-09-26 23:00:00,1338.02,1338.62,1337.66,1338.25,0
2016-09-27 00:00:00,1338.17,1338.26,1336.88,1337.44,0
2016-09-27 01:00:00,1337.36,1338.93,1336.7,1337.51,0
2016-09-27 02:00:00,1337.48,1339.52,1336.07,1336.16,0
2016-09-27 03:00:00,1336.18,1336.51,1334.39,1335.53,0
2016-09-27 04:00:00,1335.53,1335.53,1334.6,1334.97,0
2016-09-27 05:00:00,1334.97,1335.59,1334.75,1335.48,0
2016-09-27 06:00:00,1335.49,1335.49,1334.27,1334.39,0
2016-09-27 07:00:00,1334.39,1335.18,1333.68,1334.56,0
2016-09-27 08:00:00,1334.57,1337.94,1333.86,1337.52,0
2016-09-27 09:00:00,1337.48,1337.67,1334.63,1335.04,0
2016-09-27 10:00:00,1335.04,1337.03,1334.7,1336.9,0
2016-09-27 11:00:00,1336.9,1337.67,1336.4,1337.25,0
2016-09-27 12:00:00,1337.24,1337.57,1335.07,1336.2,0
2016-09-27 13:00:00,1336.2,1336.46,1330.18,1333.16,0
2016-09-27 14:00:00,1333.2,1333.2,1326.76,1327.12,0
2016-09-27 15:00:00,1327.07,1328.67,1326.1,1326.93,0
2016-09-27 16:00:00,1326.87,1327.27,1324.76,1326.92,0
2016-09-27 17:00:00,1326.91,1327.52,1326.2,1327.07,0
2016-09-27 18:00:00,1326.97,1327.57,1326.57,1326.75,0
2016-09-27 19:00:00,1326.8,1327.93,1326.72,1327.65,0
2016-09-27 20:00:00,1327.66,1327.82,1326.81,1327.23,0
2016-09-27 21:00:00,1327.21,1327.65,1326.67,1327.01,0
2016-09-27 23:00:00,1326.77,1327.54,1326.75,1327.28,0
2016-09-28 00:00:00,1327.26,1327.58,1326.11,1326.58,0
2016-09-28 01:00:00,1326.63,1327.14,1325.95,1326.35,0
2016-09-28 02:00:00,1326.34,1326.63,1325.49,1325.82,0
2016-09-28 03:00:00,1325.77,1325.86,1325.18,1325.39,0
2016-09-28 04:00:00,1325.39,1325.63,1325.04,1325.48,0
2016-09-28 05:00:00,1325.42,1325.76,1325.01,1325.56,0
2016-09-28 06:00:00,1325.61,1326.12,1325.52,1325.73,0
2016-09-28 07:00:00,1325.59,1325.77,1323.74,1324.61,0
2016-09-28 08:00:00,1324.59,1324.69,1322.46,1323.17,0
2016-09-28 09:00:00,1323.13,1324.58,1322.76,1324.22,0
2016-09-28 10:00:00,1324.18,1325.28,1323.86,1324.98,0
2016-09-28 11:00:00,1324.95,1326.64,1324.68,1325.6,0
2016-09-28 12:00:00,1325.62,1327.0,1325.13,1326.91,0
2016-09-28 13:00:00,1326.87,1326.87,1324.09,1324.71,0
2016-09-28 14:00:00,1324.63,1325.0,1322.95,1323.65,0
2016-09-28 15:00:00,1323.62,1323.91,1320.58,1320.7,0
2016-09-28 16:00:00,1320.7,1322.32,1318.04,1321.53,0
2016-09-28 17:00:00,1321.42,1322.0,1319.05,1321.75,0
2016-09-28 18:00:00,1321.74,1323.21,1320.32,1322.65,0
2016-09-28 19:00:00,1322.65,1324.26,1320.73,1322.33,0
2016-09-28 20:00:00,1322.28,1323.35,1322.1,1322.95,0
2016-09-28 21:00:00,1322.98,1323.31,1321.23,1321.86,0
2016-09-28 23:00:00,1321.95,1322.69,1321.36,1322.44,0
2016-09-29 00:00:00,1322.46,1323.88,1322.23,1323.49,0
2016-09-29 01:00:00,1323.39,1325.81,1322.86,1324.25,0
2016-09-29 02:00:00,1324.26,1325.7,1322.55,1324.55,0
2016-09-29 03:00:00,1324.53,1325.83,1324.06,1324.84,0
2016-09-29 04:00:00,1324.86,1325.53,1324.31,1324.61,0
2016-09-29 05:00:00,1324.6,1325.1,1324.2,1324.81,0
2016-09-29 06:00:00,1324.81,1325.03,1322.99,1323.07,0
2016-09-29 07:00:00,1323.02,1323.3,1320.23,1320.82,0
2016-09-29 08:00:00,1320.79,1322.28,1320.56,1321.66,0
2016-09-29 09:00:00,1321.66,1322.51,1321.42,1321.65,0
2016-09-29 10:00:00,1321.58,1321.99,1321.29,1321.61,0
2016-09-29 11:00:00,1321.61,1321.89,1319.53,1319.68,0
2016-09-29 12:00:00,1319.68,1321.49,1319.18,1321.17,0
2016-09-29 13:00:00,1321.04,1322.01,1316.15,1317.94,0
2016-09-29 14:00:00,1318.02,1320.47,1316.42,1319.43,0
2016-09-29 15:00:00,1319.54,1322.02,1317.92,1318.34,0
2016-09-29 16:00:00,1318.38,1319.41,1316.05,1317.87,0
2016-09-29 17:00:00,1317.87,1322.57,1317.68,1321.9,0
2016-09-29 18:00:00,1321.9,1324.36,1321.61,1324.08,0
2016-09-29 19:00:00,1324.01,1324.43,1321.06,1321.78,0
2016-09-29 20:00:00,1321.78,1322.16,1320.6,1321.55,0
2016-09-29 21:00:00,1321.56,1321.73,1319.74,1320.61,0
2016-09-29 23:00:00,1320.43,1322.52,1320.36,1322.04,0
2016-09-30 00:00:00,1322.0,1322.7,1321.53,1322.14,0
2016-09-30 01:00:00,1322.1,1323.51,1321.57,1323.47,0
2016-09-30 02:00:00,1323.5,1324.75,1323.35,1324.44,0
2016-09-30 03:00:00,1324.51,1324.72,1319.63,1323.64,0
2016-09-30 04:00:00,1323.65,1323.79,1321.25,1322.3,0
2016-09-30 05:00:00,1322.36,1323.79,1321.92,1323.77,0
2016-09-30 06:00:00,1323.72,1324.23,1323.22,1323.89,0
2016-09-30 07:00:00,1323.88,1325.32,1322.9,1323.37,0
2016-09-30 08:00:00,1323.37,1325.81,1323.06,1325.78,0
2016-09-30 09:00:00,1325.81,1327.04,1325.53,1326.06,0
2016-09-30 10:00:00,1326.05,1327.81,1326.04,1326.52,0
2016-09-30 11:00:00,1326.57,1327.02,1325.63,1326.09,0
2016-09-30 12:00:00,1326.08,1326.89,1324.91,1325.32,0
2016-09-30 13:00:00,1325.31,1328.07,1322.29,1327.37,0
2016-09-30 14:00:00,1327.38,1328.12,1321.12,1322.62,0
2016-09-30 15:00:00,1322.66,1323.71,1317.02,1322.61,0
2016-09-30 16:00:00,1322.53,1322.73,1318.9,1319.57,0
2016-09-30 17:00:00,1319.58,1320.39,1316.15,1317.78,0
2016-09-30 18:00:00,1317.8,1318.14,1313.27,1315.01,0
2016-09-30 19:00:00,1315.02,1317.85,1314.5,1315.52,0
2016-09-30 20:00:00,1315.38,1318.15,1315.1,1317.5,0
2016-09-30 21:00:00,1317.51,1317.89,1315.43,1316.06,0
2016-10-02 23:00:00,1318.45,1318.45,1315.47,1315.87,0
2016-10-03 00:00:00,1315.82,1316.95,1315.17,1315.72,0
2016-10-03 01:00:00,1315.71,1319.47,1315.52,1318.71,0
2016-10-03 02:00:00,1318.7,1319.65,1317.32,1318.88,0
2016-10-03 03:00:00,1318.91,1319.22,1315.12,1316.2,0
2016-10-03 04:00:00,1316.18,1316.29,1315.2,1315.63,0
2016-10-03 05:00:00,1315.67,1315.81,1314.11,1314.42,0
2016-10-03 06:00:00,1314.52,1315.51,1314.36,1314.94,0
2016-10-03 07:00:00,1314.98,1315.77,1314.42,1315.54,0
2016-10-03 08:00:00,1315.68,1316.76,1315.36,1316.28,0
2016-10-03 09:00:00,1316.31,1316.55,1315.37,1315.46,0
2016-10-03 10:00:00,1315.46,1318.19,1314.96,1317.53,0
2016-10-03 11:00:00,1317.54,1318.19,1317.24,1318.0,0
2016-10-03 12:00:00,1318.09,1318.4,1316.74,1317.48,0
2016-10-03 13:00:00,1317.48,1317.6,1312.88,1313.47,0
2016-10-03 14:00:00,1313.46,1315.24,1312.76,1313.76,0
2016-10-03 15:00:00,1313.86,1313.89,1311.16,1312.1,0
2016-10-03 16:00:00,1312.08,1312.76,1311.04,1311.71,0
2016-10-03 17:00:00,1311.73,1312.3,1309.88,1311.13,0
2016-10-03 18:00:00,1311.23,1312.15,1309.36,1311.65,0
2016-10-03 19:00:00,1311.65,1312.03,1310.24,1311.36,0
2016-10-03 20:00:00,1311.33,1313.56,1311.33,1313.3,0
2016-10-03 21:00:00,1313.36,1313.47,1311.02,1311.81,0
2016-10-03 23:00:00,1312.02,1312.96,1311.7,1312.94,0
2016-10-04 00:00:00,1312.96,1313.01,1311.78,1311.88,0
2016-10-04 01:00:00,1311.79,1311.9,1310.16,1310.32,0
2016-10-04 02:00:00,1310.31,1311.48,1310.0,1310.92,0
2016-10-04 03:00:00,1310.97,1311.21,1308.22,1309.3,0
2016-10-04 04:00:00,1309.33,1311.46,1307.94,1310.44,0
2016-10-04 05:00:00,1310.44,1311.12,1309.97,1311.05,0
2016-10-04 06:00:00,1311.04,1312.16,1310.91,1311.15,0
2016-10-04 07:00:00,1311.15,1311.62,1308.69,1308.89,0
2016-10-04 08:00:00,1308.8,1309.12,1306.87,1308.1,0
2016-10-04 09:00:00,1308.04,1309.97,1307.41,1309.46,0
2016-10-04 10:00:00,1309.52,1310.15,1307.79,1308.38,0
2016-10-04 11:00:00,1308.32,1309.59,1307.72,1309.25,0
2016-10-04 12:00:00,1309.25,1310.55,1307.79,1307.79,0
2016-10-04 13:00:00,1307.89,1308.09,1291.48,1291.92,0
2016-10-04 14:00:00,1291.92,1293.22,1281.5,1284.84,0
2016-10-04 15:00:00,1284.86,1286.66,1282.95,1284.15,0
2016-10-04 16:00:00,1284.17,1284.56,1273.89,1277.18,0
2016-10-04 17:00:00,1277.27,1277.46,1270.57,1271.08,0
2016-10-04 18:00:00,1271.07,1273.61,1266.97,1272.8,0
2016-10-04 19:00:00,1272.76,1273.45,1268.48,1268.98,0
2016-10-04 20:00:00,1268.98,1271.42,1267.91,1268.68,0
2016-10-04 21:00:00,1268.68,1270.49,1267.96,1267.96,0
2016-10-04 23:00:00,1268.87,1269.06,1267.77,1268.05,0
2016-10-05 00:00:00,1268.01,1270.81,1266.51,1268.24,0
2016-10-05 01:00:00,1268.34,1271.63,1268.17,1271.12,0
2016-10-05 02:00:00,1271.11,1272.21,1271.02,1271.9,0
2016-10-05 03:00:00,1271.9,1273.71,1271.89,1272.74,0
2016-10-05 04:00:00,1272.79,1274.53,1272.59,1274.39,0
2016-10-05 05:00:00,1274.39,1275.07,1273.05,1274.45,0
2016-10-05 06:00:00,1274.45,1275.16,1273.02,1273.44,0
2016-10-05 07:00:00,1273.44,1273.44,1271.15,1271.15,0
2016-10-05 08:00:00,1271.15,1272.67,1270.59,1272.43,0
2016-10-05 09:00:00,1272.43,1272.99,1271.51,1272.08,0
2016-10-05 10:00:00,1271.98,1274.48,1271.63,1274.01,0
2016-10-05 11:00:00,1274.02,1274.4,1272.52,1273.13,0
2016-10-05 12:00:00,1273.13,1274.85,1272.75,1273.48,0
2016-10-05 13:00:00,1273.48,1277.19,1271.54,1272.6,0
2016-10-05 14:00:00,1272.65,1274.73,1269.41,1273.99,0
2016-10-05 15:00:00,1273.76,1273.76,1266.37,1268.38,0
2016-10-05 16:00:00,1268.31,1269.88,1265.76,1266.85,0
2016-10-05 17:00:00,1266.85,1266.86,1262.17,1262.62,0
2016-10-05 18:00:00,1262.54,1269.25,1262.29,1268.55,0
2016-10-05 19:00:00,1268.49,1268.49,1266.62,1266.87,0
2016-10-05 20:00:00,1266.86,1268.61,1266.38,1266.42,0
2016-10-05 21:00:00,1266.47,1267.85,1266.41,1266.52,0
2016-10-05 23:00:00,1267.47,1268.71,1267.07,1268.32,0
2016-10-06 00:00:00,1268.33,1269.44,1267.92,1269.18,0
2016-10-06 01:00:00,1269.14,1269.27,1268.02,1268.36,0
2016-10-06 02:00:00,1268.27,1268.78,1266.03,1267.45,0
2016-10-06 03:00:00,1267.42,1267.76,1265.51,1266.09,0
2016-10-06 04:00:00,1266.09,1266.21,1265.28,1265.76,0
2016-10-06 05:00:00,1265.76,1265.92,1264.84,1265.2,0
2016-10-06 06:00:00,1265.16,1265.96,1264.76,1265.52,0
2016-10-06 07:00:00,1265.52,1266.33,1264.68,1265.58,0
2016-10-06 08:00:00,1265.58,1265.75,1263.23,1264.15,0
2016-10-06 09:00:00,1264.15,1266.05,1263.13,1265.94,0
2016-10-06 10:00:00,1265.94,1266.8,1264.25,1266.0,0
2016-10-06 11:00:00,1266.02,1268.18,1265.76,1267.83,0
2016-10-06 12:00:00,1267.79,1268.16,1263.94,1264.15,0
2016-10-06 13:00:00,1264.17,1265.41,1259.04,1259.32,0
2016-10-06 14:00:00,1259.3,1259.46,1252.1,1254.5,0
2016-10-06 15:00:00,1254.5,1256.11,1250.71,1251.74,0
2016-10-06 16:00:00,1251.67,1257.43,1251.08,1257.18,0
2016-10-06 17:00:00,1257.13,1257.67,1252.14,1252.57,0
2016-10-06 18:00:00,1252.72,1253.7,1250.69,1251.18,0
2016-10-06 19:00:00,1251.17,1252.03,1250.02,1250.95,0
2016-10-06 20:00:00,1250.98,1255.18,1250.96,1254.02,0
2016-10-06 21:00:00,1254.02,1254.75,1253.62,1254.65,0
2016-10-06 23:00:00,1254.94,1255.71,1254.37,1255.6,0
2016-10-07 00:00:00,1255.62,1256.09,1250.4,1255.98,0
2016-10-07 01:00:00,1255.99,1256.47,1254.84,1256.07,0
2016-10-07 02:00:00,1256.17,1259.71,1255.65,1258.27,0
2016-10-07 03:00:00,1258.23,1258.23,1256.33,1256.39,0
2016-10-07 04:00:00,1256.35,1256.67,1253.6,1254.01,0
2016-10-07 05:00:00,1254.01,1254.26,1252.55,1253.56,0
2016-10-07 06:00:00,1253.61,1253.65,1251.78,1252.34,0
2016-10-07 07:00:00,1252.44,1253.15,1251.33,1253.09,0
2016-10-07 08:00:00,1253.05,1256.33,1253.05,1255.26,0
2016-10-07 09:00:00,1255.18,1255.74,1253.69,1255.52,0
2016-10-07 10:00:00,1255.48,1256.66,1254.77,1256.42,0
2016-10-07 11:00:00,1256.41,1258.78,1256.01,1257.51,0
2016-10-07 12:00:00,1257.58,1257.69,1253.86,1255.82,0
2016-10-07 13:00:00,1256.02,1264.34,1251.51,1262.25,0
2016-10-07 14:00:00,1262.35,1265.41,1258.35,1259.56,0
2016-10-07 15:00:00,1259.75,1260.39,1254.31,1256.5,0
2016-10-07 16:00:00,1256.48,1256.91,1241.43,1246.3,0
2016-10-07 17:00:00,1246.31,1254.87,1245.78,1253.35,0
2016-10-07 18:00:00,1253.29,1254.66,1249.72,1253.76,0
2016-10-07 19:00:00,1253.74,1253.97,1250.05,1252.03,0
2016-10-07 20:00:00,1251.98,1255.44,1251.98,1255.0,0
2016-10-07 21:00:00,1255.1,1257.16,1254.98,1256.2,0
2016-10-09 23:00:00,1257.09,1258.29,1256.67,1258.2,0
2016-10-10 00:00:00,1258.25,1261.73,1258.18,1259.9,0
2016-10-10 01:00:00,1259.85,1261.93,1259.15,1261.77,0
2016-10-10 02:00:00,1261.72,1264.23,1256.67,1258.87,0
2016-10-10 03:00:00,1258.82,1262.94,1258.46,1262.64,0
2016-10-10 04:00:00,1262.56,1263.41,1261.9,1262.4,0
2016-10-10 05:00:00,1262.4,1263.74,1261.91,1263.49,0
2016-10-10 06:00:00,1263.49,1263.63,1261.46,1263.36,0
2016-10-10 07:00:00,1263.31,1264.93,1262.26,1264.47,0
2016-10-10 08:00:00,1264.47,1264.47,1261.79,1263.47,0
2016-10-10 09:00:00,1263.42,1264.02,1262.98,1263.41,0
2016-10-10 10:00:00,1263.44,1263.63,1261.96,1262.57,0
2016-10-10 11:00:00,1262.59,1262.77,1261.84,1262.07,0
2016-10-10 12:00:00,1262.06,1262.47,1259.61,1259.7,0
2016-10-10 13:00:00,1259.7,1261.72,1257.82,1259.35,0
2016-10-10 14:00:00,1259.34,1262.21,1259.34,1259.93,0
2016-10-10 15:00:00,1260.21,1262.33,1257.38,1260.04,0
2016-10-10 16:00:00,1260.05,1260.68,1257.74,1259.55,0
2016-10-10 17:00:00,1259.48,1259.86,1257.78,1257.96,0
2016-10-10 18:00:00,1257.96,1259.76,1257.79,1259.28,0
2016-10-10 19:00:00,1259.4,1259.97,1259.14,1259.34,0
2016-10-10 20:00:00,1259.44,1260.0,1258.53,1259.66,0
2016-10-10 21:00:00,1259.62,1259.85,1259.31,1259.55,0
2016-10-10 23:00:00,1258.87,1260.15,1258.72,1259.57,0
2016-10-11 00:00:00,1259.56,1260.13,1258.42,1258.54,0
2016-10-11 01:00:00,1258.55,1258.56,1255.62,1256.72,0
2016-10-11 02:00:00,1256.72,1258.79,1256.14,1258.78,0
2016-10-11 03:00:00,1258.88,1259.69,1257.59,1257.99,0
2016-10-11 04:00:00,1257.91,1258.96,1257.81,1258.96,0
2016-10-11 05:00:00,1258.96,1259.03,1258.32,1258.46,0
2016-10-11 06:00:00,1258.46,1258.71,1257.24,1258.24,0
2016-10-11 07:00:00,1258.24,1262.02,1257.91,1260.95,0
2016-10-11 08:00:00,1261.01,1262.23,1258.7,1259.54,0
2016-10-11 09:00:00,1259.53,1259.53,1256.68,1257.37,0
2016-10-11 10:00:00,1257.34,1257.99,1256.02,1256.69,0
2016-10-11 11:00:00,1256.79,1256.8,1254.14,1255.26,0
2016-10-11 12:00:00,1255.31,1256.04,1252.68,1255.79,0
2016-10-11 13:00:00,1255.8,1257.29,1254.69,1255.55,0
2016-10-11 14:00:00,1255.55,1257.8,1253.92,1254.02,0
2016-10-11 15:00:00,1253.92,1256.01,1253.36,1254.61,0
2016-10-11 16:00:00,1254.61,1259.67,1254.61,1257.39,0
2016-10-11 17:00:00,1257.4,1258.17,1255.86,1256.09,0
2016-10-11 18:00:00,1256.19,1256.39,1253.83,1255.51,0
2016-10-11 19:00:00,1255.53,1256.14,1254.63,1255.95,0
2016-10-11 20:00:00,1255.93,1256.13,1253.35,1253.46,0
2016-10-11 21:00:00,1253.48,1253.77,1252.54,1252.57,0
2016-10-11 23:00:00,1252.35,1255.16,1252.35,1254.36,0
2016-10-12 00:00:00,1254.36,1256.22,1253.67,1254.53,0
2016-10-12 01:00:00,1254.52,1254.75,1253.05,1253.75,0
2016-10-12 02:00:00,1253.82,1256.88,1253.78,1256.42,0
2016-10-12 03:00:00,1256.42,1257.47,1256.42,1256.63,0
2016-10-12 04:00:00,1256.68,1257.82,1256.56,1257.4,0
2016-10-12 05:00:00,1257.4,1257.6,1256.15,1256.29,0
2016-10-12 06:00:00,1256.19,1256.41,1254.74,1255.43,0
2016-10-12 07:00:00,1255.33,1256.01,1254.5,1255.81,0
2016-10-12 08:00:00,1255.9,1256.4,1253.67,1255.42,0
2016-10-12 09:00:00,1255.41,1257.67,1254.08,1255.69,0
2016-10-12 10:00:00,1255.82,1256.55,1255.48,1255.78,0
2016-10-12 11:00:00,1255.78,1256.03,1254.72,1254.82,0
2016-10-12 12:00:00,1254.91,1255.04,1253.12,1253.48,0
2016-10-12 13:00:00,1253.48,1254.07,1249.78,1253.65,0
2016-10-12 14:00:00,1253.47,1258.67,1253.14,1257.6,0
2016-10-12 15:00:00,1257.59,1258.96,1252.65,1252.77,0
2016-10-12 16:00:00,1252.75,1253.16,1250.75,1252.73,0
2016-10-12 17:00:00,1252.75,1253.89,1251.3,1252.07,0
2016-10-12 18:00:00,1252.07,1253.56,1251.18,1251.9,0
2016-10-12 19:00:00,1251.99,1257.17,1250.8,1254.34,0
2016-10-12 20:00:00,1254.44,1255.62,1254.41,1255.29,0
2016-10-12 21:00:00,1255.2,1255.47,1254.3,1255.12,0
2016-10-12 23:00:00,1255.6,1255.92,1255.3,1255.42,0
2016-10-13 00:00:00,1255.43,1255.83,1253.98,1254.07,0
2016-10-13 01:00:00,1253.98,1254.37,1253.28,1253.76,0
2016-10-13 02:00:00,1253.85,1256.56,1253.16,1256.42,0
2016-10-13 03:00:00,1256.39,1260.07,1256.39,1259.32,0
2016-10-13 04:00:00,1259.32,1261.88,1258.99,1260.34,0
2016-10-13 05:00:00,1260.43,1260.91,1259.41,1259.43,0
2016-10-13 06:00:00,1259.51,1261.39,1259.5,1261.21,0
2016-10-13 07:00:00,1261.12,1261.12,1258.97,1259.54,0
2016-10-13 08:00:00,1259.53,1259.66,1257.28,1258.78,0
2016-10-13 09:00:00,1258.82,1259.23,1256.84,1257.23,0
2016-10-13 10:00:00,1257.32,1259.11,1257.32,1258.93,0
2016-10-13 11:00:00,1258.94,1260.14,1258.59,1259.72,0
2016-10-13 12:00:00,1259.73,1260.39,1258.35,1258.51,0
2016-10-13 13:00:00,1258.51,1259.54,1254.68,1256.77,0
2016-10-13 14:00:00,1256.81,1261.54,1256.31,1261.17,0
2016-10-13 15:00:00,1261.16,1262.34,1257.06,1257.37,0
2016-10-13 16:00:00,1257.37,1258.19,1255.94,1257.32,0
2016-10-13 17:00:00,1257.32,1257.77,1256.06,1256.06,0
2016-10-13 18:00:00,1256.11,1258.04,1255.8,1257.94,0
2016-10-13 19:00:00,1257.94,1259.65,1257.59,1258.69,0
2016-10-13 20:00:00,1258.87,1259.46,1258.09,1258.14,0
2016-10-13 21:00:00,1258.14,1258.33,1257.49,1257.85,0
2016-10-13 23:00:00,1258.37,1258.49,1257.56,1257.79,0
2016-10-14 00:00:00,1257.75,1258.39,1256.99,1257.03,0
2016-10-14 01:00:00,1256.99,1257.19,1255.76,1257.08,0
2016-10-14 02:00:00,1257.08,1259.06,1256.95,1257.58,0
2016-10-14 03:00:00,1257.58,1257.98,1256.71,1257.24,0
2016-10-14 04:00:00,1257.24,1257.24,1255.28,1256.1,0
2016-10-14 05:00:00,1256.06,1256.21,1255.38,1255.39,0
2016-10-14 06:00:00,1255.47,1256.16,1254.68,1255.92,0
2016-10-14 07:00:00,1255.89,1256.53,1254.79,1256.17,0
2016-10-14 08:00:00,1256.21,1256.81,1254.98,1256.27,0
2016-10-14 09:00:00,1256.18,1257.07,1255.66,1256.82,0
2016-10-14 10:00:00,1256.81,1256.93,1252.24,1252.72,0
2016-10-14 11:00:00,1252.72,1254.16,1252.23,1253.55,0
2016-10-14 12:00:00,1253.45,1254.65,1253.25,1254.13,0
2016-10-14 13:00:00,1254.03,1254.51,1246.08,1251.78,0
2016-10-14 14:00:00,1251.79,1253.81,1250.67,1251.92,0
2016-10-14 15:00:00,1252.44,1259.39,1252.44,1253.54,0
2016-10-14 16:00:00,1253.5,1254.5,1251.65,1252.84,0
2016-10-14 17:00:00,1252.88,1256.74,1252.78,1255.17,0
2016-10-14 18:00:00,1255.17,1257.56,1253.75,1253.82,0
2016-10-14 19:00:00,1253.82,1254.86,1252.38,1252.79,0
2016-10-14 20:00:00,1252.79,1253.33,1250.73,1251.28,0
2016-10-14 21:00:00,1251.25,1252.3,1250.19,1250.6,0
2016-10-16 23:00:00,1251.67,1252.87,1250.26,1252.03,0
2016-10-17 00:00:00,1252.04,1253.17,1251.74,1253.07,0
2016-10-17 01:00:00,1252.98,1253.05,1250.83,1251.86,0
2016-10-17 02:00:00,1251.86,1253.91,1251.86,1253.13,0
2016-10-17 03:00:00,1253.14,1253.69,1252.79,1253.2,0
2016-10-17 04:00:00,1253.18,1254.73,1252.53,1253.66,0
2016-10-17 05:00:00,1253.66,1254.35,1253.36,1254.34,0
2016-10-17 06:00:00,1254.37,1255.54,1254.28,1254.91,0
2016-10-17 07:00:00,1254.9,1256.12,1254.53,1254.73,0
2016-10-17 08:00:00,1254.74,1254.99,1252.13,1252.33,0
2016-10-17 09:00:00,1252.24,1253.11,1250.56,1252.56,0
2016-10-17 10:00:00,1252.52,1254.09,1252.38,1253.96,0
2016-10-17 11:00:00,1253.96,1254.44,1252.27,1253.93,0
2016-10-17 12:00:00,1253.84,1255.09,1252.83,1253.72,0
2016-10-17 13:00:00,1253.77,1255.22,1252.36,1255.03,0
2016-10-17 14:00:00,1255.01,1257.17,1254.54,1255.18,0
2016-10-17 15:00:00,1255.08,1255.81,1253.84,1254.93,0
2016-10-17 16:00:00,1254.92,1256.86,1254.73,1255.61,0
2016-10-17 17:00:00,1255.65,1256.48,1253.89,1256.16,0
2016-10-17 18:00:00,1256.16,1257.25,1255.25,1256.31,0
2016-10-17 19:00:00,1256.36,1256.45,1255.08,1255.63,0
2016-10-17 20:00:00,1255.49,1255.86,1253.83,1254.52,0
2016-10-17 21:00:00,1254.57,1255.44,1254.47,1255.44,0
2016-10-17 23:00:00,1255.15,1256.18,1255.07,1255.52,0
2016-10-18 00:00:00,1255.5,1256.08,1255.17,1255.83,0
2016-10-18 01:00:00,1255.91,1256.8,1255.63,1255.97,0
2016-10-18 02:00:00,1255.99,1260.42,1255.89,1259.32,0
2016-10-18 03:00:00,1259.3,1259.97,1258.77,1259.11,0
2016-10-18 04:00:00,1259.11,1260.93,1257.78,1258.82,0
2016-10-18 05:00:00,1258.76,1260.51,1258.03,1258.08,0
2016-10-18 06:00:00,1258.12,1259.28,1257.96,1258.29,0
2016-10-18 07:00:00,1258.28,1262.49,1257.88,1262.06,0
2016-10-18 08:00:00,1262.07,1262.17,1260.68,1261.32,0
2016-10-18 09:00:00,1261.32,1263.63,1261.22,1262.35,0
2016-10-18 10:00:00,1262.36,1262.65,1261.08,1262.33,0
2016-10-18 11:00:00,1262.33,1263.37,1261.06,1262.29,0
2016-10-18 12:00:00,1262.29,1262.29,1260.31,1260.59,0
2016-10-18 13:00:00,1260.59,1264.05,1259.11,1259.36,0
2016-10-18 14:00:00,1259.36,1260.08,1256.38,1257.82,0
2016-10-18 15:00:00,1257.86,1260.4,1257.02,1259.82,0
2016-10-18 16:00:00,1259.82,1263.18,1259.73,1262.58,0
2016-10-18 17:00:00,1262.68,1264.74,1262.33,1262.56,0
2016-10-18 18:00:00,1262.56,1262.86,1261.28,1261.79,0
2016-10-18 19:00:00,1261.79,1263.2,1261.33,1262.54,0
2016-10-18 20:00:00,1262.54,1263.22,1262.32,1262.4,0
2016-10-18 21:00:00,1262.35,1262.68,1261.86,1262.47,0
2016-10-18 23:00:00,1262.17,1263.18,1261.87,1262.35,0
2016-10-19 00:00:00,1262.42,1263.82,1262.42,1263.67,0
2016-10-19 01:00:00,1263.67,1263.99,1262.12,1263.59,0
2016-10-19 02:00:00,1263.55,1264.7,1263.06,1264.39,0
2016-10-19 03:00:00,1264.39,1264.59,1262.71,1263.02,0
2016-10-19 04:00:00,1263.02,1263.21,1262.41,1263.11,0
2016-10-19 05:00:00,1263.11,1263.11,1260.61,1260.81,0
2016-10-19 06:00:00,1260.81,1261.88,1260.34,1261.88,0
2016-10-19 07:00:00,1261.78,1262.22,1261.11,1261.92,0
2016-10-19 08:00:00,1261.92,1262.68,1261.51,1262.22,0
2016-10-19 09:00:00,1262.29,1264.43,1262.13,1263.97,0
2016-10-19 10:00:00,1263.97,1270.91,1263.8,1270.5,0
2016-10-19 11:00:00,1270.59,1271.42,1269.36,1269.49,0
2016-10-19 12:00:00,1269.49,1271.17,1268.89,1270.47,0
2016-10-19 13:00:00,1270.55,1272.32,1269.74,1270.39,0
2016-10-19 14:00:00,1270.38,1271.86,1268.81,1269.8,0
2016-10-19 15:00:00,1269.72,1270.0,1267.58,1269.49,0
2016-10-19 16:00:00,1269.58,1273.35,1269.58,1271.2,0
2016-10-19 17:00:00,1271.11,1271.11,1268.7,1269.39,0
2016-10-19 18:00:00,1269.38,1269.6,1268.23,1268.52,0
2016-10-19 19:00:00,1268.52,1270.12,1267.95,1268.2,0
2016-10-19 20:00:00,1268.17,1269.6,1268.14,1269.39,0
2016-10-19 21:00:00,1269.39,1269.98,1269.04,1269.24,0
2016-10-19 23:00:00,1269.49,1270.54,1269.15,1270.46,0
2016-10-20 00:00:00,1270.4,1270.67,1269.38,1270.07,0
2016-10-20 01:00:00,1269.98,1270.47,1268.33,1268.94,0
2016-10-20 02:00:00,1268.91,1272.45,1268.6,1271.67,0
2016-10-20 03:00:00,1271.62,1273.11,1270.61,1272.21,0
2016-10-20 04:00:00,1272.22,1272.58,1271.86,1272.38,0
2016-10-20 05:00:00,1272.39,1272.48,1271.7,1271.75,0
2016-10-20 06:00:00,1271.75,1271.87,1269.89,1270.31,0
2016-10-20 07:00:00,1270.31,1270.94,1269.54,1270.2,0
2016-10-20 08:00:00,1270.21,1270.32,1267.94,1268.65,0
2016-10-20 09:00:00,1268.64,1270.04,1268.52,1269.14,0
2016-10-20 10:00:00,1269.14,1270.54,1268.71,1270.02,0
2016-10-20 11:00:00,1270.03,1270.3,1269.34,1269.95,0
2016-10-20 12:00:00,1269.9,1271.8,1269.79,1271.14,0
2016-10-20 13:00:00,1271.15,1272.56,1268.22,1270.12,0
2016-10-20 14:00:00,1270.15,1274.57,1269.8,1271.54,0
2016-10-20 15:00:00,1271.55,1271.55,1264.98,1266.73,0
2016-10-20 16:00:00,1266.73,1267.27,1265.67,1267.07,0
2016-10-20 17:00:00,1267.07,1268.07,1264.83,1266.3,0
2016-10-20 18:00:00,1266.3,1267.78,1266.0,1266.95,0
2016-10-20 19:00:00,1266.94,1267.04,1266.05,1266.33,0
2016-10-20 20:00:00,1266.33,1266.55,1265.57,1266.15,0
2016-10-20 21:00:00,1266.06,1266.37,1265.56,1265.85,0
2016-10-20 23:00:00,1265.92,1266.39,1265.79,1266.19,0
2016-10-21 00:00:00,1266.16,1266.35,1265.05,1265.08,0
2016-10-21 01:00:00,1265.02,1266.03,1264.71,1265.05,0
2016-10-21 02:00:00,1265.07,1265.76,1263.86,1264.62,0
2016-10-21 03:00:00,1264.71,1264.72,1262.25,1262.78,0
2016-10-21 04:00:00,1262.77,1262.8,1261.63,1262.21,0
2016-10-21 05:00:00,1262.21,1262.74,1262.1,1262.4,0
2016-10-21 06:00:00,1262.41,1264.27,1262.02,1264.19,0
2016-10-21 07:00:00,1264.21,1264.58,1263.14,1263.41,0
2016-10-21 08:00:00,1263.51,1263.83,1261.17,1263.18,0
2016-10-21 09:00:00,1263.18,1265.47,1262.74,1264.59,0
2016-10-21 10:00:00,1264.59,1265.38,1263.52,1264.4,0
2016-10-21 11:00:00,1264.42,1265.95,1263.9,1265.78,0
2016-10-21 12:00:00,1265.78,1267.23,1264.97,1266.19,0
2016-10-21 13:00:00,1266.24,1267.34,1265.19,1266.98,0
2016-10-21 14:00:00,1266.97,1268.03,1266.04,1266.24,0
2016-10-21 15:00:00,1266.27,1267.14,1264.89,1266.07,0
2016-10-21 16:00:00,1266.07,1266.87,1263.91,1264.0,0
2016-10-21 17:00:00,1264.01,1266.08,1264.01,1266.04,0
2016-10-21 18:00:00,1266.05,1267.49,1265.6,1266.84,0
2016-10-21 19:00:00,1266.92,1267.6,1266.63,1267.56,0
2016-10-21 20:00:00,1267.61,1267.77,1266.62,1267.02,0
2016-10-21 21:00:00,1267.02,1267.22,1266.53,1266.59,0
2016-10-23 23:00:00,1266.01,1266.64,1265.55,1266.05,0
2016-10-24 00:00:00,1266.07,1266.64,1265.85,1266.21,0
2016-10-24 01:00:00,1266.27,1266.95,1266.05,1266.7,0
2016-10-24 02:00:00,1266.7,1266.7,1263.32,1264.21,0
2016-10-24 03:00:00,1264.21,1264.23,1262.87,1263.03,0
2016-10-24 04:00:00,1263.0,1263.71,1262.66,1263.69,0
2016-10-24 05:00:00,1263.69,1264.94,1263.61,1264.63,0
2016-10-24 06:00:00,1264.63,1265.75,1264.29,1265.09,0
2016-10-24 07:00:00,1265.07,1266.91,1264.88,1266.07,0
2016-10-24 08:00:00,1266.07,1266.61,1265.21,1265.42,0
2016-10-24 09:00:00,1265.46,1266.06,1264.92,1265.93,0
2016-10-24 10:00:00,1265.92,1266.98,1265.63,1266.31,0
2016-10-24 11:00:00,1266.31,1266.41,1264.52,1264.84,0
2016-10-24 12:00:00,1264.84,1265.7,1262.34,1265.21,0
2016-10-24 13:00:00,1265.11,1271.69,1263.41,1271.33,0
2016-10-24 14:00:00,1271.35,1271.92,1265.67,1265.72,0
2016-10-24 15:00:00,1265.72,1266.01,1261.64,1262.97,0
2016-10-24 16:00:00,1262.97,1263.62,1260.19,1262.87,0
2016-10-24 17:00:00,1262.86,1263.66,1261.67,1263.65,0
2016-10-24 18:00:00,1263.64,1263.92,1262.8,1262.94,0
2016-10-24 19:00:00,1262.93,1264.02,1262.69,1263.78,0
2016-10-24 20:00:00,1263.83,1264.51,1263.78,1264.42,0
2016-10-24 21:00:00,1264.37,1264.5,1263.96,1264.29,0
2016-10-24 23:00:00,1265.03,1265.31,1263.8,1264.4,0
2016-10-25 00:00:00,1264.41,1264.65,1262.78,1263.5,0
2016-10-25 01:00:00,1263.54,1264.0,1262.13,1262.86,0
2016-10-25 02:00:00,1262.92,1265.28,1262.92,1264.89,0
2016-10-25 03:00:00,1264.89,1265.29,1263.22,1264.97,0
2016-10-25 04:00:00,1264.97,1265.54,1264.69,1265.54,0
2016-10-25 05:00:00,1265.54,1266.52,1265.25,1266.36,0
2016-10-25 06:00:00,1266.42,1266.94,1265.55,1266.8,0
2016-10-25 07:00:00,1266.77,1268.26,1266.31,1266.85,0
2016-10-25 08:00:00,1266.86,1268.92,1266.74,1268.39,0
2016-10-25 09:00:00,1268.39,1270.11,1267.76,1269.33,0
2016-10-25 10:00:00,1269.4,1270.64,1268.54,1269.35,0
2016-10-25 11:00:00,1269.33,1269.35,1267.93,1268.7,0
2016-10-25 12:00:00,1268.7,1270.15,1268.68,1268.89,0
2016-10-25 13:00:00,1268.99,1271.03,1267.95,1268.42,0
2016-10-25 14:00:00,1268.42,1269.58,1266.97,1268.17,0
2016-10-25 15:00:00,1268.18,1271.5,1268.18,1271.0,0
2016-10-25 16:00:00,1271.01,1274.16,1270.91,1272.91,0
2016-10-25 17:00:00,1272.95,1273.45,1271.59,1272.03,0
2016-10-25 18:00:00,1272.03,1273.8,1272.03,1273.79,0
2016-10-25 19:00:00,1273.78,1276.74,1273.57,1275.1,0
2016-10-25 20:00:00,1275.11,1275.38,1273.55,1273.57,0
2016-10-25 21:00:00,1273.56,1274.39,1273.32,1273.67,0
2016-10-25 23:00:00,1273.22,1275.18,1273.02,1274.27,0
2016-10-26 00:00:00,1274.25,1274.87,1274.18,1274.43,0
2016-10-26 01:00:00,1274.45,1276.48,1273.47,1275.48,0
2016-10-26 02:00:00,1275.47,1275.47,1274.06,1274.67,0
2016-10-26 03:00:00,1274.68,1276.19,1274.6,1275.84,0
2016-10-26 04:00:00,1275.84,1275.94,1275.01,1275.03,0
2016-10-26 05:00:00,1275.01,1275.79,1274.16,1275.35,0
2016-10-26 06:00:00,1275.35,1275.56,1273.3,1273.63,0
2016-10-26 07:00:00,1273.53,1275.68,1273.23,1274.84,0
2016-10-26 08:00:00,1274.84,1275.97,1274.73,1275.23,0
2016-10-26 09:00:00,1275.13,1275.29,1273.24,1273.9,0
2016-10-26 10:00:00,1273.9,1274.85,1273.52,1274.82,0
2016-10-26 11:00:00,1274.74,1274.82,1269.94,1271.51,0
2016-10-26 12:00:00,1271.55,1272.43,1270.23,1272.31,0
2016-10-26 13:00:00,1272.31,1272.77,1270.81,1271.35,0
2016-10-26 14:00:00,1271.35,1274.24,1271.0,1272.25,0
2016-10-26 15:00:00,1272.11,1272.85,1266.93,1268.81,0
2016-10-26 16:00:00,1268.8,1269.28,1267.02,1267.86,0
2016-10-26 17:00:00,1267.86,1268.32,1265.76,1266.36,0
2016-10-26 18:00:00,1266.46,1266.99,1264.71,1266.91,0
2016-10-26 19:00:00,1266.88,1266.88,1266.3,1266.55,0
2016-10-26 20:00:00,1266.56,1267.27,1266.21,1266.62,0
2016-10-26 21:00:00,1266.61,1266.9,1266.31,1266.87,0
2016-10-26 23:00:00,1266.87,1266.98,1265.62,1265.87,0
2016-10-27 00:00:00,1265.86,1266.98,1265.53,1266.55,0
2016-10-27 01:00:00,1266.55,1266.55,1265.14,1265.95,0
2016-10-27 02:00:00,1265.95,1266.96,1265.14,1266.55,0
2016-10-27 03:00:00,1266.55,1267.48,1265.74,1266.44,0
2016-10-27 04:00:00,1266.44,1267.23,1265.93,1266.53,0
2016-10-27 05:00:00,1266.53,1267.43,1265.75,1267.39,0
2016-10-27 06:00:00,1267.39,1268.47,1267.29,1268.37,0
2016-10-27 07:00:00,1268.38,1268.97,1268.09,1268.34,0
2016-10-27 08:00:00,1268.33,1269.26,1267.8,1269.25,0
2016-10-27 09:00:00,1269.25,1269.5,1268.07,1268.34,0
2016-10-27 10:00:00,1268.33,1270.71,1268.13,1269.87,0
2016-10-27 11:00:00,1269.87,1270.44,1269.61,1269.97,0
2016-10-27 12:00:00,1270.07,1270.07,1268.89,1269.25,0
2016-10-27 13:00:00,1269.25,1272.79,1267.78,1272.06,0
2016-10-27 14:00:00,1272.09,1272.17,1266.64,1267.43,0
2016-10-27 15:00:00,1267.39,1270.31,1266.18,1267.2,0
2016-10-27 16:00:00,1267.2,1270.09,1266.83,1269.19,0
2016-10-27 17:00:00,1269.19,1269.37,1267.48,1268.88,0
2016-10-27 18:00:00,1268.83,1269.48,1267.49,1269.38,0
2016-10-27 19:00:00,1269.42,1270.57,1269.38,1270.27,0
2016-10-27 20:00:00,1270.24,1270.5,1269.12,1269.12,0
2016-10-27 21:00:00,1269.12,1269.64,1268.24,1268.34,0
2016-10-27 23:00:00,1268.37,1268.97,1268.03,1268.75,0
2016-10-28 00:00:00,1268.71,1270.34,1268.3,1269.64,0
2016-10-28 01:00:00,1269.55,1269.95,1268.41,1268.82,0
2016-10-28 02:00:00,1268.82,1270.65,1268.07,1270.24,0
2016-10-28 03:00:00,1270.2,1271.51,1270.19,1270.68,0
2016-10-28 04:00:00,1270.77,1271.9,1270.59,1271.42,0
2016-10-28 05:00:00,1271.48,1271.61,1270.97,1271.07,0
2016-10-28 06:00:00,1271.06,1271.75,1268.58,1268.75,0
2016-10-28 07:00:00,1268.84,1269.76,1267.73,1269.25,0
2016-10-28 08:00:00,1269.25,1269.65,1266.65,1267.47,0
2016-10-28 09:00:00,1267.48,1267.87,1265.61,1266.99,0
2016-10-28 10:00:00,1267.03,1267.43,1265.57,1266.54,0
2016-10-28 11:00:00,1266.54,1266.87,1265.54,1265.94,0
2016-10-28 12:00:00,1265.94,1267.18,1265.84,1266.35,0
2016-10-28 13:00:00,1266.35,1267.72,1261.88,1265.49,0
2016-10-28 14:00:00,1265.79,1273.65,1265.76,1272.21,0
2016-10-28 15:00:00,1272.27,1273.96,1271.5,1271.92,0
2016-10-28 16:00:00,1271.96,1272.35,1266.85,1267.63,0
2016-10-28 17:00:00,1267.64,1270.83,1267.45,1270.03,0
2016-10-28 18:00:00,1270.02,1282.76,1269.94,1282.71,0
2016-10-28 19:00:00,1282.77,1284.3,1276.57,1277.48,0
2016-10-28 20:00:00,1277.48,1278.39,1274.81,1274.99,0
2016-10-28 21:00:00,1275.06,1276.25,1274.86,1276.11,0
2016-10-30 23:00:00,1277.75,1279.45,1276.34,1277.66,0
2016-10-31 00:00:00,1277.67,1278.86,1277.25,1278.86,0
2016-10-31 01:00:00,1278.86,1279.47,1276.65,1277.14,0
2016-10-31 02:00:00,1277.14,1279.52,1276.3,1276.84,0
2016-10-31 03:00:00,1276.83,1277.56,1276.1,1276.9,0
2016-10-31 04:00:00,1276.98,1277.11,1276.4,1276.82,0
2016-10-31 05:00:00,1276.83,1277.29,1276.72,1276.92,0
2016-10-31 06:00:00,1276.81,1278.19,1276.72,1277.58,0
2016-10-31 07:00:00,1277.57,1278.15,1275.73,1275.95,0
2016-10-31 08:00:00,1275.95,1276.07,1274.3,1275.33,0
2016-10-31 09:00:00,1275.33,1275.63,1273.77,1274.16,0
2016-10-31 10:00:00,1274.2,1274.36,1272.55,1273.85,0
2016-10-31 11:00:00,1273.8,1274.67,1273.58,1274.07,0
2016-10-31 12:00:00,1274.07,1274.36,1271.75,1272.63,0
2016-10-31 13:00:00,1272.63,1274.47,1272.4,1273.27,0
2016-10-31 14:00:00,1273.28,1274.99,1272.1,1274.65,0
2016-10-31 15:00:00,1274.75,1275.53,1272.59,1273.25,0
2016-10-31 16:00:00,1273.27,1274.42,1272.48,1274.22,0
2016-10-31 17:00:00,1274.17,1274.59,1272.69,1273.01,0
2016-10-31 18:00:00,1273.0,1274.0,1271.2,1273.72,0
2016-10-31 19:00:00,1273.76,1275.99,1273.76,1275.29,0
2016-10-31 20:00:00,1275.28,1278.85,1275.17,1278.17,0
2016-10-31 21:00:00,1278.07,1278.33,1277.0,1277.02,0
2016-10-31 23:00:00,1277.1,1277.1,1275.59,1276.62,0
2016-11-01 00:00:00,1276.64,1277.21,1276.04,1276.16,0
2016-11-01 01:00:00,1276.15,1277.5,1276.15,1276.69,0
2016-11-01 02:00:00,1276.69,1277.91,1275.69,1276.55,0
2016-11-01 03:00:00,1276.57,1277.77,1276.54,1277.31,0
2016-11-01 04:00:00,1277.33,1277.64,1276.78,1277.08,0
2016-11-01 05:00:00,1277.16,1277.77,1276.39,1276.58,0
2016-11-01 06:00:00,1276.57,1280.05,1276.51,1279.63,0
2016-11-01 07:00:00,1279.63,1280.83,1278.82,1279.42,0
2016-11-01 08:00:00,1279.52,1280.06,1278.81,1279.58,0
2016-11-01 09:00:00,1279.5,1280.13,1278.61,1279.39,0
2016-11-01 10:00:00,1279.39,1283.53,1279.29,1283.17,0
2016-11-01 11:00:00,1283.18,1285.01,1282.22,1284.49,0
2016-11-01 12:00:00,1284.48,1288.07,1284.36,1286.69,0
2016-11-01 13:00:00,1286.76,1288.32,1285.13,1287.02,0
2016-11-01 14:00:00,1287.02,1289.5,1286.43,1288.68,0
2016-11-01 15:00:00,1288.37,1289.4,1285.26,1288.32,0
2016-11-01 16:00:00,1288.33,1288.96,1286.36,1287.0,0
2016-11-01 17:00:00,1286.98,1290.86,1286.8,1290.11,0
2016-11-01 18:00:00,1290.1,1290.21,1286.01,1288.67,0
2016-11-01 19:00:00,1288.67,1291.4,1288.57,1290.88,0
2016-11-01 20:00:00,1290.86,1291.93,1287.1,1287.25,0
2016-11-01 21:00:00,1287.35,1289.13,1287.35,1287.96,0
2016-11-01 23:00:00,1287.74,1289.31,1287.74,1288.82,0
2016-11-02 00:00:00,1288.82,1289.2,1287.77,1287.77,0
2016-11-02 01:00:00,1287.77,1288.89,1287.36,1287.94,0
2016-11-02 02:00:00,1287.9,1291.07,1287.9,1289.15,0
2016-11-02 03:00:00,1289.1,1290.95,1289.05,1290.11,0
2016-11-02 04:00:00,1290.11,1290.8,1289.47,1290.79,0
2016-11-02 05:00:00,1290.77,1293.04,1290.67,1292.72,0
2016-11-02 06:00:00,1292.69,1293.12,1290.57,1291.34,0
2016-11-02 07:00:00,1291.34,1294.43,1291.01,1294.0,0
2016-11-02 08:00:00,1294.03,1295.37,1292.66,1295.12,0
2016-11-02 09:00:00,1295.16,1297.35,1295.04,1296.91,0
2016-11-02 10:00:00,1296.93,1297.32,1295.61,1296.78,0
2016-11-02 11:00:00,1296.66,1296.66,1294.72,1295.01,0
2016-11-02 12:00:00,1295.02,1297.12,1294.1,1296.34,0
2016-11-02 13:00:00,1296.41,1299.6,1296.41,1297.55,0
2016-11-02 14:00:00,1297.54,1302.34,1296.77,1302.02,0
2016-11-02 15:00:00,1302.03,1304.82,1300.67,1303.65,0
2016-11-02 16:00:00,1303.65,1304.54,1302.37,1304.22,0
2016-11-02 17:00:00,1304.28,1306.45,1304.11,1305.28,0
2016-11-02 18:00:00,1305.28,1307.85,1303.92,1304.95,0
2016-11-02 19:00:00,1305.05,1308.02,1301.54,1301.71,0
2016-11-02 20:00:00,1301.72,1302.35,1295.8,1296.34,0
2016-11-02 21:00:00,1296.41,1298.24,1296.08,1296.13,0
2016-11-02 23:00:00,1296.97,1298.6,1296.65,1298.08,0
2016-11-03 00:00:00,1298.08,1298.98,1297.97,1298.49,0
2016-11-03 01:00:00,1298.39,1298.5,1296.41,1297.34,0
2016-11-03 02:00:00,1297.33,1300.91,1297.33,1300.34,0
2016-11-03 03:00:00,1300.3,1301.17,1298.75,1301.02,0
2016-11-03 04:00:00,1301.02,1306.72,1300.47,1304.62,0
2016-11-03 05:00:00,1304.58,1306.27,1304.54,1304.75,0
2016-11-03 06:00:00,1304.76,1304.95,1301.29,1303.14,0
2016-11-03 07:00:00,1303.1,1303.2,1300.73,1301.55,0
2016-11-03 08:00:00,1301.59,1302.65,1301.18,1301.74,0
2016-11-03 09:00:00,1301.74,1301.95,1291.83,1293.92,0
2016-11-03 10:00:00,1293.92,1294.7,1292.61,1293.71,0
2016-11-03 11:00:00,1293.61,1294.01,1291.0,1293.43,0
2016-11-03 12:00:00,1293.43,1293.44,1285.68,1287.61,0
2016-11-03 13:00:00,1287.51,1293.8,1287.14,1292.62,0
2016-11-03 14:00:00,1292.67,1295.86,1291.51,1294.93,0
2016-11-03 15:00:00,1295.16,1300.31,1295.13,1300.21,0
2016-11-03 16:00:00,1300.21,1300.74,1297.92,1298.87,0
2016-11-03 17:00:00,1298.83,1300.74,1297.13,1299.23,0
2016-11-03 18:00:00,1299.23,1302.83,1299.14,1300.56,0
2016-11-03 19:00:00,1300.54,1302.39,1300.26,1300.64,0
2016-11-03 20:00:00,1300.65,1303.59,1300.61,1303.08,0
2016-11-03 21:00:00,1303.06,1303.67,1301.62,1302.32,0
2016-11-03 23:00:00,1302.12,1303.24,1300.95,1303.24,0
2016-11-04 00:00:00,1303.35,1304.37,1301.93,1302.06,0
2016-11-04 01:00:00,1302.07,1304.32,1301.54,1303.38,0
2016-11-04 02:00:00,1303.4,1303.89,1302.24,1302.24,0
2016-11-04 03:00:00,1302.22,1302.65,1299.84,1300.15,0
2016-11-04 04:00:00,1300.17,1300.22,1298.81,1298.81,0
2016-11-04 05:00:00,1298.83,1299.53,1297.84,1298.9,0
2016-11-04 06:00:00,1298.9,1300.29,1296.94,1297.34,0
2016-11-04 07:00:00,1297.36,1297.93,1294.78,1295.09,0
2016-11-04 08:00:00,1295.09,1299.14,1295.0,1298.74,0
2016-11-04 09:00:00,1298.71,1302.73,1298.63,1301.51,0
2016-11-04 10:00:00,1301.44,1302.7,1299.61,1302.53,0
2016-11-04 11:00:00,1302.54,1302.63,1301.23,1301.77,0
2016-11-04 12:00:00,1301.76,1301.86,1300.07,1300.75,0
2016-11-04 13:00:00,1300.75,1305.58,1295.39,1304.3,0
2016-11-04 14:00:00,1304.27,1307.17,1302.28,1305.09,0
2016-11-04 15:00:00,1305.2,1305.77,1301.35,1302.7,0
2016-11-04 16:00:00,1302.78,1305.12,1301.81,1304.57,0
2016-11-04 17:00:00,1304.43,1304.62,1302.02,1304.15,0
2016-11-04 18:00:00,1304.15,1304.15,1300.97,1301.29,0
2016-11-04 19:00:00,1301.29,1302.99,1300.71,1302.31,0
2016-11-04 20:00:00,1302.31,1304.75,1302.03,1304.24,0
2016-11-04 21:00:00,1304.24,1305.18,1304.04,1304.29,0
2016-11-06 23:00:00,1292.03,1294.34,1287.79,1289.33,0
2016-11-07 00:00:00,1289.3,1293.13,1288.91,1292.92,0
2016-11-07 01:00:00,1292.92,1295.88,1292.83,1293.65,0
2016-11-07 02:00:00,1293.65,1293.65,1291.87,1292.13,0
2016-11-07 03:00:00,1292.03,1292.91,1291.11,1291.86,0
2016-11-07 04:00:00,1291.86,1293.32,1290.14,1290.19,0
2016-11-07 05:00:00,1290.21,1291.3,1288.22,1290.39,0
2016-11-07 06:00:00,1290.39,1290.77,1288.48,1289.35,0
2016-11-07 07:00:00,1289.34,1289.95,1287.92,1288.68,0
2016-11-07 08:00:00,1288.74,1288.96,1284.22,1285.33,0
2016-11-07 09:00:00,1285.28,1286.11,1283.7,1284.8,0
2016-11-07 10:00:00,1284.8,1288.62,1284.39,1288.32,0
2016-11-07 11:00:00,1288.33,1289.02,1286.0,1286.94,0
2016-11-07 12:00:00,1286.94,1288.49,1285.85,1286.29,0
2016-11-07 13:00:00,1286.27,1288.43,1285.75,1286.34,0
2016-11-07 14:00:00,1286.35,1287.68,1283.85,1284.06,0
2016-11-07 15:00:00,1284.11,1284.17,1280.4,1281.82,0
2016-11-07 16:00:00,1281.83,1282.21,1279.4,1279.76,0
2016-11-07 17:00:00,1279.8,1282.32,1278.2,1282.31,0
2016-11-07 18:00:00,1282.31,1282.31,1278.61,1280.59,0
2016-11-07 19:00:00,1280.61,1281.78,1280.44,1280.44,0
2016-11-07 20:00:00,1280.48,1282.36,1280.43,1280.87,0
2016-11-07 21:00:00,1280.86,1281.95,1280.84,1281.62,0
2016-11-07 23:00:00,1282.4,1282.9,1281.48,1282.46,0
2016-11-08 00:00:00,1282.43,1282.81,1280.85,1282.47,0
2016-11-08 01:00:00,1282.44,1284.11,1280.72,1283.8,0
2016-11-08 02:00:00,1283.8,1283.8,1282.29,1283.11,0
2016-11-08 03:00:00,1283.11,1283.88,1282.68,1282.88,0
2016-11-08 04:00:00,1282.91,1283.1,1282.11,1282.77,0
2016-11-08 05:00:00,1282.73,1283.76,1282.39,1283.1,0
2016-11-08 06:00:00,1283.12,1284.46,1282.59,1284.36,0
2016-11-08 07:00:00,1284.41,1285.1,1283.86,1284.47,0
2016-11-08 08:00:00,1284.52,1285.18,1284.16,1284.91,0
2016-11-08 09:00:00,1284.9,1285.14,1283.46,1283.69,0
2016-11-08 10:00:00,1283.7,1284.4,1283.49,1283.69,0
2016-11-08 11:00:00,1283.7,1285.7,1281.97,1282.65,0
2016-11-08 12:00:00,1282.55,1282.55,1279.66,1280.38,0
2016-11-08 13:00:00,1280.39,1282.09,1278.93,1280.28,0
2016-11-08 14:00:00,1280.28,1282.32,1279.98,1282.2,0
2016-11-08 15:00:00,1282.19,1290.68,1281.89,1284.26,0
2016-11-08 16:00:00,1284.26,1284.86,1272.89,1276.03,0
2016-11-08 17:00:00,1276.12,1278.8,1274.78,1276.94,0
2016-11-08 18:00:00,1276.93,1278.18,1273.09,1275.98,0
2016-11-08 19:00:00,1275.97,1278.75,1274.55,1277.65,0
2016-11-08 20:00:00,1277.65,1277.65,1274.68,1275.46,0
2016-11-08 21:00:00,1275.5,1276.34,1274.86,1275.84,0
2016-11-08 23:00:00,1275.66,1275.71,1268.09,1273.39,0
2016-11-09 00:00:00,1273.42,1283.27,1268.81,1269.64,0
2016-11-09 01:00:00,1269.64,1285.17,1269.44,1285.07,0
2016-11-09 02:00:00,1284.98,1313.21,1284.98,1301.42,0
2016-11-09 03:00:00,1301.52,1322.92,1301.52,1320.8,0
2016-11-09 04:00:00,1320.84,1332.63,1311.31,1331.22,0
2016-11-09 05:00:00,1331.25,1337.33,1321.39,1324.83,0
2016-11-09 06:00:00,1324.84,1325.82,1311.66,1320.85,0
2016-11-09 07:00:00,1320.99,1322.12,1307.84,1308.21,0
2016-11-09 08:00:00,1308.21,1311.63,1290.31,1299.7,0
2016-11-09 09:00:00,1299.69,1302.28,1294.86,1299.79,0
2016-11-09 10:00:00,1299.79,1306.7,1298.21,1303.86,0
2016-11-09 11:00:00,1303.9,1307.57,1301.37,1302.92,0
2016-11-09 12:00:00,1302.96,1305.38,1299.68,1300.84,0
2016-11-09 13:00:00,1300.84,1306.78,1297.24,1301.09,0
2016-11-09 14:00:00,1301.0,1304.75,1280.52,1280.74,0
2016-11-09 15:00:00,1280.74,1290.56,1279.87,1288.64,0
2016-11-09 16:00:00,1288.64,1290.73,1280.93,1283.69,0
2016-11-09 17:00:00,1283.67,1284.08,1273.86,1276.06,0
2016-11-09 18:00:00,1276.06,1277.13,1270.15,1274.48,0
2016-11-09 19:00:00,1274.55,1277.27,1271.32,1272.45,0
2016-11-09 20:00:00,1272.5,1275.81,1271.97,1274.68,0
2016-11-09 21:00:00,1274.66,1278.01,1274.47,1277.37,0
2016-11-09 23:00:00,1276.74,1279.08,1275.13,1276.18,0
2016-11-10 00:00:00,1276.08,1279.02,1274.34,1278.07,0
2016-11-10 01:00:00,1278.07,1287.07,1277.66,1286.7,0
2016-11-10 02:00:00,1286.77,1288.75,1284.95,1286.97,0
2016-11-10 03:00:00,1286.97,1288.41,1285.72,1285.81,0
2016-11-10 04:00:00,1285.81,1285.84,1282.07,1283.28,0
2016-11-10 05:00:00,1283.28,1287.81,1282.86,1286.98,0
2016-11-10 06:00:00,1286.98,1288.46,1285.19,1287.69,0
2016-11-10 07:00:00,1287.6,1287.91,1283.49,1284.17,0
2016-11-10 08:00:00,1284.21,1292.24,1283.93,1288.69,0
2016-11-10 09:00:00,1288.71,1290.9,1283.32,1283.75,0
2016-11-10 10:00:00,1283.75,1284.98,1279.37,1280.31,0
2016-11-10 11:00:00,1280.31,1283.05,1276.86,1280.57,0
2016-11-10 12:00:00,1280.59,1282.34,1278.13,1280.7,0
2016-11-10 13:00:00,1280.72,1284.02,1274.75,1276.29,0
2016-11-10 14:00:00,1276.29,1278.15,1263.14,1267.41,0
2016-11-10 15:00:00,1267.41,1272.9,1263.71,1270.31,0
2016-11-10 16:00:00,1270.35,1270.43,1258.87,1261.96,0
2016-11-10 17:00:00,1261.95,1269.53,1261.27,1266.7,0
2016-11-10 18:00:00,1266.72,1268.44,1264.1,1267.29,0
2016-11-10 19:00:00,1267.29,1267.59,1258.04,1259.23,0
2016-11-10 20:00:00,1259.26,1259.78,1252.33,1256.32,0
2016-11-10 21:00:00,1256.36,1259.79,1256.21,1258.98,0
2016-11-10 23:00:00,1259.2,1260.99,1257.07,1260.89,0
2016-11-11 00:00:00,1260.8,1263.32,1259.7,1263.32,0
2016-11-11 01:00:00,1263.32,1265.43,1255.17,1255.73,0
2016-11-11 02:00:00,1255.67,1261.79,1251.09,1259.9,0
2016-11-11 03:00:00,1259.85,1260.92,1256.68,1259.8,0
2016-11-11 04:00:00,1259.8,1262.94,1258.32,1262.03,0
2016-11-11 05:00:00,1262.03,1262.11,1259.62,1261.69,0
2016-11-11 06:00:00,1261.65,1264.84,1259.97,1263.22,0
2016-11-11 07:00:00,1263.08,1263.13,1257.48,1258.49,0
2016-11-11 08:00:00,1258.47,1258.72,1253.36,1255.28,0
2016-11-11 09:00:00,1255.28,1258.64,1253.75,1254.68,0
2016-11-11 10:00:00,1254.66,1257.77,1253.47,1255.77,0
2016-11-11 11:00:00,1255.77,1259.24,1255.34,1259.03,0
2016-11-11 12:00:00,1259.03,1259.51,1255.37,1257.83,0
2016-11-11 13:00:00,1257.85,1261.8,1257.46,1258.57,0
2016-11-11 14:00:00,1258.57,1259.47,1235.82,1235.99,0
2016-11-11 15:00:00,1235.94,1241.83,1229.25,1234.19,0
2016-11-11 16:00:00,1234.26,1234.8,1224.15,1233.11,0
2016-11-11 17:00:00,1233.11,1237.41,1229.78,1231.64,0
2016-11-11 18:00:00,1231.65,1232.32,1219.13,1222.55,0
2016-11-11 19:00:00,1222.45,1225.96,1220.16,1221.85,0
2016-11-11 20:00:00,1221.91,1227.84,1221.87,1227.7,0
2016-11-11 21:00:00,1227.78,1227.96,1223.69,1227.44,0
2016-11-13 23:00:00,1227.42,1231.28,1227.37,1229.66,0
2016-11-14 00:00:00,1229.57,1230.23,1222.96,1224.45,0
2016-11-14 01:00:00,1224.5,1224.56,1213.67,1218.7,0
2016-11-14 02:00:00,1218.62,1219.92,1217.12,1219.05,0
2016-11-14 03:00:00,1219.05,1220.75,1216.6,1216.9,0
2016-11-14 04:00:00,1216.9,1217.77,1215.58,1216.55,0
2016-11-14 05:00:00,1216.54,1216.9,1212.72,1216.26,0
2016-11-14 06:00:00,1216.25,1220.57,1216.06,1219.46,0
2016-11-14 07:00:00,1219.42,1226.89,1218.96,1223.03,0
2016-11-14 08:00:00,1223.06,1224.95,1216.52,1222.96,0
2016-11-14 09:00:00,1222.91,1226.03,1221.23,1225.97,0
2016-11-14 10:00:00,1225.92,1228.42,1222.81,1226.22,0
2016-11-14 11:00:00,1226.22,1226.81,1221.97,1224.97,0
2016-11-14 12:00:00,1225.04,1225.1,1221.91,1223.85,0
2016-11-14 13:00:00,1223.91,1226.08,1219.72,1221.44,0
2016-11-14 14:00:00,1221.43,1221.73,1212.54,1212.76,0
2016-11-14 15:00:00,1212.76,1216.51,1211.62,1212.72,0
2016-11-14 16:00:00,1212.62,1219.95,1212.17,1219.39,0
2016-11-14 17:00:00,1219.44,1228.57,1217.86,1226.85,0
2016-11-14 18:00:00,1226.83,1227.0,1220.37,1220.67,0
2016-11-14 19:00:00,1220.74,1222.02,1217.08,1217.63,0
2016-11-14 20:00:00,1217.63,1221.0,1216.89,1218.1,0
2016-11-14 21:00:00,1218.08,1222.33,1217.81,1220.19,0
2016-11-14 23:00:00,1221.99,1225.0,1220.41,1223.67,0
2016-11-15 00:00:00,1223.67,1228.58,1222.73,1227.75,0
2016-11-15 01:00:00,1227.76,1231.38,1226.77,1227.48,0
2016-11-15 02:00:00,1227.5,1228.49,1223.83,1224.66,0
2016-11-15 03:00:00,1224.76,1226.36,1224.35,1225.63,0
2016-11-15 04:00:00,1225.63,1226.07,1223.97,1225.01,0
2016-11-15 05:00:00,1225.03,1226.37,1223.53,1224.1,0
2016-11-15 06:00:00,1224.11,1227.73,1224.11,1226.51,0
2016-11-15 07:00:00,1226.42,1229.23,1224.63,1224.94,0
2016-11-15 08:00:00,1224.89,1231.54,1224.53,1227.75,0
2016-11-15 09:00:00,1227.75,1227.81,1222.45,1225.56,0
2016-11-15 10:00:00,1225.7,1228.89,1224.46,1225.38,0
2016-11-15 11:00:00,1225.35,1227.97,1224.56,1227.17,0
2016-11-15 12:00:00,1227.12,1227.13,1223.39,1225.62,0
2016-11-15 13:00:00,1225.54,1227.86,1220.7,1222.68,0
2016-11-15 14:00:00,1222.71,1227.06,1218.91,1225.2,0
2016-11-15 15:00:00,1225.17,1229.6,1222.73,1223.81,0
2016-11-15 16:00:00,1223.84,1225.66,1221.93,1223.63,0
2016-11-15 17:00:00,1223.55,1226.55,1223.38,1226.55,0
2016-11-15 18:00:00,1226.59,1226.59,1222.3,1223.16,0
2016-11-15 19:00:00,1223.18,1225.07,1222.89,1223.48,0
2016-11-15 20:00:00,1223.43,1228.13,1223.38,1228.13,0
2016-11-15 21:00:00,1228.05,1228.74,1227.32,1228.54,0
2016-11-15 23:00:00,1229.71,1229.71,1226.21,1227.05,0
2016-11-16 00:00:00,1227.04,1229.39,1226.7,1228.08,0
2016-11-16 01:00:00,1228.12,1233.09,1227.94,1231.23,0
2016-11-16 02:00:00,1231.22,1232.6,1231.11,1232.21,0
2016-11-16 03:00:00,1232.21,1232.54,1229.94,1231.05,0
2016-11-16 04:00:00,1231.06,1231.18,1229.43,1229.52,0
2016-11-16 05:00:00,1229.53,1231.6,1228.64,1230.59,0
2016-11-16 06:00:00,1230.56,1231.83,1229.54,1229.77,0
2016-11-16 07:00:00,1229.76,1230.02,1225.35,1227.41,0
2016-11-16 08:00:00,1227.36,1228.47,1226.16,1227.86,0
2016-11-16 09:00:00,1227.86,1228.82,1227.38,1227.42,0
2016-11-16 10:00:00,1227.42,1227.96,1224.66,1226.12,0
2016-11-16 11:00:00,1226.11,1226.41,1223.18,1223.18,0
2016-11-16 12:00:00,1223.18,1226.75,1221.51,1225.44,0
2016-11-16 13:00:00,1225.43,1228.96,1223.84,1227.63,0
2016-11-16 14:00:00,1227.63,1230.14,1226.51,1227.56,0
2016-11-16 15:00:00,1227.48,1229.97,1223.8,1224.43,0
2016-11-16 16:00:00,1224.39,1228.24,1223.94,1227.61,0
2016-11-16 17:00:00,1227.57,1228.85,1226.38,1226.48,0
2016-11-16 18:00:00,1226.48,1226.48,1222.94,1224.1,0
2016-11-16 19:00:00,1224.07,1226.49,1223.65,1225.51,0
2016-11-16 20:00:00,1225.52,1226.68,1224.42,1224.91,0
2016-11-16 21:00:00,1224.91,1225.32,1224.54,1224.74,0
2016-11-16 23:00:00,1224.82,1226.79,1224.82,1226.78,0
2016-11-17 00:00:00,1226.78,1227.91,1226.11,1227.31,0
2016-11-17 01:00:00,1227.26,1228.12,1224.99,1228.09,0
2016-11-17 02:00:00,1228.09,1228.09,1226.92,1227.93,0
2016-11-17 03:00:00,1227.92,1228.26,1225.46,1226.24,0
2016-11-17 04:00:00,1226.24,1226.9,1224.86,1225.24,0
2016-11-17 05:00:00,1225.24,1227.4,1225.24,1226.86,0
2016-11-17 06:00:00,1226.86,1227.17,1225.72,1226.34,0
2016-11-17 07:00:00,1226.34,1228.62,1225.33,1228.34,0
2016-11-17 08:00:00,1228.34,1229.62,1227.44,1229.47,0
2016-11-17 09:00:00,1229.51,1229.69,1226.68,1227.63,0
2016-11-17 10:00:00,1227.63,1231.4,1226.27,1230.29,0
2016-11-17 11:00:00,1230.29,1231.16,1229.49,1230.35,0
2016-11-17 12:00:00,1230.31,1230.53,1227.86,1228.68,0
2016-11-17 13:00:00,1228.66,1230.0,1222.77,1224.61,0
2016-11-17 14:00:00,1224.56,1226.97,1224.17,1225.56,0
2016-11-17 15:00:00,1225.56,1229.19,1224.82,1227.26,0
2016-11-17 16:00:00,1227.14,1229.45,1224.5,1226.19,0
2016-11-17 17:00:00,1226.2,1227.62,1218.32,1220.46,0
2016-11-17 18:00:00,1220.36,1220.54,1212.37,1213.04,0
2016-11-17 19:00:00,1212.84,1217.07,1211.06,1214.82,0
2016-11-17 20:00:00,1214.82,1219.28,1211.66,1218.35,0
2016-11-17 21:00:00,1218.39,1218.56,1215.86,1216.07,0
2016-11-17 23:00:00,1216.8,1217.77,1214.34,1214.79,0
2016-11-18 00:00:00,1214.74,1216.07,1213.01,1213.83,0
2016-11-18 01:00:00,1213.83,1214.95,1205.84,1206.06,0
2016-11-18 02:00:00,1206.07,1210.62,1205.64,1208.36,0
2016-11-18 03:00:00,1208.28,1209.31,1207.26,1209.23,0
2016-11-18 04:00:00,1209.23,1209.4,1207.48,1209.02,0
2016-11-18 05:00:00,1209.02,1209.51,1206.75,1207.43,0
2016-11-18 06:00:00,1207.42,1209.34,1207.19,1208.61,0
2016-11-18 07:00:00,1208.65,1210.27,1202.94,1206.35,0
2016-11-18 08:00:00,1206.39,1208.72,1204.52,1208.1,0
2016-11-18 09:00:00,1208.09,1208.51,1203.77,1205.2,0
2016-11-18 10:00:00,1205.19,1209.48,1204.75,1208.18,0
2016-11-18 11:00:00,1208.15,1213.35,1207.46,1212.4,0
2016-11-18 12:00:00,1212.4,1213.45,1209.25,1211.38,0
2016-11-18 13:00:00,1211.38,1216.13,1210.45,1211.16,0
2016-11-18 14:00:00,1211.16,1214.44,1210.09,1211.13,0
2016-11-18 15:00:00,1211.16,1212.27,1205.9,1207.26,0
2016-11-18 16:00:00,1207.16,1210.52,1206.18,1209.91,0
2016-11-18 17:00:00,1209.94,1210.03,1206.39,1206.63,0
2016-11-18 18:00:00,1206.63,1209.44,1206.33,1208.47,0
2016-11-18 19:00:00,1208.48,1209.76,1208.04,1209.24,0
2016-11-18 20:00:00,1209.22,1209.55,1207.49,1208.16,0
2016-11-18 21:00:00,1208.07,1209.27,1207.63,1208.04,0
2016-11-20 23:00:00,1208.02,1208.22,1205.61,1206.28,0
2016-11-21 00:00:00,1206.28,1209.74,1206.28,1208.35,0
2016-11-21 01:00:00,1208.35,1214.02,1208.35,1212.55,0
2016-11-21 02:00:00,1212.65,1213.3,1211.3,1211.97,0
2016-11-21 03:00:00,1211.93,1212.35,1210.11,1210.88,0
2016-11-21 04:00:00,1210.86,1211.32,1209.84,1210.89,0
2016-11-21 05:00:00,1210.88,1213.08,1210.8,1212.16,0
2016-11-21 06:00:00,1212.11,1213.94,1211.84,1213.63,0
2016-11-21 07:00:00,1213.62,1215.79,1212.84,1215.29,0
2016-11-21 08:00:00,1215.2,1216.56,1213.83,1216.1,0
2016-11-21 09:00:00,1216.14,1217.02,1215.06,1215.33,0
2016-11-21 10:00:00,1215.33,1215.9,1213.32,1214.79,0
2016-11-21 11:00:00,1214.83,1216.66,1214.37,1216.17,0
2016-11-21 12:00:00,1216.14,1217.61,1214.93,1215.54,0
2016-11-21 13:00:00,1215.51,1216.13,1211.92,1214.47,0
2016-11-21 14:00:00,1214.52,1215.86,1212.32,1213.3,0
2016-11-21 15:00:00,1213.3,1216.18,1213.03,1214.28,0
2016-11-21 16:00:00,1214.37,1214.87,1210.79,1211.68,0
2016-11-21 17:00:00,1211.66,1214.59,1211.66,1212.26,0
2016-11-21 18:00:00,1212.24,1212.98,1209.35,1210.22,0
2016-11-21 19:00:00,1210.21,1212.25,1210.11,1212.05,0
2016-11-21 20:00:00,1212.04,1212.97,1211.38,1212.34,0
2016-11-21 21:00:00,1212.37,1214.3,1212.21,1214.05,0
2016-11-21 23:00:00,1213.89,1216.58,1213.37,1216.16,0
2016-11-22 00:00:00,1216.1,1219.23,1215.63,1218.08,0
2016-11-22 01:00:00,1218.06,1221.03,1217.49,1219.75,0
2016-11-22 02:00:00,1219.74,1220.16,1216.59,1216.78,0
2016-11-22 03:00:00,1216.8,1218.37,1216.65,1217.96,0
2016-11-22 04:00:00,1217.94,1217.98,1217.08,1217.35,0
2016-11-22 05:00:00,1217.37,1218.62,1216.73,1218.03,0
2016-11-22 06:00:00,1218.05,1218.76,1214.46,1215.25,0
2016-11-22 07:00:00,1215.25,1216.99,1213.61,1215.94,0
2016-11-22 08:00:00,1215.98,1218.67,1215.42,1217.56,0
2016-11-22 09:00:00,1217.47,1219.31,1217.32,1217.97,0
2016-11-22 10:00:00,1217.97,1218.56,1216.69,1216.82,0
2016-11-22 11:00:00,1216.82,1217.98,1216.3,1217.28,0
2016-11-22 12:00:00,1217.29,1217.66,1213.9,1214.92,0
2016-11-22 13:00:00,1214.92,1217.28,1213.12,1214.39,0
2016-11-22 14:00:00,1214.39,1215.7,1211.15,1212.11,0
2016-11-22 15:00:00,1212.02,1212.4,1206.15,1208.07,0
2016-11-22 16:00:00,1208.12,1211.16,1208.07,1210.88,0
2016-11-22 17:00:00,1210.88,1214.26,1210.66,1212.36,0
2016-11-22 18:00:00,1212.35,1213.21,1211.06,1212.47,0
2016-11-22 19:00:00,1212.52,1212.58,1209.86,1210.54,0
2016-11-22 20:00:00,1210.56,1212.62,1210.13,1212.01,0
2016-11-22 21:00:00,1212.13,1212.66,1211.94,1212.17,0
2016-11-22 23:00:00,1212.91,1213.47,1212.36,1212.88,0
2016-11-23 00:00:00,1212.9,1213.53,1212.33,1212.75,0
2016-11-23 01:00:00,1212.75,1214.43,1212.34,1213.7,0
2016-11-23 02:00:00,1213.7,1215.0,1213.28,1214.98,0
2016-11-23 03:00:00,1215.0,1215.01,1213.1,1213.91,0
2016-11-23 04:00:00,1213.91,1213.91,1212.39,1213.59,0
2016-11-23 05:00:00,1213.59,1214.13,1211.85,1212.04,0
2016-11-23 06:00:00,1212.04,1214.65,1211.27,1214.57,0
2016-11-23 07:00:00,1214.48,1214.77,1213.06,1213.56,0
2016-11-23 08:00:00,1213.56,1213.87,1210.21,1212.35,0
2016-11-23 09:00:00,1212.35,1212.86,1210.1,1212.66,0
2016-11-23 10:00:00,1212.66,1213.57,1211.47,1212.29,0
2016-11-23 11:00:00,1212.26,1212.9,1211.06,1211.3,0
2016-11-23 12:00:00,1211.25,1211.7,1208.68,1209.15,0
2016-11-23 13:00:00,1209.14,1209.24,1187.89,1195.91,0
2016-11-23 14:00:00,1195.87,1195.92,1188.04,1188.61,0
2016-11-23 15:00:00,1188.61,1190.48,1181.73,1184.09,0
2016-11-23 16:00:00,1184.08,1190.28,1184.07,1188.56,0
2016-11-23 17:00:00,1188.47,1192.42,1187.82,1191.04,0
2016-11-23 18:00:00,1191.04,1192.11,1188.05,1190.35,0
2016-11-23 19:00:00,1190.21,1192.02,1186.77,1187.11,0
2016-11-23 20:00:00,1187.08,1190.02,1186.61,1187.88,0
2016-11-23 21:00:00,1187.93,1189.83,1186.99,1187.39,0
2016-11-23 23:00:00,1188.0,1190.1,1186.69,1189.58,0
2016-11-24 00:00:00,1189.61,1189.83,1183.7,1185.71,0
2016-11-24 01:00:00,1185.8,1187.09,1182.89,1184.63,0
2016-11-24 02:00:00,1184.62,1185.55,1183.4,1183.4,0
2016-11-24 03:00:00,1183.4,1187.06,1182.89,1185.95,0
2016-11-24 04:00:00,1185.95,1186.69,1185.47,1186.15,0
2016-11-24 05:00:00,1186.14,1187.29,1185.57,1186.62,0
2016-11-24 06:00:00,1186.62,1186.9,1185.48,1186.39,0
2016-11-24 07:00:00,1186.39,1187.98,1182.61,1184.33,0
2016-11-24 08:00:00,1184.46,1187.14,1180.37,1185.98,0
2016-11-24 09:00:00,1185.98,1190.88,1185.63,1189.82,0
2016-11-24 10:00:00,1189.73,1189.83,1186.48,1187.21,0
2016-11-24 11:00:00,1187.23,1189.07,1186.07,1187.19,0
2016-11-24 12:00:00,1187.18,1188.25,1185.01,1185.84,0
2016-11-24 13:00:00,1185.89,1187.71,1184.23,1186.61,0
2016-11-24 14:00:00,1186.65,1187.64,1185.77,1186.93,0
2016-11-24 15:00:00,1186.93,1187.28,1185.77,1185.99,0
2016-11-24 16:00:00,1186.02,1187.06,1184.43,1184.52,0
2016-11-24 17:00:00,1184.51,1185.11,1181.99,1184.19,0
2016-11-24 23:00:00,1185.1,1186.64,1184.9,1186.16,0
2016-11-25 00:00:00,1186.13,1186.83,1181.61,1182.06,0
2016-11-25 01:00:00,1182.04,1182.46,1170.9,1175.67,0
2016-11-25 02:00:00,1175.67,1177.25,1172.85,1176.66,0
2016-11-25 03:00:00,1176.66,1178.23,1174.58,1178.07,0
2016-11-25 04:00:00,1178.07,1178.37,1176.12,1178.12,0
2016-11-25 05:00:00,1178.17,1179.12,1177.21,1178.31,0
2016-11-25 06:00:00,1178.36,1182.58,1178.29,1182.36,0
2016-11-25 07:00:00,1182.37,1188.39,1182.07,1184.52,0
2016-11-25 08:00:00,1184.54,1193.27,1184.26,1189.75,0
2016-11-25 09:00:00,1189.67,1190.46,1184.56,1187.88,0
2016-11-25 10:00:00,1187.92,1190.32,1187.11,1189.95,0
2016-11-25 11:00:00,1189.95,1190.33,1187.03,1187.93,0
2016-11-25 12:00:00,1187.93,1190.69,1187.07,1187.26,0
2016-11-25 13:00:00,1187.26,1188.67,1185.45,1187.59,0
2016-11-25 14:00:00,1187.55,1190.81,1186.03,1186.16,0
2016-11-25 15:00:00,1186.16,1187.06,1183.88,1184.9,0
2016-11-25 16:00:00,1184.95,1185.58,1179.01,1180.93,0
2016-11-25 17:00:00,1180.93,1181.79,1178.7,1181.26,0
2016-11-25 18:00:00,1181.26,1184.52,1181.26,1183.93,0
2016-11-27 23:00:00,1182.8,1187.02,1182.77,1186.81,0
2016-11-28 00:00:00,1186.75,1193.65,1186.58,1192.9,0
2016-11-28 01:00:00,1192.87,1195.82,1192.31,1195.82,0
2016-11-28 02:00:00,1195.82,1197.62,1193.79,1194.37,0
2016-11-28 03:00:00,1194.46,1194.81,1191.63,1191.7,0
2016-11-28 04:00:00,1191.71,1194.24,1190.7,1193.42,0
2016-11-28 05:00:00,1193.42,1194.93,1191.93,1192.66,0
2016-11-28 06:00:00,1192.73,1193.1,1190.95,1191.47,0
2016-11-28 07:00:00,1191.52,1194.18,1190.57,1193.49,0
2016-11-28 08:00:00,1193.47,1197.19,1192.22,1194.44,0
2016-11-28 09:00:00,1194.57,1194.83,1191.47,1192.88,0
2016-11-28 10:00:00,1192.84,1193.0,1188.86,1190.1,0
2016-11-28 11:00:00,1190.12,1191.88,1188.81,1190.34,0
2016-11-28 12:00:00,1190.34,1192.16,1187.02,1188.23,0
2016-11-28 13:00:00,1188.23,1189.6,1186.39,1187.11,0
2016-11-28 14:00:00,1187.15,1189.26,1182.86,1186.39,0
2016-11-28 15:00:00,1186.38,1191.43,1185.54,1189.78,0
2016-11-28 16:00:00,1189.8,1192.06,1188.73,1191.3,0
2016-11-28 17:00:00,1191.29,1191.34,1188.1,1189.22,0
2016-11-28 18:00:00,1189.23,1192.16,1189.16,1191.46,0
2016-11-28 19:00:00,1191.46,1192.95,1191.42,1192.49,0
2016-11-28 20:00:00,1192.53,1194.01,1191.38,1193.45,0
2016-11-28 21:00:00,1193.52,1193.75,1192.54,1193.05,0
2016-11-28 23:00:00,1194.04,1195.09,1193.37,1194.68,0
2016-11-29 00:00:00,1194.64,1195.0,1192.39,1192.5,0
2016-11-29 01:00:00,1192.54,1194.18,1190.17,1193.37,0
2016-11-29 02:00:00,1193.42,1194.03,1192.04,1192.56,0
2016-11-29 03:00:00,1192.56,1193.02,1188.69,1190.14,0
2016-11-29 04:00:00,1190.14,1192.01,1189.49,1191.7,0
2016-11-29 05:00:00,1191.7,1191.96,1189.76,1191.28,0
2016-11-29 06:00:00,1191.37,1192.6,1190.66,1192.09,0
2016-11-29 07:00:00,1192.09,1192.42,1189.14,1191.9,0
2016-11-29 08:00:00,1192.0,1192.85,1188.19,1188.79,0
2016-11-29 09:00:00,1188.74,1188.83,1185.33,1187.04,0
2016-11-29 10:00:00,1187.04,1188.55,1186.25,1188.18,0
2016-11-29 11:00:00,1188.18,1189.58,1186.67,1187.08,0
2016-11-29 12:00:00,1187.08,1187.61,1183.44,1185.01,0
2016-11-29 13:00:00,1185.0,1185.13,1181.1,1182.06,0
2016-11-29 14:00:00,1182.01,1189.68,1181.59,1186.97,0
2016-11-29 15:00:00,1187.01,1189.92,1185.69,1187.08,0
2016-11-29 16:00:00,1187.06,1188.38,1184.9,1188.38,0
2016-11-29 17:00:00,1188.38,1189.54,1186.92,1187.21,0
2016-11-29 18:00:00,1187.23,1190.6,1187.06,1189.14,0
2016-11-29 19:00:00,1189.16,1189.54,1187.72,1188.74,0
2016-11-29 20:00:00,1188.72,1189.61,1188.15,1188.52,0
2016-11-29 21:00:00,1188.53,1189.05,1187.84,1188.28,0
2016-11-29 23:00:00,1188.67,1191.24,1188.0,1188.79,0
2016-11-30 00:00:00,1188.76,1191.46,1187.81,1190.46,0
2016-11-30 01:00:00,1190.46,1193.67,1189.42,1193.52,0
2016-11-30 02:00:00,1193.53,1194.94,1191.75,1191.76,0
2016-11-30 03:00:00,1191.73,1192.1,1188.91,1190.02,0
2016-11-30 04:00:00,1190.02,1190.61,1187.8,1189.54,0
2016-11-30 05:00:00,1189.52,1191.2,1189.14,1189.79,0
2016-11-30 06:00:00,1189.86,1190.1,1187.95,1189.15,0
2016-11-30 07:00:00,1189.16,1189.93,1188.02,1188.85,0
2016-11-30 08:00:00,1188.84,1190.15,1186.53,1188.19,0
2016-11-30 09:00:00,1188.2,1188.9,1184.69,1185.84,0
2016-11-30 10:00:00,1185.79,1189.45,1185.46,1187.84,0
2016-11-30 11:00:00,1187.88,1187.88,1184.96,1185.57,0
2016-11-30 12:00:00,1185.54,1186.39,1182.67,1182.78,0
2016-11-30 13:00:00,1182.84,1186.88,1180.02,1184.36,0
2016-11-30 14:00:00,1184.37,1184.74,1176.19,1177.64,0
2016-11-30 15:00:00,1177.68,1179.24,1174.53,1176.3,0
2016-11-30 16:00:00,1176.3,1176.79,1170.76,1173.69,0
2016-11-30 17:00:00,1173.63,1175.56,1172.29,1174.88,0
2016-11-30 18:00:00,1174.86,1175.79,1171.11,1174.64,0
2016-11-30 19:00:00,1174.63,1176.05,1173.19,1173.83,0
2016-11-30 20:00:00,1173.82,1174.66,1172.11,1172.91,0
2016-11-30 21:00:00,1172.93,1173.86,1172.53,1173.08,0
2016-11-30 23:00:00,1173.47,1175.32,1171.4,1172.4,0
2016-12-01 00:00:00,1172.5,1173.81,1170.47,1171.01,0
2016-12-01 01:00:00,1171.05,1173.79,1162.03,1167.28,0
2016-12-01 02:00:00,1167.28,1169.79,1166.19,1168.97,0
2016-12-01 03:00:00,1168.99,1170.99,1168.81,1169.78,0
2016-12-01 04:00:00,1169.79,1171.55,1169.63,1171.55,0
2016-12-01 05:00:00,1171.53,1175.84,1171.37,1174.8,0
2016-12-01 06:00:00,1174.81,1176.74,1173.36,1175.56,0
2016-12-01 07:00:00,1175.61,1175.95,1171.75,1172.44,0
2016-12-01 08:00:00,1172.44,1173.8,1167.73,1169.13,0
2016-12-01 09:00:00,1169.13,1171.13,1167.41,1168.13,0
2016-12-01 10:00:00,1168.17,1169.33,1166.9,1167.02,0
2016-12-01 11:00:00,1167.04,1168.95,1166.73,1167.64,0
2016-12-01 12:00:00,1167.54,1170.18,1167.12,1167.82,0
2016-12-01 13:00:00,1167.82,1171.84,1167.78,1171.52,0
2016-12-01 14:00:00,1171.51,1171.58,1160.88,1162.17,0
2016-12-01 15:00:00,1162.03,1169.33,1160.76,1168.42,0
2016-12-01 16:00:00,1168.42,1170.64,1166.61,1167.81,0
2016-12-01 17:00:00,1167.8,1167.98,1164.13,1166.58,0
2016-12-01 18:00:00,1166.57,1172.12,1165.68,1171.81,0
2016-12-01 19:00:00,1171.85,1174.81,1170.4,1172.17,0
2016-12-01 20:00:00,1172.15,1172.7,1170.28,1170.28,0
2016-12-01 21:00:00,1170.32,1172.18,1170.32,1171.46,0
2016-12-01 23:00:00,1172.0,1173.91,1171.69,1173.44,0
2016-12-02 00:00:00,1173.43,1175.55,1172.66,1174.39,0
2016-12-02 01:00:00,1174.38,1177.95,1174.0,1174.7,0
2016-12-02 02:00:00,1174.7,1175.9,1173.47,1174.48,0
2016-12-02 03:00:00,1174.51,1174.83,1172.56,1174.74,0
2016-12-02 04:00:00,1174.78,1176.65,1174.24,1174.33,0
2016-12-02 05:00:00,1174.33,1175.55,1173.59,1174.02,0
2016-12-02 06:00:00,1173.99,1174.34,1172.97,1173.81,0
2016-12-02 07:00:00,1173.9,1174.9,1173.1,1174.7,0
2016-12-02 08:00:00,1174.7,1176.44,1174.17,1176.29,0
2016-12-02 09:00:00,1176.24,1176.75,1174.88,1174.88,0
2016-12-02 10:00:00,1174.88,1175.0,1171.02,1171.61,0
2016-12-02 11:00:00,1171.59,1171.81,1169.32,1171.14,0
2016-12-02 12:00:00,1171.13,1172.97,1171.04,1171.09,0
2016-12-02 13:00:00,1171.1,1175.62,1166.82,1169.68,0
2016-12-02 14:00:00,1169.7,1175.4,1168.97,1174.23,0
2016-12-02 15:00:00,1174.23,1178.06,1173.42,1174.25,0
2016-12-02 16:00:00,1174.26,1176.37,1173.2,1175.34,0
2016-12-02 17:00:00,1175.34,1177.43,1175.06,1175.38,0
2016-12-02 18:00:00,1175.39,1176.31,1174.02,1174.81,0
2016-12-02 19:00:00,1174.81,1175.41,1173.01,1174.57,0
2016-12-02 20:00:00,1174.58,1175.93,1173.44,1175.79,0
2016-12-02 21:00:00,1175.79,1177.52,1175.15,1176.91,0
2016-12-04 23:00:00,1181.99,1188.07,1177.8,1180.24,0
2016-12-05 00:00:00,1180.24,1181.45,1177.83,1179.25,0
2016-12-05 01:00:00,1179.26,1179.48,1172.29,1172.9,0
2016-12-05 02:00:00,1172.9,1176.13,1171.59,1175.63,0
2016-12-05 03:00:00,1175.63,1177.82,1174.67,1176.84,0
2016-12-05 04:00:00,1176.84,1177.02,1175.08,1175.68,0
2016-12-05 05:00:00,1175.77,1177.63,1175.54,1177.48,0
2016-12-05 06:00:00,1177.48,1177.84,1173.92,1174.43,0
2016-12-05 07:00:00,1174.44,1174.45,1171.24,1172.83,0
2016-12-05 08:00:00,1172.83,1173.33,1162.42,1163.54,0
2016-12-05 09:00:00,1163.54,1166.83,1163.53,1165.85,0
2016-12-05 10:00:00,1165.75,1166.2,1163.95,1165.18,0
2016-12-05 11:00:00,1165.18,1168.44,1164.47,1165.82,0
2016-12-05 12:00:00,1165.82,1169.37,1165.52,1167.87,0
2016-12-05 13:00:00,1167.86,1170.2,1164.51,1166.08,0
2016-12-05 14:00:00,1166.08,1168.14,1163.03,1164.42,0
2016-12-05 15:00:00,1164.07,1164.07,1157.04,1162.38,0
2016-12-05 16:00:00,1162.48,1168.13,1161.97,1167.13,0
2016-12-05 17:00:00,1167.13,1175.0,1165.98,1174.16,0
2016-12-05 18:00:00,1174.19,1176.0,1170.18,1172.31,0
2016-12-05 19:00:00,1172.28,1174.04,1170.4,1170.85,0
2016-12-05 20:00:00,1170.88,1171.49,1168.66,1169.97,0
2016-12-05 21:00:00,1169.95,1170.61,1169.71,1169.8,0
2016-12-05 23:00:00,1170.14,1170.92,1169.38,1170.16,0
2016-12-06 00:00:00,1170.07,1172.59,1169.4,1172.03,0
2016-12-06 01:00:00,1172.02,1175.01,1171.98,1174.88,0
2016-12-06 02:00:00,1174.84,1175.31,1172.98,1173.85,0
2016-12-06 03:00:00,1173.8,1175.16,1172.61,1172.81,0
2016-12-06 04:00:00,1172.84,1173.38,1171.85,1172.06,0
2016-12-06 05:00:00,1172.09,1173.5,1170.8,1171.01,0
2016-12-06 06:00:00,1171.0,1172.09,1169.58,1170.73,0
2016-12-06 07:00:00,1170.6,1173.94,1169.51,1173.22,0
2016-12-06 08:00:00,1173.21,1174.29,1170.67,1172.32,0
2016-12-06 09:00:00,1172.3,1172.99,1170.89,1170.9,0
2016-12-06 10:00:00,1170.93,1171.38,1170.18,1171.27,0
2016-12-06 11:00:00,1171.3,1171.84,1169.63,1170.59,0
2016-12-06 12:00:00,1170.59,1174.81,1170.39,1172.43,0
2016-12-06 13:00:00,1172.43,1173.27,1170.81,1171.8,0
2016-12-06 14:00:00,1171.8,1175.27,1169.56,1172.33,0
2016-12-06 15:00:00,1172.25,1174.12,1170.72,1171.53,0
2016-12-06 16:00:00,1171.54,1172.19,1169.74,1169.85,0
2016-12-06 17:00:00,1169.92,1169.99,1166.75,1168.13,0
2016-12-06 18:00:00,1168.12,1169.32,1167.39,1168.62,0
2016-12-06 19:00:00,1168.63,1169.6,1167.96,1168.55,0
2016-12-06 20:00:00,1168.56,1169.23,1167.56,1169.13,0
2016-12-06 21:00:00,1169.15,1169.85,1169.01,1169.6,0
2016-12-06 23:00:00,1169.74,1169.97,1169.21,1169.41,0
2016-12-07 00:00:00,1169.37,1169.53,1167.34,1168.31,0
2016-12-07 01:00:00,1168.32,1169.65,1167.39,1168.97,0
2016-12-07 02:00:00,1168.97,1169.94,1168.57,1169.65,0
2016-12-07 03:00:00,1169.64,1169.97,1168.94,1169.34,0
2016-12-07 04:00:00,1169.33,1169.46,1167.79,1168.0,0
2016-12-07 05:00:00,1168.01,1168.54,1165.61,1166.89,0
2016-12-07 06:00:00,1166.9,1168.24,1166.89,1167.99,0
2016-12-07 07:00:00,1167.88,1169.19,1167.67,1168.03,0
2016-12-07 08:00:00,1168.05,1171.93,1167.85,1171.04,0
2016-12-07 09:00:00,1170.99,1172.53,1170.91,1172.17,0
2016-12-07 10:00:00,1172.19,1172.63,1170.89,1171.48,0
2016-12-07 11:00:00,1171.46,1173.68,1170.98,1173.36,0
2016-12-07 12:00:00,1173.37,1174.34,1172.96,1173.15,0
2016-12-07 13:00:00,1173.14,1177.15,1171.44,1176.33,0
2016-12-07 14:00:00,1176.36,1180.3,1175.67,1178.38,0
2016-12-07 15:00:00,1178.42,1179.96,1175.99,1178.31,0
2016-12-07 16:00:00,1178.26,1178.83,1175.99,1177.73,0
2016-12-07 17:00:00,1177.73,1177.73,1174.77,1175.63,0
2016-12-07 18:00:00,1175.61,1176.56,1173.53,1174.37,0
2016-12-07 19:00:00,1174.39,1175.46,1172.93,1173.81,0
2016-12-07 20:00:00,1173.91,1175.22,1172.66,1173.04,0
2016-12-07 21:00:00,1173.07,1174.02,1172.16,1173.96,0
2016-12-07 23:00:00,1174.56,1175.27,1173.57,1174.94,0
2016-12-08 00:00:00,1174.96,1176.29,1174.28,1174.77,0
2016-12-08 01:00:00,1174.8,1176.84,1174.76,1176.23,0
2016-12-08 02:00:00,1176.23,1177.77,1175.93,1177.23,0
2016-12-08 03:00:00,1177.23,1178.66,1176.95,1178.0,0
2016-12-08 04:00:00,1178.0,1178.26,1176.54,1176.78,0
2016-12-08 05:00:00,1176.85,1178.3,1175.81,1176.9,0
2016-12-08 06:00:00,1176.83,1177.27,1175.89,1176.07,0
2016-12-08 07:00:00,1175.99,1176.73,1173.92,1175.57,0
2016-12-08 08:00:00,1175.57,1177.11,1173.83,1176.3,0
2016-12-08 09:00:00,1176.3,1176.71,1174.06,1176.19,0
2016-12-08 10:00:00,1176.16,1176.99,1174.68,1175.87,0
2016-12-08 11:00:00,1175.91,1177.15,1175.41,1176.63,0
2016-12-08 12:00:00,1176.71,1178.58,1171.8,1172.93,0
2016-12-08 13:00:00,1172.91,1175.91,1169.22,1172.97,0
2016-12-08 14:00:00,1172.94,1175.24,1169.66,1170.99,0
2016-12-08 15:00:00,1171.04,1172.36,1169.91,1171.35,0
2016-12-08 16:00:00,1171.37,1171.58,1170.37,1171.16,0
2016-12-08 17:00:00,1171.17,1171.55,1170.46,1171.11,0
2016-12-08 18:00:00,1171.11,1171.62,1169.45,1170.16,0
2016-12-08 19:00:00,1170.15,1171.29,1170.01,1170.48,0
2016-12-08 20:00:00,1170.48,1171.2,1170.22,1170.77,0
2016-12-08 21:00:00,1170.77,1171.23,1170.35,1170.53,0
2016-12-08 23:00:00,1170.85,1170.85,1169.79,1170.61,0
2016-12-09 00:00:00,1170.57,1170.64,1166.62,1167.87,0
2016-12-09 01:00:00,1167.87,1168.6,1165.13,1166.06,0
2016-12-09 02:00:00,1166.06,1168.21,1165.69,1167.49,0
2016-12-09 03:00:00,1167.49,1167.95,1166.97,1167.39,0
2016-12-09 04:00:00,1167.4,1167.73,1167.13,1167.53,0
2016-12-09 05:00:00,1167.55,1168.54,1167.43,1167.91,0
2016-12-09 06:00:00,1167.91,1170.13,1167.91,1169.5,0
2016-12-09 07:00:00,1169.5,1169.94,1167.88,1168.98,0
2016-12-09 08:00:00,1169.01,1169.98,1167.71,1169.34,0
2016-12-09 09:00:00,1169.36,1172.03,1169.25,1170.73,0
2016-12-09 10:00:00,1170.73,1171.08,1168.85,1168.88,0
2016-12-09 11:00:00,1168.9,1169.09,1164.33,1164.38,0
2016-12-09 12:00:00,1164.38,1165.79,1161.28,1161.81,0
2016-12-09 13:00:00,1161.85,1170.12,1161.41,1166.91,0
2016-12-09 14:00:00,1166.92,1168.28,1163.85,1164.02,0
2016-12-09 15:00:00,1164.02,1164.61,1160.19,1161.57,0
2016-12-09 16:00:00,1161.57,1163.93,1160.95,1162.01,0
2016-12-09 17:00:00,1161.99,1162.12,1157.94,1160.71,0
2016-12-09 18:00:00,1160.71,1161.94,1159.96,1160.5,0
2016-12-09 19:00:00,1160.5,1160.69,1156.32,1159.53,0
2016-12-09 20:00:00,1159.53,1159.75,1157.79,1158.46,0
2016-12-09 21:00:00,1158.47,1159.72,1157.62,1159.71,0
2016-12-11 23:00:00,1159.51,1159.51,1156.82,1158.54,0
2016-12-12 00:00:00,1158.54,1158.54,1154.2,1154.68,0
2016-12-12 01:00:00,1154.68,1156.87,1154.45,1156.56,0
2016-12-12 02:00:00,1156.46,1160.21,1156.46,1159.7,0
2016-12-12 03:00:00,1159.7,1160.2,1158.77,1158.78,0
2016-12-12 04:00:00,1158.78,1158.88,1156.61,1157.04,0
2016-12-12 05:00:00,1157.01,1158.93,1156.71,1157.49,0
2016-12-12 06:00:00,1157.48,1158.53,1156.79,1157.94,0
2016-12-12 07:00:00,1157.94,1158.26,1155.44,1155.77,0
2016-12-12 08:00:00,1155.8,1155.99,1151.27,1152.69,0
2016-12-12 09:00:00,1152.73,1156.17,1151.95,1155.31,0
2016-12-12 10:00:00,1155.27,1156.95,1153.4,1155.18,0
2016-12-12 11:00:00,1155.18,1156.82,1154.33,1155.98,0
2016-12-12 12:00:00,1155.98,1157.48,1154.83,1155.27,0
2016-12-12 13:00:00,1155.35,1161.06,1154.67,1159.48,0
2016-12-12 14:00:00,1159.44,1162.29,1158.85,1159.15,0
2016-12-12 15:00:00,1159.16,1162.22,1156.86,1159.69,0
2016-12-12 16:00:00,1159.73,1162.3,1158.72,1162.01,0
2016-12-12 17:00:00,1162.0,1165.61,1161.52,1164.8,0
2016-12-12 18:00:00,1164.81,1165.88,1162.35,1163.0,0
2016-12-12 19:00:00,1163.04,1163.11,1161.53,1162.25,0
2016-12-12 20:00:00,1162.26,1162.8,1161.22,1162.3,0
2016-12-12 21:00:00,1162.29,1162.59,1161.89,1162.21,0
2016-12-12 23:00:00,1162.85,1164.29,1162.77,1163.03,0
2016-12-13 00:00:00,1163.04,1165.01,1162.92,1163.38,0
2016-12-13 01:00:00,1163.4,1164.32,1161.55,1163.15,0
2016-12-13 02:00:00,1163.18,1163.79,1162.45,1163.69,0
2016-12-13 03:00:00,1163.69,1163.69,1162.37,1162.72,0
2016-12-13 04:00:00,1162.71,1163.13,1161.69,1162.04,0
2016-12-13 05:00:00,1162.01,1162.8,1160.81,1160.86,0
2016-12-13 06:00:00,1160.87,1161.88,1160.42,1161.66,0
2016-12-13 07:00:00,1161.66,1162.37,1160.88,1161.58,0
2016-12-13 08:00:00,1161.58,1161.77,1158.25,1158.63,0
2016-12-13 09:00:00,1158.62,1160.34,1158.01,1158.43,0
2016-12-13 10:00:00,1158.38,1158.91,1157.2,1158.39,0
2016-12-13 11:00:00,1158.4,1158.98,1157.64,1158.29,0
2016-12-13 12:00:00,1158.28,1160.48,1158.09,1158.8,0
2016-12-13 13:00:00,1158.8,1164.12,1158.6,1163.29,0
2016-12-13 14:00:00,1163.26,1163.28,1157.47,1158.51,0
2016-12-13 15:00:00,1158.54,1158.64,1154.64,1156.78,0
2016-12-13 16:00:00,1156.78,1160.38,1156.06,1156.35,0
2016-12-13 17:00:00,1156.25,1157.39,1155.56,1156.85,0
2016-12-13 18:00:00,1156.92,1159.05,1155.84,1156.72,0
2016-12-13 19:00:00,1156.71,1157.36,1155.57,1157.23,0
2016-12-13 20:00:00,1157.33,1159.94,1157.15,1158.69,0
2016-12-13 21:00:00,1158.69,1159.17,1157.91,1158.11,0
2016-12-13 23:00:00,1157.6,1159.09,1157.6,1158.66,0
2016-12-14 00:00:00,1158.62,1160.24,1157.96,1158.77,0
2016-12-14 01:00:00,1158.76,1161.27,1158.52,1160.47,0
2016-12-14 02:00:00,1160.49,1161.05,1159.71,1160.4,0
2016-12-14 03:00:00,1160.35,1160.92,1159.89,1160.43,0
2016-12-14 04:00:00,1160.45,1160.8,1159.63,1159.94,0
2016-12-14 05:00:00,1159.94,1160.48,1159.58,1160.39,0
2016-12-14 06:00:00,1160.39,1162.62,1160.08,1161.96,0
2016-12-14 07:00:00,1161.88,1163.64,1161.19,1162.35,0
2016-12-14 08:00:00,1162.4,1163.03,1161.46,1161.9,0
2016-12-14 09:00:00,1161.81,1161.88,1160.7,1160.96,0
2016-12-14 10:00:00,1160.97,1163.0,1160.85,1162.43,0
2016-12-14 11:00:00,1162.47,1163.12,1161.25,1162.37,0
2016-12-14 12:00:00,1162.47,1162.81,1161.17,1161.27,0
2016-12-14 13:00:00,1161.38,1163.18,1159.23,1162.37,0
2016-12-14 14:00:00,1162.37,1165.3,1161.4,1162.75,0
2016-12-14 15:00:00,1162.85,1163.92,1161.72,1162.63,0
2016-12-14 16:00:00,1162.65,1164.18,1162.61,1163.54,0
2016-12-14 17:00:00,1163.56,1164.03,1161.11,1161.52,0
2016-12-14 18:00:00,1161.53,1162.41,1159.82,1160.96,0
2016-12-14 19:00:00,1155.29,1161.12,1146.49,1149.57,0
2016-12-14 20:00:00,1149.61,1150.16,1139.06,1142.59,0
2016-12-14 21:00:00,1142.67,1144.75,1142.21,1143.18,0
2016-12-14 23:00:00,1142.05,1143.52,1141.52,1142.94,0
2016-12-15 00:00:00,1142.94,1142.94,1134.82,1137.75,0
2016-12-15 01:00:00,1137.75,1144.18,1137.67,1142.35,0
2016-12-15 02:00:00,1142.31,1144.4,1142.0,1143.54,0
2016-12-15 03:00:00,1143.59,1143.72,1141.53,1142.51,0
2016-12-15 04:00:00,1142.51,1143.98,1140.81,1141.8,0
2016-12-15 05:00:00,1141.84,1142.14,1140.84,1141.41,0
2016-12-15 06:00:00,1141.41,1143.15,1140.61,1141.18,0
2016-12-15 07:00:00,1141.19,1141.23,1137.58,1138.71,0
2016-12-15 08:00:00,1138.75,1138.78,1135.76,1138.11,0
2016-12-15 09:00:00,1138.06,1138.24,1136.65,1137.06,0
2016-12-15 10:00:00,1137.06,1137.33,1130.29,1131.35,0
2016-12-15 11:00:00,1131.31,1131.31,1127.08,1128.15,0
2016-12-15 12:00:00,1128.21,1132.24,1127.95,1128.65,0
2016-12-15 13:00:00,1128.75,1132.4,1125.95,1131.95,0
2016-12-15 14:00:00,1131.92,1133.03,1128.62,1129.42,0
2016-12-15 15:00:00,1129.43,1129.51,1125.73,1126.71,0
2016-12-15 16:00:00,1126.69,1127.56,1122.55,1124.3,0
2016-12-15 17:00:00,1124.27,1130.06,1124.14,1128.55,0
2016-12-15 18:00:00,1128.51,1131.22,1126.88,1130.92,0
2016-12-15 19:00:00,1130.82,1132.62,1130.68,1131.64,0
2016-12-15 20:00:00,1131.64,1131.64,1126.62,1126.79,0
2016-12-15 21:00:00,1126.79,1128.75,1126.69,1128.0,0
2016-12-15 23:00:00,1128.79,1129.15,1127.63,1128.13,0
2016-12-16 00:00:00,1128.09,1130.4,1126.69,1129.06,0
2016-12-16 01:00:00,1129.11,1130.44,1128.47,1130.04,0
2016-12-16 02:00:00,1129.99,1131.37,1129.79,1130.92,0
2016-12-16 03:00:00,1130.93,1131.59,1130.46,1130.76,0
2016-12-16 04:00:00,1130.76,1130.76,1129.75,1130.06,0
2016-12-16 05:00:00,1130.06,1132.78,1129.9,1131.58,0
2016-12-16 06:00:00,1131.62,1135.22,1131.24,1133.56,0
2016-12-16 07:00:00,1133.52,1134.93,1132.54,1134.39,0
2016-12-16 08:00:00,1134.35,1134.49,1132.23,1133.04,0
2016-12-16 09:00:00,1133.04,1136.2,1132.2,1135.09,0
2016-12-16 10:00:00,1135.1,1136.11,1133.96,1134.7,0
2016-12-16 11:00:00,1134.74,1135.77,1133.59,1134.63,0
2016-12-16 12:00:00,1134.64,1135.23,1133.26,1133.79,0
2016-12-16 13:00:00,1133.79,1134.84,1132.57,1133.74,0
2016-12-16 14:00:00,1133.75,1134.34,1130.92,1131.53,0
2016-12-16 15:00:00,1131.51,1132.33,1127.84,1128.66,0
2016-12-16 16:00:00,1128.67,1141.34,1128.16,1138.41,0
2016-12-16 17:00:00,1138.46,1139.85,1136.48,1137.34,0
2016-12-16 18:00:00,1137.36,1137.98,1134.5,1135.43,0
2016-12-16 19:00:00,1135.44,1136.21,1133.78,1134.44,0
2016-12-16 20:00:00,1134.44,1134.91,1132.89,1133.38,0
2016-12-16 21:00:00,1133.42,1135.0,1133.17,1134.82,0
2016-12-18 23:00:00,1134.37,1136.84,1133.99,1135.83,0
2016-12-19 00:00:00,1136.09,1137.95,1135.61,1137.08,0
2016-12-19 01:00:00,1137.08,1139.48,1136.88,1138.5,0
2016-12-19 02:00:00,1138.52,1138.89,1137.5,1138.27,0
2016-12-19 03:00:00,1138.26,1138.62,1137.76,1138.23,0
2016-12-19 04:00:00,1138.3,1139.68,1138.0,1139.25,0
2016-12-19 05:00:00,1139.29,1139.77,1138.65,1139.77,0
2016-12-19 06:00:00,1139.75,1142.38,1139.22,1141.55,0
2016-12-19 07:00:00,1141.45,1142.03,1139.84,1140.44,0
2016-12-19 08:00:00,1140.46,1140.58,1139.16,1139.95,0
2016-12-19 09:00:00,1139.95,1140.52,1138.59,1138.7,0
2016-12-19 10:00:00,1138.7,1138.99,1137.1,1137.81,0
2016-12-19 11:00:00,1137.81,1140.43,1137.41,1138.5,0
2016-12-19 12:00:00,1138.5,1139.71,1137.87,1139.19,0
2016-12-19 13:00:00,1139.23,1140.96,1138.32,1139.43,0
2016-12-19 14:00:00,1139.43,1140.19,1137.39,1137.57,0
2016-12-19 15:00:00,1137.57,1140.27,1136.88,1139.62,0
2016-12-19 16:00:00,1139.67,1142.34,1138.98,1141.24,0
2016-12-19 17:00:00,1141.17,1141.36,1139.55,1140.19,0
2016-12-19 18:00:00,1140.18,1141.35,1136.84,1138.54,0
2016-12-19 19:00:00,1138.54,1139.29,1137.06,1139.26,0
2016-12-19 20:00:00,1139.15,1139.93,1138.41,1139.21,0
2016-12-19 21:00:00,1139.26,1139.73,1138.4,1138.6,0
2016-12-19 23:00:00,1138.23,1138.86,1137.92,1138.66,0
2016-12-20 00:00:00,1138.66,1138.66,1137.03,1137.41,0
2016-12-20 01:00:00,1137.41,1138.41,1137.2,1138.1,0
2016-12-20 02:00:00,1138.1,1139.68,1137.99,1138.86,0
2016-12-20 03:00:00,1138.86,1139.68,1137.58,1139.14,0
2016-12-20 04:00:00,1139.14,1139.31,1135.35,1135.6,0
2016-12-20 05:00:00,1135.6,1136.41,1135.04,1135.3,0
2016-12-20 06:00:00,1135.29,1136.16,1132.76,1134.06,0
2016-12-20 07:00:00,1133.97,1135.24,1133.47,1134.97,0
2016-12-20 08:00:00,1135.02,1135.26,1131.87,1133.27,0
2016-12-20 09:00:00,1133.25,1134.1,1132.77,1132.94,0
2016-12-20 10:00:00,1132.94,1134.63,1132.37,1134.05,0
2016-12-20 11:00:00,1134.0,1134.29,1132.82,1133.11,0
2016-12-20 12:00:00,1133.12,1133.14,1128.84,1129.79,0
2016-12-20 13:00:00,1129.79,1130.84,1128.18,1129.86,0
2016-12-20 14:00:00,1129.78,1129.78,1126.24,1127.24,0
2016-12-20 15:00:00,1127.25,1129.11,1125.78,1127.81,0
2016-12-20 16:00:00,1127.81,1132.26,1126.48,1130.79,0
2016-12-20 17:00:00,1130.7,1132.77,1129.87,1132.37,0
2016-12-20 18:00:00,1132.4,1133.24,1130.34,1131.26,0
2016-12-20 19:00:00,1131.26,1132.75,1130.81,1130.9,0
2016-12-20 20:00:00,1130.97,1131.83,1130.83,1131.43,0
2016-12-20 21:00:00,1131.45,1132.3,1131.29,1132.25,0
2016-12-20 23:00:00,1132.54,1132.86,1131.74,1132.06,0
2016-12-21 00:00:00,1132.02,1132.5,1130.87,1131.18,0
2016-12-21 01:00:00,1131.18,1135.09,1129.41,1134.94,0
2016-12-21 02:00:00,1135.03,1135.93,1133.86,1134.06,0
2016-12-21 03:00:00,1134.06,1135.88,1134.06,1135.0,0
2016-12-21 04:00:00,1135.0,1136.78,1134.69,1136.02,0
2016-12-21 05:00:00,1136.01,1136.34,1135.03,1135.18,0
2016-12-21 06:00:00,1135.18,1137.02,1135.01,1136.47,0
2016-12-21 07:00:00,1136.38,1137.17,1135.49,1135.99,0
2016-12-21 08:00:00,1136.0,1136.2,1132.47,1133.71,0
2016-12-21 09:00:00,1133.69,1135.02,1133.33,1134.37,0
2016-12-21 10:00:00,1134.39,1134.79,1133.83,1134.66,0
2016-12-21 11:00:00,1134.66,1134.66,1133.08,1133.97,0
2016-12-21 12:00:00,1134.03,1136.25,1133.98,1134.94,0
2016-12-21 13:00:00,1134.94,1136.1,1134.39,1136.0,0
2016-12-21 14:00:00,1135.98,1137.13,1134.2,1134.85,0
2016-12-21 15:00:00,1134.75,1134.88,1130.85,1131.09,0
2016-12-21 16:00:00,1131.1,1132.43,1129.96,1131.45,0
2016-12-21 17:00:00,1131.44,1132.86,1131.16,1132.21,0
2016-12-21 18:00:00,1132.21,1132.72,1131.21,1132.18,0
2016-12-21 19:00:00,1132.18,1132.18,1131.19,1131.4,0
2016-12-21 20:00:00,1131.36,1132.35,1131.04,1131.58,0
2016-12-21 21:00:00,1131.59,1131.87,1130.69,1131.22,0
2016-12-21 23:00:00,1131.37,1131.89,1130.64,1130.96,0
2016-12-22 00:00:00,1130.96,1132.67,1130.63,1131.15,0
2016-12-22 01:00:00,1131.19,1132.51,1130.87,1132.31,0
2016-12-22 02:00:00,1132.33,1132.33,1131.09,1131.69,0
2016-12-22 03:00:00,1131.69,1131.72,1130.82,1131.31,0
2016-12-22 04:00:00,1131.31,1131.41,1129.74,1130.28,0
2016-12-22 05:00:00,1130.28,1130.77,1128.76,1129.26,0
2016-12-22 06:00:00,1129.26,1131.22,1128.36,1131.2,0
2016-12-22 07:00:00,1131.13,1132.42,1130.77,1131.02,0
2016-12-22 08:00:00,1131.02,1132.32,1130.06,1131.63,0
2016-12-22 09:00:00,1131.63,1132.43,1130.12,1130.54,0
2016-12-22 10:00:00,1130.59,1131.59,1130.44,1131.07,0
2016-12-22 11:00:00,1131.07,1131.57,1129.38,1130.0,0
2016-12-22 12:00:00,1130.0,1130.84,1129.66,1130.38,0
2016-12-22 13:00:00,1130.38,1131.38,1127.77,1128.71,0
2016-12-22 14:00:00,1128.7,1133.79,1128.6,1132.0,0
2016-12-22 15:00:00,1131.99,1134.11,1131.95,1132.94,0
2016-12-22 16:00:00,1133.04,1133.32,1129.63,1130.14,0
2016-12-22 17:00:00,1130.12,1130.23,1127.85,1129.06,0
2016-12-22 18:00:00,1129.06,1129.98,1128.38,1128.58,0
2016-12-22 19:00:00,1128.57,1128.88,1127.99,1128.71,0
2016-12-22 20:00:00,1128.67,1129.42,1128.15,1128.82,0
2016-12-22 21:00:00,1128.78,1129.15,1128.03,1128.15,0
2016-12-22 23:00:00,1128.28,1128.86,1128.19,1128.82,0
2016-12-23 00:00:00,1128.82,1129.31,1128.35,1128.89,0
2016-12-23 01:00:00,1128.89,1130.79,1128.8,1130.1,0
2016-12-23 02:00:00,1130.11,1131.63,1129.71,1131.1,0
2016-12-23 03:00:00,1131.1,1131.66,1130.91,1131.51,0
2016-12-23 04:00:00,1131.51,1131.67,1130.95,1131.33,0
2016-12-23 05:00:00,1131.32,1131.75,1131.04,1131.73,0
2016-12-23 06:00:00,1131.73,1132.31,1131.08,1131.14,0
2016-12-23 07:00:00,1131.16,1131.88,1131.03,1131.19,0
2016-12-23 08:00:00,1131.12,1132.0,1130.8,1131.76,0
2016-12-23 09:00:00,1131.79,1132.36,1131.37,1131.58,0
2016-12-23 10:00:00,1131.58,1131.91,1130.44,1130.64,0
2016-12-23 11:00:00,1130.63,1131.96,1130.63,1131.86,0
2016-12-23 12:00:00,1131.86,1132.12,1130.86,1130.86,0
2016-12-23 13:00:00,1130.94,1131.55,1130.02,1130.23,0
2016-12-23 14:00:00,1130.27,1133.81,1129.7,1133.16,0
2016-12-23 15:00:00,1133.22,1135.81,1131.91,1135.44,0
2016-12-23 16:00:00,1135.35,1135.53,1132.07,1132.55,0
2016-12-23 17:00:00,1132.64,1133.36,1132.05,1132.6,0
2016-12-23 18:00:00,1132.6,1132.76,1131.96,1132.21,0
2016-12-23 19:00:00,1132.21,1132.98,1131.16,1132.84,0
2016-12-23 20:00:00,1132.79,1132.99,1131.41,1132.13,0
2016-12-23 21:00:00,1132.15,1133.84,1131.3,1133.8,0
2016-12-26 23:00:00,1133.99,1134.84,1133.14,1133.38,0
2016-12-27 00:00:00,1133.48,1133.57,1131.7,1131.79,0
2016-12-27 01:00:00,1131.8,1134.89,1131.71,1134.35,0
2016-12-27 02:00:00,1134.35,1137.94,1134.35,1137.54,0
2016-12-27 03:00:00,1137.56,1138.19,1136.39,1136.58,0
2016-12-27 04:00:00,1136.67,1137.85,1136.47,1137.13,0
2016-12-27 05:00:00,1137.17,1138.02,1136.88,1137.55,0
2016-12-27 06:00:00,1137.58,1140.45,1137.41,1139.54,0
2016-12-27 07:00:00,1139.55,1150.51,1139.09,1143.82,0
2016-12-27 08:00:00,1143.82,1144.82,1143.81,1143.91,0
2016-12-27 09:00:00,1143.9,1144.62,1142.22,1143.47,0
2016-12-27 10:00:00,1143.47,1143.74,1142.84,1143.45,0
2016-12-27 11:00:00,1143.44,1143.7,1142.25,1142.52,0
2016-12-27 12:00:00,1142.53,1143.48,1141.52,1142.36,0
2016-12-27 13:00:00,1142.36,1142.63,1140.81,1141.6,0
2016-12-27 14:00:00,1141.7,1142.1,1138.12,1138.52,0
2016-12-27 15:00:00,1138.47,1139.23,1136.69,1136.88,0
2016-12-27 16:00:00,1136.89,1137.78,1135.79,1136.74,0
2016-12-27 17:00:00,1136.74,1137.81,1136.35,1137.43,0
2016-12-27 18:00:00,1137.42,1138.4,1136.9,1138.1,0
2016-12-27 19:00:00,1138.1,1139.76,1137.87,1139.66,0
2016-12-27 20:00:00,1139.66,1139.71,1138.9,1139.07,0
2016-12-27 21:00:00,1139.07,1139.4,1138.49,1138.68,0
2016-12-27 23:00:00,1138.3,1139.5,1138.3,1139.31,0
2016-12-28 00:00:00,1139.41,1141.02,1138.87,1140.25,0
2016-12-28 01:00:00,1140.27,1142.23,1140.04,1141.88,0
2016-12-28 02:00:00,1141.79,1142.24,1140.79,1141.43,0
2016-12-28 03:00:00,1141.35,1142.07,1141.26,1142.07,0
2016-12-28 04:00:00,1142.09,1142.67,1141.68,1141.8,0
2016-12-28 05:00:00,1141.8,1143.41,1141.66,1142.91,0
2016-12-28 06:00:00,1142.91,1144.51,1142.3,1143.84,0
2016-12-28 07:00:00,1143.84,1144.1,1142.29,1142.61,0
2016-12-28 08:00:00,1142.61,1142.88,1140.54,1140.63,0
2016-12-28 09:00:00,1140.64,1141.51,1140.39,1140.99,0
2016-12-28 10:00:00,1141.02,1141.09,1139.26,1139.36,0
2016-12-28 11:00:00,1139.36,1139.36,1137.02,1138.76,0
2016-12-28 12:00:00,1138.72,1139.57,1137.73,1139.57,0
2016-12-28 13:00:00,1139.57,1140.19,1138.33,1139.03,0
2016-12-28 14:00:00,1139.03,1139.74,1136.55,1138.48,0
2016-12-28 15:00:00,1138.53,1139.42,1136.76,1138.11,0
2016-12-28 16:00:00,1138.21,1139.95,1138.18,1138.88,0
2016-12-28 17:00:00,1138.88,1139.5,1137.67,1138.51,0
2016-12-28 18:00:00,1138.52,1141.37,1138.32,1141.36,0
2016-12-28 19:00:00,1141.37,1142.76,1140.78,1141.86,0
2016-12-28 20:00:00,1141.89,1142.69,1141.51,1141.86,0
2016-12-28 21:00:00,1141.81,1142.74,1141.26,1141.29,0
2016-12-28 23:00:00,1141.91,1142.7,1141.73,1142.36,0
2016-12-29 00:00:00,1142.33,1144.74,1142.33,1144.33,0
2016-12-29 01:00:00,1144.37,1148.15,1144.12,1146.99,0
2016-12-29 02:00:00,1147.01,1148.75,1145.79,1147.08,0
2016-12-29 03:00:00,1147.12,1148.78,1147.1,1148.52,0
2016-12-29 04:00:00,1148.53,1149.83,1148.12,1149.12,0
2016-12-29 05:00:00,1149.13,1149.13,1147.37,1147.91,0
2016-12-29 06:00:00,1147.86,1150.27,1147.61,1149.69,0
2016-12-29 07:00:00,1149.59,1149.91,1148.63,1149.28,0
2016-12-29 08:00:00,1149.28,1149.92,1147.59,1147.59,0
2016-12-29 09:00:00,1147.59,1148.35,1146.46,1148.04,0
2016-12-29 10:00:00,1148.05,1148.62,1146.05,1146.86,0
2016-12-29 11:00:00,1146.84,1147.28,1145.55,1145.81,0
2016-12-29 12:00:00,1145.9,1147.2,1145.69,1145.89,0
2016-12-29 13:00:00,1145.89,1146.56,1144.43,1145.81,0
2016-12-29 14:00:00,1145.8,1146.89,1145.25,1145.84,0
2016-12-29 15:00:00,1145.89,1150.89,1145.51,1149.51,0
2016-12-29 16:00:00,1149.55,1159.02,1148.9,1158.42,0
2016-12-29 17:00:00,1158.42,1159.51,1155.01,1155.86,0
2016-12-29 18:00:00,1155.86,1157.54,1154.96,1155.56,0
2016-12-29 19:00:00,1155.52,1156.48,1154.05,1155.57,0
2016-12-29 20:00:00,1155.61,1156.97,1154.43,1156.86,0
2016-12-29 21:00:00,1156.85,1159.16,1156.77,1157.74,0
2016-12-29 23:00:00,1157.68,1161.98,1157.48,1160.29,0
2016-12-30 00:00:00,1160.25,1162.4,1159.08,1161.64,0
2016-12-30 01:00:00,1161.64,1163.22,1159.5,1159.83,0
2016-12-30 02:00:00,1159.85,1162.8,1158.08,1160.97,0
2016-12-30 03:00:00,1161.05,1161.07,1158.79,1160.0,0
2016-12-30 04:00:00,1160.0,1160.41,1158.91,1160.2,0
2016-12-30 05:00:00,1160.2,1161.94,1159.77,1161.36,0
2016-12-30 06:00:00,1161.31,1161.99,1159.38,1160.67,0
2016-12-30 07:00:00,1160.66,1160.66,1158.18,1158.3,0
2016-12-30 08:00:00,1158.3,1159.79,1158.19,1158.22,0
2016-12-30 09:00:00,1158.22,1160.78,1158.16,1160.69,0
2016-12-30 10:00:00,1160.69,1161.21,1159.18,1159.48,0
2016-12-30 11:00:00,1159.48,1159.99,1158.08,1159.02,0
2016-12-30 12:00:00,1159.03,1159.89,1157.12,1157.93,0
2016-12-30 13:00:00,1157.93,1158.34,1155.8,1157.03,0
2016-12-30 14:00:00,1157.11,1160.55,1156.62,1159.85,0
2016-12-30 15:00:00,1159.84,1160.14,1156.07,1157.31,0
2016-12-30 16:00:00,1157.37,1157.89,1155.71,1156.23,0
2016-12-30 17:00:00,1156.13,1156.76,1151.74,1153.01,0
2016-12-30 18:00:00,1153.01,1153.01,1150.56,1151.73,0
2016-12-30 19:00:00,1151.73,1152.13,1150.58,1152.01,0
2016-12-30 20:00:00,1151.97,1151.97,1149.68,1150.38,0
2016-12-30 21:00:00,1150.33,1152.6,1150.12,1152.59,0
2017-01-02 23:00:00,1150.96,1152.51,1149.52,1150.46,0
2017-01-03 00:00:00,1150.46,1151.77,1149.73,1150.89,0
2017-01-03 01:00:00,1150.8,1156.91,1150.47,1156.23,0
2017-01-03 02:00:00,1156.23,1158.81,1155.0,1157.31,0
2017-01-03 03:00:00,1157.31,1157.5,1156.12,1157.01,0
2017-01-03 04:00:00,1157.01,1157.6,1156.89,1157.49,0
2017-01-03 05:00:00,1157.49,1158.11,1156.73,1157.9,0
2017-01-03 06:00:00,1157.9,1158.78,1157.18,1157.63,0
2017-01-03 07:00:00,1157.63,1157.63,1151.96,1153.23,0
2017-01-03 08:00:00,1153.23,1154.53,1150.63,1151.63,0
2017-01-03 09:00:00,1151.63,1152.06,1147.72,1148.26,0
2017-01-03 10:00:00,1148.26,1148.64,1146.74,1146.87,0
2017-01-03 11:00:00,1146.87,1148.87,1146.1,1148.67,0
2017-01-03 12:00:00,1148.67,1149.07,1147.3,1148.76,0
2017-01-03 13:00:00,1148.79,1151.41,1148.58,1150.73,0
2017-01-03 14:00:00,1150.74,1155.58,1146.8,1153.8,0
2017-01-03 15:00:00,1153.8,1155.97,1147.97,1154.96,0
2017-01-03 16:00:00,1155.01,1164.39,1153.54,1160.4,0
2017-01-03 17:00:00,1160.43,1162.91,1158.65,1162.09,0
2017-01-03 18:00:00,1162.0,1163.55,1159.3,1159.49,0
2017-01-03 19:00:00,1159.43,1160.35,1158.95,1159.14,0
2017-01-03 20:00:00,1159.17,1159.65,1156.77,1159.33,0
2017-01-03 21:00:00,1159.32,1159.88,1158.11,1158.67,0
2017-01-03 23:00:00,1158.49,1159.26,1157.0,1157.2,0
2017-01-04 00:00:00,1157.16,1158.37,1156.3,1157.08,0
2017-01-04 01:00:00,1157.17,1158.62,1156.19,1157.56,0
2017-01-04 02:00:00,1157.56,1160.9,1157.56,1160.81,0
2017-01-04 03:00:00,1160.81,1161.62,1159.32,1161.23,0
2017-01-04 04:00:00,1161.23,1161.71,1160.11,1160.25,0
2017-01-04 05:00:00,1160.25,1161.72,1159.77,1161.58,0
2017-01-04 06:00:00,1161.58,1163.4,1161.07,1162.3,0
2017-01-04 07:00:00,1162.34,1163.32,1161.26,1161.67,0
2017-01-04 08:00:00,1161.58,1164.4,1160.84,1163.32,0
2017-01-04 09:00:00,1163.32,1167.91,1163.14,1165.43,0
2017-01-04 10:00:00,1165.45,1166.41,1164.52,1165.39,0
2017-01-04 11:00:00,1165.4,1167.6,1165.03,1165.46,0
2017-01-04 12:00:00,1165.41,1166.36,1164.0,1165.58,0
2017-01-04 13:00:00,1165.58,1167.92,1163.08,1164.27,0
2017-01-04 14:00:00,1164.28,1165.94,1162.19,1165.07,0
2017-01-04 15:00:00,1165.16,1166.57,1163.62,1165.59,0
2017-01-04 16:00:00,1165.59,1165.7,1163.26,1165.16,0
2017-01-04 17:00:00,1165.16,1167.32,1164.74,1164.97,0
2017-01-04 18:00:00,1164.94,1166.1,1163.91,1164.11,0
2017-01-04 19:00:00,1164.11,1166.77,1160.73,1162.84,0
2017-01-04 20:00:00,1162.84,1164.33,1162.62,1163.57,0
2017-01-04 21:00:00,1163.61,1164.43,1162.64,1163.12,0
2017-01-04 23:00:00,1163.82,1165.91,1162.95,1165.88,0
2017-01-05 00:00:00,1165.89,1172.55,1165.88,1171.77,0
2017-01-05 01:00:00,1171.7,1172.94,1170.14,1171.28,0
2017-01-05 02:00:00,1171.28,1172.91,1170.9,1172.43,0
2017-01-05 03:00:00,1172.35,1174.33,1172.35,1173.4,0
2017-01-05 04:00:00,1173.4,1173.87,1173.04,1173.57,0
2017-01-05 05:00:00,1173.57,1177.62,1173.39,1175.21,0
2017-01-05 06:00:00,1175.21,1179.06,1174.4,1178.58,0
2017-01-05 07:00:00,1178.52,1178.86,1176.55,1177.53,0
2017-01-05 08:00:00,1177.62,1179.39,1171.88,1173.56,0
2017-01-05 09:00:00,1173.59,1174.29,1170.58,1172.88,0
2017-01-05 10:00:00,1172.94,1173.73,1171.03,1171.34,0
2017-01-05 11:00:00,1171.35,1172.92,1170.56,1171.85,0
2017-01-05 12:00:00,1171.89,1174.51,1170.84,1172.91,0
2017-01-05 13:00:00,1172.92,1176.72,1171.35,1175.71,0
2017-01-05 14:00:00,1175.7,1179.11,1175.2,1176.95,0
2017-01-05 15:00:00,1177.0,1182.2,1176.1,1181.4,0
2017-01-05 16:00:00,1181.48,1185.03,1180.9,1182.51,0
2017-01-05 17:00:00,1182.51,1183.5,1181.92,1182.1,0
2017-01-05 18:00:00,1182.1,1182.37,1179.86,1181.78,0
2017-01-05 19:00:00,1181.77,1182.14,1179.8,1180.89,0
2017-01-05 20:00:00,1180.93,1181.37,1179.97,1181.09,0
2017-01-05 21:00:00,1181.11,1181.22,1179.92,1180.13,0
2017-01-05 23:00:00,1180.54,1181.3,1179.28,1180.85,0
2017-01-06 00:00:00,1180.84,1181.45,1178.34,1178.61,0
2017-01-06 01:00:00,1178.66,1179.23,1176.8,1177.54,0
2017-01-06 02:00:00,1177.58,1179.31,1176.73,1178.84,0
2017-01-06 03:00:00,1178.83,1179.83,1177.17,1178.43,0
2017-01-06 04:00:00,1178.42,1181.97,1175.75,1177.57,0
2017-01-06 05:00:00,1177.62,1177.62,1175.48,1176.27,0
2017-01-06 06:00:00,1176.26,1177.17,1173.87,1174.5,0
2017-01-06 07:00:00,1174.54,1175.33,1173.8,1174.73,0
2017-01-06 08:00:00,1174.77,1176.97,1174.5,1176.83,0
2017-01-06 09:00:00,1176.85,1178.71,1176.07,1178.27,0
2017-01-06 10:00:00,1178.35,1179.28,1177.61,1179.15,0
2017-01-06 11:00:00,1179.16,1179.41,1176.99,1177.46,0
2017-01-06 12:00:00,1177.46,1177.46,1175.5,1176.12,0
2017-01-06 13:00:00,1176.12,1182.84,1171.68,1173.68,0
2017-01-06 14:00:00,1173.73,1179.23,1172.18,1176.5,0
2017-01-06 15:00:00,1176.46,1178.82,1175.46,1175.58,0
2017-01-06 16:00:00,1175.59,1176.38,1171.2,1173.36,0
2017-01-06 17:00:00,1173.36,1174.9,1172.38,1173.96,0
2017-01-06 18:00:00,1173.96,1174.67,1170.97,1171.07,0
2017-01-06 19:00:00,1171.1,1172.97,1171.01,1172.25,0
2017-01-06 20:00:00,1172.23,1173.29,1171.26,1172.93,0
2017-01-06 21:00:00,1172.95,1172.97,1171.77,1172.0,0
2017-01-08 23:00:00,1172.86,1174.04,1172.04,1173.91,0
2017-01-09 00:00:00,1173.86,1174.68,1172.7,1174.24,0
2017-01-09 01:00:00,1174.23,1176.04,1173.92,1175.59,0
2017-01-09 02:00:00,1175.55,1176.61,1174.94,1175.29,0
2017-01-09 03:00:00,1175.29,1175.8,1174.39,1174.8,0
2017-01-09 04:00:00,1174.67,1175.1,1174.23,1174.61,0
2017-01-09 05:00:00,1174.59,1174.98,1172.98,1173.72,0
2017-01-09 06:00:00,1173.7,1174.56,1173.0,1174.17,0
2017-01-09 07:00:00,1174.08,1174.7,1173.21,1173.94,0
2017-01-09 08:00:00,1173.95,1178.35,1173.95,1177.89,0
2017-01-09 09:00:00,1177.99,1178.67,1175.83,1176.09,0
2017-01-09 10:00:00,1176.11,1177.03,1175.43,1176.81,0
2017-01-09 11:00:00,1176.81,1180.95,1176.61,1179.81,0
2017-01-09 12:00:00,1179.81,1180.41,1178.16,1178.48,0
2017-01-09 13:00:00,1178.48,1181.81,1178.19,1180.67,0
2017-01-09 14:00:00,1180.68,1181.99,1178.3,1178.52,0
2017-01-09 15:00:00,1178.51,1179.98,1177.51,1179.01,0
2017-01-09 16:00:00,1179.01,1183.99,1178.92,1183.22,0
2017-01-09 17:00:00,1183.2,1184.16,1181.69,1182.77,0
2017-01-09 18:00:00,1182.76,1186.16,1182.46,1183.35,0
2017-01-09 19:00:00,1183.36,1184.78,1183.07,1184.38,0
2017-01-09 20:00:00,1184.38,1184.88,1182.41,1182.5,0
2017-01-09 21:00:00,1182.48,1182.54,1180.31,1180.46,0
2017-01-09 23:00:00,1181.57,1182.77,1181.05,1182.55,0
2017-01-10 00:00:00,1182.49,1183.52,1180.97,1181.68,0
2017-01-10 01:00:00,1181.73,1183.04,1180.44,1181.15,0
2017-01-10 02:00:00,1181.15,1185.47,1180.2,1184.28,0
2017-01-10 03:00:00,1184.23,1187.27,1184.23,1186.06,0
2017-01-10 04:00:00,1186.06,1186.42,1184.63,1184.73,0
2017-01-10 05:00:00,1184.74,1186.51,1183.93,1186.4,0
2017-01-10 06:00:00,1186.31,1187.62,1184.76,1185.7,0
2017-01-10 07:00:00,1185.7,1186.89,1183.56,1184.29,0
2017-01-10 08:00:00,1184.28,1185.4,1183.13,1185.34,0
2017-01-10 09:00:00,1185.32,1185.46,1182.81,1184.08,0
2017-01-10 10:00:00,1184.09,1186.08,1182.99,1185.44,0
2017-01-10 11:00:00,1185.45,1185.45,1183.5,1184.22,0
2017-01-10 12:00:00,1184.2,1185.45,1181.39,1182.17,0
2017-01-10 13:00:00,1182.17,1184.48,1181.09,1184.33,0
2017-01-10 14:00:00,1184.33,1190.6,1183.16,1188.9,0
2017-01-10 15:00:00,1188.94,1190.46,1186.77,1188.81,0
2017-01-10 16:00:00,1188.83,1188.97,1186.99,1188.02,0
2017-01-10 17:00:00,1188.03,1188.79,1182.08,1184.29,0
2017-01-10 18:00:00,1184.3,1187.54,1183.2,1186.81,0
2017-01-10 19:00:00,1186.81,1187.29,1186.17,1186.76,0
2017-01-10 20:00:00,1186.71,1187.62,1185.59,1187.19,0
2017-01-10 21:00:00,1187.27,1188.13,1186.94,1187.51,0
2017-01-10 23:00:00,1187.75,1187.83,1186.05,1186.17,0
2017-01-11 00:00:00,1186.17,1189.02,1186.17,1187.79,0
2017-01-11 01:00:00,1187.8,1189.16,1185.69,1188.02,0
2017-01-11 02:00:00,1188.02,1188.31,1186.26,1187.07,0
2017-01-11 03:00:00,1187.1,1188.48,1186.65,1187.6,0
2017-01-11 04:00:00,1187.6,1188.52,1186.91,1188.17,0
2017-01-11 05:00:00,1188.12,1189.16,1187.85,1189.12,0
2017-01-11 06:00:00,1189.12,1190.79,1188.82,1190.43,0
2017-01-11 07:00:00,1190.35,1190.35,1188.1,1188.63,0
2017-01-11 08:00:00,1188.61,1191.37,1187.32,1190.28,0
2017-01-11 09:00:00,1190.26,1190.45,1187.85,1188.47,0
2017-01-11 10:00:00,1188.48,1189.11,1187.02,1188.36,0
2017-01-11 11:00:00,1188.36,1190.23,1187.97,1189.19,0
2017-01-11 12:00:00,1189.15,1189.57,1187.38,1188.68,0
2017-01-11 13:00:00,1188.66,1189.42,1187.06,1188.04,0
2017-01-11 14:00:00,1188.05,1188.54,1179.64,1180.54,0
2017-01-11 15:00:00,1180.53,1180.93,1177.2,1180.47,0
2017-01-11 16:00:00,1180.53,1189.03,1178.47,1183.07,0
2017-01-11 17:00:00,1183.11,1189.67,1180.2,1188.72,0
2017-01-11 18:00:00,1188.68,1198.29,1188.28,1194.96,0
2017-01-11 19:00:00,1194.96,1195.99,1190.2,1191.85,0
2017-01-11 20:00:00,1191.85,1192.18,1189.57,1190.96,0
2017-01-11 21:00:00,1190.97,1192.08,1190.87,1191.5,0
2017-01-11 23:00:00,1191.14,1194.37,1191.09,1193.51,0
2017-01-12 00:00:00,1193.46,1195.25,1192.91,1194.56,0
2017-01-12 01:00:00,1194.56,1196.02,1193.39,1195.4,0
2017-01-12 02:00:00,1195.4,1198.82,1195.21,1197.25,0
2017-01-12 03:00:00,1197.27,1198.23,1196.29,1197.79,0
2017-01-12 04:00:00,1197.78,1198.21,1196.38,1197.26,0
2017-01-12 05:00:00,1197.35,1198.55,1196.56,1198.55,0
2017-01-12 06:00:00,1198.53,1200.98,1197.96,1200.89,0
2017-01-12 07:00:00,1200.89,1201.0,1199.45,1200.02,0
2017-01-12 08:00:00,1200.03,1206.98,1199.64,1204.74,0
2017-01-12 09:00:00,1204.74,1205.54,1202.8,1205.44,0
2017-01-12 10:00:00,1205.45,1206.58,1203.35,1205.2,0
2017-01-12 11:00:00,1205.21,1205.66,1203.35,1204.87,0
2017-01-12 12:00:00,1204.87,1206.35,1203.93,1204.27,0
2017-01-12 13:00:00,1204.27,1205.38,1200.27,1201.2,0
2017-01-12 14:00:00,1201.18,1204.84,1200.21,1204.14,0
2017-01-12 15:00:00,1204.16,1205.97,1199.83,1201.72,0
2017-01-12 16:00:00,1201.73,1204.68,1200.97,1202.38,0
2017-01-12 17:00:00,1202.29,1202.49,1199.73,1200.18,0
2017-01-12 18:00:00,1200.19,1200.7,1197.02,1199.45,0
2017-01-12 19:00:00,1199.45,1199.65,1196.24,1196.31,0
2017-01-12 20:00:00,1196.31,1196.89,1194.38,1195.4,0
2017-01-12 21:00:00,1195.4,1196.65,1195.16,1195.32,0
2017-01-12 23:00:00,1194.86,1196.5,1193.6,1196.39,0
2017-01-13 00:00:00,1196.29,1196.72,1193.65,1194.1,0
2017-01-13 01:00:00,1194.06,1195.63,1192.84,1193.32,0
2017-01-13 02:00:00,1193.32,1193.71,1191.53,1192.02,0
2017-01-13 03:00:00,1192.12,1192.97,1191.35,1192.68,0
2017-01-13 04:00:00,1192.68,1194.46,1192.51,1194.46,0
2017-01-13 05:00:00,1194.46,1194.46,1192.51,1193.95,0
2017-01-13 06:00:00,1193.98,1196.21,1193.38,1195.72,0
2017-01-13 07:00:00,1195.65,1196.77,1194.31,1196.37,0
2017-01-13 08:00:00,1196.37,1197.89,1195.17,1195.81,0
2017-01-13 09:00:00,1195.82,1197.91,1194.45,1197.06,0
2017-01-13 10:00:00,1197.06,1198.65,1196.54,1196.61,0
2017-01-13 11:00:00,1196.62,1198.11,1196.57,1196.97,0
2017-01-13 12:00:00,1197.07,1198.81,1196.48,1197.97,0
2017-01-13 13:00:00,1197.95,1200.9,1195.84,1196.44,0
2017-01-13 14:00:00,1196.47,1197.07,1187.96,1189.53,0
2017-01-13 15:00:00,1189.44,1195.8,1188.79,1194.28,0
2017-01-13 16:00:00,1194.38,1195.98,1192.46,1194.73,0
2017-01-13 17:00:00,1194.7,1197.37,1194.12,1196.4,0
2017-01-13 18:00:00,1196.4,1197.01,1195.02,1196.07,0
2017-01-13 19:00:00,1196.1,1199.38,1196.07,1197.89,0
2017-01-13 20:00:00,1197.91,1199.0,1197.15,1198.25,0
2017-01-13 21:00:00,1198.26,1198.33,1197.14,1197.28,0
2017-01-15 23:00:00,1200.34,1205.2,1198.21,1203.44,0
2017-01-16 00:00:00,1203.45,1203.46,1201.42,1201.66,0
2017-01-16 01:00:00,1201.7,1202.6,1200.24,1201.42,0
2017-01-16 02:00:00,1201.4,1204.39,1200.68,1203.59,0
2017-01-16 03:00:00,1203.58,1204.4,1202.46,1203.16,0
2017-01-16 04:00:00,1203.13,1203.49,1202.37,1203.46,0
2017-01-16 05:00:00,1203.48,1204.37,1202.76,1204.01,0
2017-01-16 06:00:00,1204.0,1208.57,1203.69,1206.13,0
2017-01-16 07:00:00,1206.12,1206.53,1203.96,1204.16,0
2017-01-16 08:00:00,1204.06,1204.67,1201.88,1202.02,0
2017-01-16 09:00:00,1202.06,1202.67,1201.25,1202.15,0
2017-01-16 10:00:00,1202.1,1203.63,1201.42,1202.19,0
2017-01-16 11:00:00,1202.19,1204.34,1201.85,1204.2,0
2017-01-16 12:00:00,1204.18,1204.61,1202.66,1203.45,0
2017-01-16 13:00:00,1203.45,1203.97,1202.52,1202.89,0
2017-01-16 14:00:00,1202.89,1204.05,1201.82,1203.76,0
2017-01-16 15:00:00,1203.74,1204.36,1202.49,1203.26,0
2017-01-16 16:00:00,1203.27,1203.46,1201.87,1202.87,0
2017-01-16 17:00:00,1202.87,1203.03,1202.56,1202.64,0
2017-01-16 23:00:00,1202.94,1203.79,1202.7,1203.24,0
2017-01-17 00:00:00,1203.15,1205.28,1203.15,1204.03,0
2017-01-17 01:00:00,1204.03,1205.05,1203.35,1203.87,0
2017-01-17 02:00:00,1203.87,1206.41,1203.75,1206.14,0
2017-01-17 03:00:00,1206.13,1206.46,1205.47,1206.21,0
2017-01-17 04:00:00,1206.19,1207.43,1205.79,1206.61,0
2017-01-17 05:00:00,1206.61,1212.32,1206.61,1211.88,0
2017-01-17 06:00:00,1211.88,1212.92,1210.04,1211.5,0
2017-01-17 07:00:00,1211.52,1211.97,1209.53,1210.93,0
2017-01-17 08:00:00,1210.93,1215.02,1210.71,1212.59,0
2017-01-17 09:00:00,1212.64,1217.99,1212.17,1216.97,0
2017-01-17 10:00:00,1216.92,1217.32,1214.22,1217.03,0
2017-01-17 11:00:00,1217.06,1218.83,1214.42,1215.53,0
2017-01-17 12:00:00,1215.57,1216.64,1210.67,1211.16,0
2017-01-17 13:00:00,1211.16,1216.47,1211.15,1216.41,0
2017-01-17 14:00:00,1216.41,1217.29,1214.14,1216.15,0
2017-01-17 15:00:00,1216.2,1216.52,1212.67,1213.0,0
2017-01-17 16:00:00,1213.05,1215.83,1212.54,1212.69,0
2017-01-17 17:00:00,1212.7,1213.69,1212.07,1213.29,0
2017-01-17 18:00:00,1213.29,1214.58,1212.54,1214.38,0
2017-01-17 19:00:00,1214.39,1216.78,1214.38,1215.89,0
2017-01-17 20:00:00,1215.89,1216.18,1215.06,1215.61,0
2017-01-17 21:00:00,1215.65,1216.99,1215.45,1216.9,0
2017-01-17 23:00:00,1217.59,1217.59,1214.77,1215.14,0
2017-01-18 00:00:00,1215.09,1216.93,1214.63,1216.69,0
2017-01-18 01:00:00,1216.67,1217.55,1213.05,1214.56,0
2017-01-18 02:00:00,1214.54,1214.8,1213.55,1214.52,0
2017-01-18 03:00:00,1214.56,1216.04,1214.44,1215.25,0
2017-01-18 04:00:00,1215.24,1215.57,1214.44,1214.84,0
2017-01-18 05:00:00,1214.88,1215.1,1211.01,1212.18,0
2017-01-18 06:00:00,1212.21,1214.05,1211.56,1213.4,0
2017-01-18 07:00:00,1213.4,1213.4,1210.09,1211.38,0
2017-01-18 08:00:00,1211.37,1214.14,1210.85,1212.39,0
2017-01-18 09:00:00,1212.38,1214.07,1212.12,1214.02,0
2017-01-18 10:00:00,1214.01,1214.85,1211.5,1212.31,0
2017-01-18 11:00:00,1212.31,1213.35,1211.33,1213.28,0
2017-01-18 12:00:00,1213.28,1214.06,1211.95,1212.05,0
2017-01-18 13:00:00,1212.06,1214.4,1211.44,1213.42,0
2017-01-18 14:00:00,1213.42,1216.1,1213.1,1214.43,0
2017-01-18 15:00:00,1214.45,1216.56,1213.54,1215.44,0
2017-01-18 16:00:00,1215.47,1215.78,1212.76,1213.95,0
2017-01-18 17:00:00,1213.95,1214.11,1212.61,1212.72,0
2017-01-18 18:00:00,1212.81,1212.95,1209.62,1210.24,0
2017-01-18 19:00:00,1210.18,1210.26,1208.48,1209.9,0
2017-01-18 20:00:00,1209.88,1209.88,1202.43,1205.55,0
2017-01-18 21:00:00,1205.61,1205.87,1203.51,1203.91,0
2017-01-18 23:00:00,1203.4,1205.18,1201.82,1203.05,0
2017-01-19 00:00:00,1203.09,1204.94,1202.5,1203.79,0
2017-01-19 01:00:00,1203.79,1204.86,1197.58,1198.53,0
2017-01-19 02:00:00,1198.52,1201.74,1198.26,1201.16,0
2017-01-19 03:00:00,1201.16,1203.13,1200.88,1201.95,0
2017-01-19 04:00:00,1201.94,1203.62,1201.94,1203.35,0
2017-01-19 05:00:00,1203.35,1203.46,1201.35,1202.5,0
2017-01-19 06:00:00,1202.5,1202.65,1201.05,1202.1,0
2017-01-19 07:00:00,1202.07,1202.32,1198.84,1199.62,0
2017-01-19 08:00:00,1199.64,1203.49,1198.28,1203.27,0
2017-01-19 09:00:00,1203.17,1205.82,1202.16,1204.3,0
2017-01-19 10:00:00,1204.3,1204.72,1201.8,1202.59,0
2017-01-19 11:00:00,1202.64,1203.74,1202.35,1202.98,0
2017-01-19 12:00:00,1202.98,1204.56,1202.78,1204.45,0
2017-01-19 13:00:00,1204.46,1205.86,1199.75,1201.61,0
2017-01-19 14:00:00,1201.65,1202.33,1196.09,1196.52,0
2017-01-19 15:00:00,1196.48,1200.58,1195.88,1199.59,0
2017-01-19 16:00:00,1199.51,1203.07,1199.51,1200.04,0
2017-01-19 17:00:00,1200.04,1200.86,1198.32,1200.09,0
2017-01-19 18:00:00,1200.09,1202.63,1199.01,1200.78,0
2017-01-19 19:00:00,1200.77,1205.73,1200.28,1205.57,0
2017-01-19 20:00:00,1205.59,1206.52,1204.48,1204.74,0
2017-01-19 21:00:00,1204.66,1205.41,1204.46,1204.58,0
2017-01-19 23:00:00,1204.71,1204.78,1202.58,1203.69,0
2017-01-20 00:00:00,1203.68,1204.94,1203.22,1203.5,0
2017-01-20 01:00:00,1203.48,1208.04,1203.15,1207.55,0
2017-01-20 02:00:00,1207.52,1207.94,1205.81,1206.91,0
2017-01-20 03:00:00,1206.92,1208.41,1206.92,1208.05,0
2017-01-20 04:00:00,1208.06,1208.06,1206.85,1207.32,0
2017-01-20 05:00:00,1207.28,1207.67,1206.21,1206.77,0
2017-01-20 06:00:00,1206.77,1208.05,1206.72,1207.84,0
2017-01-20 07:00:00,1207.87,1209.08,1205.67,1205.97,0
2017-01-20 08:00:00,1205.91,1207.07,1202.07,1202.24,0
2017-01-20 09:00:00,1202.2,1203.66,1200.6,1201.42,0
2017-01-20 10:00:00,1201.45,1201.75,1198.64,1199.86,0
2017-01-20 11:00:00,1199.89,1200.86,1199.23,1200.86,0
2017-01-20 12:00:00,1200.84,1203.05,1200.24,1200.39,0
2017-01-20 13:00:00,1200.43,1203.98,1200.35,1203.9,0
2017-01-20 14:00:00,1203.82,1204.21,1199.85,1200.72,0
2017-01-20 15:00:00,1200.72,1205.36,1200.56,1203.76,0
2017-01-20 16:00:00,1203.76,1204.38,1200.8,1203.58,0
2017-01-20 17:00:00,1203.58,1207.49,1202.1,1205.39,0
2017-01-20 18:00:00,1205.29,1206.49,1203.84,1206.15,0
2017-01-20 19:00:00,1206.16,1214.98,1206.07,1212.64,0
2017-01-20 20:00:00,1212.74,1212.94,1207.26,1207.51,0
2017-01-20 21:00:00,1207.55,1210.45,1207.24,1209.03,0
2017-01-22 23:00:00,1209.65,1215.74,1209.65,1215.46,0
2017-01-23 00:00:00,1215.51,1216.29,1214.38,1215.17,0
2017-01-23 01:00:00,1215.22,1217.91,1214.68,1217.87,0
2017-01-23 02:00:00,1217.85,1219.5,1217.37,1218.19,0
2017-01-23 03:00:00,1218.18,1218.52,1216.63,1216.73,0
2017-01-23 04:00:00,1216.69,1216.79,1214.22,1214.3,0
2017-01-23 05:00:00,1214.3,1216.87,1213.81,1216.57,0
2017-01-23 06:00:00,1216.63,1217.53,1215.71,1215.79,0
2017-01-23 07:00:00,1215.7,1216.61,1213.01,1213.8,0
2017-01-23 08:00:00,1213.84,1215.12,1211.75,1212.0,0
2017-01-23 09:00:00,1211.99,1212.52,1210.5,1212.1,0
2017-01-23 10:00:00,1212.08,1214.77,1212.08,1213.26,0
2017-01-23 11:00:00,1213.26,1213.3,1211.29,1212.86,0
2017-01-23 12:00:00,1212.86,1215.11,1212.75,1214.28,0
2017-01-23 13:00:00,1214.28,1215.56,1211.78,1214.32,0
2017-01-23 14:00:00,1214.31,1215.0,1209.32,1212.89,0
2017-01-23 15:00:00,1212.85,1217.84,1212.61,1217.64,0
2017-01-23 16:00:00,1217.61,1219.16,1215.12,1217.84,0
2017-01-23 17:00:00,1217.82,1218.28,1214.82,1215.14,0
2017-01-23 18:00:00,1215.14,1215.96,1214.36,1215.83,0
2017-01-23 19:00:00,1215.82,1217.18,1215.5,1216.2,0
2017-01-23 20:00:00,1216.18,1216.74,1214.95,1215.43,0
2017-01-23 21:00:00,1215.38,1218.19,1215.22,1218.04,0
2017-01-23 23:00:00,1218.57,1220.08,1216.91,1217.41,0
2017-01-24 00:00:00,1217.37,1218.18,1216.54,1217.97,0
2017-01-24 01:00:00,1217.88,1217.88,1216.07,1216.92,0
2017-01-24 02:00:00,1216.93,1218.18,1216.77,1217.47,0
2017-01-24 03:00:00,1217.46,1218.58,1217.06,1217.26,0
2017-01-24 04:00:00,1217.22,1217.54,1215.35,1215.65,0
2017-01-24 05:00:00,1215.65,1216.92,1215.15,1216.06,0
2017-01-24 06:00:00,1215.97,1216.46,1214.21,1214.92,0
2017-01-24 07:00:00,1214.88,1216.04,1212.47,1213.17,0
2017-01-24 08:00:00,1213.17,1214.03,1212.63,1213.72,0
2017-01-24 09:00:00,1213.81,1214.24,1212.24,1213.05,0
2017-01-24 10:00:00,1213.12,1213.71,1211.69,1212.13,0
2017-01-24 11:00:00,1212.12,1214.03,1211.72,1213.93,0
2017-01-24 12:00:00,1213.93,1214.11,1212.89,1213.18,0
2017-01-24 13:00:00,1213.19,1214.65,1212.46,1213.6,0
2017-01-24 14:00:00,1213.64,1216.92,1213.57,1216.88,0
2017-01-24 15:00:00,1216.83,1217.71,1213.65,1214.27,0
2017-01-24 16:00:00,1214.27,1214.68,1211.57,1212.53,0
2017-01-24 17:00:00,1212.54,1213.9,1212.24,1212.65,0
2017-01-24 18:00:00,1212.62,1212.87,1209.65,1210.45,0
2017-01-24 19:00:00,1210.45,1210.45,1207.31,1207.31,0
2017-01-24 20:00:00,1207.41,1209.9,1206.62,1209.86,0
2017-01-24 21:00:00,1209.85,1209.92,1208.51,1208.93,0
2017-01-24 23:00:00,1208.95,1209.61,1208.52,1209.18,0
2017-01-25 00:00:00,1209.19,1209.82,1208.31,1209.06,0
2017-01-25 01:00:00,1208.97,1209.5,1207.55,1208.32,0
2017-01-25 02:00:00,1208.32,1209.35,1207.67,1207.67,0
2017-01-25 03:00:00,1207.67,1207.92,1205.16,1205.58,0
2017-01-25 04:00:00,1205.58,1206.02,1204.88,1205.39,0
2017-01-25 05:00:00,1205.4,1205.51,1203.38,1203.49,0
2017-01-25 06:00:00,1203.49,1203.9,1202.73,1203.39,0
2017-01-25 07:00:00,1203.44,1205.6,1202.64,1204.04,0
2017-01-25 08:00:00,1204.14,1205.29,1201.05,1201.74,0
2017-01-25 09:00:00,1201.76,1204.4,1201.02,1203.81,0
2017-01-25 10:00:00,1203.81,1204.35,1202.95,1204.11,0
2017-01-25 11:00:00,1204.08,1205.11,1203.78,1204.79,0
2017-01-25 12:00:00,1204.82,1207.85,1204.41,1204.96,0
2017-01-25 13:00:00,1204.96,1205.78,1202.52,1203.23,0
2017-01-25 14:00:00,1203.25,1203.25,1193.29,1196.03,0
2017-01-25 15:00:00,1195.93,1199.38,1195.68,1196.8,0
2017-01-25 16:00:00,1196.9,1201.27,1195.91,1200.4,0
2017-01-25 17:00:00,1200.41,1200.51,1194.95,1197.74,0
2017-01-25 18:00:00,1197.74,1198.93,1196.49,1197.09,0
2017-01-25 19:00:00,1197.09,1198.51,1195.9,1198.39,0
2017-01-25 20:00:00,1198.34,1200.28,1198.03,1199.94,0
2017-01-25 21:00:00,1199.93,1200.9,1199.54,1200.03,0
2017-01-25 23:00:00,1201.08,1201.58,1199.77,1200.98,0
2017-01-26 00:00:00,1200.97,1202.59,1200.79,1201.59,0
2017-01-26 01:00:00,1201.6,1201.91,1198.9,1200.15,0
2017-01-26 02:00:00,1200.14,1200.26,1198.04,1198.57,0
2017-01-26 03:00:00,1198.61,1199.63,1198.24,1199.03,0
2017-01-26 04:00:00,1199.05,1199.26,1197.81,1198.81,0
2017-01-26 05:00:00,1198.81,1199.24,1197.57,1198.76,0
2017-01-26 06:00:00,1198.76,1198.76,1195.95,1196.45,0
2017-01-26 07:00:00,1196.37,1197.3,1195.85,1196.28,0
2017-01-26 08:00:00,1196.29,1198.14,1195.68,1197.71,0
2017-01-26 09:00:00,1197.71,1198.26,1191.71,1192.72,0
2017-01-26 10:00:00,1192.71,1194.54,1191.98,1192.91,0
2017-01-26 11:00:00,1192.91,1193.8,1191.49,1192.44,0
2017-01-26 12:00:00,1192.39,1192.42,1187.62,1187.73,0
2017-01-26 13:00:00,1187.68,1190.92,1185.63,1189.78,0
2017-01-26 14:00:00,1189.78,1191.45,1186.84,1189.68,0
2017-01-26 15:00:00,1189.71,1190.87,1184.49,1186.52,0
2017-01-26 16:00:00,1186.52,1187.91,1185.25,1186.43,0
2017-01-26 17:00:00,1186.4,1187.79,1186.06,1187.02,0
2017-01-26 18:00:00,1186.96,1191.25,1186.96,1189.8,0
2017-01-26 19:00:00,1189.79,1190.23,1188.7,1189.42,0
2017-01-26 20:00:00,1189.4,1190.09,1187.83,1188.97,0
2017-01-26 21:00:00,1188.95,1189.1,1187.97,1188.56,0
2017-01-26 23:00:00,1189.14,1189.36,1187.28,1188.29,0
2017-01-27 00:00:00,1188.28,1188.45,1186.89,1186.9,0
2017-01-27 01:00:00,1186.9,1187.56,1184.64,1186.06,0
2017-01-27 02:00:00,1186.05,1186.72,1185.26,1185.74,0
2017-01-27 03:00:00,1185.75,1185.86,1183.46,1183.92,0
2017-01-27 04:00:00,1183.93,1184.46,1183.47,1183.93,0
2017-01-27 05:00:00,1183.91,1184.09,1183.04,1183.54,0
2017-01-27 06:00:00,1183.55,1183.59,1181.79,1182.07,0
2017-01-27 07:00:00,1182.1,1183.72,1181.32,1182.24,0
2017-01-27 08:00:00,1182.25,1184.55,1181.84,1181.91,0
2017-01-27 09:00:00,1181.96,1184.76,1181.81,1184.14,0
2017-01-27 10:00:00,1184.14,1184.99,1182.81,1183.8,0
2017-01-27 11:00:00,1183.8,1186.16,1183.45,1184.6,0
2017-01-27 12:00:00,1184.6,1184.63,1181.74,1182.36,0
2017-01-27 13:00:00,1182.34,1186.98,1180.63,1183.98,0
2017-01-27 14:00:00,1184.05,1187.98,1184.03,1185.41,0
2017-01-27 15:00:00,1185.37,1188.73,1184.1,1187.86,0
2017-01-27 16:00:00,1187.86,1190.15,1187.11,1187.93,0
2017-01-27 17:00:00,1187.92,1188.6,1186.9,1188.6,0
2017-01-27 18:00:00,1188.59,1189.63,1188.15,1189.56,0
2017-01-27 19:00:00,1189.56,1191.58,1189.35,1191.38,0
2017-01-27 20:00:00,1191.34,1191.62,1189.73,1190.92,0
2017-01-27 21:00:00,1190.92,1191.63,1190.65,1191.06,0
2017-01-29 23:00:00,1192.89,1194.65,1191.14,1194.19,0
2017-01-30 00:00:00,1194.1,1194.73,1192.95,1193.53,0
2017-01-30 01:00:00,1193.53,1195.7,1193.5,1195.24,0
2017-01-30 02:00:00,1195.23,1195.34,1194.22,1194.32,0
2017-01-30 03:00:00,1194.32,1194.84,1193.86,1194.16,0
2017-01-30 04:00:00,1194.12,1194.4,1193.62,1193.72,0
2017-01-30 05:00:00,1193.8,1194.04,1192.66,1192.84,0
2017-01-30 06:00:00,1192.8,1193.22,1191.85,1192.12,0
2017-01-30 07:00:00,1192.08,1192.53,1190.95,1191.46,0
2017-01-30 08:00:00,1191.45,1191.45,1189.16,1189.96,0
2017-01-30 09:00:00,1190.06,1190.28,1188.59,1188.94,0
2017-01-30 10:00:00,1188.93,1192.03,1188.33,1191.6,0
2017-01-30 11:00:00,1191.6,1191.6,1190.1,1190.63,0
2017-01-30 12:00:00,1190.54,1191.77,1189.89,1191.17,0
2017-01-30 13:00:00,1191.21,1194.17,1190.38,1193.38,0
2017-01-30 14:00:00,1193.37,1194.56,1191.68,1193.17,0
2017-01-30 15:00:00,1193.27,1199.44,1192.35,1198.2,0
2017-01-30 16:00:00,1198.28,1198.99,1194.83,1195.01,0
2017-01-30 17:00:00,1195.0,1197.92,1194.75,1197.26,0
2017-01-30 18:00:00,1197.26,1197.47,1193.8,1194.98,0
2017-01-30 19:00:00,1194.98,1195.53,1193.04,1195.31,0
2017-01-30 20:00:00,1195.26,1196.74,1194.96,1195.82,0
2017-01-30 21:00:00,1195.82,1195.82,1195.03,1195.31,0
2017-01-30 23:00:00,1195.62,1197.32,1193.76,1196.63,0
2017-01-31 00:00:00,1196.68,1197.66,1196.26,1196.46,0
2017-01-31 01:00:00,1196.55,1197.92,1196.14,1197.61,0
2017-01-31 02:00:00,1197.6,1199.78,1197.46,1199.65,0
2017-01-31 03:00:00,1199.64,1201.86,1199.38,1201.17,0
2017-01-31 04:00:00,1201.2,1203.05,1201.16,1201.45,0
2017-01-31 05:00:00,1201.46,1202.4,1201.11,1201.22,0
2017-01-31 06:00:00,1201.19,1201.66,1199.65,1199.75,0
2017-01-31 07:00:00,1199.78,1201.78,1199.53,1201.52,0
2017-01-31 08:00:00,1201.52,1201.52,1196.26,1196.61,0
2017-01-31 09:00:00,1196.62,1198.44,1196.52,1198.13,0
2017-01-31 10:00:00,1198.13,1199.12,1197.36,1198.43,0
2017-01-31 11:00:00,1198.43,1204.42,1197.51,1204.22,0
2017-01-31 12:00:00,1204.22,1206.78,1203.65,1204.85,0
2017-01-31 13:00:00,1204.86,1205.59,1203.23,1204.05,0
2017-01-31 14:00:00,1204.05,1214.35,1203.94,1212.86,0
2017-01-31 15:00:00,1212.84,1215.36,1211.76,1212.49,0
2017-01-31 16:00:00,1212.58,1213.48,1209.94,1213.1,0
2017-01-31 17:00:00,1213.1,1213.4,1208.8,1210.52,0
2017-01-31 18:00:00,1210.53,1212.75,1208.81,1212.23,0
2017-01-31 19:00:00,1212.18,1214.82,1211.73,1212.88,0
2017-01-31 20:00:00,1212.92,1213.07,1210.37,1212.11,0
2017-01-31 21:00:00,1212.13,1212.16,1210.19,1210.55,0
2017-01-31 23:00:00,1211.1,1213.23,1210.48,1211.65,0
2017-02-01 00:00:00,1211.65,1211.76,1210.05,1211.36,0
2017-02-01 01:00:00,1211.36,1211.67,1209.42,1209.58,0
2017-02-01 02:00:00,1209.58,1211.06,1209.02,1210.26,0
2017-02-01 03:00:00,1210.26,1211.27,1209.23,1209.66,0
2017-02-01 04:00:00,1209.64,1210.03,1208.36,1208.54,0
2017-02-01 05:00:00,1208.57,1209.3,1208.08,1208.87,0
2017-02-01 06:00:00,1208.92,1209.33,1206.9,1207.28,0
2017-02-01 07:00:00,1207.27,1209.27,1207.09,1207.69,0
2017-02-01 08:00:00,1207.69,1211.89,1207.16,1211.69,0
2017-02-01 09:00:00,1211.73,1212.4,1210.83,1210.96,0
2017-02-01 10:00:00,1210.96,1211.22,1209.81,1211.19,0
2017-02-01 11:00:00,1211.17,1211.73,1210.21,1211.63,0
2017-02-01 12:00:00,1211.63,1211.67,1210.37,1210.58,0
2017-02-01 13:00:00,1210.58,1211.0,1204.85,1205.86,0
2017-02-01 14:00:00,1205.77,1206.14,1202.65,1205.46,0
2017-02-01 15:00:00,1205.29,1205.29,1198.2,1203.46,0
2017-02-01 16:00:00,1203.46,1205.82,1202.27,1204.68,0
2017-02-01 17:00:00,1204.68,1205.18,1202.36,1204.68,0
2017-02-01 18:00:00,1204.65,1207.5,1203.88,1204.23,0
2017-02-01 19:00:00,1203.81,1211.62,1202.89,1209.05,0
2017-02-01 20:00:00,1209.03,1209.72,1207.59,1208.88,0
2017-02-01 21:00:00,1208.94,1209.86,1208.48,1209.61,0
2017-02-01 23:00:00,1209.42,1210.74,1208.43,1209.79,0
2017-02-02 00:00:00,1209.71,1213.87,1209.68,1213.13,0
2017-02-02 01:00:00,1213.22,1213.81,1211.56,1212.92,0
2017-02-02 02:00:00,1212.92,1214.5,1212.33,1213.89,0
2017-02-02 03:00:00,1213.89,1216.86,1213.87,1216.24,0
2017-02-02 04:00:00,1216.26,1216.27,1214.62,1214.94,0
2017-02-02 05:00:00,1215.06,1217.22,1215.04,1216.37,0
2017-02-02 06:00:00,1216.32,1216.48,1213.34,1213.68,0
2017-02-02 07:00:00,1213.66,1215.29,1211.81,1214.29,0
2017-02-02 08:00:00,1214.2,1218.11,1213.7,1217.51,0
2017-02-02 09:00:00,1217.54,1217.85,1216.23,1217.56,0
2017-02-02 10:00:00,1217.56,1223.89,1217.26,1222.33,0
2017-02-02 11:00:00,1222.33,1222.59,1220.51,1221.9,0
2017-02-02 12:00:00,1221.91,1222.4,1219.59,1220.2,0
2017-02-02 13:00:00,1220.16,1225.35,1220.06,1223.69,0
2017-02-02 14:00:00,1223.73,1223.77,1220.04,1221.62,0
2017-02-02 15:00:00,1221.62,1222.08,1216.35,1216.95,0
2017-02-02 16:00:00,1217.02,1218.88,1215.32,1218.28,0
2017-02-02 17:00:00,1218.28,1218.57,1213.7,1215.49,0
2017-02-02 18:00:00,1215.49,1218.13,1215.09,1216.01,0
2017-02-02 19:00:00,1215.92,1216.74,1215.24,1216.14,0
2017-02-02 20:00:00,1216.13,1216.29,1215.04,1215.73,0
2017-02-02 21:00:00,1215.73,1216.45,1215.33,1215.75,0
2017-02-02 23:00:00,1214.88,1215.59,1214.17,1214.64,0
2017-02-03 00:00:00,1214.69,1215.0,1212.53,1213.19,0
2017-02-03 01:00:00,1213.22,1216.83,1212.24,1215.7,0
2017-02-03 02:00:00,1215.71,1215.92,1212.59,1213.71,0
2017-02-03 03:00:00,1213.69,1214.15,1211.02,1212.21,0
2017-02-03 04:00:00,1212.15,1214.28,1212.0,1213.55,0
2017-02-03 05:00:00,1213.53,1214.13,1212.91,1213.33,0
2017-02-03 06:00:00,1213.33,1213.98,1212.82,1213.21,0
2017-02-03 07:00:00,1213.21,1215.2,1212.69,1213.98,0
2017-02-03 08:00:00,1213.98,1214.69,1212.59,1213.62,0
2017-02-03 09:00:00,1213.62,1214.09,1212.97,1213.84,0
2017-02-03 10:00:00,1213.84,1214.16,1213.05,1213.3,0
2017-02-03 11:00:00,1213.3,1213.77,1211.53,1211.89,0
2017-02-03 12:00:00,1211.81,1212.58,1211.08,1211.87,0
2017-02-03 13:00:00,1211.96,1216.89,1207.0,1215.3,0
2017-02-03 14:00:00,1215.4,1218.59,1214.52,1215.36,0
2017-02-03 15:00:00,1215.34,1221.43,1215.34,1219.34,0
2017-02-03 16:00:00,1219.24,1220.73,1217.7,1220.49,0
2017-02-03 17:00:00,1220.57,1221.04,1218.53,1218.78,0
2017-02-03 18:00:00,1218.79,1220.04,1215.92,1217.31,0
2017-02-03 19:00:00,1217.32,1217.94,1214.67,1216.53,0
2017-02-03 20:00:00,1216.47,1219.63,1216.34,1219.11,0
2017-02-03 21:00:00,1219.09,1220.28,1218.84,1220.28,0
2017-02-05 23:00:00,1220.14,1224.67,1219.2,1220.88,0
2017-02-06 00:00:00,1220.89,1223.86,1220.13,1223.77,0
2017-02-06 01:00:00,1223.77,1225.1,1223.42,1224.02,0
2017-02-06 02:00:00,1224.03,1224.46,1222.91,1223.11,0
2017-02-06 03:00:00,1223.09,1224.2,1222.98,1223.38,0
2017-02-06 04:00:00,1223.39,1223.75,1222.6,1223.1,0
2017-02-06 05:00:00,1223.09,1223.88,1222.99,1223.57,0
2017-02-06 06:00:00,1223.57,1225.05,1223.47,1223.82,0
2017-02-06 07:00:00,1223.78,1223.86,1221.64,1222.58,0
2017-02-06 08:00:00,1222.58,1224.69,1222.17,1223.5,0
2017-02-06 09:00:00,1223.48,1224.08,1222.66,1223.06,0
2017-02-06 10:00:00,1223.06,1223.17,1221.74,1222.48,0
2017-02-06 11:00:00,1222.48,1226.81,1222.35,1226.04,0
2017-02-06 12:00:00,1226.01,1228.85,1225.72,1228.6,0
2017-02-06 13:00:00,1228.63,1230.16,1227.32,1229.3,0
2017-02-06 14:00:00,1229.29,1229.35,1226.34,1226.9,0
2017-02-06 15:00:00,1226.98,1228.97,1225.33,1228.77,0
2017-02-06 16:00:00,1228.77,1230.16,1227.66,1228.68,0
2017-02-06 17:00:00,1228.68,1230.99,1228.49,1230.7,0
2017-02-06 18:00:00,1230.71,1232.33,1229.92,1231.79,0
2017-02-06 19:00:00,1231.79,1233.82,1231.37,1233.43,0
2017-02-06 20:00:00,1233.38,1235.66,1233.01,1235.0,0
2017-02-06 21:00:00,1235.03,1235.57,1234.45,1235.31,0
2017-02-06 23:00:00,1234.84,1234.85,1233.29,1233.38,0
2017-02-07 00:00:00,1233.4,1235.57,1232.6,1234.06,0
2017-02-07 01:00:00,1234.06,1234.06,1231.78,1232.1,0
2017-02-07 02:00:00,1232.09,1233.11,1232.01,1232.53,0
2017-02-07 03:00:00,1232.53,1232.87,1231.49,1232.11,0
2017-02-07 04:00:00,1232.09,1233.55,1232.08,1232.55,0
2017-02-07 05:00:00,1232.56,1234.47,1232.48,1234.14,0
2017-02-07 06:00:00,1234.14,1234.99,1233.02,1233.09,0
2017-02-07 07:00:00,1233.13,1234.25,1230.31,1230.79,0
2017-02-07 08:00:00,1230.77,1231.76,1228.59,1231.66,0
2017-02-07 09:00:00,1231.66,1231.66,1228.55,1229.04,0
2017-02-07 10:00:00,1229.02,1231.23,1228.65,1230.46,0
2017-02-07 11:00:00,1230.42,1230.49,1228.01,1229.2,0
2017-02-07 12:00:00,1229.22,1232.03,1229.11,1231.01,0
2017-02-07 13:00:00,1231.01,1231.19,1227.77,1230.65,0
2017-02-07 14:00:00,1230.58,1232.25,1229.8,1230.93,0
2017-02-07 15:00:00,1230.93,1234.79,1230.5,1234.79,0
2017-02-07 16:00:00,1234.79,1235.07,1232.43,1233.21,0
2017-02-07 17:00:00,1233.31,1235.76,1233.09,1234.72,0
2017-02-07 18:00:00,1234.77,1235.77,1233.83,1234.14,0
2017-02-07 19:00:00,1234.16,1234.36,1232.88,1233.09,0
2017-02-07 20:00:00,1233.09,1234.13,1232.37,1233.0,0
2017-02-07 21:00:00,1233.0,1234.05,1232.9,1233.57,0
2017-02-07 23:00:00,1233.49,1234.02,1232.0,1232.08,0
2017-02-08 00:00:00,1232.05,1232.06,1230.06,1231.86,0
2017-02-08 01:00:00,1231.91,1234.63,1230.98,1233.93,0
2017-02-08 02:00:00,1233.95,1235.2,1233.65,1234.66,0
2017-02-08 03:00:00,1234.66,1235.46,1234.14,1234.73,0
2017-02-08 04:00:00,1234.73,1234.93,1232.47,1232.83,0
2017-02-08 05:00:00,1232.85,1233.34,1232.27,1232.93,0
2017-02-08 06:00:00,1232.91,1233.83,1230.91,1230.96,0
2017-02-08 07:00:00,1230.99,1233.2,1230.63,1231.78,0
2017-02-08 08:00:00,1231.79,1238.47,1231.48,1237.05,0
2017-02-08 09:00:00,1237.05,1237.61,1235.5,1235.6,0
2017-02-08 10:00:00,1235.62,1237.02,1234.89,1236.51,0
2017-02-08 11:00:00,1236.52,1238.13,1236.0,1237.06,0
2017-02-08 12:00:00,1237.08,1240.17,1236.77,1239.81,0
2017-02-08 13:00:00,1239.86,1240.68,1237.79,1238.86,0
2017-02-08 14:00:00,1238.87,1244.74,1238.87,1242.37,0
2017-02-08 15:00:00,1242.37,1242.72,1240.29,1241.72,0
2017-02-08 16:00:00,1241.72,1242.86,1239.91,1242.63,0
2017-02-08 17:00:00,1242.63,1243.14,1241.53,1242.64,0
2017-02-08 18:00:00,1242.64,1242.67,1236.72,1238.1,0
2017-02-08 19:00:00,1238.09,1239.88,1237.99,1239.52,0
2017-02-08 20:00:00,1239.54,1240.87,1239.33,1240.43,0
2017-02-08 21:00:00,1240.46,1242.35,1240.2,1241.47,0
2017-02-08 23:00:00,1241.12,1241.37,1239.13,1239.89,0
2017-02-09 00:00:00,1239.9,1240.77,1239.01,1239.73,0
2017-02-09 01:00:00,1239.73,1240.32,1238.83,1239.81,0
2017-02-09 02:00:00,1239.8,1240.65,1239.04,1240.44,0
2017-02-09 03:00:00,1240.44,1242.38,1240.25,1241.91,0
2017-02-09 04:00:00,1241.91,1241.94,1241.0,1241.31,0
2017-02-09 05:00:00,1241.3,1241.82,1240.52,1240.93,0
2017-02-09 06:00:00,1240.93,1241.42,1239.31,1239.41,0
2017-02-09 07:00:00,1239.41,1240.58,1239.37,1239.87,0
2017-02-09 08:00:00,1239.87,1243.42,1239.58,1241.92,0
2017-02-09 09:00:00,1241.94,1243.82,1241.42,1242.62,0
2017-02-09 10:00:00,1242.61,1242.64,1241.35,1241.71,0
2017-02-09 11:00:00,1241.71,1242.04,1236.81,1238.9,0
2017-02-09 12:00:00,1238.9,1239.9,1238.22,1238.73,0
2017-02-09 13:00:00,1238.73,1240.91,1238.63,1239.78,0
2017-02-09 14:00:00,1239.78,1244.52,1237.1,1238.09,0
2017-02-09 15:00:00,1237.99,1237.99,1231.53,1234.24,0
2017-02-09 16:00:00,1234.24,1235.4,1230.48,1231.5,0
2017-02-09 17:00:00,1231.5,1234.37,1231.3,1233.38,0
2017-02-09 18:00:00,1233.38,1235.82,1232.77,1234.93,0
2017-02-09 19:00:00,1234.93,1235.5,1231.49,1231.81,0
2017-02-09 20:00:00,1231.81,1231.89,1230.31,1231.48,0
2017-02-09 21:00:00,1231.45,1231.76,1225.39,1228.57,0
2017-02-09 23:00:00,1228.23,1229.26,1225.2,1226.53,0
2017-02-10 00:00:00,1226.54,1226.88,1223.67,1225.6,0
2017-02-10 01:00:00,1225.6,1226.38,1222.2,1225.23,0
2017-02-10 02:00:00,1225.24,1225.51,1224.18,1224.67,0
2017-02-10 03:00:00,1224.63,1225.81,1224.36,1224.83,0
2017-02-10 04:00:00,1224.83,1225.16,1223.93,1224.15,0
2017-02-10 05:00:00,1224.15,1224.53,1223.63,1224.34,0
2017-02-10 06:00:00,1224.33,1224.45,1223.12,1224.17,0
2017-02-10 07:00:00,1224.17,1224.95,1221.73,1221.99,0
2017-02-10 08:00:00,1221.98,1225.51,1221.68,1224.97,0
2017-02-10 09:00:00,1224.99,1226.12,1224.43,1224.94,0
2017-02-10 10:00:00,1224.91,1227.2,1224.11,1227.06,0
2017-02-10 11:00:00,1227.03,1227.79,1225.87,1226.77,0
2017-02-10 12:00:00,1226.87,1227.27,1225.25,1226.2,0
2017-02-10 13:00:00,1226.19,1228.54,1225.29,1225.58,0
2017-02-10 14:00:00,1225.58,1228.98,1223.94,1228.21,0
2017-02-10 15:00:00,1228.19,1233.11,1228.19,1230.01,0
2017-02-10 16:00:00,1230.03,1234.91,1229.9,1234.38,0
2017-02-10 17:00:00,1234.38,1235.38,1231.57,1232.67,0
2017-02-10 18:00:00,1232.67,1237.21,1231.18,1232.9,0
2017-02-10 19:00:00,1232.91,1233.6,1230.62,1233.01,0
2017-02-10 20:00:00,1233.0,1234.17,1232.31,1234.07,0
2017-02-10 21:00:00,1234.06,1234.06,1232.81,1233.32,0
2017-02-12 23:00:00,1232.82,1232.82,1228.68,1230.23,0
2017-02-13 00:00:00,1230.24,1231.05,1228.83,1230.55,0
2017-02-13 01:00:00,1230.56,1231.75,1230.18,1231.14,0
2017-02-13 02:00:00,1231.14,1231.15,1229.55,1229.63,0
2017-02-13 03:00:00,1229.64,1230.35,1228.98,1229.17,0
2017-02-13 04:00:00,1229.17,1229.86,1228.98,1229.48,0
2017-02-13 05:00:00,1229.48,1229.8,1227.96,1229.55,0
2017-02-13 06:00:00,1229.55,1231.52,1229.45,1231.14,0
2017-02-13 07:00:00,1231.14,1232.01,1230.31,1231.76,0
2017-02-13 08:00:00,1231.76,1232.33,1230.47,1230.7,0
2017-02-13 09:00:00,1230.61,1231.03,1228.99,1229.57,0
2017-02-13 10:00:00,1229.57,1230.89,1229.06,1230.88,0
2017-02-13 11:00:00,1230.88,1231.21,1229.97,1230.28,0
2017-02-13 12:00:00,1230.28,1230.79,1228.71,1228.94,0
2017-02-13 13:00:00,1228.96,1229.35,1224.46,1225.47,0
2017-02-13 14:00:00,1225.47,1226.17,1221.98,1222.32,0
2017-02-13 15:00:00,1222.35,1223.38,1219.38,1223.15,0
2017-02-13 16:00:00,1223.13,1223.87,1222.32,1223.85,0
2017-02-13 17:00:00,1223.84,1224.81,1223.46,1223.97,0
2017-02-13 18:00:00,1224.02,1226.75,1223.75,1225.89,0
2017-02-13 19:00:00,1225.9,1227.65,1225.64,1226.04,0
2017-02-13 20:00:00,1226.06,1227.07,1225.84,1226.02,0
2017-02-13 21:00:00,1225.98,1226.12,1225.21,1225.33,0
2017-02-13 23:00:00,1225.35,1226.44,1225.12,1226.24,0
2017-02-14 00:00:00,1226.27,1227.04,1224.86,1225.53,0
2017-02-14 01:00:00,1225.56,1226.64,1225.22,1225.36,0
2017-02-14 02:00:00,1225.37,1226.05,1225.02,1225.88,0
2017-02-14 03:00:00,1225.88,1226.81,1225.88,1226.7,0
2017-02-14 04:00:00,1226.73,1228.83,1226.69,1228.66,0
2017-02-14 05:00:00,1228.59,1230.2,1227.33,1229.55,0
2017-02-14 06:00:00,1229.6,1230.12,1228.9,1229.72,0
2017-02-14 07:00:00,1229.72,1229.86,1226.71,1226.83,0
2017-02-14 08:00:00,1226.8,1229.29,1226.41,1228.16,0
2017-02-14 09:00:00,1228.19,1229.03,1226.83,1228.13,0
2017-02-14 10:00:00,1228.09,1230.03,1227.76,1228.43,0
2017-02-14 11:00:00,1228.41,1230.02,1228.18,1228.98,0
2017-02-14 12:00:00,1229.02,1233.55,1228.88,1233.29,0
2017-02-14 13:00:00,1233.33,1234.58,1231.41,1232.88,0
2017-02-14 14:00:00,1232.89,1234.39,1230.33,1230.33,0
2017-02-14 15:00:00,1230.35,1230.43,1221.99,1223.58,0
2017-02-14 16:00:00,1223.59,1226.28,1221.95,1225.36,0
2017-02-14 17:00:00,1225.35,1225.35,1223.44,1223.94,0
2017-02-14 18:00:00,1223.95,1226.42,1223.05,1225.78,0
2017-02-14 19:00:00,1225.81,1231.21,1225.08,1229.78,0
2017-02-14 20:00:00,1229.69,1230.11,1227.36,1227.43,0
2017-02-14 21:00:00,1227.46,1228.82,1227.41,1228.46,0
2017-02-14 23:00:00,1227.69,1230.21,1227.69,1228.49,0
2017-02-15 00:00:00,1228.48,1228.51,1225.34,1225.84,0
2017-02-15 01:00:00,1225.84,1227.17,1225.12,1226.77,0
2017-02-15 02:00:00,1226.77,1226.88,1226.06,1226.46,0
2017-02-15 03:00:00,1226.47,1226.81,1225.73,1226.25,0
2017-02-15 04:00:00,1226.24,1226.57,1225.52,1225.62,0
2017-02-15 05:00:00,1225.62,1226.43,1225.27,1225.55,0
2017-02-15 06:00:00,1225.55,1226.22,1224.77,1226.0,0
2017-02-15 07:00:00,1225.98,1226.02,1223.76,1225.51,0
2017-02-15 08:00:00,1225.5,1226.62,1224.18,1226.38,0
2017-02-15 09:00:00,1226.39,1226.79,1225.54,1226.16,0
2017-02-15 10:00:00,1226.16,1226.37,1225.16,1226.27,0
2017-02-15 11:00:00,1226.28,1226.57,1225.38,1226.38,0
2017-02-15 12:00:00,1226.38,1227.4,1226.05,1226.15,0
2017-02-15 13:00:00,1226.25,1226.55,1216.69,1219.98,0
2017-02-15 14:00:00,1220.0,1225.93,1218.64,1224.42,0
2017-02-15 15:00:00,1224.45,1228.07,1224.07,1225.05,0
2017-02-15 16:00:00,1225.14,1231.4,1224.94,1230.28,0
2017-02-15 17:00:00,1230.28,1233.08,1229.91,1230.98,0
2017-02-15 18:00:00,1230.98,1232.19,1230.46,1231.34,0
2017-02-15 19:00:00,1231.36,1232.12,1230.65,1231.41,0
2017-02-15 20:00:00,1231.41,1233.24,1230.98,1232.73,0
2017-02-15 21:00:00,1232.74,1233.35,1232.51,1233.27,0
2017-02-15 23:00:00,1233.48,1234.13,1232.11,1232.99,0
2017-02-16 00:00:00,1232.98,1235.68,1232.81,1234.25,0
2017-02-16 01:00:00,1234.26,1236.58,1234.06,1236.23,0
2017-02-16 02:00:00,1236.23,1236.79,1235.42,1235.66,0
2017-02-16 03:00:00,1235.62,1236.14,1235.15,1235.25,0
2017-02-16 04:00:00,1235.27,1235.65,1234.02,1234.88,0
2017-02-16 05:00:00,1234.85,1235.92,1234.34,1234.83,0
2017-02-16 06:00:00,1234.83,1235.01,1232.14,1232.89,0
2017-02-16 07:00:00,1232.82,1234.22,1232.65,1234.01,0
2017-02-16 08:00:00,1234.08,1238.28,1233.67,1237.59,0
2017-02-16 09:00:00,1237.59,1239.13,1237.37,1237.46,0
2017-02-16 10:00:00,1237.44,1237.95,1236.36,1236.96,0
2017-02-16 11:00:00,1236.93,1238.76,1235.08,1237.7,0
2017-02-16 12:00:00,1237.68,1239.13,1236.42,1237.52,0
2017-02-16 13:00:00,1237.52,1239.48,1235.85,1236.6,0
2017-02-16 14:00:00,1236.6,1240.14,1235.69,1239.84,0
2017-02-16 15:00:00,1239.85,1241.67,1238.43,1240.52,0
2017-02-16 16:00:00,1240.52,1242.41,1239.6,1239.7,0
2017-02-16 17:00:00,1239.72,1240.5,1237.78,1238.83,0
2017-02-16 18:00:00,1238.83,1240.74,1237.95,1239.91,0
2017-02-16 19:00:00,1239.93,1241.39,1239.49,1240.62,0
2017-02-16 20:00:00,1240.54,1240.83,1239.13,1239.45,0
2017-02-16 21:00:00,1239.45,1239.66,1238.74,1239.37,0
2017-02-16 23:00:00,1239.35,1239.49,1237.5,1238.5,0
2017-02-17 00:00:00,1238.47,1238.84,1237.36,1238.23,0
2017-02-17 01:00:00,1238.23,1238.88,1237.36,1237.7,0
2017-02-17 02:00:00,1237.69,1238.11,1237.38,1237.61,0
2017-02-17 03:00:00,1237.58,1238.78,1237.49,1238.32,0
2017-02-17 04:00:00,1238.27,1238.54,1237.83,1238.54,0
2017-02-17 05:00:00,1238.54,1238.65,1237.55,1237.68,0
2017-02-17 06:00:00,1237.66,1238.37,1237.42,1237.53,0
2017-02-17 07:00:00,1237.53,1238.5,1236.79,1237.02,0
2017-02-17 08:00:00,1237.0,1238.87,1236.53,1237.81,0
2017-02-17 09:00:00,1237.82,1242.13,1237.51,1240.56,0
2017-02-17 10:00:00,1240.56,1242.83,1240.47,1241.38,0
2017-02-17 11:00:00,1241.33,1242.56,1239.96,1242.51,0
2017-02-17 12:00:00,1242.55,1243.82,1241.08,1241.9,0
2017-02-17 13:00:00,1241.88,1243.73,1241.18,1241.85,0
2017-02-17 14:00:00,1241.85,1243.03,1240.06,1242.17,0
2017-02-17 15:00:00,1242.14,1242.71,1238.73,1239.34,0
2017-02-17 16:00:00,1239.31,1239.62,1237.22,1238.41,0
2017-02-17 17:00:00,1238.51,1239.34,1237.79,1238.62,0
2017-02-17 18:00:00,1238.62,1239.3,1237.43,1238.24,0
2017-02-17 19:00:00,1238.24,1238.25,1235.51,1235.72,0
2017-02-17 20:00:00,1235.73,1236.6,1235.0,1235.64,0
2017-02-17 21:00:00,1235.61,1236.09,1234.48,1234.8,0
2017-02-19 23:00:00,1235.38,1238.15,1235.29,1236.26,0
2017-02-20 00:00:00,1236.22,1236.7,1235.3,1235.79,0
2017-02-20 01:00:00,1235.88,1236.2,1232.87,1234.4,0
2017-02-20 02:00:00,1234.42,1234.51,1233.08,1233.72,0
2017-02-20 03:00:00,1233.67,1234.41,1233.48,1234.17,0
2017-02-20 04:00:00,1234.18,1235.0,1233.83,1234.71,0
2017-02-20 05:00:00,1234.69,1234.73,1233.67,1234.17,0
2017-02-20 06:00:00,1234.21,1234.35,1232.81,1234.25,0
2017-02-20 07:00:00,1234.25,1235.56,1233.73,1234.97,0
2017-02-20 08:00:00,1234.96,1236.4,1234.66,1235.7,0
2017-02-20 09:00:00,1235.7,1237.02,1235.05,1236.66,0
2017-02-20 10:00:00,1236.66,1236.86,1235.32,1235.75,0
2017-02-20 11:00:00,1235.73,1236.73,1235.73,1236.44,0
2017-02-20 12:00:00,1236.45,1237.29,1235.7,1236.61,0
2017-02-20 13:00:00,1236.62,1238.99,1236.51,1238.23,0
2017-02-20 14:00:00,1238.2,1238.95,1236.94,1237.35,0
2017-02-20 15:00:00,1237.35,1238.25,1237.14,1237.2,0
2017-02-20 16:00:00,1237.18,1238.19,1237.08,1238.07,0
2017-02-20 17:00:00,1238.07,1238.09,1237.13,1237.48,0
2017-02-20 18:00:00,1237.45,1237.49,1237.44,1237.44,0
2017-02-20 23:00:00,1237.59,1237.79,1235.95,1237.09,0
2017-02-21 00:00:00,1237.15,1237.35,1234.78,1235.11,0
2017-02-21 01:00:00,1235.2,1235.2,1233.31,1234.69,0
2017-02-21 02:00:00,1234.71,1235.42,1234.06,1234.06,0
2017-02-21 03:00:00,1234.08,1234.13,1232.5,1232.97,0
2017-02-21 04:00:00,1232.88,1233.76,1232.55,1233.29,0
2017-02-21 05:00:00,1233.28,1233.96,1232.95,1233.62,0
2017-02-21 06:00:00,1233.61,1234.96,1232.91,1234.92,0
2017-02-21 07:00:00,1234.93,1234.93,1233.57,1234.09,0
2017-02-21 08:00:00,1234.09,1234.61,1232.05,1232.74,0
2017-02-21 09:00:00,1232.73,1232.94,1229.84,1229.95,0
2017-02-21 10:00:00,1229.95,1230.34,1228.05,1229.27,0
2017-02-21 11:00:00,1229.29,1231.24,1228.79,1231.02,0
2017-02-21 12:00:00,1231.02,1231.9,1230.07,1230.07,0
2017-02-21 13:00:00,1230.07,1231.24,1227.27,1227.98,0
2017-02-21 14:00:00,1227.94,1234.12,1226.16,1233.17,0
2017-02-21 15:00:00,1233.17,1234.72,1232.31,1234.0,0
2017-02-21 16:00:00,1234.0,1237.74,1233.41,1236.71,0
2017-02-21 17:00:00,1236.72,1238.88,1236.39,1238.17,0
2017-02-21 18:00:00,1238.19,1238.38,1236.51,1236.84,0
2017-02-21 19:00:00,1236.81,1237.34,1236.21,1236.56,0
2017-02-21 20:00:00,1236.54,1236.88,1235.76,1236.19,0
2017-02-21 21:00:00,1236.21,1236.38,1235.48,1235.72,0
2017-02-21 23:00:00,1235.84,1236.43,1234.08,1234.87,0
2017-02-22 00:00:00,1234.96,1236.77,1234.86,1236.46,0
2017-02-22 01:00:00,1236.56,1237.6,1236.05,1237.21,0
2017-02-22 02:00:00,1237.21,1237.4,1236.18,1236.38,0
2017-02-22 03:00:00,1236.4,1236.8,1235.09,1235.27,0
2017-02-22 04:00:00,1235.32,1235.93,1235.0,1235.72,0
2017-02-22 05:00:00,1235.72,1235.82,1234.26,1234.97,0
2017-02-22 06:00:00,1234.97,1235.08,1233.55,1234.59,0
2017-02-22 07:00:00,1234.6,1235.54,1234.24,1234.57,0
2017-02-22 08:00:00,1234.58,1236.82,1234.01,1236.53,0
2017-02-22 09:00:00,1236.55,1238.1,1236.24,1237.01,0
2017-02-22 10:00:00,1236.99,1238.28,1236.71,1237.58,0
2017-02-22 11:00:00,1237.49,1238.08,1236.59,1237.83,0
2017-02-22 12:00:00,1237.83,1238.77,1236.96,1238.31,0
2017-02-22 13:00:00,1238.3,1240.67,1237.51,1238.73,0
2017-02-22 14:00:00,1238.73,1239.1,1235.34,1237.5,0
2017-02-22 15:00:00,1237.5,1237.64,1231.21,1233.86,0
2017-02-22 16:00:00,1233.91,1235.16,1231.8,1232.54,0
2017-02-22 17:00:00,1232.53,1234.43,1232.23,1233.79,0
2017-02-22 18:00:00,1233.69,1234.08,1231.92,1233.39,0
2017-02-22 19:00:00,1233.34,1239.02,1231.83,1237.43,0
2017-02-22 20:00:00,1237.46,1238.59,1236.75,1237.98,0
2017-02-22 21:00:00,1237.99,1239.08,1237.16,1237.25,0
2017-02-22 23:00:00,1237.44,1238.82,1236.58,1236.85,0
2017-02-23 00:00:00,1236.87,1237.51,1235.9,1236.96,0
2017-02-23 01:00:00,1236.92,1238.03,1236.49,1237.15,0
2017-02-23 02:00:00,1237.15,1237.18,1236.19,1236.75,0
2017-02-23 03:00:00,1236.76,1237.06,1236.5,1236.74,0
2017-02-23 04:00:00,1236.74,1237.56,1236.69,1237.54,0
2017-02-23 05:00:00,1237.54,1237.88,1236.42,1236.55,0
2017-02-23 06:00:00,1236.55,1236.87,1235.8,1236.55,0
2017-02-23 07:00:00,1236.55,1237.25,1236.23,1236.65,0
2017-02-23 08:00:00,1236.66,1238.15,1236.12,1237.78,0
2017-02-23 09:00:00,1237.77,1238.28,1237.24,1237.63,0
2017-02-23 10:00:00,1237.64,1238.21,1237.33,1237.88,0
2017-02-23 11:00:00,1237.88,1239.52,1237.77,1239.15,0
2017-02-23 12:00:00,1239.15,1243.66,1237.14,1243.21,0
2017-02-23 13:00:00,1243.21,1248.82,1242.29,1248.54,0
2017-02-23 14:00:00,1248.52,1249.28,1246.52,1247.96,0
2017-02-23 15:00:00,1247.86,1249.7,1246.08,1249.7,0
2017-02-23 16:00:00,1249.66,1251.13,1246.56,1249.66,0
2017-02-23 17:00:00,1249.56,1249.86,1248.58,1249.46,0
2017-02-23 18:00:00,1249.51,1250.94,1249.21,1249.62,0
2017-02-23 19:00:00,1249.62,1250.51,1248.84,1249.47,0
2017-02-23 20:00:00,1249.47,1249.65,1248.62,1248.82,0
2017-02-23 21:00:00,1248.82,1249.51,1248.42,1249.22,0
2017-02-23 23:00:00,1249.17,1250.12,1247.76,1249.27,0
2017-02-24 00:00:00,1249.32,1249.98,1248.1,1248.33,0
2017-02-24 01:00:00,1248.34,1249.06,1247.93,1248.94,0
2017-02-24 02:00:00,1248.91,1249.96,1248.72,1249.86,0
2017-02-24 03:00:00,1249.87,1250.28,1249.16,1250.19,0
2017-02-24 04:00:00,1250.17,1250.44,1249.94,1249.96,0
2017-02-24 05:00:00,1249.98,1250.56,1249.44,1250.51,0
2017-02-24 06:00:00,1250.56,1253.84,1250.41,1253.14,0
2017-02-24 07:00:00,1253.1,1254.32,1252.81,1253.47,0
2017-02-24 08:00:00,1253.56,1255.19,1253.48,1254.29,0
2017-02-24 09:00:00,1254.29,1256.59,1253.59,1256.06,0
2017-02-24 10:00:00,1256.11,1257.2,1255.15,1256.44,0
2017-02-24 11:00:00,1256.35,1258.02,1256.1,1257.56,0
2017-02-24 12:00:00,1257.57,1258.46,1256.29,1257.79,0
2017-02-24 13:00:00,1257.84,1259.92,1256.84,1259.91,0
2017-02-24 14:00:00,1259.91,1260.13,1252.28,1254.16,0
2017-02-24 15:00:00,1254.25,1257.07,1254.16,1256.2,0
2017-02-24 16:00:00,1256.2,1257.56,1253.91,1256.37,0
2017-02-24 17:00:00,1256.47,1257.97,1255.89,1256.45,0
2017-02-24 18:00:00,1256.45,1258.06,1256.31,1257.16,0
2017-02-24 19:00:00,1257.17,1258.48,1256.67,1258.31,0
2017-02-24 20:00:00,1258.32,1258.58,1256.66,1256.69,0
2017-02-24 21:00:00,1256.66,1257.16,1256.5,1256.83,0
2017-02-26 23:00:00,1257.31,1257.31,1254.98,1255.92,0
2017-02-27 00:00:00,1255.93,1257.52,1255.65,1256.17,0
2017-02-27 01:00:00,1256.17,1259.11,1255.48,1257.67,0
2017-02-27 02:00:00,1257.68,1258.03,1256.16,1256.55,0
2017-02-27 03:00:00,1256.54,1257.16,1256.08,1256.69,0
2017-02-27 04:00:00,1256.69,1257.09,1256.06,1256.29,0
2017-02-27 05:00:00,1256.32,1257.81,1256.06,1257.68,0
2017-02-27 06:00:00,1257.66,1257.99,1256.67,1257.37,0
2017-02-27 07:00:00,1257.37,1257.48,1255.66,1256.38,0
2017-02-27 08:00:00,1256.37,1256.46,1253.44,1254.86,0
2017-02-27 09:00:00,1254.86,1255.33,1253.8,1255.24,0
2017-02-27 10:00:00,1255.24,1256.62,1255.14,1256.15,0
2017-02-27 11:00:00,1256.05,1256.15,1254.98,1255.18,0
2017-02-27 12:00:00,1255.18,1255.88,1254.05,1255.54,0
2017-02-27 13:00:00,1255.55,1256.91,1253.81,1256.53,0
2017-02-27 14:00:00,1256.54,1259.06,1255.74,1257.21,0
2017-02-27 15:00:00,1257.25,1260.09,1256.76,1259.74,0
2017-02-27 16:00:00,1259.75,1263.87,1258.96,1263.03,0
2017-02-27 17:00:00,1263.01,1263.61,1259.97,1260.3,0
2017-02-27 18:00:00,1260.29,1260.94,1256.54,1257.31,0
2017-02-27 19:00:00,1257.38,1257.96,1254.63,1255.2,0
2017-02-27 20:00:00,1255.17,1255.36,1250.97,1251.11,0
2017-02-27 21:00:00,1251.11,1253.11,1251.05,1252.75,0
2017-02-27 23:00:00,1252.25,1254.5,1252.19,1253.39,0
2017-02-28 00:00:00,1253.38,1253.59,1251.83,1252.5,0
2017-02-28 01:00:00,1252.5,1253.62,1252.41,1253.15,0
2017-02-28 02:00:00,1253.15,1253.57,1252.64,1253.16,0
2017-02-28 03:00:00,1253.16,1253.34,1252.5,1252.98,0
2017-02-28 04:00:00,1253.08,1253.6,1252.99,1253.4,0
2017-02-28 05:00:00,1253.4,1254.3,1253.1,1254.12,0
2017-02-28 06:00:00,1254.12,1254.54,1253.38,1253.95,0
2017-02-28 07:00:00,1253.88,1254.14,1252.72,1253.55,0
2017-02-28 08:00:00,1253.47,1253.65,1251.26,1252.12,0
2017-02-28 09:00:00,1252.14,1253.46,1250.34,1251.06,0
2017-02-28 10:00:00,1251.11,1252.56,1250.72,1251.96,0
2017-02-28 11:00:00,1251.99,1254.81,1251.98,1252.89,0
2017-02-28 12:00:00,1252.88,1254.81,1252.75,1253.46,0
2017-02-28 13:00:00,1253.46,1256.28,1252.72,1255.81,0
2017-02-28 14:00:00,1255.81,1257.52,1253.66,1256.21,0
2017-02-28 15:00:00,1256.16,1258.19,1254.48,1257.52,0
2017-02-28 16:00:00,1257.52,1258.26,1255.95,1256.17,0
2017-02-28 17:00:00,1256.16,1258.39,1255.12,1256.29,0
2017-02-28 18:00:00,1256.29,1256.89,1247.71,1250.76,0
2017-02-28 19:00:00,1250.7,1251.97,1249.14,1250.74,0
2017-02-28 20:00:00,1250.74,1252.13,1248.42,1251.62,0
2017-02-28 21:00:00,1251.67,1251.67,1247.87,1248.2,0
2017-02-28 23:00:00,1248.09,1249.23,1245.73,1245.99,0
2017-03-01 00:00:00,1245.99,1246.51,1244.08,1245.16,0
2017-03-01 01:00:00,1245.17,1245.69,1242.5,1245.14,0
2017-03-01 02:00:00,1245.1,1248.51,1244.11,1247.22,0
2017-03-01 03:00:00,1247.22,1247.39,1242.48,1243.17,0
2017-03-01 04:00:00,1243.26,1243.38,1242.55,1242.91,0
2017-03-01 05:00:00,1242.91,1244.62,1242.81,1244.44,0
2017-03-01 06:00:00,1244.44,1244.85,1243.24,1243.74,0
2017-03-01 07:00:00,1243.74,1245.61,1242.63,1245.61,0
2017-03-01 08:00:00,1245.6,1247.34,1243.43,1246.51,0
2017-03-01 09:00:00,1246.51,1246.51,1243.85,1244.64,0
2017-03-01 10:00:00,1244.66,1246.38,1244.33,1245.78,0
2017-03-01 11:00:00,1245.78,1245.79,1243.19,1243.73,0
2017-03-01 12:00:00,1243.73,1243.74,1240.49,1242.34,0
2017-03-01 13:00:00,1242.31,1243.24,1237.33,1237.91,0
2017-03-01 14:00:00,1237.92,1242.18,1236.91,1242.1,0
2017-03-01 15:00:00,1241.81,1245.1,1238.87,1243.93,0
2017-03-01 16:00:00,1243.93,1246.48,1243.14,1245.56,0
2017-03-01 17:00:00,1245.53,1247.11,1244.85,1246.95,0
2017-03-01 18:00:00,1246.95,1250.64,1246.36,1248.76,0
2017-03-01 19:00:00,1248.75,1249.3,1245.98,1247.59,0
2017-03-01 20:00:00,1247.61,1249.93,1247.61,1249.72,0
2017-03-01 21:00:00,1249.82,1249.91,1248.61,1249.48,0
2017-03-01 23:00:00,1249.5,1249.78,1246.47,1247.23,0
2017-03-02 00:00:00,1247.24,1248.01,1246.6,1247.8,0
2017-03-02 01:00:00,1247.79,1247.9,1246.01,1246.14,0
2017-03-02 02:00:00,1246.14,1246.83,1245.89,1246.22,0
2017-03-02 03:00:00,1246.22,1246.85,1245.74,1246.73,0
2017-03-02 04:00:00,1246.75,1247.03,1246.3,1246.81,0
2017-03-02 05:00:00,1246.83,1247.0,1245.73,1246.1,0
2017-03-02 06:00:00,1246.1,1246.2,1244.51,1244.53,0
2017-03-02 07:00:00,1244.53,1246.32,1244.42,1245.81,0
2017-03-02 08:00:00,1245.82,1246.34,1243.48,1244.86,0
2017-03-02 09:00:00,1244.91,1245.3,1242.86,1244.01,0
2017-03-02 10:00:00,1244.01,1244.66,1243.19,1243.42,0
2017-03-02 11:00:00,1243.51,1243.82,1240.89,1241.07,0
2017-03-02 12:00:00,1241.06,1241.5,1238.95,1240.31,0
2017-03-02 13:00:00,1240.41,1241.01,1235.24,1239.4,0
2017-03-02 14:00:00,1239.45,1239.77,1235.67,1237.77,0
2017-03-02 15:00:00,1237.79,1242.46,1237.69,1241.42,0
2017-03-02 16:00:00,1241.51,1242.2,1234.72,1236.88,0
2017-03-02 17:00:00,1236.91,1237.36,1230.96,1233.76,0
2017-03-02 18:00:00,1233.75,1234.19,1232.04,1232.99,0
2017-03-02 19:00:00,1232.99,1233.89,1231.15,1233.37,0
2017-03-02 20:00:00,1233.29,1235.51,1233.07,1234.91,0
2017-03-02 21:00:00,1234.93,1235.63,1233.6,1233.97,0
2017-03-02 23:00:00,1234.47,1236.21,1234.14,1235.29,0
2017-03-03 00:00:00,1235.29,1235.45,1233.63,1233.91,0
2017-03-03 01:00:00,1233.91,1234.02,1232.13,1233.38,0
2017-03-03 02:00:00,1233.28,1233.38,1231.53,1232.64,0
2017-03-03 03:00:00,1232.65,1233.51,1232.12,1233.4,0
2017-03-03 04:00:00,1233.4,1234.23,1232.88,1234.02,0
2017-03-03 05:00:00,1234.12,1234.12,1230.14,1230.66,0
2017-03-03 06:00:00,1230.66,1232.68,1230.33,1232.03,0
2017-03-03 07:00:00,1232.04,1232.13,1227.24,1227.64,0
2017-03-03 08:00:00,1227.64,1228.78,1225.56,1226.74,0
2017-03-03 09:00:00,1226.76,1228.37,1226.62,1227.88,0
2017-03-03 10:00:00,1227.86,1229.27,1226.87,1227.91,0
2017-03-03 11:00:00,1227.88,1228.78,1226.17,1227.2,0
2017-03-03 12:00:00,1227.3,1228.47,1226.61,1228.34,0
2017-03-03 13:00:00,1228.34,1231.85,1227.97,1229.1,0
2017-03-03 14:00:00,1229.08,1229.74,1226.23,1226.98,0
2017-03-03 15:00:00,1226.85,1228.25,1224.96,1225.45,0
2017-03-03 16:00:00,1225.55,1225.69,1223.3,1223.84,0
2017-03-03 17:00:00,1223.93,1227.65,1223.83,1227.19,0
2017-03-03 18:00:00,1226.97,1229.81,1222.86,1229.17,0
2017-03-03 19:00:00,1229.16,1236.3,1229.06,1234.34,0
2017-03-03 20:00:00,1234.36,1236.05,1232.97,1234.23,0
2017-03-03 21:00:00,1234.25,1235.11,1233.9,1234.45,0
2017-03-05 23:00:00,1232.93,1236.86,1232.63,1236.8,0
2017-03-06 00:00:00,1236.79,1236.86,1234.67,1235.34,0
2017-03-06 01:00:00,1235.42,1235.42,1232.89,1233.55,0
2017-03-06 02:00:00,1233.55,1234.68,1233.51,1234.11,0
2017-03-06 03:00:00,1234.11,1234.63,1233.75,1234.01,0
2017-03-06 04:00:00,1234.01,1234.43,1233.42,1233.44,0
2017-03-06 05:00:00,1233.44,1233.76,1232.76,1233.53,0
2017-03-06 06:00:00,1233.53,1233.58,1232.03,1232.29,0
2017-03-06 07:00:00,1232.33,1232.87,1231.3,1231.81,0
2017-03-06 08:00:00,1231.81,1235.01,1231.72,1233.85,0
2017-03-06 09:00:00,1233.86,1234.7,1232.88,1233.15,0
2017-03-06 10:00:00,1233.15,1233.33,1230.89,1232.24,0
2017-03-06 11:00:00,1232.24,1232.34,1230.29,1230.85,0
2017-03-06 12:00:00,1230.85,1232.52,1230.75,1231.89,0
2017-03-06 13:00:00,1231.9,1234.51,1231.22,1233.36,0
2017-03-06 14:00:00,1233.44,1233.47,1230.21,1231.42,0
2017-03-06 15:00:00,1231.44,1232.24,1228.64,1228.97,0
2017-03-06 16:00:00,1228.89,1228.97,1226.18,1227.06,0
2017-03-06 17:00:00,1227.06,1227.62,1225.69,1226.13,0
2017-03-06 18:00:00,1226.08,1227.71,1224.9,1227.59,0
2017-03-06 19:00:00,1227.59,1227.72,1226.68,1227.28,0
2017-03-06 20:00:00,1227.28,1227.38,1225.53,1225.99,0
2017-03-06 21:00:00,1225.99,1226.42,1225.14,1225.29,0
2017-03-06 23:00:00,1225.17,1227.18,1225.14,1226.07,0
2017-03-07 00:00:00,1226.05,1226.42,1224.58,1224.61,0
2017-03-07 01:00:00,1224.57,1226.45,1224.1,1226.29,0
2017-03-07 02:00:00,1226.29,1226.44,1225.7,1225.91,0
2017-03-07 03:00:00,1225.91,1227.11,1225.74,1226.29,0
2017-03-07 04:00:00,1226.25,1226.65,1224.81,1224.95,0
2017-03-07 05:00:00,1225.06,1226.15,1224.74,1225.45,0
2017-03-07 06:00:00,1225.46,1226.3,1225.26,1225.4,0
2017-03-07 07:00:00,1225.4,1225.96,1224.7,1225.33,0
2017-03-07 08:00:00,1225.26,1226.19,1224.39,1224.72,0
2017-03-07 09:00:00,1224.72,1224.77,1222.25,1223.43,0
2017-03-07 10:00:00,1223.43,1225.13,1222.88,1224.97,0
2017-03-07 11:00:00,1224.96,1225.33,1223.54,1223.84,0
2017-03-07 12:00:00,1223.94,1224.5,1222.72,1222.93,0
2017-03-07 13:00:00,1222.94,1223.26,1219.65,1221.18,0
2017-03-07 14:00:00,1221.18,1221.34,1215.99,1217.9,0
2017-03-07 15:00:00,1217.9,1220.34,1217.07,1220.22,0
2017-03-07 16:00:00,1220.22,1220.8,1216.85,1217.97,0
2017-03-07 17:00:00,1217.98,1219.45,1217.65,1217.85,0
2017-03-07 18:00:00,1217.86,1217.86,1215.59,1216.06,0
2017-03-07 19:00:00,1215.96,1216.32,1214.18,1214.77,0
2017-03-07 20:00:00,1214.77,1216.51,1214.24,1215.82,0
2017-03-07 21:00:00,1215.82,1216.15,1215.28,1215.61,0
2017-03-07 23:00:00,1215.54,1216.94,1214.81,1216.17,0
2017-03-08 00:00:00,1216.22,1216.82,1215.82,1216.3,0
2017-03-08 01:00:00,1216.37,1218.58,1216.33,1217.63,0
2017-03-08 02:00:00,1217.65,1218.13,1217.2,1217.31,0
2017-03-08 03:00:00,1217.31,1218.46,1216.87,1218.11,0
2017-03-08 04:00:00,1218.11,1218.25,1217.35,1217.35,0
2017-03-08 05:00:00,1217.37,1217.9,1216.94,1217.43,0
2017-03-08 06:00:00,1217.43,1218.18,1216.89,1216.91,0
2017-03-08 07:00:00,1216.9,1216.9,1213.59,1213.75,0
2017-03-08 08:00:00,1213.75,1213.93,1212.41,1213.11,0
2017-03-08 09:00:00,1213.11,1213.19,1211.44,1213.0,0
2017-03-08 10:00:00,1212.98,1213.77,1212.48,1212.5,0
2017-03-08 11:00:00,1212.48,1214.58,1212.19,1213.91,0
2017-03-08 12:00:00,1213.91,1214.4,1211.72,1212.19,0
2017-03-08 13:00:00,1212.2,1213.4,1208.95,1209.62,0
2017-03-08 14:00:00,1209.7,1210.18,1206.67,1209.77,0
2017-03-08 15:00:00,1209.75,1210.16,1207.45,1207.91,0
2017-03-08 16:00:00,1207.91,1211.57,1207.24,1209.7,0
2017-03-08 17:00:00,1209.7,1209.94,1207.62,1207.72,0
2017-03-08 18:00:00,1207.72,1210.3,1207.61,1209.17,0
2017-03-08 19:00:00,1209.17,1210.26,1207.64,1209.32,0
2017-03-08 20:00:00,1209.32,1209.82,1208.41,1208.51,0
2017-03-08 21:00:00,1208.52,1209.13,1207.1,1208.06,0
2017-03-08 23:00:00,1208.14,1208.99,1207.22,1208.41,0
2017-03-09 00:00:00,1208.37,1208.75,1207.29,1207.93,0
2017-03-09 01:00:00,1207.93,1209.01,1205.85,1207.15,0
2017-03-09 02:00:00,1207.16,1208.12,1207.0,1207.17,0
2017-03-09 03:00:00,1207.19,1207.75,1206.42,1206.6,0
2017-03-09 04:00:00,1206.62,1206.7,1203.91,1204.9,0
2017-03-09 05:00:00,1204.89,1205.96,1204.86,1205.57,0
2017-03-09 06:00:00,1205.57,1206.92,1203.94,1206.24,0
2017-03-09 07:00:00,1206.24,1207.08,1204.6,1204.97,0
2017-03-09 08:00:00,1204.97,1206.39,1203.22,1204.22,0
2017-03-09 09:00:00,1204.22,1204.89,1203.76,1204.71,0
2017-03-09 10:00:00,1204.71,1205.62,1204.4,1204.92,0
2017-03-09 11:00:00,1204.92,1205.72,1203.85,1204.14,0
2017-03-09 12:00:00,1204.14,1208.2,1203.94,1207.87,0
2017-03-09 13:00:00,1207.89,1208.99,1204.88,1207.0,0
2017-03-09 14:00:00,1206.96,1208.31,1205.45,1206.26,0
2017-03-09 15:00:00,1206.36,1206.72,1202.97,1203.85,0
2017-03-09 16:00:00,1203.9,1204.76,1201.48,1204.06,0
2017-03-09 17:00:00,1204.1,1204.45,1203.25,1204.05,0
2017-03-09 18:00:00,1204.05,1204.5,1203.22,1203.91,0
2017-03-09 19:00:00,1203.9,1204.13,1202.58,1202.67,0
2017-03-09 20:00:00,1202.62,1203.17,1201.46,1202.01,0
2017-03-09 21:00:00,1202.01,1202.37,1199.22,1201.0,0
2017-03-09 23:00:00,1200.7,1201.96,1198.79,1199.79,0
2017-03-10 00:00:00,1199.78,1200.26,1198.36,1199.42,0
2017-03-10 01:00:00,1199.42,1200.02,1197.58,1199.05,0
2017-03-10 02:00:00,1199.1,1199.66,1198.92,1198.99,0
2017-03-10 03:00:00,1198.99,1199.56,1198.15,1198.6,0
2017-03-10 04:00:00,1198.6,1199.04,1196.9,1197.24,0
2017-03-10 05:00:00,1197.24,1198.02,1196.89,1197.93,0
2017-03-10 06:00:00,1197.93,1198.47,1197.23,1197.88,0
2017-03-10 07:00:00,1197.88,1198.21,1195.0,1195.86,0
2017-03-10 08:00:00,1195.91,1197.07,1195.33,1196.68,0
2017-03-10 09:00:00,1196.67,1197.64,1196.38,1197.08,0
2017-03-10 10:00:00,1197.08,1197.32,1196.22,1196.79,0
2017-03-10 11:00:00,1196.82,1197.75,1196.48,1197.48,0
2017-03-10 12:00:00,1197.43,1199.32,1197.11,1197.31,0
2017-03-10 13:00:00,1197.31,1203.55,1196.23,1203.54,0
2017-03-10 14:00:00,1203.54,1206.34,1199.29,1203.46,0
2017-03-10 15:00:00,1203.45,1204.42,1201.08,1202.02,0
2017-03-10 16:00:00,1202.05,1202.45,1198.64,1200.04,0
2017-03-10 17:00:00,1200.07,1201.87,1199.16,1201.63,0
2017-03-10 18:00:00,1201.62,1203.1,1201.35,1202.18,0
2017-03-10 19:00:00,1202.09,1203.08,1201.96,1202.19,0
2017-03-10 20:00:00,1202.23,1204.65,1202.18,1204.26,0
2017-03-10 21:00:00,1204.29,1204.71,1204.03,1204.53,0
2017-03-12 23:00:00,1205.49,1207.05,1204.67,1205.9,0
2017-03-13 00:00:00,1205.91,1207.22,1205.36,1206.01,0
2017-03-13 01:00:00,1206.06,1206.22,1204.71,1204.8,0
2017-03-13 02:00:00,1204.8,1205.26,1203.73,1205.25,0
2017-03-13 03:00:00,1205.25,1206.37,1204.19,1206.06,0
2017-03-13 04:00:00,1206.1,1207.06,1206.05,1206.32,0
2017-03-13 05:00:00,1206.33,1207.21,1206.05,1207.1,0
2017-03-13 06:00:00,1207.1,1207.95,1206.77,1207.29,0
2017-03-13 07:00:00,1207.29,1211.2,1207.09,1211.11,0
2017-03-13 08:00:00,1211.02,1211.14,1208.99,1209.51,0
2017-03-13 09:00:00,1209.49,1210.31,1208.33,1208.6,0
2017-03-13 10:00:00,1208.57,1209.71,1208.13,1208.23,0
2017-03-13 11:00:00,1208.23,1208.96,1207.48,1208.29,0
2017-03-13 12:00:00,1208.27,1208.41,1204.1,1204.75,0
2017-03-13 13:00:00,1204.74,1205.67,1202.93,1203.51,0
2017-03-13 14:00:00,1203.47,1204.97,1202.42,1204.32,0
2017-03-13 15:00:00,1204.39,1205.63,1203.67,1204.03,0
2017-03-13 16:00:00,1204.03,1206.55,1203.66,1204.94,0
2017-03-13 17:00:00,1204.84,1206.43,1204.64,1204.82,0
2017-03-13 18:00:00,1204.81,1204.88,1203.34,1203.77,0
2017-03-13 19:00:00,1203.77,1204.77,1203.25,1204.4,0
2017-03-13 20:00:00,1204.5,1204.67,1203.7,1204.67,0
2017-03-13 21:00:00,1204.67,1204.67,1203.71,1204.09,0
2017-03-13 23:00:00,1204.07,1204.25,1201.4,1202.01,0
2017-03-14 00:00:00,1201.98,1202.94,1201.81,1202.26,0
2017-03-14 01:00:00,1202.26,1203.03,1202.05,1202.77,0
2017-03-14 02:00:00,1202.77,1204.69,1202.07,1204.35,0
2017-03-14 03:00:00,1204.35,1204.97,1203.81,1203.93,0
2017-03-14 04:00:00,1203.93,1204.36,1203.5,1203.79,0
2017-03-14 05:00:00,1203.79,1203.81,1202.65,1203.17,0
2017-03-14 06:00:00,1203.17,1203.69,1203.11,1203.25,0
2017-03-14 07:00:00,1203.2,1203.21,1201.68,1201.69,0
2017-03-14 08:00:00,1201.69,1201.83,1200.62,1201.38,0
2017-03-14 09:00:00,1201.38,1203.94,1200.85,1203.77,0
2017-03-14 10:00:00,1203.82,1203.93,1203.03,1203.23,0
2017-03-14 11:00:00,1203.23,1203.77,1202.72,1203.36,0
2017-03-14 12:00:00,1203.35,1205.95,1203.28,1204.63,0
2017-03-14 13:00:00,1204.63,1207.06,1203.64,1203.75,0
2017-03-14 14:00:00,1203.85,1204.36,1201.85,1203.52,0
2017-03-14 15:00:00,1203.53,1207.65,1203.47,1204.58,0
2017-03-14 16:00:00,1204.59,1206.2,1204.19,1205.9,0
2017-03-14 17:00:00,1205.9,1206.11,1204.41,1204.83,0
2017-03-14 18:00:00,1204.83,1204.83,1202.75,1203.14,0
2017-03-14 19:00:00,1203.05,1203.68,1200.79,1201.71,0
2017-03-14 20:00:00,1201.72,1201.72,1197.27,1198.72,0
2017-03-14 21:00:00,1198.7,1198.93,1197.55,1198.56,0
2017-03-14 23:00:00,1199.16,1199.65,1197.75,1198.89,0
2017-03-15 00:00:00,1198.89,1200.46,1198.86,1200.44,0
2017-03-15 01:00:00,1200.43,1200.43,1199.05,1199.34,0
2017-03-15 02:00:00,1199.34,1201.43,1199.34,1200.86,0
2017-03-15 03:00:00,1200.86,1201.42,1200.27,1201.23,0
2017-03-15 04:00:00,1201.23,1201.81,1200.93,1201.53,0
2017-03-15 05:00:00,1201.53,1203.96,1201.33,1202.44,0
2017-03-15 06:00:00,1202.51,1203.19,1202.1,1203.07,0
2017-03-15 07:00:00,1203.03,1205.32,1202.57,1204.2,0
2017-03-15 08:00:00,1204.2,1204.42,1202.99,1203.99,0
2017-03-15 09:00:00,1204.08,1204.66,1202.89,1203.66,0
2017-03-15 10:00:00,1203.66,1203.92,1202.38,1202.83,0
2017-03-15 11:00:00,1202.83,1202.89,1201.13,1201.28,0
2017-03-15 12:00:00,1201.29,1202.05,1200.7,1201.74,0
2017-03-15 13:00:00,1201.76,1202.73,1198.72,1200.21,0
2017-03-15 14:00:00,1200.21,1202.33,1199.64,1200.03,0
2017-03-15 15:00:00,1200.04,1201.31,1197.66,1199.83,0
2017-03-15 16:00:00,1199.92,1202.02,1198.71,1201.22,0
2017-03-15 17:00:00,1201.18,1201.19,1199.2,1200.6,0
2017-03-15 18:00:00,1200.6,1204.32,1199.47,1201.34,0
2017-03-15 19:00:00,1201.34,1219.67,1200.47,1216.47,0
2017-03-15 20:00:00,1216.56,1220.64,1214.67,1220.38,0
2017-03-15 21:00:00,1220.26,1222.06,1218.55,1219.45,0
2017-03-15 23:00:00,1218.91,1220.7,1218.08,1219.13,0
2017-03-16 00:00:00,1219.15,1220.9,1218.6,1220.5,0
2017-03-16 01:00:00,1220.58,1223.55,1220.1,1221.9,0
2017-03-16 02:00:00,1221.85,1224.99,1221.46,1224.75,0
2017-03-16 03:00:00,1224.77,1225.75,1224.57,1224.73,0
2017-03-16 04:00:00,1224.75,1225.63,1224.06,1224.93,0
2017-03-16 05:00:00,1224.93,1225.15,1224.33,1224.8,0
2017-03-16 06:00:00,1224.8,1226.94,1224.65,1226.16,0
2017-03-16 07:00:00,1226.17,1227.19,1226.1,1226.67,0
2017-03-16 08:00:00,1226.6,1228.91,1225.78,1226.33,0
2017-03-16 09:00:00,1226.33,1226.53,1224.05,1224.37,0
2017-03-16 10:00:00,1224.34,1225.04,1223.46,1224.11,0
2017-03-16 11:00:00,1224.11,1225.49,1223.5,1224.11,0
2017-03-16 12:00:00,1224.11,1227.32,1223.69,1227.12,0
2017-03-16 13:00:00,1227.19,1233.73,1226.49,1231.0,0
2017-03-16 14:00:00,1231.01,1231.92,1227.07,1228.13,0
2017-03-16 15:00:00,1228.16,1229.55,1226.55,1228.76,0
2017-03-16 16:00:00,1228.76,1230.62,1227.4,1228.47,0
2017-03-16 17:00:00,1228.48,1229.98,1228.35,1229.47,0
2017-03-16 18:00:00,1229.46,1229.98,1225.77,1226.63,0
2017-03-16 19:00:00,1226.63,1228.52,1226.08,1228.18,0
2017-03-16 20:00:00,1228.2,1228.23,1226.11,1226.39,0
2017-03-16 21:00:00,1226.44,1226.85,1225.85,1226.25,0
2017-03-16 23:00:00,1226.29,1228.07,1226.15,1226.39,0
2017-03-17 00:00:00,1226.41,1226.77,1225.55,1226.39,0
2017-03-17 01:00:00,1226.39,1226.88,1224.47,1225.01,0
2017-03-17 02:00:00,1225.06,1227.45,1225.06,1227.07,0
2017-03-17 03:00:00,1227.08,1227.58,1226.6,1227.12,0
2017-03-17 04:00:00,1227.18,1227.22,1226.37,1226.77,0
2017-03-17 05:00:00,1226.77,1226.97,1226.38,1226.52,0
2017-03-17 06:00:00,1226.52,1227.52,1226.16,1226.85,0
2017-03-17 07:00:00,1226.86,1228.02,1226.86,1227.8,0
2017-03-17 08:00:00,1227.82,1228.14,1225.76,1225.76,0
2017-03-17 09:00:00,1225.76,1228.58,1225.75,1227.34,0
2017-03-17 10:00:00,1227.32,1229.66,1226.42,1229.54,0
2017-03-17 11:00:00,1229.54,1230.42,1228.32,1229.08,0
2017-03-17 12:00:00,1229.08,1231.38,1228.23,1230.96,0
2017-03-17 13:00:00,1230.86,1231.37,1228.17,1230.1,0
2017-03-17 14:00:00,1230.1,1231.16,1228.93,1230.39,0
2017-03-17 15:00:00,1230.39,1231.7,1229.35,1229.52,0
2017-03-17 16:00:00,1229.52,1231.01,1228.83,1229.49,0
2017-03-17 17:00:00,1229.49,1229.84,1228.04,1228.54,0
2017-03-17 18:00:00,1228.54,1230.46,1228.53,1229.36,0
2017-03-17 19:00:00,1229.31,1230.03,1229.1,1229.53,0
2017-03-17 20:00:00,1229.51,1229.74,1228.53,1228.67,0
2017-03-17 21:00:00,1228.65,1229.59,1228.52,1229.26,0
2017-03-19 23:00:00,1229.7,1230.94,1229.35,1230.5,0
2017-03-20 00:00:00,1230.45,1231.36,1229.35,1231.36,0
2017-03-20 01:00:00,1231.36,1231.46,1230.16,1231.02,0
2017-03-20 02:00:00,1230.98,1233.75,1230.78,1233.42,0
2017-03-20 03:00:00,1233.42,1234.68,1232.7,1234.12,0
2017-03-20 04:00:00,1234.05,1234.4,1233.69,1233.87,0
2017-03-20 05:00:00,1233.87,1235.09,1233.67,1234.75,0
2017-03-20 06:00:00,1234.79,1235.09,1233.85,1233.95,0
2017-03-20 07:00:00,1233.95,1234.65,1233.29,1234.27,0
2017-03-20 08:00:00,1234.27,1235.53,1233.75,1233.89,0
2017-03-20 09:00:00,1233.86,1233.87,1232.59,1232.72,0
2017-03-20 10:00:00,1232.76,1233.29,1232.34,1232.66,0
2017-03-20 11:00:00,1232.65,1233.53,1232.44,1233.3,0
2017-03-20 12:00:00,1233.31,1233.32,1231.27,1231.27,0
2017-03-20 13:00:00,1231.27,1232.87,1230.16,1232.36,0
2017-03-20 14:00:00,1232.38,1233.22,1231.31,1231.51,0
2017-03-20 15:00:00,1231.51,1233.7,1231.01,1232.62,0
2017-03-20 16:00:00,1232.66,1234.01,1232.49,1233.57,0
2017-03-20 17:00:00,1233.66,1234.46,1232.73,1233.05,0
2017-03-20 18:00:00,1233.03,1234.32,1232.86,1233.87,0
2017-03-20 19:00:00,1233.86,1234.4,1233.76,1233.85,0
2017-03-20 20:00:00,1233.76,1234.96,1233.43,1234.54,0
2017-03-20 21:00:00,1234.55,1234.63,1233.82,1234.15,0
2017-03-20 23:00:00,1234.36,1234.57,1233.95,1234.45,0
2017-03-21 00:00:00,1234.45,1234.79,1234.08,1234.68,0
2017-03-21 01:00:00,1234.68,1235.07,1234.16,1235.07,0
2017-03-21 02:00:00,1235.21,1235.28,1228.3,1229.49,0
2017-03-21 03:00:00,1229.45,1230.04,1227.63,1228.01,0
2017-03-21 04:00:00,1228.0,1228.37,1226.89,1228.28,0
2017-03-21 05:00:00,1228.29,1229.02,1228.25,1228.77,0
2017-03-21 06:00:00,1228.71,1229.27,1227.71,1228.83,0
2017-03-21 07:00:00,1228.82,1230.19,1228.59,1230.16,0
2017-03-21 08:00:00,1230.09,1230.19,1228.38,1228.47,0
2017-03-21 09:00:00,1228.49,1231.44,1228.37,1231.16,0
2017-03-21 10:00:00,1231.11,1232.49,1230.75,1231.96,0
2017-03-21 11:00:00,1231.96,1232.7,1231.44,1232.18,0
2017-03-21 12:00:00,1232.18,1233.81,1231.88,1233.41,0
2017-03-21 13:00:00,1233.4,1233.8,1231.47,1233.06,0
2017-03-21 14:00:00,1233.02,1239.31,1232.96,1239.28,0
2017-03-21 15:00:00,1239.28,1242.78,1239.19,1240.77,0
2017-03-21 16:00:00,1240.78,1243.89,1239.69,1242.99,0
2017-03-21 17:00:00,1242.98,1244.77,1242.77,1244.17,0
2017-03-21 18:00:00,1244.17,1247.59,1244.01,1247.14,0
2017-03-21 19:00:00,1247.24,1247.25,1243.09,1243.73,0
2017-03-21 20:00:00,1243.73,1245.87,1243.61,1244.59,0
2017-03-21 21:00:00,1244.63,1245.35,1243.89,1244.42,0
2017-03-21 23:00:00,1244.23,1246.85,1244.23,1245.75,0
2017-03-22 00:00:00,1245.75,1246.44,1244.56,1246.03,0
2017-03-22 01:00:00,1246.13,1246.32,1244.54,1245.52,0
2017-03-22 02:00:00,1245.62,1246.51,1243.98,1244.86,0
2017-03-22 03:00:00,1244.84,1245.9,1244.56,1245.35,0
2017-03-22 04:00:00,1245.35,1245.49,1244.61,1245.24,0
2017-03-22 05:00:00,1245.16,1245.45,1244.55,1244.96,0
2017-03-22 06:00:00,1244.97,1245.39,1244.64,1245.15,0
2017-03-22 07:00:00,1245.17,1248.54,1245.06,1247.55,0
2017-03-22 08:00:00,1247.47,1248.2,1246.4,1247.65,0
2017-03-22 09:00:00,1247.65,1249.11,1246.6,1247.13,0
2017-03-22 10:00:00,1247.17,1247.97,1245.57,1246.07,0
2017-03-22 11:00:00,1246.07,1246.17,1244.88,1245.4,0
2017-03-22 12:00:00,1245.44,1245.83,1244.72,1245.43,0
2017-03-22 13:00:00,1245.43,1248.17,1244.64,1247.91,0
2017-03-22 14:00:00,1247.92,1249.47,1246.33,1248.94,0
2017-03-22 15:00:00,1248.93,1250.48,1247.59,1248.67,0
2017-03-22 16:00:00,1248.67,1249.87,1246.99,1247.94,0
2017-03-22 17:00:00,1247.98,1250.05,1246.98,1249.06,0
2017-03-22 18:00:00,1249.04,1251.17,1248.74,1251.13,0
2017-03-22 19:00:00,1251.11,1251.34,1249.37,1249.58,0
2017-03-22 20:00:00,1249.59,1249.68,1247.42,1247.81,0
2017-03-22 21:00:00,1247.81,1249.05,1247.45,1248.81,0
2017-03-22 23:00:00,1248.43,1248.98,1247.07,1247.16,0
2017-03-23 00:00:00,1247.15,1247.84,1245.94,1245.95,0
2017-03-23 01:00:00,1245.96,1247.11,1245.58,1246.05,0
2017-03-23 02:00:00,1246.05,1247.22,1245.42,1245.73,0
2017-03-23 03:00:00,1245.71,1245.71,1244.31,1245.33,0
2017-03-23 04:00:00,1245.33,1246.54,1245.19,1246.15,0
2017-03-23 05:00:00,1246.15,1247.03,1246.04,1246.94,0
2017-03-23 06:00:00,1246.87,1247.04,1245.81,1245.91,0
2017-03-23 07:00:00,1245.93,1247.75,1245.92,1247.44,0
2017-03-23 08:00:00,1247.44,1248.35,1246.65,1246.78,0
2017-03-23 09:00:00,1246.75,1248.56,1246.61,1248.45,0
2017-03-23 10:00:00,1248.45,1248.55,1245.6,1246.19,0
2017-03-23 11:00:00,1246.28,1248.68,1245.56,1247.76,0
2017-03-23 12:00:00,1247.77,1248.61,1247.27,1248.14,0
2017-03-23 13:00:00,1248.04,1252.56,1247.54,1252.08,0
2017-03-23 14:00:00,1252.1,1253.28,1248.63,1248.85,0
2017-03-23 15:00:00,1248.94,1249.8,1246.68,1248.05,0
2017-03-23 16:00:00,1248.01,1249.14,1242.79,1245.64,0
2017-03-23 17:00:00,1245.64,1245.64,1242.82,1244.84,0
2017-03-23 18:00:00,1244.84,1247.57,1244.54,1246.4,0
2017-03-23 19:00:00,1246.36,1246.7,1244.32,1245.23,0
2017-03-23 20:00:00,1245.24,1248.35,1245.08,1246.24,0
2017-03-23 21:00:00,1246.24,1246.74,1244.96,1245.06,0
2017-03-23 23:00:00,1245.1,1245.71,1244.13,1244.71,0
2017-03-24 00:00:00,1244.73,1245.73,1244.56,1245.62,0
2017-03-24 01:00:00,1245.62,1246.65,1243.8,1243.9,0
2017-03-24 02:00:00,1243.81,1244.43,1243.24,1243.75,0
2017-03-24 03:00:00,1243.75,1244.17,1242.58,1243.12,0
2017-03-24 04:00:00,1243.12,1244.1,1243.01,1243.98,0
2017-03-24 05:00:00,1243.98,1244.08,1243.22,1243.93,0
2017-03-24 06:00:00,1244.03,1244.15,1242.09,1242.47,0
2017-03-24 07:00:00,1242.48,1243.31,1242.15,1242.6,0
2017-03-24 08:00:00,1242.6,1244.83,1242.31,1243.87,0
2017-03-24 09:00:00,1243.97,1244.07,1240.99,1243.04,0
2017-03-24 10:00:00,1243.04,1244.47,1242.56,1244.15,0
2017-03-24 11:00:00,1244.16,1244.69,1243.74,1244.34,0
2017-03-24 12:00:00,1244.35,1245.92,1243.65,1245.7,0
2017-03-24 13:00:00,1245.71,1246.27,1244.6,1245.31,0
2017-03-24 14:00:00,1245.41,1247.63,1243.45,1246.52,0
2017-03-24 15:00:00,1246.54,1248.79,1246.5,1247.46,0
2017-03-24 16:00:00,1247.47,1249.06,1246.16,1247.7,0
2017-03-24 17:00:00,1247.7,1249.93,1247.22,1248.24,0
2017-03-24 18:00:00,1248.27,1248.65,1247.43,1248.19,0
2017-03-24 19:00:00,1248.17,1249.89,1247.76,1249.84,0
2017-03-24 20:00:00,1249.83,1251.87,1246.88,1247.93,0
2017-03-24 21:00:00,1247.94,1248.04,1244.87,1245.16,0
2017-03-26 23:00:00,1246.86,1254.14,1246.85,1252.62,0
2017-03-27 00:00:00,1252.71,1253.89,1251.55,1252.95,0
2017-03-27 01:00:00,1252.95,1255.19,1252.43,1254.89,0
2017-03-27 02:00:00,1254.79,1258.1,1254.76,1256.41,0
2017-03-27 03:00:00,1256.42,1256.92,1256.18,1256.76,0
2017-03-27 04:00:00,1256.76,1256.86,1256.25,1256.51,0
2017-03-27 05:00:00,1256.49,1256.96,1256.22,1256.45,0
2017-03-27 06:00:00,1256.45,1257.61,1256.0,1257.31,0
2017-03-27 07:00:00,1257.31,1259.23,1256.91,1258.34,0
2017-03-27 08:00:00,1258.33,1258.81,1256.92,1258.1,0
2017-03-27 09:00:00,1258.12,1258.7,1257.03,1257.23,0
2017-03-27 10:00:00,1257.23,1258.1,1256.89,1257.88,0
2017-03-27 11:00:00,1257.88,1258.07,1256.52,1256.71,0
2017-03-27 12:00:00,1256.8,1258.57,1256.57,1258.47,0
2017-03-27 13:00:00,1258.48,1259.07,1257.66,1258.33,0
2017-03-27 14:00:00,1258.32,1261.06,1257.68,1257.99,0
2017-03-27 15:00:00,1257.99,1258.7,1253.84,1255.19,0
2017-03-27 16:00:00,1255.19,1256.39,1252.5,1254.56,0
2017-03-27 17:00:00,1254.56,1256.0,1253.68,1253.86,0
2017-03-27 18:00:00,1253.86,1256.02,1252.98,1255.51,0
2017-03-27 19:00:00,1255.51,1256.27,1254.81,1255.19,0
2017-03-27 20:00:00,1255.25,1255.58,1254.41,1255.27,0
2017-03-27 21:00:00,1255.27,1255.34,1253.89,1254.35,0
2017-03-27 23:00:00,1253.93,1254.93,1253.59,1254.04,0
2017-03-28 00:00:00,1254.03,1254.03,1252.65,1253.03,0
2017-03-28 01:00:00,1252.97,1254.09,1252.86,1253.73,0
2017-03-28 02:00:00,1253.81,1255.49,1253.74,1253.83,0
2017-03-28 03:00:00,1253.83,1254.35,1253.51,1254.17,0
2017-03-28 04:00:00,1254.16,1254.47,1253.91,1254.09,0
2017-03-28 05:00:00,1254.1,1254.92,1254.03,1254.34,0
2017-03-28 06:00:00,1254.31,1254.62,1253.46,1253.6,0
2017-03-28 07:00:00,1253.6,1253.7,1251.19,1251.81,0
2017-03-28 08:00:00,1251.78,1253.97,1251.74,1253.3,0
2017-03-28 09:00:00,1253.31,1254.33,1253.06,1253.78,0
2017-03-28 10:00:00,1253.8,1254.18,1252.64,1253.15,0
2017-03-28 11:00:00,1253.15,1254.34,1252.83,1254.18,0
2017-03-28 12:00:00,1254.22,1256.01,1253.95,1255.48,0
2017-03-28 13:00:00,1255.5,1258.1,1255.5,1257.28,0
2017-03-28 14:00:00,1257.28,1258.41,1255.86,1257.3,0
2017-03-28 15:00:00,1257.23,1258.2,1255.2,1257.08,0
2017-03-28 16:00:00,1257.12,1257.24,1254.41,1254.93,0
2017-03-28 17:00:00,1254.93,1255.27,1253.48,1254.39,0
2017-03-28 18:00:00,1254.39,1256.11,1251.29,1251.61,0
2017-03-28 19:00:00,1251.56,1251.6,1247.71,1248.96,0
2017-03-28 20:00:00,1248.96,1250.51,1248.46,1250.41,0
2017-03-28 21:00:00,1250.38,1251.8,1250.25,1251.73,0
2017-03-28 23:00:00,1250.94,1252.14,1250.44,1250.96,0
2017-03-29 00:00:00,1250.95,1251.15,1249.6,1250.21,0
2017-03-29 01:00:00,1250.2,1250.73,1249.35,1250.24,0
2017-03-29 02:00:00,1250.21,1250.21,1247.68,1247.8,0
2017-03-29 03:00:00,1247.8,1248.99,1247.35,1248.81,0
2017-03-29 04:00:00,1248.81,1248.96,1247.92,1248.61,0
2017-03-29 05:00:00,1248.56,1249.48,1248.33,1249.45,0
2017-03-29 06:00:00,1249.45,1249.48,1248.56,1249.18,0
2017-03-29 07:00:00,1249.2,1251.18,1248.91,1250.24,0
2017-03-29 08:00:00,1250.24,1251.0,1249.83,1250.55,0
2017-03-29 09:00:00,1250.57,1253.42,1249.72,1253.02,0
2017-03-29 10:00:00,1253.02,1253.38,1251.7,1251.87,0
2017-03-29 11:00:00,1251.87,1253.09,1251.51,1251.71,0
2017-03-29 12:00:00,1251.71,1254.27,1251.63,1252.92,0
2017-03-29 13:00:00,1252.93,1253.67,1250.78,1253.1,0
2017-03-29 14:00:00,1253.11,1254.33,1251.92,1253.29,0
2017-03-29 15:00:00,1253.29,1253.29,1250.43,1252.09,0
2017-03-29 16:00:00,1252.15,1253.22,1251.03,1251.78,0
2017-03-29 17:00:00,1251.82,1252.65,1250.65,1252.43,0
2017-03-29 18:00:00,1252.44,1254.67,1252.19,1252.51,0
2017-03-29 19:00:00,1252.52,1253.51,1252.21,1253.51,0
2017-03-29 20:00:00,1253.51,1253.73,1252.8,1252.94,0
2017-03-29 21:00:00,1252.94,1253.35,1251.93,1253.09,0
2017-03-29 23:00:00,1253.39,1253.83,1252.57,1253.1,0
2017-03-30 00:00:00,1253.09,1253.7,1252.26,1252.63,0
2017-03-30 01:00:00,1252.6,1252.95,1250.84,1251.19,0
2017-03-30 02:00:00,1251.29,1251.35,1250.15,1250.58,0
2017-03-30 03:00:00,1250.57,1250.57,1248.31,1248.96,0
2017-03-30 04:00:00,1248.96,1250.1,1248.6,1249.82,0
2017-03-30 05:00:00,1249.81,1250.14,1249.45,1249.76,0
2017-03-30 06:00:00,1249.76,1250.57,1249.75,1249.96,0
2017-03-30 07:00:00,1249.98,1251.48,1249.8,1251.03,0
2017-03-30 08:00:00,1251.03,1251.54,1250.02,1250.99,0
2017-03-30 09:00:00,1250.97,1251.46,1249.85,1250.71,0
2017-03-30 10:00:00,1250.78,1250.86,1249.34,1249.65,0
2017-03-30 11:00:00,1249.65,1250.84,1248.9,1250.26,0
2017-03-30 12:00:00,1250.23,1251.02,1249.83,1250.28,0
2017-03-30 13:00:00,1250.28,1250.94,1246.47,1247.87,0
2017-03-30 14:00:00,1247.86,1251.16,1244.44,1249.1,0
2017-03-30 15:00:00,1249.11,1250.33,1247.11,1248.76,0
2017-03-30 16:00:00,1248.79,1250.16,1248.48,1248.67,0
2017-03-30 17:00:00,1248.75,1249.91,1247.42,1247.56,0
2017-03-30 18:00:00,1247.61,1247.62,1244.57,1245.99,0
2017-03-30 19:00:00,1245.99,1246.38,1243.8,1244.49,0
2017-03-30 20:00:00,1244.49,1244.93,1243.13,1244.45,0
2017-03-30 21:00:00,1244.46,1244.8,1242.41,1243.06,0
2017-03-30 23:00:00,1242.72,1244.14,1242.72,1243.56,0
2017-03-31 00:00:00,1243.56,1244.38,1243.19,1243.73,0
2017-03-31 01:00:00,1243.7,1244.31,1241.91,1242.33,0
2017-03-31 02:00:00,1242.23,1243.04,1240.88,1241.06,0
2017-03-31 03:00:00,1241.06,1241.56,1239.69,1240.66,0
2017-03-31 04:00:00,1240.67,1241.51,1240.46,1241.21,0
2017-03-31 05:00:00,1241.2,1242.29,1241.2,1242.16,0
2017-03-31 06:00:00,1242.16,1243.15,1242.0,1242.17,0
2017-03-31 07:00:00,1242.25,1243.05,1242.0,1242.75,0
2017-03-31 08:00:00,1242.75,1243.53,1242.21,1242.96,0
2017-03-31 09:00:00,1242.94,1243.41,1242.13,1242.94,0
2017-03-31 10:00:00,1242.96,1243.22,1241.49,1242.17,0
2017-03-31 11:00:00,1242.17,1243.14,1241.77,1242.71,0
2017-03-31 12:00:00,1242.71,1242.99,1241.83,1242.59,0
2017-03-31 13:00:00,1242.6,1242.61,1240.19,1241.28,0
2017-03-31 14:00:00,1241.28,1246.67,1240.57,1244.72,0
2017-03-31 15:00:00,1244.75,1247.31,1244.51,1247.2,0
2017-03-31 16:00:00,1247.2,1247.51,1245.49,1246.89,0
2017-03-31 17:00:00,1246.94,1250.56,1246.16,1249.85,0
2017-03-31 18:00:00,1249.87,1250.02,1248.17,1248.85,0
2017-03-31 19:00:00,1248.84,1250.21,1248.31,1250.05,0
2017-03-31 20:00:00,1250.05,1250.25,1247.21,1247.27,0
2017-03-31 21:00:00,1247.37,1249.25,1247.18,1248.98,0
2017-04-02 23:00:00,1249.17,1249.56,1247.58,1249.3,0
2017-04-03 00:00:00,1249.32,1249.77,1248.14,1248.23,0
2017-04-03 01:00:00,1248.23,1249.9,1247.81,1248.65,0
2017-04-03 02:00:00,1248.69,1249.34,1248.1,1248.24,0
2017-04-03 03:00:00,1248.24,1248.57,1247.6,1248.21,0
2017-04-03 04:00:00,1248.21,1248.94,1247.9,1248.82,0
2017-04-03 05:00:00,1248.82,1248.9,1248.05,1248.6,0
2017-04-03 06:00:00,1248.6,1248.6,1247.26,1247.67,0
2017-04-03 07:00:00,1247.63,1247.67,1246.31,1246.84,0
2017-04-03 08:00:00,1246.94,1247.14,1245.43,1245.93,0
2017-04-03 09:00:00,1245.93,1246.71,1244.54,1246.02,0
2017-04-03 10:00:00,1246.01,1247.3,1245.96,1246.33,0
2017-04-03 11:00:00,1246.33,1246.53,1244.9,1245.65,0
2017-04-03 12:00:00,1245.63,1246.52,1244.52,1246.46,0
2017-04-03 13:00:00,1246.51,1248.13,1246.35,1246.65,0
2017-04-03 14:00:00,1246.59,1248.34,1245.66,1247.7,0
2017-04-03 15:00:00,1247.6,1253.36,1246.72,1252.2,0
2017-04-03 16:00:00,1252.29,1253.71,1251.3,1252.85,0
2017-04-03 17:00:00,1252.9,1253.73,1252.05,1252.41,0
2017-04-03 18:00:00,1252.36,1253.04,1251.6,1252.46,0
2017-04-03 19:00:00,1252.45,1253.4,1251.54,1252.2,0
2017-04-03 20:00:00,1252.22,1253.31,1251.78,1253.3,0
2017-04-03 21:00:00,1253.3,1253.4,1252.3,1253.39,0
2017-04-03 23:00:00,1253.71,1256.16,1253.71,1254.55,0
2017-04-04 00:00:00,1254.54,1255.88,1254.49,1255.58,0
2017-04-04 01:00:00,1255.62,1257.1,1255.48,1256.27,0
2017-04-04 02:00:00,1256.28,1256.93,1255.44,1255.54,0
2017-04-04 03:00:00,1255.49,1255.83,1254.7,1254.79,0
2017-04-04 04:00:00,1254.78,1256.25,1254.76,1255.75,0
2017-04-04 05:00:00,1255.7,1256.5,1255.52,1256.19,0
2017-04-04 06:00:00,1256.19,1256.81,1255.79,1256.08,0
2017-04-04 07:00:00,1256.1,1258.05,1255.96,1257.92,0
2017-04-04 08:00:00,1257.92,1257.93,1257.11,1257.83,0
2017-04-04 09:00:00,1257.83,1260.12,1257.73,1257.98,0
2017-04-04 10:00:00,1257.99,1259.03,1257.79,1258.69,0
2017-04-04 11:00:00,1258.68,1259.68,1257.18,1257.8,0
2017-04-04 12:00:00,1257.89,1260.68,1257.2,1260.18,0
2017-04-04 13:00:00,1260.21,1261.32,1257.83,1257.96,0
2017-04-04 14:00:00,1257.97,1258.06,1253.98,1257.06,0
2017-04-04 15:00:00,1257.06,1257.94,1255.88,1256.85,0
2017-04-04 16:00:00,1256.87,1257.35,1254.37,1255.34,0
2017-04-04 17:00:00,1255.36,1256.66,1255.16,1256.06,0
2017-04-04 18:00:00,1256.05,1256.84,1255.23,1255.96,0
2017-04-04 19:00:00,1255.97,1256.61,1255.17,1256.57,0
2017-04-04 20:00:00,1256.65,1256.67,1255.84,1256.29,0
2017-04-04 21:00:00,1256.26,1256.51,1255.89,1255.93,0
2017-04-04 23:00:00,1255.98,1256.59,1255.21,1255.62,0
2017-04-05 00:00:00,1255.56,1255.97,1255.07,1255.6,0
2017-04-05 01:00:00,1255.59,1256.32,1255.23,1255.95,0
2017-04-05 02:00:00,1256.0,1256.05,1253.5,1254.62,0
2017-04-05 03:00:00,1254.63,1254.95,1253.98,1254.84,0
2017-04-05 04:00:00,1254.84,1255.44,1254.64,1255.27,0
2017-04-05 05:00:00,1255.27,1255.76,1254.8,1254.9,0
2017-04-05 06:00:00,1254.9,1255.6,1254.71,1254.89,0
2017-04-05 07:00:00,1254.89,1255.76,1254.02,1255.67,0
2017-04-05 08:00:00,1255.76,1257.35,1255.76,1256.55,0
2017-04-05 09:00:00,1256.54,1256.8,1254.76,1254.86,0
2017-04-05 10:00:00,1254.86,1255.16,1252.03,1252.59,0
2017-04-05 11:00:00,1252.57,1253.29,1252.22,1252.88,0
2017-04-05 12:00:00,1252.89,1253.66,1251.84,1252.57,0
2017-04-05 13:00:00,1252.58,1253.31,1247.7,1249.2,0
2017-04-05 14:00:00,1249.2,1250.6,1243.78,1245.7,0
2017-04-05 15:00:00,1245.81,1249.2,1245.7,1247.61,0
2017-04-05 16:00:00,1247.62,1249.22,1246.89,1248.29,0
2017-04-05 17:00:00,1248.35,1248.39,1245.63,1245.8,0
2017-04-05 18:00:00,1245.83,1247.47,1245.16,1247.32,0
2017-04-05 19:00:00,1247.32,1252.52,1244.14,1252.44,0
2017-04-05 20:00:00,1252.47,1256.38,1252.2,1256.28,0
2017-04-05 21:00:00,1256.28,1257.05,1255.02,1255.49,0
2017-04-05 23:00:00,1256.26,1257.61,1255.53,1256.15,0
2017-04-06 00:00:00,1256.18,1258.91,1255.8,1258.26,0
2017-04-06 01:00:00,1258.27,1258.81,1256.52,1256.67,0
2017-04-06 02:00:00,1256.72,1256.77,1254.22,1254.94,0
2017-04-06 03:00:00,1254.95,1256.03,1254.46,1254.52,0
2017-04-06 04:00:00,1254.52,1254.87,1253.6,1254.06,0
2017-04-06 05:00:00,1254.06,1254.06,1252.89,1253.67,0
2017-04-06 06:00:00,1253.69,1254.73,1253.58,1254.29,0
2017-04-06 07:00:00,1254.27,1254.56,1253.04,1253.62,0
2017-04-06 08:00:00,1253.62,1254.5,1252.96,1254.14,0
2017-04-06 09:00:00,1254.15,1255.34,1253.66,1253.93,0
2017-04-06 10:00:00,1253.93,1254.55,1253.24,1253.63,0
2017-04-06 11:00:00,1253.62,1253.64,1250.99,1251.35,0
2017-04-06 12:00:00,1251.36,1252.62,1251.29,1252.46,0
2017-04-06 13:00:00,1252.45,1253.89,1250.93,1253.34,0
2017-04-06 14:00:00,1253.34,1254.26,1251.54,1252.35,0
2017-04-06 15:00:00,1252.3,1253.67,1251.73,1252.58,0
2017-04-06 16:00:00,1252.67,1252.67,1249.77,1251.71,0
2017-04-06 17:00:00,1251.7,1253.33,1250.87,1252.64,0
2017-04-06 18:00:00,1252.6,1252.66,1251.06,1252.06,0
2017-04-06 19:00:00,1252.05,1253.15,1251.47,1253.15,0
2017-04-06 20:00:00,1253.11,1253.11,1251.62,1251.72,0
2017-04-06 21:00:00,1251.72,1252.26,1251.44,1251.46,0
2017-04-06 23:00:00,1251.92,1251.97,1251.48,1251.56,0
2017-04-07 00:00:00,1251.58,1251.86,1251.03,1251.6,0
2017-04-07 01:00:00,1251.56,1251.7,1250.61,1251.25,0
2017-04-07 02:00:00,1251.25,1264.45,1250.69,1264.45,0
2017-04-07 03:00:00,1264.45,1269.42,1264.45,1264.76,0
2017-04-07 04:00:00,1264.76,1265.16,1262.67,1263.11,0
2017-04-07 05:00:00,1263.11,1263.56,1261.91,1263.56,0
2017-04-07 06:00:00,1263.56,1266.08,1263.49,1265.52,0
2017-04-07 07:00:00,1265.48,1265.67,1261.98,1263.24,0
2017-04-07 08:00:00,1263.24,1264.15,1262.32,1263.49,0
2017-04-07 09:00:00,1263.49,1264.98,1263.4,1264.75,0
2017-04-07 10:00:00,1264.74,1265.43,1263.99,1264.64,0
2017-04-07 11:00:00,1264.65,1264.93,1264.14,1264.32,0
2017-04-07 12:00:00,1264.32,1264.36,1262.19,1262.99,0
2017-04-07 13:00:00,1262.99,1271.01,1262.67,1266.26,0
2017-04-07 14:00:00,1266.21,1267.44,1261.64,1266.56,0
2017-04-07 15:00:00,1266.57,1267.32,1264.96,1266.2,0
2017-04-07 16:00:00,1266.3,1266.37,1264.61,1266.05,0
2017-04-07 17:00:00,1266.01,1266.23,1260.38,1260.5,0
2017-04-07 18:00:00,1260.5,1260.86,1253.53,1253.68,0
2017-04-07 19:00:00,1253.67,1255.93,1251.42,1255.93,0
2017-04-07 20:00:00,1255.93,1256.05,1254.17,1254.57,0
2017-04-07 21:00:00,1254.63,1255.38,1254.06,1254.09,0
2017-04-09 23:00:00,1254.29,1255.24,1253.46,1254.44,0
2017-04-10 00:00:00,1254.49,1255.89,1254.1,1255.1,0
2017-04-10 01:00:00,1255.12,1255.21,1253.2,1253.42,0
2017-04-10 02:00:00,1253.4,1253.53,1251.89,1252.86,0
2017-04-10 03:00:00,1252.91,1253.44,1252.13,1253.26,0
2017-04-10 04:00:00,1253.21,1253.5,1252.76,1253.5,0
2017-04-10 05:00:00,1253.5,1253.57,1252.87,1253.23,0
2017-04-10 06:00:00,1253.23,1255.27,1252.93,1254.14,0
2017-04-10 07:00:00,1254.15,1255.03,1253.91,1253.91,0
2017-04-10 08:00:00,1254.01,1254.63,1252.79,1253.0,0
2017-04-10 09:00:00,1253.0,1253.85,1252.74,1253.75,0
2017-04-10 10:00:00,1253.81,1254.3,1253.03,1253.99,0
2017-04-10 11:00:00,1253.99,1253.99,1252.01,1252.46,0
2017-04-10 12:00:00,1252.45,1253.22,1249.1,1250.42,0
2017-04-10 13:00:00,1250.42,1250.56,1247.18,1249.08,0
2017-04-10 14:00:00,1249.09,1250.9,1248.48,1249.89,0
2017-04-10 15:00:00,1249.93,1252.1,1249.77,1251.66,0
2017-04-10 16:00:00,1251.67,1254.76,1251.3,1254.45,0
2017-04-10 17:00:00,1254.46,1257.12,1253.02,1253.52,0
2017-04-10 18:00:00,1253.49,1253.8,1250.95,1252.84,0
2017-04-10 19:00:00,1252.79,1254.99,1252.75,1253.89,0
2017-04-10 20:00:00,1253.93,1254.84,1253.29,1254.5,0
2017-04-10 21:00:00,1254.5,1255.06,1253.02,1254.32,0
2017-04-10 23:00:00,1255.17,1256.46,1254.43,1255.8,0
2017-04-11 00:00:00,1255.8,1256.33,1255.53,1256.01,0
2017-04-11 01:00:00,1256.08,1257.1,1254.65,1255.23,0
2017-04-11 02:00:00,1255.23,1255.23,1253.08,1254.37,0
2017-04-11 03:00:00,1254.37,1256.32,1254.13,1255.64,0
2017-04-11 04:00:00,1255.64,1256.44,1255.54,1255.63,0
2017-04-11 05:00:00,1255.62,1256.47,1255.61,1256.16,0
2017-04-11 06:00:00,1256.16,1257.52,1255.62,1256.79,0
2017-04-11 07:00:00,1256.84,1257.44,1255.83,1257.12,0
2017-04-11 08:00:00,1257.13,1258.87,1256.3,1257.58,0
2017-04-11 09:00:00,1257.57,1258.06,1256.44,1257.01,0
2017-04-11 10:00:00,1257.01,1257.26,1255.97,1256.94,0
2017-04-11 11:00:00,1256.96,1258.12,1256.65,1257.48,0
2017-04-11 12:00:00,1257.54,1257.96,1257.11,1257.74,0
2017-04-11 13:00:00,1257.77,1260.76,1257.63,1260.52,0
2017-04-11 14:00:00,1260.53,1266.68,1260.41,1266.31,0
2017-04-11 15:00:00,1265.27,1273.44,1264.43,1272.75,0
2017-04-11 16:00:00,1272.75,1273.81,1270.68,1271.4,0
2017-04-11 17:00:00,1271.14,1272.1,1268.83,1271.22,0
2017-04-11 18:00:00,1271.22,1272.81,1269.26,1272.81,0
2017-04-11 19:00:00,1272.81,1275.16,1272.55,1273.67,0
2017-04-11 20:00:00,1273.67,1274.46,1271.97,1272.6,0
2017-04-11 21:00:00,1272.61,1274.41,1272.53,1274.36,0
2017-04-11 23:00:00,1274.4,1275.19,1273.26,1274.59,0
2017-04-12 00:00:00,1274.59,1276.24,1274.28,1276.18,0
2017-04-12 01:00:00,1276.18,1276.97,1274.96,1276.69,0
2017-04-12 02:00:00,1276.61,1279.79,1276.44,1277.16,0
2017-04-12 03:00:00,1277.16,1277.72,1274.12,1274.86,0
2017-04-12 04:00:00,1274.92,1275.67,1274.06,1275.2,0
2017-04-12 05:00:00,1275.19,1276.05,1274.76,1275.65,0
2017-04-12 06:00:00,1275.6,1276.2,1273.83,1274.2,0
2017-04-12 07:00:00,1274.2,1275.2,1273.81,1275.19,0
2017-04-12 08:00:00,1275.2,1275.85,1273.1,1274.39,0
2017-04-12 09:00:00,1274.38,1274.78,1273.66,1274.47,0
2017-04-12 10:00:00,1274.5,1274.83,1272.48,1273.34,0
2017-04-12 11:00:00,1273.23,1274.6,1272.7,1273.96,0
2017-04-12 12:00:00,1273.96,1274.54,1273.21,1274.28,0
2017-04-12 13:00:00,1274.27,1278.25,1273.83,1275.39,0
2017-04-12 14:00:00,1275.39,1276.0,1271.92,1275.08,0
2017-04-12 15:00:00,1275.07,1277.1,1274.06,1276.32,0
2017-04-12 16:00:00,1276.32,1276.9,1273.84,1273.88,0
2017-04-12 17:00:00,1273.84,1275.7,1273.14,1275.67,0
2017-04-12 18:00:00,1275.61,1276.26,1272.56,1272.84,0
2017-04-12 19:00:00,1272.84,1276.64,1272.63,1275.25,0
2017-04-12 20:00:00,1275.26,1283.6,1275.17,1281.47,0
2017-04-12 21:00:00,1281.47,1286.74,1281.37,1286.26,0
2017-04-12 23:00:00,1285.94,1286.63,1284.69,1286.51,0
2017-04-13 00:00:00,1286.51,1287.25,1285.4,1287.18,0
2017-04-13 01:00:00,1287.17,1287.27,1285.91,1286.9,0
2017-04-13 02:00:00,1286.97,1287.98,1285.18,1287.52,0
2017-04-13 03:00:00,1287.57,1287.93,1286.5,1286.63,0
2017-04-13 04:00:00,1286.65,1286.74,1285.23,1285.73,0
2017-04-13 05:00:00,1285.75,1286.55,1285.62,1286.24,0
2017-04-13 06:00:00,1286.19,1286.34,1283.95,1284.99,0
2017-04-13 07:00:00,1285.0,1285.42,1283.89,1284.12,0
2017-04-13 08:00:00,1284.13,1285.94,1283.89,1285.62,0
2017-04-13 09:00:00,1285.67,1287.46,1285.43,1286.12,0
2017-04-13 10:00:00,1286.13,1287.98,1286.11,1287.88,0
2017-04-13 11:00:00,1287.87,1288.62,1287.18,1287.32,0
2017-04-13 12:00:00,1287.32,1288.33,1285.8,1287.01,0
2017-04-13 13:00:00,1287.01,1287.64,1285.67,1287.23,0
2017-04-13 14:00:00,1287.15,1287.94,1282.13,1284.1,0
2017-04-13 15:00:00,1284.06,1285.54,1281.86,1284.29,0
2017-04-13 16:00:00,1284.28,1285.68,1283.78,1284.16,0
2017-04-13 17:00:00,1284.08,1287.54,1284.05,1286.68,0
2017-04-13 18:00:00,1286.78,1288.12,1285.64,1287.25,0
2017-04-13 19:00:00,1287.25,1287.95,1286.34,1286.92,0
2017-04-13 20:00:00,1286.88,1288.16,1286.32,1287.87,0
2017-04-13 21:00:00,1287.88,1288.32,1286.99,1287.25,0
2017-04-16 23:00:00,1293.67,1293.91,1293.14,1293.61,0
2017-04-17 00:00:00,1293.61,1295.52,1293.15,1294.62,0
2017-04-17 01:00:00,1294.57,1295.04,1293.68,1294.24,0
2017-04-17 02:00:00,1294.26,1294.56,1290.97,1292.59,0
2017-04-17 03:00:00,1292.59,1292.8,1290.61,1291.09,0
2017-04-17 04:00:00,1291.1,1291.74,1290.41,1290.94,0
2017-04-17 05:00:00,1290.94,1291.92,1290.55,1291.92,0
2017-04-17 06:00:00,1291.96,1292.08,1287.22,1288.25,0
2017-04-17 07:00:00,1288.25,1288.25,1286.73,1287.82,0
2017-04-17 08:00:00,1287.74,1289.5,1287.65,1288.98,0
2017-04-17 09:00:00,1288.99,1289.58,1288.86,1289.29,0
2017-04-17 10:00:00,1289.29,1290.73,1289.08,1289.83,0
2017-04-17 11:00:00,1289.88,1290.53,1289.18,1289.71,0
2017-04-17 12:00:00,1289.72,1290.21,1286.23,1286.38,0
2017-04-17 13:00:00,1286.44,1287.93,1285.72,1286.7,0
2017-04-17 14:00:00,1286.71,1289.72,1285.92,1288.56,0
2017-04-17 15:00:00,1288.51,1292.01,1288.29,1291.7,0
2017-04-17 16:00:00,1291.69,1292.78,1288.74,1289.46,0
2017-04-17 17:00:00,1289.46,1289.46,1287.68,1289.29,0
2017-04-17 18:00:00,1289.39,1290.44,1289.01,1289.84,0
2017-04-17 19:00:00,1289.84,1289.84,1285.5,1285.95,0
2017-04-17 20:00:00,1285.9,1285.95,1281.38,1283.88,0
2017-04-17 21:00:00,1283.87,1284.93,1283.66,1284.43,0
2017-04-17 23:00:00,1284.74,1284.97,1283.62,1284.08,0
2017-04-18 00:00:00,1284.17,1284.17,1282.49,1283.03,0
2017-04-18 01:00:00,1282.95,1284.03,1281.92,1284.0,0
2017-04-18 02:00:00,1284.0,1285.65,1283.92,1284.89,0
2017-04-18 03:00:00,1284.92,1285.55,1283.39,1283.65,0
2017-04-18 04:00:00,1283.66,1283.84,1282.89,1283.55,0
2017-04-18 05:00:00,1283.55,1283.65,1282.23,1282.39,0
2017-04-18 06:00:00,1282.44,1284.33,1281.43,1283.84,0
2017-04-18 07:00:00,1283.84,1284.55,1282.63,1282.82,0
2017-04-18 08:00:00,1282.81,1285.52,1282.8,1284.8,0
2017-04-18 09:00:00,1284.8,1285.17,1284.09,1284.81,0
2017-04-18 10:00:00,1284.81,1287.33,1284.61,1286.43,0
2017-04-18 11:00:00,1286.5,1286.98,1285.79,1286.08,0
2017-04-18 12:00:00,1286.0,1286.28,1282.98,1284.5,0
2017-04-18 13:00:00,1284.47,1285.92,1283.75,1285.08,0
2017-04-18 14:00:00,1285.07,1286.78,1278.95,1279.58,0
2017-04-18 15:00:00,1279.65,1289.02,1279.56,1288.08,0
2017-04-18 16:00:00,1288.07,1291.65,1286.63,1290.79,0
2017-04-18 17:00:00,1290.79,1292.03,1288.88,1291.4,0
2017-04-18 18:00:00,1291.43,1292.35,1290.25,1291.51,0
2017-04-18 19:00:00,1291.53,1291.74,1289.33,1290.8,0
2017-04-18 20:00:00,1290.75,1292.36,1289.84,1290.14,0
2017-04-18 21:00:00,1290.18,1290.27,1289.02,1289.12,0
2017-04-18 23:00:00,1289.67,1290.72,1288.85,1288.96,0
2017-04-19 00:00:00,1288.96,1289.91,1288.68,1289.21,0
2017-04-19 01:00:00,1289.21,1289.3,1287.54,1288.42,0
2017-04-19 02:00:00,1288.45,1288.47,1286.54,1286.84,0
2017-04-19 03:00:00,1286.83,1287.46,1286.31,1287.37,0
2017-04-19 04:00:00,1287.37,1287.47,1286.25,1286.6,0
2017-04-19 05:00:00,1286.54,1287.14,1286.34,1286.95,0
2017-04-19 06:00:00,1286.95,1287.25,1284.38,1284.77,0
2017-04-19 07:00:00,1284.81,1285.09,1283.31,1284.59,0
2017-04-19 08:00:00,1284.59,1285.4,1283.94,1284.84,0
2017-04-19 09:00:00,1284.83,1285.05,1281.64,1281.65,35761
2017-04-19 10:00:00,1281.63,1283.49,1281.56,1283.31,1260198
2017-04-19 11:00:00,1283.31,1283.47,1281.14,1281.96,1416530
2017-04-19 12:00:00,1281.96,1285.34,1281.86,1285.34,2143438
2017-04-19 13:00:00,1285.2,1285.92,1273.98,1278.1,3711008
2017-04-19 14:00:00,1278.1,1281.52,1276.61,1279.84,4106922
2017-04-19 15:00:00,1279.89,1281.31,1278.16,1278.53,2660595
2017-04-19 16:00:00,1278.52,1283.01,1277.28,1281.89,3614733
2017-04-19 17:00:00,1282.04,1282.64,1280.3,1280.39,1933218
2017-04-19 18:00:00,1280.39,1282.66,1279.96,1282.16,2213561
2017-04-19 19:00:00,1282.16,1282.34,1277.62,1278.91,2764931
2017-04-19 20:00:00,1278.91,1280.01,1278.72,1279.0,1031823
2017-04-19 21:00:00,1279.0,1280.14,1278.98,1279.62,0
2017-04-19 23:00:00,1278.44,1280.29,1278.26,1279.52,1458016
2017-04-20 00:00:00,1279.52,1279.82,1278.07,1278.73,1193110
2017-04-20 01:00:00,1278.71,1281.03,1278.67,1279.36,1646179
2017-04-20 02:00:00,1279.3,1279.82,1278.82,1279.57,780688
2017-04-20 03:00:00,1279.54,1279.54,1278.54,1278.88,1204445
2017-04-20 04:00:00,1278.85,1279.41,1278.63,1279.41,641894
2017-04-20 05:00:00,1279.4,1280.11,1277.31,1279.41,1585348
2017-04-20 06:00:00,1279.42,1281.31,1278.49,1280.45,1765517
2017-04-20 07:00:00,1280.45,1282.08,1277.88,1278.47,2465600
2017-04-20 08:00:00,1278.46,1280.44,1277.11,1278.63,2508113
2017-04-20 09:00:00,1278.61,1279.97,1278.46,1278.88,1567389
2017-04-20 10:00:00,1278.85,1279.1,1277.38,1278.08,1359201
2017-04-20 11:00:00,1278.09,1279.53,1278.08,1279.19,1369796
2017-04-20 12:00:00,1279.12,1282.01,1278.95,1279.25,1886295
2017-04-20 13:00:00,1279.27,1282.74,1276.58,1281.86,3874699
2017-04-20 14:00:00,1281.93,1283.11,1279.29,1282.49,3664211
2017-04-20 15:00:00,1282.42,1283.36,1277.72,1278.15,2732532
2017-04-20 16:00:00,1278.13,1281.29,1276.64,1280.64,3463964
2017-04-20 17:00:00,1280.62,1282.45,1279.11,1279.58,2338817
2017-04-20 18:00:00,1279.53,1281.77,1279.32,1280.74,1717830
2017-04-20 19:00:00,1280.74,1281.73,1279.83,1281.12,1697996
2017-04-20 20:00:00,1281.15,1281.82,1280.68,1281.24,799492
2017-04-20 21:00:00,1281.2,1281.91,1280.96,1281.57,0
2017-04-20 23:00:00,1281.18,1281.9,1280.06,1280.93,1140991
2017-04-21 00:00:00,1280.92,1281.66,1280.46,1281.42,1197068
2017-04-21 01:00:00,1281.43,1281.49,1280.48,1280.83,1293404
2017-04-21 02:00:00,1280.74,1280.74,1279.28,1279.53,1072022
2017-04-21 03:00:00,1279.5,1280.46,1279.2,1279.96,880460
2017-04-21 04:00:00,1279.96,1279.97,1279.55,1279.76,790420
2017-04-21 05:00:00,1279.76,1280.6,1279.61,1280.06,1156149
2017-04-21 06:00:00,1280.16,1280.37,1279.36,1279.4,1531880
2017-04-21 07:00:00,1279.43,1280.58,1278.42,1280.15,2681234
2017-04-21 08:00:00,1280.16,1281.79,1280.15,1281.25,1490429
2017-04-21 09:00:00,1281.26,1281.57,1280.35,1280.85,1377837
2017-04-21 10:00:00,1280.86,1283.05,1280.59,1282.72,1561812
2017-04-21 11:00:00,1282.72,1285.54,1282.66,1283.35,1687676
2017-04-21 12:00:00,1283.45,1284.24,1281.66,1282.34,2342332
2017-04-21 13:00:00,1282.34,1283.69,1281.73,1282.83,3087677
2017-04-21 14:00:00,1282.83,1284.74,1279.01,1284.02,3039617
2017-04-21 15:00:00,1284.03,1287.23,1282.3,1284.47,3630787
2017-04-21 16:00:00,1284.4,1286.76,1284.38,1286.53,2838915
2017-04-21 17:00:00,1286.51,1288.18,1283.85,1285.1,4022130
2017-04-21 18:00:00,1285.05,1287.43,1283.6,1284.53,4056550
2017-04-21 19:00:00,1284.55,1285.93,1283.99,1284.88,4177836
2017-04-21 20:00:00,1284.78,1285.62,1283.89,1284.88,1545653
2017-04-21 21:00:00,1284.96,1285.17,1284.04,1284.28,0
2017-04-23 23:00:00,1269.15,1274.67,1269.05,1274.2,40083
2017-04-24 00:00:00,1274.2,1274.42,1272.23,1272.73,21115
2017-04-24 01:00:00,1272.72,1277.42,1272.62,1275.96,42083
2017-04-24 02:00:00,1275.96,1276.44,1273.71,1275.06,56775
2017-04-24 03:00:00,1275.06,1276.12,1274.61,1275.61,112584
2017-04-24 04:00:00,1275.58,1276.46,1275.19,1275.29,149915
2017-04-24 05:00:00,1275.29,1275.9,1271.57,1272.23,35269
2017-04-24 06:00:00,1272.22,1272.31,1269.25,1271.17,21898
2017-04-24 07:00:00,1271.16,1273.07,1271.04,1271.55,74744
2017-04-24 08:00:00,1271.6,1272.19,1270.4,1270.71,63551
2017-04-24 09:00:00,1270.7,1272.24,1270.49,1271.74,168478
2017-04-24 10:00:00,1271.74,1272.07,1270.71,1271.58,19216
2017-04-24 11:00:00,1271.58,1272.0,1269.47,1269.7,6960
2017-04-24 12:00:00,1269.69,1271.21,1266.72,1270.05,15866
2017-04-24 13:00:00,1270.04,1271.71,1268.1,1269.51,19993
2017-04-24 14:00:00,1269.51,1273.55,1269.25,1272.52,21599
2017-04-24 15:00:00,1272.52,1275.89,1271.51,1274.98,19402
2017-04-24 16:00:00,1274.98,1275.38,1274.02,1274.87,8705
2017-04-24 17:00:00,1274.88,1276.39,1273.48,1275.57,11334
2017-04-24 18:00:00,1275.57,1276.18,1273.94,1275.72,11712
2017-04-24 19:00:00,1275.72,1276.76,1274.69,1276.22,10822
2017-04-24 20:00:00,1276.22,1276.5,1274.92,1274.92,11746
2017-04-24 21:00:00,1276.22,1276.5,1275.0,1275.46,0
2017-04-24 23:00:00,1275.88,1278.16,1275.75,1277.44,19127
2017-04-25 00:00:00,1277.49,1277.9,1275.91,1276.39,9163
2017-04-25 01:00:00,1276.41,1276.47,1274.04,1274.21,6979
2017-04-25 02:00:00,1274.22,1274.63,1273.04,1274.62,10970
2017-04-25 03:00:00,1274.63,1274.71,1273.67,1274.22,19584
2017-04-25 04:00:00,1274.21,1274.26,1273.13,1273.57,22314
2017-04-25 05:00:00,1273.63,1274.04,1272.77,1273.16,10193
2017-04-25 06:00:00,1273.16,1273.86,1271.83,1272.68,8114
2017-04-25 07:00:00,1272.69,1273.03,1270.34,1271.03,10621
2017-04-25 08:00:00,1271.02,1271.12,1269.54,1270.13,11634
2017-04-25 09:00:00,1270.15,1271.23,1269.66,1271.14,8661
2017-04-25 10:00:00,1271.13,1271.77,1270.54,1270.8,8319
2017-04-25 11:00:00,1270.8,1270.91,1268.69,1269.26,9566
2017-04-25 12:00:00,1269.25,1269.35,1265.36,1266.38,15856
2017-04-25 13:00:00,1266.39,1268.4,1265.67,1267.5,19076
2017-04-25 14:00:00,1267.53,1270.13,1266.17,1266.89,18892
2017-04-25 15:00:00,1266.9,1268.66,1266.54,1267.13,11398
2017-04-25 16:00:00,1267.13,1267.25,1261.63,1264.68,14932
2017-04-25 17:00:00,1264.68,1266.08,1264.0,1264.96,10831
2017-04-25 18:00:00,1264.96,1265.17,1262.8,1264.32,8735
2017-04-25 19:00:00,1264.31,1264.61,1262.32,1263.76,10195
2017-04-25 20:00:00,1263.76,1263.81,1262.24,1263.35,12816
2017-04-25 21:00:00,1263.76,1263.81,1262.99,1263.74,0
2017-04-25 23:00:00,1263.57,1264.42,1262.91,1263.65,52776
2017-04-26 00:00:00,1263.65,1263.85,1261.28,1262.3,9757
2017-04-26 01:00:00,1262.31,1265.04,1262.17,1264.23,13830
2017-04-26 02:00:00,1264.23,1264.74,1264.05,1264.55,59630
2017-04-26 03:00:00,1264.56,1264.74,1264.09,1264.56,2543
2017-04-26 04:00:00,1264.53,1264.62,1264.1,1264.44,937869
2017-04-26 05:00:00,1264.44,1264.7,1263.76,1263.93,1032961
2017-04-26 06:00:00,1263.84,1264.03,1262.76,1262.86,1192999
2017-04-26 07:00:00,1262.9,1265.34,1262.78,1263.16,2007640
2017-04-26 08:00:00,1263.15,1265.22,1262.82,1264.9,1637656
2017-04-26 09:00:00,1264.9,1265.93,1263.93,1265.15,1557904
2017-04-26 10:00:00,1265.21,1266.38,1263.74,1264.06,1454498
2017-04-26 11:00:00,1264.08,1265.84,1263.88,1265.25,1225685
2017-04-26 12:00:00,1265.25,1265.7,1263.77,1264.16,1475021
2017-04-26 13:00:00,1264.16,1264.45,1261.27,1263.12,3283384
2017-04-26 14:00:00,1263.11,1265.05,1261.82,1263.27,3602317
2017-04-26 15:00:00,1263.33,1264.55,1261.99,1263.28,3085444
2017-04-26 16:00:00,1263.28,1267.22,1262.41,1264.83,3136630
2017-04-26 17:00:00,1264.84,1265.48,1262.33,1262.63,2471106
2017-04-26 18:00:00,1262.63,1265.31,1260.0,1264.91,5024081
2017-04-26 19:00:00,1264.87,1268.06,1264.52,1267.02,5511518
2017-04-26 20:00:00,1267.09,1270.54,1266.32,1269.45,2792196
2017-04-26 21:00:00,1269.44,1269.71,1268.43,1268.95,990303
2017-04-26 23:00:00,1268.89,1269.49,1267.58,1268.19,577769
2017-04-27 00:00:00,1268.19,1268.39,1267.09,1267.39,923118
2017-04-27 01:00:00,1267.38,1268.28,1266.54,1268.17,1360949
2017-04-27 02:00:00,1268.17,1268.17,1265.78,1266.28,1664922
2017-04-27 03:00:00,1266.33,1266.95,1265.9,1265.94,1381504
2017-04-27 04:00:00,1266.01,1267.22,1265.71,1266.83,1286858
2017-04-27 05:00:00,1266.83,1267.0,1266.26,1266.46,1119712
2017-04-27 06:00:00,1266.44,1267.49,1266.34,1267.12,1023436
2017-04-27 07:00:00,1267.06,1267.12,1263.03,1264.36,1976266
2017-04-27 08:00:00,1264.36,1265.09,1263.24,1264.18,3629871
2017-04-27 09:00:00,1264.21,1264.79,1263.92,1264.13,1458446
2017-04-27 10:00:00,1264.14,1264.49,1263.1,1264.47,1119182
2017-04-27 11:00:00,1264.46,1264.81,1263.83,1264.38,956221
2017-04-27 12:00:00,1264.38,1265.84,1264.11,1264.47,1645215
2017-04-27 13:00:00,1264.45,1266.85,1261.99,1265.2,3666964
2017-04-27 14:00:00,1265.19,1266.68,1261.12,1261.75,3922789
2017-04-27 15:00:00,1261.65,1267.06,1261.45,1265.44,3766926
2017-04-27 16:00:00,1265.53,1266.28,1264.47,1265.8,2137399
2017-04-27 17:00:00,1265.8,1266.06,1264.64,1264.89,2002043
2017-04-27 18:00:00,1264.89,1266.62,1263.88,1264.83,2158479
2017-04-27 19:00:00,1264.83,1265.41,1264.28,1264.85,1544925
2017-04-27 20:00:00,1264.88,1265.22,1263.58,1264.72,1725542
2017-04-27 21:00:00,1264.78,1265.04,1263.19,1264.31,1113010
2017-04-27 23:00:00,1264.16,1264.29,1262.95,1264.1,552528
2017-04-28 00:00:00,1264.1,1265.15,1263.51,1263.93,1352070
2017-04-28 01:00:00,1263.93,1264.37,1263.26,1263.82,1883641
2017-04-28 02:00:00,1263.81,1265.24,1263.59,1264.52,1789211
2017-04-28 03:00:00,1264.53,1265.86,1264.51,1264.87,1187921
2017-04-28 04:00:00,1264.87,1265.13,1264.45,1265.03,852951
2017-04-28 05:00:00,1265.07,1265.61,1264.88,1265.59,750613
2017-04-28 06:00:00,1265.59,1265.76,1264.77,1265.07,999534
2017-04-28 07:00:00,1265.07,1266.16,1264.64,1265.81,1048650
2017-04-28 08:00:00,1265.8,1266.5,1264.78,1265.53,1167421
2017-04-28 09:00:00,1265.53,1267.39,1265.09,1266.96,1587961
2017-04-28 10:00:00,1267.0,1267.5,1265.94,1266.33,1727151
2017-04-28 11:00:00,1266.33,1267.11,1266.09,1266.54,722872
2017-04-28 12:00:00,1266.59,1268.08,1266.42,1267.48,1085390
2017-04-28 13:00:00,1267.47,1268.4,1264.7,1266.56,3172405
2017-04-28 14:00:00,1266.55,1267.28,1264.08,1266.36,3225704
2017-04-28 15:00:00,1266.36,1267.22,1265.06,1266.76,3224311
2017-04-28 16:00:00,1266.86,1268.21,1266.04,1267.1,1787552
2017-04-28 17:00:00,1267.12,1267.34,1265.9,1266.84,1311356
2017-04-28 18:00:00,1266.82,1267.35,1266.3,1267.29,1468780
2017-04-28 19:00:00,1267.29,1267.59,1266.52,1267.53,1448980
2017-04-28 20:00:00,1267.56,1268.44,1267.16,1268.44,1795306
2017-04-28 21:00:00,1268.44,1268.46,1266.81,1268.24,532331
2017-04-30 23:00:00,1267.34,1271.23,1267.2,1270.72,38374
2017-05-01 00:00:00,1270.73,1271.18,1269.55,1270.29,21086
2017-05-01 01:00:00,1270.3,1270.43,1266.68,1267.37,6686
2017-05-01 02:00:00,1267.36,1267.82,1261.81,1264.06,8641
2017-05-01 03:00:00,1264.07,1264.76,1263.91,1264.16,23107
2017-05-01 04:00:00,1264.16,1264.3,1263.0,1263.46,37738
2017-05-01 05:00:00,1263.4,1263.79,1263.12,1263.79,40552
2017-05-01 06:00:00,1263.8,1263.8,1262.61,1262.86,50555
2017-05-01 07:00:00,1262.87,1263.37,1262.11,1262.47,19207
2017-05-01 08:00:00,1262.48,1263.48,1261.81,1262.64,10029
2017-05-01 09:00:00,1262.65,1263.16,1262.33,1262.91,31691
2017-05-01 10:00:00,1262.87,1263.15,1262.36,1262.95,34343
2017-05-01 11:00:00,1262.96,1263.7,1262.56,1262.99,19637
2017-05-01 12:00:00,1262.99,1264.16,1262.49,1263.86,9387
2017-05-01 13:00:00,1263.87,1265.24,1262.75,1264.66,9532
2017-05-01 14:00:00,1264.66,1265.09,1262.29,1264.79,9196
2017-05-01 15:00:00,1264.8,1268.52,1263.98,1264.04,15265
2017-05-01 16:00:00,1264.03,1264.76,1258.22,1260.04,13263
2017-05-01 17:00:00,1260.03,1260.15,1254.2,1256.33,19647
2017-05-01 18:00:00,1256.32,1256.56,1254.28,1255.47,10121
2017-05-01 19:00:00,1255.46,1257.56,1255.05,1257.13,6676
2017-05-01 20:00:00,1257.12,1257.97,1256.55,1257.24,7245
2017-05-01 21:00:00,1257.24,1257.59,1256.49,1256.54,6890
2017-05-01 23:00:00,1253.46,1256.95,1253.46,1256.42,9844
2017-05-02 00:00:00,1256.41,1257.03,1255.88,1256.75,15992
2017-05-02 01:00:00,1256.75,1257.05,1256.2,1256.53,13809
2017-05-02 02:00:00,1256.52,1257.78,1256.2,1257.17,6713
2017-05-02 03:00:00,1257.17,1257.42,1256.49,1256.69,9453
2017-05-02 04:00:00,1256.69,1257.13,1256.56,1257.04,33759
2017-05-02 05:00:00,1257.03,1257.34,1256.51,1257.07,19946
2017-05-02 06:00:00,1257.07,1257.17,1254.98,1256.06,9915
2017-05-02 07:00:00,1256.03,1256.68,1255.33,1255.98,93446
2017-05-02 08:00:00,1255.97,1257.07,1253.78,1255.1,8180
2017-05-02 09:00:00,1255.18,1255.67,1254.3,1255.2,10939
2017-05-02 10:00:00,1255.21,1256.12,1254.7,1255.71,6418
2017-05-02 11:00:00,1255.72,1256.1,1254.97,1255.82,18112
2017-05-02 12:00:00,1255.83,1256.07,1254.74,1254.85,14565
2017-05-02 13:00:00,1254.83,1254.97,1252.26,1253.02,10858
2017-05-02 14:00:00,1253.03,1255.11,1252.02,1254.99,13951
2017-05-02 15:00:00,1255.0,1255.8,1253.77,1254.81,14118
2017-05-02 16:00:00,1254.82,1256.02,1254.14,1255.44,10269
2017-05-02 17:00:00,1255.43,1255.93,1254.89,1255.49,6690
2017-05-02 18:00:00,1255.51,1256.61,1255.2,1255.9,8082
2017-05-02 19:00:00,1255.9,1256.48,1255.08,1256.29,5742
2017-05-02 20:00:00,1256.28,1257.0,1256.17,1256.75,6287
2017-05-02 21:00:00,1256.76,1257.07,1256.53,1256.78,4728
2017-05-02 23:00:00,1256.05,1256.91,1255.59,1256.48,19320
2017-05-03 00:00:00,1256.47,1256.73,1255.97,1256.57,30249
2017-05-03 01:00:00,1256.57,1256.88,1256.18,1256.6,34069
2017-05-03 02:00:00,1256.58,1256.98,1255.84,1256.36,14530
2017-05-03 03:00:00,1256.36,1256.57,1255.95,1256.18,32184
2017-05-03 04:00:00,1256.19,1256.8,1256.07,1256.28,52676
2017-05-03 05:00:00,1256.28,1256.38,1255.46,1255.82,48740
2017-05-03 06:00:00,1255.82,1255.93,1255.14,1255.66,32402
2017-05-03 07:00:00,1255.66,1255.76,1254.2,1255.1,11480
2017-05-03 08:00:00,1255.11,1255.37,1253.11,1253.83,9379
2017-05-03 09:00:00,1253.84,1254.36,1252.65,1254.06,6032
2017-05-03 10:00:00,1254.1,1254.46,1253.44,1253.99,7803
2017-05-03 11:00:00,1254.0,1254.37,1253.38,1253.86,22844
2017-05-03 12:00:00,1253.87,1254.7,1253.73,1253.92,13499
2017-05-03 13:00:00,1253.92,1255.41,1251.15,1252.98,19080
2017-05-03 14:00:00,1252.98,1253.73,1250.92,1251.62,16352
2017-05-03 15:00:00,1251.62,1251.62,1245.33,1249.86,21278
2017-05-03 16:00:00,1249.86,1249.96,1247.63,1248.7,11351
2017-05-03 17:00:00,1248.71,1249.34,1247.83,1247.95,9558
2017-05-03 18:00:00,1247.95,1249.96,1247.47,1249.34,7834
2017-05-03 19:00:00,1249.33,1253.57,1245.74,1247.06,21789
2017-05-03 20:00:00,1247.06,1247.22,1239.48,1239.66,14266
2017-05-03 21:00:00,1239.67,1240.06,1235.9,1238.01,11916
2017-05-03 23:00:00,1237.64,1238.9,1237.42,1238.21,9745
2017-05-04 00:00:00,1238.2,1238.61,1237.4,1238.27,14205
2017-05-04 01:00:00,1238.28,1239.17,1238.19,1238.97,36307
2017-05-04 02:00:00,1238.97,1241.31,1238.97,1241.07,30389
2017-05-04 03:00:00,1241.07,1241.27,1240.36,1240.68,17733
2017-05-04 04:00:00,1240.67,1240.69,1239.64,1240.08,16353
2017-05-04 05:00:00,1240.09,1240.29,1239.23,1240.02,43888
2017-05-04 06:00:00,1240.02,1240.12,1235.4,1235.63,18308
2017-05-04 07:00:00,1235.59,1236.8,1233.09,1235.59,14279
2017-05-04 08:00:00,1235.59,1236.24,1233.78,1236.24,10854
2017-05-04 09:00:00,1236.24,1236.43,1235.38,1235.65,26335
2017-05-04 10:00:00,1235.59,1236.41,1235.05,1235.21,10369
2017-05-04 11:00:00,1235.26,1235.33,1233.45,1233.57,8721
2017-05-04 12:00:00,1233.56,1234.87,1232.58,1234.42,20680
2017-05-04 13:00:00,1234.42,1234.8,1227.4,1228.42,19207
2017-05-04 14:00:00,1228.43,1229.58,1225.76,1228.58,19878
2017-05-04 15:00:00,1228.58,1232.14,1228.15,1229.6,17751
2017-05-04 16:00:00,1229.56,1230.13,1226.94,1227.76,13876
2017-05-04 17:00:00,1227.76,1232.31,1227.67,1230.19,14596
2017-05-04 18:00:00,1230.18,1230.54,1227.68,1228.26,13833
2017-05-04 19:00:00,1228.22,1228.92,1226.15,1226.94,11126
2017-05-04 20:00:00,1226.94,1229.52,1226.85,1227.78,24423
2017-05-04 21:00:00,1227.77,1229.18,1227.3,1227.74,9135
2017-05-04 23:00:00,1227.12,1229.06,1227.12,1228.07,17649
2017-05-05 00:00:00,1228.08,1228.9,1227.58,1228.45,25193
2017-05-05 01:00:00,1228.46,1228.95,1228.05,1228.72,10322
2017-05-05 02:00:00,1228.72,1228.74,1227.91,1228.43,25512
2017-05-05 03:00:00,1228.43,1228.52,1227.88,1228.1,19437
2017-05-05 04:00:00,1228.12,1228.86,1226.85,1228.76,6774
2017-05-05 05:00:00,1228.76,1234.94,1228.43,1232.54,13672
2017-05-05 06:00:00,1232.54,1235.03,1231.57,1233.25,11747
2017-05-05 07:00:00,1233.24,1234.43,1231.69,1231.99,9161
2017-05-05 08:00:00,1231.99,1233.88,1231.34,1233.71,8787
2017-05-05 09:00:00,1233.71,1233.75,1232.36,1233.29,7939
2017-05-05 10:00:00,1233.29,1235.62,1232.62,1234.5,6159
2017-05-05 11:00:00,1234.54,1234.77,1233.09,1233.77,4523
2017-05-05 12:00:00,1233.77,1234.01,1231.78,1231.99,7894
2017-05-05 13:00:00,1232.0,1234.19,1227.95,1229.41,21135
2017-05-05 14:00:00,1229.42,1230.33,1226.66,1227.72,22721
2017-05-05 15:00:00,1227.71,1230.16,1226.44,1228.44,17336
2017-05-05 16:00:00,1228.47,1229.91,1227.27,1228.52,18062
2017-05-05 17:00:00,1228.54,1228.72,1227.36,1228.12,8900
2017-05-05 18:00:00,1228.12,1228.62,1226.11,1228.42,9117
2017-05-05 19:00:00,1228.41,1228.8,1227.55,1228.7,5742
2017-05-05 20:00:00,1228.71,1230.09,1228.6,1229.32,21650
2017-05-05 21:00:00,1229.33,1229.61,1227.62,1227.81,10604
2017-05-07 23:00:00,1227.44,1227.54,1220.94,1227.4,9188
2017-05-08 00:00:00,1227.41,1234.69,1226.93,1234.64,9166
2017-05-08 01:00:00,1234.64,1234.65,1230.94,1232.57,8211
2017-05-08 02:00:00,1232.57,1232.57,1229.97,1231.26,15147
2017-05-08 03:00:00,1231.27,1231.6,1230.43,1230.72,19180
2017-05-08 04:00:00,1230.71,1231.11,1230.21,1230.52,11107
2017-05-08 05:00:00,1230.53,1231.74,1230.1,1231.61,12153
2017-05-08 06:00:00,1231.61,1231.61,1228.91,1229.85,13775
2017-05-08 07:00:00,1229.82,1230.81,1229.51,1229.83,7702
2017-05-08 08:00:00,1229.83,1232.08,1229.48,1231.54,10114
2017-05-08 09:00:00,1231.56,1231.83,1230.06,1230.69,7139
2017-05-08 10:00:00,1230.68,1233.47,1229.16,1232.94,8450
2017-05-08 11:00:00,1232.94,1236.56,1232.91,1233.68,11159
2017-05-08 12:00:00,1233.68,1235.09,1232.04,1232.51,21841
2017-05-08 13:00:00,1232.5,1234.54,1229.91,1230.39,10953
2017-05-08 14:00:00,1230.41,1231.27,1228.74,1229.89,13713
2017-05-08 15:00:00,1229.88,1231.11,1227.52,1228.3,14862
2017-05-08 16:00:00,1228.31,1229.2,1227.52,1227.67,9379
2017-05-08 17:00:00,1227.66,1227.95,1226.49,1227.19,8958
2017-05-08 18:00:00,1227.19,1228.02,1226.17,1226.7,8070
2017-05-08 19:00:00,1226.71,1228.85,1226.55,1228.37,5960
2017-05-08 20:00:00,1228.35,1228.38,1226.73,1227.12,17221
2017-05-08 21:00:00,1227.11,1227.36,1225.16,1225.97,18547
2017-05-08 23:00:00,1225.48,1227.45,1225.48,1226.59,17261
2017-05-09 00:00:00,1226.6,1228.48,1226.58,1227.82,8959
2017-05-09 01:00:00,1227.83,1228.61,1226.4,1227.26,8576
2017-05-09 02:00:00,1227.25,1228.62,1226.53,1228.55,8303
2017-05-09 03:00:00,1228.55,1228.64,1227.72,1228.38,21214
2017-05-09 04:00:00,1228.39,1228.62,1227.86,1228.15,59083
2017-05-09 05:00:00,1228.15,1228.37,1227.57,1227.74,22003
2017-05-09 06:00:00,1227.74,1227.76,1225.6,1227.01,7635
2017-05-09 07:00:00,1227.01,1228.35,1223.92,1227.97,15379
2017-05-09 08:00:00,1227.97,1228.16,1225.64,1226.93,7963
2017-05-09 09:00:00,1226.93,1227.05,1224.81,1224.85,7511
2017-05-09 10:00:00,1224.86,1225.67,1224.53,1225.12,11359
2017-05-09 11:00:00,1225.13,1225.74,1224.0,1225.6,6890
2017-05-09 12:00:00,1225.6,1226.52,1223.54,1223.78,13748
2017-05-09 13:00:00,1223.77,1224.29,1219.77,1221.32,12464
2017-05-09 14:00:00,1221.31,1221.77,1219.28,1220.29,13385
2017-05-09 15:00:00,1220.29,1220.66,1216.34,1218.11,14833
2017-05-09 16:00:00,1218.15,1218.57,1216.74,1217.26,10724
2017-05-09 17:00:00,1217.31,1218.23,1215.78,1217.24,26415
2017-05-09 18:00:00,1217.23,1217.33,1214.91,1216.23,11497
2017-05-09 19:00:00,1216.24,1216.69,1214.29,1216.31,8012
2017-05-09 20:00:00,1216.31,1221.45,1215.98,1219.85,12649
2017-05-09 21:00:00,1219.78,1225.42,1219.45,1221.03,13651
2017-05-09 23:00:00,1218.09,1223.88,1218.09,1223.77,15437
2017-05-10 00:00:00,1223.78,1224.66,1222.71,1223.47,12535
2017-05-10 01:00:00,1223.47,1223.58,1222.18,1223.33,21242
2017-05-10 02:00:00,1223.32,1223.36,1220.78,1221.8,11577
2017-05-10 03:00:00,1221.8,1222.76,1221.5,1222.08,13981
2017-05-10 04:00:00,1222.08,1223.14,1221.97,1222.45,14385
2017-05-10 05:00:00,1222.44,1223.88,1222.29,1222.35,21465
2017-05-10 06:00:00,1222.35,1222.54,1221.69,1222.39,11813
2017-05-10 07:00:00,1222.39,1222.73,1220.73,1221.65,6945
2017-05-10 08:00:00,1221.64,1222.81,1220.88,1222.79,7971
2017-05-10 09:00:00,1222.79,1225.35,1222.5,1223.15,7570
2017-05-10 10:00:00,1223.16,1223.97,1222.18,1223.52,10577
2017-05-10 11:00:00,1223.52,1225.68,1223.05,1224.67,5911
2017-05-10 12:00:00,1224.67,1225.38,1222.97,1223.69,7932
2017-05-10 13:00:00,1223.72,1224.01,1221.4,1223.5,11981
2017-05-10 14:00:00,1223.5,1225.34,1222.63,1223.93,13995
2017-05-10 15:00:00,1223.94,1224.32,1220.07,1220.94,14072
2017-05-10 16:00:00,1220.93,1221.72,1220.31,1221.49,12778
2017-05-10 17:00:00,1221.48,1221.9,1220.33,1220.51,7611
2017-05-10 18:00:00,1220.5,1220.84,1218.17,1219.17,11133
2017-05-10 19:00:00,1219.17,1219.59,1217.62,1217.82,7064
2017-05-10 20:00:00,1217.83,1219.89,1217.65,1219.65,20840
2017-05-10 21:00:00,1219.64,1219.71,1218.68,1218.97,11415
2017-05-10 23:00:00,1218.57,1219.43,1217.94,1218.95,13862
2017-05-11 00:00:00,1218.95,1219.11,1217.72,1217.77,17227
2017-05-11 01:00:00,1217.76,1219.15,1217.01,1218.6,25597
2017-05-11 02:00:00,1218.6,1220.52,1218.51,1219.92,5402
2017-05-11 03:00:00,1219.91,1221.06,1219.9,1220.75,13776
2017-05-11 04:00:00,1220.75,1221.21,1219.37,1219.58,31852
2017-05-11 05:00:00,1219.58,1220.03,1219.15,1220.03,34149
2017-05-11 06:00:00,1220.02,1221.87,1219.71,1221.29,17720
2017-05-11 07:00:00,1221.29,1222.72,1221.25,1222.09,10377
2017-05-11 08:00:00,1222.09,1222.28,1220.7,1221.46,24854
2017-05-11 09:00:00,1221.46,1222.29,1221.13,1221.32,8880
2017-05-11 10:00:00,1221.33,1221.89,1220.7,1221.51,25081
2017-05-11 11:00:00,1221.56,1223.85,1221.56,1222.83,12086
2017-05-11 12:00:00,1222.88,1224.2,1221.73,1223.9,9771
2017-05-11 13:00:00,1223.9,1224.2,1220.21,1221.18,14809
2017-05-11 14:00:00,1221.19,1224.54,1220.93,1223.45,18257
2017-05-11 15:00:00,1223.45,1227.72,1223.1,1224.9,18906
2017-05-11 16:00:00,1224.9,1225.41,1223.51,1223.55,10304
2017-05-11 17:00:00,1223.55,1225.04,1222.72,1225.03,14985
2017-05-11 18:00:00,1225.03,1225.86,1223.34,1223.92,10345
2017-05-11 19:00:00,1223.93,1224.64,1223.34,1224.44,7593
2017-05-11 20:00:00,1224.43,1226.23,1224.0,1224.05,10427
2017-05-11 21:00:00,1224.05,1225.0,1223.86,1224.89,14703
2017-05-11 23:00:00,1221.9,1225.61,1221.9,1225.2,24127
2017-05-12 00:00:00,1225.2,1225.87,1224.9,1225.0,47217
2017-05-12 01:00:00,1225.0,1225.56,1224.46,1224.76,17618
2017-05-12 02:00:00,1224.76,1225.68,1224.5,1225.64,16076
2017-05-12 03:00:00,1225.64,1227.04,1225.64,1226.69,15674
2017-05-12 04:00:00,1226.69,1226.99,1226.48,1226.81,26919
2017-05-12 05:00:00,1226.81,1226.93,1226.07,1226.73,36828
2017-05-12 06:00:00,1226.73,1227.04,1226.35,1226.81,15626
2017-05-12 07:00:00,1226.82,1228.34,1226.2,1227.71,22998
2017-05-12 08:00:00,1227.71,1229.15,1226.92,1228.52,7216
2017-05-12 09:00:00,1228.52,1229.77,1228.02,1228.99,7157
2017-05-12 10:00:00,1228.99,1229.5,1228.48,1229.29,15146
2017-05-12 11:00:00,1229.29,1229.98,1228.23,1228.88,14596
2017-05-12 12:00:00,1228.87,1229.15,1227.73,1228.24,6502
2017-05-12 13:00:00,1228.24,1231.63,1227.14,1231.39,17155
2017-05-12 14:00:00,1231.39,1231.8,1228.88,1229.84,16438
2017-05-12 15:00:00,1229.84,1231.14,1228.82,1230.63,14717
2017-05-12 16:00:00,1230.62,1230.83,1228.44,1229.5,11082
2017-05-12 17:00:00,1229.51,1229.68,1226.57,1227.29,10915
2017-05-12 18:00:00,1227.28,1228.23,1227.18,1228.03,8383
2017-05-12 19:00:00,1228.03,1228.56,1227.66,1228.01,12286
2017-05-12 20:00:00,1228.0,1228.76,1227.59,1227.79,5803
2017-05-12 21:00:00,1227.8,1228.76,1227.13,1228.31,5086
2017-05-14 23:00:00,1227.92,1230.58,1227.92,1229.23,21921
2017-05-15 00:00:00,1229.23,1230.08,1228.82,1229.79,11598
2017-05-15 01:00:00,1229.8,1229.99,1228.22,1228.28,7325
2017-05-15 02:00:00,1228.29,1229.87,1226.97,1229.66,6066
2017-05-15 03:00:00,1229.66,1230.71,1229.37,1229.76,18733
2017-05-15 04:00:00,1229.75,1230.6,1229.7,1230.02,290399
2017-05-15 05:00:00,1229.89,1231.05,1229.86,1231.03,326008
2017-05-15 06:00:00,1231.03,1232.09,1230.58,1231.96,11831
2017-05-15 07:00:00,1231.96,1232.81,1231.25,1231.78,7475
2017-05-15 08:00:00,1231.78,1232.5,1228.81,1230.19,7817
2017-05-15 09:00:00,1230.19,1231.02,1229.16,1230.06,14462
2017-05-15 10:00:00,1230.03,1233.11,1230.01,1232.3,6947
2017-05-15 11:00:00,1232.29,1232.41,1230.88,1231.65,11001
2017-05-15 12:00:00,1231.6,1232.82,1230.95,1232.57,8397
2017-05-15 13:00:00,1232.54,1236.36,1232.54,1236.3,14513
2017-05-15 14:00:00,1236.25,1237.37,1232.93,1233.16,15328
2017-05-15 15:00:00,1233.15,1234.8,1232.84,1234.11,11489
2017-05-15 16:00:00,1234.11,1234.42,1233.08,1233.79,10387
2017-05-15 17:00:00,1233.8,1233.87,1231.2,1231.74,13365
2017-05-15 18:00:00,1231.74,1232.21,1229.61,1229.88,12463
2017-05-15 19:00:00,1229.88,1231.46,1229.82,1230.91,10719
2017-05-15 20:00:00,1230.93,1231.44,1230.38,1231.08,9714
2017-05-15 21:00:00,1231.07,1231.07,1229.07,1230.35,18796
2017-05-15 23:00:00,1228.08,1231.7,1228.08,1231.13,20161
2017-05-16 00:00:00,1231.12,1231.72,1230.8,1231.49,26302
2017-05-16 01:00:00,1231.48,1231.49,1230.45,1231.07,14065
2017-05-16 02:00:00,1231.06,1234.78,1230.98,1234.59,7468
2017-05-16 03:00:00,1234.6,1235.13,1234.03,1234.5,61338
2017-05-16 04:00:00,1234.52,1235.29,1233.77,1233.89,64942
2017-05-16 05:00:00,1233.89,1233.99,1233.1,1233.69,106725
2017-05-16 06:00:00,1233.7,1234.1,1232.7,1233.98,25595
2017-05-16 07:00:00,1233.98,1235.57,1233.98,1235.4,33925
2017-05-16 08:00:00,1235.39,1235.44,1234.41,1234.61,11451
2017-05-16 09:00:00,1234.61,1234.93,1233.4,1234.42,11997
2017-05-16 10:00:00,1234.42,1234.92,1233.67,1234.79,9831
2017-05-16 11:00:00,1234.79,1234.88,1233.82,1234.03,14412
2017-05-16 12:00:00,1234.03,1235.3,1233.56,1235.24,12148
2017-05-16 13:00:00,1235.23,1236.06,1233.9,1235.36,11436
2017-05-16 14:00:00,1235.35,1235.74,1233.98,1234.24,11824
2017-05-16 15:00:00,1234.23,1238.86,1233.82,1238.34,17961
2017-05-16 16:00:00,1238.29,1239.15,1236.23,1236.76,12300
2017-05-16 17:00:00,1236.75,1237.69,1236.2,1236.47,6776
2017-05-16 18:00:00,1236.46,1237.96,1236.35,1237.81,8337
2017-05-16 19:00:00,1237.83,1239.07,1237.18,1237.48,6740
2017-05-16 20:00:00,1237.47,1238.37,1236.54,1236.57,11200
2017-05-16 21:00:00,1236.57,1237.4,1235.91,1236.9,10509
2017-05-16 23:00:00,1233.98,1238.17,1233.98,1238.04,4531
2017-05-17 00:00:00,1238.03,1244.5,1237.52,1243.47,9123
2017-05-17 01:00:00,1243.42,1245.02,1241.75,1242.99,14347
2017-05-17 02:00:00,1242.98,1243.05,1241.44,1242.41,7177
2017-05-17 03:00:00,1242.42,1244.01,1242.1,1243.79,5602
2017-05-17 04:00:00,1243.78,1244.71,1243.08,1243.75,14369
2017-05-17 05:00:00,1243.74,1243.76,1242.9,1243.41,14317
2017-05-17 06:00:00,1243.41,1243.95,1241.09,1243.02,11903
2017-05-17 07:00:00,1243.02,1244.45,1242.74,1243.4,7415
2017-05-17 08:00:00,1243.41,1244.17,1242.14,1242.97,15795
2017-05-17 09:00:00,1242.98,1243.81,1242.62,1243.53,29336
2017-05-17 10:00:00,1243.53,1246.03,1243.43,1245.83,7179
2017-05-17 11:00:00,1245.83,1248.84,1245.27,1245.57,9205
2017-05-17 12:00:00,1245.57,1247.8,1245.31,1247.74,10525
2017-05-17 13:00:00,1247.74,1251.93,1247.54,1251.62,17338
2017-05-17 14:00:00,1251.63,1258.18,1251.33,1258.01,33895
2017-05-17 15:00:00,1258.02,1260.37,1256.23,1259.99,22948
2017-05-17 16:00:00,1260.0,1260.08,1255.35,1255.97,19165
2017-05-17 17:00:00,1255.97,1258.21,1255.9,1256.38,12060
2017-05-17 18:00:00,1256.41,1260.07,1256.4,1259.88,14292
2017-05-17 19:00:00,1259.9,1260.2,1256.94,1257.13,17460
2017-05-17 20:00:00,1257.14,1261.2,1256.12,1258.92,16305
2017-05-17 21:00:00,1258.91,1261.32,1258.17,1261.16,9696
2017-05-17 23:00:00,1258.64,1263.16,1258.64,1261.46,9273
2017-05-18 00:00:00,1261.46,1261.86,1259.6,1260.33,5978
2017-05-18 01:00:00,1260.34,1260.76,1257.75,1260.54,9713
2017-05-18 02:00:00,1260.58,1263.05,1259.17,1259.17,11232
2017-05-18 03:00:00,1259.18,1260.63,1258.7,1260.25,9372
2017-05-18 04:00:00,1260.26,1261.82,1260.25,1261.61,5513
2017-05-18 05:00:00,1261.61,1261.74,1259.74,1260.04,5040
2017-05-18 06:00:00,1260.04,1260.13,1258.53,1259.31,6803
2017-05-18 07:00:00,1259.28,1259.43,1255.73,1255.81,11193
2017-05-18 08:00:00,1255.82,1258.95,1253.83,1258.43,15031
2017-05-18 09:00:00,1258.44,1259.04,1256.62,1257.33,11333
2017-05-18 10:00:00,1257.33,1262.7,1257.33,1262.18,21100
2017-05-18 11:00:00,1262.19,1265.07,1260.03,1263.91,14294
2017-05-18 12:00:00,1263.93,1264.02,1259.05,1259.99,15752
2017-05-18 13:00:00,1259.98,1262.04,1256.58,1257.37,22683
2017-05-18 14:00:00,1257.37,1259.37,1254.93,1256.91,29122
2017-05-18 15:00:00,1256.92,1256.92,1249.67,1253.25,28197
2017-05-18 16:00:00,1253.25,1255.67,1251.75,1255.66,19163
2017-05-18 17:00:00,1255.66,1256.96,1252.65,1254.48,17191
2017-05-18 18:00:00,1254.47,1255.14,1246.77,1248.42,20448
2017-05-18 19:00:00,1248.47,1248.9,1246.02,1248.47,18188
2017-05-18 20:00:00,1248.43,1249.8,1247.45,1248.98,12401
2017-05-18 21:00:00,1248.98,1249.16,1246.26,1247.14,8939
2017-05-18 23:00:00,1246.62,1248.15,1246.14,1247.01,8360
2017-05-19 00:00:00,1247.03,1249.01,1246.94,1248.51,17477
2017-05-19 01:00:00,1248.5,1249.8,1248.32,1249.3,6907
2017-05-19 02:00:00,1249.31,1251.19,1249.3,1250.47,8498
2017-05-19 03:00:00,1250.44,1250.62,1249.46,1249.96,9010
2017-05-19 04:00:00,1249.96,1250.23,1247.93,1248.81,19071
2017-05-19 05:00:00,1248.8,1248.93,1247.38,1248.35,13386
2017-05-19 06:00:00,1248.34,1249.83,1247.46,1249.73,7752
2017-05-19 07:00:00,1249.72,1252.0,1249.6,1250.26,10049
2017-05-19 08:00:00,1250.27,1251.44,1250.2,1250.66,8662
2017-05-19 09:00:00,1250.66,1251.65,1248.06,1249.97,12807
2017-05-19 10:00:00,1249.97,1253.25,1249.9,1252.43,9107
2017-05-19 11:00:00,1252.42,1254.49,1251.59,1252.88,5378
2017-05-19 12:00:00,1252.89,1254.15,1251.94,1253.15,8671
2017-05-19 13:00:00,1253.15,1254.19,1251.67,1253.06,12541
2017-05-19 14:00:00,1253.06,1255.97,1251.34,1252.64,21905
2017-05-19 15:00:00,1252.66,1253.41,1249.46,1252.77,18995
2017-05-19 16:00:00,1252.76,1254.21,1252.05,1252.25,12667
2017-05-19 17:00:00,1252.25,1253.36,1251.21,1252.01,8440
2017-05-19 18:00:00,1252.01,1255.11,1251.82,1254.69,8590
2017-05-19 19:00:00,1254.68,1255.76,1253.28,1254.41,7359
2017-05-19 20:00:00,1254.4,1256.45,1254.15,1254.98,14297
2017-05-19 21:00:00,1254.98,1255.54,1253.79,1255.36,25838
2017-05-21 23:00:00,1257.36,1257.56,1254.65,1257.15,8705
2017-05-22 00:00:00,1257.14,1257.62,1256.46,1257.02,11969
2017-05-22 01:00:00,1257.03,1257.31,1254.27,1255.31,9546
2017-05-22 02:00:00,1255.31,1255.52,1253.34,1254.39,8448
2017-05-22 03:00:00,1254.39,1254.39,1251.8,1252.74,6246
2017-05-22 04:00:00,1252.75,1253.56,1252.42,1252.86,17906
2017-05-22 05:00:00,1252.85,1253.06,1252.07,1252.44,18685
2017-05-22 06:00:00,1252.44,1254.2,1252.27,1253.45,10596
2017-05-22 07:00:00,1253.42,1254.47,1252.97,1254.3,11865
2017-05-22 08:00:00,1254.29,1256.11,1254.21,1254.49,8357
2017-05-22 09:00:00,1254.5,1255.64,1253.48,1255.03,7456
2017-05-22 10:00:00,1255.02,1256.67,1254.72,1256.06,11206
2017-05-22 11:00:00,1256.06,1256.6,1255.66,1255.97,6417
2017-05-22 12:00:00,1255.98,1257.61,1255.47,1256.69,11033
2017-05-22 13:00:00,1256.7,1259.47,1256.55,1258.55,10430
2017-05-22 14:00:00,1258.55,1259.89,1256.7,1259.33,13856
2017-05-22 15:00:00,1259.34,1260.31,1258.23,1259.78,12271
2017-05-22 16:00:00,1259.77,1260.78,1259.16,1260.14,9667
2017-05-22 17:00:00,1260.18,1260.78,1259.5,1260.58,54821
2017-05-22 18:00:00,1260.58,1262.62,1260.53,1261.83,29683
2017-05-22 19:00:00,1261.83,1262.09,1260.44,1260.95,11126
2017-05-22 20:00:00,1260.94,1261.26,1260.03,1260.17,21569
2017-05-22 21:00:00,1260.18,1260.64,1259.72,1260.35,38518
2017-05-22 23:00:00,1260.14,1262.05,1259.61,1261.58,11818
2017-05-23 00:00:00,1261.58,1263.53,1261.34,1263.13,8146
2017-05-23 01:00:00,1263.13,1263.65,1261.66,1261.85,8519
2017-05-23 02:00:00,1261.84,1263.8,1261.27,1262.79,7872
2017-05-23 03:00:00,1262.78,1263.29,1261.65,1261.8,7431
2017-05-23 04:00:00,1261.81,1262.45,1261.59,1262.12,33540
2017-05-23 05:00:00,1262.13,1262.43,1261.71,1262.14,43747
2017-05-23 06:00:00,1262.1,1263.14,1261.79,1262.67,36181
2017-05-23 07:00:00,1262.68,1262.69,1260.52,1261.94,13817
2017-05-23 08:00:00,1261.94,1262.3,1259.42,1260.16,12154
2017-05-23 09:00:00,1260.16,1260.97,1258.2,1259.99,11467
2017-05-23 10:00:00,1259.99,1261.29,1259.58,1260.86,7061
2017-05-23 11:00:00,1260.87,1261.2,1259.23,1260.08,7028
2017-05-23 12:00:00,1260.07,1260.31,1258.86,1259.53,8257
2017-05-23 13:00:00,1259.52,1262.0,1259.5,1261.3,10876
2017-05-23 14:00:00,1261.29,1263.3,1260.97,1262.07,13794
2017-05-23 15:00:00,1262.05,1262.93,1258.21,1260.62,16126
2017-05-23 16:00:00,1260.61,1261.05,1255.09,1256.05,19150
2017-05-23 17:00:00,1255.98,1256.7,1252.69,1253.61,14994
2017-05-23 18:00:00,1253.62,1257.51,1253.26,1256.44,9048
2017-05-23 19:00:00,1256.43,1256.51,1252.27,1253.21,8408
2017-05-23 20:00:00,1253.24,1253.27,1250.71,1251.91,8750
2017-05-23 21:00:00,1251.92,1252.08,1250.84,1251.13,12532
2017-05-23 23:00:00,1248.46,1252.88,1248.46,1252.33,28838
2017-05-24 00:00:00,1252.32,1252.54,1250.85,1251.07,37901
2017-05-24 01:00:00,1251.08,1253.81,1251.07,1252.81,8607
2017-05-24 02:00:00,1252.81,1253.33,1251.38,1251.88,6202
2017-05-24 03:00:00,1251.88,1252.39,1251.22,1252.01,12570
2017-05-24 04:00:00,1252.0,1252.13,1251.2,1251.71,21132
2017-05-24 05:00:00,1251.76,1252.39,1251.41,1252.1,36877
2017-05-24 06:00:00,1252.09,1252.46,1248.02,1249.03,12607
2017-05-24 07:00:00,1249.03,1249.96,1247.96,1249.92,8810
2017-05-24 08:00:00,1249.9,1251.64,1249.22,1250.45,12451
2017-05-24 09:00:00,1250.46,1253.25,1250.36,1251.53,11640
2017-05-24 10:00:00,1251.54,1252.34,1251.31,1251.99,5399
2017-05-24 11:00:00,1251.97,1253.03,1251.75,1252.36,8535
2017-05-24 12:00:00,1252.36,1252.63,1251.33,1252.5,7970
2017-05-24 13:00:00,1252.5,1254.45,1251.51,1252.99,10138
2017-05-24 14:00:00,1252.99,1253.21,1251.43,1252.66,22437
2017-05-24 15:00:00,1252.66,1254.29,1252.17,1252.26,14453
2017-05-24 16:00:00,1252.26,1253.67,1249.89,1251.22,10730
2017-05-24 17:00:00,1251.22,1252.18,1250.81,1252.01,6665
2017-05-24 18:00:00,1252.01,1254.05,1251.92,1253.74,7981
2017-05-24 19:00:00,1253.74,1258.43,1251.25,1255.37,25287
2017-05-24 20:00:00,1255.36,1257.93,1255.15,1257.2,11222
2017-05-24 21:00:00,1257.21,1258.98,1256.98,1258.58,7455
2017-05-24 23:00:00,1257.23,1258.76,1257.23,1257.44,14949
2017-05-25 00:00:00,1257.45,1258.17,1257.13,1257.88,15727
2017-05-25 01:00:00,1257.88,1257.97,1256.54,1256.75,18264
2017-05-25 02:00:00,1256.76,1258.84,1256.32,1257.52,9461
2017-05-25 03:00:00,1257.51,1258.3,1257.01,1258.19,6033
2017-05-25 04:00:00,1258.21,1259.61,1258.21,1258.54,13611
2017-05-25 05:00:00,1258.54,1259.68,1258.51,1259.2,33122
2017-05-25 06:00:00,1259.2,1259.52,1258.4,1259.35,18340
2017-05-25 07:00:00,1259.37,1259.47,1257.73,1257.9,12014
2017-05-25 08:00:00,1257.9,1258.51,1256.86,1258.09,9328
2017-05-25 09:00:00,1258.07,1259.44,1257.74,1257.84,10201
2017-05-25 10:00:00,1257.83,1258.28,1256.59,1257.48,17760
2017-05-25 11:00:00,1257.48,1257.48,1255.73,1256.73,13352
2017-05-25 12:00:00,1256.71,1258.56,1256.71,1258.16,12329
2017-05-25 13:00:00,1258.15,1258.68,1254.61,1255.0,10603
2017-05-25 14:00:00,1254.99,1257.62,1254.61,1256.3,13778
2017-05-25 15:00:00,1256.31,1256.93,1253.87,1255.51,14012
2017-05-25 16:00:00,1255.54,1257.97,1255.41,1257.24,13564
2017-05-25 17:00:00,1257.24,1257.5,1255.32,1256.49,8839
2017-05-25 18:00:00,1256.49,1256.87,1255.24,1255.42,8670
2017-05-25 19:00:00,1255.41,1255.94,1254.98,1255.84,7475
2017-05-25 20:00:00,1255.84,1256.43,1255.6,1256.03,6340
2017-05-25 21:00:00,1256.04,1256.26,1255.03,1255.61,53243
2017-05-25 23:00:00,1252.25,1256.55,1252.25,1255.92,38511
2017-05-26 00:00:00,1255.91,1257.41,1253.13,1255.23,16097
2017-05-26 01:00:00,1255.22,1255.58,1254.16,1254.8,8206
2017-05-26 02:00:00,1254.81,1257.12,1254.48,1256.4,24430
2017-05-26 03:00:00,1256.4,1258.25,1256.1,1258.14,7128
2017-05-26 04:00:00,1258.19,1258.23,1256.98,1257.19,13468
2017-05-26 05:00:00,1257.2,1258.52,1257.0,1258.36,39649
2017-05-26 06:00:00,1258.36,1258.98,1257.77,1258.43,25555
2017-05-26 07:00:00,1258.45,1261.49,1257.99,1261.22,6561
2017-05-26 08:00:00,1261.23,1263.99,1261.04,1261.37,9115
2017-05-26 09:00:00,1261.36,1264.41,1261.34,1263.51,14455
2017-05-26 10:00:00,1263.51,1267.0,1263.51,1265.8,9226
2017-05-26 11:00:00,1265.8,1267.3,1265.4,1267.1,9373
2017-05-26 12:00:00,1267.09,1268.17,1265.64,1265.69,8592
2017-05-26 13:00:00,1265.69,1267.76,1264.55,1265.88,12425
2017-05-26 14:00:00,1265.89,1268.16,1264.4,1266.81,13703
2017-05-26 15:00:00,1266.82,1268.14,1265.99,1267.79,10801
2017-05-26 16:00:00,1267.8,1268.08,1265.98,1266.2,8406
2017-05-26 17:00:00,1266.2,1267.33,1264.71,1267.16,7420
2017-05-26 18:00:00,1267.18,1268.85,1266.75,1268.52,5707
2017-05-26 19:00:00,1268.52,1269.48,1268.23,1269.18,20438
2017-05-26 20:00:00,1269.18,1269.18,1267.27,1267.28,19804
2017-05-26 21:00:00,1267.29,1267.47,1265.68,1266.98,21611
2017-05-28 23:00:00,1266.85,1269.13,1266.45,1267.7,44946
2017-05-29 00:00:00,1267.57,1268.67,1267.09,1268.35,26998
2017-05-29 01:00:00,1268.34,1268.76,1266.44,1266.66,48871
2017-05-29 02:00:00,1266.83,1267.49,1266.47,1267.2,47798
2017-05-29 03:00:00,1267.16,1267.57,1266.38,1266.54,57656
2017-05-29 04:00:00,1266.57,1266.8,1265.9,1266.18,59090
2017-05-29 05:00:00,1266.17,1266.45,1265.41,1266.21,59908
2017-05-29 06:00:00,1266.23,1266.25,1265.51,1265.88,76644
2017-05-29 07:00:00,1265.88,1267.7,1265.72,1267.25,76872
2017-05-29 08:00:00,1267.25,1267.55,1266.48,1267.27,36969
2017-05-29 09:00:00,1267.26,1267.5,1266.62,1267.41,41211
2017-05-29 10:00:00,1267.41,1267.76,1266.82,1267.58,22981
2017-05-29 11:00:00,1267.57,1267.92,1267.02,1267.37,14633
2017-05-29 12:00:00,1267.36,1267.41,1266.66,1266.93,28983
2017-05-29 13:00:00,1266.96,1267.24,1266.43,1266.61,23479
2017-05-29 14:00:00,1266.59,1267.28,1265.05,1265.85,10871
2017-05-29 15:00:00,1265.85,1267.58,1265.69,1267.38,43092
2017-05-29 16:00:00,1267.38,1267.8,1267.0,1267.75,57026
2017-05-29 17:00:00,1267.75,1267.77,1266.12,1266.81,80304
2017-05-29 18:00:00,1266.82,1266.94,1266.75,1266.94,20
2017-05-29 23:00:00,1266.83,1267.64,1266.54,1267.14,26168
2017-05-30 00:00:00,1267.14,1267.56,1265.28,1266.85,34198
2017-05-30 01:00:00,1266.86,1267.84,1266.1,1267.78,6882
2017-05-30 02:00:00,1267.78,1270.44,1267.78,1269.76,11344
2017-05-30 03:00:00,1269.77,1270.37,1269.23,1270.23,39925
2017-05-30 04:00:00,1270.24,1270.52,1267.95,1268.09,24843
2017-05-30 05:00:00,1268.09,1268.61,1267.28,1267.83,30785
2017-05-30 06:00:00,1267.89,1268.29,1266.99,1267.8,25501
2017-05-30 07:00:00,1267.76,1268.57,1266.91,1268.15,13313
2017-05-30 08:00:00,1268.23,1268.91,1262.75,1264.26,10593
2017-05-30 09:00:00,1264.27,1265.75,1263.52,1264.1,7700
2017-05-30 10:00:00,1264.1,1265.41,1261.75,1263.54,7687
2017-05-30 11:00:00,1263.55,1264.43,1263.21,1263.33,7498
2017-05-30 12:00:00,1263.34,1264.42,1262.56,1262.87,9485
2017-05-30 13:00:00,1262.91,1263.43,1259.37,1261.79,12961
2017-05-30 14:00:00,1261.79,1264.76,1261.53,1263.72,16667
2017-05-30 15:00:00,1263.72,1264.66,1260.83,1261.87,13784
2017-05-30 16:00:00,1261.87,1264.08,1261.77,1263.96,29895
2017-05-30 17:00:00,1263.96,1263.96,1261.86,1262.27,5907
2017-05-30 18:00:00,1262.27,1263.85,1262.27,1263.01,12396
2017-05-30 19:00:00,1263.05,1263.35,1262.45,1262.97,9950
2017-05-30 20:00:00,1262.96,1263.16,1262.24,1262.87,7211
2017-05-30 21:00:00,1262.94,1263.52,1261.74,1262.89,40918
2017-05-30 23:00:00,1259.76,1263.31,1259.76,1261.76,18620
2017-05-31 00:00:00,1261.77,1262.45,1261.37,1262.43,13993
2017-05-31 01:00:00,1262.43,1262.63,1261.17,1261.54,12250
2017-05-31 02:00:00,1261.54,1262.27,1260.52,1261.44,13725
2017-05-31 03:00:00,1261.43,1261.5,1259.61,1260.09,10007
2017-05-31 04:00:00,1260.04,1260.61,1259.63,1260.18,20348
2017-05-31 05:00:00,1260.17,1260.56,1259.69,1260.2,48980
2017-05-31 06:00:00,1260.19,1261.76,1260.11,1261.67,10058
2017-05-31 07:00:00,1261.67,1263.03,1260.83,1261.94,9294
2017-05-31 08:00:00,1261.93,1263.81,1261.73,1262.8,7453
2017-05-31 09:00:00,1262.8,1264.45,1262.24,1263.42,6261
2017-05-31 10:00:00,1263.42,1264.96,1263.38,1264.84,6207
2017-05-31 11:00:00,1264.81,1265.3,1264.2,1264.42,13610
2017-05-31 12:00:00,1264.42,1265.22,1263.57,1264.26,8233
2017-05-31 13:00:00,1264.23,1267.48,1264.21,1266.19,10012
2017-05-31 14:00:00,1266.14,1266.57,1264.09,1265.25,14007
2017-05-31 15:00:00,1265.27,1268.13,1265.23,1267.26,18693
2017-05-31 16:00:00,1267.26,1268.48,1266.54,1267.65,26178
2017-05-31 17:00:00,1267.65,1270.1,1266.18,1269.78,18320
2017-05-31 18:00:00,1269.78,1274.14,1269.67,1271.76,15183
2017-05-31 19:00:00,1271.74,1272.42,1269.41,1271.99,8113
2017-05-31 20:00:00,1272.0,1272.0,1268.04,1268.14,8016
2017-05-31 21:00:00,1268.12,1269.25,1267.99,1268.78,8685
2017-05-31 23:00:00,1266.89,1269.15,1266.89,1269.1,23552
2017-06-01 00:00:00,1269.15,1269.51,1268.66,1268.71,10239
2017-06-01 01:00:00,1268.71,1268.95,1267.02,1267.24,10832
2017-06-01 02:00:00,1267.23,1270.08,1266.49,1269.31,23605
2017-06-01 03:00:00,1269.3,1270.35,1269.02,1269.84,7132
2017-06-01 04:00:00,1269.84,1269.84,1268.48,1268.58,16631
2017-06-01 05:00:00,1268.59,1269.04,1267.92,1268.19,32562
2017-06-01 06:00:00,1268.21,1268.26,1265.97,1267.07,8841
2017-06-01 07:00:00,1267.07,1267.31,1265.85,1267.08,6101
2017-06-01 08:00:00,1267.07,1268.16,1266.26,1267.03,7116
2017-06-01 09:00:00,1267.03,1267.4,1266.03,1266.76,5591
2017-06-01 10:00:00,1266.76,1267.5,1266.03,1266.57,4984
2017-06-01 11:00:00,1266.57,1266.82,1265.22,1266.34,4852
2017-06-01 12:00:00,1266.34,1266.88,1265.16,1266.73,4509
2017-06-01 13:00:00,1266.73,1267.81,1261.55,1264.2,16888
2017-06-01 14:00:00,1264.21,1265.35,1261.58,1264.98,15308
2017-06-01 15:00:00,1265.1,1265.66,1263.91,1264.6,15606
2017-06-01 16:00:00,1264.55,1265.61,1263.03,1263.91,11571
2017-06-01 17:00:00,1263.91,1264.22,1262.58,1263.84,6682
2017-06-01 18:00:00,1263.84,1268.06,1263.82,1266.56,6731
2017-06-01 19:00:00,1266.57,1268.38,1265.87,1267.77,5161
2017-06-01 20:00:00,1267.77,1268.89,1267.17,1268.0,5640
2017-06-01 21:00:00,1268.0,1268.05,1264.8,1265.83,3740
2017-06-01 23:00:00,1262.63,1266.21,1262.63,1265.83,1649
2017-06-02 00:00:00,1265.83,1265.83,1264.49,1264.74,2638
2017-06-02 01:00:00,1264.74,1265.3,1262.86,1263.51,5234
2017-06-02 02:00:00,1263.51,1263.66,1262.55,1262.74,4158
2017-06-02 03:00:00,1262.75,1263.17,1260.15,1260.29,5348
2017-06-02 04:00:00,1260.27,1261.42,1258.94,1261.31,4098
2017-06-02 05:00:00,1261.32,1261.73,1261.03,1261.1,1596
2017-06-02 06:00:00,1261.1,1261.52,1259.85,1260.52,3560
2017-06-02 07:00:00,1260.53,1261.1,1260.13,1260.64,4562
2017-06-02 08:00:00,1260.61,1262.35,1260.53,1262.02,6366
2017-06-02 09:00:00,1261.96,1262.63,1260.49,1261.09,5688
2017-06-02 10:00:00,1261.08,1263.17,1260.44,1263.02,5394
2017-06-02 11:00:00,1263.01,1263.91,1262.54,1262.84,4131
2017-06-02 12:00:00,1262.83,1263.39,1261.9,1262.46,4119
2017-06-02 13:00:00,1262.46,1276.21,1261.49,1273.76,26056
2017-06-02 14:00:00,1273.74,1276.45,1272.47,1274.95,19482
2017-06-02 15:00:00,1274.98,1276.99,1274.35,1276.64,14626
2017-06-02 16:00:00,1276.64,1279.1,1275.94,1276.54,16065
2017-06-02 17:00:00,1276.54,1277.33,1275.18,1276.05,9655
2017-06-02 18:00:00,1276.07,1277.96,1275.75,1277.39,9417
2017-06-02 19:00:00,1277.4,1277.91,1276.99,1277.38,5351
2017-06-02 20:00:00,1277.32,1278.8,1277.06,1278.06,6302
2017-06-02 21:00:00,1278.07,1279.48,1277.88,1278.83,3996
2017-06-04 23:00:00,1279.79,1280.82,1278.6,1280.6,4437
2017-06-05 00:00:00,1280.6,1281.29,1279.88,1279.95,3334
2017-06-05 01:00:00,1279.94,1281.33,1279.6,1280.32,4765
2017-06-05 02:00:00,1280.33,1282.04,1279.78,1280.06,7110
2017-06-05 03:00:00,1280.07,1281.0,1278.8,1280.7,4659
2017-06-05 04:00:00,1280.7,1281.08,1280.03,1280.35,3192
2017-06-05 05:00:00,1280.34,1281.01,1280.15,1280.54,2071
2017-06-05 06:00:00,1280.55,1280.62,1279.51,1279.89,4399
2017-06-05 07:00:00,1279.89,1280.51,1279.28,1280.13,4881
2017-06-05 08:00:00,1280.16,1282.04,1279.68,1280.71,5956
2017-06-05 09:00:00,1280.71,1281.38,1280.09,1281.38,4034
2017-06-05 10:00:00,1281.38,1282.03,1280.78,1280.9,4793
2017-06-05 11:00:00,1280.9,1281.3,1279.41,1280.47,5150
2017-06-05 12:00:00,1280.48,1281.36,1279.87,1281.13,5054
2017-06-05 13:00:00,1281.14,1283.46,1280.51,1280.86,10572
2017-06-05 14:00:00,1280.85,1281.7,1279.68,1280.32,11604
2017-06-05 15:00:00,1280.26,1281.59,1280.15,1281.13,10967
2017-06-05 16:00:00,1281.11,1281.31,1278.19,1278.67,8744
2017-06-05 17:00:00,1278.67,1279.87,1277.79,1279.13,6679
2017-06-05 18:00:00,1279.13,1280.66,1278.94,1279.98,5950
2017-06-05 19:00:00,1279.99,1280.01,1278.53,1279.35,4237
2017-06-05 20:00:00,1279.34,1279.97,1278.69,1279.54,3663
2017-06-05 21:00:00,1279.53,1279.83,1279.08,1279.51,2593
2017-06-05 23:00:00,1275.27,1280.53,1275.27,1280.02,1279
2017-06-06 00:00:00,1280.01,1280.64,1279.87,1280.5,2001
2017-06-06 01:00:00,1280.49,1281.31,1279.69,1280.9,5924
2017-06-06 02:00:00,1280.9,1282.81,1280.9,1282.78,8916
2017-06-06 03:00:00,1282.78,1285.06,1282.78,1284.36,7402
2017-06-06 04:00:00,1284.35,1284.98,1284.32,1284.62,3205
2017-06-06 05:00:00,1284.62,1284.85,1284.5,1284.61,3057
2017-06-06 06:00:00,1284.62,1287.3,1284.5,1286.96,6559
2017-06-06 07:00:00,1286.96,1289.57,1286.37,1288.43,9699
2017-06-06 08:00:00,1288.45,1289.7,1288.44,1289.38,8610
2017-06-06 09:00:00,1289.37,1289.93,1288.38,1288.49,5632
2017-06-06 10:00:00,1288.45,1288.93,1287.92,1288.48,5052
2017-06-06 11:00:00,1288.47,1292.38,1288.26,1292.24,7153
2017-06-06 12:00:00,1292.23,1293.74,1290.62,1290.64,10833
2017-06-06 13:00:00,1290.64,1292.71,1290.51,1292.43,11270
2017-06-06 14:00:00,1292.43,1295.0,1291.8,1294.08,17043
2017-06-06 15:00:00,1294.08,1294.85,1290.33,1294.02,18347
2017-06-06 16:00:00,1294.01,1296.1,1293.0,1293.81,14000
2017-06-06 17:00:00,1293.82,1294.51,1291.82,1293.0,7398
2017-06-06 18:00:00,1292.98,1295.15,1292.97,1294.35,8823
2017-06-06 19:00:00,1294.36,1294.4,1290.4,1291.24,9539
2017-06-06 20:00:00,1291.25,1293.9,1290.73,1293.86,8852
2017-06-06 21:00:00,1293.86,1294.27,1293.04,1294.05,3333
2017-06-06 23:00:00,1291.06,1294.96,1291.06,1294.15,2141
2017-06-07 00:00:00,1294.16,1294.25,1293.31,1293.75,2830
2017-06-07 01:00:00,1293.76,1294.08,1292.83,1292.89,4913
2017-06-07 02:00:00,1292.88,1293.34,1291.72,1292.93,5938
2017-06-07 03:00:00,1292.94,1292.98,1291.41,1291.91,3685
2017-06-07 04:00:00,1291.92,1292.17,1291.25,1291.29,2164
2017-06-07 05:00:00,1291.29,1291.39,1290.92,1291.26,3021
2017-06-07 06:00:00,1291.25,1292.33,1291.03,1292.0,3160
2017-06-07 07:00:00,1292.01,1292.96,1291.56,1291.99,6503
2017-06-07 08:00:00,1291.99,1293.66,1291.77,1292.43,10539
2017-06-07 09:00:00,1292.42,1293.67,1292.03,1293.11,6084
2017-06-07 10:00:00,1293.1,1293.58,1292.37,1292.69,5200
2017-06-07 11:00:00,1292.7,1292.83,1288.0,1289.72,11778
2017-06-07 12:00:00,1289.71,1290.67,1288.91,1288.93,6719
2017-06-07 13:00:00,1288.92,1291.86,1287.91,1291.36,9616
2017-06-07 14:00:00,1291.36,1292.1,1288.99,1291.87,18077
2017-06-07 15:00:00,1291.88,1294.3,1291.03,1292.41,17602
2017-06-07 16:00:00,1292.4,1293.84,1288.63,1289.21,12463
2017-06-07 17:00:00,1289.22,1290.99,1288.94,1290.91,11930
2017-06-07 18:00:00,1290.89,1291.31,1286.46,1287.75,9711
2017-06-07 19:00:00,1287.75,1287.75,1282.64,1283.27,12327
2017-06-07 20:00:00,1283.28,1287.17,1283.1,1287.09,6850
2017-06-07 21:00:00,1287.09,1287.42,1286.74,1286.76,3326
2017-06-07 23:00:00,1286.2,1287.28,1286.08,1287.19,1875
2017-06-08 00:00:00,1287.19,1287.35,1284.64,1284.64,3265
2017-06-08 01:00:00,1284.65,1285.82,1284.5,1285.39,5202
2017-06-08 02:00:00,1285.4,1287.02,1285.37,1286.69,4891
2017-06-08 03:00:00,1286.7,1287.21,1285.98,1287.13,3649
2017-06-08 04:00:00,1287.12,1287.12,1283.65,1284.05,4491
2017-06-08 05:00:00,1284.06,1286.35,1283.98,1285.42,6051
2017-06-08 06:00:00,1285.42,1288.95,1284.77,1288.69,9739
2017-06-08 07:00:00,1288.68,1288.96,1287.07,1287.09,7622
2017-06-08 08:00:00,1287.11,1287.84,1285.78,1285.9,9322
2017-06-08 09:00:00,1285.89,1286.22,1284.53,1285.22,6852
2017-06-08 10:00:00,1285.22,1285.3,1283.69,1283.73,7120
2017-06-08 11:00:00,1283.74,1285.5,1283.21,1284.39,4866
2017-06-08 12:00:00,1284.39,1285.8,1281.73,1283.31,9957
2017-06-08 13:00:00,1283.31,1284.18,1281.53,1283.29,21410
2017-06-08 14:00:00,1283.29,1284.16,1273.47,1274.38,23229
2017-06-08 15:00:00,1274.4,1276.51,1271.37,1276.42,24839
2017-06-08 16:00:00,1276.42,1277.3,1274.0,1277.12,13810
2017-06-08 17:00:00,1277.11,1277.98,1275.98,1276.77,9340
2017-06-08 18:00:00,1276.77,1278.08,1276.12,1277.46,7507
2017-06-08 19:00:00,1277.47,1280.56,1277.32,1279.0,9078
2017-06-08 20:00:00,1279.0,1279.89,1277.32,1278.49,8529
2017-06-08 21:00:00,1278.49,1279.57,1277.83,1277.86,3941
2017-06-08 23:00:00,1277.75,1281.66,1276.0,1277.75,6806
2017-06-09 00:00:00,1277.74,1280.18,1277.34,1279.9,6066
2017-06-09 01:00:00,1279.9,1280.15,1278.41,1278.5,9451
2017-06-09 02:00:00,1278.52,1278.64,1274.17,1275.01,11036
2017-06-09 03:00:00,1275.0,1275.43,1273.74,1274.68,7193
2017-06-09 04:00:00,1274.61,1274.97,1273.21,1274.34,5837
2017-06-09 05:00:00,1274.35,1276.04,1274.08,1275.07,4132
2017-06-09 06:00:00,1275.06,1275.65,1273.44,1273.96,6123
2017-06-09 07:00:00,1273.95,1275.66,1271.29,1272.58,11498
2017-06-09 08:00:00,1272.53,1274.42,1271.38,1273.97,11677
2017-06-09 09:00:00,1273.97,1275.06,1272.78,1273.48,11065
2017-06-09 10:00:00,1273.48,1274.99,1273.38,1274.02,5630
2017-06-09 11:00:00,1274.02,1275.22,1273.79,1274.74,4562
2017-06-09 12:00:00,1274.73,1274.79,1273.0,1273.37,6574
2017-06-09 13:00:00,1273.36,1274.42,1267.25,1267.5,15498
2017-06-09 14:00:00,1267.53,1268.06,1264.66,1266.68,17561
2017-06-09 15:00:00,1266.67,1268.39,1266.52,1266.86,11431
2017-06-09 16:00:00,1266.86,1268.25,1265.96,1267.55,9381
2017-06-09 17:00:00,1267.56,1269.67,1267.3,1267.88,10487
2017-06-09 18:00:00,1267.84,1270.07,1267.35,1269.33,11512
2017-06-09 19:00:00,1269.32,1270.97,1268.51,1270.71,15182
2017-06-09 20:00:00,1270.73,1270.85,1266.67,1267.37,15957
2017-06-09 21:00:00,1267.4,1267.9,1266.34,1266.65,4324
2017-06-11 23:00:00,1267.12,1268.04,1266.35,1266.89,2936
2017-06-12 00:00:00,1266.88,1267.97,1266.83,1267.83,3022
2017-06-12 01:00:00,1267.82,1269.79,1267.53,1269.71,6217
2017-06-12 02:00:00,1269.71,1270.12,1266.59,1266.86,7205
2017-06-12 03:00:00,1266.86,1267.71,1266.86,1267.42,4732
2017-06-12 04:00:00,1267.42,1267.59,1266.5,1266.88,3668
2017-06-12 05:00:00,1266.88,1267.78,1266.7,1267.77,2293
2017-06-12 06:00:00,1267.77,1267.85,1266.51,1267.16,3263
2017-06-12 07:00:00,1267.16,1267.79,1266.06,1266.54,6769
2017-06-12 08:00:00,1266.53,1267.53,1265.57,1267.08,8553
2017-06-12 09:00:00,1267.09,1270.25,1266.72,1269.98,9181
2017-06-12 10:00:00,1269.98,1270.43,1269.02,1269.71,7517
2017-06-12 11:00:00,1269.7,1269.93,1267.69,1268.53,7320
2017-06-12 12:00:00,1268.54,1269.94,1268.29,1268.75,7285
2017-06-12 13:00:00,1268.75,1268.83,1263.99,1264.67,11135
2017-06-12 14:00:00,1264.67,1268.57,1263.65,1267.36,21164
2017-06-12 15:00:00,1267.32,1267.52,1265.18,1266.69,19904
2017-06-12 16:00:00,1266.7,1266.95,1264.22,1265.63,17878
2017-06-12 17:00:00,1265.63,1267.38,1265.43,1267.03,10759
2017-06-12 18:00:00,1267.06,1267.58,1265.97,1267.43,10172
2017-06-12 19:00:00,1267.44,1267.74,1266.27,1266.64,7928
2017-06-12 20:00:00,1266.64,1267.23,1265.06,1265.17,7471
2017-06-12 21:00:00,1265.17,1266.07,1265.16,1265.74,3756
2017-06-12 23:00:00,1264.99,1266.14,1264.93,1265.39,2410
2017-06-13 00:00:00,1265.4,1265.59,1264.62,1265.26,2610
2017-06-13 01:00:00,1265.26,1265.5,1264.51,1265.08,3984
2017-06-13 02:00:00,1265.08,1265.71,1262.73,1265.3,5919
2017-06-13 03:00:00,1265.31,1267.12,1265.11,1266.52,4359
2017-06-13 04:00:00,1266.54,1266.59,1265.93,1266.57,2733
2017-06-13 05:00:00,1266.56,1266.84,1266.02,1266.14,1982
2017-06-13 06:00:00,1266.1,1266.49,1265.59,1266.12,2817
2017-06-13 07:00:00,1266.12,1266.74,1265.61,1265.86,4938
2017-06-13 08:00:00,1265.86,1265.86,1263.59,1264.0,8651
2017-06-13 09:00:00,1263.99,1264.62,1261.64,1262.23,7770
2017-06-13 10:00:00,1262.23,1262.76,1261.7,1262.75,5415
2017-06-13 11:00:00,1262.75,1262.91,1261.76,1262.07,4400
2017-06-13 12:00:00,1262.08,1264.45,1262.04,1264.13,6265
2017-06-13 13:00:00,1264.14,1264.34,1260.69,1260.99,10765
2017-06-13 14:00:00,1260.97,1262.75,1259.3,1261.89,10982
2017-06-13 15:00:00,1261.88,1265.3,1261.75,1263.97,14882
2017-06-13 16:00:00,1263.97,1264.37,1262.78,1263.0,10135
2017-06-13 17:00:00,1262.97,1265.35,1262.67,1265.12,7066
2017-06-13 18:00:00,1265.12,1267.67,1264.94,1266.78,9390
2017-06-13 19:00:00,1266.79,1268.95,1266.79,1266.85,7497
2017-06-13 20:00:00,1266.86,1267.28,1266.43,1266.76,4808
2017-06-13 21:00:00,1266.75,1267.09,1266.09,1266.47,2801
2017-06-13 23:00:00,1263.51,1266.96,1263.51,1266.76,1907
2017-06-14 00:00:00,1266.77,1267.41,1266.34,1267.33,2139
2017-06-14 01:00:00,1267.32,1268.5,1266.95,1268.44,4071
2017-06-14 02:00:00,1268.43,1268.78,1266.73,1268.23,4315
2017-06-14 03:00:00,1268.23,1270.09,1268.07,1269.3,5128
2017-06-14 04:00:00,1269.3,1270.09,1269.23,1269.39,2715
2017-06-14 05:00:00,1269.39,1269.78,1268.52,1268.62,2405
2017-06-14 06:00:00,1268.62,1269.81,1268.53,1269.49,2882
2017-06-14 07:00:00,1269.49,1269.5,1268.12,1268.46,5335
2017-06-14 08:00:00,1268.46,1268.46,1266.68,1267.06,6765
2017-06-14 09:00:00,1267.05,1268.56,1266.57,1268.36,6031
2017-06-14 10:00:00,1268.33,1268.98,1267.93,1268.18,4946
2017-06-14 11:00:00,1268.17,1268.47,1266.98,1267.37,4959
2017-06-14 12:00:00,1267.38,1267.54,1264.87,1266.37,8724
2017-06-14 13:00:00,1266.36,1276.53,1264.92,1276.39,23004
2017-06-14 14:00:00,1276.41,1279.53,1274.66,1275.35,26394
2017-06-14 15:00:00,1275.34,1278.14,1275.32,1277.74,23001
2017-06-14 16:00:00,1277.72,1277.93,1276.0,1276.41,13264
2017-06-14 17:00:00,1276.41,1276.87,1275.27,1275.67,9373
2017-06-14 18:00:00,1275.67,1276.54,1273.22,1275.38,12208
2017-06-14 19:00:00,1275.48,1281.02,1265.42,1267.06,43011
2017-06-14 20:00:00,1267.08,1268.04,1257.21,1259.97,28740
2017-06-14 21:00:00,1259.94,1261.98,1258.89,1261.05,6320
2017-06-14 23:00:00,1260.25,1263.5,1259.6,1263.0,5015
2017-06-15 00:00:00,1263.0,1264.17,1262.41,1263.41,5802
2017-06-15 01:00:00,1263.43,1264.01,1262.2,1263.54,8404
2017-06-15 02:00:00,1263.54,1266.69,1263.42,1265.42,10825
2017-06-15 03:00:00,1265.42,1266.17,1264.48,1264.65,4971
2017-06-15 04:00:00,1264.67,1265.3,1263.94,1264.88,4286
2017-06-15 05:00:00,1264.88,1265.21,1264.37,1264.38,2864
2017-06-15 06:00:00,1264.38,1264.38,1262.27,1262.82,5455
2017-06-15 07:00:00,1262.83,1263.45,1260.91,1261.33,8702
2017-06-15 08:00:00,1261.34,1263.04,1260.61,1262.98,12546
2017-06-15 09:00:00,1262.98,1263.01,1261.16,1261.79,9003
2017-06-15 10:00:00,1261.79,1261.99,1257.43,1258.43,11121
2017-06-15 11:00:00,1258.43,1259.89,1256.9,1259.18,8093
2017-06-15 12:00:00,1259.18,1259.18,1253.64,1256.04,15273
2017-06-15 13:00:00,1256.05,1256.31,1251.51,1252.92,19400
2017-06-15 14:00:00,1252.91,1255.54,1251.73,1253.57,21578
2017-06-15 15:00:00,1253.58,1256.1,1253.31,1255.21,19988
2017-06-15 16:00:00,1255.21,1255.69,1253.5,1254.11,12923
2017-06-15 17:00:00,1254.06,1254.15,1252.85,1253.11,10545
2017-06-15 18:00:00,1253.1,1254.33,1252.63,1253.48,8445
2017-06-15 19:00:00,1253.47,1255.24,1253.45,1254.29,6006
2017-06-15 20:00:00,1254.28,1255.18,1253.77,1254.21,6292
2017-06-15 21:00:00,1254.2,1254.64,1253.78,1253.86,3132
2017-06-15 23:00:00,1251.82,1255.07,1251.82,1254.73,2033
2017-06-16 00:00:00,1254.71,1255.13,1253.86,1253.87,2514
2017-06-16 01:00:00,1253.88,1254.64,1253.22,1254.07,4881
2017-06-16 02:00:00,1254.08,1254.68,1252.6,1252.61,5002
2017-06-16 03:00:00,1252.6,1253.15,1252.13,1252.72,5606
2017-06-16 04:00:00,1252.73,1253.28,1251.96,1253.19,5027
2017-06-16 05:00:00,1253.18,1253.36,1252.66,1252.89,2596
2017-06-16 06:00:00,1252.9,1254.35,1251.87,1253.46,5473
2017-06-16 07:00:00,1253.47,1255.05,1253.33,1254.13,7879
2017-06-16 08:00:00,1254.13,1254.92,1253.71,1254.79,7609
2017-06-16 09:00:00,1254.78,1255.43,1254.6,1254.62,5736
2017-06-16 10:00:00,1254.63,1256.52,1254.6,1255.66,6297
2017-06-16 11:00:00,1255.64,1257.18,1255.64,1256.28,4529
2017-06-16 12:00:00,1256.28,1256.29,1254.48,1254.97,5558
2017-06-16 13:00:00,1254.98,1257.1,1253.81,1255.74,11594
2017-06-16 14:00:00,1255.75,1256.14,1254.4,1255.37,13818
2017-06-16 15:00:00,1255.37,1256.22,1253.99,1255.24,11578
2017-06-16 16:00:00,1255.24,1255.78,1254.3,1254.47,7290
2017-06-16 17:00:00,1254.48,1254.73,1253.63,1254.57,5178
2017-06-16 18:00:00,1254.53,1255.2,1253.75,1253.85,4616
2017-06-16 19:00:00,1253.84,1254.56,1253.84,1254.54,3785
2017-06-16 20:00:00,1254.55,1254.96,1253.47,1254.08,3687
2017-06-16 21:00:00,1254.08,1254.85,1253.07,1253.42,1578
2017-06-18 23:00:00,1254.24,1255.49,1253.34,1254.97,1340
2017-06-19 00:00:00,1254.96,1255.67,1253.51,1254.71,4446
2017-06-19 01:00:00,1254.71,1255.29,1253.02,1253.29,3489
2017-06-19 02:00:00,1253.29,1253.29,1251.13,1252.62,5618
2017-06-19 03:00:00,1252.63,1253.47,1252.26,1253.42,2103
2017-06-19 04:00:00,1253.42,1253.47,1252.73,1252.82,1446
2017-06-19 05:00:00,1252.82,1253.05,1252.71,1252.72,935
2017-06-19 06:00:00,1252.72,1253.23,1251.75,1251.84,3398
2017-06-19 07:00:00,1251.84,1252.4,1251.32,1252.3,3786
2017-06-19 08:00:00,1252.3,1252.3,1249.28,1250.2,5786
2017-06-19 09:00:00,1250.17,1251.16,1249.86,1250.79,3149
2017-06-19 10:00:00,1250.79,1252.04,1250.69,1251.46,4816
2017-06-19 11:00:00,1251.46,1251.66,1250.92,1251.38,2209
2017-06-19 12:00:00,1251.36,1251.55,1250.05,1250.72,3877
2017-06-19 13:00:00,1250.72,1253.36,1248.47,1249.53,11741
2017-06-19 14:00:00,1249.52,1250.79,1247.63,1248.1,8239
2017-06-19 15:00:00,1248.13,1249.14,1247.48,1248.72,11105
2017-06-19 16:00:00,1248.72,1249.4,1247.74,1248.1,6706
2017-06-19 17:00:00,1248.1,1248.44,1246.53,1247.1,6189
2017-06-19 18:00:00,1247.11,1247.18,1244.87,1246.07,8436
2017-06-19 19:00:00,1246.07,1246.45,1244.98,1245.14,5757
2017-06-19 20:00:00,1245.14,1245.19,1244.05,1244.89,4077
2017-06-19 21:00:00,1244.89,1245.1,1243.07,1243.65,3487
2017-06-19 23:00:00,1242.88,1244.35,1242.88,1243.9,2124
2017-06-20 00:00:00,1243.9,1244.32,1243.2,1243.81,3292
2017-06-20 01:00:00,1243.81,1244.31,1242.88,1243.93,3000
2017-06-20 02:00:00,1243.95,1245.94,1243.85,1245.55,3863
2017-06-20 03:00:00,1245.56,1245.85,1244.95,1245.18,2694
2017-06-20 04:00:00,1245.16,1245.67,1244.92,1245.13,1651
2017-06-20 05:00:00,1245.15,1245.57,1244.92,1245.23,1411
2017-06-20 06:00:00,1245.23,1246.05,1244.96,1246.05,2403
2017-06-20 07:00:00,1246.05,1247.04,1245.75,1246.18,4125
2017-06-20 08:00:00,1246.18,1247.69,1245.98,1246.91,5439
2017-06-20 09:00:00,1246.9,1247.4,1246.47,1247.02,3383
2017-06-20 10:00:00,1247.04,1247.28,1246.52,1246.79,2020
2017-06-20 11:00:00,1246.77,1247.47,1245.49,1246.07,3426
2017-06-20 12:00:00,1246.1,1246.38,1243.87,1245.01,6159
2017-06-20 13:00:00,1245.01,1248.11,1244.92,1245.08,8960
2017-06-20 14:00:00,1245.08,1245.68,1241.69,1242.44,11543
2017-06-20 15:00:00,1242.42,1244.41,1241.36,1242.79,9945
2017-06-20 16:00:00,1242.77,1243.98,1242.29,1243.85,4977
2017-06-20 17:00:00,1243.85,1244.55,1243.46,1243.75,5283
2017-06-20 18:00:00,1243.76,1243.87,1242.05,1242.78,5396
2017-06-20 19:00:00,1242.76,1244.14,1242.35,1243.94,4062
2017-06-20 20:00:00,1243.93,1244.03,1242.55,1242.65,3710
2017-06-20 21:00:00,1242.67,1243.27,1242.36,1243.12,1817
2017-06-20 23:00:00,1241.49,1244.87,1241.49,1244.77,1124
2017-06-21 00:00:00,1244.77,1245.25,1244.48,1244.91,2532
2017-06-21 01:00:00,1244.91,1245.8,1244.52,1245.17,3252
2017-06-21 02:00:00,1245.17,1246.2,1244.91,1245.92,3948
2017-06-21 03:00:00,1245.92,1246.31,1245.28,1245.67,2418
2017-06-21 04:00:00,1245.67,1246.55,1245.56,1246.28,2750
2017-06-21 05:00:00,1246.28,1246.91,1246.19,1246.5,2568
2017-06-21 06:00:00,1246.5,1246.74,1245.52,1245.68,4519
2017-06-21 07:00:00,1245.68,1246.57,1245.3,1245.4,5004
2017-06-21 08:00:00,1245.39,1246.44,1244.8,1245.53,4889
2017-06-21 09:00:00,1245.54,1246.54,1244.97,1246.37,6484
2017-06-21 10:00:00,1246.35,1247.52,1245.8,1247.38,5083
2017-06-21 11:00:00,1247.38,1247.83,1246.47,1247.25,4926
2017-06-21 12:00:00,1247.26,1247.28,1244.73,1245.04,6951
2017-06-21 13:00:00,1245.03,1245.69,1242.74,1243.1,10135
2017-06-21 14:00:00,1243.09,1243.76,1240.86,1243.25,10490
2017-06-21 15:00:00,1243.16,1246.29,1242.19,1244.87,14035
2017-06-21 16:00:00,1244.85,1247.01,1243.95,1244.24,9211
2017-06-21 17:00:00,1244.21,1245.6,1244.2,1245.39,6613
2017-06-21 18:00:00,1245.39,1246.05,1244.59,1245.69,6390
2017-06-21 19:00:00,1245.69,1246.66,1245.67,1246.35,4468
2017-06-21 20:00:00,1246.35,1247.38,1245.82,1246.22,3734
2017-06-21 21:00:00,1246.22,1246.6,1245.1,1246.5,3368
2017-06-21 23:00:00,1244.07,1247.08,1244.07,1246.71,1226
2017-06-22 00:00:00,1246.7,1249.82,1246.7,1248.97,3665
2017-06-22 01:00:00,1248.97,1251.05,1248.78,1250.89,3649
2017-06-22 02:00:00,1250.89,1253.09,1250.74,1252.75,5201
2017-06-22 03:00:00,1252.75,1253.94,1252.55,1253.11,5391
2017-06-22 04:00:00,1253.11,1253.41,1251.92,1252.23,3114
2017-06-22 05:00:00,1252.23,1253.11,1251.87,1252.76,2649
2017-06-22 06:00:00,1252.76,1254.87,1252.16,1254.06,3620
2017-06-22 07:00:00,1254.07,1254.07,1252.42,1252.94,4429
2017-06-22 08:00:00,1252.94,1253.72,1252.41,1252.84,6251
2017-06-22 09:00:00,1252.84,1252.94,1251.23,1252.01,4176
2017-06-22 10:00:00,1252.01,1252.61,1251.36,1251.46,4329
2017-06-22 11:00:00,1251.47,1251.85,1250.51,1250.72,4833
2017-06-22 12:00:00,1250.73,1251.29,1249.39,1250.7,7300
2017-06-22 13:00:00,1250.73,1254.09,1250.73,1253.66,13771
2017-06-22 14:00:00,1253.68,1253.87,1250.94,1251.0,11764
2017-06-22 15:00:00,1250.95,1251.5,1249.72,1250.35,11114
2017-06-22 16:00:00,1250.35,1251.14,1249.94,1250.58,8334
2017-06-22 17:00:00,1250.56,1251.46,1250.38,1250.86,5539
2017-06-22 18:00:00,1250.86,1251.06,1248.35,1248.54,9437
2017-06-22 19:00:00,1248.54,1249.55,1246.72,1249.2,6357
2017-06-22 20:00:00,1249.2,1250.56,1248.97,1250.12,4829
2017-06-22 21:00:00,1250.12,1250.49,1249.5,1250.42,2268
2017-06-22 23:00:00,1249.62,1252.26,1249.62,1252.23,1133
2017-06-23 00:00:00,1252.23,1252.24,1251.07,1251.53,1446
2017-06-23 01:00:00,1251.53,1252.27,1250.35,1251.01,3611
2017-06-23 02:00:00,1251.01,1251.32,1249.85,1251.26,3689
2017-06-23 03:00:00,1251.25,1251.75,1250.74,1251.05,1466
2017-06-23 04:00:00,1251.05,1252.43,1250.81,1252.21,3014
2017-06-23 05:00:00,1252.21,1252.46,1251.44,1252.11,2048
2017-06-23 06:00:00,1252.11,1253.09,1252.11,1252.79,2967
2017-06-23 07:00:00,1252.79,1254.11,1252.68,1253.66,3856
2017-06-23 08:00:00,1253.68,1254.49,1252.98,1254.14,5044
2017-06-23 09:00:00,1254.14,1257.93,1254.13,1257.2,7228
2017-06-23 10:00:00,1257.15,1257.3,1255.71,1256.49,4838
2017-06-23 11:00:00,1256.47,1257.29,1256.39,1257.21,4118
2017-06-23 12:00:00,1257.21,1258.18,1256.72,1257.38,5690
2017-06-23 13:00:00,1257.39,1258.9,1256.41,1257.61,7260
2017-06-23 14:00:00,1257.61,1257.95,1256.25,1256.6,8593
2017-06-23 15:00:00,1256.6,1256.72,1255.3,1255.51,9099
2017-06-23 16:00:00,1255.51,1256.84,1255.44,1255.65,5216
2017-06-23 17:00:00,1255.68,1256.09,1254.67,1255.12,4820
2017-06-23 18:00:00,1255.12,1255.96,1255.08,1255.67,3591
2017-06-23 19:00:00,1255.67,1256.25,1255.6,1255.79,3132
2017-06-23 20:00:00,1255.79,1256.41,1255.68,1255.86,3863
2017-06-23 21:00:00,1255.88,1256.86,1255.6,1256.81,1501
2017-06-25 23:00:00,1257.2,1258.11,1256.97,1257.2,1446
2017-06-26 00:00:00,1257.19,1257.99,1257.17,1257.42,1340
2017-06-26 01:00:00,1257.42,1257.47,1255.65,1256.06,3531
2017-06-26 02:00:00,1256.04,1256.07,1254.71,1255.85,3870
2017-06-26 03:00:00,1255.86,1256.09,1255.63,1255.71,2243
2017-06-26 04:00:00,1255.67,1255.68,1254.72,1255.06,1867
2017-06-26 05:00:00,1255.03,1255.05,1253.51,1254.18,1993
2017-06-26 06:00:00,1254.19,1254.84,1253.58,1254.48,1877
2017-06-26 07:00:00,1254.49,1255.05,1253.68,1254.84,4460
2017-06-26 08:00:00,1254.82,1254.82,1253.82,1253.91,5302
2017-06-26 09:00:00,1253.91,1253.93,1235.96,1242.62,12301
2017-06-26 10:00:00,1242.63,1242.64,1238.25,1241.55,7083
2017-06-26 11:00:00,1241.56,1243.54,1241.27,1242.89,5323
2017-06-26 12:00:00,1242.94,1243.11,1240.38,1241.71,4703
2017-06-26 13:00:00,1241.71,1244.72,1236.82,1243.28,12596
2017-06-26 14:00:00,1243.3,1245.55,1243.17,1243.52,12140
2017-06-26 15:00:00,1243.54,1245.68,1243.54,1244.59,11399
2017-06-26 16:00:00,1244.64,1245.35,1242.64,1243.33,8876
2017-06-26 17:00:00,1243.33,1244.95,1243.12,1243.93,6301
2017-06-26 18:00:00,1243.92,1246.08,1243.9,1245.06,4686
2017-06-26 19:00:00,1245.07,1245.18,1242.34,1242.63,6193
2017-06-26 20:00:00,1242.64,1244.46,1242.42,1244.32,4267
2017-06-26 21:00:00,1244.35,1244.63,1243.72,1244.48,1876
2017-06-26 23:00:00,1243.84,1244.6,1242.61,1242.65,1111
2017-06-27 00:00:00,1242.67,1243.37,1242.48,1243.14,1365
2017-06-27 01:00:00,1243.14,1243.14,1241.39,1242.17,5296
2017-06-27 02:00:00,1242.18,1243.54,1241.41,1243.25,4036
2017-06-27 03:00:00,1243.26,1244.87,1243.26,1244.84,2224
2017-06-27 04:00:00,1244.84,1245.62,1244.42,1244.67,1672
2017-06-27 05:00:00,1244.66,1245.26,1244.63,1245.11,811
2017-06-27 06:00:00,1245.12,1245.81,1244.9,1245.25,1916
2017-06-27 07:00:00,1245.23,1252.12,1245.16,1250.76,6006
2017-06-27 08:00:00,1250.75,1251.45,1249.43,1250.74,3312
2017-06-27 09:00:00,1250.73,1253.12,1250.73,1251.33,8362
2017-06-27 10:00:00,1251.33,1251.78,1250.33,1250.46,3424
2017-06-27 11:00:00,1250.47,1252.05,1250.26,1251.4,2797
2017-06-27 12:00:00,1251.4,1251.65,1248.55,1248.84,4150
2017-06-27 13:00:00,1248.85,1251.09,1248.33,1249.18,4618
2017-06-27 14:00:00,1249.16,1251.66,1248.98,1250.31,7671
2017-06-27 15:00:00,1250.3,1250.32,1247.68,1248.02,7715
2017-06-27 16:00:00,1247.99,1248.3,1246.42,1246.84,6529
2017-06-27 17:00:00,1246.84,1247.06,1246.08,1246.73,4923
2017-06-27 18:00:00,1246.72,1248.78,1245.78,1248.58,8979
2017-06-27 19:00:00,1248.58,1250.56,1248.48,1250.23,6287
2017-06-27 20:00:00,1250.22,1250.82,1249.08,1249.08,4246
2017-06-27 21:00:00,1249.08,1249.23,1246.59,1247.09,2098
2017-06-27 23:00:00,1246.21,1248.36,1246.21,1248.36,1555
2017-06-28 00:00:00,1248.37,1249.66,1248.13,1249.27,1687
2017-06-28 01:00:00,1249.22,1249.97,1248.67,1249.37,3442
2017-06-28 02:00:00,1249.31,1251.09,1248.33,1250.81,4314
2017-06-28 03:00:00,1250.81,1252.93,1250.81,1252.37,3504
2017-06-28 04:00:00,1252.4,1253.43,1251.99,1252.48,2349
2017-06-28 05:00:00,1252.48,1252.91,1251.39,1251.42,1685
2017-06-28 06:00:00,1251.44,1252.35,1251.09,1251.45,2900
2017-06-28 07:00:00,1251.44,1252.03,1250.61,1251.0,5546
2017-06-28 08:00:00,1251.02,1252.37,1249.51,1251.97,4944
2017-06-28 09:00:00,1251.96,1254.52,1251.67,1253.08,5731
2017-06-28 10:00:00,1253.07,1253.69,1251.31,1252.32,4581
2017-06-28 11:00:00,1252.31,1253.71,1251.81,1253.0,3916
2017-06-28 12:00:00,1252.97,1253.95,1252.07,1252.6,3126
2017-06-28 13:00:00,1252.61,1254.92,1250.42,1251.82,14125
2017-06-28 14:00:00,1251.81,1253.11,1249.29,1249.89,11421
2017-06-28 15:00:00,1249.93,1250.64,1247.92,1249.32,8948
2017-06-28 16:00:00,1249.32,1250.51,1249.15,1249.8,5407
2017-06-28 17:00:00,1249.85,1249.95,1248.48,1249.45,2832
2017-06-28 18:00:00,1249.45,1250.23,1248.45,1249.61,3380
2017-06-28 19:00:00,1249.61,1249.95,1248.9,1249.35,2358
2017-06-28 20:00:00,1249.33,1250.34,1248.78,1250.19,2012
2017-06-28 21:00:00,1250.19,1250.34,1248.7,1249.03,1864
2017-06-28 23:00:00,1246.45,1250.94,1246.45,1250.55,1404
2017-06-29 00:00:00,1250.57,1250.95,1249.66,1249.76,1947
2017-06-29 01:00:00,1249.75,1250.36,1249.06,1249.83,3973
2017-06-29 02:00:00,1249.83,1252.56,1249.36,1252.2,4205
2017-06-29 03:00:00,1252.19,1253.2,1251.42,1251.83,2959
2017-06-29 04:00:00,1251.81,1252.24,1251.61,1251.8,1350
2017-06-29 05:00:00,1251.82,1252.21,1251.38,1251.49,1393
2017-06-29 06:00:00,1251.48,1252.79,1251.48,1252.63,2142
2017-06-29 07:00:00,1252.63,1253.02,1250.62,1251.53,4076
2017-06-29 08:00:00,1251.51,1251.74,1245.32,1246.93,6957
2017-06-29 09:00:00,1246.93,1247.44,1244.0,1246.99,4469
2017-06-29 10:00:00,1246.99,1247.82,1246.14,1247.21,3789
2017-06-29 11:00:00,1247.21,1247.52,1245.35,1246.23,3043
2017-06-29 12:00:00,1246.25,1246.33,1243.48,1245.14,4697
2017-06-29 13:00:00,1245.19,1246.26,1241.01,1241.31,7729
2017-06-29 14:00:00,1241.3,1242.86,1239.81,1242.65,9664
2017-06-29 15:00:00,1242.65,1247.42,1242.53,1244.36,12180
2017-06-29 16:00:00,1244.33,1245.45,1242.58,1243.67,8978
2017-06-29 17:00:00,1243.67,1245.99,1243.05,1245.79,9560
2017-06-29 18:00:00,1245.78,1246.66,1244.45,1246.26,10910
2017-06-29 19:00:00,1246.27,1247.14,1244.59,1245.41,5986
2017-06-29 20:00:00,1245.41,1245.74,1243.86,1244.24,4852
2017-06-29 21:00:00,1244.23,1245.95,1244.03,1245.24,1738
2017-06-29 23:00:00,1244.95,1247.12,1244.89,1246.58,1639
2017-06-30 00:00:00,1246.58,1246.61,1245.36,1246.48,1713
2017-06-30 01:00:00,1246.48,1246.62,1244.39,1245.19,4915
2017-06-30 02:00:00,1245.18,1245.5,1243.8,1245.0,5664
2017-06-30 03:00:00,1245.0,1247.69,1245.0,1247.01,5506
2017-06-30 04:00:00,1247.0,1248.25,1246.2,1246.72,2769
2017-06-30 05:00:00,1246.72,1247.43,1246.0,1246.41,1938
2017-06-30 06:00:00,1246.44,1246.69,1244.13,1244.4,3558
2017-06-30 07:00:00,1244.4,1245.16,1243.0,1243.3,4834
2017-06-30 08:00:00,1243.3,1244.36,1241.98,1243.39,6112
2017-06-30 09:00:00,1243.46,1244.81,1243.05,1244.49,3214
2017-06-30 10:00:00,1244.48,1244.98,1242.98,1243.64,3463
2017-06-30 11:00:00,1243.64,1243.74,1242.64,1243.35,2749
2017-06-30 12:00:00,1243.35,1244.51,1242.87,1243.53,2400
2017-06-30 13:00:00,1243.53,1244.59,1239.22,1241.44,9671
2017-06-30 14:00:00,1241.44,1243.13,1240.83,1242.61,9716
2017-06-30 15:00:00,1242.59,1245.29,1242.1,1242.49,9263
2017-06-30 16:00:00,1242.49,1243.73,1242.3,1242.8,6674
2017-06-30 17:00:00,1242.79,1243.51,1241.54,1242.43,3022
2017-06-30 18:00:00,1242.38,1242.81,1240.97,1242.62,3823
2017-06-30 19:00:00,1242.63,1243.02,1240.67,1240.92,4273
2017-06-30 20:00:00,1240.9,1242.61,1240.85,1241.4,3536
2017-06-30 21:00:00,1241.41,1241.98,1240.92,1241.31,2032
2017-07-02 23:00:00,1241.54,1242.7,1241.4,1241.73,1212
2017-07-03 00:00:00,1241.72,1241.82,1240.66,1241.82,1726
2017-07-03 01:00:00,1241.82,1242.06,1240.26,1240.36,2724
2017-07-03 02:00:00,1240.36,1240.46,1237.94,1238.36,3938
2017-07-03 03:00:00,1238.35,1238.35,1237.39,1237.4,2522
2017-07-03 04:00:00,1237.41,1238.09,1236.75,1237.65,2167
2017-07-03 05:00:00,1237.65,1238.18,1237.53,1237.86,1370
2017-07-03 06:00:00,1237.85,1238.28,1235.79,1236.65,1859
2017-07-03 07:00:00,1236.65,1236.94,1235.67,1236.58,3543
2017-07-03 08:00:00,1236.58,1236.66,1234.62,1235.45,4033
2017-07-03 09:00:00,1235.45,1236.54,1234.9,1235.65,2280
2017-07-03 10:00:00,1235.65,1236.19,1233.97,1234.63,2276
2017-07-03 11:00:00,1234.61,1234.96,1233.46,1233.69,2531
2017-07-03 12:00:00,1233.67,1234.29,1232.81,1233.23,2687
2017-07-03 13:00:00,1233.22,1233.34,1228.83,1229.71,6466
2017-07-03 14:00:00,1229.72,1229.83,1224.65,1228.3,10403
2017-07-03 15:00:00,1228.29,1228.35,1222.42,1222.72,11836
2017-07-03 16:00:00,1222.74,1224.45,1220.89,1222.52,8321
2017-07-03 17:00:00,1222.53,1223.15,1219.41,1220.17,6537
2017-07-03 18:00:00,1220.18,1221.12,1219.41,1220.33,3645
2017-07-03 19:00:00,1220.33,1222.43,1220.32,1221.62,1477
2017-07-03 20:00:00,1221.6,1222.0,1221.17,1221.74,955
2017-07-03 21:00:00,1221.74,1222.39,1218.51,1220.18,1853
2017-07-03 23:00:00,1220.08,1222.65,1220.08,1222.39,1239
2017-07-04 00:00:00,1222.37,1223.89,1221.98,1223.45,1673
2017-07-04 01:00:00,1223.44,1225.29,1223.35,1224.99,2308
2017-07-04 02:00:00,1224.99,1225.08,1220.67,1221.62,4240
2017-07-04 03:00:00,1221.6,1223.33,1221.58,1223.18,2136
2017-07-04 04:00:00,1223.25,1224.0,1222.87,1223.14,1732
2017-07-04 05:00:00,1223.13,1223.48,1221.93,1223.12,1823
2017-07-04 06:00:00,1223.13,1226.28,1223.12,1224.65,4300
2017-07-04 07:00:00,1224.65,1226.55,1224.13,1225.54,4775
2017-07-04 08:00:00,1225.54,1225.9,1224.17,1225.04,3659
2017-07-04 09:00:00,1224.99,1225.59,1224.21,1225.26,2319
2017-07-04 10:00:00,1225.26,1225.41,1223.75,1224.51,1806
2017-07-04 11:00:00,1224.51,1224.96,1224.0,1224.86,1178
2017-07-04 12:00:00,1224.86,1225.64,1224.77,1225.01,1169
2017-07-04 13:00:00,1225.0,1225.19,1224.1,1225.04,2104
2017-07-04 14:00:00,1225.04,1225.04,1222.52,1222.73,2855
2017-07-04 15:00:00,1222.72,1224.04,1222.7,1223.47,2088
2017-07-04 16:00:00,1223.48,1223.81,1222.86,1223.24,1545
2017-07-04 17:00:00,1223.26,1223.42,1222.86,1223.42,1069
2017-07-04 18:00:00,1223.42,1223.42,1223.38,1223.38,3
2017-07-04 23:00:00,1223.38,1225.49,1223.38,1225.1,1630
2017-07-05 00:00:00,1225.13,1227.43,1224.83,1226.7,2174
2017-07-05 01:00:00,1226.72,1227.26,1225.14,1225.84,3025
2017-07-05 02:00:00,1225.84,1228.36,1225.64,1228.11,3946
2017-07-05 03:00:00,1228.13,1228.86,1227.24,1227.42,2800
2017-07-05 04:00:00,1227.42,1227.84,1226.91,1227.75,2008
2017-07-05 05:00:00,1227.75,1227.99,1225.95,1226.03,2164
2017-07-05 06:00:00,1226.03,1226.41,1224.9,1225.39,2548
2017-07-05 07:00:00,1225.39,1226.09,1224.41,1225.9,3011
2017-07-05 08:00:00,1225.91,1226.31,1222.78,1223.73,4585
2017-07-05 09:00:00,1223.72,1223.73,1221.57,1222.36,3955
2017-07-05 10:00:00,1222.35,1222.76,1219.94,1220.29,4215
2017-07-05 11:00:00,1220.29,1220.56,1217.47,1220.12,4362
2017-07-05 12:00:00,1220.22,1223.26,1219.77,1221.56,3698
2017-07-05 13:00:00,1221.51,1222.1,1217.81,1218.23,4655
2017-07-05 14:00:00,1218.23,1221.07,1218.1,1220.22,6822
2017-07-05 15:00:00,1220.21,1224.4,1220.21,1221.45,9623
2017-07-05 16:00:00,1221.47,1223.72,1220.92,1223.44,5554
2017-07-05 17:00:00,1223.43,1224.1,1222.56,1223.24,3823
2017-07-05 18:00:00,1223.24,1223.87,1221.44,1223.64,3837
2017-07-05 19:00:00,1223.64,1225.39,1220.0,1223.31,11881
2017-07-05 20:00:00,1223.3,1226.78,1222.95,1225.29,5858
2017-07-05 21:00:00,1225.29,1227.24,1225.12,1226.8,2349
2017-07-05 23:00:00,1224.3,1229.19,1224.3,1227.28,2487
2017-07-06 00:00:00,1227.3,1228.53,1226.55,1226.56,2067
2017-07-06 01:00:00,1226.55,1227.47,1224.83,1227.36,3965
2017-07-06 02:00:00,1227.37,1227.96,1224.3,1224.83,4260
2017-07-06 03:00:00,1224.83,1226.71,1223.88,1225.9,2909
2017-07-06 04:00:00,1225.92,1227.29,1225.55,1227.09,2244
2017-07-06 05:00:00,1227.09,1227.23,1226.27,1226.39,1451
2017-07-06 06:00:00,1226.39,1226.75,1225.26,1225.47,1996
2017-07-06 07:00:00,1225.48,1225.84,1224.31,1224.97,2520
2017-07-06 08:00:00,1224.96,1225.53,1223.18,1224.33,3659
2017-07-06 09:00:00,1224.34,1225.32,1223.99,1224.89,2863
2017-07-06 10:00:00,1224.79,1224.99,1223.45,1224.42,5275
2017-07-06 11:00:00,1224.44,1225.5,1223.69,1224.18,3578
2017-07-06 12:00:00,1224.19,1224.65,1222.71,1223.34,4218
2017-07-06 13:00:00,1223.34,1227.41,1222.95,1225.41,10850
2017-07-06 14:00:00,1225.42,1226.88,1223.79,1225.66,8808
2017-07-06 15:00:00,1225.71,1226.09,1222.98,1223.92,9985
2017-07-06 16:00:00,1223.92,1224.82,1223.05,1224.52,6989
2017-07-06 17:00:00,1224.52,1224.73,1222.52,1223.55,4112
2017-07-06 18:00:00,1223.55,1225.01,1222.95,1224.03,7854
2017-07-06 19:00:00,1224.03,1224.75,1223.74,1224.56,5457
2017-07-06 20:00:00,1224.55,1225.28,1223.97,1224.7,4977
2017-07-06 21:00:00,1224.7,1225.18,1224.4,1225.06,2673
2017-07-06 23:00:00,1224.58,1225.77,1223.96,1224.93,1500
2017-07-07 00:00:00,1224.9,1225.52,1219.11,1222.82,6482
2017-07-07 01:00:00,1222.82,1223.23,1220.94,1222.51,5001
2017-07-07 02:00:00,1222.46,1223.72,1219.18,1219.78,11401
2017-07-07 03:00:00,1219.79,1220.68,1219.25,1220.58,5866
2017-07-07 04:00:00,1220.58,1221.32,1220.35,1220.82,4076
2017-07-07 05:00:00,1220.81,1221.51,1220.35,1220.74,3618
2017-07-07 06:00:00,1220.74,1220.99,1219.87,1220.54,4575
2017-07-07 07:00:00,1220.54,1222.6,1220.3,1221.92,6917
2017-07-07 08:00:00,1221.92,1222.28,1221.27,1221.69,7394
2017-07-07 09:00:00,1221.7,1221.8,1220.65,1221.47,7093
2017-07-07 10:00:00,1221.48,1221.83,1220.85,1221.82,5405
2017-07-07 11:00:00,1221.83,1221.9,1221.18,1221.7,4522
2017-07-07 12:00:00,1221.69,1223.79,1221.57,1222.56,5760
2017-07-07 13:00:00,1222.55,1228.46,1217.55,1221.05,23961
2017-07-07 14:00:00,1221.04,1221.73,1213.85,1215.21,21226
2017-07-07 15:00:00,1215.21,1216.11,1212.44,1212.45,16850
2017-07-07 16:00:00,1212.46,1212.57,1207.32,1209.59,19469
2017-07-07 17:00:00,1209.58,1212.72,1209.56,1211.6,11129
2017-07-07 18:00:00,1211.61,1211.66,1209.97,1210.91,8176
2017-07-07 19:00:00,1210.91,1210.91,1209.3,1209.82,5296
2017-07-07 20:00:00,1209.83,1212.52,1209.83,1212.22,5422
2017-07-07 21:00:00,1212.22,1213.02,1211.81,1213.02,1831
2017-07-09 23:00:00,1213.67,1213.81,1211.44,1213.08,2042
2017-07-10 00:00:00,1213.08,1213.8,1211.89,1213.39,1777
2017-07-10 01:00:00,1213.39,1213.69,1212.56,1213.43,4467
2017-07-10 02:00:00,1213.42,1213.49,1210.34,1210.72,5720
2017-07-10 03:00:00,1210.75,1212.49,1210.61,1211.77,3805
2017-07-10 04:00:00,1211.77,1211.85,1210.57,1210.85,2562
2017-07-10 05:00:00,1210.84,1211.18,1210.75,1211.07,1972
2017-07-10 06:00:00,1211.06,1211.67,1210.75,1211.16,3483
2017-07-10 07:00:00,1211.18,1211.18,1204.85,1206.7,9910
2017-07-10 08:00:00,1206.69,1207.98,1205.3,1207.51,8247
2017-07-10 09:00:00,1207.51,1208.61,1207.06,1207.68,6386
2017-07-10 10:00:00,1207.72,1208.14,1206.84,1207.29,6401
2017-07-10 11:00:00,1207.28,1208.51,1207.18,1208.31,3851
2017-07-10 12:00:00,1208.31,1215.63,1208.0,1212.26,8314
2017-07-10 13:00:00,1212.26,1212.48,1209.22,1210.14,10475
2017-07-10 14:00:00,1210.15,1210.83,1207.54,1209.7,12939
2017-07-10 15:00:00,1209.7,1213.92,1209.5,1212.01,15831
2017-07-10 16:00:00,1212.01,1215.12,1212.01,1213.02,12668
2017-07-10 17:00:00,1213.02,1213.37,1211.66,1211.89,6175
2017-07-10 18:00:00,1211.88,1214.7,1211.65,1213.95,6536
2017-07-10 19:00:00,1213.94,1214.07,1213.36,1213.96,3918
2017-07-10 20:00:00,1213.96,1214.58,1213.34,1214.2,4159
2017-07-10 21:00:00,1214.19,1214.46,1213.37,1214.16,2197
2017-07-10 23:00:00,1213.89,1214.95,1212.5,1214.34,1397
2017-07-11 00:00:00,1214.31,1214.9,1212.86,1213.69,1606
2017-07-11 01:00:00,1213.71,1216.05,1211.91,1212.82,5320
2017-07-11 02:00:00,1212.83,1213.25,1211.59,1212.14,5320
2017-07-11 03:00:00,1212.14,1212.34,1211.15,1211.57,4709
2017-07-11 04:00:00,1211.58,1212.43,1211.57,1212.22,2768
2017-07-11 05:00:00,1212.23,1212.27,1210.53,1211.03,3555
2017-07-11 06:00:00,1211.03,1211.64,1210.01,1211.43,5648
2017-07-11 07:00:00,1211.42,1212.53,1210.95,1211.63,6223
2017-07-11 08:00:00,1211.58,1211.58,1209.55,1210.17,7983
2017-07-11 09:00:00,1210.17,1211.6,1209.88,1210.37,5727
2017-07-11 10:00:00,1210.38,1211.41,1210.03,1210.49,5107
2017-07-11 11:00:00,1210.49,1210.96,1209.2,1210.18,5152
2017-07-11 12:00:00,1210.18,1210.86,1210.02,1210.57,4674
2017-07-11 13:00:00,1210.47,1212.92,1210.03,1212.03,9407
2017-07-11 14:00:00,1212.03,1212.69,1210.95,1210.97,12075
2017-07-11 15:00:00,1210.98,1211.3,1208.23,1208.74,14540
2017-07-11 16:00:00,1208.76,1216.92,1208.74,1214.24,19558
2017-07-11 17:00:00,1214.24,1217.44,1213.38,1215.78,14068
2017-07-11 18:00:00,1215.8,1216.82,1214.44,1215.06,11095
2017-07-11 19:00:00,1215.08,1217.43,1215.05,1216.81,6436
2017-07-11 20:00:00,1216.8,1217.26,1216.07,1216.27,5630
2017-07-11 21:00:00,1216.28,1217.43,1216.09,1217.31,2834
2017-07-11 23:00:00,1216.48,1217.85,1216.38,1217.08,1209
2017-07-12 00:00:00,1217.08,1218.09,1216.83,1217.91,2066
2017-07-12 01:00:00,1217.91,1219.78,1216.96,1219.22,6025
2017-07-12 02:00:00,1219.22,1220.42,1218.25,1218.48,7103
2017-07-12 03:00:00,1218.48,1219.61,1218.37,1219.38,4515
2017-07-12 04:00:00,1219.38,1220.3,1218.99,1220.25,4411
2017-07-12 05:00:00,1220.15,1220.25,1219.31,1219.86,3584
2017-07-12 06:00:00,1219.77,1220.55,1219.37,1219.98,3992
2017-07-12 07:00:00,1219.98,1220.52,1217.57,1218.2,7485
2017-07-12 08:00:00,1218.21,1219.23,1217.68,1218.25,7813
2017-07-12 09:00:00,1218.25,1219.17,1218.14,1218.55,6677
2017-07-12 10:00:00,1218.55,1219.61,1218.34,1218.63,6560
2017-07-12 11:00:00,1218.64,1219.03,1216.71,1217.14,5409
2017-07-12 12:00:00,1217.14,1217.96,1216.26,1217.7,5960
2017-07-12 13:00:00,1217.71,1225.7,1213.49,1224.72,19112
2017-07-12 14:00:00,1224.73,1225.78,1220.22,1221.06,21028
2017-07-12 15:00:00,1221.06,1223.36,1218.43,1222.98,18964
2017-07-12 16:00:00,1222.98,1223.34,1219.57,1221.06,13908
2017-07-12 17:00:00,1221.06,1221.79,1220.58,1221.39,8171
2017-07-12 18:00:00,1221.38,1221.38,1218.99,1219.65,7792
2017-07-12 19:00:00,1219.66,1221.12,1219.6,1220.27,4989
2017-07-12 20:00:00,1220.25,1221.64,1219.99,1220.14,4755
2017-07-12 21:00:00,1220.14,1220.53,1219.72,1220.35,2186
2017-07-12 23:00:00,1214.03,1219.71,1214.03,1219.14,1146
2017-07-13 00:00:00,1219.15,1219.72,1218.53,1219.08,1593
2017-07-13 01:00:00,1219.08,1220.5,1218.23,1220.28,6218
2017-07-13 02:00:00,1220.28,1222.0,1220.1,1221.86,5763
2017-07-13 03:00:00,1221.86,1223.47,1221.13,1222.96,4688
2017-07-13 04:00:00,1222.96,1223.91,1222.93,1223.44,6423
2017-07-13 05:00:00,1223.45,1223.69,1222.74,1223.23,3606
2017-07-13 06:00:00,1223.24,1223.99,1222.88,1223.22,3977
2017-07-13 07:00:00,1223.22,1224.46,1222.45,1223.35,5710
2017-07-13 08:00:00,1223.35,1223.38,1221.83,1222.16,8594
2017-07-13 09:00:00,1222.17,1223.16,1221.25,1221.58,6557
2017-07-13 10:00:00,1221.58,1222.5,1221.58,1222.19,4726
2017-07-13 11:00:00,1222.18,1223.14,1222.01,1222.54,4778
2017-07-13 12:00:00,1222.54,1222.96,1219.87,1220.25,9921
2017-07-13 13:00:00,1220.26,1221.95,1218.92,1220.48,11841
2017-07-13 14:00:00,1220.47,1221.06,1218.54,1219.76,10172
2017-07-13 15:00:00,1219.76,1219.76,1216.54,1218.43,15497
2017-07-13 16:00:00,1218.43,1218.87,1216.77,1218.07,10167
2017-07-13 17:00:00,1218.05,1218.76,1217.02,1217.98,8295
2017-07-13 18:00:00,1218.03,1219.07,1217.06,1218.71,7731
2017-07-13 19:00:00,1218.71,1219.45,1218.35,1218.44,4946
2017-07-13 20:00:00,1218.44,1218.59,1217.73,1218.12,4767
2017-07-13 21:00:00,1218.12,1218.41,1217.32,1217.42,2219
2017-07-13 23:00:00,1215.42,1218.15,1214.92,1217.71,905
2017-07-14 00:00:00,1217.7,1218.01,1217.11,1217.63,2391
2017-07-14 01:00:00,1217.63,1218.61,1215.59,1216.95,6456
2017-07-14 02:00:00,1216.95,1216.95,1214.79,1216.1,6869
2017-07-14 03:00:00,1216.09,1217.08,1215.55,1216.83,4265
2017-07-14 04:00:00,1216.83,1217.11,1216.43,1216.85,1934
2017-07-14 05:00:00,1216.85,1216.96,1216.38,1216.69,2467
2017-07-14 06:00:00,1216.69,1218.25,1216.53,1218.16,3516
2017-07-14 07:00:00,1218.2,1219.06,1217.66,1217.97,7005
2017-07-14 08:00:00,1217.98,1218.73,1217.39,1217.83,6623
2017-07-14 09:00:00,1217.82,1219.5,1217.78,1219.09,4945
2017-07-14 10:00:00,1219.09,1219.7,1218.67,1219.48,5537
2017-07-14 11:00:00,1219.48,1220.35,1218.91,1220.33,5110
2017-07-14 12:00:00,1220.34,1223.07,1220.31,1222.37,7374
2017-07-14 13:00:00,1222.38,1232.69,1220.92,1231.79,23434
2017-07-14 14:00:00,1231.8,1232.2,1229.61,1231.44,19728
2017-07-14 15:00:00,1231.43,1232.85,1227.79,1228.89,19350
2017-07-14 16:00:00,1228.89,1229.58,1226.74,1228.5,13971
2017-07-14 17:00:00,1228.45,1229.13,1227.71,1228.47,8050
2017-07-14 18:00:00,1228.45,1229.05,1227.69,1228.67,5975
2017-07-14 19:00:00,1228.67,1228.92,1228.17,1228.87,3664
2017-07-14 20:00:00,1228.89,1229.18,1228.16,1228.27,5026
2017-07-14 21:00:00,1228.26,1229.05,1228.24,1228.8,2483
2017-07-16 23:00:00,1229.06,1230.72,1228.22,1230.22,2406
2017-07-17 00:00:00,1230.24,1231.1,1229.84,1230.83,1276
2017-07-17 01:00:00,1230.83,1231.46,1230.59,1231.17,2639
2017-07-17 02:00:00,1231.17,1232.15,1230.48,1231.25,3929
2017-07-17 03:00:00,1231.26,1232.35,1230.16,1230.68,4235
2017-07-17 04:00:00,1230.7,1231.69,1230.64,1231.22,2964
2017-07-17 05:00:00,1231.22,1231.32,1230.36,1230.65,2234
2017-07-17 06:00:00,1230.65,1231.68,1229.8,1231.38,2964
2017-07-17 07:00:00,1231.39,1231.43,1229.4,1230.27,5848
2017-07-17 08:00:00,1230.26,1231.27,1229.96,1230.55,5747
2017-07-17 09:00:00,1230.5,1230.75,1229.95,1230.47,4271
2017-07-17 10:00:00,1230.47,1230.95,1229.57,1230.35,4624
2017-07-17 11:00:00,1230.34,1231.59,1230.04,1230.96,4143
2017-07-17 12:00:00,1230.97,1235.2,1230.95,1234.47,7548
2017-07-17 13:00:00,1234.48,1235.52,1233.01,1234.19,10712
2017-07-17 14:00:00,1234.2,1235.92,1233.9,1235.54,15710
2017-07-17 15:00:00,1235.57,1236.07,1233.25,1233.56,17037
2017-07-17 16:00:00,1233.57,1234.5,1232.87,1233.59,10020
2017-07-17 17:00:00,1233.59,1234.6,1233.59,1234.32,4683
2017-07-17 18:00:00,1234.33,1235.55,1233.93,1235.05,4871
2017-07-17 19:00:00,1235.03,1235.16,1234.47,1234.65,3248
2017-07-17 20:00:00,1234.66,1235.63,1233.55,1233.72,5081
2017-07-17 21:00:00,1233.71,1234.35,1233.54,1233.96,1850
2017-07-17 23:00:00,1232.97,1235.12,1232.97,1234.34,1076
2017-07-18 00:00:00,1234.35,1234.54,1232.92,1232.92,1834
2017-07-18 01:00:00,1232.91,1235.21,1232.85,1235.18,6382
2017-07-18 02:00:00,1235.18,1237.99,1234.99,1237.64,10813
2017-07-18 03:00:00,1237.64,1238.32,1237.14,1237.4,6614
2017-07-18 04:00:00,1237.39,1238.05,1237.09,1237.2,4769
2017-07-18 05:00:00,1237.22,1237.87,1237.14,1237.85,3188
2017-07-18 06:00:00,1237.85,1238.84,1237.3,1237.79,4705
2017-07-18 07:00:00,1237.78,1238.18,1236.6,1237.32,7574
2017-07-18 08:00:00,1237.36,1237.37,1235.28,1236.61,7887
2017-07-18 09:00:00,1236.61,1236.87,1235.62,1235.99,6700
2017-07-18 10:00:00,1235.99,1237.07,1235.83,1237.05,6828
2017-07-18 11:00:00,1237.05,1238.39,1236.4,1237.61,6249
2017-07-18 12:00:00,1237.61,1238.42,1236.31,1237.78,7320
2017-07-18 13:00:00,1237.78,1242.57,1237.78,1241.41,17550
2017-07-18 14:00:00,1241.4,1241.81,1239.9,1240.93,16454
2017-07-18 15:00:00,1240.93,1243.5,1240.25,1241.65,19238
2017-07-18 16:00:00,1241.64,1243.38,1241.17,1242.99,12554
2017-07-18 17:00:00,1242.99,1244.29,1241.64,1242.18,10403
2017-07-18 18:00:00,1242.13,1242.82,1241.62,1242.01,6566
2017-07-18 19:00:00,1242.02,1244.58,1241.98,1243.81,5071
2017-07-18 20:00:00,1243.8,1243.88,1241.6,1242.04,5195
2017-07-18 21:00:00,1242.03,1242.44,1241.72,1242.39,2097
2017-07-18 23:00:00,1242.16,1243.17,1241.96,1242.34,852
2017-07-19 00:00:00,1242.32,1242.94,1242.05,1242.73,1283
2017-07-19 01:00:00,1242.72,1243.49,1242.37,1242.39,5169
2017-07-19 02:00:00,1242.36,1242.44,1240.64,1240.97,5975
2017-07-19 03:00:00,1240.96,1241.97,1240.63,1241.41,3452
2017-07-19 04:00:00,1241.41,1241.64,1241.0,1241.47,2879
2017-07-19 05:00:00,1241.43,1241.66,1241.07,1241.25,2259
2017-07-19 06:00:00,1241.26,1241.44,1239.16,1239.7,5726
2017-07-19 07:00:00,1239.71,1241.44,1238.63,1240.02,7395
2017-07-19 08:00:00,1240.02,1240.37,1235.9,1237.94,8052
2017-07-19 09:00:00,1237.93,1239.3,1236.99,1238.78,8464
2017-07-19 10:00:00,1238.77,1240.26,1238.55,1240.1,6707
2017-07-19 11:00:00,1240.1,1240.3,1239.36,1239.92,4535
2017-07-19 12:00:00,1239.92,1242.54,1239.44,1241.89,4068
2017-07-19 13:00:00,1241.94,1244.07,1240.84,1243.24,11606
2017-07-19 14:00:00,1243.22,1244.0,1242.16,1242.18,13971
2017-07-19 15:00:00,1242.17,1242.51,1239.37,1241.83,16830
2017-07-19 16:00:00,1241.83,1242.34,1239.99,1240.97,11114
2017-07-19 17:00:00,1240.9,1242.44,1240.67,1242.34,5859
2017-07-19 18:00:00,1242.34,1242.68,1241.61,1241.88,5886
2017-07-19 19:00:00,1241.87,1242.08,1241.22,1241.72,3912
2017-07-19 20:00:00,1241.73,1241.91,1241.3,1241.61,2851
2017-07-19 21:00:00,1241.62,1241.93,1241.12,1241.16,1859
2017-07-19 23:00:00,1240.92,1242.09,1240.09,1241.7,662
2017-07-20 00:00:00,1241.68,1242.55,1241.35,1241.38,1440
2017-07-20 01:00:00,1241.4,1242.07,1239.71,1240.53,4404
2017-07-20 02:00:00,1240.53,1240.65,1238.23,1238.97,7026
2017-07-20 03:00:00,1238.97,1239.77,1238.26,1238.94,5788
2017-07-20 04:00:00,1238.95,1239.55,1237.59,1237.84,7220
2017-07-20 05:00:00,1237.85,1238.82,1237.55,1238.82,3487
2017-07-20 06:00:00,1238.81,1238.93,1238.0,1238.12,4200
2017-07-20 07:00:00,1238.13,1240.04,1237.91,1239.64,6726
2017-07-20 08:00:00,1239.64,1239.74,1236.62,1237.54,9437
2017-07-20 09:00:00,1237.53,1238.44,1237.43,1237.86,7788
2017-07-20 10:00:00,1237.85,1238.4,1237.46,1237.99,5787
2017-07-20 11:00:00,1237.99,1237.99,1236.79,1236.92,4562
2017-07-20 12:00:00,1236.93,1237.66,1235.33,1237.5,9297
2017-07-20 13:00:00,1237.49,1241.18,1236.84,1241.0,21281
2017-07-20 14:00:00,1241.0,1242.16,1238.31,1238.37,18599
2017-07-20 15:00:00,1238.38,1247.4,1237.49,1245.91,25590
2017-07-20 16:00:00,1245.91,1247.56,1244.86,1246.12,18535
2017-07-20 17:00:00,1246.11,1247.28,1245.94,1246.28,8718
2017-07-20 18:00:00,1246.29,1246.64,1244.54,1244.79,9572
2017-07-20 19:00:00,1244.81,1245.47,1243.47,1243.96,6682
2017-07-20 20:00:00,1243.97,1244.38,1242.74,1243.74,4794
2017-07-20 21:00:00,1243.74,1244.8,1243.7,1244.49,1838
2017-07-20 23:00:00,1241.25,1244.76,1241.25,1244.48,616
2017-07-21 00:00:00,1244.44,1244.66,1243.39,1243.95,2075
2017-07-21 01:00:00,1243.94,1244.65,1243.46,1243.9,5144
2017-07-21 02:00:00,1243.9,1245.19,1243.51,1244.54,5909
2017-07-21 03:00:00,1244.53,1245.86,1244.53,1245.14,6329
2017-07-21 04:00:00,1245.13,1245.65,1244.91,1245.24,4031
2017-07-21 05:00:00,1245.23,1245.37,1244.56,1245.34,3387
2017-07-21 06:00:00,1245.34,1246.38,1244.92,1246.37,3387
2017-07-21 07:00:00,1246.37,1247.95,1245.99,1247.38,9216
2017-07-21 08:00:00,1247.37,1248.3,1246.93,1247.85,8308
2017-07-21 09:00:00,1247.85,1248.43,1246.85,1246.92,5835
2017-07-21 10:00:00,1246.92,1248.08,1246.9,1248.08,5743
2017-07-21 11:00:00,1248.09,1248.71,1247.1,1248.01,8119
2017-07-21 12:00:00,1248.01,1249.57,1246.97,1248.98,7271
2017-07-21 13:00:00,1248.97,1252.17,1248.54,1251.58,13253
2017-07-21 14:00:00,1251.58,1251.98,1249.29,1250.15,15913
2017-07-21 15:00:00,1250.14,1252.1,1249.05,1251.24,15991
2017-07-21 16:00:00,1251.25,1252.79,1250.4,1252.29,11518
2017-07-21 17:00:00,1252.29,1253.93,1251.97,1253.81,7860
2017-07-21 18:00:00,1253.8,1254.97,1253.47,1254.9,8995
2017-07-21 19:00:00,1254.88,1255.73,1254.28,1255.19,6136
2017-07-21 20:00:00,1255.19,1255.31,1254.19,1254.2,4798
2017-07-21 21:00:00,1254.21,1255.04,1254.07,1254.84,2650
2017-07-23 23:00:00,1254.94,1255.44,1253.4,1253.67,1291
2017-07-24 00:00:00,1253.68,1256.23,1253.62,1256.21,1959
2017-07-24 01:00:00,1256.21,1257.17,1255.47,1255.78,4806
2017-07-24 02:00:00,1255.77,1255.88,1253.96,1254.12,7464
2017-07-24 03:00:00,1254.07,1254.71,1253.79,1253.92,3715
2017-07-24 04:00:00,1253.92,1254.86,1253.72,1254.41,3192
2017-07-24 05:00:00,1254.4,1254.73,1254.09,1254.1,2577
2017-07-24 06:00:00,1254.11,1254.73,1253.54,1254.45,4005
2017-07-24 07:00:00,1254.45,1254.45,1251.97,1252.47,7010
2017-07-24 08:00:00,1252.46,1255.36,1251.99,1253.86,10682
2017-07-24 09:00:00,1253.86,1256.78,1253.25,1255.97,6812
2017-07-24 10:00:00,1255.97,1257.91,1255.56,1256.13,7713
2017-07-24 11:00:00,1256.12,1257.79,1255.97,1256.56,5350
2017-07-24 12:00:00,1256.5,1257.01,1255.57,1256.08,5672
2017-07-24 13:00:00,1256.09,1258.85,1255.52,1258.16,10840
2017-07-24 14:00:00,1258.17,1258.18,1255.23,1256.24,13703
2017-07-24 15:00:00,1256.2,1257.75,1254.87,1254.99,14512
2017-07-24 16:00:00,1254.97,1256.72,1254.62,1255.94,11939
2017-07-24 17:00:00,1255.94,1255.96,1253.71,1255.15,8373
2017-07-24 18:00:00,1255.15,1255.29,1253.91,1254.51,6214
2017-07-24 19:00:00,1254.52,1255.3,1254.42,1255.07,3925
2017-07-24 20:00:00,1255.02,1255.42,1254.5,1255.08,3486
2017-07-24 21:00:00,1255.1,1255.53,1255.05,1255.19,1599
2017-07-24 23:00:00,1254.95,1256.51,1253.75,1254.89,1469
2017-07-25 00:00:00,1254.87,1255.09,1253.32,1253.71,1589
2017-07-25 01:00:00,1253.68,1253.68,1252.91,1253.45,4380
2017-07-25 02:00:00,1253.45,1254.0,1253.08,1253.82,3413
2017-07-25 03:00:00,1253.78,1255.65,1253.44,1255.16,6315
2017-07-25 04:00:00,1255.15,1255.38,1254.84,1255.07,2046
2017-07-25 05:00:00,1255.05,1256.31,1255.05,1256.06,3274
2017-07-25 06:00:00,1256.06,1257.01,1255.14,1256.82,2874
2017-07-25 07:00:00,1256.82,1257.78,1256.43,1256.77,7140
2017-07-25 08:00:00,1256.77,1257.27,1253.44,1254.02,8873
2017-07-25 09:00:00,1254.02,1254.62,1251.24,1253.1,7757
2017-07-25 10:00:00,1253.09,1253.1,1251.78,1252.17,5448
2017-07-25 11:00:00,1252.17,1252.17,1249.15,1251.09,6048
2017-07-25 12:00:00,1251.09,1251.58,1249.33,1250.16,6396
2017-07-25 13:00:00,1250.18,1253.56,1250.1,1251.33,14816
2017-07-25 14:00:00,1251.33,1255.16,1251.21,1254.57,18366
2017-07-25 15:00:00,1254.47,1254.57,1250.08,1250.2,18762
2017-07-25 16:00:00,1250.19,1251.51,1249.82,1251.38,12965
2017-07-25 17:00:00,1251.37,1251.99,1249.57,1251.05,8172
2017-07-25 18:00:00,1251.04,1252.5,1251.04,1251.61,5756
2017-07-25 19:00:00,1251.62,1251.86,1249.64,1250.15,7131
2017-07-25 20:00:00,1250.15,1250.68,1249.57,1250.67,5059
2017-07-25 21:00:00,1250.67,1250.7,1249.57,1249.85,1469
2017-07-25 23:00:00,1249.8,1250.67,1249.32,1249.38,2271
2017-07-26 00:00:00,1249.39,1249.93,1246.66,1246.77,2159
2017-07-26 01:00:00,1246.77,1248.88,1246.5,1248.86,3975
2017-07-26 02:00:00,1248.87,1248.98,1247.66,1248.44,4895
2017-07-26 03:00:00,1248.44,1248.54,1247.75,1247.9,2885
2017-07-26 04:00:00,1247.86,1247.9,1246.16,1247.35,3572
2017-07-26 05:00:00,1247.35,1248.3,1246.98,1247.0,1718
2017-07-26 06:00:00,1247.0,1247.11,1244.81,1245.65,3740
2017-07-26 07:00:00,1245.64,1246.52,1243.79,1245.1,5668
2017-07-26 08:00:00,1245.13,1245.94,1244.25,1245.31,6871
2017-07-26 09:00:00,1245.36,1246.56,1245.12,1245.35,5262
2017-07-26 10:00:00,1245.35,1246.74,1245.24,1246.17,4360
2017-07-26 11:00:00,1246.18,1247.98,1246.15,1247.61,4575
2017-07-26 12:00:00,1247.6,1248.24,1246.85,1247.04,4714
2017-07-26 13:00:00,1247.04,1247.71,1245.63,1246.75,7195
2017-07-26 14:00:00,1246.78,1248.92,1246.03,1248.06,12435
2017-07-26 15:00:00,1248.06,1249.53,1247.69,1248.05,12440
2017-07-26 16:00:00,1248.05,1248.56,1247.52,1248.03,8355
2017-07-26 17:00:00,1248.03,1248.65,1247.78,1248.14,5310
2017-07-26 18:00:00,1248.14,1251.93,1248.13,1250.56,8586
2017-07-26 19:00:00,1250.74,1256.62,1248.38,1256.29,21405
2017-07-26 20:00:00,1256.28,1263.52,1256.28,1261.11,16120
2017-07-26 21:00:00,1261.11,1261.46,1259.92,1260.82,3570
2017-07-26 23:00:00,1260.46,1261.78,1259.58,1261.31,1678
2017-07-27 00:00:00,1261.31,1261.39,1259.79,1260.29,2424
2017-07-27 01:00:00,1260.28,1262.9,1259.86,1261.5,8225
2017-07-27 02:00:00,1261.5,1263.96,1261.32,1263.09,7154
2017-07-27 03:00:00,1263.09,1264.07,1262.28,1263.79,4939
2017-07-27 04:00:00,1263.79,1264.94,1263.39,1264.03,4972
2017-07-27 05:00:00,1264.03,1264.42,1262.61,1263.24,4728
2017-07-27 06:00:00,1263.25,1264.34,1262.59,1263.22,4513
2017-07-27 07:00:00,1263.22,1264.01,1261.82,1262.76,8126
2017-07-27 08:00:00,1262.76,1263.0,1261.36,1262.09,9102
2017-07-27 09:00:00,1262.04,1263.02,1260.89,1262.37,5963
2017-07-27 10:00:00,1262.37,1263.33,1261.34,1261.73,6363
2017-07-27 11:00:00,1261.73,1263.05,1261.22,1262.34,5763
2017-07-27 12:00:00,1262.34,1263.86,1261.41,1261.51,6542
2017-07-27 13:00:00,1261.51,1265.33,1261.51,1263.51,10371
2017-07-27 14:00:00,1263.48,1263.9,1261.72,1263.38,14040
2017-07-27 15:00:00,1263.38,1263.68,1256.72,1257.8,14450
2017-07-27 16:00:00,1257.79,1259.83,1257.35,1257.68,10526
2017-07-27 17:00:00,1257.67,1259.24,1254.55,1259.1,10754
2017-07-27 18:00:00,1259.09,1261.99,1258.16,1260.98,17160
2017-07-27 19:00:00,1260.98,1262.5,1259.36,1260.96,11956
2017-07-27 20:00:00,1260.96,1261.15,1259.37,1260.02,7095
2017-07-27 21:00:00,1259.95,1260.03,1257.9,1258.93,3284
2017-07-27 23:00:00,1258.81,1260.19,1258.81,1259.11,1173
2017-07-28 00:00:00,1259.11,1260.36,1258.48,1260.1,2159
2017-07-28 01:00:00,1260.1,1260.91,1259.25,1259.95,6309
2017-07-28 02:00:00,1259.95,1260.27,1258.59,1259.48,5946
2017-07-28 03:00:00,1259.48,1259.91,1259.2,1259.68,3382
2017-07-28 04:00:00,1259.69,1259.84,1257.67,1258.06,4005
2017-07-28 05:00:00,1258.0,1258.4,1257.38,1257.82,3401
2017-07-28 06:00:00,1257.82,1260.06,1257.8,1259.49,5224
2017-07-28 07:00:00,1259.49,1260.23,1258.17,1258.95,6561
2017-07-28 08:00:00,1258.97,1260.55,1258.9,1259.89,7821
2017-07-28 09:00:00,1259.84,1260.43,1258.83,1259.18,7008
2017-07-28 10:00:00,1259.18,1260.53,1259.08,1259.29,5784
2017-07-28 11:00:00,1259.29,1259.4,1258.26,1259.09,4637
2017-07-28 12:00:00,1259.09,1259.76,1258.18,1259.49,5144
2017-07-28 13:00:00,1259.49,1267.28,1259.45,1263.62,19954
2017-07-28 14:00:00,1263.61,1265.89,1262.27,1265.74,18522
2017-07-28 15:00:00,1265.75,1268.01,1264.96,1266.45,21552
2017-07-28 16:00:00,1266.47,1270.42,1266.04,1269.09,22210
2017-07-28 17:00:00,1269.09,1269.56,1268.38,1268.74,8979
2017-07-28 18:00:00,1268.73,1269.86,1268.64,1268.89,7236
2017-07-28 19:00:00,1268.88,1270.84,1268.27,1270.64,6180
2017-07-28 20:00:00,1270.64,1270.86,1268.99,1269.26,6321
2017-07-28 21:00:00,1269.25,1269.91,1268.83,1269.3,1643
2017-07-30 23:00:00,1269.79,1271.13,1269.71,1270.35,1622
2017-07-31 00:00:00,1270.35,1270.76,1269.69,1270.24,2442
2017-07-31 01:00:00,1270.24,1270.48,1268.88,1269.41,7741
2017-07-31 02:00:00,1269.41,1269.49,1268.16,1268.29,6388
2017-07-31 03:00:00,1268.29,1269.63,1268.2,1269.12,3535
2017-07-31 04:00:00,1269.11,1269.15,1267.35,1267.45,4245
2017-07-31 05:00:00,1267.46,1268.54,1267.06,1268.27,3254
2017-07-31 06:00:00,1268.3,1269.09,1267.77,1268.76,4503
2017-07-31 07:00:00,1268.72,1269.39,1267.53,1267.8,7236
2017-07-31 08:00:00,1267.8,1267.94,1265.79,1266.73,7886
2017-07-31 09:00:00,1266.71,1267.26,1266.03,1267.03,5827
2017-07-31 10:00:00,1267.05,1267.64,1266.39,1267.6,6278
2017-07-31 11:00:00,1267.6,1268.19,1267.08,1267.6,4385
2017-07-31 12:00:00,1267.6,1269.31,1267.45,1268.32,4771
2017-07-31 13:00:00,1268.33,1269.05,1266.87,1267.78,10179
2017-07-31 14:00:00,1267.77,1268.36,1266.52,1267.97,13012
2017-07-31 15:00:00,1267.96,1269.76,1267.43,1268.84,15527
2017-07-31 16:00:00,1268.93,1269.85,1267.45,1268.25,11104
2017-07-31 17:00:00,1268.25,1269.06,1267.59,1267.88,9032
2017-07-31 18:00:00,1267.9,1268.06,1267.05,1267.4,7435
2017-07-31 19:00:00,1267.4,1270.03,1267.34,1269.92,7387
2017-07-31 20:00:00,1269.91,1270.31,1269.21,1269.69,6065
2017-07-31 21:00:00,1269.64,1270.3,1269.2,1269.41,1900
2017-07-31 23:00:00,1268.81,1269.93,1268.81,1269.38,1078
2017-08-01 00:00:00,1269.38,1269.57,1267.43,1267.55,2194
2017-08-01 01:00:00,1267.55,1269.17,1267.07,1268.73,6422
2017-08-01 02:00:00,1268.74,1269.27,1267.46,1269.11,6805
2017-08-01 03:00:00,1269.11,1270.69,1268.71,1270.03,7868
2017-08-01 04:00:00,1270.02,1270.02,1269.47,1269.62,3488
2017-08-01 05:00:00,1269.63,1270.76,1269.08,1270.14,6103
2017-08-01 06:00:00,1270.14,1270.67,1269.67,1269.71,4448
2017-08-01 07:00:00,1269.7,1269.91,1268.15,1268.2,6547
2017-08-01 08:00:00,1268.2,1270.18,1268.06,1269.5,6148
2017-08-01 09:00:00,1269.51,1270.44,1268.35,1268.69,8342
2017-08-01 10:00:00,1268.69,1268.79,1266.65,1267.45,6960
2017-08-01 11:00:00,1267.45,1267.83,1264.48,1266.89,6373
2017-08-01 12:00:00,1266.91,1267.27,1265.89,1266.07,5950
2017-08-01 13:00:00,1266.08,1267.88,1262.55,1267.46,14462
2017-08-01 14:00:00,1267.46,1272.12,1266.12,1270.73,17645
2017-08-01 15:00:00,1270.69,1274.12,1269.94,1272.96,26692
2017-08-01 16:00:00,1272.96,1273.36,1271.27,1271.73,14322
2017-08-01 17:00:00,1271.72,1273.01,1271.54,1272.83,8109
2017-08-01 18:00:00,1272.82,1273.98,1272.35,1272.76,9459
2017-08-01 19:00:00,1272.77,1273.11,1271.75,1272.24,5664
2017-08-01 20:00:00,1272.24,1272.24,1268.67,1268.99,6909
2017-08-01 21:00:00,1268.98,1269.71,1268.55,1268.83,1613
2017-08-01 23:00:00,1268.57,1269.67,1268.32,1268.69,1718
2017-08-02 00:00:00,1268.71,1271.09,1266.49,1267.66,4036
2017-08-02 01:00:00,1267.7,1268.77,1267.03,1267.96,3684
2017-08-02 02:00:00,1267.87,1268.59,1266.08,1266.69,6362
2017-08-02 03:00:00,1266.68,1266.85,1264.68,1266.77,4311
2017-08-02 04:00:00,1266.77,1266.77,1265.57,1266.02,4009
2017-08-02 05:00:00,1266.02,1266.02,1264.18,1265.2,6583
2017-08-02 06:00:00,1265.22,1266.75,1265.0,1265.66,5291
2017-08-02 07:00:00,1265.67,1267.49,1264.58,1267.23,6801
2017-08-02 08:00:00,1267.23,1267.8,1266.24,1266.8,7409
2017-08-02 09:00:00,1266.8,1267.38,1265.66,1266.66,7539
2017-08-02 10:00:00,1266.66,1267.36,1265.9,1265.92,4863
2017-08-02 11:00:00,1265.93,1267.47,1265.86,1267.26,4284
2017-08-02 12:00:00,1267.26,1267.59,1266.6,1267.03,5133
2017-08-02 13:00:00,1267.03,1268.49,1262.9,1264.69,19558
2017-08-02 14:00:00,1264.69,1270.63,1264.54,1270.0,19218
2017-08-02 15:00:00,1270.01,1270.92,1268.18,1270.6,20300
2017-08-02 16:00:00,1270.61,1271.87,1269.77,1271.3,13937
2017-08-02 17:00:00,1271.31,1272.38,1271.31,1272.07,7616
2017-08-02 18:00:00,1272.06,1272.83,1269.81,1270.4,9924
2017-08-02 19:00:00,1270.4,1270.71,1267.41,1268.18,7572
2017-08-02 20:00:00,1268.17,1268.38,1265.96,1266.67,6805
2017-08-02 21:00:00,1266.66,1267.01,1265.93,1266.56,3152
2017-08-02 23:00:00,1266.35,1266.93,1265.93,1266.22,1178
2017-08-03 00:00:00,1266.23,1266.23,1256.66,1263.06,4832
2017-08-03 01:00:00,1263.06,1263.95,1261.82,1262.04,7207
2017-08-03 02:00:00,1262.04,1264.17,1262.04,1263.75,7280
2017-08-03 03:00:00,1263.75,1264.3,1263.0,1263.22,5382
2017-08-03 04:00:00,1263.23,1263.63,1261.62,1261.97,5262
2017-08-03 05:00:00,1261.97,1262.78,1261.67,1262.47,3085
2017-08-03 06:00:00,1262.48,1263.1,1262.12,1262.69,3161
2017-08-03 07:00:00,1262.69,1263.31,1261.72,1262.03,5201
2017-08-03 08:00:00,1262.03,1262.71,1259.9,1261.29,8048
2017-08-03 09:00:00,1261.29,1262.61,1260.57,1262.08,6215
2017-08-03 10:00:00,1262.08,1263.62,1261.8,1263.39,5678
2017-08-03 11:00:00,1263.4,1263.74,1261.87,1262.14,4202
2017-08-03 12:00:00,1262.13,1268.15,1262.03,1267.67,12745
2017-08-03 13:00:00,1267.68,1268.47,1266.03,1266.52,13905
2017-08-03 14:00:00,1266.51,1267.51,1265.33,1267.15,12991
2017-08-03 15:00:00,1267.19,1269.74,1267.19,1269.14,21623
2017-08-03 16:00:00,1269.14,1269.78,1268.3,1268.63,13061
2017-08-03 17:00:00,1268.63,1269.41,1267.39,1267.98,10035
2017-08-03 18:00:00,1267.97,1268.98,1267.66,1268.45,7442
2017-08-03 19:00:00,1268.46,1268.96,1267.79,1268.87,5764
2017-08-03 20:00:00,1268.87,1270.85,1267.74,1268.53,9590
2017-08-03 21:00:00,1268.54,1269.11,1267.87,1268.47,2172
2017-08-03 23:00:00,1268.32,1269.36,1268.31,1268.64,1160
2017-08-04 00:00:00,1268.63,1270.17,1267.94,1269.18,3609
2017-08-04 01:00:00,1269.19,1270.15,1268.81,1269.01,5733
2017-08-04 02:00:00,1269.01,1269.11,1267.67,1268.37,5675
2017-08-04 03:00:00,1268.35,1268.87,1267.3,1267.56,3588
2017-08-04 04:00:00,1267.55,1268.16,1267.38,1267.91,2123
2017-08-04 05:00:00,1267.92,1268.5,1267.82,1268.1,2571
2017-08-04 06:00:00,1268.11,1269.81,1267.79,1269.57,4480
2017-08-04 07:00:00,1269.57,1269.75,1268.75,1269.24,4954
2017-08-04 08:00:00,1269.23,1270.18,1268.79,1269.39,6224
2017-08-04 09:00:00,1269.39,1269.62,1269.01,1269.16,3757
2017-08-04 10:00:00,1269.16,1269.81,1268.64,1269.53,2893
2017-08-04 11:00:00,1269.53,1269.94,1268.84,1268.98,2591
2017-08-04 12:00:00,1268.98,1269.72,1267.31,1267.94,5528
2017-08-04 13:00:00,1267.95,1269.55,1260.76,1261.91,20330
2017-08-04 14:00:00,1261.91,1263.21,1255.79,1256.94,23443
2017-08-04 15:00:00,1256.94,1258.27,1254.22,1257.47,23008
2017-08-04 16:00:00,1257.47,1257.82,1255.8,1256.84,12745
2017-08-04 17:00:00,1256.79,1258.39,1256.36,1257.35,8629
2017-08-04 18:00:00,1257.35,1259.15,1257.07,1258.04,8096
2017-08-04 19:00:00,1258.05,1259.14,1257.37,1258.4,6165
2017-08-04 20:00:00,1258.4,1259.2,1258.09,1258.56,5561
2017-08-04 21:00:00,1258.51,1259.26,1258.35,1259.02,1507
2017-08-06 23:00:00,1258.82,1259.11,1256.98,1257.73,1700
2017-08-07 00:00:00,1257.71,1258.01,1256.58,1257.38,2308
2017-08-07 01:00:00,1257.39,1258.82,1257.22,1257.75,5598
2017-08-07 02:00:00,1257.76,1258.94,1257.47,1258.51,6702
2017-08-07 03:00:00,1258.51,1259.1,1257.88,1257.98,3897
2017-08-07 04:00:00,1257.97,1258.97,1257.7,1258.55,2785
2017-08-07 05:00:00,1258.54,1258.54,1258.08,1258.08,1705
2017-08-07 06:00:00,1258.08,1258.27,1257.4,1257.66,3045
2017-08-07 07:00:00,1257.67,1258.57,1257.23,1257.53,5263
2017-08-07 08:00:00,1257.53,1258.66,1257.24,1257.53,6458
2017-08-07 09:00:00,1257.53,1258.33,1257.24,1258.12,4614
2017-08-07 10:00:00,1258.11,1258.16,1256.24,1257.26,5273
2017-08-07 11:00:00,1257.26,1257.37,1255.93,1256.14,4886
2017-08-07 12:00:00,1256.15,1258.52,1256.14,1256.78,6440
2017-08-07 13:00:00,1256.76,1257.63,1255.8,1256.59,9532
2017-08-07 14:00:00,1256.59,1258.72,1256.1,1258.0,11852
2017-08-07 15:00:00,1257.99,1259.03,1257.21,1257.93,12491
2017-08-07 16:00:00,1257.94,1259.94,1257.91,1259.19,8747
2017-08-07 17:00:00,1259.19,1259.44,1258.36,1259.01,4594
2017-08-07 18:00:00,1259.02,1259.93,1258.55,1258.66,4730
2017-08-07 19:00:00,1258.67,1258.74,1257.95,1258.54,3243
2017-08-07 20:00:00,1258.55,1258.69,1257.19,1257.25,3811
2017-08-07 21:00:00,1257.26,1257.87,1257.17,1257.75,1422
2017-08-07 23:00:00,1257.42,1258.15,1256.57,1257.42,1047
2017-08-08 00:00:00,1257.43,1259.01,1256.98,1257.74,1955
2017-08-08 01:00:00,1257.69,1258.71,1257.42,1258.24,3371
2017-08-08 02:00:00,1258.25,1260.7,1258.22,1260.09,5843
2017-08-08 03:00:00,1260.09,1260.93,1259.64,1260.4,5084
2017-08-08 04:00:00,1260.41,1260.51,1259.83,1259.92,3174
2017-08-08 05:00:00,1259.91,1260.66,1259.79,1260.16,2746
2017-08-08 06:00:00,1260.16,1260.51,1259.43,1260.14,4009
2017-08-08 07:00:00,1260.13,1260.68,1259.62,1259.93,4681
2017-08-08 08:00:00,1259.93,1260.71,1259.28,1260.23,6117
2017-08-08 09:00:00,1260.23,1261.38,1260.23,1260.76,5074
2017-08-08 10:00:00,1260.75,1261.33,1260.64,1260.81,3116
2017-08-08 11:00:00,1260.81,1265.24,1260.8,1264.04,8247
2017-08-08 12:00:00,1264.04,1265.22,1263.47,1263.89,6392
2017-08-08 13:00:00,1263.89,1264.28,1261.9,1262.31,10352
2017-08-08 14:00:00,1262.32,1263.49,1261.53,1262.55,12556
2017-08-08 15:00:00,1262.55,1262.58,1252.6,1253.57,25561
2017-08-08 16:00:00,1253.57,1254.22,1251.54,1253.34,16869
2017-08-08 17:00:00,1253.34,1256.68,1253.2,1256.17,14362
2017-08-08 18:00:00,1256.17,1258.53,1256.12,1256.5,11059
2017-08-08 19:00:00,1256.51,1256.6,1255.51,1256.03,6686
2017-08-08 20:00:00,1256.02,1262.75,1253.87,1261.08,10977
2017-08-08 21:00:00,1261.05,1261.52,1259.74,1260.82,3673
2017-08-08 23:00:00,1260.49,1262.55,1260.1,1261.99,2293
2017-08-09 00:00:00,1261.99,1262.77,1261.7,1262.01,2371
2017-08-09 01:00:00,1262.01,1267.23,1261.31,1266.04,11485
2017-08-09 02:00:00,1266.08,1266.63,1263.6,1265.05,9899
2017-08-09 03:00:00,1265.06,1265.67,1264.4,1265.04,7570
2017-08-09 04:00:00,1265.03,1265.48,1264.33,1265.17,4622
2017-08-09 05:00:00,1265.17,1265.33,1264.51,1264.7,3292
2017-08-09 06:00:00,1264.7,1265.49,1264.43,1265.17,5520
2017-08-09 07:00:00,1265.15,1266.7,1264.68,1266.39,9888
2017-08-09 08:00:00,1266.4,1269.14,1266.38,1268.06,11770
2017-08-09 09:00:00,1268.06,1269.18,1267.52,1268.35,8741
2017-08-09 10:00:00,1268.33,1268.82,1267.48,1267.78,6410
2017-08-09 11:00:00,1267.78,1268.03,1266.55,1267.0,6597
2017-08-09 12:00:00,1266.99,1270.05,1266.69,1269.21,8079
2017-08-09 13:00:00,1269.22,1276.27,1269.22,1274.94,19284
2017-08-09 14:00:00,1274.94,1275.2,1270.45,1272.31,20985
2017-08-09 15:00:00,1272.37,1273.33,1270.41,1271.86,21410
2017-08-09 16:00:00,1271.85,1274.92,1271.4,1272.88,15801
2017-08-09 17:00:00,1272.83,1273.24,1271.19,1272.86,9570
2017-08-09 18:00:00,1272.85,1274.88,1271.31,1274.52,9920
2017-08-09 19:00:00,1274.49,1278.74,1274.11,1276.71,10893
2017-08-09 20:00:00,1276.72,1277.17,1275.31,1275.97,8504
2017-08-09 21:00:00,1275.97,1278.05,1275.7,1277.25,3852
2017-08-09 23:00:00,1276.94,1278.11,1276.14,1276.76,1864
2017-08-10 00:00:00,1276.82,1277.04,1275.14,1275.86,3049
2017-08-10 01:00:00,1275.86,1275.98,1274.67,1275.7,6218
2017-08-10 02:00:00,1275.69,1276.98,1274.7,1276.14,6950
2017-08-10 03:00:00,1276.12,1277.13,1275.83,1276.82,4701
2017-08-10 04:00:00,1276.82,1276.89,1275.99,1276.51,4615
2017-08-10 05:00:00,1276.5,1277.44,1276.4,1276.9,3909
2017-08-10 06:00:00,1276.92,1279.66,1276.61,1278.82,6971
2017-08-10 07:00:00,1278.82,1279.81,1278.25,1278.63,7170
2017-08-10 08:00:00,1278.64,1280.56,1278.01,1278.53,8414
2017-08-10 09:00:00,1278.52,1279.37,1277.83,1278.28,7266
2017-08-10 10:00:00,1278.33,1279.61,1277.87,1279.1,6307
2017-08-10 11:00:00,1279.11,1281.32,1278.63,1280.8,6087
2017-08-10 12:00:00,1280.8,1281.94,1280.22,1280.91,6693
2017-08-10 13:00:00,1280.92,1284.82,1280.48,1284.63,18766
2017-08-10 14:00:00,1284.63,1286.11,1283.68,1285.79,22491
2017-08-10 15:00:00,1285.79,1287.85,1285.36,1286.74,24636
2017-08-10 16:00:00,1286.75,1287.01,1283.74,1284.59,21042
2017-08-10 17:00:00,1284.6,1285.56,1283.62,1284.28,14496
2017-08-10 18:00:00,1284.29,1285.56,1283.87,1284.87,11370
2017-08-10 19:00:00,1284.85,1285.39,1283.83,1285.05,10173
2017-08-10 20:00:00,1285.04,1286.36,1284.5,1285.64,11695
2017-08-10 21:00:00,1285.65,1286.76,1284.86,1286.32,3192
2017-08-10 23:00:00,1286.05,1287.21,1285.7,1286.69,1750
2017-08-11 00:00:00,1286.68,1287.22,1286.22,1286.64,2368
2017-08-11 01:00:00,1286.61,1288.58,1286.27,1288.1,4507
2017-08-11 02:00:00,1288.04,1288.98,1283.97,1285.78,8820
2017-08-11 03:00:00,1285.78,1286.48,1284.78,1286.1,5859
2017-08-11 04:00:00,1286.09,1286.87,1285.84,1286.06,4562
2017-08-11 05:00:00,1286.05,1286.24,1285.27,1285.99,2778
2017-08-11 06:00:00,1285.99,1286.37,1285.02,1285.52,5713
2017-08-11 07:00:00,1285.52,1285.6,1284.05,1285.33,7044
2017-08-11 08:00:00,1285.33,1287.27,1285.2,1286.77,8980
2017-08-11 09:00:00,1286.77,1288.95,1286.52,1288.17,7964
2017-08-11 10:00:00,1288.2,1289.01,1287.43,1287.65,5168
2017-08-11 11:00:00,1287.66,1288.27,1286.89,1287.55,4591
2017-08-11 12:00:00,1287.56,1288.26,1286.48,1287.71,7177
2017-08-11 13:00:00,1287.71,1292.14,1283.37,1286.13,22765
2017-08-11 14:00:00,1286.13,1288.01,1281.33,1286.72,26173
2017-08-11 15:00:00,1286.71,1287.8,1285.19,1285.8,17247
2017-08-11 16:00:00,1285.81,1288.3,1285.68,1287.8,13320
2017-08-11 17:00:00,1287.79,1288.36,1286.72,1287.05,9314
2017-08-11 18:00:00,1287.05,1288.69,1286.8,1288.2,9526
2017-08-11 19:00:00,1288.2,1290.09,1287.91,1289.85,7139
2017-08-11 20:00:00,1289.83,1291.82,1289.39,1291.26,9468
2017-08-11 21:00:00,1291.28,1291.45,1289.17,1289.29,2332
2017-08-13 23:00:00,1290.24,1290.24,1287.8,1288.56,2058
2017-08-14 00:00:00,1288.55,1289.36,1287.69,1288.88,3045
2017-08-14 01:00:00,1288.79,1289.28,1286.61,1286.85,8587
2017-08-14 02:00:00,1286.84,1287.81,1285.45,1287.65,7800
2017-08-14 03:00:00,1287.64,1288.02,1287.28,1287.79,4568
2017-08-14 04:00:00,1287.78,1289.54,1287.77,1288.04,5960
2017-08-14 05:00:00,1288.04,1288.2,1285.99,1286.58,5825
2017-08-14 06:00:00,1286.59,1287.42,1285.29,1286.06,5269
2017-08-14 07:00:00,1286.05,1287.06,1285.06,1286.95,7603
2017-08-14 08:00:00,1286.95,1287.52,1281.94,1283.15,11575
2017-08-14 09:00:00,1283.15,1283.38,1280.16,1281.41,9838
2017-08-14 10:00:00,1281.38,1282.37,1280.81,1280.98,5752
2017-08-14 11:00:00,1280.98,1281.66,1280.33,1280.74,5186
2017-08-14 12:00:00,1280.74,1281.38,1278.64,1281.05,8361
2017-08-14 13:00:00,1281.04,1284.21,1280.95,1281.62,13968
2017-08-14 14:00:00,1281.62,1283.43,1279.93,1282.42,16862
2017-08-14 15:00:00,1282.37,1284.67,1281.71,1284.14,15935
2017-08-14 16:00:00,1284.14,1284.86,1283.46,1284.64,12193
2017-08-14 17:00:00,1284.64,1285.6,1283.47,1285.12,9528
2017-08-14 18:00:00,1285.12,1285.59,1280.3,1280.62,10941
2017-08-14 19:00:00,1280.61,1282.76,1280.39,1282.3,8553
2017-08-14 20:00:00,1282.3,1282.91,1280.97,1282.04,6307
2017-08-14 21:00:00,1282.04,1282.47,1281.26,1281.74,2392
2017-08-14 23:00:00,1281.56,1282.06,1280.54,1280.84,1322
2017-08-15 00:00:00,1280.86,1281.28,1278.77,1279.18,2774
2017-08-15 01:00:00,1279.17,1279.58,1277.73,1278.37,10670
2017-08-15 02:00:00,1278.37,1278.47,1272.46,1275.72,9545
2017-08-15 03:00:00,1275.71,1276.02,1274.5,1275.69,5961
2017-08-15 04:00:00,1275.69,1276.27,1275.58,1275.65,4110
2017-08-15 05:00:00,1275.64,1275.92,1274.93,1274.96,4164
2017-08-15 06:00:00,1274.96,1275.49,1272.73,1273.72,6529
2017-08-15 07:00:00,1273.71,1275.94,1273.47,1275.61,9493
2017-08-15 08:00:00,1275.6,1276.21,1273.3,1274.69,9203
2017-08-15 09:00:00,1274.69,1275.44,1274.33,1274.78,6601
2017-08-15 10:00:00,1274.78,1275.46,1273.78,1274.03,5413
2017-08-15 11:00:00,1274.02,1274.74,1273.19,1274.67,5987
2017-08-15 12:00:00,1274.68,1274.87,1272.82,1273.18,6473
2017-08-15 13:00:00,1273.18,1273.67,1267.8,1268.23,22370
2017-08-15 14:00:00,1268.24,1270.98,1267.33,1269.61,21312
2017-08-15 15:00:00,1269.61,1271.78,1269.22,1271.18,18896
2017-08-15 16:00:00,1271.17,1274.18,1270.7,1273.35,14875
2017-08-15 17:00:00,1273.34,1274.12,1272.66,1273.83,8244
2017-08-15 18:00:00,1273.82,1275.15,1272.74,1273.17,9944
2017-08-15 19:00:00,1273.18,1273.66,1271.48,1271.63,5982
2017-08-15 20:00:00,1271.63,1272.88,1271.52,1272.42,5248
2017-08-15 21:00:00,1272.41,1273.08,1271.18,1271.34,3543
2017-08-15 23:00:00,1270.88,1272.12,1270.88,1271.8,2243
2017-08-16 00:00:00,1271.79,1273.34,1271.79,1272.95,3075
2017-08-16 01:00:00,1272.94,1273.05,1271.44,1271.92,6992
2017-08-16 02:00:00,1271.92,1273.68,1271.23,1273.29,5455
2017-08-16 03:00:00,1273.3,1274.03,1273.01,1273.13,3963
2017-08-16 04:00:00,1273.13,1273.42,1272.82,1273.0,2793
2017-08-16 05:00:00,1273.01,1273.59,1272.81,1273.32,2551
2017-08-16 06:00:00,1273.32,1273.49,1272.59,1272.96,4384
2017-08-16 07:00:00,1272.97,1273.2,1269.96,1270.0,8058
2017-08-16 08:00:00,1269.99,1270.78,1269.32,1270.32,11531
2017-08-16 09:00:00,1270.32,1271.32,1270.13,1270.47,9594
2017-08-16 10:00:00,1270.46,1270.93,1269.67,1270.11,6426
2017-08-16 11:00:00,1270.12,1271.12,1269.35,1270.55,6643
2017-08-16 12:00:00,1270.55,1271.2,1270.06,1270.85,4950
2017-08-16 13:00:00,1270.86,1273.02,1269.51,1269.58,12210
2017-08-16 14:00:00,1269.57,1273.7,1267.8,1272.78,18462
2017-08-16 15:00:00,1272.77,1273.27,1271.52,1272.3,14419
2017-08-16 16:00:00,1272.3,1274.36,1272.08,1273.73,15195
2017-08-16 17:00:00,1273.73,1275.09,1271.66,1274.74,10497
2017-08-16 18:00:00,1274.75,1278.02,1274.65,1276.58,19143
2017-08-16 19:00:00,1276.58,1283.94,1275.67,1282.46,28274
2017-08-16 20:00:00,1282.47,1282.73,1281.33,1281.7,8963
2017-08-16 21:00:00,1281.69,1283.27,1281.68,1283.06,3890
2017-08-16 23:00:00,1282.74,1284.26,1282.74,1283.89,2571
2017-08-17 00:00:00,1283.89,1283.89,1282.48,1282.99,3330
2017-08-17 01:00:00,1282.98,1285.68,1282.73,1285.28,8252
2017-08-17 02:00:00,1285.28,1289.41,1285.26,1289.17,14258
2017-08-17 03:00:00,1289.18,1289.41,1287.07,1287.41,6911
2017-08-17 04:00:00,1287.42,1287.6,1286.77,1287.35,5686
2017-08-17 05:00:00,1287.35,1287.72,1287.06,1287.41,3934
2017-08-17 06:00:00,1287.4,1288.32,1287.07,1287.6,6998
2017-08-17 07:00:00,1287.55,1288.32,1286.34,1287.95,9099
2017-08-17 08:00:00,1287.93,1290.16,1287.02,1288.48,12746
2017-08-17 09:00:00,1288.47,1288.96,1286.6,1287.17,8543
2017-08-17 10:00:00,1287.17,1287.53,1285.08,1285.33,9195
2017-08-17 11:00:00,1285.34,1285.86,1283.65,1285.47,9348
2017-08-17 12:00:00,1285.47,1287.2,1283.14,1286.01,15115
2017-08-17 13:00:00,1285.96,1286.69,1283.69,1284.47,18080
2017-08-17 14:00:00,1284.47,1286.75,1284.11,1286.27,17522
2017-08-17 15:00:00,1286.31,1289.67,1281.72,1284.08,34608
2017-08-17 16:00:00,1284.06,1286.17,1282.06,1285.28,18626
2017-08-17 17:00:00,1285.28,1287.6,1284.57,1286.93,16170
2017-08-17 18:00:00,1286.94,1288.08,1284.66,1284.99,15066
2017-08-17 19:00:00,1285.0,1287.09,1284.91,1286.46,10000
2017-08-17 20:00:00,1286.46,1289.3,1286.4,1288.61,13162
2017-08-17 21:00:00,1288.63,1288.84,1287.48,1287.92,4454
2017-08-17 23:00:00,1287.62,1289.32,1287.62,1288.72,3707
2017-08-18 00:00:00,1288.73,1289.35,1287.29,1288.55,4994
2017-08-18 01:00:00,1288.54,1288.98,1287.17,1287.89,7776
2017-08-18 02:00:00,1287.89,1288.5,1285.99,1287.82,8029
2017-08-18 03:00:00,1287.81,1288.58,1287.02,1287.23,4987
2017-08-18 04:00:00,1287.21,1287.65,1286.53,1287.16,3679
2017-08-18 05:00:00,1287.15,1288.15,1287.15,1288.03,4002
2017-08-18 06:00:00,1288.02,1288.06,1286.88,1287.41,4440
2017-08-18 07:00:00,1287.41,1289.02,1286.82,1288.92,7349
2017-08-18 08:00:00,1288.91,1294.98,1288.89,1293.05,19397
2017-08-18 09:00:00,1293.03,1295.51,1292.83,1295.31,11604
2017-08-18 10:00:00,1295.31,1297.97,1294.89,1295.17,12633
2017-08-18 11:00:00,1295.16,1295.74,1294.44,1295.21,8992
2017-08-18 12:00:00,1295.21,1295.89,1294.35,1295.26,7774
2017-08-18 13:00:00,1295.27,1296.68,1294.52,1296.56,14460
2017-08-18 14:00:00,1296.56,1300.87,1294.8,1297.61,29260
2017-08-18 15:00:00,1297.61,1297.62,1292.14,1294.56,25917
2017-08-18 16:00:00,1294.57,1296.41,1288.42,1289.05,31924
2017-08-18 17:00:00,1289.05,1290.71,1283.5,1286.36,28309
2017-08-18 18:00:00,1286.36,1289.58,1284.64,1289.29,17949
2017-08-18 19:00:00,1289.28,1289.37,1286.53,1287.88,10526
2017-08-18 20:00:00,1287.88,1288.53,1286.18,1286.34,8999
2017-08-18 21:00:00,1286.33,1286.79,1284.35,1284.7,3789
2017-08-20 23:00:00,1283.6,1284.28,1282.35,1283.02,4045
2017-08-21 00:00:00,1283.01,1283.57,1280.6,1283.57,5197
2017-08-21 01:00:00,1283.57,1285.57,1282.48,1283.2,7285
2017-08-21 02:00:00,1283.19,1285.77,1281.87,1285.69,8208
2017-08-21 03:00:00,1285.69,1286.09,1284.95,1285.98,5662
2017-08-21 04:00:00,1285.97,1286.58,1285.77,1285.92,3939
2017-08-21 05:00:00,1285.92,1286.18,1285.67,1285.85,2790
2017-08-21 06:00:00,1285.85,1286.65,1284.5,1284.83,3782
2017-08-21 07:00:00,1284.84,1287.34,1284.73,1286.76,8152
2017-08-21 08:00:00,1286.75,1288.53,1286.71,1288.1,13047
2017-08-21 09:00:00,1288.09,1289.21,1287.61,1287.92,8682
2017-08-21 10:00:00,1287.93,1288.27,1287.18,1288.15,6151
2017-08-21 11:00:00,1288.15,1288.25,1286.72,1287.44,6661
2017-08-21 12:00:00,1287.45,1289.26,1287.17,1287.72,8225
2017-08-21 13:00:00,1287.71,1289.19,1287.39,1288.27,11576
2017-08-21 14:00:00,1288.27,1293.87,1288.13,1291.83,21704
2017-08-21 15:00:00,1291.84,1293.19,1290.2,1291.57,25452
2017-08-21 16:00:00,1291.56,1293.09,1289.15,1289.76,18526
2017-08-21 17:00:00,1289.77,1291.65,1288.85,1291.5,11602
2017-08-21 18:00:00,1291.51,1292.95,1290.73,1292.9,9797
2017-08-21 19:00:00,1292.9,1293.23,1291.46,1291.62,9570
2017-08-21 20:00:00,1291.55,1292.12,1290.66,1291.7,7247
2017-08-21 21:00:00,1291.7,1292.0,1290.8,1291.91,3115
2017-08-21 23:00:00,1291.73,1291.84,1290.48,1290.52,2336
2017-08-22 00:00:00,1290.51,1292.59,1289.97,1291.71,3320
2017-08-22 01:00:00,1291.71,1291.71,1289.79,1290.1,6822
2017-08-22 02:00:00,1290.1,1290.3,1287.38,1289.04,9624
2017-08-22 03:00:00,1289.05,1289.26,1288.14,1288.18,4119
2017-08-22 04:00:00,1288.19,1289.09,1287.94,1289.05,3753
2017-08-22 05:00:00,1289.07,1289.23,1288.7,1288.75,2490
2017-08-22 06:00:00,1288.75,1288.75,1287.84,1287.91,4639
2017-08-22 07:00:00,1287.91,1288.62,1285.11,1285.14,9882
2017-08-22 08:00:00,1285.15,1285.84,1283.01,1284.69,10992
2017-08-22 09:00:00,1284.7,1285.42,1283.88,1285.02,7033
2017-08-22 10:00:00,1285.03,1286.01,1284.49,1285.4,7375
2017-08-22 11:00:00,1285.4,1286.92,1284.75,1286.22,5803
2017-08-22 12:00:00,1286.24,1286.54,1284.4,1286.28,8507
2017-08-22 13:00:00,1286.3,1287.0,1284.37,1286.6,12747
2017-08-22 14:00:00,1286.61,1291.03,1283.65,1283.82,20575
2017-08-22 15:00:00,1283.84,1287.54,1282.04,1285.68,21151
2017-08-22 16:00:00,1285.67,1288.12,1285.67,1287.09,13273
2017-08-22 17:00:00,1287.07,1287.78,1285.86,1286.34,8485
2017-08-22 18:00:00,1286.29,1286.49,1285.04,1285.77,7221
2017-08-22 19:00:00,1285.76,1285.9,1284.16,1285.35,6290
2017-08-22 20:00:00,1285.35,1286.43,1284.74,1285.56,5947
2017-08-22 21:00:00,1285.58,1285.62,1284.69,1284.97,2808
2017-08-22 23:00:00,1284.72,1285.09,1283.87,1283.94,3124
2017-08-23 00:00:00,1283.94,1284.42,1282.81,1283.29,3785
2017-08-23 01:00:00,1283.28,1284.93,1282.93,1284.43,7112
2017-08-23 02:00:00,1284.43,1284.46,1282.82,1283.78,5357
2017-08-23 03:00:00,1283.77,1285.61,1283.64,1285.6,4277
2017-08-23 04:00:00,1285.6,1286.79,1284.58,1285.79,6789
2017-08-23 05:00:00,1285.8,1286.07,1284.97,1285.57,3733
2017-08-23 06:00:00,1285.57,1286.25,1285.01,1285.53,3689
2017-08-23 07:00:00,1285.54,1287.19,1285.31,1286.21,6752
2017-08-23 08:00:00,1286.22,1287.28,1284.93,1285.98,13708
2017-08-23 09:00:00,1285.98,1286.87,1285.8,1286.22,7329
2017-08-23 10:00:00,1286.22,1287.12,1285.82,1287.1,5725
2017-08-23 11:00:00,1287.11,1287.9,1286.47,1287.4,5139
2017-08-23 12:00:00,1287.39,1290.53,1287.3,1289.93,11575
2017-08-23 13:00:00,1289.93,1291.46,1288.84,1289.22,14868
2017-08-23 14:00:00,1289.23,1290.12,1287.01,1287.41,18664
2017-08-23 15:00:00,1287.42,1289.39,1287.34,1289.22,22017
2017-08-23 16:00:00,1289.21,1289.61,1286.71,1287.98,14800
2017-08-23 17:00:00,1287.97,1288.5,1287.24,1287.6,7781
2017-08-23 18:00:00,1287.61,1289.99,1287.55,1289.41,8256
2017-08-23 19:00:00,1289.4,1290.04,1288.75,1289.92,7373
2017-08-23 20:00:00,1289.91,1290.54,1289.59,1290.21,5691
2017-08-23 21:00:00,1290.22,1290.75,1289.94,1290.68,2867
2017-08-23 23:00:00,1290.46,1291.11,1290.18,1290.73,2706
2017-08-24 00:00:00,1290.72,1291.22,1289.88,1290.59,3310
2017-08-24 01:00:00,1290.59,1290.82,1288.2,1288.22,7869
2017-08-24 02:00:00,1288.25,1289.06,1287.74,1288.4,6836
2017-08-24 03:00:00,1288.4,1288.64,1287.2,1288.27,4735
2017-08-24 04:00:00,1288.27,1288.47,1287.57,1288.2,3743
2017-08-24 05:00:00,1288.2,1288.74,1287.79,1288.58,3341
2017-08-24 06:00:00,1288.57,1290.18,1288.27,1289.9,5199
2017-08-24 07:00:00,1289.9,1290.14,1287.13,1287.58,8915
2017-08-24 08:00:00,1287.58,1287.73,1285.66,1287.47,10007
2017-08-24 09:00:00,1287.46,1287.71,1284.52,1285.98,9535
2017-08-24 10:00:00,1285.96,1286.61,1285.51,1286.3,5938
2017-08-24 11:00:00,1286.3,1287.35,1286.08,1286.53,5649
2017-08-24 12:00:00,1286.54,1287.99,1285.16,1287.52,9253
2017-08-24 13:00:00,1287.53,1288.97,1286.38,1287.06,14384
2017-08-24 14:00:00,1287.07,1290.16,1286.64,1289.14,19211
2017-08-24 15:00:00,1289.13,1289.94,1284.87,1286.87,25504
2017-08-24 16:00:00,1286.87,1289.0,1285.82,1287.51,21397
2017-08-24 17:00:00,1287.51,1288.01,1286.79,1287.34,11762
2017-08-24 18:00:00,1287.33,1288.44,1285.88,1286.41,9678
2017-08-24 19:00:00,1286.4,1287.45,1285.4,1285.74,7588
2017-08-24 20:00:00,1285.75,1286.33,1285.3,1286.2,7780
2017-08-24 21:00:00,1286.19,1286.33,1285.77,1286.28,2927
2017-08-24 23:00:00,1286.1,1286.69,1285.62,1285.84,2408
2017-08-25 00:00:00,1285.85,1286.71,1285.13,1286.66,3098
2017-08-25 01:00:00,1286.66,1287.12,1285.24,1285.66,5505
2017-08-25 02:00:00,1285.66,1286.57,1285.35,1285.89,5799
2017-08-25 03:00:00,1285.88,1286.53,1285.51,1286.31,3658
2017-08-25 04:00:00,1286.32,1286.99,1286.26,1286.82,3455
2017-08-25 05:00:00,1286.81,1287.0,1286.44,1287.0,2180
2017-08-25 06:00:00,1286.99,1287.43,1286.56,1287.22,3283
2017-08-25 07:00:00,1287.26,1287.29,1285.93,1286.54,5605
2017-08-25 08:00:00,1286.54,1287.65,1285.96,1286.88,11284
2017-08-25 09:00:00,1286.88,1288.46,1286.37,1287.56,9518
2017-08-25 10:00:00,1287.56,1288.2,1287.14,1287.83,6181
2017-08-25 11:00:00,1287.84,1288.12,1287.16,1287.83,6455
2017-08-25 12:00:00,1287.83,1287.99,1287.12,1287.54,6290
2017-08-25 13:00:00,1287.54,1287.82,1285.55,1286.67,12333
2017-08-25 14:00:00,1286.68,1294.64,1276.08,1280.65,28437
2017-08-25 15:00:00,1280.66,1291.39,1279.24,1290.42,39346
2017-08-25 16:00:00,1290.43,1294.1,1288.1,1290.51,25639
2017-08-25 17:00:00,1290.5,1292.79,1290.45,1292.71,13068
2017-08-25 18:00:00,1292.71,1293.19,1291.54,1292.34,9594
2017-08-25 19:00:00,1292.34,1292.44,1290.4,1291.38,7503
2017-08-25 20:00:00,1291.39,1293.29,1289.94,1291.17,18390
2017-08-25 21:00:00,1291.18,1291.89,1290.53,1291.18,3676
2017-08-27 23:00:00,1292.18,1293.37,1291.92,1292.64,3496
2017-08-28 00:00:00,1292.65,1294.69,1292.52,1292.59,6530
2017-08-28 01:00:00,1292.6,1294.14,1291.88,1293.67,8337
2017-08-28 02:00:00,1293.65,1294.62,1293.35,1294.51,5480
2017-08-28 03:00:00,1294.55,1294.87,1294.13,1294.29,3745
2017-08-28 04:00:00,1294.31,1294.57,1294.06,1294.12,2599
2017-08-28 05:00:00,1294.12,1294.68,1293.95,1294.26,2947
2017-08-28 06:00:00,1294.27,1295.43,1293.97,1295.1,4448
2017-08-28 07:00:00,1295.12,1298.97,1294.6,1298.05,8501
2017-08-28 08:00:00,1298.05,1298.38,1296.23,1296.23,7516
2017-08-28 09:00:00,1296.23,1297.46,1295.91,1296.91,5389
2017-08-28 10:00:00,1296.91,1297.25,1296.3,1297.03,4349
2017-08-28 11:00:00,1297.04,1297.85,1296.46,1297.73,4018
2017-08-28 12:00:00,1297.73,1299.38,1297.43,1298.2,7440
2017-08-28 13:00:00,1298.2,1299.58,1296.83,1298.94,10851
2017-08-28 14:00:00,1298.94,1299.35,1297.15,1298.61,14991
2017-08-28 15:00:00,1298.61,1304.33,1297.59,1303.73,17261
2017-08-28 16:00:00,1303.73,1307.7,1303.65,1306.22,20651
2017-08-28 17:00:00,1306.23,1307.47,1305.78,1307.42,8632
2017-08-28 18:00:00,1307.43,1310.07,1307.08,1309.16,12086
2017-08-28 19:00:00,1309.16,1311.5,1309.15,1310.47,8175
2017-08-28 20:00:00,1310.48,1312.12,1309.36,1311.48,8941
2017-08-28 21:00:00,1311.49,1311.58,1309.68,1309.86,4138
2017-08-28 23:00:00,1309.72,1324.45,1309.72,1318.73,18261
2017-08-29 00:00:00,1318.75,1319.67,1315.74,1317.51,12008
2017-08-29 01:00:00,1317.51,1318.55,1315.44,1315.96,13397
2017-08-29 02:00:00,1315.95,1318.32,1314.0,1317.95,11961
2017-08-29 03:00:00,1317.93,1318.39,1316.68,1317.03,6978
2017-08-29 04:00:00,1317.04,1317.45,1316.25,1316.54,5247
2017-08-29 05:00:00,1316.53,1316.86,1315.94,1316.45,4336
2017-08-29 06:00:00,1316.46,1318.1,1316.13,1317.98,5808
2017-08-29 07:00:00,1317.99,1320.96,1316.58,1320.81,13207
2017-08-29 08:00:00,1320.81,1323.68,1319.72,1323.44,24405
2017-08-29 09:00:00,1323.45,1326.04,1323.12,1324.54,20333
2017-08-29 10:00:00,1324.53,1325.49,1318.93,1320.15,16500
2017-08-29 11:00:00,1320.15,1322.09,1319.84,1319.93,9935
2017-08-29 12:00:00,1319.94,1321.78,1319.16,1320.67,12753
2017-08-29 13:00:00,1320.66,1324.21,1320.36,1322.07,19679
2017-08-29 14:00:00,1322.08,1324.23,1319.99,1321.23,25715
2017-08-29 15:00:00,1321.27,1321.44,1316.82,1319.36,28100
2017-08-29 16:00:00,1319.33,1319.57,1315.53,1316.55,20088
2017-08-29 17:00:00,1316.54,1316.63,1312.76,1314.11,14121
2017-08-29 18:00:00,1314.12,1316.09,1312.77,1313.98,12909
2017-08-29 19:00:00,1313.97,1314.07,1306.61,1307.16,15705
2017-08-29 20:00:00,1307.15,1308.96,1305.0,1308.93,12259
2017-08-29 21:00:00,1308.94,1310.41,1308.17,1309.52,5448
2017-08-29 23:00:00,1309.12,1311.84,1308.7,1311.68,4331
2017-08-30 00:00:00,1311.64,1311.78,1307.61,1308.94,6019
2017-08-30 01:00:00,1308.94,1309.75,1307.99,1309.07,8777
2017-08-30 02:00:00,1309.06,1312.6,1308.96,1311.93,11296
2017-08-30 03:00:00,1311.93,1313.5,1311.6,1313.25,5900
2017-08-30 04:00:00,1313.25,1313.43,1312.73,1313.17,4362
2017-08-30 05:00:00,1313.16,1313.39,1311.68,1311.81,3669
2017-08-30 06:00:00,1311.81,1312.27,1310.35,1310.56,6973
2017-08-30 07:00:00,1310.55,1310.64,1306.36,1307.46,14000
2017-08-30 08:00:00,1307.43,1309.97,1306.63,1308.61,13652
2017-08-30 09:00:00,1308.62,1310.49,1308.46,1310.14,8833
2017-08-30 10:00:00,1310.14,1311.54,1309.49,1310.91,8465
2017-08-30 11:00:00,1310.9,1313.78,1310.6,1311.49,6755
2017-08-30 12:00:00,1311.48,1311.81,1309.46,1309.78,9581
2017-08-30 13:00:00,1309.77,1310.37,1305.21,1307.59,26022
2017-08-30 14:00:00,1307.59,1311.21,1306.34,1307.21,23206
2017-08-30 15:00:00,1307.24,1309.95,1307.2,1308.11,19179
2017-08-30 16:00:00,1308.1,1309.37,1307.55,1308.86,15529
2017-08-30 17:00:00,1308.86,1310.36,1308.09,1308.3,9911
2017-08-30 18:00:00,1308.31,1309.45,1307.48,1308.12,11005
2017-08-30 19:00:00,1308.13,1308.58,1306.75,1307.44,7439
2017-08-30 20:00:00,1307.44,1309.11,1307.08,1308.15,5764
2017-08-30 21:00:00,1308.16,1308.79,1307.76,1308.71,2845
2017-08-30 23:00:00,1308.34,1308.99,1307.95,1308.51,1783
2017-08-31 00:00:00,1308.51,1308.94,1306.99,1307.25,3848
2017-08-31 01:00:00,1307.25,1307.74,1306.62,1307.41,8037
2017-08-31 02:00:00,1307.41,1307.95,1298.21,1302.97,11741
2017-08-31 03:00:00,1302.98,1302.99,1300.93,1301.99,6647
2017-08-31 04:00:00,1302.0,1303.41,1301.9,1303.1,4664
2017-08-31 05:00:00,1303.11,1304.02,1302.98,1303.49,3977
2017-08-31 06:00:00,1303.48,1303.65,1302.52,1303.02,4667
2017-08-31 07:00:00,1303.03,1304.68,1302.43,1304.17,8163
2017-08-31 08:00:00,1304.17,1308.21,1303.54,1307.0,13287
2017-08-31 09:00:00,1307.0,1308.22,1306.41,1307.35,8764
2017-08-31 10:00:00,1307.35,1307.49,1305.36,1305.64,8689
2017-08-31 11:00:00,1305.65,1307.83,1305.03,1307.0,10436
2017-08-31 12:00:00,1306.99,1307.42,1305.92,1306.47,8438
2017-08-31 13:00:00,1306.47,1312.02,1305.25,1309.03,18121
2017-08-31 14:00:00,1309.03,1312.56,1308.06,1311.81,20492
2017-08-31 15:00:00,1311.81,1317.65,1311.04,1316.59,29900
2017-08-31 16:00:00,1316.59,1318.75,1315.39,1317.78,23037
2017-08-31 17:00:00,1317.78,1318.64,1315.77,1316.92,13914
2017-08-31 18:00:00,1316.92,1318.61,1316.25,1318.1,9988
2017-08-31 19:00:00,1318.07,1320.81,1318.03,1320.58,10928
2017-08-31 20:00:00,1320.57,1323.65,1320.27,1323.54,10735
2017-08-31 21:00:00,1323.54,1323.54,1321.3,1321.35,4366
2017-08-31 23:00:00,1321.04,1322.03,1320.48,1320.6,2967
2017-09-01 00:00:00,1320.6,1321.72,1320.29,1321.27,3893
2017-09-01 01:00:00,1321.28,1321.91,1320.7,1321.12,5469
2017-09-01 02:00:00,1321.12,1321.12,1318.56,1319.21,6435
2017-09-01 03:00:00,1319.22,1319.95,1319.01,1319.36,4162
2017-09-01 04:00:00,1319.29,1320.27,1319.29,1319.98,3668
2017-09-01 05:00:00,1320.0,1320.21,1319.4,1319.49,2539
2017-09-01 06:00:00,1319.48,1319.67,1318.81,1319.28,4277
2017-09-01 07:00:00,1319.29,1320.16,1318.46,1318.46,7211
2017-09-01 08:00:00,1318.46,1319.25,1317.78,1318.63,7812
2017-09-01 09:00:00,1318.63,1320.08,1318.53,1318.65,7032
2017-09-01 10:00:00,1318.66,1318.87,1317.89,1318.45,5947
2017-09-01 11:00:00,1318.45,1319.22,1317.87,1318.72,7871
2017-09-01 12:00:00,1318.73,1321.19,1318.3,1320.08,8331
2017-09-01 13:00:00,1320.09,1328.84,1318.3,1321.66,33676
2017-09-01 14:00:00,1321.67,1326.39,1317.28,1320.31,33685
2017-09-01 15:00:00,1320.34,1322.92,1316.45,1321.8,29348
2017-09-01 16:00:00,1321.79,1324.78,1320.55,1323.59,19411
2017-09-01 17:00:00,1323.6,1324.76,1322.31,1322.45,11184
2017-09-01 18:00:00,1322.46,1325.63,1322.25,1324.45,11488
2017-09-01 19:00:00,1324.46,1325.25,1323.49,1325.11,6643
2017-09-01 20:00:00,1325.1,1326.37,1324.26,1326.06,7631
2017-09-01 21:00:00,1325.99,1326.57,1324.36,1325.1,3741
2017-09-03 23:00:00,1334.73,1338.09,1333.52,1334.99,9488
2017-09-04 00:00:00,1334.98,1336.53,1334.97,1336.11,5991
2017-09-04 01:00:00,1336.11,1336.56,1335.05,1335.45,9791
2017-09-04 02:00:00,1335.49,1335.64,1331.84,1333.26,13755
2017-09-04 03:00:00,1333.25,1333.47,1332.2,1333.0,5455
2017-09-04 04:00:00,1333.01,1334.01,1332.67,1333.64,4881
2017-09-04 05:00:00,1333.64,1334.05,1333.11,1333.9,2085
2017-09-04 06:00:00,1333.94,1337.1,1333.84,1335.07,6949
2017-09-04 07:00:00,1335.08,1338.03,1334.95,1337.52,13825
2017-09-04 08:00:00,1337.49,1339.86,1336.68,1337.89,12627
2017-09-04 09:00:00,1337.89,1338.46,1332.34,1336.02,8218
2017-09-04 10:00:00,1336.02,1336.66,1333.79,1334.67,7147
2017-09-04 11:00:00,1334.66,1335.14,1333.62,1334.73,6057
2017-09-04 12:00:00,1334.72,1335.67,1333.93,1334.21,5242
2017-09-04 13:00:00,1334.22,1334.77,1333.25,1334.03,6506
2017-09-04 14:00:00,1334.02,1336.01,1333.94,1334.17,6214
2017-09-04 15:00:00,1334.12,1334.95,1332.65,1334.72,7193
2017-09-04 16:00:00,1334.72,1335.85,1334.16,1334.21,6217
2017-09-04 17:00:00,1334.22,1334.68,1333.22,1333.99,3900
2017-09-04 23:00:00,1334.01,1334.55,1332.85,1333.75,2173
2017-09-05 00:00:00,1333.76,1333.81,1332.26,1332.93,3408
2017-09-05 01:00:00,1332.92,1334.42,1332.65,1334.29,7042
2017-09-05 02:00:00,1334.28,1337.52,1332.97,1335.69,11610
2017-09-05 03:00:00,1335.64,1338.75,1335.63,1335.8,10467
2017-09-05 04:00:00,1335.81,1336.8,1335.09,1336.16,8064
2017-09-05 05:00:00,1336.16,1337.56,1335.88,1336.37,5163
2017-09-05 06:00:00,1336.38,1336.89,1335.81,1335.91,5133
2017-09-05 07:00:00,1335.91,1336.49,1334.75,1335.71,10093
2017-09-05 08:00:00,1335.71,1335.92,1330.48,1331.78,14992
2017-09-05 09:00:00,1331.8,1332.19,1329.39,1331.53,11273
2017-09-05 10:00:00,1331.54,1332.02,1330.96,1331.75,7260
2017-09-05 11:00:00,1331.75,1334.0,1331.55,1332.4,10221
2017-09-05 12:00:00,1332.4,1332.78,1326.17,1329.66,12909
2017-09-05 13:00:00,1329.67,1332.43,1329.61,1331.27,19073
2017-09-05 14:00:00,1331.23,1335.65,1329.78,1334.23,23047
2017-09-05 15:00:00,1334.24,1338.29,1334.12,1336.52,27627
2017-09-05 16:00:00,1336.53,1337.18,1333.84,1335.32,20378
2017-09-05 17:00:00,1335.31,1338.97,1335.17,1337.6,22768
2017-09-05 18:00:00,1337.6,1339.62,1336.79,1338.19,19277
2017-09-05 19:00:00,1338.2,1343.96,1337.95,1343.62,12817
2017-09-05 20:00:00,1343.62,1344.37,1340.63,1340.95,12593
2017-09-05 21:00:00,1340.95,1341.26,1338.11,1339.67,4742
2017-09-05 23:00:00,1339.41,1342.24,1338.95,1341.77,4663
2017-09-06 00:00:00,1341.78,1342.16,1341.03,1341.64,3124
2017-09-06 01:00:00,1341.64,1342.48,1339.6,1340.6,9237
2017-09-06 02:00:00,1340.58,1340.66,1338.53,1339.03,8990
2017-09-06 03:00:00,1339.04,1340.06,1338.78,1338.86,5267
2017-09-06 04:00:00,1338.78,1339.15,1337.74,1337.85,5364
2017-09-06 05:00:00,1337.86,1338.54,1337.42,1338.47,4035
2017-09-06 06:00:00,1338.49,1339.56,1338.09,1338.88,4966
2017-09-06 07:00:00,1338.86,1338.95,1337.55,1338.14,8196
2017-09-06 08:00:00,1338.14,1339.26,1336.39,1337.46,11901
2017-09-06 09:00:00,1337.48,1339.94,1337.35,1339.36,11265
2017-09-06 10:00:00,1339.36,1341.93,1339.07,1339.8,15487
2017-09-06 11:00:00,1339.8,1340.56,1337.6,1338.79,10674
2017-09-06 12:00:00,1338.79,1339.97,1338.07,1339.37,8203
2017-09-06 13:00:00,1339.37,1340.34,1338.26,1339.37,11212
2017-09-06 14:00:00,1339.37,1340.18,1337.02,1338.53,16592
2017-09-06 15:00:00,1338.53,1340.11,1335.75,1339.45,33260
2017-09-06 16:00:00,1339.46,1341.0,1338.93,1339.95,17296
2017-09-06 17:00:00,1339.95,1340.3,1333.09,1333.28,18657
2017-09-06 18:00:00,1333.32,1335.77,1332.21,1334.78,19200
2017-09-06 19:00:00,1334.84,1334.87,1331.6,1333.21,13069
2017-09-06 20:00:00,1333.16,1334.34,1332.19,1334.3,7598
2017-09-06 21:00:00,1334.31,1334.59,1333.74,1334.08,4008
2017-09-06 23:00:00,1333.88,1334.72,1333.4,1333.78,2710
2017-09-07 00:00:00,1333.77,1333.98,1332.6,1333.43,3482
2017-09-07 01:00:00,1333.4,1335.92,1333.05,1333.43,9550
2017-09-07 02:00:00,1333.43,1334.85,1332.66,1334.24,8203
2017-09-07 03:00:00,1334.27,1334.65,1334.0,1334.57,4979
2017-09-07 04:00:00,1334.58,1335.07,1334.24,1334.87,4348
2017-09-07 05:00:00,1334.87,1335.68,1334.31,1334.95,4439
2017-09-07 06:00:00,1334.96,1336.62,1334.91,1336.32,5339
2017-09-07 07:00:00,1336.33,1336.33,1334.03,1335.63,9631
2017-09-07 08:00:00,1335.64,1338.24,1335.62,1337.55,15517
2017-09-07 09:00:00,1337.54,1339.28,1337.05,1338.76,10382
2017-09-07 10:00:00,1338.75,1340.22,1338.42,1339.84,7567
2017-09-07 11:00:00,1339.84,1340.43,1338.93,1339.15,7687
2017-09-07 12:00:00,1339.15,1339.82,1338.09,1338.69,10612
2017-09-07 13:00:00,1338.69,1348.34,1338.69,1343.95,31369
2017-09-07 14:00:00,1343.96,1345.53,1338.79,1343.46,32378
2017-09-07 15:00:00,1343.46,1347.31,1343.34,1346.66,26634
2017-09-07 16:00:00,1346.65,1349.39,1345.62,1347.06,24539
2017-09-07 17:00:00,1347.06,1347.66,1342.38,1342.89,19896
2017-09-07 18:00:00,1342.89,1346.95,1342.89,1346.16,13245
2017-09-07 19:00:00,1346.17,1346.79,1344.71,1345.33,9006
2017-09-07 20:00:00,1345.33,1349.53,1345.25,1348.25,9463
2017-09-07 21:00:00,1348.25,1349.91,1347.92,1349.02,4380
2017-09-07 23:00:00,1348.91,1349.42,1347.37,1347.4,3600
2017-09-08 00:00:00,1347.41,1349.26,1347.37,1348.94,4925
2017-09-08 01:00:00,1349.03,1350.61,1348.28,1349.58,9192
2017-09-08 02:00:00,1349.58,1350.11,1347.6,1348.88,8153
2017-09-08 03:00:00,1348.88,1353.77,1348.67,1352.16,14831
2017-09-08 04:00:00,1352.15,1353.99,1351.74,1353.23,9920
2017-09-08 05:00:00,1353.22,1353.9,1352.1,1353.9,5907
2017-09-08 06:00:00,1353.9,1357.53,1353.9,1354.97,20225
2017-09-08 07:00:00,1355.07,1356.04,1351.92,1355.04,18451
2017-09-08 08:00:00,1355.04,1355.6,1352.21,1352.94,17022
2017-09-08 09:00:00,1352.86,1354.09,1351.07,1351.53,13543
2017-09-08 10:00:00,1351.53,1352.31,1350.59,1352.07,10831
2017-09-08 11:00:00,1352.08,1355.47,1352.01,1354.85,13347
2017-09-08 12:00:00,1354.85,1355.16,1352.53,1353.17,12741
2017-09-08 13:00:00,1353.18,1353.47,1347.39,1348.94,20701
2017-09-08 14:00:00,1348.96,1349.99,1345.93,1346.77,22659
2017-09-08 15:00:00,1346.76,1348.95,1342.81,1344.18,30737
2017-09-08 16:00:00,1344.09,1348.23,1343.53,1347.87,18429
2017-09-08 17:00:00,1347.87,1348.25,1346.25,1346.97,12793
2017-09-08 18:00:00,1346.96,1347.57,1345.77,1346.87,8436
2017-09-08 19:00:00,1346.92,1347.58,1346.52,1346.95,8580
2017-09-08 20:00:00,1346.94,1348.1,1346.44,1346.74,8306
2017-09-08 21:00:00,1346.75,1347.09,1346.16,1346.54,3338
2017-09-10 23:00:00,1336.96,1340.06,1332.92,1335.06,8479
2017-09-11 00:00:00,1335.05,1338.87,1334.53,1337.81,6373
2017-09-11 01:00:00,1337.8,1338.08,1336.05,1337.33,8480
2017-09-11 02:00:00,1337.34,1338.89,1335.67,1336.73,11131
2017-09-11 03:00:00,1336.73,1337.74,1336.68,1337.65,6551
2017-09-11 04:00:00,1337.58,1338.19,1337.22,1337.65,4554
2017-09-11 05:00:00,1337.66,1338.0,1337.31,1337.51,3683
2017-09-11 06:00:00,1337.52,1338.05,1337.3,1337.63,5468
2017-09-11 07:00:00,1337.62,1337.64,1334.44,1335.61,11978
2017-09-11 08:00:00,1335.62,1337.78,1334.41,1337.3,16961
2017-09-11 09:00:00,1337.31,1338.29,1336.56,1338.2,8988
2017-09-11 10:00:00,1338.21,1339.07,1337.9,1338.18,9472
2017-09-11 11:00:00,1338.18,1338.57,1336.53,1336.92,5905
2017-09-11 12:00:00,1336.92,1337.23,1334.57,1336.0,11940
2017-09-11 13:00:00,1336.0,1336.18,1331.46,1332.71,17338
2017-09-11 14:00:00,1332.72,1335.87,1331.61,1334.46,20495
2017-09-11 15:00:00,1334.45,1335.32,1333.57,1334.51,16210
2017-09-11 16:00:00,1334.49,1335.59,1332.15,1333.22,14706
2017-09-11 17:00:00,1333.24,1333.71,1332.01,1333.46,9965
2017-09-11 18:00:00,1333.44,1333.58,1329.72,1329.9,11847
2017-09-11 19:00:00,1329.88,1331.21,1329.18,1329.75,7353
2017-09-11 20:00:00,1329.76,1329.86,1326.41,1327.58,9536
2017-09-11 21:00:00,1327.59,1327.67,1326.68,1327.53,3776
2017-09-11 23:00:00,1327.36,1329.23,1326.77,1328.93,3507
2017-09-12 00:00:00,1328.83,1329.06,1326.91,1327.3,3416
2017-09-12 01:00:00,1327.3,1327.7,1324.58,1325.11,9688
2017-09-12 02:00:00,1325.12,1326.53,1324.94,1325.71,7368
2017-09-12 03:00:00,1325.72,1326.09,1324.46,1325.96,5785
2017-09-12 04:00:00,1325.97,1326.22,1325.17,1325.18,4129
2017-09-12 05:00:00,1325.18,1325.46,1323.21,1324.23,4744
2017-09-12 06:00:00,1324.23,1325.83,1323.45,1325.59,6332
2017-09-12 07:00:00,1325.6,1327.4,1325.25,1326.26,13978
2017-09-12 08:00:00,1326.27,1327.43,1325.72,1327.08,10807
2017-09-12 09:00:00,1327.07,1328.61,1325.79,1326.48,13428
2017-09-12 10:00:00,1326.47,1326.79,1325.89,1326.49,7872
2017-09-12 11:00:00,1326.48,1326.9,1322.68,1323.77,11693
2017-09-12 12:00:00,1323.76,1325.63,1323.07,1325.62,12703
2017-09-12 13:00:00,1325.63,1329.32,1324.99,1325.53,20863
2017-09-12 14:00:00,1325.52,1327.08,1325.02,1326.75,20483
2017-09-12 15:00:00,1326.75,1328.75,1326.16,1327.36,19691
2017-09-12 16:00:00,1327.36,1327.86,1325.78,1327.31,14106
2017-09-12 17:00:00,1327.3,1328.3,1325.29,1328.23,13164
2017-09-12 18:00:00,1328.24,1329.11,1327.08,1328.48,10245
2017-09-12 19:00:00,1328.48,1331.82,1328.41,1330.87,11329
2017-09-12 20:00:00,1330.86,1331.93,1330.6,1331.51,7335
2017-09-12 21:00:00,1331.51,1332.16,1331.01,1331.9,3363
2017-09-12 23:00:00,1331.67,1334.69,1331.56,1332.1,3821
2017-09-13 00:00:00,1332.1,1332.1,1330.57,1330.86,3636
2017-09-13 01:00:00,1330.87,1331.68,1330.34,1330.83,6655
2017-09-13 02:00:00,1330.82,1332.12,1329.56,1332.07,7071
2017-09-13 03:00:00,1332.07,1333.23,1331.36,1332.27,7442
2017-09-13 04:00:00,1332.28,1332.41,1330.81,1331.72,4257
2017-09-13 05:00:00,1331.71,1331.71,1330.57,1330.94,3528
2017-09-13 06:00:00,1330.96,1331.13,1329.44,1330.74,6008
2017-09-13 07:00:00,1330.75,1331.73,1329.97,1330.07,8875
2017-09-13 08:00:00,1330.08,1333.13,1329.96,1332.32,11541
2017-09-13 09:00:00,1332.31,1334.06,1332.24,1332.48,11957
2017-09-13 10:00:00,1332.49,1333.2,1331.8,1332.81,8455
2017-09-13 11:00:00,1332.82,1334.67,1332.33,1334.51,7397
2017-09-13 12:00:00,1334.51,1334.61,1332.54,1333.25,10786
2017-09-13 13:00:00,1333.24,1333.86,1331.05,1331.7,14181
2017-09-13 14:00:00,1331.68,1331.79,1327.01,1327.44,23554
2017-09-13 15:00:00,1327.43,1328.1,1321.06,1323.4,27579
2017-09-13 16:00:00,1323.39,1323.4,1320.87,1322.81,19603
2017-09-13 17:00:00,1322.82,1322.88,1321.33,1321.56,10882
2017-09-13 18:00:00,1321.56,1324.98,1321.15,1323.58,15097
2017-09-13 19:00:00,1323.56,1324.18,1321.46,1321.59,8003
2017-09-13 20:00:00,1321.56,1322.53,1321.31,1321.66,6257
2017-09-13 21:00:00,1321.66,1323.37,1321.45,1323.12,4087
2017-09-13 23:00:00,1322.88,1323.82,1322.71,1322.85,2162
2017-09-14 00:00:00,1322.86,1323.22,1321.72,1322.29,3255
2017-09-14 01:00:00,1322.3,1322.7,1319.16,1320.09,7983
2017-09-14 02:00:00,1320.08,1321.25,1319.33,1320.3,9103
2017-09-14 03:00:00,1320.3,1322.6,1320.12,1321.55,9093
2017-09-14 04:00:00,1321.55,1322.34,1321.23,1321.66,3951
2017-09-14 05:00:00,1321.66,1322.41,1321.31,1322.19,3604
2017-09-14 06:00:00,1322.18,1322.33,1320.77,1320.89,5195
2017-09-14 07:00:00,1320.86,1322.01,1320.14,1321.75,10159
2017-09-14 08:00:00,1321.74,1324.6,1320.96,1324.23,12823
2017-09-14 09:00:00,1324.24,1324.51,1322.87,1322.99,8215
2017-09-14 10:00:00,1322.99,1323.53,1322.06,1323.18,6650
2017-09-14 11:00:00,1323.17,1326.77,1323.16,1325.23,8000
2017-09-14 12:00:00,1325.22,1325.57,1319.29,1320.22,18576
2017-09-14 13:00:00,1320.23,1327.87,1315.7,1324.67,39150
2017-09-14 14:00:00,1324.71,1325.66,1321.66,1325.27,28622
2017-09-14 15:00:00,1325.27,1326.2,1323.96,1324.89,18325
2017-09-14 16:00:00,1324.89,1325.91,1324.57,1325.21,12829
2017-09-14 17:00:00,1325.21,1325.5,1324.57,1324.81,6510
2017-09-14 18:00:00,1324.82,1330.44,1324.67,1329.13,11993
2017-09-14 19:00:00,1329.14,1329.35,1326.66,1326.86,8884
2017-09-14 20:00:00,1326.85,1328.33,1325.77,1327.49,7247
2017-09-14 21:00:00,1327.42,1330.72,1327.42,1329.45,5058
2017-09-14 23:00:00,1329.14,1333.53,1328.91,1333.27,11354
2017-09-15 00:00:00,1333.28,1334.39,1331.78,1333.89,8266
2017-09-15 01:00:00,1333.98,1334.11,1331.47,1331.77,9539
2017-09-15 02:00:00,1331.78,1332.3,1330.67,1330.88,9129
2017-09-15 03:00:00,1330.88,1331.93,1330.32,1330.97,5583
2017-09-15 04:00:00,1330.98,1331.13,1329.04,1329.64,6772
2017-09-15 05:00:00,1329.64,1329.75,1328.57,1329.69,4518
2017-09-15 06:00:00,1329.69,1330.99,1328.77,1330.86,6990
2017-09-15 07:00:00,1330.85,1330.93,1329.44,1329.89,12678
2017-09-15 08:00:00,1329.89,1329.94,1325.07,1327.29,13447
2017-09-15 09:00:00,1327.3,1328.11,1325.89,1327.69,8287
2017-09-15 10:00:00,1327.69,1328.28,1322.47,1323.97,19778
2017-09-15 11:00:00,1323.96,1324.72,1323.1,1324.53,9932
2017-09-15 12:00:00,1324.53,1324.83,1321.48,1322.37,9787
2017-09-15 13:00:00,1322.38,1326.88,1322.17,1326.54,24532
2017-09-15 14:00:00,1326.52,1327.45,1323.85,1324.8,21021
2017-09-15 15:00:00,1324.8,1324.99,1320.82,1321.45,23710
2017-09-15 16:00:00,1321.45,1324.01,1319.76,1323.23,17321
2017-09-15 17:00:00,1323.24,1323.53,1321.8,1322.51,10329
2017-09-15 18:00:00,1322.5,1322.69,1321.04,1321.66,7416
2017-09-15 19:00:00,1321.66,1321.85,1321.19,1321.65,5280
2017-09-15 20:00:00,1321.65,1321.98,1320.29,1320.88,5941
2017-09-15 21:00:00,1320.9,1321.68,1319.72,1320.21,3539
2017-09-17 23:00:00,1319.39,1319.96,1317.49,1317.5,4162
2017-09-18 00:00:00,1317.49,1317.68,1314.4,1316.31,5295
2017-09-18 01:00:00,1316.3,1317.89,1316.1,1317.3,4580
2017-09-18 02:00:00,1317.29,1319.39,1317.28,1318.87,6081
2017-09-18 03:00:00,1318.88,1319.68,1318.43,1318.76,5190
2017-09-18 04:00:00,1318.76,1319.12,1317.32,1317.72,4029
2017-09-18 05:00:00,1317.7,1317.99,1316.96,1317.91,2835
2017-09-18 06:00:00,1317.92,1318.41,1317.3,1318.02,3781
2017-09-18 07:00:00,1318.03,1318.13,1314.67,1315.15,11551
2017-09-18 08:00:00,1315.15,1316.49,1314.05,1314.13,12739
2017-09-18 09:00:00,1314.13,1315.91,1312.44,1315.43,10887
2017-09-18 10:00:00,1315.41,1316.08,1313.76,1314.69,8168
2017-09-18 11:00:00,1314.69,1315.67,1314.08,1315.49,7376
2017-09-18 12:00:00,1315.49,1315.88,1312.94,1313.35,9569
2017-09-18 13:00:00,1313.34,1313.39,1311.13,1311.88,13283
2017-09-18 14:00:00,1311.87,1312.55,1310.26,1312.46,15985
2017-09-18 15:00:00,1312.45,1312.87,1308.49,1308.68,15875
2017-09-18 16:00:00,1308.68,1309.61,1306.71,1307.95,17429
2017-09-18 17:00:00,1307.96,1308.2,1305.37,1306.76,11485
2017-09-18 18:00:00,1306.71,1307.73,1305.64,1305.69,7762
2017-09-18 19:00:00,1305.69,1308.41,1304.68,1306.82,12390
2017-09-18 20:00:00,1306.82,1308.95,1306.57,1308.39,7044
2017-09-18 21:00:00,1308.41,1308.49,1307.2,1307.49,3305
2017-09-18 23:00:00,1307.3,1308.42,1306.03,1307.95,2823
2017-09-19 00:00:00,1307.95,1309.22,1307.95,1308.89,4179
2017-09-19 01:00:00,1308.9,1309.41,1308.48,1308.78,6018
2017-09-19 02:00:00,1308.79,1309.34,1306.51,1306.94,9552
2017-09-19 03:00:00,1306.94,1307.44,1306.22,1307.34,6402
2017-09-19 04:00:00,1307.34,1309.83,1307.32,1309.0,7175
2017-09-19 05:00:00,1309.01,1309.01,1306.66,1307.27,5632
2017-09-19 06:00:00,1307.26,1307.91,1306.35,1307.18,6640
2017-09-19 07:00:00,1307.17,1308.97,1306.9,1307.71,12026
2017-09-19 08:00:00,1307.81,1309.8,1306.85,1309.54,12128
2017-09-19 09:00:00,1309.52,1309.52,1307.22,1308.75,11541
2017-09-19 10:00:00,1308.75,1309.15,1307.79,1308.14,8304
2017-09-19 11:00:00,1308.13,1309.2,1307.59,1308.38,7653
2017-09-19 12:00:00,1308.38,1308.92,1306.76,1307.79,12972
2017-09-19 13:00:00,1307.79,1309.23,1306.93,1308.5,15304
2017-09-19 14:00:00,1308.5,1310.66,1308.09,1310.31,16665
2017-09-19 15:00:00,1310.31,1310.83,1308.53,1309.62,20541
2017-09-19 16:00:00,1309.61,1310.05,1307.66,1309.59,14371
2017-09-19 17:00:00,1309.59,1309.69,1305.19,1306.57,14046
2017-09-19 18:00:00,1306.62,1308.66,1306.32,1308.23,8941
2017-09-19 19:00:00,1308.24,1310.28,1307.99,1309.63,7605
2017-09-19 20:00:00,1309.63,1311.72,1309.63,1311.03,6345
2017-09-19 21:00:00,1311.02,1311.3,1310.2,1311.12,3152
2017-09-19 23:00:00,1310.79,1311.26,1310.62,1310.73,1476
2017-09-20 00:00:00,1310.74,1311.5,1310.51,1310.86,2328
2017-09-20 01:00:00,1310.86,1311.64,1309.97,1310.25,7025
2017-09-20 02:00:00,1310.23,1312.13,1309.71,1311.87,9457
2017-09-20 03:00:00,1311.87,1312.99,1311.71,1312.34,6243
2017-09-20 04:00:00,1312.36,1312.76,1312.04,1312.14,4239
2017-09-20 05:00:00,1312.15,1312.68,1311.82,1312.56,3072
2017-09-20 06:00:00,1312.55,1313.93,1312.17,1313.79,6257
2017-09-20 07:00:00,1313.8,1314.2,1312.15,1312.38,10204
2017-09-20 08:00:00,1312.38,1313.14,1311.65,1312.6,7634
2017-09-20 09:00:00,1312.58,1315.39,1312.08,1314.27,9039
2017-09-20 10:00:00,1314.27,1316.04,1314.07,1315.0,9902
2017-09-20 11:00:00,1315.0,1315.78,1314.46,1315.21,7204
2017-09-20 12:00:00,1315.17,1315.39,1313.98,1314.4,5536
2017-09-20 13:00:00,1314.39,1314.85,1310.94,1311.36,14385
2017-09-20 14:00:00,1311.37,1312.61,1310.87,1311.9,13674
2017-09-20 15:00:00,1311.9,1314.88,1311.04,1314.01,16255
2017-09-20 16:00:00,1314.01,1314.21,1311.2,1311.7,12380
2017-09-20 17:00:00,1311.71,1313.39,1311.67,1313.25,8068
2017-09-20 18:00:00,1313.27,1315.17,1312.0,1313.35,9597
2017-09-20 19:00:00,1313.3,1316.0,1296.05,1301.05,54371
2017-09-20 20:00:00,1301.08,1302.24,1297.54,1300.6,24607
2017-09-20 21:00:00,1300.63,1301.55,1299.38,1301.16,6445
2017-09-20 23:00:00,1300.87,1301.76,1300.55,1301.07,3039
2017-09-21 00:00:00,1301.06,1301.38,1298.46,1298.99,6679
2017-09-21 01:00:00,1299.02,1299.33,1295.81,1299.11,11527
2017-09-21 02:00:00,1299.07,1300.93,1297.55,1299.94,12135
2017-09-21 03:00:00,1299.96,1300.64,1299.13,1299.81,6850
2017-09-21 04:00:00,1299.82,1300.2,1299.19,1299.42,6638
2017-09-21 05:00:00,1299.43,1299.53,1298.03,1298.39,4811
2017-09-21 06:00:00,1298.38,1298.69,1297.27,1297.61,8826
2017-09-21 07:00:00,1297.61,1298.49,1293.92,1294.3,15216
2017-09-21 08:00:00,1294.4,1295.22,1293.37,1295.11,14574
2017-09-21 09:00:00,1295.1,1298.55,1294.53,1297.52,11573
2017-09-21 10:00:00,1297.52,1297.7,1295.92,1296.31,8848
2017-09-21 11:00:00,1296.3,1296.62,1293.49,1293.84,9231
2017-09-21 12:00:00,1293.82,1294.24,1291.45,1292.92,11292
2017-09-21 13:00:00,1292.93,1293.92,1288.15,1289.72,20222
2017-09-21 14:00:00,1289.74,1293.32,1289.42,1291.65,24976
2017-09-21 15:00:00,1291.65,1292.47,1288.99,1289.96,19245
2017-09-21 16:00:00,1289.94,1294.81,1289.69,1294.62,18433
2017-09-21 17:00:00,1294.61,1295.08,1293.04,1293.25,13466
2017-09-21 18:00:00,1293.25,1293.94,1291.47,1292.23,10639
2017-09-21 19:00:00,1292.23,1292.55,1290.25,1290.48,7835
2017-09-21 20:00:00,1290.48,1292.05,1290.48,1290.89,5853
2017-09-21 21:00:00,1290.88,1291.53,1290.58,1291.34,3032
2017-09-21 23:00:00,1291.02,1292.62,1290.89,1291.84,2156
2017-09-22 00:00:00,1291.85,1292.49,1291.57,1291.9,2188
2017-09-22 01:00:00,1291.89,1294.15,1291.31,1293.81,8391
2017-09-22 02:00:00,1293.81,1297.15,1293.41,1295.6,13180
2017-09-22 03:00:00,1295.6,1298.15,1295.3,1297.87,11265
2017-09-22 04:00:00,1297.87,1298.12,1296.22,1296.38,6669
2017-09-22 05:00:00,1296.38,1298.73,1296.29,1297.8,4927
2017-09-22 06:00:00,1297.78,1298.14,1297.1,1297.81,6308
2017-09-22 07:00:00,1297.81,1298.17,1295.92,1297.83,12390
2017-09-22 08:00:00,1297.83,1298.12,1296.26,1296.68,14675
2017-09-22 09:00:00,1296.68,1297.72,1295.65,1295.98,8958
2017-09-22 10:00:00,1295.97,1297.38,1295.11,1296.82,9679
2017-09-22 11:00:00,1296.81,1297.57,1295.92,1296.08,8462
2017-09-22 12:00:00,1296.06,1296.35,1294.61,1295.36,11048
2017-09-22 13:00:00,1295.38,1296.2,1293.42,1294.82,14300
2017-09-22 14:00:00,1294.82,1296.52,1293.71,1295.49,18702
2017-09-22 15:00:00,1295.49,1298.5,1295.06,1296.98,12259
2017-09-22 16:00:00,1296.96,1297.25,1294.73,1296.05,12423
2017-09-22 17:00:00,1296.06,1296.49,1294.41,1294.81,8679
2017-09-22 18:00:00,1294.8,1295.41,1294.11,1295.1,7203
2017-09-22 19:00:00,1295.11,1297.04,1295.06,1296.5,5939
2017-09-22 20:00:00,1296.5,1297.16,1296.3,1296.99,5364
2017-09-22 21:00:00,1296.94,1297.27,1296.53,1297.04,3852
2017-09-24 23:00:00,1297.71,1297.92,1292.42,1293.47,3988
2017-09-25 00:00:00,1293.45,1293.96,1289.32,1292.09,6450
2017-09-25 01:00:00,1292.08,1292.89,1291.37,1292.14,7485
2017-09-25 02:00:00,1292.13,1294.12,1291.98,1292.57,8454
2017-09-25 03:00:00,1292.59,1292.92,1291.61,1291.61,5185
2017-09-25 04:00:00,1291.6,1293.71,1291.57,1293.51,5746
2017-09-25 05:00:00,1293.51,1294.72,1293.36,1293.63,4723
2017-09-25 06:00:00,1293.63,1294.38,1292.85,1293.16,5491
2017-09-25 07:00:00,1293.15,1293.86,1291.75,1292.03,10953
2017-09-25 08:00:00,1292.04,1292.75,1290.88,1291.86,12215
2017-09-25 09:00:00,1291.86,1293.66,1291.6,1293.23,8952
2017-09-25 10:00:00,1293.23,1296.5,1292.65,1295.27,14150
2017-09-25 11:00:00,1295.27,1296.21,1294.41,1294.55,9348
2017-09-25 12:00:00,1294.54,1295.16,1293.3,1293.8,8516
2017-09-25 13:00:00,1293.8,1293.82,1290.76,1292.91,16738
2017-09-25 14:00:00,1292.91,1294.17,1291.43,1293.77,17949
2017-09-25 15:00:00,1293.81,1299.48,1292.49,1298.31,24584
2017-09-25 16:00:00,1298.32,1306.99,1298.26,1304.95,33894
2017-09-25 17:00:00,1304.95,1310.32,1304.28,1310.11,19925
2017-09-25 18:00:00,1310.11,1310.23,1307.69,1308.43,11418
2017-09-25 19:00:00,1308.41,1309.68,1307.83,1308.78,9019
2017-09-25 20:00:00,1308.79,1311.5,1308.01,1310.34,10020
2017-09-25 21:00:00,1310.34,1312.14,1309.72,1310.59,3875
2017-09-25 23:00:00,1310.43,1310.52,1307.39,1308.53,3804
2017-09-26 00:00:00,1308.54,1308.84,1307.95,1308.37,2811
2017-09-26 01:00:00,1308.36,1310.56,1308.05,1309.84,11301
2017-09-26 02:00:00,1309.83,1311.42,1308.73,1310.88,7504
2017-09-26 03:00:00,1310.88,1311.26,1309.81,1310.53,6364
2017-09-26 04:00:00,1310.52,1313.67,1310.32,1313.12,6190
2017-09-26 05:00:00,1313.12,1313.36,1312.23,1312.9,4716
2017-09-26 06:00:00,1312.9,1312.9,1311.19,1311.4,6559
2017-09-26 07:00:00,1311.41,1311.92,1308.67,1309.57,12865
2017-09-26 08:00:00,1309.56,1309.57,1305.06,1305.3,15631
2017-09-26 09:00:00,1305.3,1307.28,1304.87,1305.7,9375
2017-09-26 10:00:00,1305.69,1307.01,1305.57,1306.22,7043
2017-09-26 11:00:00,1306.12,1306.22,1300.61,1303.19,16693
2017-09-26 12:00:00,1303.19,1304.03,1300.49,1302.18,13380
2017-09-26 13:00:00,1302.18,1302.94,1298.51,1298.81,13956
2017-09-26 14:00:00,1298.8,1301.72,1298.6,1300.92,18567
2017-09-26 15:00:00,1300.93,1302.77,1299.56,1300.29,20597
2017-09-26 16:00:00,1300.3,1302.19,1299.79,1300.41,14086
2017-09-26 17:00:00,1300.4,1301.7,1293.54,1296.71,23042
2017-09-26 18:00:00,1296.72,1300.24,1296.61,1300.17,16147
2017-09-26 19:00:00,1300.15,1300.15,1297.34,1298.1,7298
2017-09-26 20:00:00,1298.11,1298.11,1294.6,1295.83,8201
2017-09-26 21:00:00,1295.81,1296.12,1292.2,1293.71,4297
2017-09-26 23:00:00,1293.37,1294.52,1292.18,1294.52,2302
2017-09-27 00:00:00,1294.52,1294.73,1293.03,1293.31,3947
2017-09-27 01:00:00,1293.3,1294.0,1290.69,1293.45,9147
2017-09-27 02:00:00,1293.44,1296.24,1293.44,1295.39,7483
2017-09-27 03:00:00,1295.34,1295.9,1294.61,1295.41,4114
2017-09-27 04:00:00,1295.41,1295.59,1294.53,1294.69,3700
2017-09-27 05:00:00,1294.69,1295.14,1293.97,1294.02,3853
2017-09-27 06:00:00,1294.06,1295.68,1293.46,1294.35,6596
2017-09-27 07:00:00,1294.35,1294.93,1291.93,1292.14,12693
2017-09-27 08:00:00,1292.13,1293.31,1291.07,1292.81,14861
2017-09-27 09:00:00,1292.79,1292.79,1285.87,1289.39,15246
2017-09-27 10:00:00,1289.32,1290.22,1288.72,1289.95,9804
2017-09-27 11:00:00,1289.94,1293.83,1289.11,1290.02,10018
2017-09-27 12:00:00,1290.02,1290.25,1288.34,1289.63,10392
2017-09-27 13:00:00,1289.63,1289.93,1282.53,1284.37,23039
2017-09-27 14:00:00,1284.37,1285.85,1282.84,1283.09,18917
2017-09-27 15:00:00,1283.05,1288.83,1282.75,1287.3,26350
2017-09-27 16:00:00,1287.33,1289.31,1285.21,1285.46,19563
2017-09-27 17:00:00,1285.44,1289.14,1285.39,1285.75,15757
2017-09-27 18:00:00,1285.76,1286.4,1284.21,1284.33,10764
2017-09-27 19:00:00,1284.34,1286.83,1283.38,1285.61,11468
2017-09-27 20:00:00,1285.62,1285.71,1283.37,1283.81,9654
2017-09-27 21:00:00,1283.81,1284.05,1281.48,1282.8,6010
2017-09-27 23:00:00,1282.42,1284.26,1282.11,1283.49,3252
2017-09-28 00:00:00,1283.5,1284.14,1283.28,1283.57,3013
2017-09-28 01:00:00,1283.57,1284.97,1282.95,1283.78,6742
2017-09-28 02:00:00,1283.78,1284.6,1282.5,1282.94,8533
2017-09-28 03:00:00,1282.93,1284.0,1282.79,1283.59,5104
2017-09-28 04:00:00,1283.58,1283.79,1280.74,1281.22,6931
2017-09-28 05:00:00,1281.23,1281.6,1280.44,1280.65,5264
2017-09-28 06:00:00,1280.65,1281.43,1278.31,1279.22,10809
2017-09-28 07:00:00,1279.22,1281.24,1277.77,1280.43,15983
2017-09-28 08:00:00,1280.42,1282.8,1278.89,1281.61,18290
2017-09-28 09:00:00,1281.62,1282.72,1281.22,1282.01,12839
2017-09-28 10:00:00,1282.01,1285.42,1280.78,1284.62,13036
2017-09-28 11:00:00,1284.62,1285.76,1283.27,1284.8,11661
2017-09-28 12:00:00,1284.79,1285.5,1283.61,1284.97,8945
2017-09-28 13:00:00,1284.97,1286.29,1282.98,1283.21,17549
2017-09-28 14:00:00,1283.22,1285.47,1282.8,1284.12,18691
2017-09-28 15:00:00,1284.11,1284.84,1282.1,1283.71,22230
2017-09-28 16:00:00,1283.72,1285.97,1283.52,1284.22,17190
2017-09-28 17:00:00,1284.19,1287.95,1284.06,1287.36,12507
2017-09-28 18:00:00,1287.38,1287.97,1285.55,1286.39,9213
2017-09-28 19:00:00,1286.4,1288.82,1286.29,1287.69,6368
2017-09-28 20:00:00,1287.68,1287.85,1285.86,1286.13,5924
2017-09-28 21:00:00,1286.15,1287.73,1286.15,1287.39,2977
2017-09-28 23:00:00,1287.03,1287.39,1286.39,1287.33,2386
2017-09-29 00:00:00,1287.33,1287.73,1286.7,1287.0,2885
2017-09-29 01:00:00,1286.99,1288.01,1285.96,1286.57,6594
2017-09-29 02:00:00,1286.57,1286.75,1284.55,1284.77,6905
2017-09-29 03:00:00,1284.78,1285.52,1283.9,1284.21,6082
2017-09-29 04:00:00,1284.23,1285.28,1284.18,1284.94,3643
2017-09-29 05:00:00,1284.95,1285.49,1284.73,1285.38,3246
2017-09-29 06:00:00,1285.38,1285.77,1284.24,1284.3,5531
2017-09-29 07:00:00,1284.31,1287.71,1283.63,1287.19,13073
2017-09-29 08:00:00,1287.18,1289.38,1286.07,1288.15,14774
2017-09-29 09:00:00,1288.15,1289.12,1286.92,1287.37,9042
2017-09-29 10:00:00,1287.36,1288.53,1287.01,1288.1,10084
2017-09-29 11:00:00,1288.1,1289.46,1287.41,1289.26,6408
2017-09-29 12:00:00,1289.26,1289.94,1286.67,1287.42,8898
2017-09-29 13:00:00,1287.41,1290.36,1285.2,1288.66,17863
2017-09-29 14:00:00,1288.67,1289.29,1281.64,1283.33,23438
2017-09-29 15:00:00,1283.34,1286.6,1282.69,1285.1,24114
2017-09-29 16:00:00,1285.12,1285.71,1283.54,1284.09,15815
2017-09-29 17:00:00,1284.1,1284.62,1283.25,1283.42,8025
2017-09-29 18:00:00,1283.42,1284.36,1281.89,1283.2,9941
2017-09-29 19:00:00,1283.19,1284.21,1282.1,1282.25,8621
2017-09-29 20:00:00,1282.24,1283.2,1279.67,1280.16,9846
2017-09-29 21:00:00,1280.16,1280.82,1276.05,1279.18,4419
2017-10-01 23:00:00,1279.62,1280.15,1276.86,1278.18,3087
2017-10-02 00:00:00,1278.17,1278.73,1277.34,1277.93,3616
2017-10-02 01:00:00,1277.93,1277.94,1274.29,1275.45,9043
2017-10-02 02:00:00,1275.45,1275.94,1274.67,1275.23,7072
2017-10-02 03:00:00,1275.23,1275.71,1274.87,1274.97,4325
2017-10-02 04:00:00,1274.91,1275.31,1274.08,1275.05,4062
2017-10-02 05:00:00,1275.04,1275.69,1273.53,1275.23,4435
2017-10-02 06:00:00,1275.22,1275.24,1273.81,1274.2,4553
2017-10-02 07:00:00,1274.18,1274.93,1272.68,1274.31,9763
2017-10-02 08:00:00,1274.31,1274.56,1271.2,1272.37,13778
2017-10-02 09:00:00,1272.36,1274.84,1271.99,1274.42,11755
2017-10-02 10:00:00,1274.42,1274.47,1272.83,1273.04,8271
2017-10-02 11:00:00,1273.05,1274.61,1273.01,1274.23,9045
2017-10-02 12:00:00,1274.25,1274.44,1271.94,1272.65,7967
2017-10-02 13:00:00,1272.66,1275.87,1272.2,1275.25,16423
2017-10-02 14:00:00,1275.23,1276.77,1274.57,1274.93,16014
2017-10-02 15:00:00,1274.89,1277.25,1272.08,1273.6,25670
2017-10-02 16:00:00,1273.59,1275.05,1272.76,1274.85,14064
2017-10-02 17:00:00,1274.85,1275.85,1274.27,1274.35,10534
2017-10-02 18:00:00,1274.34,1274.84,1272.96,1274.6,8267
2017-10-02 19:00:00,1274.6,1275.03,1273.41,1273.42,7211
2017-10-02 20:00:00,1273.41,1274.15,1271.16,1271.26,8207
2017-10-02 21:00:00,1271.26,1272.26,1269.55,1270.82,4430
2017-10-02 23:00:00,1270.55,1271.84,1270.2,1271.71,2370
2017-10-03 00:00:00,1271.71,1272.14,1271.04,1271.15,2397
2017-10-03 01:00:00,1271.14,1273.05,1269.95,1270.03,7371
2017-10-03 02:00:00,1270.04,1270.42,1268.34,1268.6,11441
2017-10-03 03:00:00,1268.6,1270.69,1268.43,1269.93,6359
2017-10-03 04:00:00,1269.95,1270.36,1269.1,1269.62,6108
2017-10-03 05:00:00,1269.63,1270.18,1269.25,1269.25,3932
2017-10-03 06:00:00,1269.25,1270.18,1268.65,1269.66,5405
2017-10-03 07:00:00,1269.66,1272.4,1269.33,1272.1,9750
2017-10-03 08:00:00,1272.1,1272.13,1269.37,1269.96,12428
2017-10-03 09:00:00,1269.97,1271.32,1269.93,1270.29,6825
2017-10-03 10:00:00,1270.29,1270.99,1269.63,1270.99,6331
2017-10-03 11:00:00,1270.99,1271.83,1270.56,1271.08,7178
2017-10-03 12:00:00,1271.08,1271.74,1270.28,1270.48,6616
2017-10-03 13:00:00,1270.48,1271.42,1269.29,1270.42,10793
2017-10-03 14:00:00,1270.32,1272.49,1270.17,1272.16,14863
2017-10-03 15:00:00,1272.15,1274.06,1271.27,1273.37,16596
2017-10-03 16:00:00,1273.37,1274.76,1273.06,1273.77,10927
2017-10-03 17:00:00,1273.76,1274.56,1272.92,1273.16,7733
2017-10-03 18:00:00,1273.16,1273.39,1271.65,1272.07,6120
2017-10-03 19:00:00,1272.08,1272.3,1271.07,1271.95,4840
2017-10-03 20:00:00,1271.96,1272.27,1271.35,1271.96,5066
2017-10-03 21:00:00,1271.96,1272.06,1270.65,1271.81,3578
2017-10-03 23:00:00,1271.34,1272.55,1271.33,1272.38,2290
2017-10-04 00:00:00,1272.37,1272.58,1271.93,1272.47,1815
2017-10-04 01:00:00,1272.48,1275.54,1272.45,1275.32,10453
2017-10-04 02:00:00,1275.32,1275.62,1274.46,1275.11,5147
2017-10-04 03:00:00,1275.1,1276.18,1274.98,1275.38,4305
2017-10-04 04:00:00,1275.38,1275.81,1275.07,1275.36,3009
2017-10-04 05:00:00,1275.36,1275.7,1275.26,1275.38,2210
2017-10-04 06:00:00,1275.38,1276.74,1275.26,1276.52,5296
2017-10-04 07:00:00,1276.55,1278.5,1275.42,1275.57,9113
2017-10-04 08:00:00,1275.56,1276.4,1275.23,1275.98,9303
2017-10-04 09:00:00,1275.99,1276.83,1274.98,1275.62,8617
2017-10-04 10:00:00,1275.62,1276.62,1275.21,1276.6,6252
2017-10-04 11:00:00,1276.6,1280.38,1276.5,1279.76,10520
2017-10-04 12:00:00,1279.75,1281.64,1278.59,1281.02,10800
2017-10-04 13:00:00,1281.01,1282.24,1276.35,1277.3,18746
2017-10-04 14:00:00,1277.3,1277.5,1274.44,1275.39,17186
2017-10-04 15:00:00,1275.34,1276.34,1270.57,1275.11,25175
2017-10-04 16:00:00,1275.12,1275.47,1273.0,1273.53,13410
2017-10-04 17:00:00,1273.52,1274.15,1271.89,1273.72,9618
2017-10-04 18:00:00,1273.71,1275.28,1272.33,1274.43,8811
2017-10-04 19:00:00,1274.35,1275.01,1274.19,1274.53,4424
2017-10-04 20:00:00,1274.53,1276.31,1274.23,1275.31,5781
2017-10-04 21:00:00,1275.31,1275.63,1274.35,1274.67,2783
2017-10-04 23:00:00,1274.52,1275.65,1274.44,1274.84,2386
2017-10-05 00:00:00,1274.84,1275.12,1273.67,1274.02,1930
2017-10-05 01:00:00,1274.03,1274.66,1273.06,1274.63,5872
2017-10-05 02:00:00,1274.64,1275.24,1273.61,1273.73,4410
2017-10-05 03:00:00,1273.74,1274.82,1273.14,1274.58,3233
2017-10-05 04:00:00,1274.57,1274.64,1274.15,1274.48,1442
2017-10-05 05:00:00,1274.49,1275.11,1274.27,1275.01,1819
2017-10-05 06:00:00,1275.02,1275.64,1274.85,1275.02,3177
2017-10-05 07:00:00,1275.03,1275.07,1273.34,1274.93,7433
2017-10-05 08:00:00,1274.92,1276.28,1274.31,1275.37,11628
2017-10-05 09:00:00,1275.36,1278.83,1275.29,1278.47,8837
2017-10-05 10:00:00,1278.47,1279.02,1277.73,1277.81,7957
2017-10-05 11:00:00,1277.81,1278.63,1277.67,1278.61,6088
2017-10-05 12:00:00,1278.62,1278.93,1276.72,1276.76,9808
2017-10-05 13:00:00,1276.74,1278.92,1275.76,1276.87,16688
2017-10-05 14:00:00,1276.86,1277.8,1273.35,1274.78,21623
2017-10-05 15:00:00,1274.79,1276.14,1273.13,1274.0,17736
2017-10-05 16:00:00,1274.0,1274.21,1272.42,1272.83,12953
2017-10-05 17:00:00,1272.82,1273.79,1271.95,1272.48,9899
2017-10-05 18:00:00,1272.47,1272.56,1270.3,1270.91,9411
2017-10-05 19:00:00,1270.92,1271.06,1268.98,1269.03,6755
2017-10-05 20:00:00,1269.02,1269.47,1267.42,1268.47,8703
2017-10-05 21:00:00,1268.47,1269.04,1266.47,1268.12,3991
2017-10-05 23:00:00,1267.97,1269.4,1267.97,1268.87,2022
2017-10-06 00:00:00,1268.88,1269.29,1267.69,1269.09,2867
2017-10-06 01:00:00,1269.1,1269.16,1267.79,1268.96,6453
2017-10-06 02:00:00,1268.96,1269.66,1268.33,1269.12,4095
2017-10-06 03:00:00,1269.11,1269.58,1268.85,1269.14,2836
2017-10-06 04:00:00,1269.14,1269.15,1268.12,1268.34,4171
2017-10-06 05:00:00,1268.34,1268.45,1267.13,1268.06,5990
2017-10-06 06:00:00,1268.05,1268.36,1267.18,1268.11,4105
2017-10-06 07:00:00,1268.11,1268.73,1267.32,1268.34,7299
2017-10-06 08:00:00,1268.33,1269.21,1267.51,1268.37,9039
2017-10-06 09:00:00,1268.38,1269.31,1268.1,1268.37,7159
2017-10-06 10:00:00,1268.38,1269.36,1267.95,1268.87,5139
2017-10-06 11:00:00,1268.88,1270.21,1268.5,1269.44,6805
2017-10-06 12:00:00,1269.46,1269.89,1268.44,1268.66,6212
2017-10-06 13:00:00,1268.64,1271.7,1263.43,1264.74,31800
2017-10-06 14:00:00,1264.67,1266.44,1260.64,1260.99,23273
2017-10-06 15:00:00,1261.0,1274.05,1260.84,1272.58,30933
2017-10-06 16:00:00,1272.57,1275.7,1270.71,1274.46,24048
2017-10-06 17:00:00,1274.46,1275.22,1272.68,1273.48,11871
2017-10-06 18:00:00,1273.48,1274.77,1272.1,1274.01,8565
2017-10-06 19:00:00,1274.02,1274.45,1272.86,1273.76,5439
2017-10-06 20:00:00,1273.79,1274.89,1273.66,1274.68,5955
2017-10-06 21:00:00,1274.68,1276.53,1274.59,1276.41,3755
2017-10-08 23:00:00,1276.22,1277.67,1275.45,1276.57,4822
2017-10-09 00:00:00,1276.57,1277.45,1276.48,1276.65,2614
2017-10-09 01:00:00,1276.65,1276.65,1275.32,1275.97,3732
2017-10-09 02:00:00,1275.98,1280.51,1275.98,1280.32,11275
2017-10-09 03:00:00,1280.31,1284.99,1280.3,1283.72,9823
2017-10-09 04:00:00,1283.72,1284.13,1282.25,1282.35,3481
2017-10-09 05:00:00,1282.35,1283.3,1282.33,1282.71,3008
2017-10-09 06:00:00,1282.62,1284.26,1282.49,1284.19,4658
2017-10-09 07:00:00,1284.18,1285.46,1280.98,1281.68,9361
2017-10-09 08:00:00,1281.62,1281.68,1279.66,1280.0,9653
2017-10-09 09:00:00,1279.99,1283.43,1279.85,1282.4,7350
2017-10-09 10:00:00,1282.39,1283.18,1281.76,1282.48,5340
2017-10-09 11:00:00,1282.49,1283.69,1281.45,1282.9,5852
2017-10-09 12:00:00,1282.88,1284.19,1281.92,1282.99,6667
2017-10-09 13:00:00,1282.98,1283.28,1279.92,1280.44,9440
2017-10-09 14:00:00,1280.5,1282.2,1279.87,1281.31,11403
2017-10-09 15:00:00,1281.32,1281.95,1279.45,1281.66,13105
2017-10-09 16:00:00,1281.69,1281.93,1280.57,1280.96,7736
2017-10-09 17:00:00,1280.95,1281.89,1280.3,1281.36,6919
2017-10-09 18:00:00,1281.33,1283.3,1281.22,1282.58,6547
2017-10-09 19:00:00,1282.59,1283.54,1282.47,1283.16,4456
2017-10-09 20:00:00,1283.24,1285.2,1283.07,1284.84,7255
2017-10-09 21:00:00,1284.85,1284.85,1283.65,1283.96,2228
2017-10-09 23:00:00,1283.72,1284.29,1283.23,1283.85,2923
2017-10-10 00:00:00,1283.83,1284.24,1283.13,1283.21,2895
2017-10-10 01:00:00,1283.21,1284.08,1282.14,1283.13,7811
2017-10-10 02:00:00,1283.12,1288.19,1282.72,1286.07,15393
2017-10-10 03:00:00,1286.07,1287.01,1285.23,1286.58,7735
2017-10-10 04:00:00,1286.58,1287.22,1286.27,1286.66,3935
2017-10-10 05:00:00,1286.67,1287.65,1286.67,1287.31,3815
2017-10-10 06:00:00,1287.3,1287.56,1285.63,1286.69,6402
2017-10-10 07:00:00,1286.67,1288.8,1286.21,1287.49,12331
2017-10-10 08:00:00,1287.48,1287.97,1286.17,1287.01,11771
2017-10-10 09:00:00,1286.96,1289.47,1286.96,1288.75,12415
2017-10-10 10:00:00,1288.79,1290.15,1288.55,1289.96,8834
2017-10-10 11:00:00,1289.94,1291.88,1289.94,1290.6,11342
2017-10-10 12:00:00,1290.6,1292.53,1289.98,1292.15,10735
2017-10-10 13:00:00,1292.14,1292.91,1288.49,1289.17,16293
2017-10-10 14:00:00,1289.16,1293.24,1288.23,1292.25,20586
2017-10-10 15:00:00,1292.25,1294.24,1291.44,1294.1,19839
2017-10-10 16:00:00,1294.0,1294.23,1290.99,1291.39,13422
2017-10-10 17:00:00,1291.38,1291.55,1290.18,1290.34,10639
2017-10-10 18:00:00,1290.34,1292.05,1289.26,1289.58,15188
2017-10-10 19:00:00,1289.58,1290.21,1288.44,1288.92,7561
2017-10-10 20:00:00,1288.98,1288.98,1288.11,1288.34,6720
2017-10-10 21:00:00,1288.37,1288.7,1287.7,1287.74,3470
2017-10-10 23:00:00,1287.47,1289.26,1287.47,1289.25,2340
2017-10-11 00:00:00,1289.26,1289.97,1289.04,1289.66,3371
2017-10-11 01:00:00,1289.61,1291.37,1289.48,1290.17,7455
2017-10-11 02:00:00,1290.18,1291.68,1288.2,1288.79,10712
2017-10-11 03:00:00,1288.77,1288.89,1286.73,1288.19,11183
2017-10-11 04:00:00,1288.2,1288.34,1287.26,1287.52,4568
2017-10-11 05:00:00,1287.51,1288.45,1287.4,1287.48,3949
2017-10-11 06:00:00,1287.49,1288.6,1287.47,1288.36,4380
2017-10-11 07:00:00,1288.37,1290.08,1288.36,1288.59,11488
2017-10-11 08:00:00,1288.6,1289.83,1287.19,1289.33,13424
2017-10-11 09:00:00,1289.3,1290.52,1288.6,1289.96,10407
2017-10-11 10:00:00,1289.95,1290.18,1289.23,1289.44,8435
2017-10-11 11:00:00,1289.43,1290.1,1289.23,1289.87,6340
2017-10-11 12:00:00,1289.82,1290.98,1288.58,1290.34,7668
2017-10-11 13:00:00,1290.35,1291.34,1289.18,1291.09,13197
2017-10-11 14:00:00,1291.09,1291.2,1289.43,1289.53,17487
2017-10-11 15:00:00,1289.53,1290.4,1288.11,1288.66,14972
2017-10-11 16:00:00,1288.65,1288.87,1286.9,1288.22,15537
2017-10-11 17:00:00,1288.23,1288.6,1284.69,1286.16,12369
2017-10-11 18:00:00,1286.14,1287.0,1284.59,1284.88,9239
2017-10-11 19:00:00,1284.91,1290.92,1284.8,1289.76,19068
2017-10-11 20:00:00,1289.77,1293.57,1288.84,1292.71,12170
2017-10-11 21:00:00,1292.73,1293.3,1290.99,1291.72,4623
2017-10-11 23:00:00,1291.57,1292.57,1291.57,1292.35,2335
2017-10-12 00:00:00,1292.34,1292.9,1291.68,1292.44,4422
2017-10-12 01:00:00,1292.44,1294.13,1292.4,1293.48,9764
2017-10-12 02:00:00,1293.48,1293.57,1291.89,1292.75,8574
2017-10-12 03:00:00,1292.74,1293.66,1292.57,1293.51,6030
2017-10-12 04:00:00,1293.52,1295.53,1293.24,1294.98,8086
2017-10-12 05:00:00,1294.97,1295.39,1294.43,1294.87,5001
2017-10-12 06:00:00,1294.87,1296.5,1294.82,1296.29,6384
2017-10-12 07:00:00,1296.3,1296.49,1294.57,1294.71,8749
2017-10-12 08:00:00,1294.71,1297.51,1294.55,1296.87,12717
2017-10-12 09:00:00,1296.87,1297.14,1295.91,1295.98,6601
2017-10-12 10:00:00,1295.98,1296.26,1293.8,1293.97,9240
2017-10-12 11:00:00,1293.98,1295.27,1293.92,1294.73,5952
2017-10-12 12:00:00,1294.72,1296.31,1294.71,1295.09,8859
2017-10-12 13:00:00,1295.08,1295.88,1290.77,1292.27,17746
2017-10-12 14:00:00,1292.26,1293.92,1291.03,1291.27,14839
2017-10-12 15:00:00,1291.28,1293.96,1289.68,1293.87,18143
2017-10-12 16:00:00,1293.87,1293.94,1292.3,1292.35,10704
2017-10-12 17:00:00,1292.36,1293.67,1292.17,1293.23,10517
2017-10-12 18:00:00,1293.22,1295.23,1292.78,1294.73,11450
2017-10-12 19:00:00,1294.73,1294.97,1293.41,1293.54,5770
2017-10-12 20:00:00,1293.55,1294.05,1292.73,1293.54,5840
2017-10-12 21:00:00,1293.54,1293.62,1292.88,1293.48,2728
2017-10-12 23:00:00,1293.37,1294.49,1293.22,1294.39,1771
2017-10-13 00:00:00,1294.38,1294.42,1293.32,1294.01,2841
2017-10-13 01:00:00,1294.02,1294.72,1293.51,1294.38,5743
2017-10-13 02:00:00,1294.38,1295.32,1294.06,1294.95,7576
2017-10-13 03:00:00,1294.96,1296.78,1294.79,1295.99,7363
2017-10-13 04:00:00,1296.0,1296.71,1295.65,1296.07,4335
2017-10-13 05:00:00,1296.08,1296.57,1295.61,1295.72,4611
2017-10-13 06:00:00,1295.73,1296.73,1295.71,1296.13,4947
2017-10-13 07:00:00,1296.15,1298.46,1295.51,1296.96,11626
2017-10-13 08:00:00,1296.96,1297.87,1295.44,1295.75,14212
2017-10-13 09:00:00,1295.8,1296.35,1293.7,1294.53,8583
2017-10-13 10:00:00,1294.53,1294.58,1292.73,1293.82,8197
2017-10-13 11:00:00,1293.84,1294.69,1293.08,1293.49,6690
2017-10-13 12:00:00,1293.49,1293.65,1291.85,1292.51,8982
2017-10-13 13:00:00,1292.46,1302.52,1291.01,1300.45,26990
2017-10-13 14:00:00,1300.44,1302.8,1299.75,1301.62,23413
2017-10-13 15:00:00,1301.62,1301.76,1298.42,1299.27,21583
2017-10-13 16:00:00,1299.26,1300.6,1298.74,1300.11,14261
2017-10-13 17:00:00,1300.14,1301.9,1300.04,1301.15,11318
2017-10-13 18:00:00,1301.16,1302.69,1300.68,1302.46,11574
2017-10-13 19:00:00,1302.46,1302.49,1301.27,1301.88,8765
2017-10-13 20:00:00,1301.89,1303.77,1301.58,1303.74,6829
2017-10-13 21:00:00,1303.71,1303.77,1302.7,1303.44,2942
2017-10-15 23:00:00,1302.56,1303.56,1301.74,1301.95,3337
2017-10-16 00:00:00,1301.94,1304.31,1301.89,1304.23,4684
2017-10-16 01:00:00,1304.28,1304.53,1302.45,1302.47,6251
2017-10-16 02:00:00,1302.46,1303.06,1301.08,1301.75,8378
2017-10-16 03:00:00,1301.76,1302.63,1301.32,1302.51,6009
2017-10-16 04:00:00,1302.5,1302.65,1301.7,1302.44,4514
2017-10-16 05:00:00,1302.43,1302.74,1302.04,1302.07,2638
2017-10-16 06:00:00,1302.06,1303.64,1301.93,1302.53,5755
2017-10-16 07:00:00,1302.54,1305.02,1302.23,1303.78,11499
2017-10-16 08:00:00,1303.78,1305.86,1303.18,1305.3,10538
2017-10-16 09:00:00,1305.3,1305.63,1303.7,1303.77,7423
2017-10-16 10:00:00,1303.76,1305.19,1303.76,1304.62,6171
2017-10-16 11:00:00,1304.61,1305.57,1304.45,1305.29,5838
2017-10-16 12:00:00,1305.28,1306.08,1305.03,1305.94,8078
2017-10-16 13:00:00,1305.94,1306.04,1304.06,1305.55,14495
2017-10-16 14:00:00,1305.56,1305.67,1302.74,1304.01,16642
2017-10-16 15:00:00,1304.01,1305.09,1303.18,1303.79,16290
2017-10-16 16:00:00,1303.79,1304.65,1302.82,1303.59,12379
2017-10-16 17:00:00,1303.6,1303.89,1303.01,1303.6,7710
2017-10-16 18:00:00,1303.6,1303.6,1298.9,1300.64,13222
2017-10-16 19:00:00,1300.64,1301.33,1295.29,1295.43,15663
2017-10-16 20:00:00,1295.43,1295.43,1290.48,1294.66,14303
2017-10-16 21:00:00,1294.68,1295.23,1294.07,1295.1,4605
2017-10-16 23:00:00,1294.82,1296.27,1294.82,1295.75,2937
2017-10-17 00:00:00,1295.74,1295.88,1294.19,1295.1,3627
2017-10-17 01:00:00,1295.1,1295.1,1293.26,1293.84,7684
2017-10-17 02:00:00,1293.85,1295.27,1292.38,1292.84,11915
2017-10-17 03:00:00,1292.83,1293.77,1292.74,1293.61,7422
2017-10-17 04:00:00,1293.62,1293.86,1292.87,1293.14,3997
2017-10-17 05:00:00,1293.13,1293.18,1292.13,1292.76,3795
2017-10-17 06:00:00,1292.76,1292.98,1291.16,1291.96,5921
2017-10-17 07:00:00,1291.97,1292.09,1287.88,1289.65,12915
2017-10-17 08:00:00,1289.64,1290.84,1288.97,1290.4,11227
2017-10-17 09:00:00,1290.4,1290.66,1288.73,1289.42,9771
2017-10-17 10:00:00,1289.44,1290.16,1288.63,1288.73,7539
2017-10-17 11:00:00,1288.73,1290.26,1287.46,1288.93,10385
2017-10-17 12:00:00,1288.94,1290.03,1287.58,1289.39,10713
2017-10-17 13:00:00,1289.38,1289.48,1283.82,1284.22,17404
2017-10-17 14:00:00,1284.22,1286.35,1283.71,1284.83,18662
2017-10-17 15:00:00,1284.82,1286.45,1283.83,1284.88,17720
2017-10-17 16:00:00,1284.91,1285.29,1281.4,1284.3,15240
2017-10-17 17:00:00,1284.29,1286.07,1284.17,1285.05,9949
2017-10-17 18:00:00,1285.06,1285.57,1284.04,1285.17,8457
2017-10-17 19:00:00,1285.17,1287.53,1285.03,1286.71,8191
2017-10-17 20:00:00,1286.71,1286.94,1285.09,1285.67,6324
2017-10-17 21:00:00,1285.67,1286.57,1284.84,1285.15,3734
2017-10-17 23:00:00,1284.92,1286.01,1284.74,1285.62,2257
2017-10-18 00:00:00,1285.63,1286.49,1285.46,1286.0,2970
2017-10-18 01:00:00,1286.01,1286.98,1285.81,1286.64,6467
2017-10-18 02:00:00,1286.65,1288.07,1285.71,1287.68,7377
2017-10-18 03:00:00,1287.68,1288.86,1287.57,1287.85,5560
2017-10-18 04:00:00,1287.85,1288.0,1286.02,1286.83,5120
2017-10-18 05:00:00,1286.86,1286.96,1286.29,1286.4,3015
2017-10-18 06:00:00,1286.41,1286.64,1283.18,1284.28,9439
2017-10-18 07:00:00,1284.27,1284.77,1282.72,1283.05,9944
2017-10-18 08:00:00,1283.06,1284.04,1282.42,1283.08,11154
2017-10-18 09:00:00,1283.06,1283.79,1280.57,1281.19,10528
2017-10-18 10:00:00,1281.18,1281.64,1279.35,1280.37,10804
2017-10-18 11:00:00,1280.38,1281.19,1279.5,1279.5,7386
2017-10-18 12:00:00,1279.5,1280.54,1278.89,1279.09,7850
2017-10-18 13:00:00,1279.09,1280.14,1277.0,1279.99,18219
2017-10-18 14:00:00,1279.99,1283.54,1279.64,1280.06,19809
2017-10-18 15:00:00,1280.08,1282.01,1279.57,1280.84,15172
2017-10-18 16:00:00,1280.83,1281.16,1279.92,1281.11,12430
2017-10-18 17:00:00,1281.11,1282.51,1280.83,1281.16,9877
2017-10-18 18:00:00,1281.17,1281.64,1280.56,1281.26,6210
2017-10-18 19:00:00,1281.26,1282.12,1281.04,1281.58,6979
2017-10-18 20:00:00,1281.53,1281.73,1280.4,1280.81,5767
2017-10-18 21:00:00,1280.81,1281.1,1280.63,1280.88,2901
2017-10-18 23:00:00,1280.7,1281.65,1280.15,1280.15,2628
2017-10-19 00:00:00,1280.16,1280.76,1280.14,1280.35,3350
2017-10-19 01:00:00,1280.35,1281.74,1280.26,1281.24,8952
2017-10-19 02:00:00,1281.25,1281.98,1278.4,1278.44,9718
2017-10-19 03:00:00,1278.42,1278.86,1276.66,1277.56,10046
2017-10-19 04:00:00,1277.58,1278.73,1277.47,1278.71,4536
2017-10-19 05:00:00,1278.7,1279.18,1277.49,1277.77,6129
2017-10-19 06:00:00,1277.78,1278.01,1276.76,1277.84,7102
2017-10-19 07:00:00,1277.83,1281.71,1277.52,1281.39,12823
2017-10-19 08:00:00,1281.39,1285.67,1280.2,1285.15,17937
2017-10-19 09:00:00,1285.15,1286.27,1282.59,1284.13,24907
2017-10-19 10:00:00,1284.13,1285.04,1283.14,1284.74,11004
2017-10-19 11:00:00,1284.74,1287.91,1284.43,1285.93,14205
2017-10-19 12:00:00,1285.92,1287.38,1285.62,1286.75,11781
2017-10-19 13:00:00,1286.75,1289.75,1284.2,1284.66,19997
2017-10-19 14:00:00,1284.69,1288.28,1284.49,1287.33,22672
2017-10-19 15:00:00,1287.35,1289.76,1285.75,1287.74,22495
2017-10-19 16:00:00,1287.76,1290.08,1287.41,1287.7,15863
2017-10-19 17:00:00,1287.67,1288.45,1286.58,1287.73,11911
2017-10-19 18:00:00,1287.72,1288.7,1286.64,1288.07,8053
2017-10-19 19:00:00,1288.07,1288.14,1285.87,1286.27,7251
2017-10-19 20:00:00,1286.28,1289.46,1285.56,1288.31,8272
2017-10-19 21:00:00,1288.3,1290.49,1287.4,1289.69,7081
2017-10-19 23:00:00,1289.44,1290.83,1289.17,1290.04,2603
2017-10-20 00:00:00,1290.04,1291.11,1289.64,1290.12,4165
2017-10-20 01:00:00,1290.12,1290.61,1288.74,1289.41,6948
2017-10-20 02:00:00,1289.4,1290.1,1284.45,1284.57,16993
2017-10-20 03:00:00,1284.58,1285.85,1282.62,1283.67,17333
2017-10-20 04:00:00,1283.69,1284.81,1283.28,1284.57,6005
2017-10-20 05:00:00,1284.54,1284.83,1283.29,1283.31,4312
2017-10-20 06:00:00,1283.32,1284.14,1282.91,1283.81,7288
2017-10-20 07:00:00,1283.81,1284.45,1282.21,1284.04,12388
2017-10-20 08:00:00,1284.02,1285.31,1280.17,1281.09,15618
2017-10-20 09:00:00,1281.1,1281.48,1279.24,1281.34,12618
2017-10-20 10:00:00,1281.34,1281.37,1279.96,1280.71,8516
2017-10-20 11:00:00,1280.72,1282.21,1279.92,1282.08,7648
2017-10-20 12:00:00,1282.08,1284.69,1281.78,1283.55,11690
2017-10-20 13:00:00,1283.54,1284.48,1282.55,1283.1,13903
2017-10-20 14:00:00,1283.09,1283.68,1280.46,1281.96,19678
2017-10-20 15:00:00,1281.96,1284.1,1281.11,1282.39,18665
2017-10-20 16:00:00,1282.38,1282.64,1278.41,1279.58,15991
2017-10-20 17:00:00,1279.61,1282.16,1278.9,1280.46,15508
2017-10-20 18:00:00,1280.45,1280.62,1278.51,1279.88,8124
2017-10-20 19:00:00,1279.88,1280.5,1277.94,1279.34,11715
2017-10-20 20:00:00,1279.35,1281.79,1278.66,1280.18,8027
2017-10-20 21:00:00,1280.18,1281.46,1279.91,1280.36,4192
2017-10-22 23:00:00,1279.47,1279.47,1276.98,1277.77,4417
2017-10-23 00:00:00,1277.77,1278.17,1274.29,1275.0,6514
2017-10-23 01:00:00,1275.0,1276.14,1274.3,1276.06,9427
2017-10-23 02:00:00,1276.06,1276.36,1274.57,1276.01,10161
2017-10-23 03:00:00,1276.01,1277.7,1275.79,1276.11,7285
2017-10-23 04:00:00,1276.09,1276.91,1275.49,1276.44,3867
2017-10-23 05:00:00,1276.44,1276.55,1275.85,1276.43,3793
2017-10-23 06:00:00,1276.44,1277.05,1275.48,1276.5,6123
2017-10-23 07:00:00,1276.49,1277.17,1275.47,1275.54,9574
2017-10-23 08:00:00,1275.54,1276.5,1274.02,1275.47,11925
2017-10-23 09:00:00,1275.45,1276.28,1274.59,1275.38,8354
2017-10-23 10:00:00,1275.39,1276.68,1274.93,1275.0,8430
2017-10-23 11:00:00,1275.0,1276.09,1274.89,1275.68,6955
2017-10-23 12:00:00,1275.68,1276.39,1275.01,1275.38,8975
2017-10-23 13:00:00,1275.37,1275.76,1272.87,1273.15,14805
2017-10-23 14:00:00,1273.14,1274.93,1272.58,1274.61,16139
2017-10-23 15:00:00,1274.6,1275.36,1273.82,1274.28,15753
2017-10-23 16:00:00,1274.24,1281.16,1273.46,1278.87,14569
2017-10-23 17:00:00,1278.87,1282.99,1278.79,1281.0,14629
2017-10-23 18:00:00,1281.02,1281.63,1279.26,1279.67,8741
2017-10-23 19:00:00,1279.68,1280.5,1278.51,1279.85,9126
2017-10-23 20:00:00,1279.85,1283.3,1279.52,1282.29,11708
2017-10-23 21:00:00,1282.31,1282.7,1281.48,1281.98,3818
2017-10-23 23:00:00,1282.01,1282.41,1281.29,1282.16,2403
2017-10-24 00:00:00,1282.16,1282.88,1281.61,1282.67,3918
2017-10-24 01:00:00,1282.66,1283.67,1282.35,1283.07,6076
2017-10-24 02:00:00,1283.07,1283.43,1280.31,1281.28,8818
2017-10-24 03:00:00,1281.29,1282.92,1281.08,1282.54,5686
2017-10-24 04:00:00,1282.54,1283.4,1282.34,1282.59,5768
2017-10-24 05:00:00,1282.58,1283.18,1282.2,1282.98,3557
2017-10-24 06:00:00,1282.99,1283.19,1280.98,1281.09,6654
2017-10-24 07:00:00,1281.1,1281.93,1280.51,1280.81,9668
2017-10-24 08:00:00,1280.81,1280.89,1278.85,1279.4,14789
2017-10-24 09:00:00,1279.4,1280.06,1277.27,1278.07,11350
2017-10-24 10:00:00,1278.07,1279.58,1277.46,1279.49,9164
2017-10-24 11:00:00,1279.52,1279.52,1278.16,1278.43,6802
2017-10-24 12:00:00,1278.44,1279.61,1276.28,1276.69,12050
2017-10-24 13:00:00,1276.7,1278.44,1275.73,1277.42,15825
2017-10-24 14:00:00,1277.43,1278.21,1275.59,1276.55,19684
2017-10-24 15:00:00,1276.56,1278.08,1273.79,1274.38,19508
2017-10-24 16:00:00,1274.37,1276.54,1273.77,1276.07,14879
2017-10-24 17:00:00,1276.08,1276.72,1275.53,1276.47,8053
2017-10-24 18:00:00,1276.46,1277.54,1275.82,1276.75,8419
2017-10-24 19:00:00,1276.74,1280.75,1276.44,1280.2,9835
2017-10-24 20:00:00,1280.21,1281.36,1275.84,1277.34,20066
2017-10-24 21:00:00,1277.36,1277.75,1276.29,1276.66,4492
2017-10-24 23:00:00,1276.45,1277.47,1276.36,1276.64,2465
2017-10-25 00:00:00,1276.64,1277.01,1275.49,1275.76,3359
2017-10-25 01:00:00,1275.72,1276.66,1275.1,1276.02,8303
2017-10-25 02:00:00,1276.0,1276.17,1275.07,1275.21,8099
2017-10-25 03:00:00,1275.22,1275.44,1273.92,1274.4,5884
2017-10-25 04:00:00,1274.41,1274.56,1271.6,1273.05,6035
2017-10-25 05:00:00,1273.04,1273.46,1272.89,1273.05,3319
2017-10-25 06:00:00,1273.05,1274.51,1272.99,1274.22,10723
2017-10-25 07:00:00,1274.21,1274.44,1272.7,1273.22,9872
2017-10-25 08:00:00,1273.21,1274.03,1272.24,1272.99,11717
2017-10-25 09:00:00,1272.99,1273.93,1271.32,1271.95,13785
2017-10-25 10:00:00,1271.93,1272.93,1271.32,1272.33,13097
2017-10-25 11:00:00,1272.34,1273.71,1271.76,1273.24,8579
2017-10-25 12:00:00,1273.24,1274.19,1272.24,1273.84,10563
2017-10-25 13:00:00,1273.83,1273.93,1271.04,1272.44,18145
2017-10-25 14:00:00,1272.43,1279.32,1272.43,1275.93,26345
2017-10-25 15:00:00,1275.94,1277.17,1272.33,1275.97,30489
2017-10-25 16:00:00,1275.97,1277.53,1275.39,1276.21,24159
2017-10-25 17:00:00,1276.22,1280.06,1276.09,1278.26,19844
2017-10-25 18:00:00,1278.26,1278.55,1275.69,1276.55,13696
2017-10-25 19:00:00,1276.53,1278.21,1275.96,1277.48,10424
2017-10-25 20:00:00,1277.46,1278.55,1277.44,1277.53,8457
2017-10-25 21:00:00,1277.53,1277.67,1277.05,1277.45,3859
2017-10-25 23:00:00,1277.13,1279.27,1277.08,1278.98,3360
2017-10-26 00:00:00,1278.98,1279.55,1278.89,1279.3,3421
2017-10-26 01:00:00,1279.3,1279.57,1278.43,1279.25,5811
2017-10-26 02:00:00,1279.25,1281.09,1278.66,1280.35,9699
2017-10-26 03:00:00,1280.34,1280.97,1279.14,1279.45,5699
2017-10-26 04:00:00,1279.45,1280.38,1279.34,1279.76,4286
2017-10-26 05:00:00,1279.76,1280.25,1279.53,1279.92,2381
2017-10-26 06:00:00,1279.94,1282.56,1279.52,1281.39,9165
2017-10-26 07:00:00,1281.39,1281.49,1279.78,1280.34,10996
2017-10-26 08:00:00,1280.34,1280.34,1276.66,1277.05,15080
2017-10-26 09:00:00,1277.05,1278.47,1276.8,1278.0,10119
2017-10-26 10:00:00,1278.0,1278.18,1277.11,1277.9,6725
2017-10-26 11:00:00,1277.92,1279.28,1277.79,1278.28,7668
2017-10-26 12:00:00,1278.25,1278.47,1275.37,1275.75,15591
2017-10-26 13:00:00,1275.75,1277.99,1272.68,1277.97,28640
2017-10-26 14:00:00,1277.97,1280.01,1273.79,1274.25,27440
2017-10-26 15:00:00,1274.26,1275.71,1273.49,1273.91,21018
2017-10-26 16:00:00,1273.89,1274.3,1271.81,1273.7,21500
2017-10-26 17:00:00,1273.71,1273.87,1268.81,1270.43,15642
2017-10-26 18:00:00,1270.43,1270.43,1266.61,1267.53,17454
2017-10-26 19:00:00,1267.53,1268.92,1267.08,1268.62,10361
2017-10-26 20:00:00,1268.62,1268.72,1265.74,1267.01,10424
2017-10-26 21:00:00,1266.99,1267.94,1266.49,1267.06,7226
2017-10-26 23:00:00,1266.8,1268.03,1266.73,1266.8,3577
2017-10-27 00:00:00,1266.79,1267.33,1266.1,1267.15,4677
2017-10-27 01:00:00,1267.14,1267.97,1266.47,1266.95,8334
2017-10-27 02:00:00,1266.94,1267.28,1265.44,1267.07,9771
2017-10-27 03:00:00,1267.07,1267.83,1266.35,1267.62,7033
2017-10-27 04:00:00,1267.61,1268.62,1267.24,1268.06,5041
2017-10-27 05:00:00,1268.07,1268.2,1267.44,1267.62,3581
2017-10-27 06:00:00,1267.61,1267.84,1266.66,1267.43,5877
2017-10-27 07:00:00,1267.44,1267.48,1264.95,1265.92,12065
2017-10-27 08:00:00,1265.95,1267.61,1264.79,1267.4,15720
2017-10-27 09:00:00,1267.4,1269.11,1266.75,1267.05,13785
2017-10-27 10:00:00,1267.05,1268.17,1266.96,1267.88,9863
2017-10-27 11:00:00,1267.88,1268.51,1266.93,1267.35,8413
2017-10-27 12:00:00,1267.35,1267.92,1265.84,1266.52,9964
2017-10-27 13:00:00,1266.51,1267.54,1263.77,1265.43,23835
2017-10-27 14:00:00,1265.47,1268.58,1265.17,1265.98,26395
2017-10-27 15:00:00,1265.99,1273.01,1265.55,1269.44,31949
2017-10-27 16:00:00,1269.45,1271.75,1268.75,1270.88,17313
2017-10-27 17:00:00,1270.9,1271.99,1269.81,1270.05,11297
2017-10-27 18:00:00,1270.04,1271.22,1269.99,1270.88,7413
2017-10-27 19:00:00,1270.85,1273.27,1270.5,1272.68,7781
2017-10-27 20:00:00,1272.67,1273.8,1272.21,1272.88,8270
2017-10-27 21:00:00,1272.88,1274.06,1272.87,1273.88,3805
2017-10-29 23:00:00,1273.0,1273.73,1272.04,1272.53,1390
2017-10-30 00:00:00,1272.53,1273.9,1271.96,1272.32,3691
2017-10-30 01:00:00,1272.36,1272.82,1270.64,1271.99,7081
2017-10-30 02:00:00,1272.0,1272.19,1270.91,1271.42,4956
2017-10-30 03:00:00,1271.38,1272.59,1270.75,1270.95,5023
2017-10-30 04:00:00,1270.92,1271.86,1270.81,1271.39,3134
2017-10-30 05:00:00,1271.38,1271.86,1271.23,1271.78,1030
2017-10-30 06:00:00,1271.78,1271.79,1271.13,1271.22,1900
2017-10-30 07:00:00,1271.2,1271.22,1269.42,1269.87,2537
2017-10-30 08:00:00,1269.82,1269.97,1268.98,1269.84,4668
2017-10-30 09:00:00,1269.84,1271.02,1269.26,1270.66,2604
2017-10-30 10:00:00,1270.61,1271.82,1270.51,1270.97,2003
2017-10-30 11:00:00,1271.06,1272.52,1270.96,1271.83,3156
2017-10-30 12:00:00,1271.82,1272.11,1270.67,1270.67,2759
2017-10-30 13:00:00,1270.76,1271.94,1269.77,1270.15,4912
2017-10-30 14:00:00,1270.19,1274.78,1269.95,1273.59,8187
2017-10-30 15:00:00,1273.59,1273.93,1271.86,1273.23,13489
2017-10-30 16:00:00,1273.24,1275.26,1271.97,1274.43,18290
2017-10-30 17:00:00,1274.42,1278.85,1274.31,1278.14,16898
2017-10-30 18:00:00,1278.14,1278.48,1276.26,1276.71,9642
2017-10-30 19:00:00,1276.7,1277.39,1275.25,1276.04,8187
2017-10-30 20:00:00,1276.04,1277.08,1275.42,1275.61,6883
2017-10-30 21:00:00,1275.61,1276.6,1275.59,1276.29,3438
2017-10-30 23:00:00,1276.23,1276.43,1275.53,1276.14,1743
2017-10-31 00:00:00,1276.15,1277.49,1275.6,1277.18,3407
2017-10-31 01:00:00,1277.18,1277.52,1275.98,1276.19,8246
2017-10-31 02:00:00,1276.19,1276.39,1274.96,1275.38,7703
2017-10-31 03:00:00,1275.4,1276.19,1275.22,1276.05,6080
2017-10-31 04:00:00,1276.04,1276.05,1275.02,1275.68,5582
2017-10-31 05:00:00,1275.71,1275.76,1275.02,1275.3,2890
2017-10-31 06:00:00,1275.25,1276.87,1275.2,1276.35,5913
2017-10-31 07:00:00,1276.39,1278.18,1276.31,1277.4,8051
2017-10-31 08:00:00,1277.4,1277.4,1275.8,1276.98,8480
2017-10-31 09:00:00,1276.99,1277.59,1275.89,1276.3,9069
2017-10-31 10:00:00,1276.31,1276.43,1275.01,1275.55,7879
2017-10-31 11:00:00,1275.6,1275.73,1272.51,1272.95,10277
2017-10-31 12:00:00,1272.96,1273.74,1272.28,1273.74,8946
2017-10-31 13:00:00,1273.74,1274.51,1271.42,1272.43,15791
2017-10-31 14:00:00,1272.42,1272.87,1271.1,1271.57,14732
2017-10-31 15:00:00,1271.59,1271.59,1267.75,1269.27,17209
2017-10-31 16:00:00,1269.26,1271.01,1269.26,1269.79,15513
2017-10-31 17:00:00,1269.8,1270.02,1269.03,1269.42,12203
2017-10-31 18:00:00,1269.42,1270.69,1268.51,1270.3,8233
2017-10-31 19:00:00,1270.3,1271.17,1270.2,1270.52,8419
2017-10-31 20:00:00,1270.53,1272.12,1270.03,1270.72,7982
2017-10-31 21:00:00,1270.73,1271.35,1270.67,1270.96,3272
2017-10-31 23:00:00,1271.0,1271.18,1270.43,1270.48,2507
2017-11-01 00:00:00,1270.48,1270.67,1269.69,1269.98,2828
2017-11-01 01:00:00,1270.0,1270.25,1268.18,1268.3,8513
2017-11-01 02:00:00,1268.3,1269.55,1268.0,1269.37,10431
2017-11-01 03:00:00,1269.37,1270.16,1268.91,1269.72,6096
2017-11-01 04:00:00,1269.74,1270.37,1269.43,1270.13,3979
2017-11-01 05:00:00,1270.12,1270.21,1269.51,1269.51,3204
2017-11-01 06:00:00,1269.52,1273.18,1269.5,1272.34,6879
2017-11-01 07:00:00,1272.34,1277.14,1272.2,1274.89,14464
2017-11-01 08:00:00,1274.9,1276.21,1274.34,1275.68,10703
2017-11-01 09:00:00,1275.68,1276.26,1274.91,1275.54,9628
2017-11-01 10:00:00,1275.54,1280.46,1274.87,1279.14,12260
2017-11-01 11:00:00,1279.11,1280.92,1278.33,1278.87,9698
2017-11-01 12:00:00,1278.87,1279.25,1276.48,1276.69,8846
2017-11-01 13:00:00,1276.68,1277.38,1273.91,1275.21,20594
2017-11-01 14:00:00,1275.22,1275.55,1272.39,1273.23,21020
2017-11-01 15:00:00,1273.23,1279.88,1273.15,1277.51,28580
2017-11-01 16:00:00,1277.49,1278.39,1275.9,1276.69,17693
2017-11-01 17:00:00,1276.7,1277.51,1276.23,1276.74,12020
2017-11-01 18:00:00,1276.74,1277.62,1275.65,1275.86,11399
2017-11-01 19:00:00,1275.84,1279.04,1273.49,1274.51,23536
2017-11-01 20:00:00,1274.52,1276.69,1274.08,1275.34,9163
2017-11-01 21:00:00,1275.3,1277.17,1274.21,1274.56,5402
2017-11-01 23:00:00,1274.64,1276.02,1274.49,1275.69,2128
2017-11-02 00:00:00,1275.68,1276.01,1275.05,1275.43,3474
2017-11-02 01:00:00,1275.41,1278.17,1275.21,1277.47,13098
2017-11-02 02:00:00,1277.47,1281.42,1277.2,1280.39,14400
2017-11-02 03:00:00,1280.39,1280.8,1279.35,1279.59,8457
2017-11-02 04:00:00,1279.59,1280.27,1278.9,1280.14,6483
2017-11-02 05:00:00,1280.14,1280.56,1279.13,1280.03,4421
2017-11-02 06:00:00,1280.03,1280.24,1278.27,1278.52,6792
2017-11-02 07:00:00,1278.52,1278.97,1277.43,1278.86,7650
2017-11-02 08:00:00,1278.87,1279.5,1276.19,1277.2,11165
2017-11-02 09:00:00,1277.2,1277.3,1275.42,1276.05,11274
2017-11-02 10:00:00,1276.05,1276.83,1275.68,1276.29,8751
2017-11-02 11:00:00,1276.28,1276.5,1275.48,1275.98,7660
2017-11-02 12:00:00,1275.95,1276.75,1273.4,1274.67,9304
2017-11-02 13:00:00,1274.76,1277.04,1273.54,1276.47,21241
2017-11-02 14:00:00,1276.46,1278.23,1275.74,1277.24,21247
2017-11-02 15:00:00,1277.25,1284.18,1277.12,1279.58,29459
2017-11-02 16:00:00,1279.57,1279.77,1278.03,1278.76,21945
2017-11-02 17:00:00,1278.76,1279.09,1274.97,1276.46,17845
2017-11-02 18:00:00,1276.47,1277.76,1276.04,1277.1,10364
2017-11-02 19:00:00,1277.12,1277.85,1276.22,1277.56,8259
2017-11-02 20:00:00,1277.56,1278.03,1275.71,1276.24,10766
2017-11-02 21:00:00,1276.23,1276.67,1275.57,1275.9,3465
2017-11-02 23:00:00,1275.96,1277.58,1275.96,1277.5,1917
2017-11-03 00:00:00,1277.49,1277.79,1276.9,1277.7,2313
2017-11-03 01:00:00,1277.7,1278.61,1277.36,1278.06,4115
2017-11-03 02:00:00,1278.07,1278.76,1277.17,1277.37,4954
2017-11-03 03:00:00,1277.37,1277.63,1276.25,1276.64,5253
2017-11-03 04:00:00,1276.63,1277.26,1276.54,1276.73,2880
2017-11-03 05:00:00,1276.72,1277.35,1276.63,1277.23,1680
2017-11-03 06:00:00,1277.23,1277.77,1276.54,1277.04,3247
2017-11-03 07:00:00,1277.05,1277.37,1275.49,1275.54,5112
2017-11-03 08:00:00,1275.55,1275.66,1274.56,1274.97,8282
2017-11-03 09:00:00,1274.98,1276.08,1274.96,1275.81,7323
2017-11-03 10:00:00,1275.81,1275.81,1274.79,1275.3,5424
2017-11-03 11:00:00,1275.3,1275.86,1274.41,1275.37,5770
2017-11-03 12:00:00,1275.36,1275.65,1273.53,1274.42,6993
2017-11-03 13:00:00,1274.43,1280.65,1273.84,1276.66,27604
2017-11-03 14:00:00,1276.66,1278.61,1275.84,1277.12,22339
2017-11-03 15:00:00,1277.12,1277.12,1265.75,1266.49,29922
2017-11-03 16:00:00,1266.53,1269.0,1265.49,1268.67,15804
2017-11-03 17:00:00,1268.68,1268.76,1267.34,1268.51,10733
2017-11-03 18:00:00,1268.52,1269.3,1267.75,1268.31,9408
2017-11-03 19:00:00,1268.31,1269.06,1267.94,1268.9,7403
2017-11-03 20:00:00,1268.91,1270.32,1268.9,1270.11,6226
2017-11-03 21:00:00,1270.11,1270.66,1269.46,1269.81,4187
2017-11-05 23:00:00,1269.26,1270.85,1268.92,1270.55,4805
2017-11-06 00:00:00,1270.55,1270.65,1268.0,1268.33,8453
2017-11-06 01:00:00,1268.34,1268.61,1266.06,1268.48,14736
2017-11-06 02:00:00,1268.48,1270.5,1268.38,1269.6,11751
2017-11-06 03:00:00,1269.61,1270.06,1268.9,1269.54,6117
2017-11-06 04:00:00,1269.53,1270.7,1269.13,1269.72,6388
2017-11-06 05:00:00,1269.73,1270.2,1269.17,1270.12,4934
2017-11-06 06:00:00,1270.13,1270.46,1267.91,1268.86,8291
2017-11-06 07:00:00,1268.85,1269.98,1267.64,1269.08,11121
2017-11-06 08:00:00,1269.08,1271.23,1269.08,1270.94,10716
2017-11-06 09:00:00,1270.97,1271.98,1269.94,1270.55,10096
2017-11-06 10:00:00,1270.54,1272.24,1270.54,1272.05,8123
2017-11-06 11:00:00,1272.04,1272.46,1271.2,1272.28,7369
2017-11-06 12:00:00,1272.32,1273.18,1270.49,1271.36,9366
2017-11-06 13:00:00,1271.37,1272.17,1270.64,1271.77,11719
2017-11-06 14:00:00,1271.76,1272.57,1270.71,1271.95,13213
2017-11-06 15:00:00,1271.96,1274.3,1271.25,1273.03,14064
2017-11-06 16:00:00,1273.03,1279.99,1272.83,1279.08,19313
2017-11-06 17:00:00,1279.08,1282.93,1279.08,1280.88,16206
2017-11-06 18:00:00,1280.88,1281.85,1280.11,1281.64,8510
2017-11-06 19:00:00,1281.63,1282.09,1280.58,1280.73,6936
2017-11-06 20:00:00,1280.71,1281.62,1280.59,1280.95,5477
2017-11-06 21:00:00,1280.96,1281.98,1280.91,1281.75,3481
2017-11-06 23:00:00,1281.61,1281.81,1279.94,1280.06,3943
2017-11-07 00:00:00,1280.07,1280.76,1279.76,1280.45,5857
2017-11-07 01:00:00,1280.45,1280.69,1278.49,1278.91,9034
2017-11-07 02:00:00,1278.92,1279.9,1278.7,1279.88,5370
2017-11-07 03:00:00,1279.88,1280.13,1279.37,1279.66,5398
2017-11-07 04:00:00,1279.66,1279.94,1278.05,1278.81,6515
2017-11-07 05:00:00,1278.82,1279.53,1278.63,1278.88,5073
2017-11-07 06:00:00,1278.88,1279.28,1278.33,1278.83,5873
2017-11-07 07:00:00,1278.83,1279.51,1278.17,1278.9,9634
2017-11-07 08:00:00,1278.91,1279.52,1275.22,1276.62,13352
2017-11-07 09:00:00,1276.62,1277.13,1275.43,1276.16,8750
2017-11-07 10:00:00,1276.16,1277.52,1275.67,1277.08,9288
2017-11-07 11:00:00,1277.1,1277.39,1276.06,1276.18,9792
2017-11-07 12:00:00,1276.18,1277.38,1275.77,1277.15,9148
2017-11-07 13:00:00,1277.13,1278.84,1276.45,1278.1,14608
2017-11-07 14:00:00,1278.1,1280.1,1275.09,1276.5,18950
2017-11-07 15:00:00,1276.51,1277.33,1271.91,1275.8,25093
2017-11-07 16:00:00,1275.81,1275.91,1273.39,1275.48,17008
2017-11-07 17:00:00,1275.48,1276.18,1274.61,1274.98,11798
2017-11-07 18:00:00,1274.98,1276.44,1274.28,1274.96,8139
2017-11-07 19:00:00,1274.95,1276.61,1274.47,1276.42,6392
2017-11-07 20:00:00,1276.44,1277.47,1275.66,1276.26,7279
2017-11-07 21:00:00,1276.25,1276.67,1275.15,1275.19,3130
2017-11-07 23:00:00,1275.03,1278.29,1275.03,1277.65,6265
2017-11-08 00:00:00,1277.65,1277.95,1276.81,1276.87,6318
2017-11-08 01:00:00,1276.86,1277.24,1276.26,1276.92,7449
2017-11-08 02:00:00,1276.93,1277.44,1276.73,1277.08,5868
2017-11-08 03:00:00,1277.07,1278.0,1276.9,1277.64,5568
2017-11-08 04:00:00,1277.65,1279.21,1277.32,1278.68,4279
2017-11-08 05:00:00,1278.67,1279.18,1277.86,1277.95,5747
2017-11-08 06:00:00,1277.94,1278.12,1275.96,1277.33,8363
2017-11-08 07:00:00,1277.31,1279.03,1277.01,1277.69,9567
2017-11-08 08:00:00,1277.68,1279.73,1277.58,1278.89,12438
2017-11-08 09:00:00,1278.9,1279.58,1278.4,1279.26,7346
2017-11-08 10:00:00,1279.27,1282.4,1279.24,1281.33,10552
2017-11-08 11:00:00,1281.32,1281.58,1279.51,1279.59,9290
2017-11-08 12:00:00,1279.58,1281.75,1278.6,1280.83,13007
2017-11-08 13:00:00,1280.84,1281.98,1279.63,1280.6,14456
2017-11-08 14:00:00,1280.61,1285.87,1280.48,1285.02,18499
2017-11-08 15:00:00,1285.06,1285.67,1282.96,1283.71,16215
2017-11-08 16:00:00,1283.71,1287.24,1283.71,1285.7,16878
2017-11-08 17:00:00,1285.7,1286.93,1284.35,1284.59,10720
2017-11-08 18:00:00,1284.59,1284.88,1282.64,1283.22,9724
2017-11-08 19:00:00,1283.22,1283.24,1281.86,1282.18,6412
2017-11-08 20:00:00,1282.17,1282.74,1280.41,1280.85,7251
2017-11-08 21:00:00,1280.84,1281.43,1280.7,1281.37,3326
2017-11-08 23:00:00,1281.35,1282.41,1281.35,1281.9,3520
2017-11-09 00:00:00,1281.88,1282.25,1280.6,1280.84,6526
2017-11-09 01:00:00,1280.85,1281.67,1279.99,1281.48,8299
2017-11-09 02:00:00,1281.48,1281.77,1280.78,1280.88,7536
2017-11-09 03:00:00,1280.88,1281.68,1280.8,1281.31,7016
2017-11-09 04:00:00,1281.3,1284.25,1281.19,1283.24,8380
2017-11-09 05:00:00,1283.24,1285.02,1283.24,1283.65,17766
2017-11-09 06:00:00,1283.65,1284.28,1283.14,1283.38,7764
2017-11-09 07:00:00,1283.42,1285.21,1282.86,1284.38,11848
2017-11-09 08:00:00,1284.37,1284.74,1282.93,1283.58,13990
2017-11-09 09:00:00,1283.58,1284.52,1283.37,1283.81,9698
2017-11-09 10:00:00,1283.8,1284.51,1283.48,1284.47,7368
2017-11-09 11:00:00,1284.46,1288.17,1284.38,1287.05,16740
2017-11-09 12:00:00,1287.06,1288.15,1285.54,1286.89,13229
2017-11-09 13:00:00,1286.92,1287.97,1283.97,1285.61,19561
2017-11-09 14:00:00,1285.61,1286.11,1282.38,1284.52,24881
2017-11-09 15:00:00,1284.52,1284.96,1281.84,1282.37,24149
2017-11-09 16:00:00,1282.35,1286.42,1282.35,1285.53,23930
2017-11-09 17:00:00,1285.53,1287.89,1284.93,1286.9,25563
2017-11-09 18:00:00,1286.91,1287.56,1285.76,1286.61,14599
2017-11-09 19:00:00,1286.6,1287.94,1285.99,1287.85,9216
2017-11-09 20:00:00,1287.85,1288.56,1285.74,1286.14,9364
2017-11-09 21:00:00,1286.14,1286.29,1284.68,1284.99,3472
2017-11-09 23:00:00,1284.72,1286.39,1284.72,1286.09,3493
2017-11-10 00:00:00,1286.09,1286.99,1285.75,1286.88,8659
2017-11-10 01:00:00,1286.87,1287.09,1285.47,1285.72,9062
2017-11-10 02:00:00,1285.73,1286.43,1285.21,1285.42,7427
2017-11-10 03:00:00,1285.41,1286.06,1285.19,1285.82,4656
2017-11-10 04:00:00,1285.83,1285.98,1284.41,1284.73,4976
2017-11-10 05:00:00,1284.73,1285.13,1284.25,1284.83,6321
2017-11-10 06:00:00,1284.85,1286.11,1284.71,1285.8,7654
2017-11-10 07:00:00,1285.8,1285.8,1283.35,1283.81,14711
2017-11-10 08:00:00,1283.82,1284.33,1282.62,1283.65,15031
2017-11-10 09:00:00,1283.66,1285.27,1283.22,1284.88,13512
2017-11-10 10:00:00,1284.88,1285.1,1283.89,1284.68,9256
2017-11-10 11:00:00,1284.68,1284.68,1283.37,1283.89,8038
2017-11-10 12:00:00,1283.9,1285.58,1283.66,1285.03,10161
2017-11-10 13:00:00,1285.03,1285.73,1283.63,1284.65,13527
2017-11-10 14:00:00,1284.65,1285.96,1283.56,1284.23,17505
2017-11-10 15:00:00,1284.28,1285.63,1283.58,1283.71,20342
2017-11-10 16:00:00,1283.73,1284.32,1274.12,1275.8,22818
2017-11-10 17:00:00,1275.79,1276.54,1275.32,1276.08,11826
2017-11-10 18:00:00,1276.08,1276.11,1273.47,1275.42,11256
2017-11-10 19:00:00,1275.42,1275.82,1274.79,1275.24,6594
2017-11-10 20:00:00,1275.25,1276.25,1274.99,1275.72,6701
2017-11-10 21:00:00,1275.73,1276.35,1275.44,1275.71,2783
2017-11-12 23:00:00,1274.94,1275.67,1274.32,1275.26,4177
2017-11-13 00:00:00,1275.25,1276.12,1274.86,1275.52,7056
2017-11-13 01:00:00,1275.51,1276.44,1275.32,1276.29,6972
2017-11-13 02:00:00,1276.31,1276.6,1275.91,1276.21,4829
2017-11-13 03:00:00,1276.22,1276.34,1275.54,1275.82,3567
2017-11-13 04:00:00,1275.82,1275.94,1275.45,1275.72,3112
2017-11-13 05:00:00,1275.72,1277.32,1275.69,1277.09,5755
2017-11-13 06:00:00,1277.08,1277.72,1276.68,1276.74,8087
2017-11-13 07:00:00,1276.75,1277.33,1276.38,1276.58,9197
2017-11-13 08:00:00,1276.58,1277.52,1276.05,1277.09,11372
2017-11-13 09:00:00,1277.1,1278.7,1276.88,1277.63,11149
2017-11-13 10:00:00,1277.62,1278.88,1277.42,1278.8,8104
2017-11-13 11:00:00,1278.81,1279.49,1278.09,1278.82,8484
2017-11-13 12:00:00,1278.83,1279.36,1277.99,1278.0,8665
2017-11-13 13:00:00,1277.99,1278.18,1276.2,1277.43,15053
2017-11-13 14:00:00,1277.44,1278.88,1277.12,1277.36,17869
2017-11-13 15:00:00,1277.36,1279.19,1277.02,1278.79,19666
2017-11-13 16:00:00,1278.78,1279.78,1277.87,1278.07,13726
2017-11-13 17:00:00,1278.06,1279.41,1277.93,1279.01,7022
2017-11-13 18:00:00,1279.0,1279.78,1278.44,1278.91,6572
2017-11-13 19:00:00,1278.9,1279.5,1278.49,1278.97,5284
2017-11-13 20:00:00,1278.93,1278.93,1277.42,1277.6,5899
2017-11-13 21:00:00,1277.67,1278.31,1277.6,1278.23,2703
2017-11-13 23:00:00,1277.96,1278.34,1277.58,1277.87,2744
2017-11-14 00:00:00,1277.86,1278.12,1277.12,1277.55,6283
2017-11-14 01:00:00,1277.59,1277.88,1276.68,1276.91,7502
2017-11-14 02:00:00,1276.92,1277.54,1276.46,1276.73,6460
2017-11-14 03:00:00,1276.72,1276.74,1275.48,1276.35,5517
2017-11-14 04:00:00,1276.35,1276.89,1276.18,1276.43,3296
2017-11-14 05:00:00,1276.44,1277.0,1276.21,1276.82,4293
2017-11-14 06:00:00,1276.81,1276.91,1276.28,1276.36,4510
2017-11-14 07:00:00,1276.37,1277.3,1276.09,1276.25,10288
2017-11-14 08:00:00,1276.25,1276.29,1270.04,1272.61,15153
2017-11-14 09:00:00,1272.61,1274.09,1272.32,1273.26,7289
2017-11-14 10:00:00,1273.26,1274.23,1272.13,1272.13,9100
2017-11-14 11:00:00,1272.13,1274.16,1272.13,1273.12,7041
2017-11-14 12:00:00,1273.12,1275.3,1273.0,1274.67,9691
2017-11-14 13:00:00,1274.66,1276.44,1271.47,1271.49,18941
2017-11-14 14:00:00,1271.51,1273.81,1271.0,1273.13,19865
2017-11-14 15:00:00,1273.15,1282.46,1273.15,1278.58,30835
2017-11-14 16:00:00,1278.58,1280.8,1278.18,1278.28,16332
2017-11-14 17:00:00,1278.28,1281.16,1278.18,1281.05,10494
2017-11-14 18:00:00,1281.05,1283.63,1281.04,1282.66,14207
2017-11-14 19:00:00,1282.66,1282.93,1281.06,1281.35,6626
2017-11-14 20:00:00,1281.35,1281.8,1280.1,1280.27,6514
2017-11-14 21:00:00,1280.27,1280.91,1279.79,1280.13,2872
2017-11-14 23:00:00,1279.96,1281.08,1278.81,1280.93,3063
2017-11-15 00:00:00,1280.93,1281.56,1280.28,1280.88,7821
2017-11-15 01:00:00,1280.88,1283.35,1280.78,1282.05,11155
2017-11-15 02:00:00,1282.04,1282.85,1281.62,1281.65,7717
2017-11-15 03:00:00,1281.65,1282.01,1280.99,1281.68,6568
2017-11-15 04:00:00,1281.68,1281.75,1280.9,1281.15,5581
2017-11-15 05:00:00,1281.12,1281.74,1280.47,1280.88,6242
2017-11-15 06:00:00,1280.86,1281.25,1280.47,1280.87,5896
2017-11-15 07:00:00,1280.86,1283.73,1280.66,1282.82,16125
2017-11-15 08:00:00,1282.73,1284.76,1282.52,1283.93,18845
2017-11-15 09:00:00,1283.93,1286.26,1283.48,1285.01,14710
2017-11-15 10:00:00,1285.01,1286.21,1284.36,1285.94,12023
2017-11-15 11:00:00,1285.94,1285.97,1284.74,1285.52,8515
2017-11-15 12:00:00,1285.52,1286.01,1284.84,1285.07,9721
2017-11-15 13:00:00,1285.07,1289.65,1284.46,1287.71,25135
2017-11-15 14:00:00,1287.71,1288.5,1282.57,1283.56,30812
2017-11-15 15:00:00,1283.56,1283.72,1277.77,1278.47,27637
2017-11-15 16:00:00,1278.47,1278.97,1276.75,1277.51,17077
2017-11-15 17:00:00,1277.52,1278.7,1277.0,1277.82,11220
2017-11-15 18:00:00,1277.82,1278.48,1277.2,1278.24,9555
2017-11-15 19:00:00,1278.24,1278.5,1276.95,1277.94,9433
2017-11-15 20:00:00,1277.93,1279.66,1277.68,1278.63,11878
2017-11-15 21:00:00,1278.63,1279.09,1278.15,1278.16,3108
2017-11-15 23:00:00,1277.88,1279.61,1277.77,1279.48,4116
2017-11-16 00:00:00,1279.48,1279.58,1277.57,1278.46,8419
2017-11-16 01:00:00,1278.46,1279.44,1277.97,1278.92,6410
2017-11-16 02:00:00,1278.92,1278.92,1277.74,1278.5,6036
2017-11-16 03:00:00,1278.5,1278.69,1278.07,1278.47,4181
2017-11-16 04:00:00,1278.47,1278.55,1276.09,1276.55,5953
2017-11-16 05:00:00,1276.55,1277.02,1275.74,1276.39,6858
2017-11-16 06:00:00,1276.42,1278.42,1276.22,1277.63,7604
2017-11-16 07:00:00,1277.63,1277.63,1275.16,1276.05,13049
2017-11-16 08:00:00,1276.05,1278.08,1276.05,1277.08,15886
2017-11-16 09:00:00,1277.07,1279.31,1276.61,1277.85,12017
2017-11-16 10:00:00,1277.85,1278.46,1277.31,1278.14,9255
2017-11-16 11:00:00,1278.13,1278.76,1277.9,1278.25,8265
2017-11-16 12:00:00,1278.24,1278.37,1276.83,1277.18,9065
2017-11-16 13:00:00,1277.19,1281.27,1276.96,1279.55,16593
2017-11-16 14:00:00,1279.54,1281.81,1276.43,1280.48,22031
2017-11-16 15:00:00,1280.48,1281.21,1278.63,1280.05,19258
2017-11-16 16:00:00,1280.06,1281.19,1279.28,1279.86,12642
2017-11-16 17:00:00,1279.87,1281.18,1279.79,1280.37,8779
2017-11-16 18:00:00,1280.36,1280.9,1277.73,1278.68,9614
2017-11-16 19:00:00,1278.67,1278.81,1277.31,1278.49,7624
2017-11-16 20:00:00,1278.44,1279.04,1278.15,1278.53,5799
2017-11-16 21:00:00,1278.54,1278.72,1278.26,1278.56,2672
2017-11-16 23:00:00,1278.36,1279.35,1278.27,1279.29,3389
2017-11-17 00:00:00,1279.25,1280.71,1278.95,1279.96,7465
2017-11-17 01:00:00,1279.98,1283.64,1279.53,1283.22,13309
2017-11-17 02:00:00,1283.22,1284.07,1282.58,1283.27,12612
2017-11-17 03:00:00,1283.28,1283.53,1282.21,1283.15,8247
2017-11-17 04:00:00,1283.15,1283.65,1282.37,1282.68,6375
2017-11-17 05:00:00,1282.67,1283.22,1281.38,1281.91,6257
2017-11-17 06:00:00,1281.92,1283.17,1281.82,1282.56,6003
2017-11-17 07:00:00,1282.55,1282.93,1281.09,1282.03,10717
2017-11-17 08:00:00,1282.04,1283.14,1281.33,1282.0,15246
2017-11-17 09:00:00,1282.02,1283.7,1281.68,1283.27,10598
2017-11-17 10:00:00,1283.28,1284.26,1283.13,1283.94,8360
2017-11-17 11:00:00,1283.96,1284.3,1282.66,1283.08,8219
2017-11-17 12:00:00,1283.07,1283.37,1281.56,1282.11,9512
2017-11-17 13:00:00,1282.12,1284.74,1281.64,1284.01,15366
2017-11-17 14:00:00,1284.0,1287.15,1283.89,1285.42,21283
2017-11-17 15:00:00,1285.42,1287.53,1284.23,1287.13,17749
2017-11-17 16:00:00,1287.12,1290.2,1287.12,1290.0,16209
2017-11-17 17:00:00,1290.0,1293.74,1289.56,1293.47,14458
2017-11-17 18:00:00,1293.44,1296.94,1293.36,1293.9,19109
2017-11-17 19:00:00,1293.99,1294.27,1293.1,1293.88,7934
2017-11-17 20:00:00,1293.88,1295.38,1293.63,1293.75,8769
2017-11-17 21:00:00,1293.76,1294.46,1293.57,1294.15,3494
2017-11-19 23:00:00,1293.35,1294.78,1291.78,1293.58,0
2017-11-20 00:00:00,1293.57,1294.18,1292.25,1293.68,0
2017-11-20 01:00:00,1293.7,1293.7,1291.35,1292.23,0
2017-11-20 02:00:00,1292.24,1292.52,1291.17,1291.75,0
2017-11-20 03:00:00,1291.75,1292.02,1291.15,1291.63,0
2017-11-20 04:00:00,1291.64,1292.39,1291.6,1292.09,0
2017-11-20 05:00:00,1292.1,1292.23,1290.98,1291.45,0
2017-11-20 06:00:00,1291.42,1292.06,1290.57,1290.98,0
2017-11-20 07:00:00,1290.94,1292.15,1290.07,1291.02,0
2017-11-20 08:00:00,1291.02,1292.56,1290.22,1291.43,0
2017-11-20 09:00:00,1291.43,1292.29,1291.03,1291.65,0
2017-11-20 10:00:00,1291.65,1292.21,1291.15,1291.52,0
2017-11-20 11:00:00,1291.51,1292.08,1290.44,1290.75,0
2017-11-20 12:00:00,1290.78,1292.84,1290.36,1292.8,0
2017-11-20 13:00:00,1292.81,1293.6,1288.67,1289.51,0
2017-11-20 14:00:00,1289.5,1289.94,1285.85,1286.46,0
2017-11-20 15:00:00,1286.39,1287.11,1284.39,1285.37,0
2017-11-20 16:00:00,1285.38,1286.12,1277.99,1279.51,0
2017-11-20 17:00:00,1279.52,1279.61,1276.38,1276.56,0
2017-11-20 18:00:00,1276.57,1277.25,1274.54,1276.31,0
2017-11-20 19:00:00,1276.3,1276.84,1274.7,1276.4,0
2017-11-20 20:00:00,1276.37,1277.83,1276.37,1277.25,0
2017-11-20 21:00:00,1277.28,1277.92,1276.36,1276.8,0
2017-11-20 23:00:00,1276.83,1279.37,1276.59,1279.34,0
2017-11-21 00:00:00,1279.35,1279.61,1278.6,1278.96,0
2017-11-21 01:00:00,1278.96,1279.93,1278.82,1279.57,0
2017-11-21 02:00:00,1279.56,1280.16,1278.88,1279.95,0
2017-11-21 03:00:00,1279.96,1280.46,1279.79,1280.17,0
2017-11-21 04:00:00,1280.18,1280.28,1279.54,1280.09,0
2017-11-21 05:00:00,1280.1,1280.19,1279.41,1279.82,0
2017-11-21 06:00:00,1279.83,1280.89,1279.8,1280.43,0
2017-11-21 07:00:00,1280.39,1281.19,1279.48,1280.04,0
2017-11-21 08:00:00,1280.0,1281.41,1279.94,1280.19,0
2017-11-21 09:00:00,1280.19,1280.9,1279.88,1280.47,0
2017-11-21 10:00:00,1280.47,1280.87,1279.95,1280.25,0
2017-11-21 11:00:00,1280.25,1280.25,1277.8,1277.89,0
2017-11-21 12:00:00,1277.89,1279.18,1277.0,1277.94,0
2017-11-21 13:00:00,1277.94,1278.9,1276.28,1276.74,0
2017-11-21 14:00:00,1276.69,1283.69,1276.64,1282.73,0
2017-11-21 15:00:00,1282.72,1284.77,1281.39,1281.58,0
2017-11-21 16:00:00,1281.58,1283.51,1281.05,1282.73,0
2017-11-21 17:00:00,1282.72,1283.72,1281.62,1282.3,0
2017-11-21 18:00:00,1282.3,1282.63,1279.92,1281.56,0
2017-11-21 19:00:00,1281.54,1281.74,1279.87,1280.77,0
2017-11-21 20:00:00,1280.77,1281.38,1279.38,1279.71,0
2017-11-21 21:00:00,1279.71,1280.8,1279.71,1280.36,0
2017-11-21 23:00:00,1280.49,1282.04,1280.48,1281.97,0
2017-11-22 00:00:00,1281.97,1282.42,1281.33,1281.8,0
2017-11-22 01:00:00,1281.8,1282.4,1280.71,1281.33,0
2017-11-22 02:00:00,1281.33,1281.43,1279.38,1279.39,0
2017-11-22 03:00:00,1279.4,1280.06,1279.06,1279.86,0
2017-11-22 04:00:00,1279.86,1280.84,1279.77,1280.4,0
2017-11-22 05:00:00,1280.4,1281.97,1280.2,1281.65,0
2017-11-22 06:00:00,1281.64,1283.47,1281.42,1282.69,0
2017-11-22 07:00:00,1282.69,1284.52,1281.89,1283.42,0
2017-11-22 08:00:00,1283.41,1286.26,1282.99,1285.01,0
2017-11-22 09:00:00,1285.02,1285.37,1282.23,1283.19,0
2017-11-22 10:00:00,1283.24,1284.39,1282.65,1283.99,0
2017-11-22 11:00:00,1283.98,1284.73,1283.51,1283.73,0
2017-11-22 12:00:00,1283.69,1284.89,1283.18,1284.56,0
2017-11-22 13:00:00,1284.56,1286.88,1284.12,1285.41,0
2017-11-22 14:00:00,1285.41,1288.57,1285.41,1288.01,0
2017-11-22 15:00:00,1288.01,1290.15,1286.64,1288.62,0
2017-11-22 16:00:00,1288.62,1291.88,1288.62,1290.84,0
2017-11-22 17:00:00,1290.84,1291.66,1290.25,1291.02,0
2017-11-22 18:00:00,1291.02,1292.62,1290.71,1291.35,0
2017-11-22 19:00:00,1291.35,1294.7,1290.94,1294.23,0
2017-11-22 20:00:00,1294.23,1294.36,1291.33,1291.46,0
2017-11-22 21:00:00,1291.48,1292.47,1291.26,1292.04,0
2017-11-22 23:00:00,1291.95,1292.04,1290.48,1290.92,0
2017-11-23 00:00:00,1290.95,1291.58,1290.61,1291.27,0
2017-11-23 01:00:00,1291.28,1291.39,1289.74,1289.82,0
2017-11-23 02:00:00,1289.79,1290.47,1289.61,1289.97,0
2017-11-23 03:00:00,1289.96,1290.46,1289.56,1289.76,0
2017-11-23 04:00:00,1289.76,1290.16,1289.6,1289.88,0
2017-11-23 05:00:00,1289.87,1289.91,1288.95,1289.28,0
2017-11-23 06:00:00,1289.27,1290.5,1288.63,1289.69,0
2017-11-23 07:00:00,1289.7,1290.76,1289.18,1289.34,0
2017-11-23 08:00:00,1289.29,1290.15,1289.17,1289.86,0
2017-11-23 09:00:00,1289.86,1290.18,1287.0,1288.54,0
2017-11-23 10:00:00,1288.54,1293.58,1288.35,1291.96,0
2017-11-23 11:00:00,1291.96,1293.15,1291.17,1291.76,0
2017-11-23 12:00:00,1291.75,1292.23,1290.8,1291.55,0
2017-11-23 13:00:00,1291.56,1292.84,1291.47,1291.96,0
2017-11-23 14:00:00,1291.91,1292.07,1290.87,1291.22,0
2017-11-23 15:00:00,1291.22,1292.0,1289.02,1291.32,0
2017-11-23 16:00:00,1291.3,1291.54,1290.72,1291.19,0
2017-11-23 17:00:00,1291.18,1291.54,1290.82,1291.09,0
2017-11-23 23:00:00,1291.34,1291.58,1290.59,1291.32,0
2017-11-24 00:00:00,1291.3,1291.58,1289.68,1290.14,0
2017-11-24 01:00:00,1290.15,1292.75,1289.66,1291.99,0
2017-11-24 02:00:00,1291.99,1293.24,1291.99,1292.67,0
2017-11-24 03:00:00,1292.66,1292.75,1291.21,1291.8,0
2017-11-24 04:00:00,1291.79,1291.89,1291.31,1291.79,0
2017-11-24 05:00:00,1291.78,1292.41,1291.57,1291.71,0
2017-11-24 06:00:00,1291.71,1292.1,1290.57,1290.79,0
2017-11-24 07:00:00,1290.78,1291.38,1289.59,1291.19,0
2017-11-24 08:00:00,1291.19,1291.72,1290.55,1290.87,0
2017-11-24 09:00:00,1290.89,1291.2,1288.7,1289.69,0
2017-11-24 10:00:00,1289.67,1290.39,1288.91,1289.27,0
2017-11-24 11:00:00,1289.25,1289.37,1285.73,1287.28,0
2017-11-24 12:00:00,1287.3,1289.42,1287.23,1288.56,0
2017-11-24 13:00:00,1288.56,1289.58,1287.46,1288.4,0
2017-11-24 14:00:00,1288.41,1291.33,1288.36,1290.09,0
2017-11-24 15:00:00,1290.08,1290.74,1287.23,1288.79,0
2017-11-24 16:00:00,1288.78,1289.22,1287.72,1288.43,0
2017-11-24 17:00:00,1288.39,1288.82,1287.73,1288.28,0
2017-11-24 18:00:00,1288.23,1288.46,1287.85,1288.34,0
2017-11-26 23:00:00,1289.18,1289.42,1287.29,1287.42,0
2017-11-27 00:00:00,1287.41,1288.19,1286.83,1287.15,0
2017-11-27 01:00:00,1287.15,1289.42,1286.78,1289.11,0
2017-11-27 02:00:00,1289.11,1290.25,1288.69,1289.55,0
2017-11-27 03:00:00,1289.56,1290.07,1289.03,1289.85,0
2017-11-27 04:00:00,1289.87,1290.74,1289.62,1290.39,0
2017-11-27 05:00:00,1290.38,1290.76,1289.9,1290.28,0
2017-11-27 06:00:00,1290.28,1291.4,1290.03,1290.22,0
2017-11-27 07:00:00,1290.22,1291.19,1289.6,1290.9,0
2017-11-27 08:00:00,1290.91,1293.12,1290.66,1291.74,0
2017-11-27 09:00:00,1291.75,1292.31,1291.12,1292.14,0
2017-11-27 10:00:00,1292.13,1295.23,1292.08,1294.18,0
2017-11-27 11:00:00,1294.17,1295.6,1293.63,1294.35,0
2017-11-27 12:00:00,1294.3,1295.84,1293.14,1295.28,0
2017-11-27 13:00:00,1295.29,1298.67,1294.7,1298.37,0
2017-11-27 14:00:00,1298.37,1299.24,1292.97,1294.87,0
2017-11-27 15:00:00,1294.81,1295.65,1292.23,1295.19,0
2017-11-27 16:00:00,1295.2,1297.61,1294.63,1295.7,0
2017-11-27 17:00:00,1295.7,1296.37,1294.88,1295.61,0
2017-11-27 18:00:00,1295.58,1295.95,1294.08,1294.38,0
2017-11-27 19:00:00,1294.38,1295.21,1294.18,1295.19,0
2017-11-27 20:00:00,1295.2,1295.22,1293.64,1293.94,0
2017-11-27 21:00:00,1293.97,1294.49,1293.44,1294.36,0
2017-11-27 23:00:00,1293.68,1294.98,1293.64,1294.5,0
2017-11-28 00:00:00,1294.51,1296.8,1294.09,1295.92,0
2017-11-28 01:00:00,1295.92,1295.92,1293.59,1293.72,0
2017-11-28 02:00:00,1293.71,1294.68,1293.3,1293.89,0
2017-11-28 03:00:00,1293.91,1294.46,1293.65,1294.22,0
2017-11-28 04:00:00,1294.2,1294.27,1293.02,1293.96,0
2017-11-28 05:00:00,1293.96,1294.83,1293.77,1294.37,0
2017-11-28 06:00:00,1294.33,1294.64,1293.87,1293.92,0
2017-11-28 07:00:00,1293.92,1294.07,1292.6,1292.99,0
2017-11-28 08:00:00,1292.99,1294.08,1292.43,1293.12,0
2017-11-28 09:00:00,1293.12,1293.94,1292.75,1293.82,0
2017-11-28 10:00:00,1293.79,1293.85,1292.65,1293.26,0
2017-11-28 11:00:00,1293.23,1295.17,1292.92,1294.55,0
2017-11-28 12:00:00,1294.55,1295.79,1294.35,1295.58,0
2017-11-28 13:00:00,1295.59,1296.63,1295.19,1295.35,0
2017-11-28 14:00:00,1295.31,1296.32,1290.69,1292.76,0
2017-11-28 15:00:00,1292.8,1297.47,1290.89,1295.02,0
2017-11-28 16:00:00,1294.95,1297.03,1293.77,1295.74,0
2017-11-28 17:00:00,1295.72,1296.87,1292.96,1294.49,0
2017-11-28 18:00:00,1294.49,1296.74,1292.08,1295.59,0
2017-11-28 19:00:00,1295.58,1295.77,1291.62,1292.16,0
2017-11-28 20:00:00,1292.17,1293.82,1292.12,1293.36,0
2017-11-28 21:00:00,1293.35,1294.38,1293.08,1293.61,0
2017-11-28 23:00:00,1293.72,1294.11,1293.08,1293.99,0
2017-11-29 00:00:00,1293.98,1294.32,1293.44,1293.89,0
2017-11-29 01:00:00,1293.89,1294.19,1293.05,1293.26,0
2017-11-29 02:00:00,1293.25,1295.08,1292.93,1294.97,0
2017-11-29 03:00:00,1294.98,1296.08,1294.69,1295.56,0
2017-11-29 04:00:00,1295.56,1296.0,1294.98,1295.59,0
2017-11-29 05:00:00,1295.58,1295.96,1295.0,1295.09,0
2017-11-29 06:00:00,1295.1,1295.92,1294.96,1295.49,0
2017-11-29 07:00:00,1295.5,1296.7,1295.16,1295.87,0
2017-11-29 08:00:00,1295.82,1296.55,1295.65,1296.05,0
2017-11-29 09:00:00,1296.05,1296.07,1294.02,1294.55,0
2017-11-29 10:00:00,1294.55,1295.32,1294.04,1294.76,0
2017-11-29 11:00:00,1294.75,1295.19,1293.66,1294.62,0
2017-11-29 12:00:00,1294.63,1295.11,1293.67,1294.49,0
2017-11-29 13:00:00,1294.48,1294.68,1285.66,1287.99,0
2017-11-29 14:00:00,1287.99,1288.31,1283.81,1284.04,0
2017-11-29 15:00:00,1284.04,1288.36,1283.11,1285.45,0
2017-11-29 16:00:00,1285.47,1286.25,1282.69,1285.28,0
2017-11-29 17:00:00,1285.29,1285.38,1282.17,1282.64,0
2017-11-29 18:00:00,1282.65,1284.3,1282.06,1283.62,0
2017-11-29 19:00:00,1283.62,1285.07,1283.62,1284.59,0
2017-11-29 20:00:00,1284.58,1285.26,1283.62,1285.11,0
2017-11-29 21:00:00,1285.1,1285.29,1283.05,1283.55,0
2017-11-29 23:00:00,1283.88,1284.7,1283.7,1284.15,0
2017-11-30 00:00:00,1284.15,1284.87,1283.5,1284.83,0
2017-11-30 01:00:00,1284.83,1285.3,1284.16,1284.16,0
2017-11-30 02:00:00,1284.17,1284.78,1283.05,1284.67,0
2017-11-30 03:00:00,1284.67,1284.87,1284.16,1284.27,0
2017-11-30 04:00:00,1284.26,1284.5,1283.85,1283.99,0
2017-11-30 05:00:00,1284.0,1284.46,1283.49,1283.83,0
2017-11-30 06:00:00,1283.83,1283.96,1281.65,1283.84,0
2017-11-30 07:00:00,1283.84,1284.19,1282.45,1282.55,0
2017-11-30 08:00:00,1282.52,1282.57,1280.3,1280.39,0
2017-11-30 09:00:00,1280.39,1281.87,1279.69,1281.77,0
2017-11-30 10:00:00,1281.75,1283.32,1280.61,1281.42,0
2017-11-30 11:00:00,1281.42,1282.11,1281.02,1281.22,0
2017-11-30 12:00:00,1281.26,1282.1,1279.9,1280.59,0
2017-11-30 13:00:00,1280.51,1281.2,1276.26,1277.86,0
2017-11-30 14:00:00,1277.82,1281.15,1277.35,1280.04,0
2017-11-30 15:00:00,1280.0,1281.53,1278.57,1279.33,0
2017-11-30 16:00:00,1279.32,1279.63,1274.61,1275.24,0
2017-11-30 17:00:00,1275.25,1275.32,1271.36,1271.66,0
2017-11-30 18:00:00,1271.66,1275.28,1270.39,1274.68,0
2017-11-30 19:00:00,1274.69,1274.95,1272.77,1274.75,0
2017-11-30 20:00:00,1274.77,1275.99,1273.85,1274.86,0
2017-11-30 21:00:00,1274.86,1275.8,1274.48,1274.87,0
2017-11-30 23:00:00,1274.45,1275.98,1274.33,1274.96,0
2017-12-01 00:00:00,1274.97,1276.24,1273.96,1275.68,0
2017-12-01 01:00:00,1275.72,1276.6,1275.19,1276.35,0
2017-12-01 02:00:00,1276.35,1276.78,1275.55,1275.79,0
2017-12-01 03:00:00,1275.78,1275.81,1274.77,1275.45,0
2017-12-01 04:00:00,1275.45,1275.5,1274.2,1274.68,0
2017-12-01 05:00:00,1274.68,1275.4,1274.48,1275.31,0
2017-12-01 06:00:00,1275.31,1276.35,1275.01,1276.16,0
2017-12-01 07:00:00,1276.08,1276.08,1275.12,1275.31,0
2017-12-01 08:00:00,1275.3,1277.6,1275.04,1277.06,0
2017-12-01 09:00:00,1277.06,1278.24,1276.71,1276.71,0
2017-12-01 10:00:00,1276.74,1277.88,1275.93,1277.0,0
2017-12-01 11:00:00,1276.96,1277.49,1275.96,1276.3,0
2017-12-01 12:00:00,1276.27,1276.55,1274.52,1276.1,0
2017-12-01 13:00:00,1276.11,1276.64,1272.33,1272.99,0
2017-12-01 14:00:00,1272.98,1276.55,1272.73,1274.78,0
2017-12-01 15:00:00,1274.79,1276.14,1271.66,1274.42,0
2017-12-01 16:00:00,1274.47,1289.33,1274.17,1284.01,0
2017-12-01 17:00:00,1284.01,1286.37,1280.52,1283.77,0
2017-12-01 18:00:00,1283.77,1284.33,1277.96,1280.35,0
2017-12-01 19:00:00,1280.34,1283.0,1279.91,1282.38,0
2017-12-01 20:00:00,1282.38,1282.74,1279.71,1280.69,0
2017-12-01 21:00:00,1280.76,1280.84,1279.75,1280.28,0
2017-12-03 23:00:00,1274.54,1275.47,1272.52,1273.91,0
2017-12-04 00:00:00,1273.91,1275.8,1273.86,1275.69,0
2017-12-04 01:00:00,1275.69,1275.86,1274.71,1275.52,0
2017-12-04 02:00:00,1275.47,1275.57,1274.17,1274.56,0
2017-12-04 03:00:00,1274.55,1274.85,1273.94,1274.48,0
2017-12-04 04:00:00,1274.49,1274.81,1274.18,1274.52,0
2017-12-04 05:00:00,1274.52,1274.82,1274.25,1274.62,0
2017-12-04 06:00:00,1274.61,1275.04,1273.78,1274.97,0
2017-12-04 07:00:00,1274.96,1274.96,1272.6,1273.91,0
2017-12-04 08:00:00,1273.92,1275.58,1271.06,1275.2,0
2017-12-04 09:00:00,1275.2,1275.29,1273.43,1273.94,0
2017-12-04 10:00:00,1273.94,1275.68,1272.94,1273.34,0
2017-12-04 11:00:00,1273.36,1273.92,1272.34,1273.62,0
2017-12-04 12:00:00,1273.62,1273.91,1272.34,1273.63,0
2017-12-04 13:00:00,1273.62,1275.4,1272.88,1273.73,0
2017-12-04 14:00:00,1273.7,1277.16,1273.58,1275.25,0
2017-12-04 15:00:00,1275.25,1276.2,1272.87,1275.33,0
2017-12-04 16:00:00,1275.3,1276.35,1273.64,1274.08,0
2017-12-04 17:00:00,1274.07,1274.76,1273.1,1273.65,0
2017-12-04 18:00:00,1273.64,1275.45,1273.32,1274.71,0
2017-12-04 19:00:00,1274.71,1275.75,1274.51,1275.35,0
2017-12-04 20:00:00,1275.33,1276.48,1275.09,1276.38,0
2017-12-04 21:00:00,1276.4,1277.1,1275.47,1276.04,0
2017-12-04 23:00:00,1275.9,1277.05,1275.84,1276.53,0
2017-12-05 00:00:00,1276.53,1276.88,1275.94,1276.4,0
2017-12-05 01:00:00,1276.41,1277.05,1275.68,1275.99,0
2017-12-05 02:00:00,1276.0,1276.35,1275.72,1275.9,0
2017-12-05 03:00:00,1275.9,1276.1,1274.78,1275.39,0
2017-12-05 04:00:00,1275.4,1275.6,1274.33,1274.46,0
2017-12-05 05:00:00,1274.46,1276.4,1274.35,1275.9,0
2017-12-05 06:00:00,1275.9,1275.9,1274.7,1275.53,0
2017-12-05 07:00:00,1275.53,1276.24,1274.85,1275.62,0
2017-12-05 08:00:00,1275.62,1276.16,1275.06,1275.43,0
2017-12-05 09:00:00,1275.43,1276.14,1274.65,1275.93,0
2017-12-05 10:00:00,1275.93,1276.06,1274.92,1276.0,0
2017-12-05 11:00:00,1275.96,1276.82,1275.39,1275.89,0
2017-12-05 12:00:00,1275.84,1275.87,1273.5,1273.88,0
2017-12-05 13:00:00,1273.92,1274.06,1272.02,1273.93,0
2017-12-05 14:00:00,1273.91,1273.96,1266.39,1266.95,0
2017-12-05 15:00:00,1267.08,1269.26,1263.63,1264.07,0
2017-12-05 16:00:00,1264.08,1264.4,1261.01,1263.88,0
2017-12-05 17:00:00,1263.87,1265.24,1263.46,1264.04,0
2017-12-05 18:00:00,1264.03,1264.5,1262.24,1263.57,0
2017-12-05 19:00:00,1263.56,1266.24,1263.45,1265.81,0
2017-12-05 20:00:00,1265.79,1267.47,1265.22,1266.95,0
2017-12-05 21:00:00,1266.97,1267.08,1265.55,1265.81,0
2017-12-05 23:00:00,1265.72,1266.8,1265.56,1266.23,0
2017-12-06 00:00:00,1266.25,1266.63,1264.83,1265.21,0
2017-12-06 01:00:00,1265.2,1265.81,1264.17,1265.02,0
2017-12-06 02:00:00,1265.01,1266.81,1264.74,1266.08,0
2017-12-06 03:00:00,1266.08,1266.71,1265.5,1266.4,0
2017-12-06 04:00:00,1266.41,1267.4,1265.89,1266.8,0
2017-12-06 05:00:00,1266.81,1267.94,1266.32,1267.6,0
2017-12-06 06:00:00,1267.62,1268.53,1267.28,1267.62,0
2017-12-06 07:00:00,1267.62,1269.08,1267.4,1268.18,0
2017-12-06 08:00:00,1268.15,1269.14,1267.2,1267.83,0
2017-12-06 09:00:00,1267.82,1268.53,1267.59,1268.01,0
2017-12-06 10:00:00,1268.02,1269.28,1267.78,1268.09,0
2017-12-06 11:00:00,1268.08,1268.33,1267.0,1267.65,0
2017-12-06 12:00:00,1267.61,1267.89,1265.45,1266.27,0
2017-12-06 13:00:00,1266.23,1267.83,1264.39,1264.91,0
2017-12-06 14:00:00,1264.98,1268.56,1263.22,1264.7,0
2017-12-06 15:00:00,1264.68,1265.79,1263.06,1263.52,0
2017-12-06 16:00:00,1263.51,1264.4,1262.59,1264.17,0
2017-12-06 17:00:00,1264.16,1264.87,1263.79,1264.47,0
2017-12-06 18:00:00,1264.47,1265.4,1263.63,1265.05,0
2017-12-06 19:00:00,1265.06,1265.14,1263.66,1263.79,0
2017-12-06 20:00:00,1263.8,1265.06,1263.56,1264.7,0
2017-12-06 21:00:00,1264.7,1264.7,1262.92,1263.3,0
2017-12-06 23:00:00,1262.33,1264.47,1262.33,1264.07,0
2017-12-07 00:00:00,1264.07,1264.07,1261.82,1262.7,0
2017-12-07 01:00:00,1262.74,1263.81,1262.42,1262.96,0
2017-12-07 02:00:00,1262.96,1264.15,1262.85,1263.61,0
2017-12-07 03:00:00,1263.61,1263.84,1263.25,1263.64,0
2017-12-07 04:00:00,1263.65,1263.76,1263.05,1263.13,0
2017-12-07 05:00:00,1263.14,1263.57,1260.25,1260.62,0
2017-12-07 06:00:00,1260.63,1260.66,1256.21,1258.28,0
2017-12-07 07:00:00,1258.25,1259.14,1257.49,1258.85,0
2017-12-07 08:00:00,1258.84,1258.88,1257.01,1257.3,0
2017-12-07 09:00:00,1257.3,1258.07,1256.49,1256.57,0
2017-12-07 10:00:00,1256.54,1257.01,1254.81,1255.92,0
2017-12-07 11:00:00,1255.91,1256.22,1255.25,1255.86,0
2017-12-07 12:00:00,1255.86,1256.27,1253.62,1255.79,0
2017-12-07 13:00:00,1255.79,1256.46,1253.55,1255.25,0
2017-12-07 14:00:00,1255.25,1255.86,1252.38,1254.27,0
2017-12-07 15:00:00,1254.27,1255.45,1252.63,1252.71,0
2017-12-07 16:00:00,1252.68,1254.48,1251.91,1253.09,0
2017-12-07 17:00:00,1253.09,1253.42,1251.84,1251.94,0
2017-12-07 18:00:00,1251.94,1252.7,1250.72,1251.35,0
2017-12-07 19:00:00,1251.36,1251.54,1245.75,1245.97,0
2017-12-07 20:00:00,1245.98,1248.17,1243.96,1248.11,0
2017-12-07 21:00:00,1248.15,1248.15,1246.54,1247.03,0
2017-12-07 23:00:00,1247.4,1247.95,1246.99,1247.11,0
2017-12-08 00:00:00,1247.12,1247.99,1247.03,1247.83,0
2017-12-08 01:00:00,1247.82,1249.02,1247.79,1248.08,0
2017-12-08 02:00:00,1248.09,1249.51,1247.96,1249.46,0
2017-12-08 03:00:00,1249.46,1249.51,1248.4,1249.26,0
2017-12-08 04:00:00,1249.26,1249.31,1248.28,1248.54,0
2017-12-08 05:00:00,1248.54,1249.49,1248.42,1249.33,0
2017-12-08 06:00:00,1249.36,1249.61,1248.88,1248.97,0
2017-12-08 07:00:00,1248.98,1249.68,1248.39,1249.33,0
2017-12-08 08:00:00,1249.31,1249.39,1246.73,1247.57,0
2017-12-08 09:00:00,1247.56,1247.93,1245.33,1245.98,0
2017-12-08 10:00:00,1245.9,1246.57,1245.39,1246.32,0
2017-12-08 11:00:00,1246.3,1246.83,1245.81,1246.66,0
2017-12-08 12:00:00,1246.65,1248.25,1246.35,1247.32,0
2017-12-08 13:00:00,1247.34,1250.9,1243.93,1248.4,0
2017-12-08 14:00:00,1248.42,1252.4,1247.32,1249.91,0
2017-12-08 15:00:00,1249.86,1251.03,1246.89,1247.76,0
2017-12-08 16:00:00,1247.85,1248.82,1247.11,1248.04,0
2017-12-08 17:00:00,1248.04,1248.12,1246.93,1247.52,0
2017-12-08 18:00:00,1247.55,1247.77,1246.35,1247.54,0
2017-12-08 19:00:00,1247.54,1248.63,1247.25,1248.51,0
2017-12-08 20:00:00,1248.52,1249.11,1247.69,1247.94,0
2017-12-08 21:00:00,1247.94,1248.45,1247.68,1248.45,0
2017-12-10 23:00:00,1247.56,1249.18,1247.44,1248.55,0
2017-12-11 00:00:00,1248.57,1248.98,1247.29,1247.39,0
2017-12-11 01:00:00,1247.4,1248.45,1246.94,1248.2,0
2017-12-11 02:00:00,1248.2,1248.7,1247.74,1248.39,0
2017-12-11 03:00:00,1248.42,1249.07,1248.18,1248.61,0
2017-12-11 04:00:00,1248.61,1248.88,1248.09,1248.74,0
2017-12-11 05:00:00,1248.74,1249.89,1248.68,1249.61,0
2017-12-11 06:00:00,1249.61,1250.58,1249.21,1249.83,0
2017-12-11 07:00:00,1249.83,1251.23,1249.62,1249.74,0
2017-12-11 08:00:00,1249.79,1250.32,1248.86,1249.78,0
2017-12-11 09:00:00,1249.78,1251.47,1249.5,1250.79,0
2017-12-11 10:00:00,1250.84,1251.43,1250.24,1251.17,0
2017-12-11 11:00:00,1251.17,1251.56,1250.13,1250.27,0
2017-12-11 12:00:00,1250.28,1251.46,1248.94,1250.52,0
2017-12-11 13:00:00,1250.46,1250.83,1246.9,1247.44,0
2017-12-11 14:00:00,1247.44,1248.6,1246.39,1247.36,0
2017-12-11 15:00:00,1247.35,1248.69,1246.88,1247.53,0
2017-12-11 16:00:00,1247.51,1247.84,1245.85,1246.58,0
2017-12-11 17:00:00,1246.58,1247.0,1245.21,1245.75,0
2017-12-11 18:00:00,1245.68,1245.81,1244.23,1244.82,0
2017-12-11 19:00:00,1244.81,1244.93,1240.9,1241.56,0
2017-12-11 20:00:00,1241.54,1242.93,1240.72,1242.84,0
2017-12-11 21:00:00,1242.89,1242.93,1241.54,1242.1,0
2017-12-11 23:00:00,1241.76,1243.06,1241.57,1242.83,0
2017-12-12 00:00:00,1242.83,1243.23,1242.58,1243.14,0
2017-12-12 01:00:00,1243.15,1244.57,1243.12,1244.47,0
2017-12-12 02:00:00,1244.47,1244.82,1243.91,1244.63,0
2017-12-12 03:00:00,1244.63,1244.75,1244.2,1244.26,0
2017-12-12 04:00:00,1244.25,1244.51,1244.0,1244.48,0
2017-12-12 05:00:00,1244.49,1245.41,1244.49,1245.01,0
2017-12-12 06:00:00,1245.02,1245.77,1244.87,1245.76,0
2017-12-12 07:00:00,1245.76,1246.23,1243.73,1243.85,0
2017-12-12 08:00:00,1243.86,1244.54,1243.04,1244.0,0
2017-12-12 09:00:00,1244.01,1244.68,1243.38,1244.01,0
2017-12-12 10:00:00,1244.06,1244.27,1243.16,1243.96,0
2017-12-12 11:00:00,1243.96,1244.24,1243.14,1243.16,0
2017-12-12 12:00:00,1243.18,1243.5,1242.14,1242.96,0
2017-12-12 13:00:00,1242.95,1243.73,1241.38,1242.18,0
2017-12-12 14:00:00,1242.19,1242.49,1239.5,1240.63,0
2017-12-12 15:00:00,1240.64,1241.76,1236.52,1237.21,0
2017-12-12 16:00:00,1237.21,1238.56,1236.72,1237.96,0
2017-12-12 17:00:00,1237.96,1242.56,1237.66,1239.17,0
2017-12-12 18:00:00,1239.17,1241.02,1238.78,1240.76,0
2017-12-12 19:00:00,1240.77,1243.74,1240.62,1243.05,0
2017-12-12 20:00:00,1243.13,1244.5,1242.41,1244.38,0
2017-12-12 21:00:00,1244.38,1245.01,1243.67,1244.39,0
2017-12-12 23:00:00,1244.21,1244.28,1243.2,1243.42,0
2017-12-13 00:00:00,1243.42,1243.93,1243.12,1243.44,0
2017-12-13 01:00:00,1243.44,1243.6,1242.45,1242.96,0
2017-12-13 02:00:00,1242.97,1244.12,1242.86,1243.54,0
2017-12-13 03:00:00,1243.54,1245.29,1243.43,1244.07,0
2017-12-13 04:00:00,1244.06,1244.11,1243.4,1243.55,0
2017-12-13 05:00:00,1243.58,1244.53,1243.53,1244.11,0
2017-12-13 06:00:00,1244.11,1244.27,1243.53,1243.62,0
2017-12-13 07:00:00,1243.59,1243.62,1241.81,1241.84,0
2017-12-13 08:00:00,1241.83,1242.42,1241.42,1242.13,0
2017-12-13 09:00:00,1242.13,1242.58,1240.63,1241.16,0
2017-12-13 10:00:00,1241.14,1241.69,1241.02,1241.58,0
2017-12-13 11:00:00,1241.59,1241.82,1240.84,1241.07,0
2017-12-13 12:00:00,1241.07,1241.81,1240.29,1241.37,0
2017-12-13 13:00:00,1241.36,1247.39,1240.57,1244.69,0
2017-12-13 14:00:00,1244.68,1245.44,1242.94,1243.49,0
2017-12-13 15:00:00,1243.49,1246.51,1242.92,1246.39,0
2017-12-13 16:00:00,1246.4,1248.63,1244.35,1245.15,0
2017-12-13 17:00:00,1245.22,1247.85,1245.11,1245.81,0
2017-12-13 18:00:00,1245.88,1249.21,1245.88,1247.85,0
2017-12-13 19:00:00,1247.85,1256.89,1245.21,1256.64,0
2017-12-13 20:00:00,1256.64,1257.09,1254.1,1255.17,0
2017-12-13 21:00:00,1255.19,1255.93,1255.0,1255.62,0
2017-12-13 23:00:00,1255.22,1255.34,1253.4,1254.08,0
2017-12-14 00:00:00,1254.03,1254.35,1253.38,1253.95,0
2017-12-14 01:00:00,1253.95,1259.08,1253.4,1258.02,0
2017-12-14 02:00:00,1258.02,1258.04,1256.59,1256.63,0
2017-12-14 03:00:00,1256.73,1258.1,1256.64,1257.5,0
2017-12-14 04:00:00,1257.5,1258.76,1257.4,1257.81,0
2017-12-14 05:00:00,1257.82,1258.49,1257.65,1258.24,0
2017-12-14 06:00:00,1258.24,1258.33,1256.93,1256.93,0
2017-12-14 07:00:00,1256.95,1257.42,1255.54,1255.98,0
2017-12-14 08:00:00,1255.99,1256.35,1254.54,1254.64,0
2017-12-14 09:00:00,1254.66,1256.01,1253.69,1255.51,0
2017-12-14 10:00:00,1255.44,1256.55,1254.75,1256.43,0
2017-12-14 11:00:00,1256.43,1257.11,1255.74,1256.72,0
2017-12-14 12:00:00,1256.73,1258.53,1255.65,1256.94,0
2017-12-14 13:00:00,1256.95,1257.87,1252.94,1253.97,0
2017-12-14 14:00:00,1253.96,1255.75,1250.73,1251.54,0
2017-12-14 15:00:00,1251.62,1253.82,1250.52,1253.73,0
2017-12-14 16:00:00,1253.77,1254.86,1252.81,1252.88,0
2017-12-14 17:00:00,1252.88,1255.37,1251.8,1254.52,0
2017-12-14 18:00:00,1254.52,1256.64,1253.57,1254.46,0
2017-12-14 19:00:00,1254.45,1256.16,1254.09,1255.17,0
2017-12-14 20:00:00,1255.16,1255.23,1252.71,1253.12,0
2017-12-14 21:00:00,1253.11,1253.28,1252.35,1252.65,0
2017-12-14 23:00:00,1252.75,1254.26,1252.72,1253.54,0
2017-12-15 00:00:00,1253.54,1254.25,1253.13,1253.25,0
2017-12-15 01:00:00,1253.24,1254.18,1253.13,1254.18,0
2017-12-15 02:00:00,1254.18,1255.84,1254.18,1254.97,0
2017-12-15 03:00:00,1254.97,1255.37,1254.45,1254.54,0
2017-12-15 04:00:00,1254.57,1254.98,1254.26,1254.59,0
2017-12-15 05:00:00,1254.56,1255.19,1254.04,1255.07,0
2017-12-15 06:00:00,1255.08,1255.71,1254.58,1254.99,0
2017-12-15 07:00:00,1254.95,1256.95,1254.47,1256.74,0
2017-12-15 08:00:00,1256.74,1257.83,1256.28,1256.44,0
2017-12-15 09:00:00,1256.45,1257.53,1256.16,1257.05,0
2017-12-15 10:00:00,1257.05,1258.43,1256.48,1258.36,0
2017-12-15 11:00:00,1258.37,1258.7,1257.39,1257.8,0
2017-12-15 12:00:00,1257.81,1258.36,1257.44,1257.93,0
2017-12-15 13:00:00,1258.0,1261.87,1257.37,1259.77,0
2017-12-15 14:00:00,1259.78,1259.96,1254.7,1256.06,0
2017-12-15 15:00:00,1256.06,1256.95,1253.61,1254.47,0
2017-12-15 16:00:00,1254.47,1255.29,1253.42,1255.19,0
2017-12-15 17:00:00,1255.15,1255.55,1253.93,1254.04,0
2017-12-15 18:00:00,1254.0,1255.03,1253.75,1254.37,0
2017-12-15 19:00:00,1254.37,1256.32,1254.29,1256.22,0
2017-12-15 20:00:00,1256.22,1256.82,1255.35,1255.7,0
2017-12-15 21:00:00,1255.66,1256.0,1254.91,1255.05,0
2017-12-17 23:00:00,1255.21,1255.21,1253.65,1253.88,0
2017-12-18 00:00:00,1253.88,1254.48,1253.51,1254.18,0
2017-12-18 01:00:00,1254.19,1254.19,1252.78,1253.65,0
2017-12-18 02:00:00,1253.65,1255.51,1253.59,1254.77,0
2017-12-18 03:00:00,1254.77,1255.4,1254.56,1254.77,0
2017-12-18 04:00:00,1254.77,1255.9,1254.72,1255.46,0
2017-12-18 05:00:00,1255.48,1256.18,1255.28,1255.75,0
2017-12-18 06:00:00,1255.75,1256.75,1255.65,1256.57,0
2017-12-18 07:00:00,1256.58,1257.61,1255.72,1257.24,0
2017-12-18 08:00:00,1257.22,1257.59,1256.51,1257.1,0
2017-12-18 09:00:00,1257.06,1257.96,1256.89,1257.51,0
2017-12-18 10:00:00,1257.48,1258.61,1257.1,1258.43,0
2017-12-18 11:00:00,1258.43,1259.62,1258.01,1259.28,0
2017-12-18 12:00:00,1259.28,1259.7,1258.78,1259.46,0
2017-12-18 13:00:00,1259.45,1260.03,1258.05,1258.37,0
2017-12-18 14:00:00,1258.33,1262.36,1256.83,1261.13,0
2017-12-18 15:00:00,1261.11,1263.75,1260.53,1263.68,0
2017-12-18 16:00:00,1263.68,1264.01,1262.37,1263.25,0
2017-12-18 17:00:00,1263.26,1263.51,1262.07,1263.12,0
2017-12-18 18:00:00,1263.16,1263.63,1261.3,1261.4,0
2017-12-18 19:00:00,1261.43,1262.19,1260.69,1261.38,0
2017-12-18 20:00:00,1261.39,1261.82,1260.62,1261.49,0
2017-12-18 21:00:00,1261.46,1262.06,1261.35,1262.01,0
2017-12-18 23:00:00,1262.08,1262.13,1260.99,1261.45,0
2017-12-19 00:00:00,1261.46,1261.58,1260.63,1261.33,0
2017-12-19 01:00:00,1261.38,1261.46,1260.28,1260.65,0
2017-12-19 02:00:00,1260.64,1261.68,1260.41,1261.57,0
2017-12-19 03:00:00,1261.56,1262.33,1261.54,1261.89,0
2017-12-19 04:00:00,1261.93,1262.6,1261.85,1262.44,0
2017-12-19 05:00:00,1262.45,1263.77,1262.44,1263.54,0
2017-12-19 06:00:00,1263.53,1264.63,1263.31,1263.53,0
2017-12-19 07:00:00,1263.51,1264.22,1263.29,1264.13,0
2017-12-19 08:00:00,1264.12,1265.1,1263.59,1264.66,0
2017-12-19 09:00:00,1264.66,1264.66,1262.57,1263.64,0
2017-12-19 10:00:00,1263.64,1263.78,1262.78,1263.32,0
2017-12-19 11:00:00,1263.32,1263.78,1263.12,1263.69,0
2017-12-19 12:00:00,1263.68,1265.32,1263.07,1263.39,0
2017-12-19 13:00:00,1263.43,1263.51,1260.98,1261.71,0
2017-12-19 14:00:00,1261.77,1263.26,1260.22,1261.38,0
2017-12-19 15:00:00,1261.46,1263.01,1260.5,1261.16,0
2017-12-19 16:00:00,1261.16,1261.75,1259.54,1260.73,0
2017-12-19 17:00:00,1260.73,1261.12,1259.38,1259.9,0
2017-12-19 18:00:00,1259.9,1261.43,1259.28,1260.98,0
2017-12-19 19:00:00,1260.98,1261.86,1260.31,1261.62,0
2017-12-19 20:00:00,1261.62,1262.42,1261.38,1262.26,0
2017-12-19 21:00:00,1262.26,1262.38,1261.53,1261.56,0
2017-12-19 23:00:00,1261.37,1262.72,1261.35,1261.75,0
2017-12-20 00:00:00,1261.75,1262.12,1261.4,1262.09,0
2017-12-20 01:00:00,1262.1,1264.53,1262.1,1264.1,0
2017-12-20 02:00:00,1264.1,1264.91,1263.65,1263.79,0
2017-12-20 03:00:00,1263.79,1264.29,1263.68,1264.09,0
2017-12-20 04:00:00,1264.08,1264.34,1263.8,1263.92,0
2017-12-20 05:00:00,1263.91,1264.23,1262.7,1263.31,0
2017-12-20 06:00:00,1263.32,1264.19,1263.04,1263.32,0
2017-12-20 07:00:00,1263.29,1264.16,1262.95,1263.54,0
2017-12-20 08:00:00,1263.55,1264.77,1263.34,1264.41,0
2017-12-20 09:00:00,1264.41,1264.94,1264.13,1264.75,0
2017-12-20 10:00:00,1264.75,1266.24,1264.47,1265.2,0
2017-12-20 11:00:00,1265.19,1266.44,1265.1,1265.27,0
2017-12-20 12:00:00,1265.23,1266.38,1265.07,1265.81,0
2017-12-20 13:00:00,1265.81,1266.15,1263.55,1263.88,0
2017-12-20 14:00:00,1263.87,1264.51,1262.12,1263.25,0
2017-12-20 15:00:00,1263.25,1265.78,1263.06,1264.64,0
2017-12-20 16:00:00,1264.65,1265.5,1263.86,1265.19,0
2017-12-20 17:00:00,1265.24,1267.9,1264.57,1266.68,0
2017-12-20 18:00:00,1266.73,1266.98,1265.41,1265.66,0
2017-12-20 19:00:00,1265.66,1266.09,1265.15,1265.92,0
2017-12-20 20:00:00,1265.93,1265.93,1264.46,1265.47,0
2017-12-20 21:00:00,1265.47,1265.62,1264.97,1265.4,0
2017-12-20 23:00:00,1265.21,1266.74,1265.21,1266.46,0
2017-12-21 00:00:00,1266.45,1266.76,1266.14,1266.35,0
2017-12-21 01:00:00,1266.36,1268.35,1266.36,1267.83,0
2017-12-21 02:00:00,1267.83,1268.12,1267.31,1267.59,0
2017-12-21 03:00:00,1267.6,1268.13,1267.48,1267.48,0
2017-12-21 04:00:00,1267.49,1267.87,1267.39,1267.59,0
2017-12-21 05:00:00,1267.6,1267.79,1265.18,1266.08,0
2017-12-21 06:00:00,1266.07,1266.28,1265.05,1265.74,0
2017-12-21 07:00:00,1265.72,1266.05,1264.92,1265.41,0
2017-12-21 08:00:00,1265.41,1265.69,1264.33,1265.33,0
2017-12-21 09:00:00,1265.32,1266.05,1265.05,1265.46,0
2017-12-21 10:00:00,1265.46,1265.98,1265.2,1265.59,0
2017-12-21 11:00:00,1265.59,1265.75,1264.74,1265.07,0
2017-12-21 12:00:00,1265.06,1265.6,1263.64,1264.43,0
2017-12-21 13:00:00,1264.4,1266.62,1262.81,1265.62,0
2017-12-21 14:00:00,1265.6,1266.2,1263.85,1264.56,0
2017-12-21 15:00:00,1264.51,1266.14,1264.31,1265.43,0
2017-12-21 16:00:00,1265.43,1267.46,1265.35,1267.36,0
2017-12-21 17:00:00,1267.37,1267.87,1266.72,1267.18,0
2017-12-21 18:00:00,1267.18,1267.56,1266.52,1266.56,0
2017-12-21 19:00:00,1266.55,1267.17,1266.34,1266.84,0
2017-12-21 20:00:00,1266.84,1268.99,1266.84,1267.54,0
2017-12-21 21:00:00,1267.54,1267.94,1266.5,1266.58,0
2017-12-21 23:00:00,1266.46,1267.23,1266.17,1266.97,0
2017-12-22 00:00:00,1266.99,1267.18,1265.99,1266.04,0
2017-12-22 01:00:00,1266.05,1266.29,1265.01,1265.98,0
2017-12-22 02:00:00,1265.98,1266.37,1265.65,1265.99,0
2017-12-22 03:00:00,1265.98,1266.26,1265.65,1265.98,0
2017-12-22 04:00:00,1265.99,1266.48,1265.87,1266.38,0
2017-12-22 05:00:00,1266.38,1267.37,1266.17,1267.05,0
2017-12-22 06:00:00,1267.06,1267.56,1266.81,1266.96,0
2017-12-22 07:00:00,1266.97,1268.06,1266.85,1268.06,0
2017-12-22 08:00:00,1268.06,1269.0,1267.48,1268.19,0
2017-12-22 09:00:00,1268.16,1268.28,1267.69,1267.81,0
2017-12-22 10:00:00,1267.81,1268.8,1267.71,1268.48,0
2017-12-22 11:00:00,1268.49,1269.26,1268.28,1268.47,0
2017-12-22 12:00:00,1268.45,1269.04,1268.26,1268.35,0
2017-12-22 13:00:00,1268.36,1268.96,1267.72,1268.9,0
2017-12-22 14:00:00,1268.89,1272.13,1268.68,1270.81,0
2017-12-22 15:00:00,1270.81,1273.04,1270.31,1272.72,0
2017-12-22 16:00:00,1272.69,1274.87,1272.54,1274.06,0
2017-12-22 17:00:00,1274.07,1276.28,1273.95,1275.45,0
2017-12-22 18:00:00,1275.41,1275.79,1273.84,1274.21,0
2017-12-22 19:00:00,1274.21,1274.92,1273.82,1274.77,0
2017-12-22 20:00:00,1274.78,1275.09,1273.84,1274.04,0
2017-12-22 21:00:00,1274.03,1275.71,1273.94,1274.83,0
2017-12-25 23:00:00,1274.53,1275.14,1273.37,1273.53,0
2017-12-26 00:00:00,1273.5,1274.93,1273.36,1274.84,0
2017-12-26 01:00:00,1274.84,1279.09,1274.84,1278.64,0
2017-12-26 02:00:00,1278.64,1278.83,1277.95,1278.07,0
2017-12-26 03:00:00,1278.06,1278.27,1277.41,1278.25,0
2017-12-26 04:00:00,1278.25,1278.45,1277.7,1278.13,0
2017-12-26 05:00:00,1278.13,1279.03,1277.97,1278.76,0
2017-12-26 06:00:00,1278.77,1279.23,1278.1,1278.41,0
2017-12-26 07:00:00,1278.34,1278.72,1277.83,1278.56,0
2017-12-26 08:00:00,1278.55,1278.58,1278.05,1278.36,0
2017-12-26 09:00:00,1278.36,1278.47,1277.08,1277.96,0
2017-12-26 10:00:00,1277.95,1278.56,1277.72,1278.26,0
2017-12-26 11:00:00,1278.27,1278.38,1277.49,1277.51,0
2017-12-26 12:00:00,1277.52,1279.03,1277.39,1278.78,0
2017-12-26 13:00:00,1278.79,1281.5,1278.43,1281.36,0
2017-12-26 14:00:00,1281.37,1281.86,1280.27,1280.96,0
2017-12-26 15:00:00,1280.96,1282.22,1279.99,1281.91,0
2017-12-26 16:00:00,1281.98,1283.17,1281.76,1282.94,0
2017-12-26 17:00:00,1282.95,1283.16,1281.86,1282.98,0
2017-12-26 18:00:00,1282.94,1283.81,1282.67,1283.42,0
2017-12-26 19:00:00,1283.43,1283.75,1282.27,1282.66,0
2017-12-26 20:00:00,1282.68,1283.4,1282.45,1282.8,0
2017-12-26 21:00:00,1282.79,1283.52,1282.47,1282.84,0
2017-12-26 23:00:00,1283.21,1283.35,1281.9,1282.13,0
2017-12-27 00:00:00,1282.12,1282.97,1282.08,1282.42,0
2017-12-27 01:00:00,1282.41,1282.8,1281.68,1281.92,0
2017-12-27 02:00:00,1281.92,1282.35,1281.86,1282.01,0
2017-12-27 03:00:00,1282.02,1282.36,1281.78,1281.82,0
2017-12-27 04:00:00,1281.81,1282.2,1281.33,1282.11,0
2017-12-27 05:00:00,1282.1,1282.8,1281.98,1282.38,0
2017-12-27 06:00:00,1282.39,1282.63,1282.05,1282.46,0
2017-12-27 07:00:00,1282.49,1285.0,1282.34,1284.93,0
2017-12-27 08:00:00,1284.95,1285.73,1284.19,1285.68,0
2017-12-27 09:00:00,1285.67,1286.31,1284.94,1285.96,0
2017-12-27 10:00:00,1285.96,1286.36,1284.93,1286.02,0
2017-12-27 11:00:00,1286.01,1286.37,1284.41,1284.66,0
2017-12-27 12:00:00,1284.64,1286.05,1283.06,1283.65,0
2017-12-27 13:00:00,1283.66,1285.27,1283.54,1284.38,0
2017-12-27 14:00:00,1284.37,1286.25,1284.21,1285.47,0
2017-12-27 15:00:00,1285.45,1287.6,1284.07,1286.41,0
2017-12-27 16:00:00,1286.42,1287.1,1285.43,1286.9,0
2017-12-27 17:00:00,1286.91,1287.21,1286.47,1287.16,0
2017-12-27 18:00:00,1287.14,1288.11,1286.16,1287.84,0
2017-12-27 19:00:00,1287.86,1289.02,1287.81,1288.72,0
2017-12-27 20:00:00,1288.73,1288.79,1287.62,1287.9,0
2017-12-27 21:00:00,1287.91,1288.04,1286.91,1287.15,0
2017-12-27 23:00:00,1287.78,1288.08,1287.0,1287.6,0
2017-12-28 00:00:00,1287.6,1287.89,1287.13,1287.85,0
2017-12-28 01:00:00,1287.84,1288.33,1287.63,1287.9,0
2017-12-28 02:00:00,1287.89,1290.02,1287.89,1289.73,0
2017-12-28 03:00:00,1289.73,1289.74,1289.08,1289.51,0
2017-12-28 04:00:00,1289.52,1290.95,1289.47,1290.85,0
2017-12-28 05:00:00,1290.85,1292.72,1290.73,1292.67,0
2017-12-28 06:00:00,1292.66,1292.7,1290.52,1290.7,0
2017-12-28 07:00:00,1290.69,1292.96,1290.62,1292.5,0
2017-12-28 08:00:00,1292.51,1293.21,1292.08,1292.94,0
2017-12-28 09:00:00,1292.9,1293.29,1291.19,1291.91,0
2017-12-28 10:00:00,1291.9,1292.42,1291.72,1292.02,0
2017-12-28 11:00:00,1292.04,1293.08,1292.04,1292.87,0
2017-12-28 12:00:00,1292.82,1292.9,1291.59,1292.15,0
2017-12-28 13:00:00,1292.16,1292.65,1288.81,1292.37,0
2017-12-28 14:00:00,1292.4,1295.06,1291.72,1293.12,0
2017-12-28 15:00:00,1293.12,1294.07,1291.6,1293.92,0
2017-12-28 16:00:00,1293.92,1295.13,1293.71,1294.41,0
2017-12-28 17:00:00,1294.4,1294.92,1293.47,1294.2,0
2017-12-28 18:00:00,1294.2,1295.24,1293.97,1294.39,0
2017-12-28 19:00:00,1294.38,1294.81,1294.28,1294.77,0
2017-12-28 20:00:00,1294.75,1295.0,1294.34,1294.44,0
2017-12-28 21:00:00,1294.48,1295.02,1294.44,1294.89,0
2017-12-28 23:00:00,1294.78,1294.85,1293.88,1294.15,0
2017-12-29 00:00:00,1294.13,1294.87,1294.0,1294.76,0
2017-12-29 01:00:00,1294.76,1295.87,1294.66,1295.65,0
2017-12-29 02:00:00,1295.66,1296.28,1295.48,1295.9,0
2017-12-29 03:00:00,1295.91,1295.97,1295.31,1295.51,0
2017-12-29 04:00:00,1295.52,1295.95,1295.51,1295.73,0
2017-12-29 05:00:00,1295.72,1296.13,1295.61,1296.02,0
2017-12-29 06:00:00,1296.03,1296.11,1295.23,1295.7,0
2017-12-29 07:00:00,1295.69,1295.81,1294.73,1295.23,0
2017-12-29 08:00:00,1295.23,1296.95,1295.17,1296.51,0
2017-12-29 09:00:00,1296.5,1297.45,1296.43,1296.92,0
2017-12-29 10:00:00,1296.93,1297.59,1296.48,1297.13,0
2017-12-29 11:00:00,1297.11,1297.57,1296.97,1297.17,0
2017-12-29 12:00:00,1297.11,1297.65,1296.39,1296.67,0
2017-12-29 13:00:00,1296.67,1300.29,1296.49,1299.62,0
2017-12-29 14:00:00,1299.63,1303.9,1299.41,1301.52,0
2017-12-29 15:00:00,1301.48,1303.69,1301.4,1302.7,0
2017-12-29 16:00:00,1302.74,1303.81,1302.44,1303.53,0
2017-12-29 17:00:00,1303.49,1306.16,1303.39,1306.14,0
2017-12-29 18:00:00,1306.13,1307.58,1302.48,1303.77,0
2017-12-29 19:00:00,1303.73,1304.03,1302.42,1303.12,0
2017-12-29 20:00:00,1303.13,1303.91,1302.65,1303.29,0
2017-12-29 21:00:00,1303.3,1303.49,1302.17,1302.7,0
2018-01-01 23:00:00,1302.96,1307.68,1302.26,1306.79,0
2018-01-02 00:00:00,1306.79,1307.3,1305.27,1306.34,0
2018-01-02 01:00:00,1306.33,1307.02,1304.23,1306.2,0
2018-01-02 02:00:00,1306.17,1306.83,1305.52,1306.0,0
2018-01-02 03:00:00,1306.0,1307.48,1305.44,1306.47,0
2018-01-02 04:00:00,1306.47,1307.31,1306.35,1307.21,0
2018-01-02 05:00:00,1307.22,1307.66,1306.83,1307.43,0
2018-01-02 06:00:00,1307.41,1310.06,1307.39,1309.98,0
2018-01-02 07:00:00,1309.99,1310.32,1308.83,1309.43,0
2018-01-02 08:00:00,1309.43,1310.9,1308.57,1310.29,0
2018-01-02 09:00:00,1310.25,1312.39,1310.04,1312.27,0
2018-01-02 10:00:00,1312.26,1312.91,1310.17,1311.91,0
2018-01-02 11:00:00,1311.92,1312.32,1310.2,1310.23,0
2018-01-02 12:00:00,1310.24,1312.66,1310.12,1312.13,0
2018-01-02 13:00:00,1312.12,1314.42,1311.93,1313.95,0
2018-01-02 14:00:00,1313.95,1314.58,1312.29,1312.69,0
2018-01-02 15:00:00,1312.7,1313.63,1310.88,1312.27,0
2018-01-02 16:00:00,1312.28,1313.66,1311.31,1311.32,0
2018-01-02 17:00:00,1311.35,1312.48,1311.25,1312.48,0
2018-01-02 18:00:00,1312.49,1314.9,1312.39,1314.57,0
2018-01-02 19:00:00,1314.58,1316.22,1314.5,1315.98,0
2018-01-02 20:00:00,1315.97,1318.49,1315.67,1318.32,0
2018-01-02 21:00:00,1318.32,1318.92,1317.32,1317.38,0
2018-01-02 23:00:00,1317.48,1321.46,1317.13,1320.29,0
2018-01-03 00:00:00,1320.32,1321.32,1320.2,1320.62,0
2018-01-03 01:00:00,1320.62,1320.67,1316.9,1318.28,0
2018-01-03 02:00:00,1318.28,1318.41,1311.92,1312.27,0
2018-01-03 03:00:00,1312.36,1314.73,1311.91,1314.14,0
2018-01-03 04:00:00,1314.14,1314.14,1312.32,1313.65,0
2018-01-03 05:00:00,1313.65,1314.79,1313.33,1314.66,0
2018-01-03 06:00:00,1314.66,1315.46,1312.95,1313.25,0
2018-01-03 07:00:00,1313.25,1314.32,1311.83,1313.71,0
2018-01-03 08:00:00,1313.7,1315.23,1313.49,1314.41,0
2018-01-03 09:00:00,1314.41,1314.94,1313.91,1314.68,0
2018-01-03 10:00:00,1314.66,1315.01,1313.62,1314.08,0
2018-01-03 11:00:00,1314.08,1316.31,1313.67,1315.72,0
2018-01-03 12:00:00,1315.71,1317.54,1313.39,1314.86,0
2018-01-03 13:00:00,1314.87,1316.54,1314.53,1316.43,0
2018-01-03 14:00:00,1316.43,1317.96,1315.24,1316.95,0
2018-01-03 15:00:00,1316.89,1317.17,1314.79,1316.56,0
2018-01-03 16:00:00,1316.55,1317.39,1315.84,1317.05,0
2018-01-03 17:00:00,1317.05,1317.38,1315.75,1315.85,0
2018-01-03 18:00:00,1315.87,1317.28,1315.83,1316.22,0
2018-01-03 19:00:00,1316.1,1316.27,1307.46,1313.01,0
2018-01-03 20:00:00,1313.01,1316.71,1312.99,1315.05,0
2018-01-03 21:00:00,1315.05,1315.76,1312.22,1313.1,0
2018-01-03 23:00:00,1312.88,1313.61,1310.6,1311.18,0
2018-01-04 00:00:00,1311.17,1311.2,1308.53,1309.24,0
2018-01-04 01:00:00,1309.24,1309.88,1305.9,1307.17,0
2018-01-04 02:00:00,1307.16,1308.03,1306.64,1307.02,0
2018-01-04 03:00:00,1307.03,1307.43,1306.14,1307.25,0
2018-01-04 04:00:00,1307.24,1308.48,1307.23,1308.01,0
2018-01-04 05:00:00,1308.01,1310.28,1307.59,1310.12,0
2018-01-04 06:00:00,1310.12,1310.95,1309.14,1310.14,0
2018-01-04 07:00:00,1310.15,1311.42,1308.19,1310.69,0
2018-01-04 08:00:00,1310.7,1312.16,1310.57,1311.72,0
2018-01-04 09:00:00,1311.72,1314.34,1311.58,1313.77,0
2018-01-04 10:00:00,1313.75,1314.36,1312.28,1313.6,0
2018-01-04 11:00:00,1313.59,1313.91,1312.58,1313.0,0
2018-01-04 12:00:00,1312.92,1313.52,1311.72,1313.33,0
2018-01-04 13:00:00,1313.35,1317.26,1309.23,1314.84,0
2018-01-04 14:00:00,1314.84,1316.55,1314.29,1314.79,0
2018-01-04 15:00:00,1314.79,1319.95,1314.41,1319.85,0
2018-01-04 16:00:00,1319.85,1320.08,1316.82,1319.25,0
2018-01-04 17:00:00,1319.25,1319.86,1318.2,1319.71,0
2018-01-04 18:00:00,1319.72,1321.07,1318.24,1319.24,0
2018-01-04 19:00:00,1319.23,1324.8,1319.22,1324.39,0
2018-01-04 20:00:00,1324.45,1326.01,1321.78,1321.95,0
2018-01-04 21:00:00,1321.95,1324.03,1321.85,1322.7,0
2018-01-04 23:00:00,1322.63,1323.03,1320.77,1320.97,0
2018-01-05 00:00:00,1320.98,1323.45,1320.97,1322.91,0
2018-01-05 01:00:00,1322.9,1323.0,1321.3,1322.01,0
2018-01-05 02:00:00,1322.01,1322.01,1320.68,1321.1,0
2018-01-05 03:00:00,1321.1,1322.04,1321.1,1321.4,0
2018-01-05 04:00:00,1321.41,1321.94,1321.23,1321.94,0
2018-01-05 05:00:00,1321.94,1321.94,1319.94,1320.26,0
2018-01-05 06:00:00,1320.27,1320.31,1317.71,1318.35,0
2018-01-05 07:00:00,1318.35,1319.67,1317.97,1318.33,0
2018-01-05 08:00:00,1318.29,1318.69,1316.72,1318.07,0
2018-01-05 09:00:00,1318.07,1318.34,1316.62,1316.75,0
2018-01-05 10:00:00,1316.72,1317.82,1316.34,1317.48,0
2018-01-05 11:00:00,1317.47,1317.47,1316.4,1317.08,0
2018-01-05 12:00:00,1317.09,1318.33,1316.21,1317.5,0
2018-01-05 13:00:00,1317.48,1322.91,1316.59,1320.81,0
2018-01-05 14:00:00,1320.81,1320.89,1313.69,1316.25,0
2018-01-05 15:00:00,1316.33,1320.65,1316.33,1318.93,0
2018-01-05 16:00:00,1318.91,1322.19,1318.42,1321.55,0
2018-01-05 17:00:00,1321.55,1321.6,1320.09,1320.68,0
2018-01-05 18:00:00,1320.68,1321.43,1319.51,1320.41,0
2018-01-05 19:00:00,1320.41,1321.29,1320.41,1320.67,0
2018-01-05 20:00:00,1320.66,1320.78,1318.44,1320.41,0
2018-01-05 21:00:00,1320.46,1320.71,1319.21,1319.3,0
2018-01-07 23:00:00,1320.79,1321.45,1319.24,1319.6,0
2018-01-08 00:00:00,1319.61,1320.97,1319.32,1320.67,0
2018-01-08 01:00:00,1320.68,1322.16,1320.05,1320.88,0
2018-01-08 02:00:00,1320.87,1321.79,1319.73,1320.29,0
2018-01-08 03:00:00,1320.3,1320.98,1319.94,1320.36,0
2018-01-08 04:00:00,1320.37,1320.61,1319.6,1320.26,0
2018-01-08 05:00:00,1320.22,1320.41,1317.38,1318.04,0
2018-01-08 06:00:00,1318.05,1318.99,1317.5,1318.89,0
2018-01-08 07:00:00,1318.89,1318.92,1315.8,1315.95,0
2018-01-08 08:00:00,1315.95,1316.81,1314.84,1316.45,0
2018-01-08 09:00:00,1316.44,1317.47,1316.26,1317.16,0
2018-01-08 10:00:00,1317.16,1321.02,1317.04,1320.12,0
2018-01-08 11:00:00,1320.12,1321.09,1319.65,1320.47,0
2018-01-08 12:00:00,1320.46,1320.59,1318.52,1318.54,0
2018-01-08 13:00:00,1318.51,1320.91,1317.17,1320.02,0
2018-01-08 14:00:00,1320.03,1320.87,1318.27,1319.03,0
2018-01-08 15:00:00,1319.03,1320.58,1317.85,1319.79,0
2018-01-08 16:00:00,1319.79,1319.79,1315.94,1316.77,0
2018-01-08 17:00:00,1316.76,1318.23,1316.12,1318.19,0
2018-01-08 18:00:00,1318.2,1319.72,1317.81,1318.97,0
2018-01-08 19:00:00,1318.98,1319.24,1318.21,1319.09,0
2018-01-08 20:00:00,1319.09,1320.14,1318.83,1320.02,0
2018-01-08 21:00:00,1320.02,1320.67,1320.02,1320.4,0
2018-01-08 23:00:00,1320.22,1320.48,1318.04,1318.07,0
2018-01-09 00:00:00,1318.06,1318.66,1317.74,1317.99,0
2018-01-09 01:00:00,1318.0,1318.5,1315.72,1317.89,0
2018-01-09 02:00:00,1317.9,1319.44,1317.89,1319.39,0
2018-01-09 03:00:00,1319.39,1319.53,1318.26,1319.05,0
2018-01-09 04:00:00,1319.06,1319.37,1318.47,1318.81,0
2018-01-09 05:00:00,1318.82,1320.19,1318.81,1319.37,0
2018-01-09 06:00:00,1319.38,1319.6,1317.85,1318.06,0
2018-01-09 07:00:00,1318.05,1318.71,1316.78,1317.43,0
2018-01-09 08:00:00,1317.45,1317.69,1313.3,1314.52,0
2018-01-09 09:00:00,1314.53,1315.62,1313.93,1315.45,0
2018-01-09 10:00:00,1315.46,1315.47,1313.92,1314.9,0
2018-01-09 11:00:00,1314.89,1315.65,1314.0,1315.01,0
2018-01-09 12:00:00,1314.99,1315.97,1314.3,1314.55,0
2018-01-09 13:00:00,1314.54,1315.33,1310.59,1312.6,0
2018-01-09 14:00:00,1312.6,1313.3,1308.84,1309.88,0
2018-01-09 15:00:00,1309.88,1313.04,1309.85,1311.77,0
2018-01-09 16:00:00,1311.76,1312.52,1310.46,1311.06,0
2018-01-09 17:00:00,1311.07,1311.89,1310.1,1311.81,0
2018-01-09 18:00:00,1311.84,1312.96,1311.5,1312.77,0
2018-01-09 19:00:00,1312.74,1315.81,1312.73,1313.74,0
2018-01-09 20:00:00,1313.74,1314.34,1312.88,1313.97,0
2018-01-09 21:00:00,1313.96,1314.26,1312.47,1312.77,0
2018-01-09 23:00:00,1312.3,1312.39,1310.37,1310.4,0
2018-01-10 00:00:00,1310.37,1310.87,1309.28,1310.37,0
2018-01-10 01:00:00,1310.31,1311.26,1308.25,1311.16,0
2018-01-10 02:00:00,1311.14,1312.48,1310.57,1312.37,0
2018-01-10 03:00:00,1312.35,1312.35,1310.4,1310.61,0
2018-01-10 04:00:00,1310.61,1310.9,1309.5,1310.56,0
2018-01-10 05:00:00,1310.58,1311.34,1309.7,1309.7,0
2018-01-10 06:00:00,1309.7,1310.73,1309.14,1310.1,0
2018-01-10 07:00:00,1310.07,1311.73,1309.87,1311.3,0
2018-01-10 08:00:00,1311.31,1314.95,1311.29,1314.1,0
2018-01-10 09:00:00,1314.1,1315.53,1314.01,1314.6,0
2018-01-10 10:00:00,1314.61,1323.02,1314.21,1321.25,0
2018-01-10 11:00:00,1321.21,1327.74,1321.21,1323.84,0
2018-01-10 12:00:00,1323.84,1325.48,1321.34,1322.55,0
2018-01-10 13:00:00,1322.62,1323.56,1318.32,1319.77,0
2018-01-10 14:00:00,1319.74,1321.06,1314.67,1317.77,0
2018-01-10 15:00:00,1317.76,1320.4,1317.5,1319.25,0
2018-01-10 16:00:00,1319.26,1319.6,1315.67,1317.19,0
2018-01-10 17:00:00,1317.18,1318.06,1316.42,1317.81,0
2018-01-10 18:00:00,1317.81,1319.29,1317.81,1318.44,0
2018-01-10 19:00:00,1318.47,1319.29,1316.82,1319.05,0
2018-01-10 20:00:00,1319.02,1320.41,1317.45,1317.46,0
2018-01-10 21:00:00,1317.48,1317.79,1316.11,1316.62,0
2018-01-10 23:00:00,1316.75,1317.9,1316.2,1317.8,0
2018-01-11 00:00:00,1317.8,1319.03,1317.79,1318.92,0
2018-01-11 01:00:00,1318.92,1318.92,1317.28,1318.12,0
2018-01-11 02:00:00,1318.13,1320.19,1317.9,1320.19,0
2018-01-11 03:00:00,1320.18,1320.82,1318.94,1319.17,0
2018-01-11 04:00:00,1319.22,1319.53,1316.55,1317.6,0
2018-01-11 05:00:00,1317.63,1318.63,1316.74,1317.88,0
2018-01-11 06:00:00,1317.88,1319.52,1316.83,1318.02,0
2018-01-11 07:00:00,1318.02,1318.49,1315.72,1316.77,0
2018-01-11 08:00:00,1316.75,1317.92,1316.6,1317.28,0
2018-01-11 09:00:00,1317.28,1318.83,1316.83,1318.37,0
2018-01-11 10:00:00,1318.36,1320.23,1318.19,1319.45,0
2018-01-11 11:00:00,1319.5,1319.66,1318.26,1319.24,0
2018-01-11 12:00:00,1319.25,1320.48,1317.82,1319.54,0
2018-01-11 13:00:00,1319.54,1322.77,1319.32,1320.97,0
2018-01-11 14:00:00,1320.97,1323.41,1319.99,1322.51,0
2018-01-11 15:00:00,1322.5,1323.53,1319.83,1321.2,0
2018-01-11 16:00:00,1321.19,1322.71,1320.57,1321.74,0
2018-01-11 17:00:00,1321.74,1322.59,1321.67,1322.29,0
2018-01-11 18:00:00,1322.24,1323.98,1321.17,1322.54,0
2018-01-11 19:00:00,1322.54,1323.91,1322.45,1323.19,0
2018-01-11 20:00:00,1323.18,1323.33,1321.23,1321.82,0
2018-01-11 21:00:00,1321.79,1322.76,1321.77,1322.35,0
2018-01-11 23:00:00,1322.64,1322.88,1321.58,1322.8,0
2018-01-12 00:00:00,1322.8,1325.01,1322.78,1324.37,0
2018-01-12 01:00:00,1324.37,1324.47,1323.27,1323.89,0
2018-01-12 02:00:00,1323.91,1326.49,1323.66,1326.25,0
2018-01-12 03:00:00,1326.24,1327.35,1325.76,1327.34,0
2018-01-12 04:00:00,1327.32,1330.36,1327.17,1329.5,0
2018-01-12 05:00:00,1329.62,1330.02,1327.84,1328.3,0
2018-01-12 06:00:00,1328.31,1329.45,1328.07,1328.89,0
2018-01-12 07:00:00,1328.89,1329.46,1326.82,1327.78,0
2018-01-12 08:00:00,1327.75,1329.79,1326.61,1329.7,0
2018-01-12 09:00:00,1329.69,1332.46,1329.59,1330.95,0
2018-01-12 10:00:00,1330.95,1333.15,1330.12,1331.85,0
2018-01-12 11:00:00,1331.85,1332.28,1330.62,1331.35,0
2018-01-12 12:00:00,1331.35,1332.75,1330.85,1332.07,0
2018-01-12 13:00:00,1332.09,1333.14,1322.48,1325.99,0
2018-01-12 14:00:00,1325.98,1328.54,1324.71,1327.16,0
2018-01-12 15:00:00,1327.16,1332.38,1327.05,1331.33,0
2018-01-12 16:00:00,1331.33,1331.82,1330.04,1330.79,0
2018-01-12 17:00:00,1330.79,1332.08,1330.68,1331.85,0
2018-01-12 18:00:00,1331.86,1338.02,1331.76,1337.72,0
2018-01-12 19:00:00,1337.73,1339.39,1336.81,1337.57,0
2018-01-12 20:00:00,1337.58,1339.36,1337.26,1338.09,0
2018-01-12 21:00:00,1338.11,1339.06,1337.55,1337.61,0
2018-01-14 23:00:00,1336.27,1338.12,1335.88,1336.94,0
2018-01-15 00:00:00,1336.96,1338.67,1336.53,1338.4,0
2018-01-15 01:00:00,1338.4,1340.02,1337.26,1339.29,0
2018-01-15 02:00:00,1339.3,1342.11,1339.23,1340.7,0
2018-01-15 03:00:00,1340.7,1341.28,1340.12,1341.04,0
2018-01-15 04:00:00,1341.05,1342.89,1340.77,1342.63,0
2018-01-15 05:00:00,1342.63,1344.76,1341.79,1343.72,0
2018-01-15 06:00:00,1343.77,1344.38,1340.2,1340.97,0
2018-01-15 07:00:00,1340.93,1343.63,1340.62,1343.05,0
2018-01-15 08:00:00,1343.04,1343.33,1340.73,1340.87,0
2018-01-15 09:00:00,1340.88,1343.84,1340.46,1342.95,0
2018-01-15 10:00:00,1342.95,1343.76,1342.33,1343.12,0
2018-01-15 11:00:00,1343.08,1343.39,1341.17,1341.65,0
2018-01-15 12:00:00,1341.64,1342.32,1340.99,1342.04,0
2018-01-15 13:00:00,1342.05,1342.52,1340.41,1342.11,0
2018-01-15 14:00:00,1342.1,1342.19,1340.21,1340.9,0
2018-01-15 15:00:00,1340.9,1341.7,1338.63,1341.11,0
2018-01-15 16:00:00,1341.11,1341.76,1340.41,1340.78,0
2018-01-15 17:00:00,1340.78,1341.6,1340.02,1340.07,0
2018-01-15 18:00:00,1339.86,1339.86,1339.86,1339.86,0
2018-01-15 23:00:00,1340.39,1342.31,1339.17,1341.56,0
2018-01-16 00:00:00,1341.53,1341.64,1340.2,1340.41,0
2018-01-16 01:00:00,1340.42,1340.77,1338.18,1340.63,0
2018-01-16 02:00:00,1340.63,1342.0,1339.82,1340.93,0
2018-01-16 03:00:00,1340.94,1341.35,1340.18,1340.62,0
2018-01-16 04:00:00,1340.63,1341.47,1340.47,1341.15,0
2018-01-16 05:00:00,1341.17,1341.61,1340.09,1341.07,0
2018-01-16 06:00:00,1341.08,1341.55,1340.13,1340.17,0
2018-01-16 07:00:00,1340.21,1340.22,1337.91,1339.35,0
2018-01-16 08:00:00,1339.35,1339.95,1336.44,1337.48,0
2018-01-16 09:00:00,1337.43,1337.78,1332.99,1334.42,0
2018-01-16 10:00:00,1334.42,1334.81,1331.92,1333.13,0
2018-01-16 11:00:00,1333.15,1335.6,1332.86,1335.04,0
2018-01-16 12:00:00,1335.05,1337.21,1334.95,1335.79,0
2018-01-16 13:00:00,1335.82,1336.1,1332.78,1333.5,0
2018-01-16 14:00:00,1333.51,1335.01,1332.05,1332.75,0
2018-01-16 15:00:00,1332.76,1335.87,1332.76,1335.41,0
2018-01-16 16:00:00,1335.41,1335.55,1333.65,1334.95,0
2018-01-16 17:00:00,1334.98,1335.42,1333.43,1334.66,0
2018-01-16 18:00:00,1334.75,1338.99,1334.55,1338.82,0
2018-01-16 19:00:00,1338.84,1340.16,1337.97,1338.82,0
2018-01-16 20:00:00,1338.82,1339.9,1337.63,1339.71,0
2018-01-16 21:00:00,1339.64,1339.64,1338.31,1338.39,0
2018-01-16 23:00:00,1338.39,1341.11,1338.2,1340.77,0
2018-01-17 00:00:00,1340.76,1342.51,1339.46,1341.93,0
2018-01-17 01:00:00,1341.93,1343.92,1340.98,1343.73,0
2018-01-17 02:00:00,1343.71,1343.99,1337.74,1339.67,0
2018-01-17 03:00:00,1339.68,1339.7,1336.38,1337.56,0
2018-01-17 04:00:00,1337.58,1339.38,1334.79,1334.97,0
2018-01-17 05:00:00,1334.98,1336.66,1333.96,1334.48,0
2018-01-17 06:00:00,1334.44,1336.08,1333.11,1333.5,0
2018-01-17 07:00:00,1333.5,1335.18,1333.04,1334.27,0
2018-01-17 08:00:00,1334.29,1336.28,1334.24,1335.38,0
2018-01-17 09:00:00,1335.38,1335.98,1334.59,1335.76,0
2018-01-17 10:00:00,1335.76,1338.97,1335.68,1338.24,0
2018-01-17 11:00:00,1338.23,1338.78,1336.8,1337.17,0
2018-01-17 12:00:00,1337.25,1337.26,1334.71,1335.93,0
2018-01-17 13:00:00,1335.92,1336.8,1334.36,1335.06,0
2018-01-17 14:00:00,1335.07,1337.13,1333.92,1335.8,0
2018-01-17 15:00:00,1335.82,1336.96,1334.53,1336.15,0
2018-01-17 16:00:00,1336.16,1336.29,1331.22,1333.64,0
2018-01-17 17:00:00,1333.63,1336.13,1333.23,1335.92,0
2018-01-17 18:00:00,1335.93,1340.5,1335.48,1339.38,0
2018-01-17 19:00:00,1339.36,1339.47,1329.01,1329.14,0
2018-01-17 20:00:00,1329.07,1330.58,1326.82,1329.16,0
2018-01-17 21:00:00,1329.07,1329.66,1325.75,1326.1,0
2018-01-17 23:00:00,1326.79,1328.92,1326.67,1328.57,0
2018-01-18 00:00:00,1328.56,1329.64,1327.48,1328.55,0
2018-01-18 01:00:00,1328.54,1328.63,1324.21,1325.94,0
2018-01-18 02:00:00,1325.93,1327.22,1325.92,1326.75,0
2018-01-18 03:00:00,1326.76,1326.86,1325.26,1325.6,0
2018-01-18 04:00:00,1325.58,1327.48,1325.46,1327.22,0
2018-01-18 05:00:00,1327.23,1328.85,1326.59,1328.55,0
2018-01-18 06:00:00,1328.55,1329.96,1327.54,1328.26,0
2018-01-18 07:00:00,1328.22,1328.63,1325.23,1327.85,0
2018-01-18 08:00:00,1327.88,1329.45,1327.71,1328.03,0
2018-01-18 09:00:00,1328.03,1329.13,1327.19,1328.72,0
2018-01-18 10:00:00,1328.72,1330.4,1328.25,1329.91,0
2018-01-18 11:00:00,1329.89,1331.48,1329.24,1329.24,0
2018-01-18 12:00:00,1329.28,1331.06,1328.14,1328.71,0
2018-01-18 13:00:00,1328.68,1330.25,1326.92,1330.15,0
2018-01-18 14:00:00,1330.15,1332.48,1328.85,1330.88,0
2018-01-18 15:00:00,1330.88,1331.96,1328.69,1329.71,0
2018-01-18 16:00:00,1329.71,1333.14,1328.99,1329.82,0
2018-01-18 17:00:00,1329.84,1331.57,1328.8,1329.07,0
2018-01-18 18:00:00,1329.06,1329.82,1326.27,1327.01,0
2018-01-18 19:00:00,1326.97,1329.2,1326.52,1328.68,0
2018-01-18 20:00:00,1328.79,1329.38,1325.44,1326.26,0
2018-01-18 21:00:00,1326.21,1327.57,1326.21,1326.8,0
2018-01-18 23:00:00,1326.6,1328.35,1326.31,1327.96,0
2018-01-19 00:00:00,1327.97,1328.39,1326.81,1327.4,0
2018-01-19 01:00:00,1327.4,1330.74,1327.31,1330.72,0
2018-01-19 02:00:00,1330.71,1331.88,1329.37,1329.7,0
2018-01-19 03:00:00,1329.72,1331.92,1329.63,1331.48,0
2018-01-19 04:00:00,1331.52,1332.29,1331.03,1332.24,0
2018-01-19 05:00:00,1332.28,1332.61,1330.68,1331.61,0
2018-01-19 06:00:00,1331.61,1333.11,1331.28,1332.13,0
2018-01-19 07:00:00,1332.13,1335.44,1331.35,1334.97,0
2018-01-19 08:00:00,1334.96,1338.09,1333.67,1337.1,0
2018-01-19 09:00:00,1337.2,1337.4,1334.96,1335.58,0
2018-01-19 10:00:00,1335.57,1336.57,1334.73,1335.44,0
2018-01-19 11:00:00,1335.44,1335.64,1333.82,1334.49,0
2018-01-19 12:00:00,1334.48,1335.01,1333.64,1334.35,0
2018-01-19 13:00:00,1334.31,1336.22,1333.26,1334.23,0
2018-01-19 14:00:00,1334.31,1334.64,1332.25,1334.18,0
2018-01-19 15:00:00,1334.18,1335.42,1332.77,1333.22,0
2018-01-19 16:00:00,1333.26,1334.5,1333.13,1334.16,0
2018-01-19 17:00:00,1334.15,1334.81,1333.67,1333.89,0
2018-01-19 18:00:00,1333.87,1334.71,1332.89,1334.71,0
2018-01-19 19:00:00,1334.72,1335.33,1333.74,1334.48,0
2018-01-19 20:00:00,1334.56,1334.61,1332.21,1332.21,0
2018-01-19 21:00:00,1332.23,1332.69,1331.1,1331.67,0
2018-01-21 23:00:00,1334.72,1335.67,1331.96,1334.79,0
2018-01-22 00:00:00,1334.77,1334.96,1333.14,1333.59,0
2018-01-22 01:00:00,1333.6,1334.29,1330.98,1331.35,0
2018-01-22 02:00:00,1331.37,1332.69,1330.39,1331.79,0
2018-01-22 03:00:00,1331.77,1331.88,1330.89,1331.29,0
2018-01-22 04:00:00,1331.28,1331.61,1330.55,1331.56,0
2018-01-22 05:00:00,1331.56,1332.19,1330.81,1331.77,0
2018-01-22 06:00:00,1331.79,1332.09,1328.76,1328.95,0
2018-01-22 07:00:00,1328.93,1331.59,1328.41,1331.36,0
2018-01-22 08:00:00,1331.27,1332.57,1330.11,1332.24,0
2018-01-22 09:00:00,1332.26,1333.53,1331.85,1332.58,0
2018-01-22 10:00:00,1332.57,1334.62,1332.32,1333.67,0
2018-01-22 11:00:00,1333.67,1334.06,1332.39,1332.69,0
2018-01-22 12:00:00,1332.69,1333.21,1331.14,1332.22,0
2018-01-22 13:00:00,1332.22,1334.42,1330.89,1333.99,0
2018-01-22 14:00:00,1334.0,1334.6,1331.68,1331.94,0
2018-01-22 15:00:00,1331.99,1335.61,1331.91,1334.68,0
2018-01-22 16:00:00,1334.72,1334.87,1331.73,1331.9,0
2018-01-22 17:00:00,1331.91,1332.71,1330.79,1332.09,0
2018-01-22 18:00:00,1332.09,1332.83,1331.71,1332.12,0
2018-01-22 19:00:00,1332.13,1333.59,1331.22,1332.96,0
2018-01-22 20:00:00,1332.95,1334.87,1332.63,1334.67,0
2018-01-22 21:00:00,1334.67,1334.89,1333.76,1333.83,0
2018-01-22 23:00:00,1333.75,1333.91,1332.58,1333.2,0
2018-01-23 00:00:00,1333.21,1335.09,1333.16,1334.25,0
2018-01-23 01:00:00,1334.25,1337.23,1334.21,1336.59,0
2018-01-23 02:00:00,1336.6,1336.84,1335.68,1336.32,0
2018-01-23 03:00:00,1336.3,1337.15,1335.16,1336.05,0
2018-01-23 04:00:00,1336.05,1336.76,1335.56,1336.25,0
2018-01-23 05:00:00,1336.26,1336.37,1335.25,1335.74,0
2018-01-23 06:00:00,1335.75,1338.23,1335.66,1336.69,0
2018-01-23 07:00:00,1336.68,1337.89,1335.98,1336.74,0
2018-01-23 08:00:00,1336.74,1337.45,1335.61,1337.04,0
2018-01-23 09:00:00,1337.05,1337.31,1335.99,1336.52,0
2018-01-23 10:00:00,1336.52,1337.19,1336.21,1336.3,0
2018-01-23 11:00:00,1336.31,1338.91,1336.2,1336.76,0
2018-01-23 12:00:00,1336.77,1337.32,1336.0,1336.56,0
2018-01-23 13:00:00,1336.56,1337.3,1335.85,1336.45,0
2018-01-23 14:00:00,1336.46,1336.72,1331.38,1334.16,0
2018-01-23 15:00:00,1334.17,1338.88,1333.44,1338.17,0
2018-01-23 16:00:00,1338.17,1339.21,1336.32,1337.53,0
2018-01-23 17:00:00,1337.56,1338.39,1337.03,1337.69,0
2018-01-23 18:00:00,1337.67,1338.25,1336.78,1337.32,0
2018-01-23 19:00:00,1337.35,1340.69,1337.31,1340.56,0
2018-01-23 20:00:00,1340.57,1341.8,1339.92,1341.01,0
2018-01-23 21:00:00,1341.01,1341.47,1340.75,1341.14,0
2018-01-23 23:00:00,1341.48,1342.32,1340.39,1341.86,0
2018-01-24 00:00:00,1341.85,1342.06,1340.8,1340.82,0
2018-01-24 01:00:00,1340.83,1341.28,1339.52,1340.97,0
2018-01-24 02:00:00,1340.96,1341.94,1340.41,1341.52,0
2018-01-24 03:00:00,1341.54,1341.68,1340.73,1341.04,0
2018-01-24 04:00:00,1341.05,1342.02,1340.77,1341.08,0
2018-01-24 05:00:00,1341.07,1342.15,1339.96,1342.08,0
2018-01-24 06:00:00,1342.07,1343.66,1341.29,1343.42,0
2018-01-24 07:00:00,1343.44,1343.93,1342.55,1343.25,0
2018-01-24 08:00:00,1343.25,1348.27,1343.2,1347.09,0
2018-01-24 09:00:00,1347.09,1349.61,1346.78,1348.69,0
2018-01-24 10:00:00,1348.7,1350.64,1348.66,1349.74,0
2018-01-24 11:00:00,1349.73,1350.96,1349.38,1349.5,0
2018-01-24 12:00:00,1349.49,1352.46,1348.82,1352.39,0
2018-01-24 13:00:00,1352.39,1353.92,1351.41,1352.28,0
2018-01-24 14:00:00,1352.27,1355.43,1352.19,1355.09,0
2018-01-24 15:00:00,1355.09,1355.69,1353.19,1353.57,0
2018-01-24 16:00:00,1353.56,1353.78,1351.32,1352.92,0
2018-01-24 17:00:00,1352.89,1354.32,1352.6,1353.88,0
2018-01-24 18:00:00,1353.82,1360.33,1353.32,1360.09,0
2018-01-24 19:00:00,1360.08,1362.14,1357.54,1358.13,0
2018-01-24 20:00:00,1358.15,1360.22,1357.61,1357.68,0
2018-01-24 21:00:00,1357.69,1358.98,1357.65,1358.4,0
2018-01-24 23:00:00,1357.49,1357.86,1355.76,1356.16,0
2018-01-25 00:00:00,1356.15,1357.99,1355.99,1357.29,0
2018-01-25 01:00:00,1357.28,1359.42,1356.31,1359.4,0
2018-01-25 02:00:00,1359.42,1361.89,1358.79,1361.05,0
2018-01-25 03:00:00,1361.05,1364.16,1360.73,1363.28,0
2018-01-25 04:00:00,1363.28,1364.52,1362.58,1363.51,0
2018-01-25 05:00:00,1363.54,1365.02,1362.78,1364.74,0
2018-01-25 06:00:00,1364.74,1366.08,1361.57,1363.42,0
2018-01-25 07:00:00,1363.4,1363.44,1359.44,1361.15,0
2018-01-25 08:00:00,1361.14,1361.23,1356.43,1358.22,0
2018-01-25 09:00:00,1358.22,1360.65,1357.93,1360.51,0
2018-01-25 10:00:00,1360.47,1360.85,1359.02,1359.52,0
2018-01-25 11:00:00,1359.51,1360.27,1359.08,1359.31,0
2018-01-25 12:00:00,1359.3,1359.57,1357.8,1358.17,0
2018-01-25 13:00:00,1358.18,1360.76,1358.08,1360.21,0
2018-01-25 14:00:00,1360.22,1361.74,1353.54,1355.1,0
2018-01-25 15:00:00,1355.08,1358.77,1354.72,1357.71,0
2018-01-25 16:00:00,1357.71,1361.37,1356.97,1360.99,0
2018-01-25 17:00:00,1360.97,1363.07,1359.93,1362.76,0
2018-01-25 18:00:00,1362.72,1364.81,1359.88,1360.51,0
2018-01-25 19:00:00,1360.52,1361.08,1342.49,1347.75,0
2018-01-25 20:00:00,1347.77,1351.5,1344.03,1348.05,0
2018-01-25 21:00:00,1348.1,1348.95,1346.66,1348.27,0
2018-01-25 23:00:00,1347.15,1348.59,1344.63,1346.84,0
2018-01-26 00:00:00,1346.84,1348.51,1345.86,1348.31,0
2018-01-26 01:00:00,1348.32,1353.81,1348.31,1352.92,0
2018-01-26 02:00:00,1352.93,1352.98,1350.63,1352.16,0
2018-01-26 03:00:00,1352.16,1353.44,1351.45,1351.99,0
2018-01-26 04:00:00,1352.0,1352.68,1351.53,1352.05,0
2018-01-26 05:00:00,1352.11,1352.45,1351.09,1352.41,0
2018-01-26 06:00:00,1352.42,1354.6,1352.12,1354.25,0
2018-01-26 07:00:00,1354.26,1357.15,1353.95,1355.76,0
2018-01-26 08:00:00,1355.77,1357.1,1354.72,1355.16,0
2018-01-26 09:00:00,1355.13,1355.79,1353.36,1354.37,0
2018-01-26 10:00:00,1354.37,1354.66,1353.33,1353.87,0
2018-01-26 11:00:00,1353.88,1355.38,1349.76,1350.51,0
2018-01-26 12:00:00,1350.5,1352.3,1350.29,1350.58,0
2018-01-26 13:00:00,1350.62,1353.87,1349.94,1351.63,0
2018-01-26 14:00:00,1351.66,1353.73,1348.76,1353.29,0
2018-01-26 15:00:00,1353.29,1353.99,1350.28,1352.08,0
2018-01-26 16:00:00,1352.07,1353.92,1351.14,1352.55,0
2018-01-26 17:00:00,1352.55,1354.14,1351.99,1353.39,0
2018-01-26 18:00:00,1353.35,1354.4,1351.99,1353.47,0
2018-01-26 19:00:00,1353.45,1354.14,1348.88,1350.53,0
2018-01-26 20:00:00,1350.52,1350.86,1348.72,1349.55,0
2018-01-26 21:00:00,1349.55,1351.53,1349.27,1349.86,0
2018-01-28 23:00:00,1349.68,1351.21,1348.96,1350.93,0
2018-01-29 00:00:00,1350.92,1352.41,1350.18,1350.81,0
2018-01-29 01:00:00,1350.82,1351.61,1347.56,1348.67,0
2018-01-29 02:00:00,1348.68,1348.77,1346.42,1348.2,0
2018-01-29 03:00:00,1348.19,1349.68,1347.93,1349.2,0
2018-01-29 04:00:00,1349.21,1349.36,1348.24,1348.44,0
2018-01-29 05:00:00,1348.45,1348.81,1347.51,1348.12,0
2018-01-29 06:00:00,1348.11,1349.06,1347.21,1348.39,0
2018-01-29 07:00:00,1348.37,1349.14,1346.31,1347.61,0
2018-01-29 08:00:00,1347.61,1347.96,1345.26,1346.25,0
2018-01-29 09:00:00,1346.24,1347.72,1345.36,1347.38,0
2018-01-29 10:00:00,1347.34,1348.74,1347.11,1347.17,0
2018-01-29 11:00:00,1347.17,1347.48,1345.9,1346.52,0
2018-01-29 12:00:00,1346.49,1347.1,1341.36,1343.31,0
2018-01-29 13:00:00,1343.38,1345.06,1343.01,1344.61,0
2018-01-29 14:00:00,1344.6,1345.6,1341.85,1343.31,0
2018-01-29 15:00:00,1343.36,1344.23,1340.35,1341.43,0
2018-01-29 16:00:00,1341.43,1341.44,1337.62,1340.07,0
2018-01-29 17:00:00,1340.05,1341.84,1339.31,1341.69,0
2018-01-29 18:00:00,1341.69,1343.3,1340.13,1342.62,0
2018-01-29 19:00:00,1342.62,1344.68,1342.46,1342.98,0
2018-01-29 20:00:00,1342.98,1343.4,1340.92,1341.96,0
2018-01-29 21:00:00,1341.96,1342.09,1339.56,1340.32,0
2018-01-29 23:00:00,1340.7,1342.07,1340.59,1341.29,0
2018-01-30 00:00:00,1341.27,1341.59,1338.21,1338.98,0
2018-01-30 01:00:00,1338.98,1341.34,1338.9,1340.29,0
2018-01-30 02:00:00,1340.29,1340.42,1334.78,1336.02,0
2018-01-30 03:00:00,1336.01,1338.03,1335.46,1337.48,0
2018-01-30 04:00:00,1337.52,1338.59,1335.99,1336.24,0
2018-01-30 05:00:00,1336.25,1336.97,1334.47,1335.12,0
2018-01-30 06:00:00,1335.13,1336.22,1334.78,1334.92,0
2018-01-30 07:00:00,1334.91,1336.31,1334.79,1336.27,0
2018-01-30 08:00:00,1336.22,1339.08,1335.36,1338.67,0
2018-01-30 09:00:00,1338.67,1344.47,1338.32,1343.74,0
2018-01-30 10:00:00,1343.76,1346.25,1343.03,1344.16,0
2018-01-30 11:00:00,1344.12,1346.03,1343.74,1345.21,0
2018-01-30 12:00:00,1345.2,1345.95,1342.95,1344.14,0
2018-01-30 13:00:00,1344.13,1346.05,1342.31,1345.95,0
2018-01-30 14:00:00,1345.92,1348.97,1345.59,1345.71,0
2018-01-30 15:00:00,1345.71,1345.91,1340.84,1341.47,0
2018-01-30 16:00:00,1341.54,1342.43,1337.52,1337.69,0
2018-01-30 17:00:00,1337.7,1341.51,1337.59,1338.64,0
2018-01-30 18:00:00,1338.65,1338.78,1335.79,1337.26,0
2018-01-30 19:00:00,1337.27,1340.2,1336.65,1340.2,0
2018-01-30 20:00:00,1340.1,1340.4,1336.27,1336.69,0
2018-01-30 21:00:00,1336.68,1338.8,1336.68,1338.52,0
2018-01-30 23:00:00,1338.15,1339.54,1336.96,1338.53,0
2018-01-31 00:00:00,1338.53,1339.48,1337.8,1339.43,0
2018-01-31 01:00:00,1339.4,1339.41,1337.31,1338.71,0
2018-01-31 02:00:00,1338.69,1338.8,1336.49,1337.62,0
2018-01-31 03:00:00,1337.62,1342.85,1337.51,1341.26,0
2018-01-31 04:00:00,1341.27,1341.37,1340.43,1340.74,0
2018-01-31 05:00:00,1340.72,1343.26,1340.24,1342.98,0
2018-01-31 06:00:00,1342.98,1344.94,1342.37,1344.05,0
2018-01-31 07:00:00,1344.05,1344.63,1342.44,1342.67,0
2018-01-31 08:00:00,1342.67,1343.91,1341.23,1341.94,0
2018-01-31 09:00:00,1341.92,1343.88,1341.8,1343.21,0
2018-01-31 10:00:00,1343.26,1343.56,1342.18,1343.09,0
2018-01-31 11:00:00,1343.12,1343.56,1342.38,1342.57,0
2018-01-31 12:00:00,1342.54,1343.96,1342.53,1343.59,0
2018-01-31 13:00:00,1343.59,1345.17,1341.46,1343.37,0
2018-01-31 14:00:00,1343.36,1344.53,1342.57,1344.34,0
2018-01-31 15:00:00,1344.35,1345.23,1342.19,1342.49,0
2018-01-31 16:00:00,1342.46,1343.18,1340.35,1341.49,0
2018-01-31 17:00:00,1341.48,1342.06,1339.34,1339.77,0
2018-01-31 18:00:00,1339.78,1341.08,1338.51,1340.33,0
2018-01-31 19:00:00,1340.33,1344.53,1332.71,1343.51,0
2018-01-31 20:00:00,1343.53,1347.58,1342.73,1345.74,0
2018-01-31 21:00:00,1345.71,1346.07,1344.42,1345.04,0
2018-01-31 23:00:00,1344.73,1346.01,1343.1,1345.28,0
2018-02-01 00:00:00,1345.28,1347.08,1345.26,1345.99,0
2018-02-01 01:00:00,1345.99,1346.0,1341.24,1342.8,0
2018-02-01 02:00:00,1342.79,1344.23,1342.46,1343.42,0
2018-02-01 03:00:00,1343.43,1344.6,1342.9,1344.01,0
2018-02-01 04:00:00,1344.02,1345.25,1343.91,1344.97,0
2018-02-01 05:00:00,1344.96,1345.2,1343.82,1344.15,0
2018-02-01 06:00:00,1344.11,1344.44,1341.55,1341.6,0
2018-02-01 07:00:00,1341.58,1342.31,1338.13,1338.78,0
2018-02-01 08:00:00,1338.7,1340.92,1338.6,1339.96,0
2018-02-01 09:00:00,1339.96,1341.51,1339.27,1340.51,0
2018-02-01 10:00:00,1340.48,1341.17,1339.24,1339.34,0
2018-02-01 11:00:00,1339.38,1340.1,1337.28,1337.69,0
2018-02-01 12:00:00,1337.67,1340.82,1337.59,1339.93,0
2018-02-01 13:00:00,1339.96,1341.14,1338.31,1340.46,0
2018-02-01 14:00:00,1340.46,1344.67,1339.34,1341.97,0
2018-02-01 15:00:00,1341.85,1344.03,1340.44,1342.27,0
2018-02-01 16:00:00,1342.25,1343.36,1341.25,1342.31,0
2018-02-01 17:00:00,1342.3,1343.39,1340.87,1341.53,0
2018-02-01 18:00:00,1341.5,1346.3,1341.28,1345.72,0
2018-02-01 19:00:00,1345.72,1346.79,1343.81,1346.79,0
2018-02-01 20:00:00,1346.75,1350.65,1346.6,1349.83,0
2018-02-01 21:00:00,1349.85,1351.11,1348.36,1348.79,0
2018-02-01 23:00:00,1349.07,1350.04,1346.83,1348.64,0
2018-02-02 00:00:00,1348.63,1349.15,1347.09,1347.79,0
2018-02-02 01:00:00,1347.78,1350.08,1346.45,1349.06,0
2018-02-02 02:00:00,1349.07,1349.63,1347.67,1347.85,0
2018-02-02 03:00:00,1347.84,1348.48,1347.58,1348.48,0
2018-02-02 04:00:00,1348.48,1348.5,1347.47,1347.59,0
2018-02-02 05:00:00,1347.59,1348.13,1346.66,1347.44,0
2018-02-02 06:00:00,1347.44,1348.52,1346.56,1347.19,0
2018-02-02 07:00:00,1347.12,1349.33,1346.98,1348.61,0
2018-02-02 08:00:00,1348.61,1348.97,1347.11,1347.78,0
2018-02-02 09:00:00,1347.77,1347.96,1345.41,1345.92,0
2018-02-02 10:00:00,1345.88,1345.93,1344.08,1345.36,0
2018-02-02 11:00:00,1345.35,1346.03,1344.3,1344.89,0
2018-02-02 12:00:00,1344.86,1345.8,1344.48,1345.47,0
2018-02-02 13:00:00,1345.5,1347.07,1335.05,1335.61,0
2018-02-02 14:00:00,1335.7,1336.95,1331.68,1331.83,0
2018-02-02 15:00:00,1331.81,1331.85,1327.48,1330.36,0
2018-02-02 16:00:00,1330.41,1331.6,1327.51,1330.41,0
2018-02-02 17:00:00,1330.41,1336.16,1330.28,1334.81,0
2018-02-02 18:00:00,1334.79,1336.81,1332.07,1332.64,0
2018-02-02 19:00:00,1332.65,1332.94,1328.8,1329.53,0
2018-02-02 20:00:00,1329.51,1332.49,1328.38,1331.9,0
2018-02-02 21:00:00,1331.93,1333.16,1330.22,1332.95,0
2018-02-04 23:00:00,1331.56,1333.92,1329.51,1332.62,0
2018-02-05 00:00:00,1332.6,1333.46,1330.86,1333.45,0
2018-02-05 01:00:00,1333.45,1333.62,1329.65,1331.29,0
2018-02-05 02:00:00,1331.29,1331.42,1329.02,1330.95,0
2018-02-05 03:00:00,1331.03,1331.84,1330.07,1330.29,0
2018-02-05 04:00:00,1330.31,1331.09,1329.92,1330.45,0
2018-02-05 05:00:00,1330.46,1332.52,1330.26,1332.46,0
2018-02-05 06:00:00,1332.45,1332.74,1331.01,1331.8,0
2018-02-05 07:00:00,1331.79,1333.47,1331.15,1332.23,0
2018-02-05 08:00:00,1332.23,1335.27,1332.21,1335.11,0
2018-02-05 09:00:00,1335.12,1335.76,1334.61,1334.88,0
2018-02-05 10:00:00,1334.86,1338.11,1334.85,1336.65,0
2018-02-05 11:00:00,1336.65,1338.59,1335.61,1336.67,0
2018-02-05 12:00:00,1336.68,1337.19,1335.08,1335.9,0
2018-02-05 13:00:00,1335.91,1337.74,1335.3,1336.82,0
2018-02-05 14:00:00,1336.8,1337.34,1333.36,1334.0,0
2018-02-05 15:00:00,1333.96,1336.63,1332.61,1335.57,0
2018-02-05 16:00:00,1335.54,1335.86,1334.32,1335.74,0
2018-02-05 17:00:00,1335.77,1337.22,1334.37,1334.91,0
2018-02-05 18:00:00,1334.93,1335.88,1333.34,1334.54,0
2018-02-05 19:00:00,1334.56,1335.3,1333.84,1334.52,0
2018-02-05 20:00:00,1334.54,1341.62,1333.95,1336.09,0
2018-02-05 21:00:00,1336.11,1340.53,1335.99,1339.53,0
2018-02-05 23:00:00,1339.68,1340.87,1337.09,1340.48,0
2018-02-06 00:00:00,1340.47,1340.92,1338.41,1339.91,0
2018-02-06 01:00:00,1339.91,1340.69,1335.94,1340.67,0
2018-02-06 02:00:00,1340.68,1346.12,1340.65,1344.58,0
2018-02-06 03:00:00,1344.59,1344.69,1343.24,1343.79,0
2018-02-06 04:00:00,1343.8,1345.48,1341.74,1342.49,0
2018-02-06 05:00:00,1342.48,1344.14,1341.7,1343.33,0
2018-02-06 06:00:00,1343.39,1344.62,1342.71,1343.95,0
2018-02-06 07:00:00,1343.95,1343.95,1341.87,1343.18,0
2018-02-06 08:00:00,1343.18,1343.93,1339.19,1340.72,0
2018-02-06 09:00:00,1340.73,1343.68,1340.5,1343.23,0
2018-02-06 10:00:00,1343.23,1344.67,1342.58,1342.77,0
2018-02-06 11:00:00,1342.78,1343.5,1341.55,1342.67,0
2018-02-06 12:00:00,1342.74,1342.92,1335.6,1335.77,0
2018-02-06 13:00:00,1335.75,1337.84,1333.6,1334.06,0
2018-02-06 14:00:00,1334.05,1335.54,1330.1,1331.23,0
2018-02-06 15:00:00,1331.21,1332.3,1326.08,1328.26,0
2018-02-06 16:00:00,1328.24,1332.89,1326.68,1329.33,0
2018-02-06 17:00:00,1329.32,1329.45,1327.41,1327.77,0
2018-02-06 18:00:00,1327.77,1329.81,1325.87,1327.42,0
2018-02-06 19:00:00,1327.41,1328.96,1326.43,1326.52,0
2018-02-06 20:00:00,1326.53,1326.61,1320.25,1321.83,0
2018-02-06 21:00:00,1321.83,1325.11,1321.64,1324.34,0
2018-02-06 23:00:00,1323.77,1327.26,1323.77,1325.39,0
2018-02-07 00:00:00,1325.39,1327.54,1324.38,1327.14,0
2018-02-07 01:00:00,1327.14,1329.57,1326.41,1329.21,0
2018-02-07 02:00:00,1329.22,1330.59,1328.43,1330.5,0
2018-02-07 03:00:00,1330.49,1330.78,1329.1,1329.13,0
2018-02-07 04:00:00,1329.15,1329.62,1328.38,1329.2,0
2018-02-07 05:00:00,1329.18,1329.96,1328.88,1329.71,0
2018-02-07 06:00:00,1329.71,1331.11,1328.94,1330.6,0
2018-02-07 07:00:00,1330.68,1332.33,1329.78,1329.98,0
2018-02-07 08:00:00,1329.94,1330.94,1329.22,1330.39,0
2018-02-07 09:00:00,1330.41,1330.61,1328.57,1328.66,0
2018-02-07 10:00:00,1328.67,1329.2,1327.42,1327.63,0
2018-02-07 11:00:00,1327.62,1328.61,1327.11,1328.33,0
2018-02-07 12:00:00,1328.3,1328.3,1323.43,1324.26,0
2018-02-07 13:00:00,1324.29,1325.35,1321.85,1322.5,0
2018-02-07 14:00:00,1322.49,1325.63,1320.04,1324.86,0
2018-02-07 15:00:00,1324.86,1325.45,1319.71,1320.89,0
2018-02-07 16:00:00,1320.9,1323.43,1317.82,1318.52,0
2018-02-07 17:00:00,1318.53,1319.21,1314.91,1315.94,0
2018-02-07 18:00:00,1315.94,1316.82,1311.45,1313.05,0
2018-02-07 19:00:00,1313.02,1315.25,1312.97,1314.63,0
2018-02-07 20:00:00,1314.65,1317.26,1313.48,1315.2,0
2018-02-07 21:00:00,1315.27,1318.61,1314.62,1318.42,0
2018-02-07 23:00:00,1318.0,1319.16,1317.06,1319.05,0
2018-02-08 00:00:00,1319.05,1319.23,1315.02,1315.53,0
2018-02-08 01:00:00,1315.53,1317.4,1314.33,1316.97,0
2018-02-08 02:00:00,1316.97,1317.03,1313.92,1314.26,0
2018-02-08 03:00:00,1314.25,1315.0,1312.74,1313.15,0
2018-02-08 04:00:00,1313.15,1313.51,1309.75,1311.14,0
2018-02-08 05:00:00,1311.16,1312.59,1310.24,1311.69,0
2018-02-08 06:00:00,1311.68,1313.59,1310.16,1310.99,0
2018-02-08 07:00:00,1310.95,1313.67,1310.49,1312.4,0
2018-02-08 08:00:00,1312.4,1313.68,1309.56,1310.93,0
2018-02-08 09:00:00,1310.93,1311.12,1309.21,1310.32,0
2018-02-08 10:00:00,1310.32,1311.79,1309.85,1311.53,0
2018-02-08 11:00:00,1311.54,1312.0,1310.21,1310.85,0
2018-02-08 12:00:00,1310.84,1313.09,1307.08,1312.28,0
2018-02-08 13:00:00,1312.32,1315.6,1310.67,1314.96,0
2018-02-08 14:00:00,1314.96,1316.9,1313.64,1315.51,0
2018-02-08 15:00:00,1315.51,1316.05,1312.45,1314.38,0
2018-02-08 16:00:00,1314.37,1318.09,1314.09,1316.63,0
2018-02-08 17:00:00,1316.67,1322.18,1316.16,1319.89,0
2018-02-08 18:00:00,1319.87,1320.44,1315.78,1317.75,0
2018-02-08 19:00:00,1317.75,1319.82,1316.76,1317.64,0
2018-02-08 20:00:00,1317.66,1319.32,1317.01,1317.38,0
2018-02-08 21:00:00,1317.39,1319.37,1316.7,1318.83,0
2018-02-08 23:00:00,1318.24,1322.7,1317.83,1322.09,0
2018-02-09 00:00:00,1322.09,1322.09,1319.83,1320.08,0
2018-02-09 01:00:00,1320.08,1320.86,1318.22,1319.35,0
2018-02-09 02:00:00,1319.36,1319.67,1316.75,1317.99,0
2018-02-09 03:00:00,1317.98,1318.6,1316.01,1317.29,0
2018-02-09 04:00:00,1317.29,1317.89,1316.95,1317.68,0
2018-02-09 05:00:00,1317.68,1318.53,1317.17,1317.88,0
2018-02-09 06:00:00,1317.87,1320.57,1317.39,1320.2,0
2018-02-09 07:00:00,1320.2,1320.47,1317.2,1317.63,0
2018-02-09 08:00:00,1317.64,1317.64,1313.57,1314.43,0
2018-02-09 09:00:00,1314.43,1316.42,1314.08,1316.19,0
2018-02-09 10:00:00,1316.17,1316.62,1314.66,1314.95,0
2018-02-09 11:00:00,1314.95,1315.78,1314.18,1314.64,0
2018-02-09 12:00:00,1314.6,1317.07,1313.81,1316.51,0
2018-02-09 13:00:00,1316.51,1318.11,1313.57,1315.95,0
2018-02-09 14:00:00,1315.94,1315.98,1312.2,1314.44,0
2018-02-09 15:00:00,1314.42,1317.61,1311.16,1315.55,0
2018-02-09 16:00:00,1315.55,1318.84,1312.73,1317.28,0
2018-02-09 17:00:00,1317.23,1319.14,1312.32,1312.56,0
2018-02-09 18:00:00,1312.49,1317.35,1312.05,1315.2,0
2018-02-09 19:00:00,1315.24,1315.5,1312.41,1314.36,0
2018-02-09 20:00:00,1314.41,1315.76,1312.92,1314.74,0
2018-02-09 21:00:00,1314.7,1317.6,1314.43,1315.98,0
2018-02-11 23:00:00,1314.91,1316.94,1314.18,1316.32,0
2018-02-12 00:00:00,1316.32,1317.33,1316.03,1316.81,0
2018-02-12 01:00:00,1316.83,1326.81,1316.83,1323.79,0
2018-02-12 02:00:00,1323.82,1326.13,1322.32,1323.99,0
2018-02-12 03:00:00,1324.0,1324.78,1322.99,1324.22,0
2018-02-12 04:00:00,1324.22,1324.47,1323.07,1323.98,0
2018-02-12 05:00:00,1323.97,1324.6,1322.94,1323.53,0
2018-02-12 06:00:00,1323.55,1324.29,1322.62,1323.82,0
2018-02-12 07:00:00,1323.82,1324.16,1321.5,1321.57,0
2018-02-12 08:00:00,1321.56,1322.9,1320.52,1321.74,0
2018-02-12 09:00:00,1321.73,1322.06,1320.75,1321.39,0
2018-02-12 10:00:00,1321.39,1321.87,1320.56,1320.84,0
2018-02-12 11:00:00,1320.84,1321.49,1319.95,1320.81,0
2018-02-12 12:00:00,1320.81,1320.85,1317.12,1319.06,0
2018-02-12 13:00:00,1319.05,1319.82,1317.43,1319.29,0
2018-02-12 14:00:00,1319.29,1323.26,1318.69,1322.82,0
2018-02-12 15:00:00,1322.82,1325.41,1321.74,1324.5,0
2018-02-12 16:00:00,1324.59,1325.58,1323.23,1323.64,0
2018-02-12 17:00:00,1323.64,1326.15,1323.41,1324.72,0
2018-02-12 18:00:00,1324.71,1325.72,1322.93,1323.46,0
2018-02-12 19:00:00,1323.43,1324.75,1322.35,1322.56,0
2018-02-12 20:00:00,1322.61,1324.32,1321.32,1321.37,0
2018-02-12 21:00:00,1321.37,1322.94,1321.32,1322.52,0
2018-02-12 23:00:00,1322.47,1324.9,1322.3,1322.54,0
2018-02-13 00:00:00,1322.54,1323.63,1321.63,1322.74,0
2018-02-13 01:00:00,1322.76,1323.51,1321.72,1323.24,0
2018-02-13 02:00:00,1323.22,1323.64,1322.45,1323.13,0
2018-02-13 03:00:00,1323.11,1324.23,1323.08,1324.02,0
2018-02-13 04:00:00,1324.02,1326.28,1324.02,1326.17,0
2018-02-13 05:00:00,1326.1,1328.73,1325.55,1326.39,0
2018-02-13 06:00:00,1326.39,1327.25,1324.66,1325.8,0
2018-02-13 07:00:00,1325.78,1328.76,1324.9,1327.31,0
2018-02-13 08:00:00,1327.29,1329.96,1326.56,1328.76,0
2018-02-13 09:00:00,1328.78,1329.63,1328.34,1328.63,0
2018-02-13 10:00:00,1328.66,1331.08,1328.49,1329.54,0
2018-02-13 11:00:00,1329.5,1329.67,1327.43,1327.65,0
2018-02-13 12:00:00,1327.65,1329.78,1327.25,1328.14,0
2018-02-13 13:00:00,1328.17,1328.26,1325.26,1325.9,0
2018-02-13 14:00:00,1325.89,1326.41,1322.92,1325.87,0
2018-02-13 15:00:00,1325.85,1328.84,1324.0,1328.66,0
2018-02-13 16:00:00,1328.66,1329.61,1327.57,1328.5,0
2018-02-13 17:00:00,1328.58,1328.73,1326.53,1327.37,0
2018-02-13 18:00:00,1327.38,1329.04,1326.72,1326.97,0
2018-02-13 19:00:00,1327.01,1328.61,1326.61,1328.31,0
2018-02-13 20:00:00,1328.35,1329.92,1328.34,1329.13,0
2018-02-13 21:00:00,1329.11,1329.7,1328.96,1329.36,0
2018-02-13 23:00:00,1329.42,1332.99,1329.24,1331.8,0
2018-02-14 00:00:00,1331.89,1333.14,1331.6,1332.66,0
2018-02-14 01:00:00,1332.65,1333.86,1330.96,1332.22,0
2018-02-14 02:00:00,1332.22,1335.17,1332.0,1335.1,0
2018-02-14 03:00:00,1335.1,1336.97,1334.4,1336.27,0
2018-02-14 04:00:00,1336.27,1336.33,1334.13,1334.56,0
2018-02-14 05:00:00,1334.57,1335.58,1334.24,1334.88,0
2018-02-14 06:00:00,1334.87,1335.06,1333.4,1334.38,0
2018-02-14 07:00:00,1334.34,1334.38,1331.48,1331.92,0
2018-02-14 08:00:00,1331.93,1333.13,1331.65,1331.79,0
2018-02-14 09:00:00,1331.78,1331.87,1330.18,1330.48,0
2018-02-14 10:00:00,1330.48,1332.39,1330.22,1331.97,0
2018-02-14 11:00:00,1331.97,1332.03,1329.67,1330.33,0
2018-02-14 12:00:00,1330.35,1332.31,1330.28,1331.41,0
2018-02-14 13:00:00,1331.51,1331.98,1317.02,1327.56,0
2018-02-14 14:00:00,1327.58,1336.16,1326.77,1333.93,0
2018-02-14 15:00:00,1333.88,1349.41,1333.87,1348.36,0
2018-02-14 16:00:00,1348.35,1349.28,1345.83,1346.8,0
2018-02-14 17:00:00,1346.81,1349.45,1345.74,1349.25,0
2018-02-14 18:00:00,1349.15,1355.54,1349.06,1352.69,0
2018-02-14 19:00:00,1352.68,1355.47,1352.08,1353.74,0
2018-02-14 20:00:00,1353.74,1355.0,1351.69,1352.02,0
2018-02-14 21:00:00,1352.07,1352.4,1350.21,1350.42,0
2018-02-14 23:00:00,1349.98,1354.65,1349.75,1353.82,0
2018-02-15 00:00:00,1353.88,1355.1,1350.71,1351.41,0
2018-02-15 01:00:00,1351.41,1354.21,1351.21,1352.4,0
2018-02-15 02:00:00,1352.41,1355.15,1352.02,1353.89,0
2018-02-15 03:00:00,1353.89,1354.42,1353.09,1354.38,0
2018-02-15 04:00:00,1354.4,1355.29,1353.84,1353.89,0
2018-02-15 05:00:00,1353.87,1355.17,1353.53,1354.27,0
2018-02-15 06:00:00,1354.27,1354.96,1352.44,1352.56,0
2018-02-15 07:00:00,1352.59,1355.12,1352.2,1354.75,0
2018-02-15 08:00:00,1354.71,1357.16,1353.92,1356.52,0
2018-02-15 09:00:00,1356.51,1356.71,1353.33,1354.7,0
2018-02-15 10:00:00,1354.68,1354.87,1353.28,1353.68,0
2018-02-15 11:00:00,1353.66,1353.99,1350.45,1351.07,0
2018-02-15 12:00:00,1351.15,1351.7,1348.59,1350.77,0
2018-02-15 13:00:00,1350.78,1353.93,1350.51,1352.74,0
2018-02-15 14:00:00,1352.75,1354.4,1351.27,1353.74,0
2018-02-15 15:00:00,1353.73,1353.85,1348.93,1352.09,0
2018-02-15 16:00:00,1352.19,1353.4,1349.88,1351.98,0
2018-02-15 17:00:00,1351.97,1352.07,1348.7,1351.3,0
2018-02-15 18:00:00,1351.3,1353.33,1350.73,1352.8,0
2018-02-15 19:00:00,1352.8,1355.08,1352.79,1354.9,0
2018-02-15 20:00:00,1354.89,1355.18,1353.15,1353.41,0
2018-02-15 21:00:00,1353.4,1353.6,1352.38,1353.23,0
2018-02-15 23:00:00,1353.61,1354.31,1353.17,1353.94,0
2018-02-16 00:00:00,1353.93,1354.29,1352.82,1352.91,0
2018-02-16 01:00:00,1352.91,1354.89,1352.44,1354.39,0
2018-02-16 02:00:00,1354.38,1357.39,1353.97,1356.74,0
2018-02-16 03:00:00,1356.77,1357.17,1355.7,1356.59,0
2018-02-16 04:00:00,1356.59,1359.5,1355.45,1358.72,0
2018-02-16 05:00:00,1358.73,1359.97,1358.07,1358.33,0
2018-02-16 06:00:00,1358.32,1358.68,1356.9,1357.64,0
2018-02-16 07:00:00,1357.62,1358.74,1357.35,1357.78,0
2018-02-16 08:00:00,1357.78,1360.37,1357.76,1360.05,0
2018-02-16 09:00:00,1360.05,1361.76,1359.97,1360.0,0
2018-02-16 10:00:00,1360.0,1360.64,1358.43,1358.76,0
2018-02-16 11:00:00,1358.76,1359.22,1357.6,1358.14,0
2018-02-16 12:00:00,1358.12,1358.39,1353.33,1356.3,0
2018-02-16 13:00:00,1356.28,1357.14,1354.14,1355.35,0
2018-02-16 14:00:00,1355.34,1355.36,1351.46,1353.96,0
2018-02-16 15:00:00,1353.95,1355.93,1351.14,1355.55,0
2018-02-16 16:00:00,1355.51,1356.64,1353.23,1353.23,0
2018-02-16 17:00:00,1353.23,1354.08,1351.42,1353.68,0
2018-02-16 18:00:00,1353.68,1354.06,1347.79,1348.52,0
2018-02-16 19:00:00,1348.54,1348.9,1344.78,1347.66,0
2018-02-16 20:00:00,1347.66,1349.26,1345.8,1348.76,0
2018-02-16 21:00:00,1348.76,1348.94,1346.94,1347.11,0
2018-02-18 23:00:00,1347.51,1349.89,1347.36,1348.08,0
2018-02-19 00:00:00,1348.08,1350.6,1347.13,1350.06,0
2018-02-19 01:00:00,1350.06,1351.01,1349.32,1350.41,0
2018-02-19 02:00:00,1350.37,1351.4,1350.06,1350.4,0
2018-02-19 03:00:00,1350.4,1350.5,1348.32,1348.89,0
2018-02-19 04:00:00,1348.88,1349.16,1347.25,1347.79,0
2018-02-19 05:00:00,1347.77,1348.8,1346.29,1346.59,0
2018-02-19 06:00:00,1346.58,1348.36,1346.31,1348.0,0
2018-02-19 07:00:00,1348.01,1349.24,1346.61,1348.35,0
2018-02-19 08:00:00,1348.35,1348.9,1346.83,1346.94,0
2018-02-19 09:00:00,1346.94,1347.75,1346.46,1347.3,0
2018-02-19 10:00:00,1347.3,1348.42,1347.23,1348.32,0
2018-02-19 11:00:00,1348.32,1348.55,1347.36,1348.31,0
2018-02-19 12:00:00,1348.25,1348.85,1346.51,1347.4,0
2018-02-19 13:00:00,1347.41,1347.76,1346.09,1346.72,0
2018-02-19 14:00:00,1346.72,1347.66,1345.83,1347.25,0
2018-02-19 15:00:00,1347.24,1348.66,1346.68,1348.4,0
2018-02-19 16:00:00,1348.4,1348.61,1347.13,1347.91,0
2018-02-19 17:00:00,1347.9,1348.15,1346.23,1346.65,0
2018-02-19 18:00:00,1346.66,1346.72,1346.62,1346.68,0
2018-02-19 23:00:00,1346.66,1348.2,1343.81,1345.39,0
2018-02-20 00:00:00,1345.39,1346.58,1343.79,1343.92,0
2018-02-20 01:00:00,1343.93,1343.97,1340.84,1341.53,0
2018-02-20 02:00:00,1341.54,1343.12,1340.85,1341.21,0
2018-02-20 03:00:00,1341.2,1342.31,1340.37,1341.29,0
2018-02-20 04:00:00,1341.3,1341.85,1340.85,1341.26,0
2018-02-20 05:00:00,1341.27,1341.88,1340.54,1340.71,0
2018-02-20 06:00:00,1340.72,1340.72,1339.06,1339.76,0
2018-02-20 07:00:00,1339.74,1340.26,1337.94,1338.82,0
2018-02-20 08:00:00,1338.81,1339.03,1336.61,1337.75,0
2018-02-20 09:00:00,1337.74,1338.78,1336.74,1337.58,0
2018-02-20 10:00:00,1337.57,1338.61,1337.19,1337.75,0
2018-02-20 11:00:00,1337.77,1340.21,1336.9,1339.72,0
2018-02-20 12:00:00,1339.8,1340.61,1337.83,1339.35,0
2018-02-20 13:00:00,1339.42,1341.13,1335.45,1336.45,0
2018-02-20 14:00:00,1336.47,1343.27,1336.25,1340.07,0
2018-02-20 15:00:00,1340.06,1341.0,1336.81,1338.01,0
2018-02-20 16:00:00,1338.07,1338.43,1330.16,1331.79,0
2018-02-20 17:00:00,1331.82,1333.35,1329.29,1329.49,0
2018-02-20 18:00:00,1329.49,1330.76,1328.51,1330.02,0
2018-02-20 19:00:00,1330.09,1331.82,1329.82,1329.87,0
2018-02-20 20:00:00,1329.85,1331.8,1328.77,1330.82,0
2018-02-20 21:00:00,1330.83,1331.01,1329.24,1329.44,0
2018-02-20 23:00:00,1328.88,1330.59,1328.82,1329.96,0
2018-02-21 00:00:00,1329.95,1330.77,1328.11,1328.76,0
2018-02-21 01:00:00,1328.73,1329.42,1327.38,1327.98,0
2018-02-21 02:00:00,1327.98,1330.51,1326.87,1327.24,0
2018-02-21 03:00:00,1327.24,1327.3,1325.62,1326.48,0
2018-02-21 04:00:00,1326.47,1327.77,1325.92,1326.28,0
2018-02-21 05:00:00,1326.27,1327.64,1325.55,1327.25,0
2018-02-21 06:00:00,1327.27,1328.34,1327.0,1328.14,0
2018-02-21 07:00:00,1327.87,1328.36,1325.01,1325.74,0
2018-02-21 08:00:00,1325.71,1329.3,1325.45,1328.83,0
2018-02-21 09:00:00,1328.82,1330.05,1328.34,1329.66,0
2018-02-21 10:00:00,1329.66,1329.71,1328.26,1329.52,0
2018-02-21 11:00:00,1329.58,1329.8,1327.93,1328.23,0
2018-02-21 12:00:00,1328.22,1329.56,1327.47,1328.03,0
2018-02-21 13:00:00,1328.01,1330.14,1327.31,1330.02,0
2018-02-21 14:00:00,1329.99,1332.35,1329.58,1330.66,0
2018-02-21 15:00:00,1330.66,1332.95,1328.26,1330.14,0
2018-02-21 16:00:00,1330.14,1330.84,1327.52,1328.32,0
2018-02-21 17:00:00,1328.38,1329.98,1326.04,1329.81,0
2018-02-21 18:00:00,1329.81,1331.2,1326.69,1329.4,0
2018-02-21 19:00:00,1329.54,1336.25,1325.8,1326.44,0
2018-02-21 20:00:00,1326.42,1326.5,1322.4,1324.66,0
2018-02-21 21:00:00,1324.64,1324.76,1322.87,1324.41,0
2018-02-21 23:00:00,1323.66,1327.1,1323.62,1326.67,0
2018-02-22 00:00:00,1326.67,1326.67,1324.76,1326.23,0
2018-02-22 01:00:00,1326.23,1326.33,1323.16,1324.76,0
2018-02-22 02:00:00,1324.78,1325.21,1322.54,1323.8,0
2018-02-22 03:00:00,1323.81,1324.6,1323.53,1323.96,0
2018-02-22 04:00:00,1323.94,1324.43,1322.62,1323.57,0
2018-02-22 05:00:00,1323.56,1324.79,1323.51,1323.57,0
2018-02-22 06:00:00,1323.55,1324.26,1321.2,1321.71,0
2018-02-22 07:00:00,1321.72,1322.55,1320.97,1321.92,0
2018-02-22 08:00:00,1321.93,1322.88,1321.15,1321.61,0
2018-02-22 09:00:00,1321.61,1323.69,1321.51,1322.79,0
2018-02-22 10:00:00,1322.78,1324.21,1322.58,1323.6,0
2018-02-22 11:00:00,1323.6,1324.03,1322.22,1323.28,0
2018-02-22 12:00:00,1323.27,1324.73,1322.14,1323.83,0
2018-02-22 13:00:00,1323.79,1327.1,1323.14,1326.73,0
2018-02-22 14:00:00,1326.73,1328.49,1325.81,1327.34,0
2018-02-22 15:00:00,1327.33,1331.32,1327.28,1328.39,0
2018-02-22 16:00:00,1328.39,1329.99,1328.07,1329.39,0
2018-02-22 17:00:00,1329.4,1331.98,1328.63,1330.04,0
2018-02-22 18:00:00,1330.05,1332.1,1329.94,1330.12,0
2018-02-22 19:00:00,1330.08,1331.44,1329.78,1330.68,0
2018-02-22 20:00:00,1330.7,1331.7,1330.28,1331.38,0
2018-02-22 21:00:00,1331.36,1332.14,1330.71,1331.93,0
2018-02-22 23:00:00,1331.3,1332.17,1330.28,1330.54,0
2018-02-23 00:00:00,1330.53,1331.18,1329.26,1330.27,0
2018-02-23 01:00:00,1330.25,1331.16,1328.73,1330.9,0
2018-02-23 02:00:00,1330.9,1331.0,1329.13,1329.34,0
2018-02-23 03:00:00,1329.33,1329.64,1328.09,1328.51,0
2018-02-23 04:00:00,1328.51,1328.86,1326.73,1327.17,0
2018-02-23 05:00:00,1327.16,1327.97,1326.23,1327.71,0
2018-02-23 06:00:00,1327.71,1328.68,1326.31,1326.66,0
2018-02-23 07:00:00,1326.66,1327.48,1325.84,1327.33,0
2018-02-23 08:00:00,1327.33,1329.84,1327.2,1329.6,0
2018-02-23 09:00:00,1329.6,1329.76,1327.68,1327.92,0
2018-02-23 10:00:00,1327.94,1329.61,1327.48,1328.83,0
2018-02-23 11:00:00,1328.84,1330.78,1327.9,1330.68,0
2018-02-23 12:00:00,1330.69,1331.66,1330.08,1330.41,0
2018-02-23 13:00:00,1330.4,1331.08,1328.28,1329.19,0
2018-02-23 14:00:00,1329.19,1330.46,1326.77,1328.4,0
2018-02-23 15:00:00,1328.39,1329.63,1327.49,1328.98,0
2018-02-23 16:00:00,1329.0,1329.33,1327.37,1328.81,0
2018-02-23 17:00:00,1328.81,1330.6,1328.53,1330.18,0
2018-02-23 18:00:00,1330.19,1330.25,1328.13,1328.35,0
2018-02-23 19:00:00,1328.35,1329.8,1328.32,1329.12,0
2018-02-23 20:00:00,1329.12,1330.28,1328.93,1329.35,0
2018-02-23 21:00:00,1329.29,1329.42,1328.61,1328.64,0
2018-02-25 23:00:00,1328.2,1330.01,1326.6,1327.08,0
2018-02-26 00:00:00,1327.08,1328.85,1327.04,1328.51,0
2018-02-26 01:00:00,1328.5,1335.22,1328.44,1333.77,0
2018-02-26 02:00:00,1333.78,1338.02,1333.75,1336.8,0
2018-02-26 03:00:00,1336.81,1337.74,1336.19,1336.87,0
2018-02-26 04:00:00,1336.91,1337.53,1336.5,1336.86,0
2018-02-26 05:00:00,1336.83,1339.78,1336.38,1339.75,0
2018-02-26 06:00:00,1339.76,1340.19,1338.84,1339.67,0
2018-02-26 07:00:00,1339.67,1341.06,1338.84,1339.41,0
2018-02-26 08:00:00,1339.42,1339.85,1338.0,1338.12,0
2018-02-26 09:00:00,1338.12,1340.4,1337.86,1340.18,0
2018-02-26 10:00:00,1340.17,1340.8,1338.97,1339.4,0
2018-02-26 11:00:00,1339.41,1339.55,1337.61,1337.95,0
2018-02-26 12:00:00,1337.95,1338.65,1336.28,1336.89,0
2018-02-26 13:00:00,1336.82,1338.07,1335.69,1336.32,0
2018-02-26 14:00:00,1336.32,1336.47,1330.42,1333.94,0
2018-02-26 15:00:00,1333.94,1334.76,1331.41,1332.49,0
2018-02-26 16:00:00,1332.46,1333.34,1330.76,1331.0,0
2018-02-26 17:00:00,1331.0,1332.53,1330.15,1332.46,0
2018-02-26 18:00:00,1332.46,1332.66,1330.83,1331.63,0
2018-02-26 19:00:00,1331.64,1333.1,1331.24,1332.82,0
2018-02-26 20:00:00,1332.83,1333.63,1332.16,1333.27,0
2018-02-26 21:00:00,1333.24,1333.58,1332.99,1333.26,0
2018-02-26 23:00:00,1332.55,1333.43,1331.09,1332.23,0
2018-02-27 00:00:00,1332.22,1335.82,1331.87,1335.12,0
2018-02-27 01:00:00,1335.13,1336.74,1334.76,1335.78,0
2018-02-27 02:00:00,1335.78,1336.42,1334.15,1334.43,0
2018-02-27 03:00:00,1334.44,1334.61,1332.94,1333.21,0
2018-02-27 04:00:00,1333.25,1333.78,1331.72,1332.21,0
2018-02-27 05:00:00,1332.2,1333.81,1332.17,1333.08,0
2018-02-27 06:00:00,1333.08,1333.41,1331.44,1332.98,0
2018-02-27 07:00:00,1332.98,1334.62,1332.74,1333.85,0
2018-02-27 08:00:00,1333.82,1334.75,1332.74,1333.64,0
2018-02-27 09:00:00,1333.64,1333.98,1332.81,1333.76,0
2018-02-27 10:00:00,1333.76,1334.18,1332.11,1332.59,0
2018-02-27 11:00:00,1332.58,1333.33,1332.04,1332.45,0
2018-02-27 12:00:00,1332.46,1333.04,1332.05,1332.39,0
2018-02-27 13:00:00,1332.41,1332.45,1324.46,1328.11,0
2018-02-27 14:00:00,1328.04,1329.89,1325.89,1325.91,0
2018-02-27 15:00:00,1325.9,1326.4,1315.89,1318.06,0
2018-02-27 16:00:00,1318.06,1319.26,1314.82,1315.86,0
2018-02-27 17:00:00,1315.87,1317.01,1313.45,1315.56,0
2018-02-27 18:00:00,1315.56,1318.32,1315.03,1318.24,0
2018-02-27 19:00:00,1318.28,1318.84,1317.16,1317.78,0
2018-02-27 20:00:00,1317.82,1318.88,1317.46,1318.81,0
2018-02-27 21:00:00,1318.81,1318.81,1317.76,1318.46,0
2018-02-27 23:00:00,1317.75,1318.97,1317.2,1317.51,0
2018-02-28 00:00:00,1317.49,1317.57,1315.64,1317.35,0
2018-02-28 01:00:00,1317.36,1319.05,1316.27,1317.64,0
2018-02-28 02:00:00,1317.63,1318.37,1316.87,1316.88,0
2018-02-28 03:00:00,1316.88,1318.38,1316.8,1317.46,0
2018-02-28 04:00:00,1317.47,1318.0,1316.97,1317.52,0
2018-02-28 05:00:00,1317.51,1318.11,1317.27,1317.98,0
2018-02-28 06:00:00,1318.01,1319.25,1317.36,1318.62,0
2018-02-28 07:00:00,1318.63,1319.45,1317.86,1318.24,0
2018-02-28 08:00:00,1318.22,1318.54,1316.97,1317.59,0
2018-02-28 09:00:00,1317.58,1321.36,1317.28,1321.11,0
2018-02-28 10:00:00,1321.13,1321.31,1319.66,1319.85,0
2018-02-28 11:00:00,1319.85,1320.41,1318.74,1319.51,0
2018-02-28 12:00:00,1319.54,1320.69,1319.39,1320.2,0
2018-02-28 13:00:00,1320.19,1320.28,1316.04,1317.51,0
2018-02-28 14:00:00,1317.55,1322.57,1317.55,1318.17,0
2018-02-28 15:00:00,1318.08,1319.46,1315.84,1318.69,0
2018-02-28 16:00:00,1318.69,1320.43,1318.22,1320.25,0
2018-02-28 17:00:00,1320.25,1321.17,1319.25,1319.25,0
2018-02-28 18:00:00,1319.26,1319.69,1316.27,1318.97,0
2018-02-28 19:00:00,1318.99,1319.6,1317.58,1318.28,0
2018-02-28 20:00:00,1318.28,1318.77,1317.34,1317.53,0
2018-02-28 21:00:00,1317.57,1318.53,1317.57,1318.07,0
2018-02-28 23:00:00,1318.0,1319.94,1317.14,1317.41,0
2018-03-01 00:00:00,1317.4,1318.02,1314.99,1315.39,0
2018-03-01 01:00:00,1315.4,1316.74,1314.63,1316.19,0
2018-03-01 02:00:00,1316.2,1316.5,1315.04,1315.36,0
2018-03-01 03:00:00,1315.43,1315.91,1315.02,1315.51,0
2018-03-01 04:00:00,1315.5,1316.09,1313.66,1314.64,0
2018-03-01 05:00:00,1314.66,1314.86,1313.63,1313.63,0
2018-03-01 06:00:00,1313.63,1314.35,1312.53,1314.19,0
2018-03-01 07:00:00,1314.19,1315.27,1313.26,1313.38,0
2018-03-01 08:00:00,1313.37,1313.41,1311.31,1311.67,0
2018-03-01 09:00:00,1311.67,1311.76,1310.34,1310.84,0
2018-03-01 10:00:00,1310.87,1312.09,1310.31,1311.23,0
2018-03-01 11:00:00,1311.24,1311.33,1310.08,1310.66,0
2018-03-01 12:00:00,1310.61,1310.64,1305.94,1306.58,0
2018-03-01 13:00:00,1306.57,1310.52,1304.71,1310.37,0
2018-03-01 14:00:00,1310.38,1311.51,1306.08,1307.54,0
2018-03-01 15:00:00,1306.93,1310.49,1302.82,1305.85,0
2018-03-01 16:00:00,1305.87,1312.96,1304.75,1310.86,0
2018-03-01 17:00:00,1310.87,1311.87,1308.78,1309.76,0
2018-03-01 18:00:00,1309.75,1310.18,1303.94,1306.82,0
2018-03-01 19:00:00,1306.82,1316.26,1306.69,1316.12,0
2018-03-01 20:00:00,1316.12,1321.18,1314.78,1315.09,0
2018-03-01 21:00:00,1315.19,1317.32,1315.09,1316.96,0
2018-03-01 23:00:00,1317.11,1317.38,1316.15,1317.05,0
2018-03-02 00:00:00,1317.1,1317.5,1316.47,1316.56,0
2018-03-02 01:00:00,1316.56,1318.38,1315.25,1317.76,0
2018-03-02 02:00:00,1317.77,1317.87,1315.8,1316.65,0
2018-03-02 03:00:00,1316.64,1317.25,1316.34,1316.86,0
2018-03-02 04:00:00,1316.85,1317.31,1315.95,1316.85,0
2018-03-02 05:00:00,1316.88,1319.15,1316.41,1318.44,0
2018-03-02 06:00:00,1318.45,1318.69,1317.17,1317.19,0
2018-03-02 07:00:00,1317.17,1318.37,1316.26,1317.35,0
2018-03-02 08:00:00,1317.34,1318.04,1316.2,1317.37,0
2018-03-02 09:00:00,1317.36,1317.78,1315.73,1316.43,0
2018-03-02 10:00:00,1316.41,1319.0,1316.27,1318.97,0
2018-03-02 11:00:00,1318.97,1324.01,1318.56,1321.94,0
2018-03-02 12:00:00,1321.94,1323.85,1321.06,1321.41,0
2018-03-02 13:00:00,1321.41,1325.29,1320.7,1325.06,0
2018-03-02 14:00:00,1325.03,1325.48,1321.58,1323.04,0
2018-03-02 15:00:00,1323.04,1323.77,1319.76,1320.27,0
2018-03-02 16:00:00,1320.27,1321.37,1317.58,1318.2,0
2018-03-02 17:00:00,1318.2,1320.9,1318.03,1320.62,0
2018-03-02 18:00:00,1320.62,1323.8,1320.13,1322.43,0
2018-03-02 19:00:00,1322.44,1323.18,1322.14,1322.77,0
2018-03-02 20:00:00,1322.77,1323.27,1320.36,1321.88,0
2018-03-02 21:00:00,1321.9,1322.73,1321.32,1322.41,0
2018-03-04 23:00:00,1323.58,1324.27,1320.21,1323.13,0
2018-03-05 00:00:00,1323.13,1324.94,1322.46,1324.14,0
2018-03-05 01:00:00,1324.11,1326.65,1323.89,1325.95,0
2018-03-05 02:00:00,1325.95,1326.5,1325.2,1325.59,0
2018-03-05 03:00:00,1325.59,1327.14,1325.11,1326.77,0
2018-03-05 04:00:00,1326.75,1327.03,1326.15,1326.54,0
2018-03-05 05:00:00,1326.52,1326.82,1325.65,1326.34,0
2018-03-05 06:00:00,1326.29,1326.64,1325.52,1325.62,0
2018-03-05 07:00:00,1325.64,1327.8,1324.73,1326.66,0
2018-03-05 08:00:00,1326.67,1327.74,1325.16,1326.07,0
2018-03-05 09:00:00,1326.05,1326.84,1325.41,1325.68,0
2018-03-05 10:00:00,1325.68,1326.57,1325.08,1326.22,0
2018-03-05 11:00:00,1326.2,1326.34,1323.44,1323.7,0
2018-03-05 12:00:00,1323.69,1324.27,1322.71,1323.49,0
2018-03-05 13:00:00,1323.46,1323.74,1321.45,1321.54,0
2018-03-05 14:00:00,1321.54,1322.14,1319.73,1321.06,0
2018-03-05 15:00:00,1321.02,1323.03,1319.89,1321.54,0
2018-03-05 16:00:00,1321.54,1322.42,1320.26,1320.31,0
2018-03-05 17:00:00,1320.27,1320.8,1318.62,1319.32,0
2018-03-05 18:00:00,1319.34,1320.49,1317.81,1317.97,0
2018-03-05 19:00:00,1317.96,1319.84,1317.55,1319.75,0
2018-03-05 20:00:00,1319.76,1320.09,1318.6,1319.68,0
2018-03-05 21:00:00,1319.66,1320.61,1319.57,1320.3,0
2018-03-05 23:00:00,1319.76,1321.49,1319.64,1320.96,0
2018-03-06 00:00:00,1320.9,1322.73,1320.83,1322.26,0
2018-03-06 01:00:00,1322.26,1323.08,1322.15,1322.65,0
2018-03-06 02:00:00,1322.65,1322.8,1321.57,1322.04,0
2018-03-06 03:00:00,1322.05,1322.65,1321.73,1322.21,0
2018-03-06 04:00:00,1322.21,1324.19,1322.07,1323.4,0
2018-03-06 05:00:00,1323.38,1323.93,1322.13,1323.05,0
2018-03-06 06:00:00,1323.08,1324.3,1322.28,1322.48,0
2018-03-06 07:00:00,1322.48,1322.79,1320.55,1320.69,0
2018-03-06 08:00:00,1320.67,1322.87,1320.59,1322.31,0
2018-03-06 09:00:00,1322.32,1324.59,1322.31,1324.27,0
2018-03-06 10:00:00,1324.25,1325.51,1324.25,1325.07,0
2018-03-06 11:00:00,1325.08,1328.23,1323.97,1327.72,0
2018-03-06 12:00:00,1327.71,1328.5,1326.69,1328.2,0
2018-03-06 13:00:00,1328.2,1332.28,1328.2,1332.15,0
2018-03-06 14:00:00,1332.17,1332.83,1329.84,1332.26,0
2018-03-06 15:00:00,1332.21,1336.6,1331.82,1336.14,0
2018-03-06 16:00:00,1336.14,1338.49,1335.6,1337.71,0
2018-03-06 17:00:00,1337.71,1338.03,1332.9,1332.92,0
2018-03-06 18:00:00,1332.94,1335.77,1332.29,1334.67,0
2018-03-06 19:00:00,1334.67,1336.14,1334.56,1334.86,0
2018-03-06 20:00:00,1334.94,1335.35,1333.25,1333.86,0
2018-03-06 21:00:00,1333.86,1334.65,1333.61,1334.62,0
2018-03-06 23:00:00,1337.66,1340.48,1336.43,1339.1,0
2018-03-07 00:00:00,1339.09,1340.42,1336.52,1336.7,0
2018-03-07 01:00:00,1336.68,1336.8,1334.23,1334.42,0
2018-03-07 02:00:00,1334.42,1336.46,1334.34,1335.75,0
2018-03-07 03:00:00,1335.75,1335.75,1334.21,1335.11,0
2018-03-07 04:00:00,1335.1,1335.25,1332.07,1332.81,0
2018-03-07 05:00:00,1332.81,1335.07,1332.3,1332.8,0
2018-03-07 06:00:00,1332.79,1335.26,1332.17,1334.0,0
2018-03-07 07:00:00,1334.01,1334.02,1332.28,1332.4,0
2018-03-07 08:00:00,1332.41,1333.07,1331.3,1332.38,0
2018-03-07 09:00:00,1332.38,1333.62,1331.96,1333.39,0
2018-03-07 10:00:00,1333.39,1333.49,1331.91,1333.06,0
2018-03-07 11:00:00,1333.06,1333.81,1330.57,1331.05,0
2018-03-07 12:00:00,1331.04,1331.87,1329.67,1331.83,0
2018-03-07 13:00:00,1331.82,1332.5,1329.44,1331.32,0
2018-03-07 14:00:00,1331.33,1331.63,1328.61,1329.8,0
2018-03-07 15:00:00,1329.81,1331.55,1326.78,1327.07,0
2018-03-07 16:00:00,1327.07,1327.31,1322.7,1324.41,0
2018-03-07 17:00:00,1324.37,1326.95,1324.03,1325.79,0
2018-03-07 18:00:00,1325.79,1327.99,1325.43,1325.76,0
2018-03-07 19:00:00,1325.75,1325.9,1322.21,1323.58,0
2018-03-07 20:00:00,1323.57,1325.19,1322.87,1325.17,0
2018-03-07 21:00:00,1325.13,1325.9,1324.85,1325.52,0
2018-03-07 23:00:00,1325.01,1326.37,1324.23,1324.56,0
2018-03-08 00:00:00,1324.55,1326.43,1323.62,1326.22,0
2018-03-08 01:00:00,1326.21,1327.43,1325.55,1326.94,0
2018-03-08 02:00:00,1326.94,1328.04,1326.86,1327.51,0
2018-03-08 03:00:00,1327.5,1328.11,1327.07,1327.9,0
2018-03-08 04:00:00,1327.9,1328.16,1327.28,1327.53,0
2018-03-08 05:00:00,1327.52,1327.75,1326.68,1326.93,0
2018-03-08 06:00:00,1326.93,1328.71,1326.68,1328.15,0
2018-03-08 07:00:00,1328.08,1329.06,1327.78,1328.28,0
2018-03-08 08:00:00,1328.29,1328.5,1325.97,1326.32,0
2018-03-08 09:00:00,1326.32,1326.32,1324.57,1325.21,0
2018-03-08 10:00:00,1325.19,1326.01,1324.72,1325.57,0
2018-03-08 11:00:00,1325.56,1325.88,1324.01,1324.98,0
2018-03-08 12:00:00,1324.95,1326.79,1323.66,1324.59,0
2018-03-08 13:00:00,1324.55,1326.76,1323.68,1325.51,0
2018-03-08 14:00:00,1325.51,1326.33,1321.91,1322.14,0
2018-03-08 15:00:00,1322.12,1322.12,1319.05,1319.4,0
2018-03-08 16:00:00,1319.41,1322.3,1319.19,1320.85,0
2018-03-08 17:00:00,1320.85,1322.57,1319.42,1321.81,0
2018-03-08 18:00:00,1321.81,1322.33,1320.0,1321.52,0
2018-03-08 19:00:00,1321.51,1322.66,1320.35,1322.05,0
2018-03-08 20:00:00,1322.04,1322.7,1321.23,1322.21,0
2018-03-08 21:00:00,1322.2,1322.49,1321.7,1321.91,0
2018-03-08 23:00:00,1321.71,1321.98,1320.21,1320.96,0
2018-03-09 00:00:00,1320.97,1321.29,1318.07,1318.5,0
2018-03-09 01:00:00,1318.49,1318.85,1316.88,1317.4,0
2018-03-09 02:00:00,1317.36,1318.54,1316.88,1318.33,0
2018-03-09 03:00:00,1318.36,1318.53,1317.55,1317.88,0
2018-03-09 04:00:00,1317.89,1318.26,1317.03,1318.06,0
2018-03-09 05:00:00,1318.06,1318.48,1317.62,1318.42,0
2018-03-09 06:00:00,1318.36,1319.54,1318.05,1319.1,0
2018-03-09 07:00:00,1319.09,1319.25,1318.15,1318.79,0
2018-03-09 08:00:00,1318.81,1318.94,1318.02,1318.63,0
2018-03-09 09:00:00,1318.63,1320.54,1318.62,1319.05,0
2018-03-09 10:00:00,1319.05,1320.99,1318.88,1319.79,0
2018-03-09 11:00:00,1319.83,1320.38,1319.57,1320.15,0
2018-03-09 12:00:00,1320.22,1320.64,1317.92,1318.28,0
2018-03-09 13:00:00,1318.27,1321.25,1312.83,1315.95,0
2018-03-09 14:00:00,1315.93,1321.11,1315.59,1321.1,0
2018-03-09 15:00:00,1321.11,1324.19,1319.69,1322.43,0
2018-03-09 16:00:00,1322.45,1325.17,1321.0,1324.03,0
2018-03-09 17:00:00,1324.01,1325.16,1322.62,1323.01,0
2018-03-09 18:00:00,1323.0,1323.89,1321.74,1322.21,0
2018-03-09 19:00:00,1322.2,1324.28,1322.19,1323.45,0
2018-03-09 20:00:00,1323.5,1323.69,1321.94,1323.5,0
2018-03-09 21:00:00,1323.59,1323.68,1322.91,1323.37,0
2018-03-11 23:00:00,1323.44,1324.28,1322.72,1322.95,0
2018-03-12 00:00:00,1322.96,1323.41,1322.66,1323.11,0
2018-03-12 01:00:00,1323.12,1323.54,1321.67,1322.39,0
2018-03-12 02:00:00,1322.38,1323.66,1321.26,1323.41,0
2018-03-12 03:00:00,1323.41,1324.07,1322.9,1323.19,0
2018-03-12 04:00:00,1323.18,1323.32,1322.38,1323.06,0
2018-03-12 05:00:00,1323.02,1324.15,1322.85,1323.78,0
2018-03-12 06:00:00,1323.79,1323.96,1322.62,1322.65,0
2018-03-12 07:00:00,1322.68,1323.09,1322.01,1322.76,0
2018-03-12 08:00:00,1322.77,1323.54,1321.44,1322.21,0
2018-03-12 09:00:00,1322.22,1322.68,1320.12,1320.94,0
2018-03-12 10:00:00,1320.93,1320.95,1317.4,1317.61,0
2018-03-12 11:00:00,1317.61,1317.94,1316.43,1316.99,0
2018-03-12 12:00:00,1316.97,1317.13,1315.1,1315.8,0
2018-03-12 13:00:00,1315.79,1318.29,1315.75,1318.22,0
2018-03-12 14:00:00,1318.26,1319.47,1317.21,1317.41,0
2018-03-12 15:00:00,1317.41,1319.47,1316.17,1319.41,0
2018-03-12 16:00:00,1319.41,1319.88,1317.76,1318.17,0
2018-03-12 17:00:00,1318.16,1319.33,1317.78,1318.48,0
2018-03-12 18:00:00,1318.46,1321.16,1318.01,1320.53,0
2018-03-12 19:00:00,1320.53,1324.01,1320.51,1323.37,0
2018-03-12 20:00:00,1323.36,1323.9,1322.67,1323.71,0
2018-03-12 21:00:00,1323.73,1324.14,1322.78,1323.02,0
2018-03-12 23:00:00,1322.79,1323.66,1322.59,1323.54,0
2018-03-13 00:00:00,1323.53,1325.72,1323.53,1324.99,0
2018-03-13 01:00:00,1324.99,1325.31,1323.85,1324.29,0
2018-03-13 02:00:00,1324.32,1324.54,1323.72,1323.95,0
2018-03-13 03:00:00,1323.95,1324.06,1322.74,1322.85,0
2018-03-13 04:00:00,1322.84,1323.07,1320.84,1321.35,0
2018-03-13 05:00:00,1321.34,1321.49,1318.71,1319.03,0
2018-03-13 06:00:00,1319.02,1320.64,1318.32,1320.28,0
2018-03-13 07:00:00,1320.28,1321.44,1318.96,1319.35,0
2018-03-13 08:00:00,1319.36,1320.11,1317.77,1317.91,0
2018-03-13 09:00:00,1317.89,1318.78,1317.38,1318.42,0
2018-03-13 10:00:00,1318.4,1318.89,1317.02,1318.65,0
2018-03-13 11:00:00,1318.61,1319.36,1318.18,1318.77,0
2018-03-13 12:00:00,1318.75,1319.58,1317.96,1318.99,0
2018-03-13 13:00:00,1318.98,1327.0,1313.81,1324.73,0
2018-03-13 14:00:00,1324.68,1327.3,1324.42,1325.58,0
2018-03-13 15:00:00,1325.57,1327.68,1318.59,1323.3,0
2018-03-13 16:00:00,1323.31,1327.4,1322.15,1326.43,0
2018-03-13 17:00:00,1326.42,1327.24,1325.26,1326.92,0
2018-03-13 18:00:00,1326.9,1328.34,1326.09,1326.75,0
2018-03-13 19:00:00,1326.75,1327.9,1326.23,1326.96,0
2018-03-13 20:00:00,1326.98,1327.18,1325.76,1325.86,0
2018-03-13 21:00:00,1325.9,1326.57,1325.4,1326.38,0
2018-03-13 23:00:00,1326.3,1327.22,1325.94,1326.08,0
2018-03-14 00:00:00,1326.08,1326.51,1325.89,1326.38,0
2018-03-14 01:00:00,1326.37,1326.37,1324.01,1324.89,0
2018-03-14 02:00:00,1324.9,1327.36,1324.49,1326.69,0
2018-03-14 03:00:00,1326.68,1329.24,1326.67,1329.01,0
2018-03-14 04:00:00,1329.02,1329.14,1327.51,1327.92,0
2018-03-14 05:00:00,1327.93,1328.07,1327.59,1327.73,0
2018-03-14 06:00:00,1327.74,1330.04,1327.58,1328.83,0
2018-03-14 07:00:00,1328.83,1328.86,1325.29,1326.22,0
2018-03-14 08:00:00,1326.19,1326.26,1324.68,1324.89,0
2018-03-14 09:00:00,1324.87,1325.8,1323.43,1324.94,0
2018-03-14 10:00:00,1324.94,1325.85,1324.06,1324.4,0
2018-03-14 11:00:00,1324.39,1325.82,1324.02,1325.68,0
2018-03-14 12:00:00,1325.68,1326.54,1324.78,1326.24,0
2018-03-14 13:00:00,1326.24,1328.53,1322.8,1323.06,0
2018-03-14 14:00:00,1323.06,1324.49,1322.26,1323.74,0
2018-03-14 15:00:00,1323.72,1325.19,1321.46,1324.01,0
2018-03-14 16:00:00,1323.99,1325.75,1322.63,1324.66,0
2018-03-14 17:00:00,1324.66,1325.53,1323.62,1323.76,0
2018-03-14 18:00:00,1323.78,1325.34,1323.54,1324.74,0
2018-03-14 19:00:00,1324.72,1325.95,1324.6,1325.61,0
2018-03-14 20:00:00,1325.62,1325.83,1324.9,1325.21,0
2018-03-14 21:00:00,1325.23,1325.55,1324.74,1324.93,0
2018-03-14 23:00:00,1324.33,1324.82,1323.65,1323.67,0
2018-03-15 00:00:00,1323.69,1325.54,1323.62,1325.26,0
2018-03-15 01:00:00,1325.25,1326.98,1325.01,1326.9,0
2018-03-15 02:00:00,1326.89,1327.47,1326.4,1326.78,0
2018-03-15 03:00:00,1326.82,1327.17,1326.0,1326.34,0
2018-03-15 04:00:00,1326.33,1327.38,1326.13,1326.66,0
2018-03-15 05:00:00,1326.67,1327.07,1326.26,1326.96,0
2018-03-15 06:00:00,1326.95,1327.92,1325.83,1326.35,0
2018-03-15 07:00:00,1326.32,1326.4,1325.21,1325.5,0
2018-03-15 08:00:00,1325.48,1325.71,1324.4,1324.85,0
2018-03-15 09:00:00,1324.87,1325.07,1322.75,1323.22,0
2018-03-15 10:00:00,1323.18,1323.5,1322.34,1323.31,0
2018-03-15 11:00:00,1323.3,1323.88,1322.66,1322.81,0
2018-03-15 12:00:00,1322.79,1323.33,1321.87,1322.33,0
2018-03-15 13:00:00,1322.32,1323.48,1319.11,1319.5,0
2018-03-15 14:00:00,1319.59,1320.21,1317.34,1318.9,0
2018-03-15 15:00:00,1318.9,1319.57,1316.86,1318.33,0
2018-03-15 16:00:00,1318.33,1319.26,1315.81,1316.5,0
2018-03-15 17:00:00,1316.45,1317.7,1315.61,1316.97,0
2018-03-15 18:00:00,1316.98,1319.45,1316.53,1319.22,0
2018-03-15 19:00:00,1319.21,1319.38,1314.96,1315.09,0
2018-03-15 20:00:00,1315.1,1316.84,1314.96,1316.49,0
2018-03-15 21:00:00,1316.49,1316.77,1315.47,1316.12,0
2018-03-15 23:00:00,1316.18,1316.84,1316.08,1316.23,0
2018-03-16 00:00:00,1316.23,1316.46,1315.66,1315.89,0
2018-03-16 01:00:00,1315.86,1316.56,1315.17,1315.55,0
2018-03-16 02:00:00,1315.54,1316.53,1313.68,1315.68,0
2018-03-16 03:00:00,1315.67,1317.01,1315.34,1316.3,0
2018-03-16 04:00:00,1316.31,1316.78,1315.89,1316.36,0
2018-03-16 05:00:00,1316.37,1316.99,1316.04,1316.55,0
2018-03-16 06:00:00,1316.59,1317.51,1316.22,1317.33,0
2018-03-16 07:00:00,1317.31,1318.39,1317.14,1317.61,0
2018-03-16 08:00:00,1317.61,1318.76,1317.06,1318.05,0
2018-03-16 09:00:00,1318.03,1319.07,1317.88,1318.5,0
2018-03-16 10:00:00,1318.5,1320.56,1318.41,1319.91,0
2018-03-16 11:00:00,1319.92,1321.02,1319.69,1320.61,0
2018-03-16 12:00:00,1320.6,1321.77,1320.03,1320.55,0
2018-03-16 13:00:00,1320.51,1320.82,1318.13,1318.22,0
2018-03-16 14:00:00,1318.22,1318.58,1312.18,1313.28,0
2018-03-16 15:00:00,1313.21,1313.36,1309.77,1310.06,0
2018-03-16 16:00:00,1310.06,1313.19,1309.66,1313.14,0
2018-03-16 17:00:00,1313.18,1314.57,1313.15,1314.23,0
2018-03-16 18:00:00,1314.22,1314.37,1312.23,1313.92,0
2018-03-16 19:00:00,1313.92,1314.05,1312.88,1312.95,0
2018-03-16 20:00:00,1312.93,1313.8,1312.64,1313.51,0
2018-03-16 21:00:00,1313.53,1314.17,1313.1,1313.77,0
2018-03-18 23:00:00,1313.34,1314.43,1313.03,1313.19,0
2018-03-19 00:00:00,1313.19,1313.82,1312.8,1313.21,0
2018-03-19 01:00:00,1313.22,1313.22,1311.44,1311.69,0
2018-03-19 02:00:00,1311.67,1312.05,1310.17,1311.72,0
2018-03-19 03:00:00,1311.73,1312.25,1311.5,1312.01,0
2018-03-19 04:00:00,1312.0,1312.21,1311.61,1312.04,0
2018-03-19 05:00:00,1312.05,1312.65,1311.29,1311.62,0
2018-03-19 06:00:00,1311.59,1312.14,1308.78,1309.93,0
2018-03-19 07:00:00,1309.94,1310.13,1307.79,1309.58,0
2018-03-19 08:00:00,1309.58,1310.35,1308.89,1308.9,0
2018-03-19 09:00:00,1308.91,1311.09,1308.46,1310.85,0
2018-03-19 10:00:00,1310.84,1312.05,1310.35,1311.54,0
2018-03-19 11:00:00,1311.51,1313.06,1311.43,1311.59,0
2018-03-19 12:00:00,1311.59,1311.63,1309.31,1310.15,0
2018-03-19 13:00:00,1310.14,1313.29,1309.98,1312.15,0
2018-03-19 14:00:00,1312.13,1314.23,1311.19,1313.46,0
2018-03-19 15:00:00,1313.45,1314.35,1311.75,1313.27,0
2018-03-19 16:00:00,1313.28,1319.08,1312.11,1318.16,0
2018-03-19 17:00:00,1318.18,1319.65,1317.43,1317.63,0
2018-03-19 18:00:00,1317.64,1318.75,1317.22,1317.97,0
2018-03-19 19:00:00,1317.97,1318.6,1316.99,1318.25,0
2018-03-19 20:00:00,1318.24,1318.27,1316.68,1316.78,0
2018-03-19 21:00:00,1316.78,1317.22,1316.33,1316.88,0
2018-03-19 23:00:00,1316.61,1317.26,1316.54,1317.08,0
2018-03-20 00:00:00,1317.07,1318.28,1316.95,1317.09,0
2018-03-20 01:00:00,1317.07,1317.45,1315.63,1316.36,0
2018-03-20 02:00:00,1316.34,1317.06,1315.68,1316.19,0
2018-03-20 03:00:00,1316.18,1317.36,1316.13,1316.62,0
2018-03-20 04:00:00,1316.63,1316.64,1316.12,1316.5,0
2018-03-20 05:00:00,1316.49,1316.71,1315.24,1315.6,0
2018-03-20 06:00:00,1315.59,1315.71,1314.68,1315.3,0
2018-03-20 07:00:00,1315.3,1316.95,1315.16,1316.2,0
2018-03-20 08:00:00,1316.2,1316.2,1314.43,1315.32,0
2018-03-20 09:00:00,1315.33,1315.34,1314.03,1315.19,0
2018-03-20 10:00:00,1315.19,1316.46,1312.85,1313.2,0
2018-03-20 11:00:00,1313.2,1313.54,1311.88,1313.49,0
2018-03-20 12:00:00,1313.46,1313.55,1311.74,1311.74,0
2018-03-20 13:00:00,1311.83,1312.05,1309.63,1312.01,0
2018-03-20 14:00:00,1311.99,1312.25,1308.16,1309.6,0
2018-03-20 15:00:00,1309.63,1310.21,1307.22,1308.96,0
2018-03-20 16:00:00,1308.96,1313.28,1308.96,1311.53,0
2018-03-20 17:00:00,1311.57,1313.28,1309.98,1310.39,0
2018-03-20 18:00:00,1310.48,1312.78,1310.21,1312.3,0
2018-03-20 19:00:00,1312.31,1312.64,1310.46,1310.68,0
2018-03-20 20:00:00,1310.7,1310.99,1309.4,1310.49,0
2018-03-20 21:00:00,1310.49,1311.34,1310.25,1311.13,0
2018-03-20 23:00:00,1310.72,1311.76,1310.41,1311.32,0
2018-03-21 00:00:00,1311.32,1311.8,1309.92,1310.06,0
2018-03-21 01:00:00,1310.07,1311.17,1309.85,1311.11,0
2018-03-21 02:00:00,1311.13,1313.31,1310.74,1313.26,0
2018-03-21 03:00:00,1313.26,1314.07,1312.92,1313.23,0
2018-03-21 04:00:00,1313.27,1314.55,1313.14,1314.07,0
2018-03-21 05:00:00,1314.08,1314.52,1313.33,1313.59,0
2018-03-21 06:00:00,1313.6,1314.23,1312.78,1313.21,0
2018-03-21 07:00:00,1313.2,1315.34,1312.93,1314.78,0
2018-03-21 08:00:00,1314.79,1316.87,1314.37,1316.51,0
2018-03-21 09:00:00,1316.47,1317.89,1316.28,1316.69,0
2018-03-21 10:00:00,1316.71,1317.65,1316.38,1316.66,0
2018-03-21 11:00:00,1316.65,1317.18,1315.41,1315.72,0
2018-03-21 12:00:00,1315.68,1316.73,1314.03,1315.34,0
2018-03-21 13:00:00,1315.35,1319.03,1315.13,1318.71,0
2018-03-21 14:00:00,1318.71,1323.54,1318.32,1320.54,0
2018-03-21 15:00:00,1320.5,1321.96,1318.34,1321.77,0
2018-03-21 16:00:00,1321.75,1326.62,1320.35,1324.96,0
2018-03-21 17:00:00,1324.96,1325.34,1323.24,1323.97,0
2018-03-21 18:00:00,1323.99,1324.36,1320.49,1323.48,0
2018-03-21 19:00:00,1323.43,1331.47,1319.16,1330.53,0
2018-03-21 20:00:00,1330.57,1336.65,1329.64,1333.53,0
2018-03-21 21:00:00,1333.5,1333.55,1331.84,1332.05,0
2018-03-21 23:00:00,1331.73,1332.44,1331.42,1331.98,0
2018-03-22 00:00:00,1331.97,1332.58,1331.13,1332.09,0
2018-03-22 01:00:00,1332.06,1334.27,1331.82,1333.94,0
2018-03-22 02:00:00,1333.89,1334.9,1330.25,1330.9,0
2018-03-22 03:00:00,1330.91,1331.32,1329.79,1330.28,0
2018-03-22 04:00:00,1330.27,1330.66,1329.47,1330.59,0
2018-03-22 05:00:00,1330.59,1330.96,1329.83,1329.9,0
2018-03-22 06:00:00,1329.89,1329.93,1327.46,1328.16,0
2018-03-22 07:00:00,1328.16,1330.86,1327.75,1330.27,0
2018-03-22 08:00:00,1330.28,1332.93,1330.07,1331.92,0
2018-03-22 09:00:00,1331.92,1333.89,1331.74,1332.1,0
2018-03-22 10:00:00,1332.03,1332.36,1328.56,1328.97,0
2018-03-22 11:00:00,1328.97,1330.47,1327.91,1329.82,0
2018-03-22 12:00:00,1329.79,1330.97,1329.02,1329.9,0
2018-03-22 13:00:00,1329.89,1332.4,1328.74,1329.75,0
2018-03-22 14:00:00,1329.84,1332.63,1327.5,1330.07,0
2018-03-22 15:00:00,1330.1,1332.25,1329.62,1330.62,0
2018-03-22 16:00:00,1330.62,1330.65,1326.86,1328.73,0
2018-03-22 17:00:00,1328.72,1328.75,1325.67,1326.92,0
2018-03-22 18:00:00,1326.92,1328.07,1324.8,1326.86,0
2018-03-22 19:00:00,1326.92,1328.26,1326.24,1327.12,0
2018-03-22 20:00:00,1327.14,1330.25,1326.89,1328.35,0
2018-03-22 21:00:00,1328.34,1329.45,1328.19,1328.92,0
2018-03-22 23:00:00,1329.19,1331.8,1328.99,1330.98,0
2018-03-23 00:00:00,1330.91,1333.47,1330.65,1332.72,0
2018-03-23 01:00:00,1332.72,1339.15,1331.76,1338.66,0
2018-03-23 02:00:00,1338.67,1338.78,1335.76,1337.62,0
2018-03-23 03:00:00,1337.62,1338.93,1336.58,1338.45,0
2018-03-23 04:00:00,1338.42,1339.0,1337.72,1338.46,0
2018-03-23 05:00:00,1338.45,1339.02,1337.59,1337.91,0
2018-03-23 06:00:00,1337.9,1339.16,1337.85,1338.3,0
2018-03-23 07:00:00,1338.29,1343.23,1338.07,1342.9,0
2018-03-23 08:00:00,1342.99,1342.99,1339.29,1339.49,0
2018-03-23 09:00:00,1339.48,1341.55,1338.35,1341.49,0
2018-03-23 10:00:00,1341.49,1342.6,1341.04,1342.33,0
2018-03-23 11:00:00,1342.33,1343.13,1341.87,1342.17,0
2018-03-23 12:00:00,1342.12,1342.93,1340.22,1341.23,0
2018-03-23 13:00:00,1341.18,1347.76,1340.52,1347.39,0
2018-03-23 14:00:00,1347.4,1348.75,1343.57,1347.65,0
2018-03-23 15:00:00,1347.62,1350.27,1345.37,1348.22,0
2018-03-23 16:00:00,1348.22,1350.19,1345.79,1349.77,0
2018-03-23 17:00:00,1349.83,1350.23,1348.4,1349.52,0
2018-03-23 18:00:00,1349.52,1350.04,1346.82,1347.4,0
2018-03-23 19:00:00,1347.4,1348.75,1346.55,1348.71,0
2018-03-23 20:00:00,1348.7,1348.82,1345.47,1345.65,0
2018-03-23 21:00:00,1345.69,1348.46,1345.69,1347.06,0
2018-03-25 23:00:00,1347.08,1350.86,1347.07,1350.18,0
2018-03-26 00:00:00,1350.18,1350.33,1348.19,1348.33,0
2018-03-26 01:00:00,1348.34,1349.39,1345.68,1346.16,0
2018-03-26 02:00:00,1346.17,1347.7,1345.98,1347.04,0
2018-03-26 03:00:00,1347.03,1347.77,1346.46,1347.55,0
2018-03-26 04:00:00,1347.57,1349.28,1347.54,1348.0,0
2018-03-26 05:00:00,1348.0,1348.77,1347.87,1348.23,0
2018-03-26 06:00:00,1348.22,1348.22,1344.93,1345.4,0
2018-03-26 07:00:00,1345.37,1345.65,1343.51,1344.87,0
2018-03-26 08:00:00,1344.85,1346.87,1344.21,1346.1,0
2018-03-26 09:00:00,1346.1,1347.84,1345.1,1347.59,0
2018-03-26 10:00:00,1347.59,1349.26,1347.55,1348.05,0
2018-03-26 11:00:00,1348.04,1348.53,1347.44,1347.71,0
2018-03-26 12:00:00,1347.71,1349.76,1347.68,1348.99,0
2018-03-26 13:00:00,1348.99,1349.3,1347.25,1347.83,0
2018-03-26 14:00:00,1347.83,1353.49,1347.79,1352.77,0
2018-03-26 15:00:00,1352.79,1355.88,1352.02,1353.92,0
2018-03-26 16:00:00,1353.92,1355.94,1353.51,1355.22,0
2018-03-26 17:00:00,1355.24,1355.67,1354.0,1355.37,0
2018-03-26 18:00:00,1355.37,1355.58,1354.21,1354.78,0
2018-03-26 19:00:00,1354.75,1355.25,1353.81,1354.69,0
2018-03-26 20:00:00,1354.68,1354.74,1351.78,1352.84,0
2018-03-26 21:00:00,1352.77,1353.74,1352.13,1353.48,0
2018-03-26 23:00:00,1353.45,1353.73,1351.56,1353.45,0
2018-03-27 00:00:00,1353.43,1353.9,1352.52,1352.88,0
2018-03-27 01:00:00,1352.84,1353.35,1350.88,1351.17,0
2018-03-27 02:00:00,1351.18,1353.59,1351.17,1351.74,0
2018-03-27 03:00:00,1351.74,1353.61,1351.49,1352.74,0
2018-03-27 04:00:00,1352.73,1354.52,1352.65,1354.03,0
2018-03-27 05:00:00,1354.02,1355.23,1353.71,1353.79,0
2018-03-27 06:00:00,1353.8,1353.94,1352.06,1353.02,0
2018-03-27 07:00:00,1353.03,1356.86,1352.78,1355.47,0
2018-03-27 08:00:00,1355.47,1356.36,1354.34,1354.36,0
2018-03-27 09:00:00,1354.33,1354.56,1350.5,1351.31,0
2018-03-27 10:00:00,1351.31,1351.35,1348.41,1348.75,0
2018-03-27 11:00:00,1348.71,1349.4,1348.15,1348.57,0
2018-03-27 12:00:00,1348.59,1348.66,1344.59,1345.84,0
2018-03-27 13:00:00,1345.81,1345.95,1340.24,1342.49,0
2018-03-27 14:00:00,1342.49,1343.11,1339.88,1342.37,0
2018-03-27 15:00:00,1342.37,1343.79,1340.93,1342.1,0
2018-03-27 16:00:00,1342.09,1343.18,1341.53,1343.0,0
2018-03-27 17:00:00,1343.0,1345.93,1342.71,1344.94,0
2018-03-27 18:00:00,1344.94,1345.67,1342.02,1343.66,0
2018-03-27 19:00:00,1343.66,1344.94,1343.42,1343.86,0
2018-03-27 20:00:00,1343.83,1345.65,1343.47,1344.47,0
2018-03-27 21:00:00,1344.47,1345.06,1343.94,1344.68,0
2018-03-27 23:00:00,1345.17,1345.82,1344.76,1345.43,0
2018-03-28 00:00:00,1345.44,1345.57,1343.84,1345.47,0
2018-03-28 01:00:00,1345.48,1345.9,1344.47,1345.75,0
2018-03-28 02:00:00,1345.78,1347.05,1345.01,1346.29,0
2018-03-28 03:00:00,1346.28,1346.87,1345.39,1346.42,0
2018-03-28 04:00:00,1346.43,1346.73,1346.15,1346.29,0
2018-03-28 05:00:00,1346.3,1346.31,1343.13,1343.41,0
2018-03-28 06:00:00,1343.4,1344.35,1341.96,1342.03,0
2018-03-28 07:00:00,1342.0,1342.91,1339.89,1341.2,0
2018-03-28 08:00:00,1341.22,1342.21,1338.93,1341.93,0
2018-03-28 09:00:00,1341.93,1342.61,1340.74,1341.73,0
2018-03-28 10:00:00,1341.72,1341.88,1339.81,1339.92,0
2018-03-28 11:00:00,1339.91,1340.82,1336.65,1337.16,0
2018-03-28 12:00:00,1337.13,1337.97,1336.03,1336.95,0
2018-03-28 13:00:00,1336.9,1337.05,1332.72,1335.19,0
2018-03-28 14:00:00,1335.2,1336.35,1331.25,1331.8,0
2018-03-28 15:00:00,1331.8,1332.83,1329.28,1330.72,0
2018-03-28 16:00:00,1330.72,1331.82,1328.7,1328.91,0
2018-03-28 17:00:00,1328.91,1329.01,1325.8,1328.16,0
2018-03-28 18:00:00,1328.16,1329.09,1325.13,1325.51,0
2018-03-28 19:00:00,1325.51,1325.98,1323.48,1325.36,0
2018-03-28 20:00:00,1325.32,1326.85,1324.39,1325.76,0
2018-03-28 21:00:00,1325.77,1326.9,1324.42,1324.76,0
2018-03-28 23:00:00,1324.74,1326.9,1323.96,1326.26,0
2018-03-29 00:00:00,1326.25,1326.96,1325.3,1326.59,0
2018-03-29 01:00:00,1326.59,1326.98,1324.74,1326.16,0
2018-03-29 02:00:00,1326.21,1327.93,1325.71,1327.16,0
2018-03-29 03:00:00,1327.2,1328.22,1327.06,1327.58,0
2018-03-29 04:00:00,1327.58,1327.89,1326.92,1327.56,0
2018-03-29 05:00:00,1327.56,1328.18,1327.14,1327.87,0
2018-03-29 06:00:00,1327.87,1328.36,1327.19,1328.21,0
2018-03-29 07:00:00,1328.21,1328.27,1322.93,1323.18,0
2018-03-29 08:00:00,1323.11,1325.74,1322.98,1324.81,0
2018-03-29 09:00:00,1324.81,1325.26,1323.94,1324.25,0
2018-03-29 10:00:00,1324.26,1324.59,1323.3,1324.24,0
2018-03-29 11:00:00,1324.21,1325.28,1323.27,1325.1,0
2018-03-29 12:00:00,1325.09,1326.59,1324.91,1325.21,0
2018-03-29 13:00:00,1325.14,1325.67,1321.46,1322.88,0
2018-03-29 14:00:00,1322.86,1325.28,1321.66,1322.81,0
2018-03-29 15:00:00,1322.76,1324.13,1321.98,1322.44,0
2018-03-29 16:00:00,1322.49,1323.91,1321.21,1322.59,0
2018-03-29 17:00:00,1322.58,1323.83,1322.28,1322.97,0
2018-03-29 18:00:00,1322.96,1323.54,1321.99,1323.19,0
2018-03-29 19:00:00,1323.14,1324.81,1323.13,1323.89,0
2018-03-29 20:00:00,1323.89,1326.5,1323.55,1326.44,0
2018-03-29 21:00:00,1326.42,1326.42,1324.69,1325.15,0
2018-04-01 23:00:00,1325.5,1326.63,1324.84,1326.2,0
2018-04-02 00:00:00,1326.2,1327.53,1326.09,1326.66,0
2018-04-02 01:00:00,1326.65,1326.93,1325.81,1326.73,0
2018-04-02 02:00:00,1326.75,1330.16,1326.73,1329.96,0
2018-04-02 03:00:00,1329.95,1330.37,1328.93,1329.86,0
2018-04-02 04:00:00,1329.87,1330.14,1329.01,1329.34,0
2018-04-02 05:00:00,1329.34,1329.8,1329.23,1329.54,0
2018-04-02 06:00:00,1329.55,1329.68,1328.65,1329.5,0
2018-04-02 07:00:00,1329.49,1330.65,1328.4,1330.5,0
2018-04-02 08:00:00,1330.49,1332.49,1330.42,1332.13,0
2018-04-02 09:00:00,1332.15,1332.49,1331.2,1331.8,0
2018-04-02 10:00:00,1331.83,1332.12,1331.31,1331.74,0
2018-04-02 11:00:00,1331.75,1332.34,1331.43,1332.3,0
2018-04-02 12:00:00,1332.31,1335.06,1332.04,1333.53,0
2018-04-02 13:00:00,1333.58,1335.49,1333.28,1334.63,0
2018-04-02 14:00:00,1334.66,1336.55,1332.67,1334.16,0
2018-04-02 15:00:00,1334.24,1338.15,1333.33,1337.25,0
2018-04-02 16:00:00,1337.31,1339.12,1335.91,1338.59,0
2018-04-02 17:00:00,1338.66,1340.38,1337.99,1339.3,0
2018-04-02 18:00:00,1339.29,1344.73,1339.01,1344.47,0
2018-04-02 19:00:00,1344.49,1344.95,1341.87,1342.08,0
2018-04-02 20:00:00,1342.09,1342.59,1340.28,1342.2,0
2018-04-02 21:00:00,1342.18,1342.19,1340.42,1341.29,0
2018-04-02 23:00:00,1340.44,1341.33,1339.65,1340.31,0
2018-04-03 00:00:00,1340.3,1342.21,1340.3,1341.6,0
2018-04-03 01:00:00,1341.59,1342.5,1340.53,1340.81,0
2018-04-03 02:00:00,1340.84,1340.84,1337.28,1338.73,0
2018-04-03 03:00:00,1338.71,1339.87,1338.04,1338.74,0
2018-04-03 04:00:00,1338.73,1339.48,1337.92,1338.0,0
2018-04-03 05:00:00,1338.01,1338.54,1337.44,1338.42,0
2018-04-03 06:00:00,1338.42,1339.65,1337.65,1339.47,0
2018-04-03 07:00:00,1339.44,1342.07,1339.05,1341.11,0
2018-04-03 08:00:00,1341.16,1341.16,1337.74,1338.56,0
2018-04-03 09:00:00,1338.56,1338.69,1336.41,1337.22,0
2018-04-03 10:00:00,1337.22,1337.83,1336.56,1337.52,0
2018-04-03 11:00:00,1337.56,1338.68,1336.24,1336.49,0
2018-04-03 12:00:00,1336.5,1338.09,1336.13,1337.8,0
2018-04-03 13:00:00,1337.8,1341.19,1337.39,1338.46,0
2018-04-03 14:00:00,1338.51,1338.55,1333.25,1334.12,0
2018-04-03 15:00:00,1334.11,1334.44,1328.92,1329.43,0
2018-04-03 16:00:00,1329.43,1332.8,1329.25,1332.08,0
2018-04-03 17:00:00,1332.11,1334.17,1331.6,1333.98,0
2018-04-03 18:00:00,1333.98,1334.9,1331.69,1331.84,0
2018-04-03 19:00:00,1331.79,1333.6,1331.75,1332.31,0
2018-04-03 20:00:00,1332.26,1332.32,1330.22,1331.59,0
2018-04-03 21:00:00,1331.59,1332.91,1331.59,1332.77,0
2018-04-03 23:00:00,1332.57,1333.51,1332.29,1333.31,0
2018-04-04 00:00:00,1333.3,1333.49,1332.45,1333.21,0
2018-04-04 01:00:00,1333.2,1333.58,1331.52,1332.54,0
2018-04-04 02:00:00,1332.54,1333.32,1331.93,1333.06,0
2018-04-04 03:00:00,1333.03,1335.01,1333.01,1334.7,0
2018-04-04 04:00:00,1334.7,1335.15,1333.9,1334.65,0
2018-04-04 05:00:00,1334.65,1335.92,1334.48,1335.18,0
2018-04-04 06:00:00,1335.19,1335.72,1333.04,1334.56,0
2018-04-04 07:00:00,1334.55,1334.73,1333.58,1334.38,0
2018-04-04 08:00:00,1334.38,1339.98,1334.23,1339.61,0
2018-04-04 09:00:00,1339.61,1345.07,1339.58,1342.09,0
2018-04-04 10:00:00,1342.07,1344.32,1342.0,1342.87,0
2018-04-04 11:00:00,1342.87,1344.75,1341.88,1342.92,0
2018-04-04 12:00:00,1342.9,1347.17,1342.5,1346.78,0
2018-04-04 13:00:00,1346.78,1348.26,1342.79,1347.19,0
2018-04-04 14:00:00,1347.17,1347.6,1341.4,1342.05,0
2018-04-04 15:00:00,1342.0,1342.82,1334.98,1336.01,0
2018-04-04 16:00:00,1336.01,1337.96,1334.18,1334.54,0
2018-04-04 17:00:00,1334.55,1337.21,1334.08,1336.36,0
2018-04-04 18:00:00,1336.36,1337.23,1335.67,1336.19,0
2018-04-04 19:00:00,1336.19,1336.19,1332.24,1333.51,0
2018-04-04 20:00:00,1333.51,1334.2,1332.46,1333.37,0
2018-04-04 21:00:00,1333.38,1333.74,1332.77,1333.22,0
2018-04-04 23:00:00,1332.82,1334.89,1332.61,1334.3,0
2018-04-05 00:00:00,1334.31,1334.46,1333.17,1333.51,0
2018-04-05 01:00:00,1333.47,1333.89,1330.58,1330.68,0
2018-04-05 02:00:00,1330.66,1331.96,1330.4,1330.54,0
2018-04-05 03:00:00,1330.54,1330.99,1329.86,1330.92,0
2018-04-05 04:00:00,1330.92,1331.3,1330.33,1330.6,0
2018-04-05 05:00:00,1330.58,1330.61,1327.91,1328.53,0
2018-04-05 06:00:00,1328.53,1329.44,1328.35,1328.91,0
2018-04-05 07:00:00,1328.91,1329.15,1325.96,1326.38,0
2018-04-05 08:00:00,1326.41,1327.67,1324.48,1326.69,0
2018-04-05 09:00:00,1326.7,1327.11,1325.84,1326.19,0
2018-04-05 10:00:00,1326.17,1327.68,1325.58,1326.72,0
2018-04-05 11:00:00,1326.72,1330.0,1326.63,1329.87,0
2018-04-05 12:00:00,1329.88,1330.77,1328.2,1328.79,0
2018-04-05 13:00:00,1328.86,1329.8,1324.77,1325.5,0
2018-04-05 14:00:00,1325.51,1329.7,1322.77,1327.21,0
2018-04-05 15:00:00,1327.22,1327.62,1323.03,1324.01,0
2018-04-05 16:00:00,1324.03,1326.1,1323.41,1325.19,0
2018-04-05 17:00:00,1325.17,1326.33,1324.58,1324.95,0
2018-04-05 18:00:00,1324.92,1326.69,1324.81,1325.79,0
2018-04-05 19:00:00,1325.78,1325.99,1325.17,1325.78,0
2018-04-05 20:00:00,1325.87,1326.74,1325.07,1326.65,0
2018-04-05 21:00:00,1326.66,1327.05,1326.09,1326.56,0
2018-04-05 23:00:00,1326.12,1329.2,1326.09,1329.0,0
2018-04-06 00:00:00,1328.97,1332.27,1328.86,1330.97,0
2018-04-06 01:00:00,1330.99,1331.34,1330.35,1330.73,0
2018-04-06 02:00:00,1330.72,1333.37,1330.68,1332.61,0
2018-04-06 03:00:00,1332.61,1332.7,1331.03,1331.06,0
2018-04-06 04:00:00,1331.08,1331.15,1329.18,1330.34,0
2018-04-06 05:00:00,1330.33,1330.5,1326.71,1327.9,0
2018-04-06 06:00:00,1327.92,1328.61,1327.26,1328.38,0
2018-04-06 07:00:00,1328.38,1328.39,1324.43,1324.79,0
2018-04-06 08:00:00,1324.76,1324.91,1319.79,1324.58,0
2018-04-06 09:00:00,1324.55,1325.47,1323.78,1324.09,0
2018-04-06 10:00:00,1324.09,1326.33,1324.03,1325.95,0
2018-04-06 11:00:00,1325.93,1326.08,1323.73,1323.78,0
2018-04-06 12:00:00,1323.79,1324.52,1322.58,1323.0,0
2018-04-06 13:00:00,1323.01,1330.92,1320.45,1328.44,0
2018-04-06 14:00:00,1328.44,1335.52,1327.72,1331.54,0
2018-04-06 15:00:00,1331.52,1334.22,1330.38,1331.71,0
2018-04-06 16:00:00,1331.72,1333.88,1331.49,1332.26,0
2018-04-06 17:00:00,1332.27,1333.22,1330.65,1331.47,0
2018-04-06 18:00:00,1331.43,1332.85,1330.32,1332.07,0
2018-04-06 19:00:00,1332.02,1333.09,1331.14,1332.76,0
2018-04-06 20:00:00,1332.76,1334.06,1332.43,1333.2,0
2018-04-06 21:00:00,1333.18,1333.87,1332.69,1333.18,0
2018-04-08 23:00:00,1333.77,1334.86,1332.39,1333.7,0
2018-04-09 00:00:00,1333.69,1334.13,1331.81,1332.52,0
2018-04-09 01:00:00,1332.52,1332.75,1331.26,1331.49,0
2018-04-09 02:00:00,1331.45,1332.43,1329.83,1331.57,0
2018-04-09 03:00:00,1331.59,1333.46,1331.46,1333.24,0
2018-04-09 04:00:00,1333.25,1333.41,1332.3,1332.54,0
2018-04-09 05:00:00,1332.53,1332.7,1332.14,1332.45,0
2018-04-09 06:00:00,1332.46,1333.54,1332.03,1333.09,0
2018-04-09 07:00:00,1333.07,1333.07,1330.73,1331.45,0
2018-04-09 08:00:00,1331.43,1331.89,1328.55,1329.74,0
2018-04-09 09:00:00,1329.75,1329.99,1327.51,1328.93,0
2018-04-09 10:00:00,1328.92,1329.84,1327.56,1327.61,0
2018-04-09 11:00:00,1327.61,1328.74,1326.91,1328.42,0
2018-04-09 12:00:00,1328.42,1329.78,1327.82,1329.64,0
2018-04-09 13:00:00,1329.63,1333.91,1329.28,1333.65,0
2018-04-09 14:00:00,1333.63,1334.6,1331.33,1332.21,0
2018-04-09 15:00:00,1332.19,1333.92,1331.43,1332.29,0
2018-04-09 16:00:00,1332.29,1334.09,1332.05,1333.43,0
2018-04-09 17:00:00,1333.43,1336.86,1332.26,1335.29,0
2018-04-09 18:00:00,1335.3,1337.04,1335.18,1335.81,0
2018-04-09 19:00:00,1335.8,1338.01,1335.72,1337.37,0
2018-04-09 20:00:00,1337.38,1337.51,1336.2,1337.29,0
2018-04-09 21:00:00,1337.29,1337.8,1335.98,1336.26,0
2018-04-09 23:00:00,1336.07,1337.26,1335.32,1335.58,0
2018-04-10 00:00:00,1335.57,1337.13,1335.18,1336.53,0
2018-04-10 01:00:00,1336.53,1338.13,1336.52,1337.85,0
2018-04-10 02:00:00,1337.84,1337.94,1334.48,1334.59,0
2018-04-10 03:00:00,1334.54,1335.02,1332.83,1333.82,0
2018-04-10 04:00:00,1333.84,1334.7,1333.47,1334.37,0
2018-04-10 05:00:00,1334.33,1334.36,1333.47,1333.95,0
2018-04-10 06:00:00,1333.95,1334.18,1331.07,1332.45,0
2018-04-10 07:00:00,1332.43,1333.61,1331.58,1333.41,0
2018-04-10 08:00:00,1333.41,1337.82,1333.0,1337.32,0
2018-04-10 09:00:00,1337.32,1337.77,1334.25,1336.41,0
2018-04-10 10:00:00,1336.41,1336.43,1334.59,1335.32,0
2018-04-10 11:00:00,1335.29,1336.24,1334.91,1335.77,0
2018-04-10 12:00:00,1335.76,1339.01,1335.49,1336.52,0
2018-04-10 13:00:00,1336.51,1339.15,1335.61,1337.46,0
2018-04-10 14:00:00,1337.42,1340.99,1337.0,1338.91,0
2018-04-10 15:00:00,1338.9,1340.26,1338.2,1339.78,0
2018-04-10 16:00:00,1339.76,1340.01,1335.94,1338.69,0
2018-04-10 17:00:00,1338.66,1340.45,1338.41,1339.5,0
2018-04-10 18:00:00,1339.5,1342.59,1338.68,1339.04,0
2018-04-10 19:00:00,1339.02,1341.97,1338.69,1341.75,0
2018-04-10 20:00:00,1341.75,1342.05,1340.25,1340.59,0
2018-04-10 21:00:00,1340.57,1340.59,1339.14,1339.56,0
2018-04-10 23:00:00,1339.3,1340.73,1339.06,1340.45,0
2018-04-11 00:00:00,1340.42,1342.02,1340.22,1341.79,0
2018-04-11 01:00:00,1341.78,1342.72,1341.03,1341.7,0
2018-04-11 02:00:00,1341.71,1341.73,1339.79,1340.09,0
2018-04-11 03:00:00,1340.09,1341.26,1340.02,1340.22,0
2018-04-11 04:00:00,1340.23,1341.86,1340.11,1341.53,0
2018-04-11 05:00:00,1341.52,1341.81,1341.02,1341.79,0
2018-04-11 06:00:00,1341.79,1342.47,1341.4,1342.29,0
2018-04-11 07:00:00,1342.28,1345.34,1342.0,1344.7,0
2018-04-11 08:00:00,1344.7,1345.44,1343.85,1344.88,0
2018-04-11 09:00:00,1344.89,1345.3,1342.59,1343.3,0
2018-04-11 10:00:00,1343.3,1345.98,1342.86,1345.52,0
2018-04-11 11:00:00,1345.52,1347.46,1345.32,1346.75,0
2018-04-11 12:00:00,1346.73,1351.52,1346.41,1348.81,0
2018-04-11 13:00:00,1348.77,1355.21,1348.51,1352.57,0
2018-04-11 14:00:00,1352.55,1354.11,1349.78,1352.54,0
2018-04-11 15:00:00,1352.55,1359.15,1351.37,1359.03,0
2018-04-11 16:00:00,1359.04,1365.29,1358.38,1361.3,0
2018-04-11 17:00:00,1361.31,1362.45,1355.45,1358.35,0
2018-04-11 18:00:00,1358.22,1358.62,1354.11,1355.49,0
2018-04-11 19:00:00,1355.48,1356.52,1347.65,1349.75,0
2018-04-11 20:00:00,1349.74,1352.31,1349.01,1351.13,0
2018-04-11 21:00:00,1351.13,1353.51,1350.96,1353.18,0
2018-04-11 23:00:00,1352.65,1353.11,1352.58,1353.01,0
2018-04-12 00:00:00,1353.0,1353.13,1351.44,1352.94,0
2018-04-12 01:00:00,1352.94,1353.19,1351.1,1351.69,0
2018-04-12 02:00:00,1351.69,1352.62,1349.71,1351.73,0
2018-04-12 03:00:00,1351.74,1352.23,1349.21,1350.18,0
2018-04-12 04:00:00,1350.18,1351.9,1349.87,1351.14,0
2018-04-12 05:00:00,1351.13,1351.13,1348.62,1349.54,0
2018-04-12 06:00:00,1349.55,1350.93,1348.9,1350.53,0
2018-04-12 07:00:00,1350.53,1351.57,1349.93,1350.39,0
2018-04-12 08:00:00,1350.39,1352.27,1348.37,1348.85,0
2018-04-12 09:00:00,1348.85,1350.21,1346.74,1346.9,0
2018-04-12 10:00:00,1346.91,1347.65,1345.24,1347.64,0
2018-04-12 11:00:00,1347.62,1348.99,1343.83,1345.49,0
2018-04-12 12:00:00,1345.46,1347.55,1344.93,1345.05,0
2018-04-12 13:00:00,1345.05,1346.96,1340.78,1343.3,0
2018-04-12 14:00:00,1343.33,1345.62,1338.8,1340.0,0
2018-04-12 15:00:00,1340.03,1341.72,1337.73,1338.29,0
2018-04-12 16:00:00,1338.29,1339.59,1335.74,1338.05,0
2018-04-12 17:00:00,1338.06,1339.21,1336.11,1338.11,0
2018-04-12 18:00:00,1338.12,1339.98,1336.79,1337.85,0
2018-04-12 19:00:00,1337.84,1338.07,1336.42,1336.85,0
2018-04-12 20:00:00,1336.88,1337.53,1333.76,1335.41,0
2018-04-12 21:00:00,1335.41,1335.86,1334.74,1335.0,0
2018-04-12 23:00:00,1334.58,1338.37,1334.56,1338.28,0
2018-04-13 00:00:00,1338.27,1338.57,1337.59,1337.83,0
2018-04-13 01:00:00,1337.83,1338.2,1336.52,1337.83,0
2018-04-13 02:00:00,1337.9,1339.12,1337.74,1338.45,0
2018-04-13 03:00:00,1338.43,1340.9,1338.29,1340.52,0
2018-04-13 04:00:00,1340.53,1340.59,1339.71,1340.4,0
2018-04-13 05:00:00,1340.38,1341.06,1339.97,1340.48,0
2018-04-13 06:00:00,1340.49,1340.54,1338.4,1338.47,0
2018-04-13 07:00:00,1338.45,1338.86,1336.28,1337.27,0
2018-04-13 08:00:00,1337.25,1340.54,1336.67,1339.86,0
2018-04-13 09:00:00,1339.86,1341.9,1339.73,1341.18,0
2018-04-13 10:00:00,1341.12,1341.37,1340.41,1340.62,0
2018-04-13 11:00:00,1340.63,1341.44,1338.98,1339.05,0
2018-04-13 12:00:00,1339.03,1339.44,1333.34,1336.47,0
2018-04-13 13:00:00,1336.47,1339.76,1335.63,1338.68,0
2018-04-13 14:00:00,1338.68,1344.13,1337.44,1343.77,0
2018-04-13 15:00:00,1343.71,1345.82,1343.67,1345.41,0
2018-04-13 16:00:00,1345.44,1346.68,1344.27,1345.21,0
2018-04-13 17:00:00,1345.22,1347.19,1345.05,1346.56,0
2018-04-13 18:00:00,1346.56,1346.78,1342.93,1343.76,0
2018-04-13 19:00:00,1343.76,1345.26,1343.56,1344.78,0
2018-04-13 20:00:00,1344.79,1346.93,1344.19,1344.44,0
2018-04-13 21:00:00,1344.43,1345.63,1344.29,1345.33,0
2018-04-15 23:00:00,1346.14,1347.72,1340.19,1342.29,0
2018-04-16 00:00:00,1342.29,1345.71,1342.18,1343.85,0
2018-04-16 01:00:00,1343.88,1345.36,1343.23,1343.96,0
2018-04-16 02:00:00,1343.96,1348.74,1343.95,1347.33,0
2018-04-16 03:00:00,1347.33,1348.49,1345.66,1348.25,0
2018-04-16 04:00:00,1348.25,1348.28,1346.73,1347.33,0
2018-04-16 05:00:00,1347.34,1347.65,1345.67,1345.97,0
2018-04-16 06:00:00,1345.99,1346.56,1343.79,1344.36,0
2018-04-16 07:00:00,1344.33,1344.87,1342.78,1343.45,0
2018-04-16 08:00:00,1343.47,1345.14,1341.16,1345.03,0
2018-04-16 09:00:00,1345.03,1345.91,1344.37,1345.15,0
2018-04-16 10:00:00,1345.17,1345.54,1343.97,1344.13,0
2018-04-16 11:00:00,1344.13,1344.76,1342.94,1343.15,0
2018-04-16 12:00:00,1343.14,1344.5,1342.38,1343.41,0
2018-04-16 13:00:00,1343.35,1346.6,1342.9,1345.66,0
2018-04-16 14:00:00,1345.64,1349.0,1344.89,1348.62,0
2018-04-16 15:00:00,1348.61,1350.54,1348.53,1349.36,0
2018-04-16 16:00:00,1349.35,1349.44,1346.2,1347.26,0
2018-04-16 17:00:00,1347.25,1349.28,1346.61,1347.97,0
2018-04-16 18:00:00,1347.98,1348.22,1347.07,1347.49,0
2018-04-16 19:00:00,1347.54,1348.09,1346.25,1346.6,0
2018-04-16 20:00:00,1346.6,1346.8,1345.47,1346.1,0
2018-04-16 21:00:00,1346.08,1346.27,1345.39,1345.82,0
2018-04-16 23:00:00,1345.98,1347.54,1345.6,1346.7,0
2018-04-17 00:00:00,1346.7,1348.52,1346.0,1348.1,0
2018-04-17 01:00:00,1348.1,1348.97,1347.49,1348.32,0
2018-04-17 02:00:00,1348.32,1349.42,1346.87,1347.49,0
2018-04-17 03:00:00,1347.52,1347.82,1345.99,1346.16,0
2018-04-17 04:00:00,1346.15,1346.5,1343.8,1345.06,0
2018-04-17 05:00:00,1345.06,1345.6,1344.67,1344.77,0
2018-04-17 06:00:00,1344.76,1346.38,1343.99,1346.06,0
2018-04-17 07:00:00,1346.05,1348.91,1345.17,1348.48,0
2018-04-17 08:00:00,1348.45,1348.82,1341.34,1342.94,0
2018-04-17 09:00:00,1343.0,1343.22,1340.68,1342.44,0
2018-04-17 10:00:00,1342.43,1343.6,1341.78,1342.22,0
2018-04-17 11:00:00,1342.23,1343.97,1341.82,1342.8,0
2018-04-17 12:00:00,1342.76,1343.32,1341.04,1342.12,0
2018-04-17 13:00:00,1342.13,1343.53,1337.7,1338.88,0
2018-04-17 14:00:00,1338.87,1343.32,1338.32,1342.23,0
2018-04-17 15:00:00,1342.23,1344.19,1340.44,1343.09,0
2018-04-17 16:00:00,1343.04,1344.86,1342.83,1344.51,0
2018-04-17 17:00:00,1344.49,1347.01,1343.78,1346.83,0
2018-04-17 18:00:00,1346.82,1347.39,1345.79,1346.32,0
2018-04-17 19:00:00,1346.34,1347.46,1345.98,1346.5,0
2018-04-17 20:00:00,1346.51,1347.76,1346.29,1347.33,0
2018-04-17 21:00:00,1347.31,1347.59,1347.1,1347.24,0
2018-04-17 23:00:00,1347.35,1347.63,1346.43,1346.65,0
2018-04-18 00:00:00,1346.66,1346.95,1345.75,1346.31,0
2018-04-18 01:00:00,1346.32,1346.89,1344.69,1345.11,0
2018-04-18 02:00:00,1345.11,1345.3,1343.6,1343.94,0
2018-04-18 03:00:00,1343.94,1344.76,1343.75,1344.16,0
2018-04-18 04:00:00,1344.17,1344.79,1343.35,1344.76,0
2018-04-18 05:00:00,1344.72,1344.81,1342.9,1343.51,0
2018-04-18 06:00:00,1343.5,1343.74,1342.31,1343.27,0
2018-04-18 07:00:00,1343.26,1346.0,1343.02,1345.52,0
2018-04-18 08:00:00,1345.45,1346.45,1342.84,1346.12,0
2018-04-18 09:00:00,1346.11,1346.88,1343.91,1344.37,0
2018-04-18 10:00:00,1344.37,1347.27,1343.45,1345.23,0
2018-04-18 11:00:00,1345.16,1349.87,1345.09,1349.17,0
2018-04-18 12:00:00,1349.15,1351.04,1348.29,1350.13,0
2018-04-18 13:00:00,1350.08,1353.61,1349.84,1353.18,0
2018-04-18 14:00:00,1353.18,1355.7,1348.22,1351.99,0
2018-04-18 15:00:00,1352.08,1354.19,1349.2,1350.74,0
2018-04-18 16:00:00,1350.75,1352.0,1350.36,1350.97,0
2018-04-18 17:00:00,1350.98,1352.36,1349.83,1351.86,0
2018-04-18 18:00:00,1351.85,1352.03,1349.64,1350.62,0
2018-04-18 19:00:00,1350.59,1351.35,1349.67,1349.8,0
2018-04-18 20:00:00,1349.82,1349.94,1347.53,1348.51,0
2018-04-18 21:00:00,1348.52,1349.53,1348.5,1349.3,0
2018-04-18 23:00:00,1349.23,1351.49,1349.07,1351.04,0
2018-04-19 00:00:00,1351.04,1351.47,1350.23,1350.59,0
2018-04-19 01:00:00,1350.59,1351.23,1348.34,1349.12,0
2018-04-19 02:00:00,1349.12,1349.92,1348.03,1348.84,0
2018-04-19 03:00:00,1348.83,1351.42,1348.38,1351.34,0
2018-04-19 04:00:00,1351.4,1353.06,1351.21,1351.99,0
2018-04-19 05:00:00,1351.99,1352.69,1351.3,1351.67,0
2018-04-19 06:00:00,1351.68,1352.41,1350.82,1351.74,0
2018-04-19 07:00:00,1351.74,1353.99,1351.29,1353.64,0
2018-04-19 08:00:00,1353.64,1354.71,1352.61,1352.97,0
2018-04-19 09:00:00,1352.97,1353.17,1351.0,1352.37,0
2018-04-19 10:00:00,1352.36,1352.54,1344.86,1348.69,0
2018-04-19 11:00:00,1348.69,1348.73,1345.78,1347.69,0
2018-04-19 12:00:00,1347.7,1350.76,1346.93,1350.64,0
2018-04-19 13:00:00,1350.64,1350.73,1346.29,1347.93,0
2018-04-19 14:00:00,1347.93,1349.11,1346.27,1348.27,0
2018-04-19 15:00:00,1348.26,1349.04,1345.68,1346.04,0
2018-04-19 16:00:00,1346.05,1346.29,1340.96,1342.61,0
2018-04-19 17:00:00,1342.6,1347.01,1342.2,1346.49,0
2018-04-19 18:00:00,1346.45,1347.0,1345.55,1346.47,0
2018-04-19 19:00:00,1346.48,1346.49,1344.14,1344.82,0
2018-04-19 20:00:00,1344.83,1346.68,1344.43,1345.9,0
2018-04-19 21:00:00,1345.89,1346.46,1345.43,1345.46,0
2018-04-19 23:00:00,1345.52,1346.31,1344.88,1345.65,0
2018-04-20 00:00:00,1345.65,1346.2,1344.42,1344.48,0
2018-04-20 01:00:00,1344.47,1345.15,1343.43,1344.85,0
2018-04-20 02:00:00,1344.87,1345.75,1341.68,1342.54,0
2018-04-20 03:00:00,1342.54,1343.46,1341.91,1342.04,0
2018-04-20 04:00:00,1342.04,1343.62,1341.88,1343.16,0
2018-04-20 05:00:00,1343.17,1343.25,1341.99,1342.34,0
2018-04-20 06:00:00,1342.38,1343.2,1341.31,1343.03,0
2018-04-20 07:00:00,1343.01,1344.51,1341.82,1343.46,0
2018-04-20 08:00:00,1343.45,1344.19,1340.47,1341.23,0
2018-04-20 09:00:00,1341.23,1342.78,1340.65,1341.49,0
2018-04-20 10:00:00,1341.49,1341.7,1339.35,1340.66,0
2018-04-20 11:00:00,1340.65,1341.53,1340.15,1340.8,0
2018-04-20 12:00:00,1340.8,1342.44,1340.06,1340.52,0
2018-04-20 13:00:00,1340.53,1344.27,1339.36,1339.4,0
2018-04-20 14:00:00,1339.39,1340.7,1335.96,1336.69,0
2018-04-20 15:00:00,1336.69,1337.64,1334.99,1337.59,0
2018-04-20 16:00:00,1337.59,1339.31,1337.3,1338.22,0
2018-04-20 17:00:00,1338.22,1338.85,1336.44,1337.78,0
2018-04-20 18:00:00,1337.82,1337.97,1335.99,1337.03,0
2018-04-20 19:00:00,1337.04,1337.36,1335.4,1335.57,0
2018-04-20 20:00:00,1335.56,1336.3,1335.16,1335.61,0
2018-04-20 21:00:00,1335.61,1336.37,1335.31,1335.49,0
2018-04-22 23:00:00,1334.25,1335.47,1331.62,1333.02,0
2018-04-23 00:00:00,1333.04,1334.74,1332.65,1332.94,0
2018-04-23 01:00:00,1332.94,1334.16,1332.36,1333.42,0
2018-04-23 02:00:00,1333.41,1334.57,1332.36,1334.56,0
2018-04-23 03:00:00,1334.56,1334.87,1333.4,1333.54,0
2018-04-23 04:00:00,1333.55,1334.3,1333.08,1334.26,0
2018-04-23 05:00:00,1334.26,1334.39,1333.78,1334.03,0
2018-04-23 06:00:00,1334.1,1335.1,1333.77,1334.52,0
2018-04-23 07:00:00,1334.46,1335.51,1333.22,1334.49,0
2018-04-23 08:00:00,1334.43,1335.0,1331.34,1331.92,0
2018-04-23 09:00:00,1331.95,1332.25,1329.03,1329.12,0
2018-04-23 10:00:00,1329.1,1329.53,1327.15,1328.46,0
2018-04-23 11:00:00,1328.47,1329.24,1327.58,1328.47,0
2018-04-23 12:00:00,1328.48,1328.98,1326.77,1328.68,0
2018-04-23 13:00:00,1328.58,1328.76,1323.94,1325.75,0
2018-04-23 14:00:00,1325.71,1326.65,1323.48,1324.58,0
2018-04-23 15:00:00,1324.58,1324.84,1322.26,1323.8,0
2018-04-23 16:00:00,1323.82,1324.93,1322.36,1322.67,0
2018-04-23 17:00:00,1322.69,1324.35,1322.68,1323.43,0
2018-04-23 18:00:00,1323.43,1323.52,1322.15,1323.37,0
2018-04-23 19:00:00,1323.36,1325.44,1323.35,1324.42,0
2018-04-23 20:00:00,1324.41,1325.03,1323.16,1324.7,0
2018-04-23 21:00:00,1324.7,1325.01,1323.97,1324.74,0
2018-04-23 23:00:00,1324.51,1325.03,1324.34,1324.64,0
2018-04-24 00:00:00,1324.65,1325.37,1323.88,1324.59,0
2018-04-24 01:00:00,1324.59,1326.74,1324.15,1326.07,0
2018-04-24 02:00:00,1326.09,1327.02,1322.11,1326.3,0
2018-04-24 03:00:00,1326.3,1328.13,1325.98,1327.06,0
2018-04-24 04:00:00,1327.06,1327.51,1326.32,1326.68,0
2018-04-24 05:00:00,1326.67,1326.76,1326.09,1326.59,0
2018-04-24 06:00:00,1326.58,1327.79,1326.58,1326.97,0
2018-04-24 07:00:00,1326.97,1328.57,1324.75,1324.98,0
2018-04-24 08:00:00,1324.99,1327.15,1324.53,1325.6,0
2018-04-24 09:00:00,1325.58,1327.87,1324.95,1327.65,0
2018-04-24 10:00:00,1327.67,1328.01,1326.49,1327.0,0
2018-04-24 11:00:00,1327.03,1327.88,1325.7,1326.08,0
2018-04-24 12:00:00,1326.06,1326.81,1325.2,1326.7,0
2018-04-24 13:00:00,1326.65,1327.24,1323.47,1325.04,0
2018-04-24 14:00:00,1324.99,1330.09,1324.05,1329.67,0
2018-04-24 15:00:00,1329.69,1330.77,1327.68,1327.95,0
2018-04-24 16:00:00,1327.96,1330.15,1327.5,1329.26,0
2018-04-24 17:00:00,1329.26,1332.55,1328.54,1331.88,0
2018-04-24 18:00:00,1331.88,1332.32,1329.93,1332.11,0
2018-04-24 19:00:00,1332.12,1332.69,1331.46,1331.98,0
2018-04-24 20:00:00,1332.0,1332.31,1331.22,1331.53,0
2018-04-24 21:00:00,1331.54,1331.55,1330.34,1330.41,0
2018-04-24 23:00:00,1330.01,1331.1,1329.8,1330.89,0
2018-04-25 00:00:00,1330.9,1332.09,1330.88,1331.69,0
2018-04-25 01:00:00,1331.69,1331.73,1329.53,1330.77,0
2018-04-25 02:00:00,1330.76,1330.78,1328.33,1329.07,0
2018-04-25 03:00:00,1329.05,1329.47,1328.63,1328.85,0
2018-04-25 04:00:00,1328.85,1329.36,1327.93,1328.14,0
2018-04-25 05:00:00,1328.12,1328.6,1326.89,1327.49,0
2018-04-25 06:00:00,1327.5,1327.53,1325.47,1326.91,0
2018-04-25 07:00:00,1326.88,1326.88,1324.65,1324.87,0
2018-04-25 08:00:00,1324.87,1324.92,1323.26,1323.65,0
2018-04-25 09:00:00,1323.64,1325.45,1322.98,1325.1,0
2018-04-25 10:00:00,1325.11,1325.77,1324.18,1324.22,0
2018-04-25 11:00:00,1324.22,1324.85,1323.7,1324.66,0
2018-04-25 12:00:00,1324.67,1324.82,1320.35,1320.75,0
2018-04-25 13:00:00,1320.75,1321.54,1318.84,1320.67,0
2018-04-25 14:00:00,1320.68,1322.96,1319.99,1321.95,0
2018-04-25 15:00:00,1321.93,1322.35,1319.21,1320.01,0
2018-04-25 16:00:00,1320.02,1321.42,1319.74,1321.29,0
2018-04-25 17:00:00,1321.29,1322.77,1320.65,1322.26,0
2018-04-25 18:00:00,1322.3,1323.47,1321.28,1321.96,0
2018-04-25 19:00:00,1321.96,1322.33,1321.38,1321.73,0
2018-04-25 20:00:00,1321.74,1323.96,1321.37,1322.78,0
2018-04-25 21:00:00,1322.79,1323.51,1322.11,1323.31,0
2018-04-25 23:00:00,1322.62,1323.26,1321.18,1322.18,0
2018-04-26 00:00:00,1322.17,1322.91,1322.09,1322.68,0
2018-04-26 01:00:00,1322.67,1324.03,1322.1,1323.39,0
2018-04-26 02:00:00,1323.37,1324.07,1322.02,1324.03,0
2018-04-26 03:00:00,1324.05,1324.68,1323.21,1323.33,0
2018-04-26 04:00:00,1323.32,1324.13,1323.28,1323.75,0
2018-04-26 05:00:00,1323.76,1323.79,1323.19,1323.44,0
2018-04-26 06:00:00,1323.46,1324.55,1323.29,1324.44,0
2018-04-26 07:00:00,1324.44,1325.62,1323.37,1325.11,0
2018-04-26 08:00:00,1325.11,1326.64,1323.09,1323.65,0
2018-04-26 09:00:00,1323.57,1323.88,1322.04,1322.42,0
2018-04-26 10:00:00,1322.41,1323.8,1321.38,1323.11,0
2018-04-26 11:00:00,1323.11,1325.39,1322.2,1324.73,0
2018-04-26 12:00:00,1324.72,1325.8,1322.76,1323.04,0
2018-04-26 13:00:00,1323.04,1325.53,1321.78,1324.81,0
2018-04-26 14:00:00,1324.79,1325.74,1321.56,1322.57,0
2018-04-26 15:00:00,1322.6,1322.72,1316.77,1317.85,0
2018-04-26 16:00:00,1317.83,1318.49,1315.33,1316.4,0
2018-04-26 17:00:00,1316.41,1318.0,1316.21,1317.62,0
2018-04-26 18:00:00,1317.61,1317.99,1316.77,1317.39,0
2018-04-26 19:00:00,1317.41,1317.69,1316.37,1317.52,0
2018-04-26 20:00:00,1317.52,1318.02,1316.71,1317.84,0
2018-04-26 21:00:00,1317.85,1317.92,1316.84,1316.93,0
2018-04-26 23:00:00,1316.64,1317.97,1316.63,1317.29,0
2018-04-27 00:00:00,1317.28,1318.32,1317.22,1318.02,0
2018-04-27 01:00:00,1318.02,1318.16,1316.52,1317.04,0
2018-04-27 02:00:00,1317.04,1318.24,1315.58,1318.14,0
2018-04-27 03:00:00,1318.12,1318.26,1316.73,1316.89,0
2018-04-27 04:00:00,1316.89,1317.66,1316.34,1317.55,0
2018-04-27 05:00:00,1317.54,1317.91,1317.0,1317.74,0
2018-04-27 06:00:00,1317.75,1317.87,1316.61,1317.4,0
2018-04-27 07:00:00,1317.4,1317.51,1315.96,1316.4,0
2018-04-27 08:00:00,1316.39,1317.9,1315.42,1317.54,0
2018-04-27 09:00:00,1317.51,1319.16,1316.33,1316.46,0
2018-04-27 10:00:00,1316.44,1318.28,1316.42,1318.12,0
2018-04-27 11:00:00,1318.07,1321.35,1317.31,1319.7,0
2018-04-27 12:00:00,1319.68,1320.31,1318.17,1318.51,0
2018-04-27 13:00:00,1318.52,1322.53,1316.9,1321.21,0
2018-04-27 14:00:00,1321.16,1323.52,1320.29,1321.46,0
2018-04-27 15:00:00,1321.53,1323.84,1320.42,1321.89,0
2018-04-27 16:00:00,1321.87,1322.83,1321.06,1321.75,0
2018-04-27 17:00:00,1321.74,1322.96,1321.28,1321.83,0
2018-04-27 18:00:00,1321.83,1322.79,1321.52,1322.74,0
2018-04-27 19:00:00,1322.73,1325.27,1322.29,1325.03,0
2018-04-27 20:00:00,1325.04,1325.11,1322.99,1323.85,0
2018-04-27 21:00:00,1323.84,1323.98,1322.87,1323.36,0
2018-04-29 23:00:00,1322.3,1325.4,1322.27,1322.97,0
2018-04-30 00:00:00,1322.97,1323.83,1322.79,1323.4,0
2018-04-30 01:00:00,1323.41,1324.92,1323.13,1324.43,0
2018-04-30 02:00:00,1324.43,1324.7,1323.52,1324.65,0
2018-04-30 03:00:00,1324.65,1324.87,1321.81,1322.2,0
2018-04-30 04:00:00,1322.2,1322.34,1321.2,1321.26,0
2018-04-30 05:00:00,1321.27,1321.87,1321.05,1321.69,0
2018-04-30 06:00:00,1321.74,1322.35,1321.41,1321.92,0
2018-04-30 07:00:00,1321.92,1321.92,1317.96,1318.66,0
2018-04-30 08:00:00,1318.72,1318.77,1316.75,1317.77,0
2018-04-30 09:00:00,1317.77,1318.03,1316.47,1317.28,0
2018-04-30 10:00:00,1317.25,1317.62,1315.97,1317.52,0
2018-04-30 11:00:00,1317.52,1317.61,1315.46,1316.6,0
2018-04-30 12:00:00,1316.6,1316.6,1312.74,1313.76,0
2018-04-30 13:00:00,1313.76,1314.92,1312.49,1313.99,0
2018-04-30 14:00:00,1314.0,1314.17,1310.24,1310.94,0
2018-04-30 15:00:00,1310.98,1316.63,1310.91,1313.84,0
2018-04-30 16:00:00,1313.84,1315.81,1312.96,1315.31,0
2018-04-30 17:00:00,1315.3,1318.19,1314.73,1317.1,0
2018-04-30 18:00:00,1317.02,1320.55,1316.03,1317.89,0
2018-04-30 19:00:00,1317.89,1319.36,1317.5,1318.19,0
2018-04-30 20:00:00,1318.18,1318.75,1314.22,1314.52,0
2018-04-30 21:00:00,1314.53,1316.32,1314.53,1315.27,0
2018-04-30 23:00:00,1314.72,1316.37,1314.72,1315.94,0
2018-05-01 00:00:00,1315.93,1315.94,1315.05,1315.22,0
2018-05-01 01:00:00,1315.23,1315.31,1314.66,1315.11,0
2018-05-01 02:00:00,1315.1,1315.19,1312.38,1312.67,0
2018-05-01 03:00:00,1312.67,1313.11,1312.05,1312.72,0
2018-05-01 04:00:00,1312.72,1312.89,1312.31,1312.36,0
2018-05-01 05:00:00,1312.36,1312.48,1311.88,1312.3,0
2018-05-01 06:00:00,1312.3,1312.3,1311.28,1312.13,0
2018-05-01 07:00:00,1312.13,1312.72,1310.36,1311.22,0
2018-05-01 08:00:00,1311.22,1311.7,1310.58,1310.76,0
2018-05-01 09:00:00,1310.78,1311.17,1308.54,1308.88,0
2018-05-01 10:00:00,1308.89,1310.11,1307.87,1309.57,0
2018-05-01 11:00:00,1309.58,1309.65,1307.78,1308.46,0
2018-05-01 12:00:00,1308.46,1308.91,1307.62,1308.5,0
2018-05-01 13:00:00,1308.49,1310.36,1306.78,1308.06,0
2018-05-01 14:00:00,1308.04,1309.09,1305.57,1305.78,0
2018-05-01 15:00:00,1305.99,1307.7,1301.76,1303.17,0
2018-05-01 16:00:00,1303.18,1306.7,1302.37,1306.01,0
2018-05-01 17:00:00,1306.01,1308.03,1305.68,1307.13,0
2018-05-01 18:00:00,1307.12,1307.38,1305.45,1306.13,0
2018-05-01 19:00:00,1306.17,1307.43,1305.82,1306.16,0
2018-05-01 20:00:00,1306.14,1306.79,1304.72,1305.07,0
2018-05-01 21:00:00,1305.06,1305.14,1303.83,1303.97,0
2018-05-01 23:00:00,1303.53,1305.57,1303.48,1304.77,0
2018-05-02 00:00:00,1304.78,1306.02,1304.57,1305.59,0
2018-05-02 01:00:00,1305.6,1307.58,1305.48,1306.39,0
2018-05-02 02:00:00,1306.38,1309.71,1306.27,1309.37,0
2018-05-02 03:00:00,1309.35,1310.22,1309.13,1309.51,0
2018-05-02 04:00:00,1309.53,1311.97,1309.47,1310.88,0
2018-05-02 05:00:00,1310.86,1310.94,1310.09,1310.2,0
2018-05-02 06:00:00,1310.19,1310.19,1308.52,1308.71,0
2018-05-02 07:00:00,1308.7,1310.65,1307.73,1309.84,0
2018-05-02 08:00:00,1309.84,1311.69,1308.99,1309.96,0
2018-05-02 09:00:00,1309.97,1310.45,1308.77,1310.11,0
2018-05-02 10:00:00,1310.11,1311.34,1309.35,1310.58,0
2018-05-02 11:00:00,1310.56,1311.02,1309.71,1310.01,0
2018-05-02 12:00:00,1309.97,1310.49,1308.96,1309.38,0
2018-05-02 13:00:00,1309.39,1310.71,1307.98,1309.02,0
2018-05-02 14:00:00,1309.02,1309.51,1304.17,1305.14,0
2018-05-02 15:00:00,1305.11,1306.16,1304.11,1306.04,0
2018-05-02 16:00:00,1306.04,1307.29,1305.92,1306.8,0
2018-05-02 17:00:00,1306.85,1307.28,1305.05,1305.33,0
2018-05-02 18:00:00,1305.33,1306.37,1304.4,1306.0,0
2018-05-02 19:00:00,1305.87,1313.52,1305.34,1309.48,0
2018-05-02 20:00:00,1309.48,1309.6,1303.94,1304.59,0
2018-05-02 21:00:00,1304.59,1305.57,1304.23,1304.76,0
2018-05-02 23:00:00,1304.61,1306.38,1304.45,1306.12,0
2018-05-03 00:00:00,1306.13,1306.5,1305.47,1305.9,0
2018-05-03 01:00:00,1305.89,1308.45,1305.51,1308.39,0
2018-05-03 02:00:00,1308.45,1310.51,1307.39,1309.62,0
2018-05-03 03:00:00,1309.62,1309.96,1308.21,1308.77,0
2018-05-03 04:00:00,1308.77,1309.6,1308.57,1308.67,0
2018-05-03 05:00:00,1308.68,1309.77,1308.55,1309.54,0
2018-05-03 06:00:00,1309.54,1310.23,1308.87,1309.39,0
2018-05-03 07:00:00,1309.39,1310.46,1308.19,1309.07,0
2018-05-03 08:00:00,1309.06,1310.13,1306.51,1309.31,0
2018-05-03 09:00:00,1309.31,1311.22,1308.38,1310.32,0
2018-05-03 10:00:00,1310.3,1313.31,1309.71,1312.39,0
2018-05-03 11:00:00,1312.42,1313.31,1311.46,1311.7,0
2018-05-03 12:00:00,1311.67,1318.13,1311.37,1317.74,0
2018-05-03 13:00:00,1317.76,1318.09,1314.7,1315.55,0
2018-05-03 14:00:00,1315.56,1315.9,1313.38,1315.03,0
2018-05-03 15:00:00,1315.05,1316.45,1312.49,1313.45,0
2018-05-03 16:00:00,1313.46,1314.65,1312.77,1313.9,0
2018-05-03 17:00:00,1313.88,1313.95,1311.73,1312.66,0
2018-05-03 18:00:00,1312.67,1313.72,1310.75,1313.35,0
2018-05-03 19:00:00,1313.34,1315.08,1313.23,1313.92,0
2018-05-03 20:00:00,1313.93,1314.17,1311.26,1311.28,0
2018-05-03 21:00:00,1311.29,1312.53,1311.29,1312.18,0
2018-05-03 23:00:00,1311.75,1313.15,1311.75,1312.71,0
2018-05-04 00:00:00,1312.73,1313.66,1312.38,1312.87,0
2018-05-04 01:00:00,1312.88,1313.35,1311.35,1312.14,0
2018-05-04 02:00:00,1312.14,1314.1,1311.73,1313.8,0
2018-05-04 03:00:00,1313.8,1314.43,1313.36,1313.66,0
2018-05-04 04:00:00,1313.66,1314.35,1313.17,1313.56,0
2018-05-04 05:00:00,1313.55,1313.82,1312.66,1312.77,0
2018-05-04 06:00:00,1312.78,1313.74,1312.37,1312.91,0
2018-05-04 07:00:00,1312.93,1312.93,1311.18,1311.32,0
2018-05-04 08:00:00,1311.31,1311.37,1309.46,1310.24,0
2018-05-04 09:00:00,1310.24,1311.21,1308.78,1308.87,0
2018-05-04 10:00:00,1308.86,1309.75,1308.64,1309.36,0
2018-05-04 11:00:00,1309.37,1310.97,1309.22,1310.91,0
2018-05-04 12:00:00,1310.88,1311.98,1310.1,1311.42,0
2018-05-04 13:00:00,1311.4,1315.4,1309.49,1313.32,0
2018-05-04 14:00:00,1313.32,1313.39,1308.02,1309.97,0
2018-05-04 15:00:00,1309.95,1313.64,1309.65,1311.28,0
2018-05-04 16:00:00,1311.29,1311.88,1309.89,1311.52,0
2018-05-04 17:00:00,1311.52,1313.81,1310.61,1313.38,0
2018-05-04 18:00:00,1313.36,1314.53,1312.96,1314.0,0
2018-05-04 19:00:00,1314.02,1315.06,1313.65,1314.65,0
2018-05-04 20:00:00,1314.59,1314.65,1313.65,1314.0,0
2018-05-04 21:00:00,1313.99,1315.16,1313.95,1314.98,0
2018-05-06 23:00:00,1314.12,1315.36,1313.57,1314.86,0
2018-05-07 00:00:00,1314.86,1315.37,1314.34,1314.7,0
2018-05-07 01:00:00,1314.67,1318.0,1314.17,1317.51,0
2018-05-07 02:00:00,1317.5,1318.95,1317.13,1317.4,0
2018-05-07 03:00:00,1317.41,1318.44,1316.99,1318.11,0
2018-05-07 04:00:00,1318.13,1318.52,1317.41,1317.47,0
2018-05-07 05:00:00,1317.46,1317.58,1316.05,1316.15,0
2018-05-07 06:00:00,1316.15,1316.26,1313.58,1314.92,0
2018-05-07 07:00:00,1314.89,1314.91,1311.86,1313.52,0
2018-05-07 08:00:00,1313.52,1313.63,1312.12,1313.21,0
2018-05-07 09:00:00,1313.21,1314.21,1311.95,1313.67,0
2018-05-07 10:00:00,1313.67,1314.04,1313.08,1313.69,0
2018-05-07 11:00:00,1313.7,1314.94,1312.8,1312.9,0
2018-05-07 12:00:00,1312.85,1313.28,1310.92,1311.01,0
2018-05-07 13:00:00,1311.03,1313.9,1310.25,1313.13,0
2018-05-07 14:00:00,1313.13,1314.12,1311.39,1312.03,0
2018-05-07 15:00:00,1312.01,1315.09,1312.01,1313.6,0
2018-05-07 16:00:00,1313.61,1315.65,1313.45,1313.97,0
2018-05-07 17:00:00,1313.93,1314.48,1313.02,1313.88,0
2018-05-07 18:00:00,1313.85,1314.62,1312.93,1314.62,0
2018-05-07 19:00:00,1314.62,1314.86,1313.4,1313.92,0
2018-05-07 20:00:00,1313.89,1314.47,1313.56,1314.34,0
2018-05-07 21:00:00,1314.31,1314.41,1313.77,1314.16,0
2018-05-07 23:00:00,1313.4,1314.59,1313.35,1313.86,0
2018-05-08 00:00:00,1313.86,1316.18,1313.86,1315.84,0
2018-05-08 01:00:00,1315.85,1317.07,1314.66,1315.63,0
2018-05-08 02:00:00,1315.62,1315.87,1312.71,1313.71,0
2018-05-08 03:00:00,1313.72,1314.37,1312.51,1313.93,0
2018-05-08 04:00:00,1313.94,1313.98,1311.79,1312.17,0
2018-05-08 05:00:00,1312.17,1312.17,1310.98,1311.44,0
2018-05-08 06:00:00,1311.44,1313.11,1310.77,1312.64,0
2018-05-08 07:00:00,1312.64,1314.41,1312.24,1313.14,0
2018-05-08 08:00:00,1313.15,1314.86,1312.7,1313.99,0
2018-05-08 09:00:00,1313.98,1314.2,1310.89,1311.37,0
2018-05-08 10:00:00,1311.38,1311.38,1308.63,1310.11,0
2018-05-08 11:00:00,1310.11,1310.49,1308.97,1309.94,0
2018-05-08 12:00:00,1309.93,1311.57,1309.32,1311.21,0
2018-05-08 13:00:00,1311.21,1312.07,1309.32,1310.02,0
2018-05-08 14:00:00,1310.01,1310.38,1306.3,1307.0,0
2018-05-08 15:00:00,1307.0,1309.16,1306.12,1307.79,0
2018-05-08 16:00:00,1307.78,1311.8,1306.98,1310.72,0
2018-05-08 17:00:00,1310.76,1315.45,1310.66,1314.12,0
2018-05-08 18:00:00,1314.12,1314.12,1311.36,1313.3,0
2018-05-08 19:00:00,1313.3,1317.84,1312.92,1314.88,0
2018-05-08 20:00:00,1314.93,1316.42,1313.87,1314.46,0
2018-05-08 21:00:00,1314.45,1315.01,1314.19,1314.37,0
2018-05-08 23:00:00,1314.49,1315.98,1314.28,1315.08,0
2018-05-09 00:00:00,1315.09,1316.8,1314.95,1316.42,0
2018-05-09 01:00:00,1316.47,1316.61,1312.96,1313.23,0
2018-05-09 02:00:00,1313.24,1313.38,1310.16,1311.28,0
2018-05-09 03:00:00,1311.27,1312.34,1310.62,1311.14,0
2018-05-09 04:00:00,1311.16,1312.15,1310.7,1310.82,0
2018-05-09 05:00:00,1310.81,1311.35,1310.42,1311.19,0
2018-05-09 06:00:00,1311.18,1311.2,1310.08,1311.01,0
2018-05-09 07:00:00,1311.01,1311.22,1308.18,1308.21,0
2018-05-09 08:00:00,1308.22,1308.23,1304.32,1306.21,0
2018-05-09 09:00:00,1306.21,1306.94,1305.21,1306.28,0
2018-05-09 10:00:00,1306.22,1308.03,1306.14,1306.76,0
2018-05-09 11:00:00,1306.78,1309.3,1305.55,1308.85,0
2018-05-09 12:00:00,1308.85,1313.46,1307.8,1311.39,0
2018-05-09 13:00:00,1311.41,1314.31,1310.98,1313.66,0
2018-05-09 14:00:00,1313.69,1314.82,1312.14,1313.82,0
2018-05-09 15:00:00,1313.91,1317.47,1313.68,1315.59,0
2018-05-09 16:00:00,1315.63,1316.11,1312.96,1313.42,0
2018-05-09 17:00:00,1313.41,1313.92,1311.51,1312.4,0
2018-05-09 18:00:00,1312.4,1313.53,1311.83,1313.13,0
2018-05-09 19:00:00,1313.12,1313.34,1312.23,1312.87,0
2018-05-09 20:00:00,1312.87,1312.92,1310.89,1311.82,0
2018-05-09 21:00:00,1311.76,1312.74,1311.74,1312.72,0
2018-05-09 23:00:00,1312.41,1312.69,1311.91,1312.54,0
2018-05-10 00:00:00,1312.54,1313.59,1311.56,1312.48,0
2018-05-10 01:00:00,1312.48,1312.96,1311.1,1311.43,0
2018-05-10 02:00:00,1311.44,1314.92,1311.11,1314.5,0
2018-05-10 03:00:00,1314.51,1315.76,1313.09,1313.36,0
2018-05-10 04:00:00,1313.37,1314.21,1313.32,1313.98,0
2018-05-10 05:00:00,1313.99,1315.55,1313.79,1315.28,0
2018-05-10 06:00:00,1315.27,1315.38,1313.44,1313.51,0
2018-05-10 07:00:00,1313.49,1314.55,1312.17,1312.85,0
2018-05-10 08:00:00,1312.86,1313.01,1310.78,1311.81,0
2018-05-10 09:00:00,1311.81,1315.17,1311.56,1315.1,0
2018-05-10 10:00:00,1315.09,1316.06,1314.62,1315.18,0
2018-05-10 11:00:00,1315.2,1316.99,1314.94,1316.44,0
2018-05-10 12:00:00,1316.43,1318.3,1315.51,1317.79,0
2018-05-10 13:00:00,1317.83,1322.67,1317.31,1321.99,0
2018-05-10 14:00:00,1322.0,1322.92,1318.11,1319.06,0
2018-05-10 15:00:00,1319.06,1319.84,1317.04,1317.48,0
2018-05-10 16:00:00,1317.51,1319.83,1316.25,1319.34,0
2018-05-10 17:00:00,1319.37,1320.35,1318.86,1319.55,0
2018-05-10 18:00:00,1319.55,1322.25,1319.3,1320.5,0
2018-05-10 19:00:00,1320.49,1321.98,1319.85,1321.57,0
2018-05-10 20:00:00,1321.57,1321.87,1320.39,1320.6,0
2018-05-10 21:00:00,1320.61,1321.53,1320.39,1321.3,0
2018-05-10 23:00:00,1321.21,1321.9,1320.97,1321.02,0
2018-05-11 00:00:00,1320.99,1321.71,1320.88,1321.13,0
2018-05-11 01:00:00,1321.15,1322.2,1320.01,1321.9,0
2018-05-11 02:00:00,1321.9,1322.0,1320.1,1320.34,0
2018-05-11 03:00:00,1320.35,1320.38,1319.41,1319.84,0
2018-05-11 04:00:00,1319.85,1320.73,1319.15,1319.95,0
2018-05-11 05:00:00,1319.96,1320.38,1319.4,1319.54,0
2018-05-11 06:00:00,1319.57,1320.06,1318.49,1318.98,0
2018-05-11 07:00:00,1318.98,1320.49,1318.64,1319.54,0
2018-05-11 08:00:00,1319.54,1322.08,1319.05,1321.65,0
2018-05-11 09:00:00,1321.66,1323.58,1321.65,1323.16,0
2018-05-11 10:00:00,1323.15,1324.95,1322.39,1324.75,0
2018-05-11 11:00:00,1324.75,1325.61,1323.9,1324.44,0
2018-05-11 12:00:00,1324.44,1325.84,1324.11,1325.61,0
2018-05-11 13:00:00,1325.69,1325.98,1324.36,1324.8,0
2018-05-11 14:00:00,1324.8,1325.24,1322.55,1323.61,0
2018-05-11 15:00:00,1323.58,1324.45,1321.95,1322.3,0
2018-05-11 16:00:00,1322.32,1322.76,1320.43,1322.01,0
2018-05-11 17:00:00,1321.99,1322.58,1321.11,1322.03,0
2018-05-11 18:00:00,1322.03,1322.09,1320.46,1321.48,0
2018-05-11 19:00:00,1321.45,1321.48,1318.29,1320.04,0
2018-05-11 20:00:00,1320.04,1320.21,1318.97,1319.14,0
2018-05-11 21:00:00,1319.14,1319.47,1317.23,1318.05,0
2018-05-13 23:00:00,1318.16,1319.13,1317.82,1318.93,0
2018-05-14 00:00:00,1318.91,1320.28,1318.82,1320.18,0
2018-05-14 01:00:00,1320.18,1322.19,1319.8,1322.11,0
2018-05-14 02:00:00,1322.11,1322.35,1321.13,1321.27,0
2018-05-14 03:00:00,1321.27,1321.42,1320.19,1320.92,0
2018-05-14 04:00:00,1320.91,1321.25,1320.08,1320.34,0
2018-05-14 05:00:00,1320.33,1320.36,1319.16,1319.4,0
2018-05-14 06:00:00,1319.4,1320.67,1319.13,1320.54,0
2018-05-14 07:00:00,1320.54,1321.58,1319.53,1319.8,0
2018-05-14 08:00:00,1319.81,1321.63,1319.28,1321.3,0
2018-05-14 09:00:00,1321.29,1321.81,1320.19,1320.96,0
2018-05-14 10:00:00,1321.01,1321.52,1319.82,1320.45,0
2018-05-14 11:00:00,1320.45,1320.59,1318.71,1319.78,0
2018-05-14 12:00:00,1319.77,1320.29,1318.31,1318.9,0
2018-05-14 13:00:00,1318.92,1320.0,1317.99,1318.86,0
2018-05-14 14:00:00,1318.86,1321.26,1318.16,1320.7,0
2018-05-14 15:00:00,1320.7,1320.75,1319.02,1320.05,0
2018-05-14 16:00:00,1320.03,1320.13,1318.61,1319.62,0
2018-05-14 17:00:00,1319.62,1320.09,1318.83,1319.24,0
2018-05-14 18:00:00,1319.25,1319.4,1315.42,1315.49,0
2018-05-14 19:00:00,1315.5,1315.55,1313.04,1313.87,0
2018-05-14 20:00:00,1313.87,1315.03,1313.41,1313.51,0
2018-05-14 21:00:00,1313.53,1314.18,1313.0,1313.38,0
2018-05-14 23:00:00,1312.55,1314.46,1312.37,1314.01,0
2018-05-15 00:00:00,1314.0,1314.3,1313.53,1313.83,0
2018-05-15 01:00:00,1313.83,1314.91,1313.47,1314.37,0
2018-05-15 02:00:00,1314.37,1314.78,1313.69,1313.92,0
2018-05-15 03:00:00,1313.92,1314.2,1313.24,1314.0,0
2018-05-15 04:00:00,1314.0,1314.09,1313.49,1313.83,0
2018-05-15 05:00:00,1313.83,1313.99,1311.24,1311.39,0
2018-05-15 06:00:00,1311.36,1312.53,1310.76,1312.08,0
2018-05-15 07:00:00,1312.08,1312.19,1310.86,1311.62,0
2018-05-15 08:00:00,1311.62,1312.18,1310.72,1310.92,0
2018-05-15 09:00:00,1310.91,1311.4,1309.52,1309.87,0
2018-05-15 10:00:00,1309.88,1310.83,1309.63,1309.91,0
2018-05-15 11:00:00,1309.91,1310.21,1308.81,1309.13,0
2018-05-15 12:00:00,1309.13,1309.35,1306.2,1306.98,0
2018-05-15 13:00:00,1307.0,1307.09,1296.87,1297.61,0
2018-05-15 14:00:00,1297.62,1298.35,1291.95,1292.96,0
2018-05-15 15:00:00,1292.97,1295.78,1292.92,1294.38,0
2018-05-15 16:00:00,1294.41,1295.47,1293.33,1293.66,0
2018-05-15 17:00:00,1293.65,1294.12,1290.94,1291.49,0
2018-05-15 18:00:00,1291.49,1291.52,1289.65,1290.83,0
2018-05-15 19:00:00,1290.83,1292.91,1288.73,1290.56,0
2018-05-15 20:00:00,1290.58,1292.84,1290.45,1292.27,0
2018-05-15 21:00:00,1292.26,1292.95,1290.36,1290.59,0
2018-05-15 23:00:00,1289.93,1293.09,1289.72,1292.35,0
2018-05-16 00:00:00,1292.33,1293.6,1292.33,1292.88,0
2018-05-16 01:00:00,1292.87,1293.68,1292.47,1292.74,0
2018-05-16 02:00:00,1292.72,1293.35,1291.33,1293.33,0
2018-05-16 03:00:00,1293.34,1294.71,1293.06,1294.0,0
2018-05-16 04:00:00,1294.0,1294.68,1293.36,1294.22,0
2018-05-16 05:00:00,1294.21,1294.23,1293.52,1294.23,0
2018-05-16 06:00:00,1294.22,1295.09,1293.31,1294.88,0
2018-05-16 07:00:00,1294.88,1295.16,1293.54,1294.71,0
2018-05-16 08:00:00,1294.7,1296.94,1294.01,1295.55,0
2018-05-16 09:00:00,1295.55,1295.94,1292.49,1293.19,0
2018-05-16 10:00:00,1293.17,1293.63,1290.36,1291.13,0
2018-05-16 11:00:00,1291.07,1291.6,1289.61,1291.44,0
2018-05-16 12:00:00,1291.44,1291.45,1286.69,1288.78,0
2018-05-16 13:00:00,1288.8,1288.87,1286.41,1287.58,0
2018-05-16 14:00:00,1287.56,1291.81,1287.45,1291.14,0
2018-05-16 15:00:00,1291.14,1291.78,1288.11,1288.38,0
2018-05-16 16:00:00,1288.4,1290.08,1287.58,1289.82,0
2018-05-16 17:00:00,1289.83,1291.83,1289.4,1291.69,0
2018-05-16 18:00:00,1291.69,1293.5,1291.0,1293.32,0
2018-05-16 19:00:00,1293.32,1293.74,1291.59,1291.75,0
2018-05-16 20:00:00,1291.76,1292.07,1290.2,1290.55,0
2018-05-16 21:00:00,1290.56,1291.16,1290.3,1290.76,0
2018-05-16 23:00:00,1290.53,1291.79,1290.36,1291.6,0
2018-05-17 00:00:00,1291.59,1292.04,1290.82,1291.79,0
2018-05-17 01:00:00,1291.79,1291.85,1290.52,1290.67,0
2018-05-17 02:00:00,1290.66,1292.82,1289.62,1292.07,0
2018-05-17 03:00:00,1292.07,1294.43,1292.07,1293.06,0
2018-05-17 04:00:00,1293.07,1293.2,1291.87,1292.09,0
2018-05-17 05:00:00,1292.12,1292.97,1291.59,1291.72,0
2018-05-17 06:00:00,1291.72,1293.23,1291.04,1293.01,0
2018-05-17 07:00:00,1293.01,1293.01,1288.53,1289.52,0
2018-05-17 08:00:00,1289.51,1290.51,1288.11,1290.19,0
2018-05-17 09:00:00,1290.19,1290.58,1287.3,1288.31,0
2018-05-17 10:00:00,1288.3,1289.49,1287.61,1287.8,0
2018-05-17 11:00:00,1287.81,1288.59,1285.09,1287.67,0
2018-05-17 12:00:00,1287.69,1289.3,1286.98,1288.45,0
2018-05-17 13:00:00,1288.43,1290.26,1287.24,1289.81,0
2018-05-17 14:00:00,1289.78,1291.94,1288.47,1289.03,0
2018-05-17 15:00:00,1289.0,1291.3,1288.38,1289.63,0
2018-05-17 16:00:00,1289.63,1290.06,1287.7,1288.74,0
2018-05-17 17:00:00,1288.74,1291.79,1288.64,1291.43,0
2018-05-17 18:00:00,1291.43,1291.68,1289.88,1290.86,0
2018-05-17 19:00:00,1290.87,1291.81,1290.48,1291.15,0
2018-05-17 20:00:00,1291.18,1291.38,1289.84,1291.12,0
2018-05-17 21:00:00,1291.12,1291.25,1290.73,1290.87,0
2018-05-17 23:00:00,1290.71,1290.88,1290.0,1290.61,0
2018-05-18 00:00:00,1290.61,1290.7,1289.29,1289.56,0
2018-05-18 01:00:00,1289.55,1290.46,1288.97,1289.97,0
2018-05-18 02:00:00,1289.96,1289.99,1287.8,1288.79,0
2018-05-18 03:00:00,1288.79,1289.79,1288.4,1288.66,0
2018-05-18 04:00:00,1288.66,1289.65,1288.19,1288.78,0
2018-05-18 05:00:00,1288.79,1289.13,1288.13,1288.55,0
2018-05-18 06:00:00,1288.56,1290.16,1288.28,1289.93,0
2018-05-18 07:00:00,1289.93,1290.66,1288.91,1290.22,0
2018-05-18 08:00:00,1290.21,1291.17,1289.12,1289.63,0
2018-05-18 09:00:00,1289.6,1289.95,1288.26,1288.86,0
2018-05-18 10:00:00,1288.85,1288.91,1286.3,1286.36,0
2018-05-18 11:00:00,1286.35,1287.39,1286.28,1287.08,0
2018-05-18 12:00:00,1287.07,1288.76,1286.33,1288.75,0
2018-05-18 13:00:00,1288.74,1288.91,1286.14,1287.41,0
2018-05-18 14:00:00,1287.4,1290.55,1286.08,1288.81,0
2018-05-18 15:00:00,1288.79,1292.99,1288.31,1292.07,0
2018-05-18 16:00:00,1292.08,1292.58,1290.53,1291.46,0
2018-05-18 17:00:00,1291.45,1292.89,1291.28,1292.59,0
2018-05-18 18:00:00,1292.59,1292.75,1291.45,1292.22,0
2018-05-18 19:00:00,1292.23,1294.23,1291.89,1293.9,0
2018-05-18 20:00:00,1293.92,1294.17,1291.7,1291.76,0
2018-05-18 21:00:00,1291.8,1293.17,1291.72,1293.06,0
2018-05-20 23:00:00,1290.58,1292.02,1290.07,1290.64,0
2018-05-21 00:00:00,1290.66,1291.86,1290.37,1291.17,0
2018-05-21 01:00:00,1291.15,1291.26,1288.74,1289.86,0
2018-05-21 02:00:00,1289.85,1290.78,1289.45,1290.08,0
2018-05-21 03:00:00,1290.09,1290.17,1289.05,1289.25,0
2018-05-21 04:00:00,1289.26,1289.35,1288.44,1288.53,0
2018-05-21 05:00:00,1288.54,1288.75,1287.78,1288.14,0
2018-05-21 06:00:00,1288.23,1288.34,1286.12,1286.94,0
2018-05-21 07:00:00,1286.93,1287.19,1282.9,1283.38,0
2018-05-21 08:00:00,1283.37,1284.14,1282.1,1282.84,0
2018-05-21 09:00:00,1282.85,1284.94,1282.34,1284.41,0
2018-05-21 10:00:00,1284.4,1285.48,1284.06,1284.64,0
2018-05-21 11:00:00,1284.63,1285.32,1284.07,1284.43,0
2018-05-21 12:00:00,1284.42,1285.86,1283.89,1284.96,0
2018-05-21 13:00:00,1284.96,1288.07,1284.18,1287.08,0
2018-05-21 14:00:00,1287.08,1289.8,1286.97,1288.36,0
2018-05-21 15:00:00,1288.35,1290.07,1287.0,1288.2,0
2018-05-21 16:00:00,1288.22,1290.36,1287.43,1289.55,0
2018-05-21 17:00:00,1289.56,1290.43,1288.86,1289.86,0
2018-05-21 18:00:00,1289.85,1292.19,1289.56,1291.64,0
2018-05-21 19:00:00,1291.63,1292.3,1290.71,1292.0,0
2018-05-21 20:00:00,1292.0,1292.9,1291.83,1292.22,0
2018-05-21 21:00:00,1292.25,1293.17,1292.18,1292.67,0
2018-05-21 23:00:00,1292.75,1293.29,1292.27,1293.19,0
2018-05-22 00:00:00,1293.19,1293.45,1292.0,1292.55,0
2018-05-22 01:00:00,1292.57,1293.35,1292.03,1292.44,0
2018-05-22 02:00:00,1292.45,1292.54,1290.38,1291.04,0
2018-05-22 03:00:00,1291.03,1291.13,1289.92,1290.78,0
2018-05-22 04:00:00,1290.77,1291.06,1290.31,1290.44,0
2018-05-22 05:00:00,1290.42,1290.62,1289.18,1289.51,0
2018-05-22 06:00:00,1289.5,1290.61,1288.4,1290.33,0
2018-05-22 07:00:00,1290.33,1291.45,1288.75,1288.85,0
2018-05-22 08:00:00,1288.84,1292.73,1287.96,1292.59,0
2018-05-22 09:00:00,1292.57,1296.18,1292.56,1293.81,0
2018-05-22 10:00:00,1293.81,1295.19,1293.76,1295.01,0
2018-05-22 11:00:00,1295.01,1295.32,1293.75,1293.84,0
2018-05-22 12:00:00,1293.84,1295.96,1293.74,1295.37,0
2018-05-22 13:00:00,1295.32,1296.19,1292.8,1294.04,0
2018-05-22 14:00:00,1294.02,1295.15,1292.47,1293.57,0
2018-05-22 15:00:00,1293.55,1293.99,1291.37,1292.27,0
2018-05-22 16:00:00,1292.27,1293.08,1291.04,1292.75,0
2018-05-22 17:00:00,1292.75,1294.59,1292.27,1294.21,0
2018-05-22 18:00:00,1294.21,1294.21,1292.12,1292.62,0
2018-05-22 19:00:00,1292.63,1292.78,1291.63,1291.9,0
2018-05-22 20:00:00,1291.89,1292.21,1291.2,1291.93,0
2018-05-22 21:00:00,1291.93,1292.03,1291.01,1291.34,0
2018-05-22 23:00:00,1290.93,1292.43,1290.77,1292.16,0
2018-05-23 00:00:00,1292.17,1293.86,1291.9,1293.5,0
2018-05-23 01:00:00,1293.51,1295.58,1292.86,1293.06,0
2018-05-23 02:00:00,1293.07,1294.7,1292.01,1293.32,0
2018-05-23 03:00:00,1293.32,1293.52,1292.08,1292.58,0
2018-05-23 04:00:00,1292.56,1293.01,1292.12,1293.01,0
2018-05-23 05:00:00,1293.02,1293.03,1292.11,1292.41,0
2018-05-23 06:00:00,1292.41,1292.66,1290.38,1290.57,0
2018-05-23 07:00:00,1290.55,1290.93,1289.24,1290.33,0
2018-05-23 08:00:00,1290.35,1293.56,1289.68,1293.29,0
2018-05-23 09:00:00,1293.29,1293.9,1291.8,1292.68,0
2018-05-23 10:00:00,1292.68,1298.58,1292.64,1297.45,0
2018-05-23 11:00:00,1297.45,1297.95,1296.17,1297.09,0
2018-05-23 12:00:00,1297.08,1297.51,1295.89,1296.67,0
2018-05-23 13:00:00,1296.68,1296.69,1291.88,1292.2,0
2018-05-23 14:00:00,1292.22,1292.22,1287.95,1289.76,0
2018-05-23 15:00:00,1289.72,1292.26,1288.45,1291.33,0
2018-05-23 16:00:00,1291.33,1294.37,1291.22,1291.78,0
2018-05-23 17:00:00,1291.77,1292.59,1290.09,1290.5,0
2018-05-23 18:00:00,1290.5,1291.33,1289.0,1289.65,0
2018-05-23 19:00:00,1289.65,1295.06,1289.3,1294.44,0
2018-05-23 20:00:00,1294.4,1294.86,1292.45,1293.26,0
2018-05-23 21:00:00,1293.24,1293.95,1292.99,1293.41,0
2018-05-23 23:00:00,1293.65,1294.41,1293.57,1293.84,0
2018-05-24 00:00:00,1293.83,1295.32,1292.92,1294.96,0
2018-05-24 01:00:00,1294.96,1295.93,1294.29,1295.1,0
2018-05-24 02:00:00,1295.1,1295.4,1293.88,1294.25,0
2018-05-24 03:00:00,1294.26,1295.66,1293.76,1294.61,0
2018-05-24 04:00:00,1294.62,1295.5,1294.05,1295.07,0
2018-05-24 05:00:00,1295.08,1295.75,1295.06,1295.21,0
2018-05-24 06:00:00,1295.22,1296.12,1293.79,1294.29,0
2018-05-24 07:00:00,1294.29,1296.58,1292.79,1296.07,0
2018-05-24 08:00:00,1296.06,1297.55,1295.92,1295.96,0
2018-05-24 09:00:00,1295.98,1297.52,1295.61,1297.03,0
2018-05-24 10:00:00,1297.02,1298.0,1296.04,1296.05,0
2018-05-24 11:00:00,1296.04,1296.52,1295.55,1295.98,0
2018-05-24 12:00:00,1295.98,1296.47,1295.58,1296.03,0
2018-05-24 13:00:00,1296.02,1299.74,1296.02,1298.68,0
2018-05-24 14:00:00,1298.66,1305.32,1297.99,1304.67,0
2018-05-24 15:00:00,1304.7,1306.66,1304.7,1305.48,0
2018-05-24 16:00:00,1305.48,1305.95,1304.6,1304.71,0
2018-05-24 17:00:00,1304.7,1305.59,1303.62,1304.75,0
2018-05-24 18:00:00,1304.75,1305.99,1304.23,1305.57,0
2018-05-24 19:00:00,1305.57,1305.59,1304.62,1305.01,0
2018-05-24 20:00:00,1305.0,1306.17,1304.48,1304.51,0
2018-05-24 21:00:00,1304.52,1305.47,1304.26,1304.77,0
2018-05-24 23:00:00,1304.33,1305.57,1304.07,1305.07,0
2018-05-25 00:00:00,1305.07,1305.15,1303.96,1304.37,0
2018-05-25 01:00:00,1304.35,1304.79,1302.39,1302.4,0
2018-05-25 02:00:00,1302.4,1303.07,1301.63,1303.0,0
2018-05-25 03:00:00,1302.99,1303.03,1301.81,1302.3,0
2018-05-25 04:00:00,1302.3,1302.88,1302.09,1302.4,0
2018-05-25 05:00:00,1302.41,1302.5,1301.82,1302.41,0
2018-05-25 06:00:00,1302.41,1303.27,1302.1,1302.3,0
2018-05-25 07:00:00,1302.29,1303.78,1301.8,1303.4,0
2018-05-25 08:00:00,1303.4,1304.19,1302.82,1303.46,0
2018-05-25 09:00:00,1303.46,1305.59,1303.44,1305.07,0
2018-05-25 10:00:00,1305.06,1305.78,1303.7,1304.93,0
2018-05-25 11:00:00,1304.9,1306.79,1304.5,1305.9,0
2018-05-25 12:00:00,1305.9,1306.42,1304.05,1304.39,0
2018-05-25 13:00:00,1304.4,1307.62,1303.24,1307.48,0
2018-05-25 14:00:00,1307.48,1307.82,1302.34,1303.41,0
2018-05-25 15:00:00,1303.36,1304.95,1302.52,1303.27,0
2018-05-25 16:00:00,1303.24,1304.75,1302.75,1304.15,0
2018-05-25 17:00:00,1304.16,1304.73,1303.55,1303.64,0
2018-05-25 18:00:00,1303.68,1304.41,1302.94,1303.31,0
2018-05-25 19:00:00,1303.32,1303.59,1302.72,1303.03,0
2018-05-25 20:00:00,1303.03,1303.07,1300.4,1300.4,0
2018-05-25 21:00:00,1300.4,1301.54,1299.9,1301.49,0
2018-05-27 23:00:00,1299.64,1299.97,1296.33,1297.63,0
2018-05-28 00:00:00,1297.55,1299.5,1296.92,1298.85,0
2018-05-28 01:00:00,1298.87,1299.21,1297.83,1298.99,0
2018-05-28 02:00:00,1298.99,1299.81,1297.34,1298.52,0
2018-05-28 03:00:00,1298.59,1298.93,1297.51,1297.94,0
2018-05-28 04:00:00,1297.93,1299.28,1297.6,1298.72,0
2018-05-28 05:00:00,1298.72,1299.11,1297.76,1298.97,0
2018-05-28 06:00:00,1298.96,1299.05,1297.09,1297.31,0
2018-05-28 07:00:00,1297.31,1297.31,1295.56,1296.86,0
2018-05-28 08:00:00,1296.85,1297.79,1296.19,1297.5,0
2018-05-28 09:00:00,1297.5,1297.69,1296.42,1297.42,0
2018-05-28 10:00:00,1297.45,1299.12,1296.79,1298.71,0
2018-05-28 11:00:00,1298.71,1298.77,1297.53,1298.28,0
2018-05-28 12:00:00,1298.28,1299.32,1297.68,1299.12,0
2018-05-28 13:00:00,1299.13,1300.37,1298.02,1298.03,0
2018-05-28 14:00:00,1297.99,1298.77,1296.93,1298.01,0
2018-05-28 15:00:00,1298.01,1299.44,1297.99,1298.8,0
2018-05-28 16:00:00,1298.81,1299.38,1298.59,1298.67,0
2018-05-28 17:00:00,1298.68,1298.69,1297.69,1298.1,0
2018-05-28 18:00:00,1298.08,1298.08,1297.85,1297.85,0
2018-05-28 23:00:00,1297.85,1298.13,1297.07,1297.5,0
2018-05-29 00:00:00,1297.45,1298.81,1297.24,1298.11,0
2018-05-29 01:00:00,1298.12,1301.38,1297.7,1300.15,0
2018-05-29 02:00:00,1300.16,1300.2,1298.42,1299.13,0
2018-05-29 03:00:00,1299.13,1300.04,1298.89,1298.89,0
2018-05-29 04:00:00,1298.89,1298.89,1297.41,1297.57,0
2018-05-29 05:00:00,1297.58,1299.04,1297.49,1297.95,0
2018-05-29 06:00:00,1297.94,1298.62,1297.49,1298.27,0
2018-05-29 07:00:00,1298.27,1299.81,1296.15,1296.85,0
2018-05-29 08:00:00,1296.86,1297.74,1296.04,1297.21,0
2018-05-29 09:00:00,1297.19,1306.55,1297.1,1304.04,0
2018-05-29 10:00:00,1304.05,1305.33,1302.01,1302.96,0
2018-05-29 11:00:00,1302.95,1304.78,1302.61,1303.68,0
2018-05-29 12:00:00,1303.69,1304.73,1301.95,1302.24,0
2018-05-29 13:00:00,1302.2,1302.88,1296.74,1297.86,0
2018-05-29 14:00:00,1297.86,1298.33,1292.96,1294.74,0
2018-05-29 15:00:00,1294.73,1303.19,1294.58,1302.46,0
2018-05-29 16:00:00,1302.44,1304.2,1301.35,1302.72,0
2018-05-29 17:00:00,1302.85,1304.68,1301.14,1302.13,0
2018-05-29 18:00:00,1302.14,1303.1,1298.89,1301.03,0
2018-05-29 19:00:00,1301.04,1304.29,1300.37,1303.14,0
2018-05-29 20:00:00,1303.12,1303.28,1300.1,1300.14,0
2018-05-29 21:00:00,1300.19,1300.81,1298.3,1298.66,0
2018-05-29 23:00:00,1298.65,1301.22,1298.65,1300.63,0
2018-05-30 00:00:00,1300.63,1302.93,1300.52,1302.15,0
2018-05-30 01:00:00,1302.15,1302.75,1300.0,1301.96,0
2018-05-30 02:00:00,1301.98,1302.76,1300.11,1300.73,0
2018-05-30 03:00:00,1300.74,1300.79,1298.83,1299.71,0
2018-05-30 04:00:00,1299.71,1299.77,1298.47,1298.79,0
2018-05-30 05:00:00,1298.77,1298.92,1297.64,1298.73,0
2018-05-30 06:00:00,1298.72,1300.53,1297.73,1299.45,0
2018-05-30 07:00:00,1299.41,1299.64,1296.69,1297.82,0
2018-05-30 08:00:00,1297.89,1298.49,1295.92,1297.58,0
2018-05-30 09:00:00,1297.55,1299.41,1296.7,1299.01,0
2018-05-30 10:00:00,1299.0,1299.82,1297.51,1297.81,0
2018-05-30 11:00:00,1297.77,1298.29,1296.55,1297.49,0
2018-05-30 12:00:00,1297.49,1298.34,1297.13,1297.59,0
2018-05-30 13:00:00,1297.59,1302.42,1297.41,1300.6,0
2018-05-30 14:00:00,1300.58,1301.52,1300.02,1300.85,0
2018-05-30 15:00:00,1300.83,1302.43,1300.3,1300.99,0
2018-05-30 16:00:00,1300.99,1302.73,1300.38,1301.95,0
2018-05-30 17:00:00,1301.96,1304.39,1300.42,1302.07,0
2018-05-30 18:00:00,1302.06,1302.49,1301.33,1301.44,0
2018-05-30 19:00:00,1301.42,1302.3,1301.1,1302.0,0
2018-05-30 20:00:00,1302.01,1302.64,1301.73,1302.17,0
2018-05-30 21:00:00,1302.14,1302.32,1301.29,1301.33,0
2018-05-30 23:00:00,1301.24,1302.73,1301.23,1302.27,0
2018-05-31 00:00:00,1302.27,1303.38,1302.25,1302.58,0
2018-05-31 01:00:00,1302.58,1304.82,1302.5,1303.26,0
2018-05-31 02:00:00,1303.26,1303.45,1301.28,1301.68,0
2018-05-31 03:00:00,1301.66,1302.58,1301.21,1302.12,0
2018-05-31 04:00:00,1302.12,1303.15,1302.03,1302.63,0
2018-05-31 05:00:00,1302.63,1303.58,1301.92,1303.22,0
2018-05-31 06:00:00,1303.22,1304.56,1303.15,1303.39,0
2018-05-31 07:00:00,1303.39,1306.47,1303.09,1304.97,0
2018-05-31 08:00:00,1304.98,1306.48,1304.65,1305.59,0
2018-05-31 09:00:00,1305.61,1306.0,1304.46,1304.66,0
2018-05-31 10:00:00,1304.66,1305.59,1303.11,1305.47,0
2018-05-31 11:00:00,1305.47,1305.57,1303.76,1304.08,0
2018-05-31 12:00:00,1304.06,1305.47,1303.9,1304.68,0
2018-05-31 13:00:00,1304.69,1304.79,1298.88,1299.73,0
2018-05-31 14:00:00,1299.75,1303.39,1298.76,1302.84,0
2018-05-31 15:00:00,1302.84,1306.29,1302.65,1304.61,0
2018-05-31 16:00:00,1304.6,1304.93,1300.91,1301.04,0
2018-05-31 17:00:00,1301.04,1302.43,1300.84,1301.82,0
2018-05-31 18:00:00,1301.84,1302.05,1299.29,1301.21,0
2018-05-31 19:00:00,1301.22,1301.61,1299.89,1300.71,0
2018-05-31 20:00:00,1300.7,1300.94,1299.33,1299.48,0
2018-05-31 21:00:00,1299.45,1299.66,1297.32,1298.25,0
2018-05-31 23:00:00,1298.65,1300.04,1298.6,1300.04,0
2018-06-01 00:00:00,1300.02,1300.21,1299.06,1299.42,0
2018-06-01 01:00:00,1299.42,1299.7,1298.0,1299.55,0
2018-06-01 02:00:00,1299.54,1300.66,1297.92,1299.23,0
2018-06-01 03:00:00,1299.23,1299.54,1298.14,1298.24,0
2018-06-01 04:00:00,1298.26,1298.76,1297.78,1298.56,0
2018-06-01 05:00:00,1298.56,1298.98,1298.18,1298.71,0
2018-06-01 06:00:00,1298.71,1299.61,1297.9,1299.26,0
2018-06-01 07:00:00,1299.26,1299.26,1298.08,1299.09,0
2018-06-01 08:00:00,1299.09,1300.08,1298.62,1299.24,0
2018-06-01 09:00:00,1299.21,1300.13,1299.04,1299.36,0
2018-06-01 10:00:00,1299.38,1299.95,1299.03,1299.52,0
2018-06-01 11:00:00,1299.51,1300.06,1296.1,1298.05,0
2018-06-01 12:00:00,1298.05,1298.65,1294.36,1295.03,0
2018-06-01 13:00:00,1295.05,1295.73,1289.38,1292.46,0
2018-06-01 14:00:00,1292.47,1295.41,1292.34,1293.41,0
2018-06-01 15:00:00,1293.31,1295.75,1293.19,1295.07,0
2018-06-01 16:00:00,1295.07,1299.1,1294.67,1296.45,0
2018-06-01 17:00:00,1296.47,1297.31,1295.19,1295.6,0
2018-06-01 18:00:00,1295.53,1295.94,1294.41,1295.1,0
2018-06-01 19:00:00,1295.08,1295.52,1293.38,1293.49,0
2018-06-01 20:00:00,1293.48,1294.03,1292.39,1293.15,0
2018-06-01 21:00:00,1293.05,1293.97,1292.85,1293.15,0
2018-06-03 23:00:00,1292.73,1294.02,1292.71,1293.4,0
2018-06-04 00:00:00,1293.4,1294.59,1292.52,1292.78,0
2018-06-04 01:00:00,1292.79,1293.96,1292.03,1293.08,0
2018-06-04 02:00:00,1293.08,1294.11,1292.78,1293.34,0
2018-06-04 03:00:00,1293.35,1293.57,1292.82,1292.98,0
2018-06-04 04:00:00,1292.97,1293.89,1292.94,1293.7,0
2018-06-04 05:00:00,1293.69,1293.95,1290.85,1291.56,0
2018-06-04 06:00:00,1291.51,1291.83,1290.72,1291.49,0
2018-06-04 07:00:00,1291.49,1291.95,1290.88,1291.44,0
2018-06-04 08:00:00,1291.43,1294.57,1290.26,1292.88,0
2018-06-04 09:00:00,1292.87,1294.11,1292.62,1293.72,0
2018-06-04 10:00:00,1293.74,1295.45,1293.51,1294.01,0
2018-06-04 11:00:00,1293.99,1295.35,1293.51,1295.09,0
2018-06-04 12:00:00,1295.1,1296.85,1294.5,1296.64,0
2018-06-04 13:00:00,1296.66,1297.57,1295.62,1296.79,0
2018-06-04 14:00:00,1296.79,1298.1,1294.94,1295.42,0
2018-06-04 15:00:00,1295.42,1296.32,1294.3,1294.95,0
2018-06-04 16:00:00,1294.94,1295.4,1292.95,1294.05,0
2018-06-04 17:00:00,1294.04,1294.12,1293.24,1293.57,0
2018-06-04 18:00:00,1293.56,1293.86,1292.83,1293.02,0
2018-06-04 19:00:00,1293.03,1293.43,1292.33,1292.6,0
2018-06-04 20:00:00,1292.6,1292.9,1291.75,1291.87,0
2018-06-04 21:00:00,1291.86,1292.18,1291.55,1291.87,0
2018-06-04 23:00:00,1292.12,1292.62,1291.87,1292.22,0
2018-06-05 00:00:00,1292.22,1292.5,1291.4,1291.56,0
2018-06-05 01:00:00,1291.53,1292.55,1290.83,1291.38,0
2018-06-05 02:00:00,1291.38,1292.69,1290.88,1292.29,0
2018-06-05 03:00:00,1292.38,1292.67,1291.36,1291.77,0
2018-06-05 04:00:00,1291.76,1292.43,1291.66,1292.01,0
2018-06-05 05:00:00,1292.01,1292.45,1291.16,1291.67,0
2018-06-05 06:00:00,1291.67,1291.67,1289.81,1291.56,0
2018-06-05 07:00:00,1291.57,1293.7,1290.8,1293.18,0
2018-06-05 08:00:00,1293.18,1294.04,1291.02,1291.83,0
2018-06-05 09:00:00,1291.85,1293.08,1291.66,1292.77,0
2018-06-05 10:00:00,1292.78,1292.81,1291.9,1292.61,0
2018-06-05 11:00:00,1292.61,1292.69,1290.34,1290.7,0
2018-06-05 12:00:00,1290.68,1291.75,1290.5,1291.44,0
2018-06-05 13:00:00,1291.43,1293.66,1291.2,1293.4,0
2018-06-05 14:00:00,1293.38,1294.34,1291.2,1292.48,0
2018-06-05 15:00:00,1292.48,1294.06,1290.67,1293.78,0
2018-06-05 16:00:00,1293.73,1297.63,1293.28,1297.16,0
2018-06-05 17:00:00,1297.17,1300.57,1295.76,1298.51,0
2018-06-05 18:00:00,1298.5,1299.48,1297.85,1299.25,0
2018-06-05 19:00:00,1299.25,1299.31,1297.09,1297.39,0
2018-06-05 20:00:00,1297.36,1297.86,1296.76,1296.78,0
2018-06-05 21:00:00,1296.77,1296.77,1296.2,1296.42,0
2018-06-05 23:00:00,1296.19,1297.33,1296.13,1296.93,0
2018-06-06 00:00:00,1296.92,1297.81,1296.88,1296.93,0
2018-06-06 01:00:00,1296.91,1297.87,1296.81,1297.55,0
2018-06-06 02:00:00,1297.56,1298.23,1297.29,1297.92,0
2018-06-06 03:00:00,1297.93,1298.06,1296.89,1297.25,0
2018-06-06 04:00:00,1297.24,1297.6,1296.94,1297.47,0
2018-06-06 05:00:00,1297.48,1297.48,1296.54,1296.76,0
2018-06-06 06:00:00,1296.76,1298.83,1296.42,1298.74,0
2018-06-06 07:00:00,1298.74,1299.45,1297.4,1297.93,0
2018-06-06 08:00:00,1297.9,1298.83,1296.96,1298.31,0
2018-06-06 09:00:00,1298.3,1298.39,1296.33,1296.96,0
2018-06-06 10:00:00,1296.96,1297.14,1294.28,1295.16,0
2018-06-06 11:00:00,1295.17,1295.36,1294.25,1294.86,0
2018-06-06 12:00:00,1294.86,1296.36,1293.83,1296.04,0
2018-06-06 13:00:00,1296.02,1298.23,1295.27,1298.18,0
2018-06-06 14:00:00,1298.14,1301.18,1297.88,1300.6,0
2018-06-06 15:00:00,1300.59,1301.83,1298.78,1299.23,0
2018-06-06 16:00:00,1299.24,1300.46,1298.82,1299.88,0
2018-06-06 17:00:00,1299.9,1300.14,1297.15,1297.61,0
2018-06-06 18:00:00,1297.63,1298.21,1294.79,1295.27,0
2018-06-06 19:00:00,1295.28,1296.48,1294.86,1295.97,0
2018-06-06 20:00:00,1295.97,1297.23,1295.22,1297.13,0
2018-06-06 21:00:00,1297.12,1297.22,1296.01,1296.52,0
2018-06-06 23:00:00,1296.41,1297.55,1296.38,1297.25,0
2018-06-07 00:00:00,1297.24,1298.22,1297.1,1297.34,0
2018-06-07 01:00:00,1297.34,1297.73,1296.22,1296.26,0
2018-06-07 02:00:00,1296.26,1297.46,1295.55,1297.18,0
2018-06-07 03:00:00,1297.17,1297.56,1296.51,1296.95,0
2018-06-07 04:00:00,1296.95,1297.55,1296.78,1296.99,0
2018-06-07 05:00:00,1297.0,1297.42,1295.99,1297.29,0
2018-06-07 06:00:00,1297.28,1298.25,1297.16,1297.44,0
2018-06-07 07:00:00,1297.44,1297.82,1296.62,1297.43,0
2018-06-07 08:00:00,1297.38,1299.19,1296.93,1298.58,0
2018-06-07 09:00:00,1298.59,1298.89,1297.53,1298.2,0
2018-06-07 10:00:00,1298.2,1298.92,1298.1,1298.92,0
2018-06-07 11:00:00,1298.92,1299.59,1297.94,1298.25,0
2018-06-07 12:00:00,1298.24,1299.81,1297.67,1299.77,0
2018-06-07 13:00:00,1299.77,1303.18,1299.21,1301.46,0
2018-06-07 14:00:00,1301.45,1301.89,1294.91,1296.32,0
2018-06-07 15:00:00,1296.32,1298.68,1296.28,1297.78,0
2018-06-07 16:00:00,1297.81,1298.88,1297.19,1298.1,0
2018-06-07 17:00:00,1298.1,1298.18,1297.04,1297.59,0
2018-06-07 18:00:00,1297.6,1299.73,1296.47,1297.57,0
2018-06-07 19:00:00,1297.58,1298.06,1296.72,1297.05,0
2018-06-07 20:00:00,1297.03,1297.88,1296.93,1296.96,0
2018-06-07 21:00:00,1296.96,1297.39,1296.54,1296.95,0
2018-06-07 23:00:00,1296.83,1297.53,1296.59,1296.94,0
2018-06-08 00:00:00,1296.95,1297.79,1296.87,1297.3,0
2018-06-08 01:00:00,1297.32,1297.37,1296.5,1296.99,0
2018-06-08 02:00:00,1296.99,1297.37,1296.39,1296.81,0
2018-06-08 03:00:00,1296.81,1297.56,1296.5,1296.86,0
2018-06-08 04:00:00,1296.85,1296.98,1295.88,1296.55,0
2018-06-08 05:00:00,1296.55,1296.98,1296.25,1296.88,0
2018-06-08 06:00:00,1296.88,1296.91,1292.62,1295.89,0
2018-06-08 07:00:00,1295.89,1296.71,1294.19,1295.0,0
2018-06-08 08:00:00,1295.0,1299.46,1294.6,1298.43,0
2018-06-08 09:00:00,1298.42,1299.88,1297.47,1298.28,0
2018-06-08 10:00:00,1298.27,1299.89,1298.08,1299.27,0
2018-06-08 11:00:00,1299.24,1300.55,1298.81,1299.56,0
2018-06-08 12:00:00,1299.56,1300.59,1297.76,1298.06,0
2018-06-08 13:00:00,1298.04,1299.58,1297.21,1298.23,0
2018-06-08 14:00:00,1298.27,1299.37,1297.44,1298.61,0
2018-06-08 15:00:00,1298.58,1299.52,1297.89,1298.78,0
2018-06-08 16:00:00,1298.78,1299.03,1297.16,1298.8,0
2018-06-08 17:00:00,1298.81,1299.18,1298.07,1298.14,0
2018-06-08 18:00:00,1298.18,1299.46,1298.05,1298.6,0
2018-06-08 19:00:00,1298.6,1299.33,1298.51,1298.86,0
2018-06-08 20:00:00,1298.84,1299.2,1298.44,1298.5,0
2018-06-08 21:00:00,1298.5,1299.04,1298.36,1298.94,0
2018-06-10 23:00:00,1299.79,1299.85,1298.28,1298.75,0
2018-06-11 00:00:00,1298.75,1299.81,1298.75,1299.19,0
2018-06-11 01:00:00,1299.24,1299.39,1298.49,1299.24,0
2018-06-11 02:00:00,1299.24,1301.3,1298.92,1300.7,0
2018-06-11 03:00:00,1300.7,1301.17,1299.01,1299.75,0
2018-06-11 04:00:00,1299.75,1299.95,1299.22,1299.42,0
2018-06-11 05:00:00,1299.42,1299.57,1298.96,1299.06,0
2018-06-11 06:00:00,1299.08,1299.21,1297.68,1298.68,0
2018-06-11 07:00:00,1298.68,1298.86,1296.83,1297.44,0
2018-06-11 08:00:00,1297.41,1298.1,1296.51,1296.81,0
2018-06-11 09:00:00,1296.81,1296.82,1295.44,1296.08,0
2018-06-11 10:00:00,1296.08,1296.4,1294.85,1295.6,0
2018-06-11 11:00:00,1295.59,1295.93,1294.14,1295.55,0
2018-06-11 12:00:00,1295.54,1297.23,1295.07,1296.97,0
2018-06-11 13:00:00,1297.02,1299.41,1296.84,1298.87,0
2018-06-11 14:00:00,1298.85,1300.78,1298.17,1299.96,0
2018-06-11 15:00:00,1299.96,1301.14,1298.47,1300.84,0
2018-06-11 16:00:00,1300.8,1302.34,1300.13,1301.29,0
2018-06-11 17:00:00,1301.28,1301.45,1300.2,1300.28,0
2018-06-11 18:00:00,1300.27,1300.71,1298.97,1299.44,0
2018-06-11 19:00:00,1299.45,1300.11,1299.19,1299.82,0
2018-06-11 20:00:00,1299.91,1300.49,1299.64,1300.43,0
2018-06-11 21:00:00,1300.44,1300.57,1299.99,1300.26,0
2018-06-11 23:00:00,1300.11,1300.59,1299.25,1299.48,0
2018-06-12 00:00:00,1299.49,1299.59,1297.82,1298.22,0
2018-06-12 01:00:00,1298.23,1299.03,1296.79,1298.65,0
2018-06-12 02:00:00,1298.64,1298.65,1297.22,1297.86,0
2018-06-12 03:00:00,1297.85,1299.85,1297.24,1298.76,0
2018-06-12 04:00:00,1298.77,1298.78,1297.19,1297.51,0
2018-06-12 05:00:00,1297.53,1297.93,1296.43,1296.95,0
2018-06-12 06:00:00,1296.94,1298.49,1296.65,1298.19,0
2018-06-12 07:00:00,1298.19,1298.19,1296.61,1297.69,0
2018-06-12 08:00:00,1297.68,1298.56,1297.22,1298.05,0
2018-06-12 09:00:00,1298.05,1298.66,1297.29,1297.75,0
2018-06-12 10:00:00,1297.76,1298.8,1296.98,1298.03,0
2018-06-12 11:00:00,1298.02,1298.59,1297.37,1297.5,0
2018-06-12 12:00:00,1297.5,1297.96,1296.87,1297.85,0
2018-06-12 13:00:00,1297.85,1298.09,1293.09,1295.67,0
2018-06-12 14:00:00,1295.65,1299.49,1295.0,1298.58,0
2018-06-12 15:00:00,1298.56,1299.77,1297.54,1299.38,0
2018-06-12 16:00:00,1299.45,1299.6,1297.78,1298.05,0
2018-06-12 17:00:00,1298.0,1298.15,1296.49,1296.63,0
2018-06-12 18:00:00,1296.6,1296.74,1294.47,1296.12,0
2018-06-12 19:00:00,1296.14,1296.15,1295.01,1295.54,0
2018-06-12 20:00:00,1295.55,1296.29,1294.94,1296.19,0
2018-06-12 21:00:00,1296.19,1296.27,1295.41,1295.78,0
2018-06-12 23:00:00,1295.04,1295.99,1295.04,1295.65,0
2018-06-13 00:00:00,1295.64,1295.97,1295.35,1295.51,0
2018-06-13 01:00:00,1295.52,1296.11,1294.87,1295.12,0
2018-06-13 02:00:00,1295.14,1295.9,1294.71,1295.48,0
2018-06-13 03:00:00,1295.48,1295.89,1295.21,1295.5,0
2018-06-13 04:00:00,1295.5,1295.53,1295.08,1295.38,0
2018-06-13 05:00:00,1295.38,1295.49,1294.78,1294.98,0
2018-06-13 06:00:00,1294.99,1295.86,1294.49,1295.81,0
2018-06-13 07:00:00,1295.81,1295.81,1294.43,1294.77,0
2018-06-13 08:00:00,1294.74,1295.32,1293.7,1293.96,0
2018-06-13 09:00:00,1293.93,1294.56,1291.84,1294.39,0
2018-06-13 10:00:00,1294.43,1295.18,1293.98,1294.61,0
2018-06-13 11:00:00,1294.6,1295.11,1294.22,1294.95,0
2018-06-13 12:00:00,1294.93,1295.2,1293.65,1293.97,0
2018-06-13 13:00:00,1293.96,1297.14,1293.96,1296.66,0
2018-06-13 14:00:00,1296.67,1297.77,1295.94,1296.01,0
2018-06-13 15:00:00,1296.0,1297.44,1296.0,1296.98,0
2018-06-13 16:00:00,1296.99,1299.03,1296.81,1297.79,0
2018-06-13 17:00:00,1297.78,1298.73,1297.65,1298.22,0
2018-06-13 18:00:00,1298.23,1298.57,1297.13,1297.74,0
2018-06-13 19:00:00,1297.74,1300.53,1292.69,1299.67,0
2018-06-13 20:00:00,1299.66,1301.26,1298.27,1300.1,0
2018-06-13 21:00:00,1300.12,1300.16,1299.03,1299.52,0
2018-06-13 23:00:00,1299.22,1301.07,1299.15,1299.69,0
2018-06-14 00:00:00,1299.7,1300.0,1299.01,1299.41,0
2018-06-14 01:00:00,1299.42,1300.1,1298.54,1299.01,0
2018-06-14 02:00:00,1299.02,1299.51,1297.91,1298.36,0
2018-06-14 03:00:00,1298.37,1298.51,1297.56,1298.37,0
2018-06-14 04:00:00,1298.38,1299.24,1298.18,1299.24,0
2018-06-14 05:00:00,1299.22,1299.73,1298.89,1299.43,0
2018-06-14 06:00:00,1299.43,1300.44,1299.34,1299.74,0
2018-06-14 07:00:00,1299.74,1302.82,1299.45,1302.56,0
2018-06-14 08:00:00,1302.65,1303.52,1302.32,1303.05,0
2018-06-14 09:00:00,1303.04,1303.37,1301.87,1303.03,0
2018-06-14 10:00:00,1303.05,1305.54,1302.6,1305.24,0
2018-06-14 11:00:00,1305.23,1305.72,1304.39,1304.77,0
2018-06-14 12:00:00,1304.77,1305.83,1303.25,1303.27,0
2018-06-14 13:00:00,1303.34,1309.3,1303.05,1307.33,0
2018-06-14 14:00:00,1307.32,1307.43,1302.87,1303.52,0
2018-06-14 15:00:00,1303.56,1307.47,1301.76,1306.97,0
2018-06-14 16:00:00,1307.06,1307.33,1304.03,1304.52,0
2018-06-14 17:00:00,1304.52,1304.76,1303.35,1304.04,0
2018-06-14 18:00:00,1304.04,1305.12,1302.54,1302.92,0
2018-06-14 19:00:00,1302.92,1303.34,1301.8,1303.0,0
2018-06-14 20:00:00,1303.01,1303.87,1302.55,1302.62,0
2018-06-14 21:00:00,1302.62,1302.99,1301.96,1302.1,0
2018-06-14 23:00:00,1302.38,1303.16,1302.14,1302.9,0
2018-06-15 00:00:00,1302.89,1303.15,1302.22,1302.34,0
2018-06-15 01:00:00,1302.36,1303.07,1300.82,1301.48,0
2018-06-15 02:00:00,1301.48,1302.59,1300.27,1302.59,0
2018-06-15 03:00:00,1302.59,1302.78,1301.72,1302.0,0
2018-06-15 04:00:00,1301.99,1302.56,1301.31,1301.32,0
2018-06-15 05:00:00,1301.32,1301.95,1301.2,1301.75,0
2018-06-15 06:00:00,1301.76,1301.76,1300.26,1300.4,0
2018-06-15 07:00:00,1300.41,1300.41,1297.46,1299.63,0
2018-06-15 08:00:00,1299.58,1300.63,1297.5,1299.98,0
2018-06-15 09:00:00,1299.97,1301.22,1299.56,1299.59,0
2018-06-15 10:00:00,1299.57,1300.61,1298.94,1298.98,0
2018-06-15 11:00:00,1298.95,1299.91,1297.61,1299.66,0
2018-06-15 12:00:00,1299.65,1300.23,1298.25,1298.28,0
2018-06-15 13:00:00,1298.24,1299.46,1292.3,1292.48,0
2018-06-15 14:00:00,1292.5,1293.44,1283.57,1283.63,0
2018-06-15 15:00:00,1283.61,1286.19,1278.41,1280.85,0
2018-06-15 16:00:00,1280.86,1281.75,1276.83,1277.83,0
2018-06-15 17:00:00,1277.83,1279.48,1275.71,1276.56,0
2018-06-15 18:00:00,1276.55,1279.14,1275.48,1278.8,0
2018-06-15 19:00:00,1278.79,1280.19,1278.51,1279.84,0
2018-06-15 20:00:00,1279.86,1280.67,1279.22,1280.44,0
2018-06-15 21:00:00,1280.44,1280.56,1278.95,1279.54,0
2018-06-17 23:00:00,1277.36,1280.13,1277.2,1280.03,0
2018-06-18 00:00:00,1280.03,1281.31,1279.4,1280.98,0
2018-06-18 01:00:00,1280.98,1281.87,1280.92,1281.28,0
2018-06-18 02:00:00,1281.29,1282.45,1280.9,1282.38,0
2018-06-18 03:00:00,1282.37,1282.43,1279.43,1279.54,0
2018-06-18 04:00:00,1279.55,1280.53,1279.09,1280.41,0
2018-06-18 05:00:00,1280.41,1280.46,1279.88,1280.34,0
2018-06-18 06:00:00,1280.33,1280.57,1279.41,1279.69,0
2018-06-18 07:00:00,1279.68,1281.1,1278.55,1279.08,0
2018-06-18 08:00:00,1279.12,1280.7,1278.82,1280.09,0
2018-06-18 09:00:00,1280.07,1282.28,1279.99,1281.84,0
2018-06-18 10:00:00,1281.83,1282.27,1280.27,1280.46,0
2018-06-18 11:00:00,1280.44,1281.45,1280.38,1280.96,0
2018-06-18 12:00:00,1280.97,1281.28,1279.05,1279.29,0
2018-06-18 13:00:00,1279.28,1281.13,1278.95,1279.58,0
2018-06-18 14:00:00,1279.55,1281.36,1279.36,1280.76,0
2018-06-18 15:00:00,1280.71,1281.85,1278.23,1278.62,0
2018-06-18 16:00:00,1278.61,1279.43,1277.88,1278.17,0
2018-06-18 17:00:00,1278.17,1278.91,1278.0,1278.56,0
2018-06-18 18:00:00,1278.57,1279.59,1277.08,1279.54,0
2018-06-18 19:00:00,1279.54,1280.44,1278.97,1279.21,0
2018-06-18 20:00:00,1279.22,1279.64,1278.14,1278.46,0
2018-06-18 21:00:00,1278.45,1278.77,1278.25,1278.34,0
2018-06-18 23:00:00,1277.31,1279.44,1277.31,1279.18,0
2018-06-19 00:00:00,1279.18,1281.6,1279.09,1281.3,0
2018-06-19 01:00:00,1281.26,1282.42,1280.65,1281.67,0
2018-06-19 02:00:00,1281.67,1283.83,1280.85,1283.09,0
2018-06-19 03:00:00,1283.08,1284.03,1282.64,1283.52,0
2018-06-19 04:00:00,1283.54,1283.9,1283.16,1283.83,0
2018-06-19 05:00:00,1283.81,1284.09,1282.93,1283.17,0
2018-06-19 06:00:00,1283.16,1283.47,1282.15,1282.71,0
2018-06-19 07:00:00,1282.7,1283.16,1279.13,1279.95,0
2018-06-19 08:00:00,1279.96,1282.74,1279.82,1281.98,0
2018-06-19 09:00:00,1282.01,1282.62,1279.72,1280.31,0
2018-06-19 10:00:00,1280.31,1280.66,1278.43,1279.75,0
2018-06-19 11:00:00,1279.75,1279.87,1278.75,1279.28,0
2018-06-19 12:00:00,1279.25,1279.28,1272.19,1272.62,0
2018-06-19 13:00:00,1272.59,1274.58,1270.46,1273.56,0
2018-06-19 14:00:00,1273.58,1276.84,1273.58,1276.29,0
2018-06-19 15:00:00,1276.29,1276.29,1272.82,1274.1,0
2018-06-19 16:00:00,1274.1,1276.27,1273.62,1275.59,0
2018-06-19 17:00:00,1275.58,1276.0,1274.86,1275.76,0
2018-06-19 18:00:00,1275.77,1277.51,1275.36,1275.74,0
2018-06-19 19:00:00,1275.75,1277.06,1274.93,1275.36,0
2018-06-19 20:00:00,1275.36,1276.16,1274.86,1275.51,0
2018-06-19 21:00:00,1275.5,1275.81,1274.22,1274.44,0
2018-06-19 23:00:00,1274.65,1275.4,1274.51,1274.76,0
2018-06-20 00:00:00,1274.77,1275.62,1274.47,1275.03,0
2018-06-20 01:00:00,1275.04,1275.25,1273.14,1274.03,0
2018-06-20 02:00:00,1274.03,1276.36,1274.03,1275.03,0
2018-06-20 03:00:00,1275.02,1275.86,1273.77,1274.17,0
2018-06-20 04:00:00,1274.17,1274.6,1273.54,1273.77,0
2018-06-20 05:00:00,1273.78,1274.26,1273.26,1274.03,0
2018-06-20 06:00:00,1274.03,1275.06,1273.58,1274.46,0
2018-06-20 07:00:00,1274.51,1274.86,1273.31,1273.59,0
2018-06-20 08:00:00,1273.59,1274.6,1273.07,1273.55,0
2018-06-20 09:00:00,1273.55,1273.58,1271.75,1272.58,0
2018-06-20 10:00:00,1272.58,1273.61,1272.21,1272.41,0
2018-06-20 11:00:00,1272.41,1273.11,1270.96,1272.89,0
2018-06-20 12:00:00,1272.89,1274.55,1272.75,1274.31,0
2018-06-20 13:00:00,1274.32,1275.58,1273.0,1275.27,0
2018-06-20 14:00:00,1275.26,1276.45,1273.58,1274.19,0
2018-06-20 15:00:00,1274.2,1274.72,1273.65,1273.99,0
2018-06-20 16:00:00,1273.97,1275.27,1273.45,1274.34,0
2018-06-20 17:00:00,1274.3,1274.5,1272.16,1272.87,0
2018-06-20 18:00:00,1272.87,1273.31,1270.79,1271.13,0
2018-06-20 19:00:00,1271.14,1271.27,1268.43,1269.64,0
2018-06-20 20:00:00,1269.65,1269.91,1268.68,1269.5,0
2018-06-20 21:00:00,1269.48,1269.53,1267.67,1267.95,0
2018-06-20 23:00:00,1267.44,1268.94,1267.38,1268.94,0
2018-06-21 00:00:00,1268.94,1269.58,1268.32,1269.47,0
2018-06-21 01:00:00,1269.47,1269.88,1268.0,1269.66,0
2018-06-21 02:00:00,1269.66,1270.08,1266.77,1267.34,0
2018-06-21 03:00:00,1267.34,1268.4,1266.65,1266.65,0
2018-06-21 04:00:00,1266.66,1266.78,1264.87,1265.99,0
2018-06-21 05:00:00,1265.99,1266.05,1265.14,1265.65,0
2018-06-21 06:00:00,1265.64,1265.79,1264.05,1264.98,0
2018-06-21 07:00:00,1264.98,1265.01,1261.98,1262.93,0
2018-06-21 08:00:00,1262.92,1265.15,1262.23,1265.02,0
2018-06-21 09:00:00,1265.01,1265.21,1262.45,1262.92,0
2018-06-21 10:00:00,1262.91,1264.3,1262.21,1263.15,0
2018-06-21 11:00:00,1263.14,1263.58,1262.62,1263.24,0
2018-06-21 12:00:00,1263.25,1264.75,1262.8,1264.22,0
2018-06-21 13:00:00,1264.22,1266.45,1261.38,1265.93,0
2018-06-21 14:00:00,1265.92,1266.96,1264.9,1265.21,0
2018-06-21 15:00:00,1265.21,1267.84,1265.2,1266.88,0
2018-06-21 16:00:00,1266.86,1269.03,1266.86,1267.62,0
2018-06-21 17:00:00,1267.61,1269.15,1267.28,1268.89,0
2018-06-21 18:00:00,1268.89,1270.11,1268.15,1269.45,0
2018-06-21 19:00:00,1269.46,1270.15,1268.17,1268.72,0
2018-06-21 20:00:00,1268.7,1269.01,1267.4,1267.42,0
2018-06-21 21:00:00,1267.39,1267.91,1266.98,1267.09,0
2018-06-21 23:00:00,1266.49,1268.01,1266.49,1267.7,0
2018-06-22 00:00:00,1267.69,1268.06,1267.05,1267.42,0
2018-06-22 01:00:00,1267.41,1268.54,1266.8,1268.54,0
2018-06-22 02:00:00,1268.54,1269.24,1267.2,1267.41,0
2018-06-22 03:00:00,1267.41,1268.38,1266.74,1267.58,0
2018-06-22 04:00:00,1267.58,1268.59,1267.39,1267.95,0
2018-06-22 05:00:00,1267.97,1268.4,1267.37,1267.4,0
2018-06-22 06:00:00,1267.39,1269.17,1267.39,1269.11,0
2018-06-22 07:00:00,1269.11,1270.9,1268.26,1270.32,0
2018-06-22 08:00:00,1270.34,1271.24,1267.92,1268.92,0
2018-06-22 09:00:00,1268.92,1270.06,1267.83,1269.94,0
2018-06-22 10:00:00,1269.94,1270.42,1269.41,1269.51,0
2018-06-22 11:00:00,1269.5,1269.61,1268.59,1269.39,0
2018-06-22 12:00:00,1269.39,1270.11,1268.81,1269.76,0
2018-06-22 13:00:00,1269.76,1270.09,1267.82,1268.7,0
2018-06-22 14:00:00,1268.7,1269.76,1266.91,1269.38,0
2018-06-22 15:00:00,1269.38,1270.89,1268.71,1269.6,0
2018-06-22 16:00:00,1269.6,1270.19,1268.32,1268.56,0
2018-06-22 17:00:00,1268.59,1269.47,1268.5,1268.71,0
2018-06-22 18:00:00,1268.74,1270.01,1268.32,1269.22,0
2018-06-22 19:00:00,1269.23,1269.98,1268.64,1269.6,0
2018-06-22 20:00:00,1269.61,1270.48,1269.24,1270.21,0
2018-06-22 21:00:00,1270.23,1270.45,1268.96,1269.27,0
2018-06-24 23:00:00,1270.1,1272.12,1269.38,1271.25,0
2018-06-25 00:00:00,1271.25,1271.72,1270.93,1271.02,0
2018-06-25 01:00:00,1271.03,1272.6,1270.31,1271.91,0
2018-06-25 02:00:00,1271.91,1271.92,1269.88,1270.64,0
2018-06-25 03:00:00,1270.65,1270.92,1269.36,1269.36,0
2018-06-25 04:00:00,1269.36,1269.38,1266.69,1267.7,0
2018-06-25 05:00:00,1267.67,1267.91,1266.68,1267.24,0
2018-06-25 06:00:00,1267.23,1267.34,1265.18,1265.3,0
2018-06-25 07:00:00,1265.27,1266.34,1264.51,1265.91,0
2018-06-25 08:00:00,1265.89,1267.74,1265.55,1267.46,0
2018-06-25 09:00:00,1267.44,1270.58,1267.21,1269.84,0
2018-06-25 10:00:00,1269.8,1270.01,1269.05,1269.48,0
2018-06-25 11:00:00,1269.44,1269.5,1266.42,1267.26,0
2018-06-25 12:00:00,1267.24,1270.06,1267.11,1269.47,0
2018-06-25 13:00:00,1269.46,1270.38,1267.09,1267.39,0
2018-06-25 14:00:00,1267.38,1267.92,1265.84,1267.74,0
2018-06-25 15:00:00,1267.75,1269.13,1265.7,1266.9,0
2018-06-25 16:00:00,1266.9,1267.31,1265.97,1266.39,0
2018-06-25 17:00:00,1266.39,1266.87,1265.56,1266.01,0
2018-06-25 18:00:00,1266.02,1267.55,1265.93,1266.78,0
2018-06-25 19:00:00,1266.8,1268.01,1266.56,1267.98,0
2018-06-25 20:00:00,1267.98,1268.02,1264.78,1265.51,0
2018-06-25 21:00:00,1265.51,1266.43,1265.37,1265.47,0
2018-06-25 23:00:00,1265.55,1266.7,1265.55,1266.3,0
2018-06-26 00:00:00,1266.31,1266.76,1265.5,1266.05,0
2018-06-26 01:00:00,1266.05,1266.9,1265.96,1266.69,0
2018-06-26 02:00:00,1266.69,1267.68,1265.29,1265.39,0
2018-06-26 03:00:00,1265.39,1266.4,1263.16,1263.91,0
2018-06-26 04:00:00,1263.9,1264.59,1263.59,1264.39,0
2018-06-26 05:00:00,1264.39,1264.53,1263.2,1263.69,0
2018-06-26 06:00:00,1263.69,1264.35,1262.69,1263.86,0
2018-06-26 07:00:00,1263.86,1264.64,1263.26,1263.33,0
2018-06-26 08:00:00,1263.37,1263.98,1260.57,1260.87,0
2018-06-26 09:00:00,1260.84,1260.89,1257.75,1259.16,0
2018-06-26 10:00:00,1259.13,1259.19,1256.12,1256.72,0
2018-06-26 11:00:00,1256.73,1258.18,1256.45,1257.6,0
2018-06-26 12:00:00,1257.63,1257.95,1255.58,1256.42,0
2018-06-26 13:00:00,1256.41,1257.32,1254.75,1256.57,0
2018-06-26 14:00:00,1256.57,1260.01,1256.27,1259.16,0
2018-06-26 15:00:00,1259.11,1260.21,1257.7,1259.54,0
2018-06-26 16:00:00,1259.56,1262.19,1259.25,1260.94,0
2018-06-26 17:00:00,1260.92,1261.26,1259.59,1259.86,0
2018-06-26 18:00:00,1259.82,1260.29,1257.04,1258.02,0
2018-06-26 19:00:00,1258.01,1258.82,1257.92,1258.63,0
2018-06-26 20:00:00,1258.6,1259.01,1258.38,1259.0,0
2018-06-26 21:00:00,1259.01,1259.05,1258.13,1258.83,0
2018-06-26 23:00:00,1258.69,1258.99,1258.09,1258.57,0
2018-06-27 00:00:00,1258.58,1259.31,1258.1,1258.23,0
2018-06-27 01:00:00,1258.23,1259.26,1257.75,1259.03,0
2018-06-27 02:00:00,1259.03,1259.54,1254.82,1255.07,0
2018-06-27 03:00:00,1255.07,1255.48,1253.88,1254.31,0
2018-06-27 04:00:00,1254.32,1256.16,1253.45,1255.9,0
2018-06-27 05:00:00,1255.89,1256.02,1254.23,1255.07,0
2018-06-27 06:00:00,1255.07,1256.34,1254.55,1256.32,0
2018-06-27 07:00:00,1256.34,1257.24,1255.11,1257.15,0
2018-06-27 08:00:00,1257.17,1258.4,1257.0,1258.17,0
2018-06-27 09:00:00,1258.18,1259.39,1256.19,1256.23,0
2018-06-27 10:00:00,1256.23,1258.78,1255.43,1258.25,0
2018-06-27 11:00:00,1258.25,1258.94,1257.8,1258.19,0
2018-06-27 12:00:00,1258.2,1260.11,1256.02,1259.26,0
2018-06-27 13:00:00,1259.24,1259.26,1254.79,1255.11,0
2018-06-27 14:00:00,1255.12,1256.56,1254.25,1255.22,0
2018-06-27 15:00:00,1255.27,1256.63,1253.68,1255.12,0
2018-06-27 16:00:00,1255.14,1255.89,1252.53,1254.41,0
2018-06-27 17:00:00,1254.42,1255.27,1254.05,1254.45,0
2018-06-27 18:00:00,1254.45,1255.26,1253.94,1254.69,0
2018-06-27 19:00:00,1254.68,1255.22,1253.95,1254.07,0
2018-06-27 20:00:00,1254.06,1254.24,1250.73,1251.91,0
2018-06-27 21:00:00,1251.89,1253.01,1251.76,1252.04,0
2018-06-27 23:00:00,1251.78,1252.98,1251.71,1252.72,0
2018-06-28 00:00:00,1252.7,1253.11,1252.22,1252.95,0
2018-06-28 01:00:00,1252.91,1253.77,1252.34,1253.58,0
2018-06-28 02:00:00,1253.58,1254.13,1252.13,1252.66,0
2018-06-28 03:00:00,1252.68,1253.89,1252.65,1253.46,0
2018-06-28 04:00:00,1253.42,1253.52,1252.46,1252.85,0
2018-06-28 05:00:00,1252.86,1252.89,1252.08,1252.1,0
2018-06-28 06:00:00,1252.11,1252.87,1251.15,1252.82,0
2018-06-28 07:00:00,1252.77,1253.24,1249.83,1250.57,0
2018-06-28 08:00:00,1250.56,1250.69,1248.73,1249.94,0
2018-06-28 09:00:00,1249.95,1251.03,1248.39,1249.76,0
2018-06-28 10:00:00,1249.74,1252.66,1249.65,1252.04,0
2018-06-28 11:00:00,1252.03,1253.25,1251.37,1252.93,0
2018-06-28 12:00:00,1252.89,1253.01,1251.9,1252.31,0
2018-06-28 13:00:00,1252.3,1254.31,1250.59,1252.81,0
2018-06-28 14:00:00,1252.81,1253.04,1250.68,1250.89,0
2018-06-28 15:00:00,1250.89,1252.81,1250.08,1250.46,0
2018-06-28 16:00:00,1250.46,1251.13,1249.24,1250.39,0
2018-06-28 17:00:00,1250.38,1250.68,1249.76,1250.12,0
2018-06-28 18:00:00,1250.11,1250.89,1247.26,1247.71,0
2018-06-28 19:00:00,1247.71,1247.89,1245.98,1247.11,0
2018-06-28 20:00:00,1247.1,1248.35,1246.59,1248.25,0
2018-06-28 21:00:00,1248.26,1248.46,1247.58,1248.19,0
2018-06-28 23:00:00,1247.84,1249.3,1247.75,1249.0,0
2018-06-29 00:00:00,1248.98,1249.44,1248.53,1248.6,0
2018-06-29 01:00:00,1248.6,1249.25,1248.15,1248.21,0
2018-06-29 02:00:00,1248.22,1248.29,1246.59,1247.35,0
2018-06-29 03:00:00,1247.36,1249.34,1246.19,1248.85,0
2018-06-29 04:00:00,1248.87,1249.67,1248.77,1249.65,0
2018-06-29 05:00:00,1249.63,1251.51,1249.6,1251.23,0
2018-06-29 06:00:00,1251.23,1251.98,1250.7,1251.62,0
2018-06-29 07:00:00,1251.62,1252.81,1250.63,1251.17,0
2018-06-29 08:00:00,1251.1,1251.7,1249.85,1249.93,0
2018-06-29 09:00:00,1249.91,1251.05,1249.11,1250.84,0
2018-06-29 10:00:00,1250.84,1251.96,1250.33,1251.11,0
2018-06-29 11:00:00,1251.06,1251.68,1250.39,1250.51,0
2018-06-29 12:00:00,1250.48,1251.66,1250.09,1251.33,0
2018-06-29 13:00:00,1251.29,1252.31,1250.07,1251.9,0
2018-06-29 14:00:00,1251.91,1252.9,1248.54,1251.04,0
2018-06-29 15:00:00,1251.05,1251.89,1250.47,1251.37,0
2018-06-29 16:00:00,1251.37,1252.6,1250.82,1252.41,0
2018-06-29 17:00:00,1252.41,1255.66,1252.41,1255.32,0
2018-06-29 18:00:00,1255.3,1255.37,1252.79,1253.57,0
2018-06-29 19:00:00,1253.56,1253.79,1252.15,1252.33,0
2018-06-29 20:00:00,1252.31,1252.86,1251.34,1252.53,0
2018-06-29 21:00:00,1252.56,1253.37,1252.11,1252.69,0
2018-07-01 23:00:00,1251.64,1253.9,1251.48,1253.16,0
2018-07-02 00:00:00,1253.15,1254.23,1252.88,1253.39,0
2018-07-02 01:00:00,1253.39,1253.64,1251.47,1251.54,0
2018-07-02 02:00:00,1251.49,1252.26,1250.93,1251.33,0
2018-07-02 03:00:00,1251.32,1252.29,1250.55,1250.87,0
2018-07-02 04:00:00,1250.87,1251.58,1250.55,1250.92,0
2018-07-02 05:00:00,1250.93,1251.57,1250.68,1250.91,0
2018-07-02 06:00:00,1250.91,1250.99,1249.08,1249.18,0
2018-07-02 07:00:00,1249.17,1249.76,1247.87,1249.36,0
2018-07-02 08:00:00,1249.36,1249.58,1247.66,1247.91,0
2018-07-02 09:00:00,1247.91,1249.33,1247.84,1248.69,0
2018-07-02 10:00:00,1248.68,1249.41,1248.08,1248.63,0
2018-07-02 11:00:00,1248.63,1249.44,1248.08,1249.16,0
2018-07-02 12:00:00,1249.14,1249.37,1248.28,1249.23,0
2018-07-02 13:00:00,1249.27,1250.81,1248.22,1248.71,0
2018-07-02 14:00:00,1248.7,1249.38,1246.09,1247.21,0
2018-07-02 15:00:00,1246.97,1247.86,1246.15,1246.99,0
2018-07-02 16:00:00,1246.99,1247.3,1243.48,1243.82,0
2018-07-02 17:00:00,1243.82,1244.62,1241.53,1241.98,0
2018-07-02 18:00:00,1241.98,1242.35,1239.84,1242.35,0
2018-07-02 19:00:00,1242.37,1242.98,1241.49,1241.55,0
2018-07-02 20:00:00,1241.54,1243.02,1239.71,1240.07,0
2018-07-02 21:00:00,1240.03,1242.49,1240.02,1241.9,0
2018-07-02 23:00:00,1241.89,1242.7,1241.64,1242.67,0
2018-07-03 00:00:00,1242.68,1242.98,1242.2,1242.21,0
2018-07-03 01:00:00,1242.21,1242.58,1241.12,1241.96,0
2018-07-03 02:00:00,1241.97,1242.11,1238.41,1238.98,0
2018-07-03 03:00:00,1238.97,1241.1,1237.99,1239.93,0
2018-07-03 04:00:00,1239.92,1240.31,1238.65,1239.76,0
2018-07-03 05:00:00,1239.84,1240.34,1238.44,1238.63,0
2018-07-03 06:00:00,1238.63,1240.1,1237.97,1239.79,0
2018-07-03 07:00:00,1239.79,1242.65,1239.47,1242.51,0
2018-07-03 08:00:00,1242.53,1245.27,1242.23,1245.22,0
2018-07-03 09:00:00,1245.19,1245.86,1244.16,1244.77,0
2018-07-03 10:00:00,1244.77,1246.83,1244.69,1245.83,0
2018-07-03 11:00:00,1245.82,1247.73,1245.71,1246.61,0
2018-07-03 12:00:00,1246.6,1248.15,1246.2,1247.84,0
2018-07-03 13:00:00,1247.85,1250.54,1247.31,1250.32,0
2018-07-03 14:00:00,1250.31,1252.86,1249.36,1252.07,0
2018-07-03 15:00:00,1252.07,1255.14,1251.34,1254.78,0
2018-07-03 16:00:00,1254.76,1256.86,1253.89,1256.65,0
2018-07-03 17:00:00,1256.6,1256.8,1252.71,1252.83,0
2018-07-03 18:00:00,1252.84,1254.44,1251.94,1253.37,0
2018-07-03 19:00:00,1253.2,1253.55,1252.61,1252.98,0
2018-07-03 20:00:00,1252.7,1253.51,1252.61,1252.83,0
2018-07-03 21:00:00,1253.01,1253.12,1252.46,1252.67,0
2018-07-03 23:00:00,1252.91,1253.88,1252.03,1253.63,0
2018-07-04 00:00:00,1253.62,1255.15,1252.95,1254.95,0
2018-07-04 01:00:00,1254.95,1257.62,1254.55,1257.5,0
2018-07-04 02:00:00,1257.51,1260.5,1255.96,1259.54,0
2018-07-04 03:00:00,1259.54,1259.61,1257.43,1259.05,0
2018-07-04 04:00:00,1259.03,1259.16,1256.7,1256.98,0
2018-07-04 05:00:00,1256.98,1257.45,1256.17,1256.74,0
2018-07-04 06:00:00,1256.74,1258.72,1256.74,1257.88,0
2018-07-04 07:00:00,1257.87,1261.12,1257.18,1260.69,0
2018-07-04 08:00:00,1260.69,1260.7,1257.93,1258.03,0
2018-07-04 09:00:00,1258.01,1258.31,1256.25,1256.75,0
2018-07-04 10:00:00,1256.77,1257.53,1256.14,1256.7,0
2018-07-04 11:00:00,1256.65,1257.5,1255.98,1257.1,0
2018-07-04 12:00:00,1257.1,1257.1,1254.05,1254.82,0
2018-07-04 13:00:00,1254.81,1256.36,1254.53,1256.0,0
2018-07-04 14:00:00,1256.01,1257.02,1254.96,1256.44,0
2018-07-04 15:00:00,1256.42,1256.72,1255.35,1255.65,0
2018-07-04 16:00:00,1255.66,1257.0,1255.49,1256.22,0
2018-07-04 17:00:00,1256.23,1258.5,1255.93,1256.89,0
2018-07-04 18:00:00,1256.89,1256.89,1255.68,1255.68,0
2018-07-04 23:00:00,1255.53,1257.36,1255.53,1257.04,0
2018-07-05 00:00:00,1257.04,1257.77,1256.64,1256.98,0
2018-07-05 01:00:00,1256.97,1257.18,1255.77,1256.4,0
2018-07-05 02:00:00,1256.43,1258.17,1255.76,1255.92,0
2018-07-05 03:00:00,1255.93,1256.65,1255.41,1256.15,0
2018-07-05 04:00:00,1256.15,1256.38,1255.71,1256.11,0
2018-07-05 05:00:00,1256.11,1256.22,1254.69,1255.12,0
2018-07-05 06:00:00,1255.18,1255.19,1253.4,1254.89,0
2018-07-05 07:00:00,1254.91,1257.43,1254.49,1255.56,0
2018-07-05 08:00:00,1255.51,1256.04,1253.35,1253.37,0
2018-07-05 09:00:00,1253.36,1254.69,1252.86,1253.69,0
2018-07-05 10:00:00,1253.67,1253.71,1251.57,1251.95,0
2018-07-05 11:00:00,1251.94,1252.11,1251.33,1252.01,0
2018-07-05 12:00:00,1252.01,1253.91,1251.91,1253.82,0
2018-07-05 13:00:00,1253.89,1256.3,1253.48,1255.65,0
2018-07-05 14:00:00,1255.65,1256.95,1253.82,1254.78,0
2018-07-05 15:00:00,1254.81,1257.51,1254.53,1257.24,0
2018-07-05 16:00:00,1257.21,1259.78,1256.86,1257.42,0
2018-07-05 17:00:00,1257.4,1257.94,1257.08,1257.55,0
2018-07-05 18:00:00,1257.55,1258.06,1256.29,1256.79,0
2018-07-05 19:00:00,1256.72,1257.43,1254.62,1255.43,0
2018-07-05 20:00:00,1255.44,1257.22,1255.24,1257.15,0
2018-07-05 21:00:00,1257.14,1257.83,1256.31,1257.64,0
2018-07-05 23:00:00,1257.13,1257.92,1257.07,1257.57,0
2018-07-06 00:00:00,1257.57,1258.8,1257.09,1257.33,0
2018-07-06 01:00:00,1257.34,1257.87,1256.43,1256.85,0
2018-07-06 02:00:00,1256.85,1257.14,1253.6,1253.83,0
2018-07-06 03:00:00,1253.81,1255.04,1253.52,1254.09,0
2018-07-06 04:00:00,1254.09,1254.56,1252.83,1253.86,0
2018-07-06 05:00:00,1253.9,1256.07,1253.7,1254.87,0
2018-07-06 06:00:00,1254.88,1255.9,1253.79,1255.53,0
2018-07-06 07:00:00,1255.52,1257.0,1255.21,1256.48,0
2018-07-06 08:00:00,1256.5,1256.82,1254.73,1255.83,0
2018-07-06 09:00:00,1255.82,1256.41,1255.21,1255.28,0
2018-07-06 10:00:00,1255.27,1255.68,1254.17,1254.66,0
2018-07-06 11:00:00,1254.66,1255.0,1253.71,1254.5,0
2018-07-06 12:00:00,1254.49,1255.4,1253.78,1254.22,0
2018-07-06 13:00:00,1254.22,1259.01,1253.89,1255.14,0
2018-07-06 14:00:00,1255.14,1257.32,1255.08,1255.87,0
2018-07-06 15:00:00,1255.96,1256.61,1255.07,1255.49,0
2018-07-06 16:00:00,1255.5,1255.95,1253.63,1254.15,0
2018-07-06 17:00:00,1254.15,1255.68,1254.05,1255.36,0
2018-07-06 18:00:00,1255.37,1255.68,1254.26,1254.33,0
2018-07-06 19:00:00,1254.37,1255.24,1254.02,1255.22,0
2018-07-06 20:00:00,1255.23,1255.44,1254.86,1255.05,0
2018-07-06 21:00:00,1255.05,1255.21,1254.52,1254.69,0
2018-07-08 23:00:00,1255.03,1256.11,1255.03,1255.9,0
2018-07-09 00:00:00,1255.83,1256.61,1255.69,1256.45,0
2018-07-09 01:00:00,1256.42,1257.03,1255.5,1256.79,0
2018-07-09 02:00:00,1256.79,1259.24,1255.82,1258.66,0
2018-07-09 03:00:00,1258.67,1259.34,1257.94,1258.51,0
2018-07-09 04:00:00,1258.5,1259.21,1258.06,1258.93,0
2018-07-09 05:00:00,1258.93,1259.45,1258.55,1258.9,0
2018-07-09 06:00:00,1258.89,1260.08,1258.7,1259.94,0
2018-07-09 07:00:00,1259.9,1262.24,1259.88,1260.71,0
2018-07-09 08:00:00,1260.7,1261.55,1259.45,1261.05,0
2018-07-09 09:00:00,1261.05,1262.13,1260.26,1261.62,0
2018-07-09 10:00:00,1261.63,1263.44,1261.24,1263.23,0
2018-07-09 11:00:00,1263.24,1265.32,1263.08,1265.2,0
2018-07-09 12:00:00,1265.12,1265.98,1264.72,1264.93,0
2018-07-09 13:00:00,1264.94,1265.8,1263.02,1263.24,0
2018-07-09 14:00:00,1263.25,1264.2,1262.1,1262.22,0
2018-07-09 15:00:00,1262.23,1263.08,1261.45,1261.94,0
2018-07-09 16:00:00,1261.9,1262.36,1259.95,1260.19,0
2018-07-09 17:00:00,1260.17,1260.87,1258.84,1259.1,0
2018-07-09 18:00:00,1259.11,1259.66,1257.95,1259.04,0
2018-07-09 19:00:00,1259.04,1259.62,1258.74,1259.24,0
2018-07-09 20:00:00,1259.24,1259.58,1258.14,1258.26,0
2018-07-09 21:00:00,1258.25,1258.26,1257.19,1257.64,0
2018-07-09 23:00:00,1257.34,1258.46,1257.32,1258.19,0
2018-07-10 00:00:00,1258.2,1258.57,1257.85,1258.41,0
2018-07-10 01:00:00,1258.39,1259.08,1257.77,1258.17,0
2018-07-10 02:00:00,1258.18,1260.32,1258.18,1259.12,0
2018-07-10 03:00:00,1259.12,1260.38,1258.77,1260.04,0
2018-07-10 04:00:00,1260.04,1260.15,1259.03,1259.19,0
2018-07-10 05:00:00,1259.2,1259.67,1258.33,1259.05,0
2018-07-10 06:00:00,1259.04,1259.65,1257.1,1257.38,0
2018-07-10 07:00:00,1257.37,1257.75,1255.13,1257.38,0
2018-07-10 08:00:00,1257.38,1257.46,1255.58,1256.7,0
2018-07-10 09:00:00,1256.7,1256.95,1252.56,1252.63,0
2018-07-10 10:00:00,1252.63,1253.84,1252.24,1253.03,0
2018-07-10 11:00:00,1253.03,1253.68,1250.04,1250.12,0
2018-07-10 12:00:00,1250.09,1250.4,1247.38,1248.75,0
2018-07-10 13:00:00,1248.75,1254.6,1248.64,1254.15,0
2018-07-10 14:00:00,1254.16,1255.8,1253.1,1253.22,0
2018-07-10 15:00:00,1253.22,1254.82,1252.7,1254.45,0
2018-07-10 16:00:00,1254.45,1256.46,1253.69,1256.02,0
2018-07-10 17:00:00,1256.06,1256.06,1254.43,1254.49,0
2018-07-10 18:00:00,1254.5,1256.26,1254.13,1255.95,0
2018-07-10 19:00:00,1255.92,1256.41,1254.98,1255.06,0
2018-07-10 20:00:00,1255.07,1256.35,1255.01,1255.48,0
2018-07-10 21:00:00,1255.49,1256.36,1255.32,1255.49,0
2018-07-10 23:00:00,1255.82,1256.11,1253.98,1255.11,0
2018-07-11 00:00:00,1255.11,1256.93,1254.93,1255.98,0
2018-07-11 01:00:00,1255.96,1256.12,1253.16,1253.4,0
2018-07-11 02:00:00,1253.38,1253.38,1249.08,1251.32,0
2018-07-11 03:00:00,1251.27,1252.02,1250.74,1251.93,0
2018-07-11 04:00:00,1251.93,1252.4,1250.51,1250.83,0
2018-07-11 05:00:00,1250.86,1251.3,1250.13,1251.18,0
2018-07-11 06:00:00,1251.18,1252.16,1250.77,1251.09,0
2018-07-11 07:00:00,1251.09,1252.94,1250.58,1251.99,0
2018-07-11 08:00:00,1251.96,1253.06,1251.7,1252.78,0
2018-07-11 09:00:00,1252.79,1253.49,1250.88,1251.02,0
2018-07-11 10:00:00,1251.03,1251.14,1249.63,1249.97,0
2018-07-11 11:00:00,1249.96,1251.28,1249.47,1250.58,0
2018-07-11 12:00:00,1250.58,1251.05,1248.36,1248.82,0
2018-07-11 13:00:00,1248.82,1252.62,1248.39,1252.07,0
2018-07-11 14:00:00,1252.07,1252.1,1250.09,1250.79,0
2018-07-11 15:00:00,1250.79,1251.48,1248.65,1249.08,0
2018-07-11 16:00:00,1249.07,1249.1,1245.86,1247.09,0
2018-07-11 17:00:00,1247.1,1247.38,1244.84,1245.18,0
2018-07-11 18:00:00,1245.17,1245.19,1242.54,1243.1,0
2018-07-11 19:00:00,1243.08,1244.12,1242.66,1243.92,0
2018-07-11 20:00:00,1243.92,1244.14,1241.94,1242.25,0
2018-07-11 21:00:00,1242.24,1242.46,1241.57,1242.08,0
2018-07-11 23:00:00,1241.63,1243.51,1241.63,1242.72,0
2018-07-12 00:00:00,1242.71,1243.29,1242.2,1242.71,0
2018-07-12 01:00:00,1242.71,1243.36,1241.34,1241.48,0
2018-07-12 02:00:00,1241.46,1243.84,1241.45,1243.37,0
2018-07-12 03:00:00,1243.36,1243.92,1242.84,1243.11,0
2018-07-12 04:00:00,1243.1,1243.96,1242.91,1243.69,0
2018-07-12 05:00:00,1243.7,1244.66,1243.53,1244.66,0
2018-07-12 06:00:00,1244.66,1244.97,1243.12,1243.25,0
2018-07-12 07:00:00,1243.23,1244.74,1242.29,1244.65,0
2018-07-12 08:00:00,1244.65,1246.4,1243.88,1245.54,0
2018-07-12 09:00:00,1245.52,1246.07,1244.73,1245.31,0
2018-07-12 10:00:00,1245.32,1245.58,1244.17,1244.89,0
2018-07-12 11:00:00,1244.89,1244.93,1242.86,1243.08,0
2018-07-12 12:00:00,1243.08,1244.59,1242.51,1244.52,0
2018-07-12 13:00:00,1244.53,1246.18,1243.45,1244.72,0
2018-07-12 14:00:00,1244.73,1247.29,1244.36,1245.89,0
2018-07-12 15:00:00,1245.91,1247.65,1245.5,1246.96,0
2018-07-12 16:00:00,1246.97,1248.58,1246.91,1247.48,0
2018-07-12 17:00:00,1247.47,1247.91,1246.67,1246.87,0
2018-07-12 18:00:00,1246.87,1247.48,1245.4,1246.92,0
2018-07-12 19:00:00,1246.89,1247.92,1246.18,1246.27,0
2018-07-12 20:00:00,1246.28,1247.21,1245.99,1247.03,0
2018-07-12 21:00:00,1247.02,1247.23,1246.65,1247.08,0
2018-07-12 23:00:00,1247.16,1247.3,1246.15,1246.41,0
2018-07-13 00:00:00,1246.4,1246.61,1245.75,1245.98,0
2018-07-13 01:00:00,1245.93,1246.85,1245.9,1246.74,0
2018-07-13 02:00:00,1246.79,1248.14,1246.58,1247.22,0
2018-07-13 03:00:00,1247.22,1247.46,1246.45,1247.14,0
2018-07-13 04:00:00,1247.14,1247.2,1245.71,1246.31,0
2018-07-13 05:00:00,1246.32,1246.62,1244.75,1244.75,0
2018-07-13 06:00:00,1244.83,1245.95,1244.21,1245.93,0
2018-07-13 07:00:00,1245.93,1246.37,1244.57,1244.84,0
2018-07-13 08:00:00,1244.82,1245.05,1241.22,1241.79,0
2018-07-13 09:00:00,1241.81,1242.26,1240.41,1240.99,0
2018-07-13 10:00:00,1240.97,1242.34,1239.23,1242.04,0
2018-07-13 11:00:00,1242.04,1242.52,1240.56,1240.96,0
2018-07-13 12:00:00,1240.95,1241.77,1237.81,1237.93,0
2018-07-13 13:00:00,1237.92,1243.61,1236.52,1243.34,0
2018-07-13 14:00:00,1243.33,1243.76,1240.03,1240.38,0
2018-07-13 15:00:00,1240.35,1243.08,1240.29,1242.46,0
2018-07-13 16:00:00,1242.43,1243.3,1241.57,1242.11,0
2018-07-13 17:00:00,1242.12,1242.89,1241.46,1242.12,0
2018-07-13 18:00:00,1242.11,1242.59,1240.79,1241.56,0
2018-07-13 19:00:00,1241.56,1242.14,1241.01,1241.02,0
2018-07-13 20:00:00,1241.03,1241.69,1240.73,1241.61,0
2018-07-13 21:00:00,1241.6,1241.67,1240.94,1241.19,0
2018-07-15 23:00:00,1240.88,1242.07,1240.53,1241.72,0
2018-07-16 00:00:00,1241.7,1242.21,1241.13,1241.18,0
2018-07-16 01:00:00,1241.17,1242.78,1240.94,1242.43,0
2018-07-16 02:00:00,1242.43,1244.51,1242.26,1243.05,0
2018-07-16 03:00:00,1243.04,1243.45,1241.54,1242.54,0
2018-07-16 04:00:00,1242.53,1244.04,1242.37,1243.43,0
2018-07-16 05:00:00,1243.43,1244.09,1243.07,1244.01,0
2018-07-16 06:00:00,1244.0,1245.58,1243.99,1245.02,0
2018-07-16 07:00:00,1245.01,1245.38,1243.63,1243.9,0
2018-07-16 08:00:00,1243.92,1244.14,1241.89,1242.89,0
2018-07-16 09:00:00,1242.91,1244.48,1242.75,1243.94,0
2018-07-16 10:00:00,1243.92,1244.97,1243.75,1244.21,0
2018-07-16 11:00:00,1244.19,1244.37,1243.09,1244.34,0
2018-07-16 12:00:00,1244.34,1244.99,1243.28,1243.65,0
2018-07-16 13:00:00,1243.7,1244.19,1241.17,1242.08,0
2018-07-16 14:00:00,1242.13,1242.75,1240.18,1241.35,0
2018-07-16 15:00:00,1241.35,1241.75,1239.61,1240.01,0
2018-07-16 16:00:00,1240.02,1240.49,1238.53,1239.66,0
2018-07-16 17:00:00,1239.65,1240.21,1238.36,1238.96,0
2018-07-16 18:00:00,1238.96,1240.93,1238.64,1240.51,0
2018-07-16 19:00:00,1240.51,1240.95,1239.8,1240.09,0
2018-07-16 20:00:00,1240.14,1241.3,1239.96,1241.21,0
2018-07-16 21:00:00,1241.19,1241.4,1240.64,1240.91,0
2018-07-16 23:00:00,1240.51,1240.96,1240.34,1240.59,0
2018-07-17 00:00:00,1240.59,1240.77,1240.15,1240.74,0
2018-07-17 01:00:00,1240.75,1241.05,1238.95,1239.25,0
2018-07-17 02:00:00,1239.26,1240.2,1237.52,1239.92,0
2018-07-17 03:00:00,1239.9,1241.36,1239.77,1240.53,0
2018-07-17 04:00:00,1240.53,1241.68,1240.53,1241.6,0
2018-07-17 05:00:00,1241.6,1241.81,1241.0,1241.45,0
2018-07-17 06:00:00,1241.45,1241.83,1240.92,1241.16,0
2018-07-17 07:00:00,1241.17,1243.07,1240.53,1242.93,0
2018-07-17 08:00:00,1242.93,1244.46,1242.75,1243.94,0
2018-07-17 09:00:00,1243.91,1244.87,1243.82,1244.73,0
2018-07-17 10:00:00,1244.73,1245.03,1243.02,1243.24,0
2018-07-17 11:00:00,1243.23,1243.54,1241.7,1241.91,0
2018-07-17 12:00:00,1241.9,1242.21,1239.83,1240.07,0
2018-07-17 13:00:00,1240.07,1241.24,1238.65,1239.18,0
2018-07-17 14:00:00,1239.17,1239.41,1230.42,1231.87,0
2018-07-17 15:00:00,1231.87,1234.61,1226.11,1226.8,0
2018-07-17 16:00:00,1226.8,1229.46,1226.72,1227.51,0
2018-07-17 17:00:00,1227.51,1228.63,1226.59,1226.8,0
2018-07-17 18:00:00,1226.8,1228.87,1226.51,1228.53,0
2018-07-17 19:00:00,1228.55,1228.89,1227.78,1228.52,0
2018-07-17 20:00:00,1228.5,1228.74,1227.52,1227.78,0
2018-07-17 21:00:00,1227.78,1228.4,1227.06,1227.62,0
2018-07-17 23:00:00,1226.83,1228.38,1226.78,1228.07,0
2018-07-18 00:00:00,1228.07,1228.17,1226.76,1227.21,0
2018-07-18 01:00:00,1227.21,1228.02,1226.65,1228.01,0
2018-07-18 02:00:00,1228.01,1229.17,1227.48,1228.34,0
2018-07-18 03:00:00,1228.34,1229.06,1227.81,1228.4,0
2018-07-18 04:00:00,1228.39,1228.4,1227.45,1227.79,0
2018-07-18 05:00:00,1227.79,1227.8,1226.63,1227.08,0
2018-07-18 06:00:00,1227.08,1227.49,1224.36,1224.79,0
2018-07-18 07:00:00,1224.79,1224.92,1222.38,1224.46,0
2018-07-18 08:00:00,1224.45,1224.94,1223.02,1223.7,0
2018-07-18 09:00:00,1223.71,1223.89,1221.09,1222.57,0
2018-07-18 10:00:00,1222.5,1223.57,1222.12,1223.22,0
2018-07-18 11:00:00,1223.2,1223.85,1222.52,1223.07,0
2018-07-18 12:00:00,1223.07,1223.97,1222.17,1222.74,0
2018-07-18 13:00:00,1222.75,1225.47,1222.21,1225.2,0
2018-07-18 14:00:00,1225.2,1225.76,1224.06,1224.36,0
2018-07-18 15:00:00,1224.29,1224.64,1222.93,1224.41,0
2018-07-18 16:00:00,1224.4,1227.63,1224.26,1226.03,0
2018-07-18 17:00:00,1226.02,1227.4,1225.81,1226.74,0
2018-07-18 18:00:00,1226.75,1228.49,1226.67,1227.76,0
2018-07-18 19:00:00,1227.72,1228.0,1227.2,1227.5,0
2018-07-18 20:00:00,1227.46,1228.04,1226.91,1227.76,0
2018-07-18 21:00:00,1227.75,1227.93,1227.42,1227.5,0
2018-07-18 23:00:00,1227.14,1227.69,1226.41,1226.58,0
2018-07-19 00:00:00,1226.59,1227.54,1226.4,1227.41,0
2018-07-19 01:00:00,1227.41,1228.54,1227.3,1227.35,0
2018-07-19 02:00:00,1227.32,1227.71,1223.87,1225.05,0
2018-07-19 03:00:00,1225.04,1225.48,1224.27,1224.77,0
2018-07-19 04:00:00,1224.77,1225.69,1223.57,1224.99,0
2018-07-19 05:00:00,1224.99,1225.39,1224.22,1224.77,0
2018-07-19 06:00:00,1224.77,1224.97,1222.74,1223.33,0
2018-07-19 07:00:00,1223.34,1224.28,1222.64,1224.04,0
2018-07-19 08:00:00,1224.04,1224.04,1217.98,1218.76,0
2018-07-19 09:00:00,1218.77,1220.15,1217.55,1218.56,0
2018-07-19 10:00:00,1218.55,1219.04,1216.32,1217.32,0
2018-07-19 11:00:00,1217.32,1217.47,1215.37,1215.85,0
2018-07-19 12:00:00,1215.84,1217.38,1214.85,1215.92,0
2018-07-19 13:00:00,1215.92,1216.72,1211.46,1214.17,0
2018-07-19 14:00:00,1214.18,1218.65,1213.96,1216.99,0
2018-07-19 15:00:00,1216.95,1218.59,1216.19,1217.73,0
2018-07-19 16:00:00,1217.74,1217.82,1216.02,1216.2,0
2018-07-19 17:00:00,1216.26,1217.53,1216.22,1216.53,0
2018-07-19 18:00:00,1216.53,1229.15,1216.09,1226.0,0
2018-07-19 19:00:00,1225.99,1227.51,1222.22,1222.6,0
2018-07-19 20:00:00,1222.59,1223.26,1221.74,1222.73,0
2018-07-19 21:00:00,1222.72,1223.82,1222.22,1222.74,0
2018-07-19 23:00:00,1223.05,1224.11,1223.05,1223.14,0
2018-07-20 00:00:00,1223.13,1223.67,1222.53,1223.52,0
2018-07-20 01:00:00,1223.53,1224.15,1221.69,1222.06,0
2018-07-20 02:00:00,1222.07,1223.89,1215.7,1217.36,0
2018-07-20 03:00:00,1217.35,1219.56,1217.03,1218.41,0
2018-07-20 04:00:00,1218.42,1218.98,1217.44,1218.89,0
2018-07-20 05:00:00,1218.89,1222.12,1218.69,1221.91,0
2018-07-20 06:00:00,1221.91,1223.0,1221.03,1222.17,0
2018-07-20 07:00:00,1222.17,1223.87,1221.27,1223.52,0
2018-07-20 08:00:00,1223.52,1224.68,1222.24,1223.35,0
2018-07-20 09:00:00,1223.32,1224.79,1222.68,1222.7,0
2018-07-20 10:00:00,1222.66,1225.85,1222.54,1225.58,0
2018-07-20 11:00:00,1225.56,1226.78,1223.28,1224.36,0
2018-07-20 12:00:00,1224.36,1225.03,1223.22,1224.77,0
2018-07-20 13:00:00,1224.74,1230.12,1223.83,1230.01,0
2018-07-20 14:00:00,1230.0,1232.16,1227.35,1229.28,0
2018-07-20 15:00:00,1229.26,1230.72,1228.17,1228.51,0
2018-07-20 16:00:00,1228.5,1229.54,1227.81,1229.12,0
2018-07-20 17:00:00,1229.11,1230.21,1228.83,1229.6,0
2018-07-20 18:00:00,1229.55,1231.61,1229.02,1230.63,0
2018-07-20 19:00:00,1230.61,1232.3,1229.46,1230.09,0
2018-07-20 20:00:00,1230.09,1230.67,1229.33,1230.66,0
2018-07-20 21:00:00,1230.65,1231.83,1230.63,1231.79,0
2018-07-22 23:00:00,1231.35,1231.98,1230.27,1231.93,0
2018-07-23 00:00:00,1231.92,1233.41,1231.57,1232.89,0
2018-07-23 01:00:00,1232.89,1235.16,1231.55,1234.12,0
2018-07-23 02:00:00,1234.1,1235.07,1231.27,1233.15,0
2018-07-23 03:00:00,1233.15,1233.41,1231.58,1231.78,0
2018-07-23 04:00:00,1231.78,1232.55,1231.61,1232.43,0
2018-07-23 05:00:00,1232.42,1232.56,1231.34,1231.79,0
2018-07-23 06:00:00,1231.8,1232.78,1229.84,1230.0,0
2018-07-23 07:00:00,1230.06,1231.44,1229.45,1229.88,0
2018-07-23 08:00:00,1229.86,1231.1,1228.74,1231.0,0
2018-07-23 09:00:00,1231.0,1231.53,1228.19,1228.51,0
2018-07-23 10:00:00,1228.52,1229.31,1228.07,1228.95,0
2018-07-23 11:00:00,1228.94,1230.79,1228.85,1230.72,0
2018-07-23 12:00:00,1230.66,1232.66,1229.68,1231.47,0
2018-07-23 13:00:00,1231.44,1231.89,1226.25,1226.49,0
2018-07-23 14:00:00,1226.46,1228.05,1224.29,1225.25,0
2018-07-23 15:00:00,1225.28,1226.06,1224.0,1224.95,0
2018-07-23 16:00:00,1224.97,1225.83,1223.85,1225.13,0
2018-07-23 17:00:00,1225.14,1225.39,1222.28,1223.69,0
2018-07-23 18:00:00,1223.7,1226.25,1223.64,1225.08,0
2018-07-23 19:00:00,1225.07,1225.41,1223.93,1224.09,0
2018-07-23 20:00:00,1224.07,1225.35,1223.63,1224.97,0
2018-07-23 21:00:00,1224.97,1225.03,1224.07,1224.5,0
2018-07-23 23:00:00,1224.26,1225.17,1224.26,1224.77,0
2018-07-24 00:00:00,1224.76,1224.93,1223.54,1224.27,0
2018-07-24 01:00:00,1224.26,1224.91,1222.42,1223.35,0
2018-07-24 02:00:00,1223.35,1224.0,1220.47,1223.58,0
2018-07-24 03:00:00,1223.59,1224.38,1222.35,1223.19,0
2018-07-24 04:00:00,1223.21,1223.56,1221.81,1221.91,0
2018-07-24 05:00:00,1221.9,1222.0,1218.15,1219.15,0
2018-07-24 06:00:00,1219.16,1220.97,1218.7,1220.62,0
2018-07-24 07:00:00,1220.62,1220.75,1218.91,1219.38,0
2018-07-24 08:00:00,1219.38,1225.57,1219.38,1224.21,0
2018-07-24 09:00:00,1224.19,1224.75,1223.13,1223.8,0
2018-07-24 10:00:00,1223.81,1225.04,1223.8,1224.96,0
2018-07-24 11:00:00,1224.98,1227.42,1224.69,1226.98,0
2018-07-24 12:00:00,1226.99,1228.21,1225.96,1227.87,0
2018-07-24 13:00:00,1227.86,1227.97,1224.85,1225.32,0
2018-07-24 14:00:00,1225.31,1229.19,1224.72,1228.34,0
2018-07-24 15:00:00,1228.34,1229.55,1227.72,1228.44,0
2018-07-24 16:00:00,1228.44,1228.86,1224.25,1224.36,0
2018-07-24 17:00:00,1224.37,1225.67,1224.19,1225.24,0
2018-07-24 18:00:00,1225.23,1226.36,1224.63,1225.51,0
2018-07-24 19:00:00,1225.51,1225.64,1224.48,1224.5,0
2018-07-24 20:00:00,1224.48,1225.33,1223.98,1225.26,0
2018-07-24 21:00:00,1225.26,1225.44,1224.32,1224.41,0
2018-07-24 23:00:00,1224.06,1225.0,1223.95,1224.84,0
2018-07-25 00:00:00,1224.84,1225.67,1224.84,1225.2,0
2018-07-25 01:00:00,1225.19,1226.8,1224.73,1225.84,0
2018-07-25 02:00:00,1225.85,1227.46,1224.67,1225.73,0
2018-07-25 03:00:00,1225.73,1226.16,1224.59,1225.0,0
2018-07-25 04:00:00,1224.99,1225.03,1223.28,1224.18,0
2018-07-25 05:00:00,1224.21,1224.44,1223.64,1224.18,0
2018-07-25 06:00:00,1224.18,1227.25,1224.14,1226.47,0
2018-07-25 07:00:00,1226.47,1228.11,1225.68,1227.51,0
2018-07-25 08:00:00,1227.47,1227.68,1225.72,1226.22,0
2018-07-25 09:00:00,1226.22,1229.05,1225.54,1228.54,0
2018-07-25 10:00:00,1228.52,1231.93,1228.44,1231.04,0
2018-07-25 11:00:00,1231.03,1231.42,1229.9,1230.47,0
2018-07-25 12:00:00,1230.47,1233.17,1230.07,1232.32,0
2018-07-25 13:00:00,1232.32,1233.16,1231.16,1232.46,0
2018-07-25 14:00:00,1232.46,1234.2,1230.82,1231.55,0
2018-07-25 15:00:00,1231.55,1232.07,1228.22,1229.13,0
2018-07-25 16:00:00,1229.13,1229.67,1227.83,1228.49,0
2018-07-25 17:00:00,1228.5,1229.58,1228.11,1229.03,0
2018-07-25 18:00:00,1229.01,1232.81,1228.75,1232.22,0
2018-07-25 19:00:00,1232.21,1233.33,1231.69,1232.14,0
2018-07-25 20:00:00,1232.13,1232.81,1230.63,1232.05,0
2018-07-25 21:00:00,1232.05,1232.45,1231.11,1231.46,0
2018-07-25 23:00:00,1231.55,1232.61,1231.0,1231.92,0
2018-07-26 00:00:00,1231.9,1233.27,1231.9,1233.11,0
2018-07-26 01:00:00,1233.1,1233.7,1232.29,1233.31,0
2018-07-26 02:00:00,1233.32,1235.26,1232.68,1233.41,0
2018-07-26 03:00:00,1233.42,1233.44,1231.23,1232.11,0
2018-07-26 04:00:00,1232.07,1232.85,1230.97,1231.33,0
2018-07-26 05:00:00,1231.32,1231.79,1230.47,1231.61,0
2018-07-26 06:00:00,1231.62,1231.62,1229.27,1229.85,0
2018-07-26 07:00:00,1229.85,1230.28,1228.72,1229.79,0
2018-07-26 08:00:00,1229.78,1230.4,1226.98,1227.95,0
2018-07-26 09:00:00,1227.91,1228.72,1226.84,1228.21,0
2018-07-26 10:00:00,1228.25,1229.12,1227.14,1228.33,0
2018-07-26 11:00:00,1228.33,1228.68,1227.82,1228.41,0
2018-07-26 12:00:00,1228.41,1228.72,1227.25,1228.08,0
2018-07-26 13:00:00,1228.08,1230.65,1226.71,1226.91,0
2018-07-26 14:00:00,1226.9,1230.32,1226.46,1228.35,0
2018-07-26 15:00:00,1228.35,1228.68,1225.73,1226.53,0
2018-07-26 16:00:00,1226.5,1228.11,1226.23,1226.36,0
2018-07-26 17:00:00,1226.38,1227.16,1226.0,1226.93,0
2018-07-26 18:00:00,1226.87,1227.07,1225.21,1225.28,0
2018-07-26 19:00:00,1225.28,1225.36,1222.54,1223.47,0
2018-07-26 20:00:00,1223.48,1224.1,1222.37,1222.79,0
2018-07-26 21:00:00,1222.79,1223.28,1222.52,1222.57,0
2018-07-26 23:00:00,1222.66,1224.08,1222.54,1223.36,0
2018-07-27 00:00:00,1223.36,1224.36,1223.23,1224.16,0
2018-07-27 01:00:00,1224.15,1224.35,1222.87,1223.42,0
2018-07-27 02:00:00,1223.42,1224.62,1222.16,1222.66,0
2018-07-27 03:00:00,1222.65,1224.55,1222.14,1224.37,0
2018-07-27 04:00:00,1224.37,1224.77,1223.39,1223.85,0
2018-07-27 05:00:00,1223.88,1224.69,1223.88,1224.53,0
2018-07-27 06:00:00,1224.46,1224.66,1223.2,1224.38,0
2018-07-27 07:00:00,1224.33,1224.54,1222.72,1223.73,0
2018-07-27 08:00:00,1223.73,1225.4,1223.49,1224.25,0
2018-07-27 09:00:00,1224.25,1224.29,1218.57,1219.28,0
2018-07-27 10:00:00,1219.24,1219.88,1218.41,1218.62,0
2018-07-27 11:00:00,1218.6,1219.58,1217.58,1219.0,0
2018-07-27 12:00:00,1218.99,1220.67,1218.77,1219.48,0
2018-07-27 13:00:00,1219.47,1223.7,1218.88,1223.27,0
2018-07-27 14:00:00,1223.28,1225.15,1222.39,1224.94,0
2018-07-27 15:00:00,1224.91,1225.86,1223.91,1224.97,0
2018-07-27 16:00:00,1224.96,1227.36,1223.77,1226.61,0
2018-07-27 17:00:00,1226.6,1227.05,1225.69,1226.1,0
2018-07-27 18:00:00,1226.04,1226.36,1223.42,1224.75,0
2018-07-27 19:00:00,1224.75,1224.87,1222.96,1223.0,0
2018-07-27 20:00:00,1222.99,1223.7,1222.47,1223.18,0
2018-07-27 21:00:00,1223.19,1223.72,1221.87,1222.58,0
2018-07-29 23:00:00,1222.69,1223.87,1222.64,1223.17,0
2018-07-30 00:00:00,1223.18,1223.68,1222.11,1222.52,0
2018-07-30 01:00:00,1222.51,1224.03,1222.32,1222.74,0
2018-07-30 02:00:00,1222.75,1223.63,1221.11,1221.99,0
2018-07-30 03:00:00,1221.99,1222.04,1219.25,1219.86,0
2018-07-30 04:00:00,1219.86,1220.8,1219.63,1220.27,0
2018-07-30 05:00:00,1220.26,1220.92,1219.52,1220.56,0
2018-07-30 06:00:00,1220.56,1221.31,1219.75,1221.16,0
2018-07-30 07:00:00,1221.15,1221.23,1219.03,1220.06,0
2018-07-30 08:00:00,1220.14,1222.36,1219.22,1222.15,0
2018-07-30 09:00:00,1222.15,1222.45,1221.22,1221.93,0
2018-07-30 10:00:00,1221.92,1222.73,1221.53,1222.26,0
2018-07-30 11:00:00,1222.26,1222.81,1221.28,1221.5,0
2018-07-30 12:00:00,1221.49,1223.63,1221.46,1222.13,0
2018-07-30 13:00:00,1222.1,1223.38,1221.03,1223.22,0
2018-07-30 14:00:00,1223.22,1224.63,1222.53,1224.4,0
2018-07-30 15:00:00,1224.42,1225.11,1223.53,1224.55,0
2018-07-30 16:00:00,1224.55,1224.83,1223.58,1223.62,0
2018-07-30 17:00:00,1223.63,1223.77,1222.32,1223.53,0
2018-07-30 18:00:00,1223.55,1223.6,1222.32,1222.95,0
2018-07-30 19:00:00,1222.94,1223.13,1222.24,1222.44,0
2018-07-30 20:00:00,1222.45,1222.84,1221.28,1221.31,0
2018-07-30 21:00:00,1221.3,1221.84,1221.26,1221.46,0
2018-07-30 23:00:00,1221.22,1222.3,1221.22,1221.9,0
2018-07-31 00:00:00,1221.92,1222.69,1221.9,1222.57,0
2018-07-31 01:00:00,1222.57,1223.38,1221.52,1222.48,0
2018-07-31 02:00:00,1222.49,1222.49,1220.66,1222.17,0
2018-07-31 03:00:00,1222.17,1222.38,1220.4,1221.08,0
2018-07-31 04:00:00,1221.07,1221.64,1220.45,1221.28,0
2018-07-31 05:00:00,1221.28,1222.74,1219.63,1222.71,0
2018-07-31 06:00:00,1222.71,1222.87,1221.71,1222.25,0
2018-07-31 07:00:00,1222.24,1222.38,1220.79,1222.25,0
2018-07-31 08:00:00,1222.26,1222.65,1218.12,1218.73,0
2018-07-31 09:00:00,1218.67,1219.56,1218.3,1219.26,0
2018-07-31 10:00:00,1219.3,1219.37,1218.38,1218.68,0
2018-07-31 11:00:00,1218.65,1218.99,1217.67,1218.6,0
2018-07-31 12:00:00,1218.59,1220.93,1218.49,1220.3,0
2018-07-31 13:00:00,1220.29,1225.07,1218.8,1219.14,0
2018-07-31 14:00:00,1219.14,1223.01,1214.0,1221.23,0
2018-07-31 15:00:00,1221.14,1223.01,1220.06,1221.41,0
2018-07-31 16:00:00,1221.41,1224.49,1221.12,1224.01,0
2018-07-31 17:00:00,1223.99,1228.64,1223.54,1226.05,0
2018-07-31 18:00:00,1226.06,1226.12,1223.56,1224.66,0
2018-07-31 19:00:00,1224.67,1225.67,1224.62,1225.39,0
2018-07-31 20:00:00,1225.41,1225.45,1224.18,1224.64,0
2018-07-31 21:00:00,1224.65,1224.88,1223.54,1223.72,0
2018-07-31 23:00:00,1223.45,1224.85,1223.42,1223.6,0
2018-08-01 00:00:00,1223.58,1224.57,1223.33,1223.96,0
2018-08-01 01:00:00,1223.95,1224.8,1222.96,1223.09,0
2018-08-01 02:00:00,1223.1,1223.88,1221.0,1223.49,0
2018-08-01 03:00:00,1223.51,1224.48,1222.2,1222.36,0
2018-08-01 04:00:00,1222.34,1223.06,1221.5,1221.85,0
2018-08-01 05:00:00,1221.84,1222.0,1220.72,1220.89,0
2018-08-01 06:00:00,1220.87,1221.88,1220.21,1220.64,0
2018-08-01 07:00:00,1220.62,1222.09,1219.98,1221.3,0
2018-08-01 08:00:00,1221.3,1222.03,1220.42,1221.3,0
2018-08-01 09:00:00,1221.3,1224.78,1221.26,1223.25,0
2018-08-01 10:00:00,1223.25,1223.32,1221.86,1222.51,0
2018-08-01 11:00:00,1222.51,1223.83,1222.5,1223.67,0
2018-08-01 12:00:00,1223.67,1223.86,1222.11,1222.45,0
2018-08-01 13:00:00,1222.44,1223.67,1221.1,1221.57,0
2018-08-01 14:00:00,1221.58,1222.56,1218.68,1219.05,0
2018-08-01 15:00:00,1219.05,1219.94,1217.36,1217.42,0
2018-08-01 16:00:00,1217.41,1219.75,1216.64,1219.02,0
2018-08-01 17:00:00,1219.02,1219.35,1218.03,1218.28,0
2018-08-01 18:00:00,1218.26,1220.01,1218.14,1219.42,0
2018-08-01 19:00:00,1219.37,1221.94,1217.77,1218.01,0
2018-08-01 20:00:00,1217.98,1218.61,1215.83,1216.23,0
2018-08-01 21:00:00,1216.23,1216.84,1215.82,1215.96,0
2018-08-01 23:00:00,1215.67,1217.42,1215.67,1217.13,0
2018-08-02 00:00:00,1217.13,1218.03,1217.03,1217.84,0
2018-08-02 01:00:00,1217.86,1218.53,1217.1,1218.52,0
2018-08-02 02:00:00,1218.52,1220.81,1218.43,1220.22,0
2018-08-02 03:00:00,1220.22,1221.23,1219.08,1219.09,0
2018-08-02 04:00:00,1219.09,1220.3,1218.69,1219.64,0
2018-08-02 05:00:00,1219.64,1219.72,1218.27,1218.56,0
2018-08-02 06:00:00,1218.56,1219.79,1217.89,1219.72,0
2018-08-02 07:00:00,1219.72,1220.54,1218.18,1218.34,0
2018-08-02 08:00:00,1218.34,1218.74,1217.12,1217.48,0
2018-08-02 09:00:00,1217.49,1218.38,1216.83,1217.88,0
2018-08-02 10:00:00,1217.9,1217.99,1215.25,1215.9,0
2018-08-02 11:00:00,1215.92,1216.83,1215.03,1216.36,0
2018-08-02 12:00:00,1216.36,1216.56,1213.27,1214.39,0
2018-08-02 13:00:00,1214.37,1218.38,1213.75,1217.93,0
2018-08-02 14:00:00,1217.94,1217.95,1214.84,1215.24,0
2018-08-02 15:00:00,1215.24,1215.99,1213.76,1214.52,0
2018-08-02 16:00:00,1214.53,1214.64,1213.12,1213.97,0
2018-08-02 17:00:00,1213.98,1214.95,1213.43,1213.51,0
2018-08-02 18:00:00,1213.52,1213.63,1211.38,1211.93,0
2018-08-02 19:00:00,1211.93,1212.1,1209.29,1209.36,0
2018-08-02 20:00:00,1209.39,1210.03,1208.49,1209.27,0
2018-08-02 21:00:00,1209.25,1209.25,1207.12,1207.77,0
2018-08-02 23:00:00,1206.42,1209.56,1206.41,1209.3,0
2018-08-03 00:00:00,1209.36,1209.79,1208.12,1208.43,0
2018-08-03 01:00:00,1208.43,1209.52,1207.82,1209.47,0
2018-08-03 02:00:00,1209.47,1210.41,1206.53,1207.43,0
2018-08-03 03:00:00,1207.42,1208.24,1206.55,1208.11,0
2018-08-03 04:00:00,1208.11,1208.31,1207.58,1207.8,0
2018-08-03 05:00:00,1207.79,1207.91,1207.07,1207.27,0
2018-08-03 06:00:00,1207.27,1208.24,1207.16,1207.8,0
2018-08-03 07:00:00,1207.8,1207.83,1205.38,1206.0,0
2018-08-03 08:00:00,1206.01,1207.33,1204.53,1204.53,0
2018-08-03 09:00:00,1204.55,1207.85,1204.5,1207.46,0
2018-08-03 10:00:00,1207.46,1208.05,1206.94,1207.5,0
2018-08-03 11:00:00,1207.51,1208.91,1207.35,1208.88,0
2018-08-03 12:00:00,1208.88,1212.89,1208.74,1211.77,0
2018-08-03 13:00:00,1211.77,1216.08,1210.34,1214.41,0
2018-08-03 14:00:00,1214.4,1217.22,1213.97,1216.0,0
2018-08-03 15:00:00,1216.01,1220.07,1216.01,1218.86,0
2018-08-03 16:00:00,1218.87,1219.69,1217.46,1217.72,0
2018-08-03 17:00:00,1217.71,1218.28,1215.65,1215.86,0
2018-08-03 18:00:00,1215.82,1216.17,1214.52,1214.69,0
2018-08-03 19:00:00,1214.69,1215.23,1214.32,1214.76,0
2018-08-03 20:00:00,1214.75,1214.76,1213.21,1213.63,0
2018-08-03 21:00:00,1213.63,1213.99,1213.18,1213.33,0
2018-08-05 23:00:00,1213.6,1214.36,1213.43,1213.76,0
2018-08-06 00:00:00,1213.74,1215.17,1213.61,1214.87,0
2018-08-06 01:00:00,1214.87,1215.39,1213.83,1215.23,0
2018-08-06 02:00:00,1215.26,1217.89,1214.5,1217.24,0
2018-08-06 03:00:00,1217.24,1217.84,1216.0,1216.12,0
2018-08-06 04:00:00,1216.11,1216.53,1215.62,1216.09,0
2018-08-06 05:00:00,1216.09,1216.19,1215.22,1215.54,0
2018-08-06 06:00:00,1215.55,1215.55,1213.94,1214.15,0
2018-08-06 07:00:00,1214.08,1214.11,1212.54,1213.54,0
2018-08-06 08:00:00,1213.55,1213.55,1211.32,1212.3,0
2018-08-06 09:00:00,1212.32,1213.15,1211.64,1212.68,0
2018-08-06 10:00:00,1212.69,1212.7,1211.26,1212.33,0
2018-08-06 11:00:00,1212.31,1212.38,1209.2,1209.99,0
2018-08-06 12:00:00,1209.98,1209.98,1208.37,1208.76,0
2018-08-06 13:00:00,1208.73,1209.52,1207.37,1207.88,0
2018-08-06 14:00:00,1207.92,1210.53,1207.91,1208.8,0
2018-08-06 15:00:00,1208.81,1211.65,1208.81,1210.7,0
2018-08-06 16:00:00,1210.73,1211.53,1210.38,1210.67,0
2018-08-06 17:00:00,1210.68,1210.83,1208.89,1210.01,0
2018-08-06 18:00:00,1210.01,1210.07,1208.81,1209.02,0
2018-08-06 19:00:00,1209.01,1209.04,1208.33,1208.6,0
2018-08-06 20:00:00,1208.59,1208.64,1207.39,1207.49,0
2018-08-06 21:00:00,1207.49,1207.87,1206.26,1207.35,0
2018-08-06 23:00:00,1207.12,1208.55,1207.11,1208.31,0
2018-08-07 00:00:00,1208.3,1208.86,1208.24,1208.76,0
2018-08-07 01:00:00,1208.75,1209.56,1208.05,1209.46,0
2018-08-07 02:00:00,1209.47,1210.03,1207.82,1208.54,0
2018-08-07 03:00:00,1208.53,1210.03,1208.36,1209.76,0
2018-08-07 04:00:00,1209.8,1210.05,1209.18,1209.87,0
2018-08-07 05:00:00,1209.88,1211.13,1209.63,1210.64,0
2018-08-07 06:00:00,1210.64,1211.04,1209.4,1211.02,0
2018-08-07 07:00:00,1211.01,1213.14,1210.81,1213.02,0
2018-08-07 08:00:00,1213.02,1213.88,1210.35,1210.6,0
2018-08-07 09:00:00,1210.62,1213.84,1210.27,1213.81,0
2018-08-07 10:00:00,1213.8,1215.79,1213.8,1215.52,0
2018-08-07 11:00:00,1215.51,1216.17,1214.56,1214.99,0
2018-08-07 12:00:00,1215.0,1215.36,1213.63,1215.13,0
2018-08-07 13:00:00,1215.14,1215.53,1213.06,1213.37,0
2018-08-07 14:00:00,1213.37,1214.15,1211.35,1213.01,0
2018-08-07 15:00:00,1213.01,1213.04,1210.69,1211.39,0
2018-08-07 16:00:00,1211.39,1213.85,1211.28,1212.5,0
2018-08-07 17:00:00,1212.52,1212.71,1211.46,1211.7,0
2018-08-07 18:00:00,1211.69,1211.92,1209.4,1209.7,0
2018-08-07 19:00:00,1209.69,1210.28,1208.59,1210.19,0
2018-08-07 20:00:00,1210.18,1210.69,1209.66,1210.19,0
2018-08-07 21:00:00,1210.18,1211.03,1210.17,1210.96,0
2018-08-07 23:00:00,1210.73,1211.74,1210.6,1211.64,0
2018-08-08 00:00:00,1211.64,1212.65,1211.43,1212.47,0
2018-08-08 01:00:00,1212.5,1212.97,1210.89,1211.11,0
2018-08-08 02:00:00,1211.11,1214.11,1210.93,1213.74,0
2018-08-08 03:00:00,1213.72,1213.74,1212.43,1212.48,0
2018-08-08 04:00:00,1212.48,1213.95,1212.48,1213.21,0
2018-08-08 05:00:00,1213.2,1213.71,1212.96,1213.66,0
2018-08-08 06:00:00,1213.66,1214.78,1213.17,1213.43,0
2018-08-08 07:00:00,1213.43,1213.84,1212.43,1213.66,0
2018-08-08 08:00:00,1213.63,1215.87,1213.6,1214.65,0
2018-08-08 09:00:00,1214.64,1214.98,1212.06,1212.52,0
2018-08-08 10:00:00,1212.47,1212.89,1211.45,1211.64,0
2018-08-08 11:00:00,1211.64,1212.32,1209.88,1210.04,0
2018-08-08 12:00:00,1210.07,1211.7,1209.5,1209.74,0
2018-08-08 13:00:00,1209.74,1211.33,1206.46,1208.4,0
2018-08-08 14:00:00,1208.4,1212.96,1208.31,1209.69,0
2018-08-08 15:00:00,1209.69,1210.61,1208.38,1210.31,0
2018-08-08 16:00:00,1210.32,1210.97,1209.21,1209.93,0
2018-08-08 17:00:00,1209.95,1211.12,1209.31,1210.88,0
2018-08-08 18:00:00,1210.86,1213.99,1210.78,1213.95,0
2018-08-08 19:00:00,1213.96,1214.06,1212.7,1213.02,0
2018-08-08 20:00:00,1213.03,1213.82,1212.64,1213.5,0
2018-08-08 21:00:00,1213.53,1214.06,1213.39,1213.66,0
2018-08-08 23:00:00,1213.66,1214.06,1213.07,1213.64,0
2018-08-09 00:00:00,1213.63,1213.97,1213.2,1213.35,0
2018-08-09 01:00:00,1213.35,1214.69,1213.25,1214.43,0
2018-08-09 02:00:00,1214.43,1214.96,1212.33,1213.34,0
2018-08-09 03:00:00,1213.33,1215.6,1213.26,1214.79,0
2018-08-09 04:00:00,1214.78,1215.46,1214.15,1214.96,0
2018-08-09 05:00:00,1214.96,1215.44,1214.32,1214.37,0
2018-08-09 06:00:00,1214.35,1215.07,1213.69,1215.06,0
2018-08-09 07:00:00,1215.04,1217.09,1213.47,1213.99,0
2018-08-09 08:00:00,1213.99,1214.09,1210.79,1211.72,0
2018-08-09 09:00:00,1211.72,1212.97,1211.04,1212.97,0
2018-08-09 10:00:00,1212.92,1215.4,1212.82,1214.14,0
2018-08-09 11:00:00,1214.17,1215.94,1214.06,1214.75,0
2018-08-09 12:00:00,1214.74,1215.57,1214.32,1214.57,0
2018-08-09 13:00:00,1214.58,1217.31,1214.15,1214.75,0
2018-08-09 14:00:00,1214.75,1216.06,1213.83,1215.01,0
2018-08-09 15:00:00,1215.01,1215.9,1213.61,1213.88,0
2018-08-09 16:00:00,1213.91,1215.02,1212.99,1213.92,0
2018-08-09 17:00:00,1213.92,1213.98,1212.46,1212.81,0
2018-08-09 18:00:00,1212.79,1213.22,1211.37,1212.97,0
2018-08-09 19:00:00,1212.98,1212.98,1211.95,1212.45,0
2018-08-09 20:00:00,1212.44,1212.52,1211.5,1211.99,0
2018-08-09 21:00:00,1211.96,1212.47,1211.8,1212.31,0
2018-08-09 23:00:00,1212.26,1212.84,1211.73,1211.86,0
2018-08-10 00:00:00,1211.85,1212.64,1211.39,1212.16,0
2018-08-10 01:00:00,1212.16,1213.38,1211.7,1213.06,0
2018-08-10 02:00:00,1213.05,1213.26,1211.86,1212.97,0
2018-08-10 03:00:00,1213.03,1213.03,1211.82,1212.44,0
2018-08-10 04:00:00,1212.43,1212.5,1211.63,1212.15,0
2018-08-10 05:00:00,1212.15,1212.95,1211.17,1211.18,0
2018-08-10 06:00:00,1211.17,1211.54,1207.81,1207.97,0
2018-08-10 07:00:00,1207.95,1209.35,1205.77,1208.72,0
2018-08-10 08:00:00,1208.7,1209.11,1206.82,1208.99,0
2018-08-10 09:00:00,1208.98,1209.6,1207.29,1209.36,0
2018-08-10 10:00:00,1209.36,1211.45,1208.92,1210.19,0
2018-08-10 11:00:00,1210.17,1211.31,1209.52,1210.26,0
2018-08-10 12:00:00,1210.27,1214.22,1209.63,1213.46,0
2018-08-10 13:00:00,1213.48,1214.33,1210.72,1212.61,0
2018-08-10 14:00:00,1212.62,1215.61,1211.63,1214.88,0
2018-08-10 15:00:00,1214.87,1217.12,1214.73,1216.4,0
2018-08-10 16:00:00,1216.42,1216.48,1211.24,1212.11,0
2018-08-10 17:00:00,1212.11,1212.93,1210.81,1211.74,0
2018-08-10 18:00:00,1211.74,1212.45,1210.51,1211.74,0
2018-08-10 19:00:00,1211.74,1212.15,1211.16,1211.8,0
2018-08-10 20:00:00,1211.8,1212.01,1210.52,1211.27,0
2018-08-10 21:00:00,1211.28,1211.86,1211.14,1211.15,0
2018-08-12 23:00:00,1211.05,1213.18,1210.97,1212.57,0
2018-08-13 00:00:00,1212.57,1213.88,1212.0,1212.44,0
2018-08-13 01:00:00,1212.44,1212.71,1208.75,1209.17,0
2018-08-13 02:00:00,1209.15,1209.89,1207.82,1208.65,0
2018-08-13 03:00:00,1208.66,1209.68,1208.09,1208.22,0
2018-08-13 04:00:00,1208.23,1208.61,1207.31,1207.77,0
2018-08-13 05:00:00,1207.78,1208.39,1207.25,1208.27,0
2018-08-13 06:00:00,1208.28,1209.38,1207.75,1208.69,0
2018-08-13 07:00:00,1208.68,1209.62,1207.73,1207.94,0
2018-08-13 08:00:00,1207.91,1208.64,1203.63,1204.55,0
2018-08-13 09:00:00,1204.53,1206.05,1203.48,1205.0,0
2018-08-13 10:00:00,1205.0,1205.1,1201.18,1201.99,0
2018-08-13 11:00:00,1201.92,1202.44,1201.13,1201.24,0
2018-08-13 12:00:00,1201.22,1201.82,1194.82,1198.88,0
2018-08-13 13:00:00,1198.88,1203.0,1198.24,1201.49,0
2018-08-13 14:00:00,1201.49,1202.3,1199.68,1199.8,0
2018-08-13 15:00:00,1199.81,1200.36,1196.71,1197.46,0
2018-08-13 16:00:00,1197.46,1197.5,1194.59,1196.25,0
2018-08-13 17:00:00,1196.24,1196.27,1191.97,1193.45,0
2018-08-13 18:00:00,1193.4,1194.53,1191.68,1193.46,0
2018-08-13 19:00:00,1193.45,1193.85,1192.13,1193.47,0
2018-08-13 20:00:00,1193.47,1194.83,1193.21,1193.48,0
2018-08-13 21:00:00,1193.5,1194.25,1193.11,1193.55,0
2018-08-13 23:00:00,1194.08,1194.87,1193.78,1194.58,0
2018-08-14 00:00:00,1194.57,1194.87,1192.66,1192.85,0
2018-08-14 01:00:00,1192.83,1194.01,1192.35,1193.32,0
2018-08-14 02:00:00,1193.33,1195.79,1193.16,1194.47,0
2018-08-14 03:00:00,1194.46,1196.24,1193.88,1195.74,0
2018-08-14 04:00:00,1195.77,1196.04,1194.99,1195.14,0
2018-08-14 05:00:00,1195.14,1195.71,1194.95,1195.18,0
2018-08-14 06:00:00,1195.18,1195.46,1193.35,1194.92,0
2018-08-14 07:00:00,1194.92,1196.13,1194.65,1195.28,0
2018-08-14 08:00:00,1195.28,1195.66,1193.94,1195.43,0
2018-08-14 09:00:00,1195.43,1195.73,1194.0,1194.1,0
2018-08-14 10:00:00,1194.08,1195.42,1194.05,1194.75,0
2018-08-14 11:00:00,1194.75,1195.48,1194.36,1194.93,0
2018-08-14 12:00:00,1194.93,1195.37,1194.35,1195.18,0
2018-08-14 13:00:00,1195.18,1196.87,1194.79,1196.55,0
2018-08-14 14:00:00,1196.55,1197.59,1195.48,1197.02,0
2018-08-14 15:00:00,1196.98,1198.75,1196.46,1197.97,0
2018-08-14 16:00:00,1197.98,1198.06,1196.13,1196.63,0
2018-08-14 17:00:00,1196.63,1196.84,1193.33,1193.63,0
2018-08-14 18:00:00,1193.64,1194.39,1192.07,1193.84,0
2018-08-14 19:00:00,1193.85,1194.71,1193.5,1194.29,0
2018-08-14 20:00:00,1194.3,1194.78,1193.8,1194.35,0
2018-08-14 21:00:00,1194.33,1194.63,1193.84,1193.95,0
2018-08-14 23:00:00,1194.09,1194.73,1193.8,1194.33,0
2018-08-15 00:00:00,1194.35,1194.66,1193.25,1193.93,0
2018-08-15 01:00:00,1193.93,1194.2,1191.63,1192.46,0
2018-08-15 02:00:00,1192.48,1193.18,1191.33,1192.61,0
2018-08-15 03:00:00,1192.61,1192.62,1189.32,1189.35,0
2018-08-15 04:00:00,1189.34,1190.04,1187.97,1188.11,0
2018-08-15 05:00:00,1188.12,1188.72,1187.28,1187.6,0
2018-08-15 06:00:00,1187.61,1188.44,1186.51,1187.98,0
2018-08-15 07:00:00,1187.98,1189.09,1186.84,1188.73,0
2018-08-15 08:00:00,1188.73,1189.52,1187.17,1187.95,0
2018-08-15 09:00:00,1187.98,1188.52,1186.23,1186.29,0
2018-08-15 10:00:00,1186.26,1187.49,1185.02,1185.88,0
2018-08-15 11:00:00,1185.84,1186.49,1183.87,1184.99,0
2018-08-15 12:00:00,1184.98,1187.2,1184.26,1186.78,0
2018-08-15 13:00:00,1186.78,1187.62,1185.07,1185.3,0
2018-08-15 14:00:00,1185.29,1185.66,1180.13,1181.19,0
2018-08-15 15:00:00,1181.21,1183.64,1178.52,1179.06,0
2018-08-15 16:00:00,1179.03,1181.19,1176.36,1176.54,0
2018-08-15 17:00:00,1176.54,1178.21,1175.64,1177.31,0
2018-08-15 18:00:00,1177.32,1178.97,1174.89,1177.79,0
2018-08-15 19:00:00,1177.76,1177.97,1176.82,1176.83,0
2018-08-15 20:00:00,1176.87,1177.67,1173.12,1174.67,0
2018-08-15 21:00:00,1174.64,1176.42,1174.08,1174.69,0
2018-08-15 23:00:00,1175.64,1176.27,1175.13,1175.73,0
2018-08-16 00:00:00,1175.73,1175.83,1173.36,1173.82,0
2018-08-16 01:00:00,1173.82,1174.5,1160.19,1165.76,0
2018-08-16 02:00:00,1165.76,1170.66,1163.74,1170.02,0
2018-08-16 03:00:00,1169.99,1173.62,1169.44,1172.35,0
2018-08-16 04:00:00,1172.36,1173.06,1170.76,1172.77,0
2018-08-16 05:00:00,1172.77,1174.41,1171.59,1174.01,0
2018-08-16 06:00:00,1174.02,1178.71,1173.74,1177.73,0
2018-08-16 07:00:00,1177.75,1177.75,1174.48,1175.12,0
2018-08-16 08:00:00,1175.11,1177.82,1174.03,1176.97,0
2018-08-16 09:00:00,1176.98,1182.04,1176.69,1180.59,0
2018-08-16 10:00:00,1180.59,1180.64,1178.99,1179.78,0
2018-08-16 11:00:00,1179.78,1180.38,1178.45,1178.67,0
2018-08-16 12:00:00,1178.67,1181.75,1178.44,1180.68,0
2018-08-16 13:00:00,1180.67,1181.15,1175.15,1176.55,0
2018-08-16 14:00:00,1176.54,1181.12,1174.8,1180.07,0
2018-08-16 15:00:00,1180.08,1180.85,1177.81,1179.68,0
2018-08-16 16:00:00,1179.67,1181.71,1178.91,1179.39,0
2018-08-16 17:00:00,1179.4,1179.85,1176.75,1177.73,0
2018-08-16 18:00:00,1177.75,1177.91,1174.7,1175.55,0
2018-08-16 19:00:00,1175.54,1176.88,1175.12,1175.85,0
2018-08-16 20:00:00,1175.85,1175.89,1173.54,1173.78,0
2018-08-16 21:00:00,1173.74,1174.44,1173.44,1174.06,0
2018-08-16 23:00:00,1173.84,1175.59,1173.56,1174.86,0
2018-08-17 00:00:00,1174.87,1176.0,1174.78,1175.36,0
2018-08-17 01:00:00,1175.37,1177.95,1171.94,1177.41,0
2018-08-17 02:00:00,1177.37,1179.34,1176.46,1176.64,0
2018-08-17 03:00:00,1176.65,1177.67,1176.0,1177.31,0
2018-08-17 04:00:00,1177.32,1177.79,1176.03,1176.33,0
2018-08-17 05:00:00,1176.24,1177.29,1176.23,1176.78,0
2018-08-17 06:00:00,1176.78,1176.78,1174.52,1175.35,0
2018-08-17 07:00:00,1175.32,1175.96,1173.49,1174.74,0
2018-08-17 08:00:00,1174.71,1177.71,1173.69,1176.85,0
2018-08-17 09:00:00,1176.84,1179.87,1176.6,1177.9,0
2018-08-17 10:00:00,1177.9,1177.94,1176.08,1176.54,0
2018-08-17 11:00:00,1176.53,1177.86,1175.11,1177.55,0
2018-08-17 12:00:00,1177.58,1177.92,1176.25,1176.6,0
2018-08-17 13:00:00,1176.61,1179.11,1175.48,1178.05,0
2018-08-17 14:00:00,1178.05,1179.99,1178.05,1178.58,0
2018-08-17 15:00:00,1178.55,1179.43,1177.44,1178.94,0
2018-08-17 16:00:00,1178.95,1180.53,1177.98,1178.06,0
2018-08-17 17:00:00,1178.09,1179.28,1177.13,1177.27,0
2018-08-17 18:00:00,1177.24,1177.91,1176.49,1177.5,0
2018-08-17 19:00:00,1177.49,1180.94,1177.17,1180.87,0
2018-08-17 20:00:00,1180.87,1184.44,1180.66,1184.27,0
2018-08-17 21:00:00,1184.29,1185.05,1183.14,1184.61,0
2018-08-19 23:00:00,1183.34,1184.0,1182.81,1183.33,0
2018-08-20 00:00:00,1183.33,1183.87,1182.98,1183.61,0
2018-08-20 01:00:00,1183.61,1185.04,1183.36,1183.73,0
2018-08-20 02:00:00,1183.76,1185.05,1182.89,1184.19,0
2018-08-20 03:00:00,1184.22,1186.6,1184.21,1185.21,0
2018-08-20 04:00:00,1185.22,1186.48,1185.11,1185.72,0
2018-08-20 05:00:00,1185.69,1186.68,1185.53,1185.85,0
2018-08-20 06:00:00,1185.86,1186.28,1185.28,1186.12,0
2018-08-20 07:00:00,1186.11,1187.28,1185.4,1186.2,0
2018-08-20 08:00:00,1186.23,1188.59,1185.83,1187.98,0
2018-08-20 09:00:00,1187.96,1189.82,1187.92,1188.27,0
2018-08-20 10:00:00,1188.28,1188.79,1187.88,1188.48,0
2018-08-20 11:00:00,1188.47,1188.7,1185.99,1187.51,0
2018-08-20 12:00:00,1187.52,1188.31,1186.28,1186.41,0
2018-08-20 13:00:00,1186.39,1187.17,1185.02,1185.86,0
2018-08-20 14:00:00,1185.87,1187.53,1184.93,1185.11,0
2018-08-20 15:00:00,1185.1,1186.57,1184.74,1185.19,0
2018-08-20 16:00:00,1185.17,1188.66,1185.17,1186.7,0
2018-08-20 17:00:00,1186.7,1190.11,1186.6,1189.09,0
2018-08-20 18:00:00,1189.08,1189.38,1187.37,1188.44,0
2018-08-20 19:00:00,1188.45,1190.18,1188.35,1190.13,0
2018-08-20 20:00:00,1190.14,1190.88,1189.14,1190.15,0
2018-08-20 21:00:00,1190.18,1190.57,1189.53,1190.49,0
2018-08-20 23:00:00,1190.45,1191.17,1190.3,1190.77,0
2018-08-21 00:00:00,1190.71,1191.34,1190.4,1191.22,0
2018-08-21 01:00:00,1191.21,1194.48,1191.1,1193.8,0
2018-08-21 02:00:00,1193.84,1194.37,1192.26,1192.85,0
2018-08-21 03:00:00,1192.87,1194.77,1192.35,1194.57,0
2018-08-21 04:00:00,1194.56,1194.65,1193.55,1194.16,0
2018-08-21 05:00:00,1194.11,1195.41,1193.67,1194.89,0
2018-08-21 06:00:00,1194.86,1195.87,1194.34,1195.48,0
2018-08-21 07:00:00,1195.48,1196.4,1194.65,1194.93,0
2018-08-21 08:00:00,1194.95,1195.49,1193.7,1194.0,0
2018-08-21 09:00:00,1193.98,1195.87,1193.25,1195.38,0
2018-08-21 10:00:00,1195.37,1195.57,1193.26,1193.54,0
2018-08-21 11:00:00,1193.55,1194.33,1193.25,1193.89,0
2018-08-21 12:00:00,1193.87,1193.9,1192.14,1192.64,0
2018-08-21 13:00:00,1192.64,1192.74,1189.46,1190.82,0
2018-08-21 14:00:00,1190.8,1191.75,1190.03,1191.47,0
2018-08-21 15:00:00,1191.46,1191.46,1188.69,1189.49,0
2018-08-21 16:00:00,1189.49,1189.96,1187.68,1189.55,0
2018-08-21 17:00:00,1189.55,1192.65,1189.0,1192.27,0
2018-08-21 18:00:00,1192.28,1194.48,1191.82,1193.88,0
2018-08-21 19:00:00,1193.88,1194.72,1192.29,1192.88,0
2018-08-21 20:00:00,1192.89,1194.13,1192.05,1193.86,0
2018-08-21 21:00:00,1193.86,1197.04,1193.86,1196.07,0
2018-08-21 23:00:00,1196.5,1196.87,1194.89,1196.19,0
2018-08-22 00:00:00,1196.19,1196.36,1195.01,1196.07,0
2018-08-22 01:00:00,1196.06,1197.8,1195.78,1196.03,0
2018-08-22 02:00:00,1196.04,1196.67,1194.66,1195.21,0
2018-08-22 03:00:00,1195.22,1196.25,1194.96,1195.27,0
2018-08-22 04:00:00,1195.27,1195.62,1194.9,1195.44,0
2018-08-22 05:00:00,1195.48,1195.85,1194.8,1195.84,0
2018-08-22 06:00:00,1195.83,1195.95,1194.86,1195.21,0
2018-08-22 07:00:00,1195.21,1195.38,1193.04,1193.68,0
2018-08-22 08:00:00,1193.67,1194.24,1192.59,1194.11,0
2018-08-22 09:00:00,1194.12,1196.99,1193.1,1196.53,0
2018-08-22 10:00:00,1196.53,1198.02,1195.88,1197.52,0
2018-08-22 11:00:00,1197.52,1197.94,1196.23,1196.86,0
2018-08-22 12:00:00,1196.85,1200.32,1196.57,1199.39,0
2018-08-22 13:00:00,1199.38,1201.62,1198.32,1199.46,0
2018-08-22 14:00:00,1199.47,1200.38,1196.52,1197.09,0
2018-08-22 15:00:00,1197.09,1197.5,1194.66,1195.81,0
2018-08-22 16:00:00,1195.8,1196.41,1194.49,1195.96,0
2018-08-22 17:00:00,1195.95,1196.18,1195.35,1195.54,0
2018-08-22 18:00:00,1195.54,1196.92,1194.58,1195.89,0
2018-08-22 19:00:00,1195.68,1198.93,1194.46,1195.31,0
2018-08-22 20:00:00,1195.35,1196.61,1195.01,1196.54,0
2018-08-22 21:00:00,1196.52,1196.97,1195.36,1195.45,0
2018-08-22 23:00:00,1196.1,1196.63,1195.5,1196.27,0
2018-08-23 00:00:00,1196.26,1196.6,1194.95,1195.14,0
2018-08-23 01:00:00,1195.12,1195.52,1192.98,1193.16,0
2018-08-23 02:00:00,1193.15,1193.65,1191.41,1192.61,0
2018-08-23 03:00:00,1192.61,1193.06,1190.3,1190.77,0
2018-08-23 04:00:00,1190.78,1191.68,1190.46,1191.21,0
2018-08-23 05:00:00,1191.21,1191.9,1190.19,1191.78,0
2018-08-23 06:00:00,1191.78,1192.35,1191.0,1191.7,0
2018-08-23 07:00:00,1191.7,1192.97,1189.89,1190.23,0
2018-08-23 08:00:00,1190.25,1190.42,1186.37,1189.11,0
2018-08-23 09:00:00,1189.11,1189.31,1188.09,1189.02,0
2018-08-23 10:00:00,1189.01,1189.44,1186.7,1188.62,0
2018-08-23 11:00:00,1188.62,1191.2,1187.82,1190.6,0
2018-08-23 12:00:00,1190.61,1191.15,1189.71,1189.71,0
2018-08-23 13:00:00,1189.74,1192.97,1189.64,1191.16,0
2018-08-23 14:00:00,1191.16,1192.03,1188.52,1191.34,0
2018-08-23 15:00:00,1191.33,1192.41,1189.22,1189.45,0
2018-08-23 16:00:00,1189.44,1190.58,1189.01,1189.05,0
2018-08-23 17:00:00,1189.06,1189.29,1186.72,1187.99,0
2018-08-23 18:00:00,1188.0,1188.09,1186.93,1187.33,0
2018-08-23 19:00:00,1187.33,1188.03,1184.74,1185.42,0
2018-08-23 20:00:00,1185.4,1186.16,1183.91,1185.26,0
2018-08-23 21:00:00,1185.25,1185.85,1184.86,1185.2,0
2018-08-23 23:00:00,1185.05,1186.01,1184.97,1185.39,0
2018-08-24 00:00:00,1185.39,1185.69,1184.1,1184.54,0
2018-08-24 01:00:00,1184.55,1187.4,1183.15,1186.25,0
2018-08-24 02:00:00,1186.26,1187.38,1185.06,1185.34,0
2018-08-24 03:00:00,1185.35,1187.06,1184.71,1186.47,0
2018-08-24 04:00:00,1186.47,1187.95,1185.99,1186.87,0
2018-08-24 05:00:00,1186.87,1188.33,1186.79,1188.09,0
2018-08-24 06:00:00,1188.09,1189.59,1187.7,1188.26,0
2018-08-24 07:00:00,1188.25,1189.43,1187.55,1189.43,0
2018-08-24 08:00:00,1189.43,1190.23,1187.78,1189.06,0
2018-08-24 09:00:00,1189.05,1191.08,1188.97,1190.63,0
2018-08-24 10:00:00,1190.62,1191.48,1189.79,1191.21,0
2018-08-24 11:00:00,1191.2,1192.39,1190.99,1191.85,0
2018-08-24 12:00:00,1191.84,1193.36,1191.31,1192.01,0
2018-08-24 13:00:00,1192.0,1194.06,1191.81,1193.88,0
2018-08-24 14:00:00,1193.88,1197.25,1193.14,1196.67,0
2018-08-24 15:00:00,1196.64,1206.45,1195.94,1206.04,0
2018-08-24 16:00:00,1206.06,1208.62,1206.04,1208.45,0
2018-08-24 17:00:00,1208.44,1208.45,1205.15,1205.58,0
2018-08-24 18:00:00,1205.51,1208.03,1205.51,1206.35,0
2018-08-24 19:00:00,1206.35,1206.55,1205.59,1205.63,0
2018-08-24 20:00:00,1205.63,1206.36,1204.66,1205.71,0
2018-08-24 21:00:00,1205.7,1206.37,1205.17,1205.96,0
2018-08-26 23:00:00,1207.09,1207.59,1206.24,1206.55,0
2018-08-27 00:00:00,1206.58,1207.98,1206.14,1207.78,0
2018-08-27 01:00:00,1207.78,1207.88,1206.08,1207.07,0
2018-08-27 02:00:00,1207.07,1207.21,1203.53,1204.21,0
2018-08-27 03:00:00,1204.2,1206.07,1204.09,1205.85,0
2018-08-27 04:00:00,1205.85,1207.89,1205.52,1207.17,0
2018-08-27 05:00:00,1207.19,1207.22,1205.92,1206.54,0
2018-08-27 06:00:00,1206.54,1207.49,1205.82,1206.8,0
2018-08-27 07:00:00,1206.8,1207.38,1204.75,1205.24,0
2018-08-27 08:00:00,1205.24,1205.64,1204.25,1204.54,0
2018-08-27 09:00:00,1204.54,1205.45,1203.92,1204.36,0
2018-08-27 10:00:00,1204.35,1205.6,1203.25,1204.72,0
2018-08-27 11:00:00,1204.72,1205.15,1203.11,1203.54,0
2018-08-27 12:00:00,1203.58,1206.17,1203.57,1206.07,0
2018-08-27 13:00:00,1206.07,1206.92,1205.29,1205.85,0
2018-08-27 14:00:00,1205.85,1208.0,1205.46,1207.27,0
2018-08-27 15:00:00,1207.27,1212.43,1206.97,1211.09,0
2018-08-27 16:00:00,1211.1,1211.59,1208.71,1209.45,0
2018-08-27 17:00:00,1209.44,1211.25,1208.92,1209.96,0
2018-08-27 18:00:00,1209.96,1210.5,1208.11,1208.69,0
2018-08-27 19:00:00,1208.68,1209.58,1208.54,1209.09,0
2018-08-27 20:00:00,1209.11,1210.45,1209.09,1210.41,0
2018-08-27 21:00:00,1210.39,1211.33,1210.31,1211.27,0
2018-08-27 23:00:00,1211.18,1211.54,1210.4,1210.67,0
2018-08-28 00:00:00,1210.66,1211.33,1210.15,1211.11,0
2018-08-28 01:00:00,1211.12,1212.49,1210.38,1210.69,0
2018-08-28 02:00:00,1210.69,1210.8,1208.76,1209.47,0
2018-08-28 03:00:00,1209.52,1209.82,1208.22,1208.37,0
2018-08-28 04:00:00,1208.39,1209.26,1208.08,1209.18,0
2018-08-28 05:00:00,1209.18,1210.06,1208.94,1209.63,0
2018-08-28 06:00:00,1209.63,1209.82,1208.51,1209.73,0
2018-08-28 07:00:00,1209.73,1211.81,1209.28,1211.69,0
2018-08-28 08:00:00,1211.69,1212.5,1210.57,1210.9,0
2018-08-28 09:00:00,1210.89,1213.75,1210.89,1213.06,0
2018-08-28 10:00:00,1213.09,1214.2,1212.74,1213.92,0
2018-08-28 11:00:00,1213.9,1214.32,1212.48,1212.62,0
2018-08-28 12:00:00,1212.59,1213.15,1210.59,1212.68,0
2018-08-28 13:00:00,1212.68,1214.29,1210.89,1211.47,0
2018-08-28 14:00:00,1211.47,1213.46,1210.78,1213.21,0
2018-08-28 15:00:00,1213.19,1213.35,1206.98,1209.71,0
2018-08-28 16:00:00,1209.71,1209.98,1208.42,1208.82,0
2018-08-28 17:00:00,1208.84,1208.99,1207.33,1207.79,0
2018-08-28 18:00:00,1207.77,1208.68,1204.67,1205.18,0
2018-08-28 19:00:00,1205.18,1205.2,1200.33,1200.85,0
2018-08-28 20:00:00,1200.85,1202.18,1199.65,1201.21,0
2018-08-28 21:00:00,1201.22,1201.38,1200.18,1201.05,0
2018-08-28 23:00:00,1200.76,1202.39,1200.7,1202.23,0
2018-08-29 00:00:00,1202.29,1202.75,1201.69,1202.72,0
2018-08-29 01:00:00,1202.72,1203.22,1201.69,1202.5,0
2018-08-29 02:00:00,1202.5,1203.41,1202.37,1202.92,0
2018-08-29 03:00:00,1202.94,1204.21,1202.31,1203.57,0
2018-08-29 04:00:00,1203.57,1204.76,1203.37,1204.32,0
2018-08-29 05:00:00,1204.32,1204.8,1203.46,1204.65,0
2018-08-29 06:00:00,1204.65,1204.66,1203.07,1203.43,0
2018-08-29 07:00:00,1203.48,1203.48,1201.46,1202.6,0
2018-08-29 08:00:00,1202.59,1205.87,1202.2,1202.64,0
2018-08-29 09:00:00,1202.64,1204.81,1201.76,1202.58,0
2018-08-29 10:00:00,1202.6,1205.06,1202.49,1204.6,0
2018-08-29 11:00:00,1204.59,1204.88,1202.57,1202.95,0
2018-08-29 12:00:00,1202.95,1204.33,1202.09,1202.33,0
2018-08-29 13:00:00,1202.31,1204.63,1202.14,1204.14,0
2018-08-29 14:00:00,1204.14,1206.76,1202.66,1204.24,0
2018-08-29 15:00:00,1204.23,1206.32,1203.44,1203.88,0
2018-08-29 16:00:00,1203.87,1204.46,1202.95,1204.26,0
2018-08-29 17:00:00,1204.24,1206.5,1204.23,1205.87,0
2018-08-29 18:00:00,1205.85,1206.49,1205.02,1205.47,0
2018-08-29 19:00:00,1205.48,1205.94,1204.36,1205.67,0
2018-08-29 20:00:00,1205.66,1206.43,1205.61,1206.33,0
2018-08-29 21:00:00,1206.34,1207.27,1206.24,1206.55,0
2018-08-29 23:00:00,1206.63,1206.97,1206.2,1206.39,0
2018-08-30 00:00:00,1206.4,1207.9,1206.33,1207.24,0
2018-08-30 01:00:00,1207.23,1207.33,1205.13,1206.51,0
2018-08-30 02:00:00,1206.49,1206.49,1204.53,1205.69,0
2018-08-30 03:00:00,1205.69,1206.19,1204.65,1204.84,0
2018-08-30 04:00:00,1204.87,1205.17,1203.53,1204.32,0
2018-08-30 05:00:00,1204.31,1204.4,1203.28,1203.79,0
2018-08-30 06:00:00,1203.79,1204.07,1200.47,1200.96,0
2018-08-30 07:00:00,1200.96,1203.29,1200.7,1202.88,0
2018-08-30 08:00:00,1202.88,1205.17,1202.31,1203.34,0
2018-08-30 09:00:00,1203.34,1203.73,1201.29,1202.69,0
2018-08-30 10:00:00,1202.68,1203.67,1201.48,1203.4,0
2018-08-30 11:00:00,1203.39,1205.46,1202.25,1204.21,0
2018-08-30 12:00:00,1204.22,1205.16,1203.03,1204.19,0
2018-08-30 13:00:00,1204.13,1206.84,1203.97,1205.31,0
2018-08-30 14:00:00,1205.31,1205.79,1196.28,1197.59,0
2018-08-30 15:00:00,1197.6,1201.61,1197.16,1200.51,0
2018-08-30 16:00:00,1200.51,1201.13,1198.45,1199.23,0
2018-08-30 17:00:00,1199.24,1199.66,1197.78,1199.28,0
2018-08-30 18:00:00,1199.3,1200.28,1198.7,1199.57,0
2018-08-30 19:00:00,1199.58,1200.96,1198.98,1200.18,0
2018-08-30 20:00:00,1200.18,1200.75,1199.4,1200.43,0
2018-08-30 21:00:00,1200.44,1200.54,1199.7,1199.83,0
2018-08-30 23:00:00,1200.34,1200.66,1199.78,1199.89,0
2018-08-31 00:00:00,1199.88,1200.36,1199.53,1199.95,0
2018-08-31 01:00:00,1199.95,1200.43,1198.61,1199.34,0
2018-08-31 02:00:00,1199.35,1203.07,1198.99,1202.46,0
2018-08-31 03:00:00,1202.46,1202.91,1201.5,1201.71,0
2018-08-31 04:00:00,1201.68,1202.86,1201.47,1202.73,0
2018-08-31 05:00:00,1202.75,1204.96,1202.69,1204.74,0
2018-08-31 06:00:00,1204.74,1205.73,1204.31,1205.21,0
2018-08-31 07:00:00,1205.19,1205.55,1203.36,1204.03,0
2018-08-31 08:00:00,1204.03,1208.41,1204.03,1208.04,0
2018-08-31 09:00:00,1208.03,1208.88,1205.3,1206.36,0
2018-08-31 10:00:00,1206.36,1207.33,1205.39,1207.23,0
2018-08-31 11:00:00,1207.23,1207.61,1205.65,1206.69,0
2018-08-31 12:00:00,1206.71,1206.74,1202.67,1204.01,0
2018-08-31 13:00:00,1204.0,1204.75,1202.36,1202.75,0
2018-08-31 14:00:00,1202.74,1203.29,1200.69,1202.73,0
2018-08-31 15:00:00,1202.73,1205.06,1202.04,1204.62,0
2018-08-31 16:00:00,1204.61,1204.88,1199.31,1200.21,0
2018-08-31 17:00:00,1200.2,1200.85,1198.75,1200.07,0
2018-08-31 18:00:00,1200.07,1202.17,1199.15,1202.17,0
2018-08-31 19:00:00,1202.17,1202.52,1198.28,1198.77,0
2018-08-31 20:00:00,1198.71,1200.31,1198.6,1199.39,0
2018-08-31 21:00:00,1199.4,1201.06,1199.15,1201.01,0
2018-09-02 23:00:00,1200.69,1200.71,1199.4,1199.73,0
2018-09-03 00:00:00,1199.74,1200.09,1198.79,1199.16,0
2018-09-03 01:00:00,1199.16,1199.43,1195.68,1197.46,0
2018-09-03 02:00:00,1197.39,1199.66,1195.74,1198.94,0
2018-09-03 03:00:00,1198.94,1200.67,1198.44,1199.61,0
2018-09-03 04:00:00,1199.62,1200.18,1198.53,1199.7,0
2018-09-03 05:00:00,1199.74,1199.92,1198.94,1199.91,0
2018-09-03 06:00:00,1199.91,1201.36,1199.69,1200.89,0
2018-09-03 07:00:00,1200.89,1201.8,1199.3,1199.31,0
2018-09-03 08:00:00,1199.31,1202.99,1199.04,1202.29,0
2018-09-03 09:00:00,1202.36,1203.88,1202.17,1203.18,0
2018-09-03 10:00:00,1203.15,1203.9,1200.55,1200.97,0
2018-09-03 11:00:00,1200.96,1201.93,1200.21,1201.63,0
2018-09-03 12:00:00,1201.69,1202.16,1199.58,1199.9,0
2018-09-03 13:00:00,1200.0,1201.58,1198.75,1200.46,0
2018-09-03 14:00:00,1200.45,1201.15,1199.91,1200.56,0
2018-09-03 15:00:00,1200.55,1202.32,1200.14,1201.81,0
2018-09-03 16:00:00,1201.82,1201.9,1200.86,1200.92,0
2018-09-03 17:00:00,1200.91,1201.55,1200.89,1201.23,0
2018-09-03 18:00:00,1201.21,1201.21,1200.98,1201.06,0
2018-09-03 23:00:00,1200.45,1201.56,1200.33,1201.05,0
2018-09-04 00:00:00,1201.1,1201.72,1200.66,1200.81,0
2018-09-04 01:00:00,1200.82,1201.37,1199.58,1199.87,0
2018-09-04 02:00:00,1199.88,1202.03,1199.13,1201.28,0
2018-09-04 03:00:00,1201.28,1201.62,1199.98,1200.09,0
2018-09-04 04:00:00,1200.08,1200.29,1199.22,1199.73,0
2018-09-04 05:00:00,1199.72,1200.01,1198.91,1199.82,0
2018-09-04 06:00:00,1199.83,1201.23,1199.62,1199.9,0
2018-09-04 07:00:00,1199.91,1199.92,1194.85,1195.5,0
2018-09-04 08:00:00,1195.5,1196.41,1193.97,1194.86,0
2018-09-04 09:00:00,1194.85,1196.27,1193.7,1195.77,0
2018-09-04 10:00:00,1195.77,1196.67,1194.78,1194.83,0
2018-09-04 11:00:00,1194.85,1195.95,1193.66,1194.49,0
2018-09-04 12:00:00,1194.44,1194.54,1191.74,1194.17,0
2018-09-04 13:00:00,1194.11,1195.6,1192.33,1194.59,0
2018-09-04 14:00:00,1194.66,1194.94,1190.41,1192.76,0
2018-09-04 15:00:00,1192.76,1192.85,1189.66,1192.29,0
2018-09-04 16:00:00,1192.3,1192.6,1190.96,1191.79,0
2018-09-04 17:00:00,1191.78,1194.64,1191.2,1193.29,0
2018-09-04 18:00:00,1193.29,1193.99,1192.1,1192.11,0
2018-09-04 19:00:00,1192.1,1193.01,1191.35,1192.88,0
2018-09-04 20:00:00,1192.88,1193.23,1191.95,1193.22,0
2018-09-04 21:00:00,1193.22,1193.41,1190.72,1191.41,0
2018-09-04 23:00:00,1191.41,1192.33,1190.93,1191.91,0
2018-09-05 00:00:00,1191.92,1192.28,1191.56,1192.05,0
2018-09-05 01:00:00,1192.05,1192.59,1190.9,1192.31,0
2018-09-05 02:00:00,1192.36,1193.93,1191.49,1193.67,0
2018-09-05 03:00:00,1193.66,1194.64,1193.07,1194.48,0
2018-09-05 04:00:00,1194.48,1194.48,1193.12,1193.63,0
2018-09-05 05:00:00,1193.62,1194.06,1193.24,1193.39,0
2018-09-05 06:00:00,1193.39,1193.81,1192.09,1193.62,0
2018-09-05 07:00:00,1193.62,1193.67,1191.93,1192.6,0
2018-09-05 08:00:00,1192.59,1195.92,1191.96,1193.3,0
2018-09-05 09:00:00,1193.29,1194.89,1192.74,1194.77,0
2018-09-05 10:00:00,1194.77,1195.5,1193.16,1193.44,0
2018-09-05 11:00:00,1193.44,1195.15,1193.25,1194.77,0
2018-09-05 12:00:00,1194.78,1195.16,1193.52,1193.64,0
2018-09-05 13:00:00,1193.63,1196.3,1193.54,1196.05,0
2018-09-05 14:00:00,1196.05,1198.08,1195.34,1197.36,0
2018-09-05 15:00:00,1197.37,1197.65,1195.22,1196.59,0
2018-09-05 16:00:00,1196.59,1198.43,1196.18,1196.77,0
2018-09-05 17:00:00,1196.78,1197.35,1195.28,1195.52,0
2018-09-05 18:00:00,1195.53,1196.87,1195.13,1195.65,0
2018-09-05 19:00:00,1195.64,1196.59,1195.62,1196.23,0
2018-09-05 20:00:00,1196.22,1197.04,1196.06,1197.01,0
2018-09-05 21:00:00,1197.0,1197.16,1196.06,1196.71,0
2018-09-05 23:00:00,1196.54,1197.24,1196.54,1197.03,0
2018-09-06 00:00:00,1197.01,1197.78,1196.73,1197.14,0
2018-09-06 01:00:00,1197.13,1199.95,1197.04,1198.9,0
2018-09-06 02:00:00,1198.88,1199.89,1198.01,1198.67,0
2018-09-06 03:00:00,1198.67,1199.74,1198.2,1199.17,0
2018-09-06 04:00:00,1199.17,1199.48,1197.92,1198.22,0
2018-09-06 05:00:00,1198.2,1198.61,1197.13,1197.48,0
2018-09-06 06:00:00,1197.47,1197.56,1195.84,1196.51,0
2018-09-06 07:00:00,1196.51,1197.8,1196.0,1197.38,0
2018-09-06 08:00:00,1197.38,1199.65,1196.77,1199.02,0
2018-09-06 09:00:00,1199.04,1203.25,1198.97,1202.97,0
2018-09-06 10:00:00,1202.96,1205.23,1202.2,1203.4,0
2018-09-06 11:00:00,1203.39,1205.99,1203.01,1205.49,0
2018-09-06 12:00:00,1205.49,1206.48,1204.8,1204.85,0
2018-09-06 13:00:00,1204.83,1206.68,1203.47,1203.86,0
2018-09-06 14:00:00,1203.86,1207.01,1202.64,1206.12,0
2018-09-06 15:00:00,1205.98,1205.98,1203.07,1203.91,0
2018-09-06 16:00:00,1203.88,1204.23,1196.76,1199.03,0
2018-09-06 17:00:00,1199.03,1199.7,1197.81,1198.9,0
2018-09-06 18:00:00,1198.9,1199.76,1198.31,1199.53,0
2018-09-06 19:00:00,1199.53,1201.22,1198.97,1199.95,0
2018-09-06 20:00:00,1199.95,1200.31,1199.02,1199.62,0
2018-09-06 21:00:00,1199.62,1200.48,1199.5,1200.07,0
2018-09-06 23:00:00,1199.92,1200.73,1199.6,1200.31,0
2018-09-07 00:00:00,1200.31,1201.4,1200.13,1201.17,0
2018-09-07 01:00:00,1201.19,1202.56,1200.83,1202.42,0
2018-09-07 02:00:00,1202.42,1203.54,1201.66,1202.35,0
2018-09-07 03:00:00,1202.34,1202.72,1201.27,1202.38,0
2018-09-07 04:00:00,1202.37,1203.0,1199.26,1200.55,0
2018-09-07 05:00:00,1200.54,1202.12,1200.31,1201.58,0
2018-09-07 06:00:00,1201.55,1201.92,1200.2,1200.69,0
2018-09-07 07:00:00,1200.65,1202.09,1199.33,1200.85,0
2018-09-07 08:00:00,1200.85,1201.21,1198.34,1199.8,0
2018-09-07 09:00:00,1199.8,1201.84,1199.54,1200.9,0
2018-09-07 10:00:00,1200.87,1201.75,1199.62,1200.32,0
2018-09-07 11:00:00,1200.32,1202.2,1199.95,1201.75,0
2018-09-07 12:00:00,1201.8,1202.31,1200.39,1201.32,0
2018-09-07 13:00:00,1201.31,1202.11,1194.06,1194.56,0
2018-09-07 14:00:00,1194.56,1200.27,1193.48,1198.53,0
2018-09-07 15:00:00,1198.56,1199.88,1196.25,1197.72,0
2018-09-07 16:00:00,1197.7,1198.79,1197.02,1197.1,0
2018-09-07 17:00:00,1197.11,1198.04,1195.07,1196.03,0
2018-09-07 18:00:00,1196.03,1196.26,1193.73,1195.66,0
2018-09-07 19:00:00,1195.66,1196.79,1195.12,1196.12,0
2018-09-07 20:00:00,1196.11,1196.48,1195.43,1196.2,0
2018-09-07 21:00:00,1196.19,1196.6,1195.55,1195.78,0
2018-09-09 23:00:00,1195.1,1196.68,1194.91,1195.1,0
2018-09-10 00:00:00,1195.11,1196.37,1195.01,1196.2,0
2018-09-10 01:00:00,1196.17,1196.34,1194.14,1195.54,0
2018-09-10 02:00:00,1195.53,1196.34,1194.19,1194.28,0
2018-09-10 03:00:00,1194.31,1195.28,1194.03,1194.49,0
2018-09-10 04:00:00,1194.49,1195.49,1194.31,1194.42,0
2018-09-10 05:00:00,1194.41,1194.42,1192.52,1193.19,0
2018-09-10 06:00:00,1193.22,1193.36,1191.73,1192.53,0
2018-09-10 07:00:00,1192.52,1194.08,1192.07,1193.06,0
2018-09-10 08:00:00,1193.06,1196.13,1192.32,1195.34,0
2018-09-10 09:00:00,1195.35,1196.03,1193.92,1194.71,0
2018-09-10 10:00:00,1194.69,1195.91,1193.8,1194.28,0
2018-09-10 11:00:00,1194.28,1195.22,1193.07,1194.28,0
2018-09-10 12:00:00,1194.27,1194.51,1192.0,1192.75,0
2018-09-10 13:00:00,1192.82,1195.96,1191.57,1195.79,0
2018-09-10 14:00:00,1195.78,1197.76,1195.48,1196.57,0
2018-09-10 15:00:00,1196.56,1198.54,1196.53,1197.07,0
2018-09-10 16:00:00,1197.07,1197.52,1196.11,1196.79,0
2018-09-10 17:00:00,1196.82,1197.12,1195.81,1196.38,0
2018-09-10 18:00:00,1196.42,1196.66,1193.79,1195.75,0
2018-09-10 19:00:00,1195.74,1196.48,1195.45,1195.86,0
2018-09-10 20:00:00,1195.84,1196.11,1194.78,1195.47,0
2018-09-10 21:00:00,1195.46,1195.9,1195.35,1195.83,0
2018-09-10 23:00:00,1194.96,1195.99,1194.81,1195.56,0
2018-09-11 00:00:00,1195.6,1195.97,1194.96,1195.08,0
2018-09-11 01:00:00,1195.08,1196.24,1194.26,1194.34,0
2018-09-11 02:00:00,1194.35,1195.16,1193.79,1194.08,0
2018-09-11 03:00:00,1194.09,1194.32,1193.12,1193.93,0
2018-09-11 04:00:00,1193.92,1194.55,1193.67,1194.01,0
2018-09-11 05:00:00,1194.03,1194.19,1193.69,1194.01,0
2018-09-11 06:00:00,1194.0,1195.69,1193.4,1195.33,0
2018-09-11 07:00:00,1195.32,1196.73,1194.85,1195.88,0
2018-09-11 08:00:00,1195.88,1197.19,1195.56,1196.01,0
2018-09-11 09:00:00,1196.01,1196.82,1194.17,1194.98,0
2018-09-11 10:00:00,1194.98,1195.07,1193.4,1193.45,0
2018-09-11 11:00:00,1193.47,1194.64,1193.09,1194.2,0
2018-09-11 12:00:00,1194.2,1195.06,1193.69,1194.26,0
2018-09-11 13:00:00,1194.28,1194.35,1187.83,1188.89,0
2018-09-11 14:00:00,1188.92,1190.38,1187.75,1188.57,0
2018-09-11 15:00:00,1188.56,1192.43,1188.35,1191.91,0
2018-09-11 16:00:00,1191.9,1196.08,1190.49,1195.69,0
2018-09-11 17:00:00,1195.71,1197.17,1195.2,1195.57,0
2018-09-11 18:00:00,1195.55,1197.76,1195.04,1197.43,0
2018-09-11 19:00:00,1197.44,1197.76,1195.59,1196.13,0
2018-09-11 20:00:00,1196.14,1196.72,1195.95,1196.18,0
2018-09-11 21:00:00,1196.21,1199.4,1196.21,1198.64,0
2018-09-11 23:00:00,1198.02,1198.58,1197.63,1197.76,0
2018-09-12 00:00:00,1197.71,1198.52,1197.02,1197.08,0
2018-09-12 01:00:00,1197.02,1198.28,1196.82,1196.97,0
2018-09-12 02:00:00,1196.96,1197.0,1194.46,1194.56,0
2018-09-12 03:00:00,1194.57,1195.2,1193.95,1194.45,0
2018-09-12 04:00:00,1194.46,1194.85,1193.54,1194.15,0
2018-09-12 05:00:00,1194.15,1194.37,1192.76,1193.72,0
2018-09-12 06:00:00,1193.72,1194.69,1193.01,1194.5,0
2018-09-12 07:00:00,1194.5,1195.64,1193.42,1193.43,0
2018-09-12 08:00:00,1193.4,1196.57,1192.72,1196.36,0
2018-09-12 09:00:00,1196.36,1196.6,1194.35,1195.57,0
2018-09-12 10:00:00,1195.57,1197.76,1194.75,1197.04,0
2018-09-12 11:00:00,1197.01,1197.25,1195.41,1195.56,0
2018-09-12 12:00:00,1195.55,1196.3,1193.27,1194.1,0
2018-09-12 13:00:00,1194.1,1195.58,1193.0,1194.46,0
2018-09-12 14:00:00,1194.46,1196.52,1194.26,1196.12,0
2018-09-12 15:00:00,1196.11,1198.0,1195.76,1197.94,0
2018-09-12 16:00:00,1197.94,1204.34,1196.59,1202.33,0
2018-09-12 17:00:00,1202.32,1204.67,1202.31,1204.03,0
2018-09-12 18:00:00,1204.03,1207.89,1203.94,1207.34,0
2018-09-12 19:00:00,1207.3,1208.5,1207.21,1208.03,0
2018-09-12 20:00:00,1208.02,1208.17,1205.37,1206.19,0
2018-09-12 21:00:00,1206.18,1206.45,1205.91,1206.15,0
2018-09-12 23:00:00,1206.96,1207.2,1206.08,1206.38,0
2018-09-13 00:00:00,1206.44,1206.8,1206.06,1206.22,0
2018-09-13 01:00:00,1206.21,1207.24,1205.14,1205.97,0
2018-09-13 02:00:00,1205.96,1206.94,1204.82,1205.26,0
2018-09-13 03:00:00,1205.27,1205.36,1204.04,1204.66,0
2018-09-13 04:00:00,1204.67,1205.72,1204.33,1205.68,0
2018-09-13 05:00:00,1205.68,1206.08,1204.28,1204.39,0
2018-09-13 06:00:00,1204.4,1205.05,1203.8,1204.13,0
2018-09-13 07:00:00,1204.07,1205.57,1204.02,1204.54,0
2018-09-13 08:00:00,1204.53,1206.77,1203.41,1205.58,0
2018-09-13 09:00:00,1205.58,1207.25,1205.49,1206.0,0
2018-09-13 10:00:00,1205.99,1206.81,1205.55,1205.67,0
2018-09-13 11:00:00,1205.67,1205.97,1204.19,1205.25,0
2018-09-13 12:00:00,1205.24,1206.56,1204.69,1206.0,0
2018-09-13 13:00:00,1206.0,1210.16,1205.34,1209.78,0
2018-09-13 14:00:00,1209.77,1212.67,1209.77,1210.35,0
2018-09-13 15:00:00,1210.35,1210.57,1201.52,1203.22,0
2018-09-13 16:00:00,1203.24,1204.84,1201.97,1202.87,0
2018-09-13 17:00:00,1202.88,1204.34,1202.03,1203.55,0
2018-09-13 18:00:00,1203.54,1204.17,1201.58,1201.8,0
2018-09-13 19:00:00,1201.77,1202.32,1200.21,1202.1,0
2018-09-13 20:00:00,1202.1,1202.12,1200.3,1202.04,0
2018-09-13 21:00:00,1202.05,1202.35,1201.29,1201.41,0
2018-09-13 23:00:00,1201.42,1202.83,1201.19,1202.29,0
2018-09-14 00:00:00,1202.32,1202.87,1202.06,1202.18,0
2018-09-14 01:00:00,1202.15,1203.26,1202.04,1202.99,0
2018-09-14 02:00:00,1202.99,1204.17,1202.92,1203.98,0
2018-09-14 03:00:00,1203.98,1204.73,1203.74,1204.6,0
2018-09-14 04:00:00,1204.61,1205.84,1204.57,1205.39,0
2018-09-14 05:00:00,1205.38,1205.55,1204.2,1205.17,0
2018-09-14 06:00:00,1205.18,1205.66,1204.61,1204.81,0
2018-09-14 07:00:00,1204.83,1206.72,1204.68,1205.98,0
2018-09-14 08:00:00,1205.98,1208.58,1204.69,1207.7,0
2018-09-14 09:00:00,1207.65,1208.2,1206.41,1206.89,0
2018-09-14 10:00:00,1206.89,1207.73,1205.91,1206.08,0
2018-09-14 11:00:00,1206.03,1206.66,1205.42,1206.64,0
2018-09-14 12:00:00,1206.58,1207.25,1204.28,1204.6,0
2018-09-14 13:00:00,1204.6,1206.92,1201.36,1202.05,0
2018-09-14 14:00:00,1202.05,1203.38,1200.92,1201.55,0
2018-09-14 15:00:00,1201.55,1202.32,1197.27,1198.66,0
2018-09-14 16:00:00,1198.66,1198.79,1195.87,1197.11,0
2018-09-14 17:00:00,1197.12,1197.19,1194.19,1195.42,0
2018-09-14 19:00:00,1195.42,1195.49,1194.57,1194.73,0
2018-09-14 20:00:00,1194.73,1195.17,1193.83,1194.03,0
2018-09-14 21:00:00,1194.03,1194.51,1193.29,1193.69,0
2018-09-16 23:00:00,1194.24,1194.8,1193.1,1194.24,0
2018-09-17 00:00:00,1194.25,1194.47,1193.11,1193.46,0
2018-09-17 01:00:00,1193.51,1193.96,1192.84,1193.88,0
2018-09-17 02:00:00,1193.87,1195.42,1193.85,1194.35,0
2018-09-17 03:00:00,1194.35,1195.36,1193.8,1195.33,0
2018-09-17 04:00:00,1195.34,1195.89,1194.94,1195.3,0
2018-09-17 05:00:00,1195.3,1195.73,1194.07,1194.99,0
2018-09-17 06:00:00,1194.99,1196.11,1194.36,1195.96,0
2018-09-17 07:00:00,1195.94,1196.55,1195.52,1195.7,0
2018-09-17 08:00:00,1195.72,1197.36,1194.91,1196.82,0
2018-09-17 09:00:00,1196.82,1197.27,1195.96,1196.95,0
2018-09-17 10:00:00,1196.94,1197.62,1196.46,1197.53,0
2018-09-17 11:00:00,1197.53,1198.67,1196.93,1197.81,0
2018-09-17 12:00:00,1197.82,1197.89,1196.22,1197.61,0
2018-09-17 13:00:00,1197.6,1200.09,1197.49,1199.42,0
2018-09-17 14:00:00,1199.42,1201.97,1198.78,1201.37,0
2018-09-17 15:00:00,1201.38,1204.83,1201.26,1203.49,0
2018-09-17 16:00:00,1203.48,1204.24,1202.25,1203.0,0
2018-09-17 17:00:00,1203.01,1203.11,1201.8,1202.55,0
2018-09-17 18:00:00,1202.55,1202.73,1200.63,1201.24,0
2018-09-17 19:00:00,1201.23,1202.08,1200.03,1200.97,0
2018-09-17 20:00:00,1200.98,1201.35,1199.93,1200.51,0
2018-09-17 21:00:00,1200.5,1201.39,1200.32,1201.34,0
2018-09-17 23:00:00,1201.29,1201.85,1199.56,1199.56,0
2018-09-18 00:00:00,1199.57,1199.98,1197.75,1198.45,0
2018-09-18 01:00:00,1198.44,1199.62,1198.39,1198.92,0
2018-09-18 02:00:00,1198.93,1199.22,1197.06,1198.03,0
2018-09-18 03:00:00,1198.03,1198.45,1197.16,1197.56,0
2018-09-18 04:00:00,1197.54,1199.79,1197.52,1198.96,0
2018-09-18 05:00:00,1198.95,1199.36,1198.14,1198.32,0
2018-09-18 06:00:00,1198.31,1200.13,1197.89,1199.89,0
2018-09-18 07:00:00,1199.89,1200.81,1199.08,1199.42,0
2018-09-18 08:00:00,1199.42,1199.42,1195.9,1197.58,0
2018-09-18 09:00:00,1197.57,1199.44,1197.57,1198.94,0
2018-09-18 10:00:00,1198.94,1200.07,1198.84,1199.15,0
2018-09-18 11:00:00,1199.16,1200.35,1198.38,1200.15,0
2018-09-18 12:00:00,1200.15,1203.08,1200.03,1202.25,0
2018-09-18 13:00:00,1202.26,1202.36,1199.52,1201.11,0
2018-09-18 14:00:00,1201.1,1203.58,1200.63,1201.78,0
2018-09-18 15:00:00,1201.77,1201.86,1197.72,1200.08,0
2018-09-18 16:00:00,1200.06,1200.42,1198.48,1199.22,0
2018-09-18 17:00:00,1199.23,1199.7,1198.12,1198.37,0
2018-09-18 18:00:00,1198.38,1199.3,1197.34,1198.35,0
2018-09-18 19:00:00,1198.36,1198.67,1197.07,1197.81,0
2018-09-18 20:00:00,1197.81,1198.43,1196.96,1198.37,0
2018-09-18 21:00:00,1198.37,1198.64,1198.11,1198.26,0
2018-09-18 23:00:00,1197.13,1199.51,1197.13,1199.21,0
2018-09-19 00:00:00,1199.21,1199.81,1198.93,1199.56,0
2018-09-19 01:00:00,1199.57,1199.92,1198.94,1199.05,0
2018-09-19 02:00:00,1199.06,1199.34,1198.19,1198.57,0
2018-09-19 03:00:00,1198.56,1199.77,1198.55,1199.35,0
2018-09-19 04:00:00,1199.33,1201.13,1199.33,1201.12,0
2018-09-19 05:00:00,1201.12,1202.52,1200.81,1202.0,0
2018-09-19 06:00:00,1202.0,1204.13,1201.96,1203.86,0
2018-09-19 07:00:00,1203.86,1203.92,1202.14,1202.43,0
2018-09-19 08:00:00,1202.43,1204.65,1202.25,1203.03,0
2018-09-19 09:00:00,1203.03,1204.29,1202.49,1203.0,0
2018-09-19 10:00:00,1202.98,1203.5,1202.15,1202.85,0
2018-09-19 11:00:00,1202.86,1203.87,1202.67,1202.99,0
2018-09-19 12:00:00,1202.95,1203.53,1202.27,1202.91,0
2018-09-19 13:00:00,1202.9,1206.23,1201.29,1205.29,0
2018-09-19 14:00:00,1205.29,1205.35,1201.36,1203.24,0
2018-09-19 15:00:00,1203.24,1204.24,1201.17,1203.49,0
2018-09-19 16:00:00,1203.49,1206.06,1202.74,1203.58,0
2018-09-19 17:00:00,1203.57,1204.74,1203.44,1204.22,0
2018-09-19 18:00:00,1204.22,1204.27,1202.52,1202.79,0
2018-09-19 19:00:00,1202.78,1204.1,1202.78,1203.83,0
2018-09-19 20:00:00,1203.84,1203.95,1202.9,1203.52,0
2018-09-19 21:00:00,1203.54,1204.02,1203.36,1203.92,0
2018-09-19 23:00:00,1204.0,1204.08,1203.48,1203.66,0
2018-09-20 00:00:00,1203.67,1204.19,1203.51,1203.97,0
2018-09-20 01:00:00,1203.98,1204.12,1203.11,1203.59,0
2018-09-20 02:00:00,1203.63,1205.95,1203.63,1205.79,0
2018-09-20 03:00:00,1205.78,1206.54,1205.45,1206.24,0
2018-09-20 04:00:00,1206.24,1206.62,1205.19,1205.2,0
2018-09-20 05:00:00,1205.21,1206.23,1205.2,1205.67,0
2018-09-20 06:00:00,1205.66,1205.87,1204.91,1205.43,0
2018-09-20 07:00:00,1205.42,1205.66,1202.12,1203.0,0
2018-09-20 08:00:00,1202.94,1203.95,1202.25,1202.31,0
2018-09-20 09:00:00,1202.31,1203.01,1201.41,1201.52,0
2018-09-20 10:00:00,1201.51,1203.32,1201.33,1202.8,0
2018-09-20 11:00:00,1202.8,1203.66,1202.21,1203.29,0
2018-09-20 12:00:00,1203.29,1205.78,1202.68,1205.63,0
2018-09-20 13:00:00,1205.64,1207.86,1205.15,1207.07,0
2018-09-20 14:00:00,1207.07,1207.69,1205.14,1206.31,0
2018-09-20 15:00:00,1206.33,1208.46,1203.54,1204.49,0
2018-09-20 16:00:00,1204.48,1204.99,1203.08,1203.65,0
2018-09-20 17:00:00,1203.67,1205.91,1203.41,1205.83,0
2018-09-20 18:00:00,1205.8,1206.92,1204.87,1205.96,0
2018-09-20 19:00:00,1205.94,1206.82,1205.05,1206.75,0
2018-09-20 20:00:00,1206.76,1207.92,1206.58,1207.21,0
2018-09-20 21:00:00,1207.2,1207.55,1206.93,1207.09,0
2018-09-20 23:00:00,1207.15,1207.42,1206.68,1206.85,0
2018-09-21 00:00:00,1206.84,1207.8,1206.74,1207.45,0
2018-09-21 01:00:00,1207.44,1210.07,1207.11,1209.41,0
2018-09-21 02:00:00,1209.41,1209.43,1208.11,1208.48,0
2018-09-21 03:00:00,1208.49,1208.71,1207.73,1208.13,0
2018-09-21 04:00:00,1208.14,1209.34,1208.1,1209.16,0
2018-09-21 05:00:00,1209.14,1209.43,1208.63,1209.38,0
2018-09-21 06:00:00,1209.38,1209.63,1208.74,1209.19,0
2018-09-21 07:00:00,1209.2,1210.29,1208.2,1209.66,0
2018-09-21 08:00:00,1209.6,1211.06,1208.41,1208.8,0
2018-09-21 09:00:00,1208.8,1209.26,1207.24,1208.78,0
2018-09-21 10:00:00,1208.77,1208.96,1207.42,1207.68,0
2018-09-21 11:00:00,1207.74,1208.17,1204.87,1205.13,0
2018-09-21 12:00:00,1205.13,1205.95,1204.2,1204.58,0
2018-09-21 13:00:00,1204.58,1205.26,1195.51,1195.93,0
2018-09-21 14:00:00,1195.95,1197.7,1191.85,1196.58,0
2018-09-21 15:00:00,1196.57,1201.21,1196.57,1199.85,0
2018-09-21 16:00:00,1199.81,1200.28,1195.43,1196.25,0
2018-09-21 17:00:00,1196.21,1198.56,1195.96,1197.26,0
2018-09-21 18:00:00,1197.26,1198.87,1196.01,1196.99,0
2018-09-21 19:00:00,1197.01,1197.16,1195.91,1197.14,0
2018-09-21 20:00:00,1197.14,1199.0,1197.07,1198.94,0
2018-09-21 21:00:00,1198.95,1199.63,1198.71,1199.58,0
2018-09-23 23:00:00,1198.85,1199.25,1197.73,1197.81,0
2018-09-24 00:00:00,1197.82,1198.55,1197.13,1198.0,0
2018-09-24 01:00:00,1198.0,1198.33,1196.36,1196.74,0
2018-09-24 02:00:00,1196.75,1197.4,1196.17,1196.32,0
2018-09-24 03:00:00,1196.31,1196.71,1195.91,1195.91,0
2018-09-24 04:00:00,1195.91,1197.21,1195.91,1196.88,0
2018-09-24 05:00:00,1196.92,1197.23,1196.56,1197.0,0
2018-09-24 06:00:00,1197.0,1198.04,1195.17,1195.48,0
2018-09-24 07:00:00,1195.48,1197.54,1194.46,1197.46,0
2018-09-24 08:00:00,1197.42,1198.8,1196.68,1197.5,0
2018-09-24 09:00:00,1197.49,1199.31,1197.24,1199.27,0
2018-09-24 10:00:00,1199.27,1199.32,1197.97,1198.85,0
2018-09-24 11:00:00,1198.85,1199.71,1198.45,1198.65,0
2018-09-24 12:00:00,1198.65,1200.41,1198.58,1199.82,0
2018-09-24 13:00:00,1199.84,1200.95,1198.08,1198.08,0
2018-09-24 14:00:00,1198.02,1204.09,1197.82,1202.59,0
2018-09-24 15:00:00,1202.59,1204.21,1201.45,1203.22,0
2018-09-24 16:00:00,1203.19,1203.79,1200.23,1201.57,0
2018-09-24 17:00:00,1201.58,1201.76,1200.3,1201.08,0
2018-09-24 18:00:00,1201.05,1201.05,1199.07,1199.7,0
2018-09-24 19:00:00,1199.7,1199.97,1198.94,1199.4,0
2018-09-24 20:00:00,1199.39,1199.74,1198.48,1198.87,0
2018-09-24 21:00:00,1198.91,1199.04,1198.63,1198.81,0
2018-09-24 23:00:00,1198.55,1199.34,1198.4,1199.09,0
2018-09-25 00:00:00,1199.09,1199.48,1198.55,1199.36,0
2018-09-25 01:00:00,1199.36,1199.36,1198.03,1198.32,0
2018-09-25 02:00:00,1198.31,1199.47,1198.24,1198.4,0
2018-09-25 03:00:00,1198.41,1198.97,1197.12,1198.92,0
2018-09-25 04:00:00,1198.92,1199.22,1198.39,1198.39,0
2018-09-25 05:00:00,1198.39,1199.32,1198.26,1198.66,0
2018-09-25 06:00:00,1198.66,1199.4,1198.55,1199.1,0
2018-09-25 07:00:00,1199.1,1200.52,1198.71,1200.22,0
2018-09-25 08:00:00,1200.2,1200.79,1198.68,1199.71,0
2018-09-25 09:00:00,1199.71,1200.27,1198.35,1199.83,0
2018-09-25 10:00:00,1199.81,1200.31,1199.47,1199.76,0
2018-09-25 11:00:00,1199.72,1200.88,1199.42,1200.11,0
2018-09-25 12:00:00,1200.1,1201.99,1200.0,1201.38,0
2018-09-25 13:00:00,1201.37,1202.2,1200.61,1200.88,0
2018-09-25 14:00:00,1200.87,1202.81,1200.3,1201.83,0
2018-09-25 15:00:00,1201.8,1203.24,1200.88,1202.29,0
2018-09-25 16:00:00,1202.28,1203.37,1200.66,1201.27,0
2018-09-25 17:00:00,1201.28,1201.91,1200.64,1201.03,0
2018-09-25 18:00:00,1201.02,1201.39,1200.03,1200.6,0
2018-09-25 19:00:00,1200.6,1201.64,1200.46,1201.35,0
2018-09-25 20:00:00,1201.35,1201.81,1200.58,1201.01,0
2018-09-25 21:00:00,1201.0,1201.33,1200.87,1201.15,0
2018-09-25 23:00:00,1200.81,1201.89,1200.77,1201.86,0
2018-09-26 00:00:00,1201.85,1201.97,1200.98,1201.27,0
2018-09-26 01:00:00,1201.27,1201.4,1200.11,1200.13,0
2018-09-26 02:00:00,1200.12,1201.54,1199.96,1201.44,0
2018-09-26 03:00:00,1201.48,1202.12,1201.14,1201.65,0
2018-09-26 04:00:00,1201.64,1202.34,1201.46,1201.79,0
2018-09-26 05:00:00,1201.86,1202.36,1201.67,1202.02,0
2018-09-26 06:00:00,1202.02,1202.49,1201.62,1201.9,0
2018-09-26 07:00:00,1201.87,1201.87,1199.55,1199.78,0
2018-09-26 08:00:00,1199.78,1201.51,1198.85,1200.15,0
2018-09-26 09:00:00,1200.16,1200.72,1199.1,1199.75,0
2018-09-26 10:00:00,1199.8,1199.8,1197.59,1198.18,0
2018-09-26 11:00:00,1198.17,1199.0,1197.66,1198.59,0
2018-09-26 12:00:00,1198.54,1199.32,1196.99,1197.47,0
2018-09-26 13:00:00,1197.46,1198.06,1194.23,1195.82,0
2018-09-26 14:00:00,1195.82,1197.44,1193.92,1196.37,0
2018-09-26 15:00:00,1196.36,1196.48,1193.75,1194.19,0
2018-09-26 16:00:00,1194.21,1195.06,1193.81,1194.73,0
2018-09-26 17:00:00,1194.77,1196.11,1193.95,1196.07,0
2018-09-26 18:00:00,1196.07,1197.82,1194.41,1196.18,0
2018-09-26 19:00:00,1196.12,1200.26,1190.55,1198.18,0
2018-09-26 20:00:00,1198.19,1199.27,1194.19,1194.59,0
2018-09-26 21:00:00,1194.69,1195.31,1194.14,1194.37,0
2018-09-26 23:00:00,1194.75,1195.36,1194.61,1195.31,0
2018-09-27 00:00:00,1195.27,1196.66,1195.2,1196.52,0
2018-09-27 01:00:00,1196.53,1197.18,1195.87,1196.4,0
2018-09-27 02:00:00,1196.41,1197.41,1195.43,1196.71,0
2018-09-27 03:00:00,1196.75,1197.7,1196.64,1197.4,0
2018-09-27 04:00:00,1197.41,1198.64,1197.4,1198.1,0
2018-09-27 05:00:00,1198.11,1198.39,1197.68,1198.12,0
2018-09-27 06:00:00,1198.13,1198.44,1195.25,1196.24,0
2018-09-27 07:00:00,1196.23,1196.29,1194.5,1195.07,0
2018-09-27 08:00:00,1195.07,1196.97,1194.5,1196.32,0
2018-09-27 09:00:00,1196.32,1196.89,1195.59,1196.59,0
2018-09-27 10:00:00,1196.59,1197.45,1195.75,1195.91,0
2018-09-27 11:00:00,1195.92,1196.21,1195.04,1195.58,0
2018-09-27 12:00:00,1195.57,1195.68,1192.93,1193.5,0
2018-09-27 13:00:00,1193.47,1193.87,1186.7,1187.09,0
2018-09-27 14:00:00,1187.09,1187.18,1183.32,1184.37,0
2018-09-27 15:00:00,1184.37,1187.88,1182.72,1183.05,0
2018-09-27 16:00:00,1183.04,1184.42,1181.9,1184.14,0
2018-09-27 17:00:00,1184.13,1184.97,1183.42,1184.21,0
2018-09-27 18:00:00,1184.21,1185.03,1182.98,1184.94,0
2018-09-27 19:00:00,1184.95,1185.39,1183.95,1184.91,0
2018-09-27 20:00:00,1184.9,1185.13,1183.87,1184.23,0
2018-09-27 21:00:00,1184.24,1184.3,1182.44,1182.76,0
2018-09-27 23:00:00,1182.71,1184.04,1182.42,1183.68,0
2018-09-28 00:00:00,1183.67,1184.01,1183.2,1183.62,0
2018-09-28 01:00:00,1183.62,1183.94,1183.05,1183.81,0
2018-09-28 02:00:00,1183.81,1184.8,1183.16,1184.56,0
2018-09-28 03:00:00,1184.55,1185.15,1184.23,1185.04,0
2018-09-28 04:00:00,1185.04,1185.22,1184.19,1185.01,0
2018-09-28 05:00:00,1185.04,1185.55,1183.06,1183.55,0
2018-09-28 06:00:00,1183.54,1184.5,1183.06,1184.26,0
2018-09-28 07:00:00,1184.3,1184.46,1181.63,1181.81,0
2018-09-28 08:00:00,1181.78,1183.14,1180.67,1182.71,0
2018-09-28 09:00:00,1182.71,1184.16,1182.68,1183.45,0
2018-09-28 10:00:00,1183.45,1184.73,1182.29,1184.55,0
2018-09-28 11:00:00,1184.55,1184.88,1182.83,1182.84,0
2018-09-28 12:00:00,1182.85,1183.56,1181.8,1183.38,0
2018-09-28 13:00:00,1183.39,1186.0,1182.49,1185.88,0
2018-09-28 14:00:00,1185.87,1187.47,1184.38,1187.18,0
2018-09-28 15:00:00,1187.2,1191.19,1186.72,1190.92,0
2018-09-28 16:00:00,1190.92,1193.59,1190.49,1192.58,0
2018-09-28 17:00:00,1192.59,1193.51,1191.66,1192.49,0
2018-09-28 18:00:00,1192.5,1193.84,1190.72,1192.69,0
2018-09-28 19:00:00,1192.68,1193.1,1191.62,1192.16,0
2018-09-28 20:00:00,1192.17,1193.07,1191.43,1191.76,0
2018-09-28 21:00:00,1191.79,1192.09,1191.05,1191.95,0
2018-09-30 23:00:00,1192.32,1192.41,1191.39,1191.49,0
2018-10-01 00:00:00,1191.5,1192.2,1190.71,1190.93,0
2018-10-01 01:00:00,1191.02,1191.24,1189.84,1190.05,0
2018-10-01 02:00:00,1190.04,1190.47,1188.13,1189.15,0
2018-10-01 03:00:00,1189.14,1189.72,1188.63,1188.91,0
2018-10-01 04:00:00,1188.91,1189.45,1188.45,1188.92,0
2018-10-01 05:00:00,1188.92,1188.99,1188.07,1188.48,0
2018-10-01 06:00:00,1188.45,1189.64,1188.19,1188.75,0
2018-10-01 07:00:00,1188.73,1189.24,1186.75,1187.6,0
2018-10-01 08:00:00,1187.59,1187.59,1185.82,1186.88,0
2018-10-01 09:00:00,1186.8,1187.99,1185.31,1185.89,0
2018-10-01 10:00:00,1185.89,1186.51,1184.63,1186.22,0
2018-10-01 11:00:00,1186.21,1187.22,1185.41,1186.27,0
2018-10-01 12:00:00,1186.22,1187.14,1184.9,1187.14,0
2018-10-01 13:00:00,1187.14,1192.12,1186.85,1191.07,0
2018-10-01 14:00:00,1191.07,1191.31,1186.74,1187.74,0
2018-10-01 15:00:00,1187.75,1189.62,1185.2,1187.86,0
2018-10-01 16:00:00,1187.82,1189.43,1187.5,1188.12,0
2018-10-01 17:00:00,1188.13,1190.21,1188.13,1188.96,0
2018-10-01 18:00:00,1188.95,1189.8,1187.82,1188.73,0
2018-10-01 19:00:00,1188.71,1189.79,1188.43,1189.48,0
2018-10-01 20:00:00,1189.49,1190.16,1189.35,1189.57,0
2018-10-01 21:00:00,1189.58,1189.84,1188.6,1188.74,0
2018-10-01 23:00:00,1188.77,1189.52,1188.46,1189.34,0
2018-10-02 00:00:00,1189.33,1190.14,1188.85,1189.05,0
2018-10-02 01:00:00,1189.05,1190.28,1188.77,1190.08,0
2018-10-02 02:00:00,1190.09,1191.48,1189.78,1190.09,0
2018-10-02 03:00:00,1190.09,1191.56,1189.88,1191.34,0
2018-10-02 04:00:00,1191.34,1191.8,1191.24,1191.42,0
2018-10-02 05:00:00,1191.41,1193.03,1191.36,1192.61,0
2018-10-02 06:00:00,1192.6,1192.78,1191.65,1192.04,0
2018-10-02 07:00:00,1192.0,1194.59,1191.55,1192.92,0
2018-10-02 08:00:00,1192.93,1194.47,1191.4,1193.14,0
2018-10-02 09:00:00,1193.12,1194.78,1192.92,1193.21,0
2018-10-02 10:00:00,1193.19,1193.22,1191.8,1192.48,0
2018-10-02 11:00:00,1192.46,1192.78,1189.14,1189.88,0
2018-10-02 12:00:00,1189.91,1192.23,1189.79,1190.75,0
2018-10-02 13:00:00,1190.75,1198.1,1190.57,1197.99,0
2018-10-02 14:00:00,1198.0,1204.76,1198.0,1203.67,0
2018-10-02 15:00:00,1203.66,1207.55,1203.55,1207.27,0
2018-10-02 16:00:00,1207.27,1208.27,1204.55,1204.8,0
2018-10-02 17:00:00,1204.8,1206.04,1203.43,1203.94,0
2018-10-02 18:00:00,1203.93,1204.32,1201.43,1201.72,0
2018-10-02 19:00:00,1201.71,1203.59,1201.55,1202.79,0
2018-10-02 20:00:00,1202.78,1203.56,1202.0,1203.27,0
2018-10-02 21:00:00,1203.26,1203.48,1202.76,1202.94,0
2018-10-02 23:00:00,1203.78,1204.82,1203.09,1204.6,0
2018-10-03 00:00:00,1204.6,1205.71,1204.12,1205.61,0
2018-10-03 01:00:00,1205.6,1207.58,1205.57,1206.04,0
2018-10-03 02:00:00,1206.05,1206.97,1205.48,1206.71,0
2018-10-03 03:00:00,1206.7,1208.3,1206.2,1207.07,0
2018-10-03 04:00:00,1207.07,1207.74,1206.74,1206.83,0
2018-10-03 05:00:00,1206.84,1207.32,1205.56,1205.97,0
2018-10-03 06:00:00,1205.97,1206.36,1205.41,1206.06,0
2018-10-03 07:00:00,1206.03,1206.04,1203.12,1203.52,0
2018-10-03 08:00:00,1203.51,1205.0,1202.92,1203.79,0
2018-10-03 09:00:00,1203.82,1203.94,1202.3,1203.78,0
2018-10-03 10:00:00,1203.76,1204.92,1202.38,1204.92,0
2018-10-03 11:00:00,1204.92,1205.2,1202.68,1202.93,0
2018-10-03 12:00:00,1202.94,1203.85,1201.86,1202.51,0
2018-10-03 13:00:00,1202.51,1203.4,1200.6,1202.52,0
2018-10-03 14:00:00,1202.49,1205.25,1202.18,1203.4,0
2018-10-03 15:00:00,1203.15,1203.88,1200.65,1201.31,0
2018-10-03 16:00:00,1201.31,1202.28,1198.1,1199.98,0
2018-10-03 17:00:00,1199.97,1200.34,1197.86,1198.69,0
2018-10-03 18:00:00,1198.68,1200.43,1197.99,1199.32,0
2018-10-03 19:00:00,1199.29,1199.41,1196.99,1198.37,0
2018-10-03 20:00:00,1198.37,1198.96,1197.88,1198.5,0
2018-10-03 21:00:00,1198.56,1198.95,1196.62,1197.28,0
2018-10-03 23:00:00,1197.47,1198.9,1197.35,1198.35,0
2018-10-04 00:00:00,1198.33,1198.64,1197.3,1197.98,0
2018-10-04 01:00:00,1197.95,1198.93,1197.85,1198.66,0
2018-10-04 02:00:00,1198.68,1198.69,1197.57,1197.96,0
2018-10-04 03:00:00,1197.96,1198.38,1196.44,1196.9,0
2018-10-04 04:00:00,1196.93,1197.04,1196.16,1196.49,0
2018-10-04 05:00:00,1196.5,1197.05,1196.01,1196.66,0
2018-10-04 06:00:00,1196.65,1198.69,1196.15,1198.21,0
2018-10-04 07:00:00,1198.22,1198.78,1196.69,1197.94,0
2018-10-04 08:00:00,1197.93,1200.5,1197.93,1200.06,0
2018-10-04 09:00:00,1200.07,1201.05,1198.7,1199.28,0
2018-10-04 10:00:00,1199.27,1200.07,1199.06,1199.27,0
2018-10-04 11:00:00,1199.26,1199.58,1198.01,1198.63,0
2018-10-04 12:00:00,1198.63,1202.96,1198.54,1202.23,0
2018-10-04 13:00:00,1202.24,1204.26,1200.44,1203.46,0
2018-10-04 14:00:00,1203.47,1204.5,1201.15,1203.14,0
2018-10-04 15:00:00,1203.13,1206.82,1202.1,1203.95,0
2018-10-04 16:00:00,1203.95,1204.47,1200.36,1201.16,0
2018-10-04 17:00:00,1201.17,1202.16,1197.51,1198.32,0
2018-10-04 18:00:00,1198.32,1198.85,1197.31,1198.61,0
2018-10-04 19:00:00,1198.62,1199.02,1196.93,1199.01,0
2018-10-04 20:00:00,1199.01,1200.67,1198.7,1199.36,0
2018-10-04 21:00:00,1199.37,1199.95,1199.27,1199.83,0
2018-10-04 23:00:00,1199.68,1200.04,1199.22,1199.68,0
2018-10-05 00:00:00,1199.69,1200.34,1198.69,1199.15,0
2018-10-05 01:00:00,1199.15,1199.48,1197.82,1198.97,0
2018-10-05 02:00:00,1198.94,1200.17,1198.5,1199.49,0
2018-10-05 03:00:00,1199.52,1199.6,1198.65,1199.33,0
2018-10-05 04:00:00,1199.33,1199.53,1198.41,1198.87,0
2018-10-05 05:00:00,1198.94,1199.05,1198.05,1198.41,0
2018-10-05 06:00:00,1198.41,1198.56,1197.52,1198.45,0
2018-10-05 07:00:00,1198.4,1199.79,1197.81,1198.62,0
2018-10-05 08:00:00,1198.6,1199.81,1197.29,1199.29,0
2018-10-05 09:00:00,1199.29,1199.73,1198.4,1199.17,0
2018-10-05 10:00:00,1199.17,1202.21,1198.25,1201.68,0
2018-10-05 11:00:00,1201.68,1202.6,1201.49,1202.17,0
2018-10-05 12:00:00,1202.13,1203.43,1202.03,1202.67,0
2018-10-05 13:00:00,1202.66,1204.79,1199.59,1204.35,0
2018-10-05 14:00:00,1204.34,1205.2,1201.25,1203.99,0
2018-10-05 15:00:00,1204.0,1205.84,1200.88,1202.09,0
2018-10-05 16:00:00,1202.09,1203.0,1200.72,1201.15,0
2018-10-05 17:00:00,1201.16,1202.47,1200.34,1201.37,0
2018-10-05 18:00:00,1201.35,1201.97,1200.74,1201.55,0
2018-10-05 19:00:00,1201.54,1203.79,1200.85,1203.76,0
2018-10-05 20:00:00,1203.76,1204.09,1202.8,1203.11,0
2018-10-05 21:00:00,1203.12,1203.98,1202.67,1202.91,0
2018-10-07 23:00:00,1203.09,1203.89,1203.0,1203.2,0
2018-10-08 00:00:00,1203.2,1204.03,1202.93,1203.84,0
2018-10-08 01:00:00,1203.85,1204.1,1202.2,1202.2,0
2018-10-08 02:00:00,1202.2,1202.2,1197.13,1197.44,0
2018-10-08 03:00:00,1197.46,1197.54,1195.33,1196.23,0
2018-10-08 04:00:00,1196.18,1197.04,1195.87,1196.72,0
2018-10-08 05:00:00,1196.72,1197.3,1196.06,1196.92,0
2018-10-08 06:00:00,1196.92,1197.28,1195.92,1196.73,0
2018-10-08 07:00:00,1196.73,1197.16,1195.46,1196.65,0
2018-10-08 08:00:00,1196.61,1196.98,1193.92,1193.99,0
2018-10-08 09:00:00,1193.99,1194.76,1193.02,1194.48,0
2018-10-08 10:00:00,1194.47,1195.08,1193.63,1193.87,0
2018-10-08 11:00:00,1193.88,1194.39,1193.49,1194.25,0
2018-10-08 12:00:00,1194.26,1194.62,1193.49,1194.37,0
2018-10-08 13:00:00,1194.38,1194.42,1184.17,1186.12,0
2018-10-08 14:00:00,1186.11,1187.94,1185.8,1186.2,0
2018-10-08 15:00:00,1186.2,1189.88,1185.67,1186.38,0
2018-10-08 16:00:00,1186.38,1186.58,1183.37,1185.71,0
2018-10-08 17:00:00,1185.72,1187.44,1185.69,1186.45,0
2018-10-08 18:00:00,1186.46,1186.79,1184.88,1186.62,0
2018-10-08 19:00:00,1186.62,1187.49,1186.21,1187.2,0
2018-10-08 20:00:00,1187.19,1188.98,1186.81,1188.94,0
2018-10-08 21:00:00,1188.93,1188.97,1187.8,1187.95,0
2018-10-08 23:00:00,1188.62,1188.93,1187.94,1188.04,0
2018-10-09 00:00:00,1188.04,1190.73,1187.93,1190.72,0
2018-10-09 01:00:00,1190.67,1191.22,1189.3,1189.82,0
2018-10-09 02:00:00,1189.83,1190.5,1189.16,1190.26,0
2018-10-09 03:00:00,1190.26,1190.87,1189.29,1190.13,0
2018-10-09 04:00:00,1190.13,1191.42,1189.98,1191.05,0
2018-10-09 05:00:00,1191.02,1191.93,1190.92,1191.33,0
2018-10-09 06:00:00,1191.33,1191.62,1190.72,1190.82,0
2018-10-09 07:00:00,1190.83,1190.86,1189.34,1190.08,0
2018-10-09 08:00:00,1190.07,1191.04,1188.49,1189.1,0
2018-10-09 09:00:00,1189.1,1190.34,1188.75,1189.98,0
2018-10-09 10:00:00,1189.99,1190.06,1186.79,1187.29,0
2018-10-09 11:00:00,1187.3,1187.35,1186.18,1186.93,0
2018-10-09 12:00:00,1186.92,1187.3,1185.13,1186.83,0
2018-10-09 13:00:00,1186.81,1188.43,1185.39,1186.54,0
2018-10-09 14:00:00,1186.58,1188.14,1183.33,1185.41,0
2018-10-09 15:00:00,1185.42,1189.04,1185.39,1187.87,0
2018-10-09 16:00:00,1187.85,1190.48,1187.48,1189.2,0
2018-10-09 17:00:00,1189.2,1189.75,1187.49,1188.13,0
2018-10-09 18:00:00,1188.12,1188.37,1187.12,1187.61,0
2018-10-09 19:00:00,1187.68,1189.87,1187.47,1189.35,0
2018-10-09 20:00:00,1189.34,1190.64,1188.91,1190.2,0
2018-10-09 21:00:00,1190.17,1190.19,1189.58,1189.71,0
2018-10-09 23:00:00,1189.47,1190.08,1188.98,1188.99,0
2018-10-10 00:00:00,1189.0,1190.5,1189.0,1189.9,0
2018-10-10 01:00:00,1189.88,1190.46,1189.44,1190.38,0
2018-10-10 02:00:00,1190.38,1191.37,1188.8,1189.74,0
2018-10-10 03:00:00,1189.72,1189.96,1188.72,1189.29,0
2018-10-10 04:00:00,1189.29,1190.38,1189.2,1189.54,0
2018-10-10 05:00:00,1189.53,1190.27,1189.36,1189.64,0
2018-10-10 06:00:00,1189.62,1190.72,1189.32,1190.36,0
2018-10-10 07:00:00,1190.36,1191.09,1189.39,1190.56,0
2018-10-10 08:00:00,1190.56,1190.97,1187.99,1188.87,0
2018-10-10 09:00:00,1188.87,1189.07,1186.43,1186.71,0
2018-10-10 10:00:00,1186.71,1187.5,1186.37,1186.77,0
2018-10-10 11:00:00,1186.77,1189.72,1186.67,1189.01,0
2018-10-10 12:00:00,1189.01,1189.59,1185.7,1186.39,0
2018-10-10 13:00:00,1186.41,1187.85,1185.36,1186.97,0
2018-10-10 14:00:00,1186.98,1189.42,1186.48,1188.5,0
2018-10-10 15:00:00,1188.5,1190.18,1186.34,1187.84,0
2018-10-10 16:00:00,1187.83,1189.82,1187.34,1189.4,0
2018-10-10 17:00:00,1189.41,1190.3,1188.74,1190.09,0
2018-10-10 18:00:00,1190.07,1190.77,1189.25,1190.7,0
2018-10-10 19:00:00,1190.68,1193.02,1190.15,1191.82,0
2018-10-10 20:00:00,1191.81,1193.67,1191.81,1193.01,0
2018-10-10 21:00:00,1193.0,1194.8,1192.58,1194.64,0
2018-10-10 23:00:00,1194.54,1194.86,1193.8,1193.98,0
2018-10-11 00:00:00,1193.9,1194.42,1193.77,1193.97,0
2018-10-11 01:00:00,1193.97,1195.13,1193.03,1193.18,0
2018-10-11 02:00:00,1193.18,1193.74,1191.3,1193.71,0
2018-10-11 03:00:00,1193.72,1194.06,1192.56,1192.81,0
2018-10-11 04:00:00,1192.82,1193.73,1192.62,1193.41,0
2018-10-11 05:00:00,1193.4,1193.76,1192.46,1193.08,0
2018-10-11 06:00:00,1193.15,1194.1,1192.77,1193.09,0
2018-10-11 07:00:00,1193.09,1194.69,1191.84,1194.07,0
2018-10-11 08:00:00,1194.06,1198.29,1193.63,1197.58,0
2018-10-11 09:00:00,1197.58,1198.52,1196.9,1198.2,0
2018-10-11 10:00:00,1198.21,1204.2,1197.63,1203.68,0
2018-10-11 11:00:00,1203.69,1205.68,1201.87,1203.69,0
2018-10-11 12:00:00,1203.69,1204.22,1202.83,1203.84,0
2018-10-11 13:00:00,1203.83,1210.42,1203.0,1208.57,0
2018-10-11 14:00:00,1208.56,1210.42,1205.13,1207.79,0
2018-10-11 15:00:00,1207.83,1216.71,1205.84,1215.94,0
2018-10-11 16:00:00,1215.94,1220.75,1214.96,1219.55,0
2018-10-11 17:00:00,1219.55,1220.75,1218.33,1219.78,0
2018-10-11 18:00:00,1219.76,1225.29,1219.69,1224.65,0
2018-10-11 19:00:00,1224.66,1226.34,1222.55,1224.17,0
2018-10-11 20:00:00,1224.13,1224.51,1220.29,1222.9,0
2018-10-11 21:00:00,1222.91,1225.31,1222.69,1224.2,0
2018-10-11 23:00:00,1224.13,1224.17,1222.64,1222.94,0
2018-10-12 00:00:00,1222.95,1223.33,1221.06,1221.38,0
2018-10-12 01:00:00,1221.34,1221.72,1220.17,1221.01,0
2018-10-12 02:00:00,1221.0,1221.3,1217.66,1218.04,0
2018-10-12 03:00:00,1218.07,1221.83,1217.84,1221.8,0
2018-10-12 04:00:00,1221.83,1222.16,1220.23,1220.38,0
2018-10-12 05:00:00,1220.37,1220.96,1219.3,1219.8,0
2018-10-12 06:00:00,1219.78,1221.37,1218.74,1218.99,0
2018-10-12 07:00:00,1218.98,1219.08,1215.87,1216.9,0
2018-10-12 08:00:00,1216.9,1219.59,1216.67,1218.62,0
2018-10-12 09:00:00,1218.61,1218.62,1216.26,1218.07,0
2018-10-12 10:00:00,1218.07,1220.55,1218.05,1220.34,0
2018-10-12 11:00:00,1220.4,1221.79,1219.9,1219.99,0
2018-10-12 12:00:00,1219.92,1222.29,1219.44,1221.67,0
2018-10-12 13:00:00,1221.67,1223.66,1218.77,1219.0,0
2018-10-12 14:00:00,1218.98,1222.93,1218.4,1221.65,0
2018-10-12 15:00:00,1221.66,1221.95,1217.11,1217.71,0
2018-10-12 16:00:00,1217.67,1220.2,1216.35,1219.69,0
2018-10-12 17:00:00,1219.7,1220.76,1217.53,1219.87,0
2018-10-12 18:00:00,1219.87,1220.49,1217.59,1218.26,0
2018-10-12 19:00:00,1218.24,1220.18,1217.32,1219.26,0
2018-10-12 20:00:00,1219.25,1219.8,1217.65,1217.95,0
2018-10-12 21:00:00,1217.94,1218.28,1217.49,1218.08,0
2018-10-14 23:00:00,1217.36,1219.34,1216.89,1218.94,0
2018-10-15 00:00:00,1218.94,1220.32,1218.94,1219.3,0
2018-10-15 01:00:00,1219.3,1221.67,1219.28,1220.99,0
2018-10-15 02:00:00,1220.99,1221.78,1220.4,1221.36,0
2018-10-15 03:00:00,1221.35,1221.8,1220.96,1221.42,0
2018-10-15 04:00:00,1221.42,1222.18,1220.8,1221.81,0
2018-10-15 05:00:00,1221.81,1222.44,1221.71,1222.06,0
2018-10-15 06:00:00,1222.06,1222.88,1221.32,1221.96,0
2018-10-15 07:00:00,1221.96,1224.91,1221.9,1224.91,0
2018-10-15 08:00:00,1224.9,1229.22,1224.5,1227.26,0
2018-10-15 09:00:00,1227.24,1230.56,1227.23,1230.47,0
2018-10-15 10:00:00,1230.46,1233.3,1230.05,1231.49,0
2018-10-15 11:00:00,1231.47,1231.87,1230.02,1231.8,0
2018-10-15 12:00:00,1231.8,1231.98,1228.63,1228.99,0
2018-10-15 13:00:00,1228.98,1232.05,1228.89,1230.58,0
2018-10-15 14:00:00,1230.57,1231.49,1224.2,1230.7,0
2018-10-15 15:00:00,1230.73,1230.92,1227.79,1228.33,0
2018-10-15 16:00:00,1228.32,1228.93,1226.17,1228.26,0
2018-10-15 17:00:00,1228.26,1228.97,1226.27,1227.03,0
2018-10-15 18:00:00,1227.03,1227.25,1225.01,1225.61,0
2018-10-15 19:00:00,1225.61,1227.19,1225.04,1226.0,0
2018-10-15 20:00:00,1226.0,1226.9,1224.97,1225.46,0
2018-10-15 21:00:00,1225.45,1227.42,1225.31,1226.86,0
2018-10-15 23:00:00,1226.77,1227.68,1226.68,1227.63,0
2018-10-16 00:00:00,1227.63,1227.72,1226.79,1226.83,0
2018-10-16 01:00:00,1226.82,1228.61,1226.56,1228.29,0
2018-10-16 02:00:00,1228.33,1228.58,1227.63,1228.01,0
2018-10-16 03:00:00,1228.01,1228.03,1225.72,1225.99,0
2018-10-16 04:00:00,1225.99,1226.68,1225.5,1226.64,0
2018-10-16 05:00:00,1226.66,1226.68,1225.77,1226.01,0
2018-10-16 06:00:00,1225.99,1226.4,1225.05,1225.54,0
2018-10-16 07:00:00,1225.51,1227.9,1225.47,1226.43,0
2018-10-16 08:00:00,1226.43,1229.78,1226.17,1229.43,0
2018-10-16 09:00:00,1229.41,1230.21,1228.64,1228.84,0
2018-10-16 10:00:00,1228.88,1229.2,1226.42,1228.46,0
2018-10-16 11:00:00,1228.47,1230.12,1227.91,1229.57,0
2018-10-16 12:00:00,1229.56,1230.41,1228.85,1230.05,0
2018-10-16 13:00:00,1230.05,1232.41,1228.28,1230.19,0
2018-10-16 14:00:00,1230.19,1232.45,1228.36,1231.21,0
2018-10-16 15:00:00,1231.22,1231.36,1228.86,1228.98,0
2018-10-16 16:00:00,1228.99,1229.31,1227.41,1228.33,0
2018-10-16 17:00:00,1228.34,1228.99,1228.16,1228.41,0
2018-10-16 18:00:00,1228.41,1229.07,1225.87,1226.09,0
2018-10-16 19:00:00,1226.1,1226.75,1225.4,1225.85,0
2018-10-16 20:00:00,1225.85,1226.72,1224.35,1224.86,0
2018-10-16 21:00:00,1224.84,1225.27,1223.39,1224.73,0
2018-10-16 23:00:00,1224.51,1225.62,1224.1,1225.38,0
2018-10-17 00:00:00,1225.38,1225.89,1224.98,1224.99,0
2018-10-17 01:00:00,1224.99,1225.81,1224.54,1225.2,0
2018-10-17 02:00:00,1225.23,1225.3,1223.57,1224.36,0
2018-10-17 03:00:00,1224.35,1224.35,1222.08,1222.54,0
2018-10-17 04:00:00,1222.53,1222.67,1221.64,1221.87,0
2018-10-17 05:00:00,1221.87,1222.68,1221.66,1222.06,0
2018-10-17 06:00:00,1222.07,1222.99,1220.67,1222.72,0
2018-10-17 07:00:00,1222.73,1223.65,1222.4,1223.48,0
2018-10-17 08:00:00,1223.47,1224.03,1221.77,1221.91,0
2018-10-17 09:00:00,1221.89,1228.17,1221.89,1227.26,0
2018-10-17 10:00:00,1227.26,1227.73,1226.54,1226.75,0
2018-10-17 11:00:00,1226.76,1227.97,1225.22,1225.37,0
2018-10-17 12:00:00,1225.37,1227.59,1224.99,1225.92,0
2018-10-17 13:00:00,1225.92,1227.56,1225.25,1227.13,0
2018-10-17 14:00:00,1227.14,1228.32,1225.06,1227.71,0
2018-10-17 15:00:00,1227.7,1229.54,1225.39,1226.07,0
2018-10-17 16:00:00,1226.1,1227.47,1226.05,1226.56,0
2018-10-17 17:00:00,1226.54,1227.47,1224.18,1224.56,0
2018-10-17 18:00:00,1224.59,1225.28,1223.39,1224.56,0
2018-10-17 19:00:00,1224.54,1224.76,1222.75,1222.92,0
2018-10-17 20:00:00,1222.92,1223.55,1222.77,1223.55,0
2018-10-17 21:00:00,1223.57,1223.9,1221.97,1222.22,0
2018-10-17 23:00:00,1221.98,1223.02,1221.81,1222.88,0
2018-10-18 00:00:00,1222.88,1223.63,1221.77,1222.28,0
2018-10-18 01:00:00,1222.29,1222.87,1221.54,1222.45,0
2018-10-18 02:00:00,1222.45,1223.84,1222.04,1222.14,0
2018-10-18 03:00:00,1222.13,1223.42,1221.83,1223.02,0
2018-10-18 04:00:00,1223.03,1223.96,1222.89,1223.66,0
2018-10-18 05:00:00,1223.69,1224.19,1223.22,1223.58,0
2018-10-18 06:00:00,1223.56,1223.82,1222.1,1222.9,0
2018-10-18 07:00:00,1222.89,1222.92,1218.72,1220.67,0
2018-10-18 08:00:00,1220.67,1223.21,1220.07,1222.59,0
2018-10-18 09:00:00,1222.59,1223.67,1221.46,1223.28,0
2018-10-18 10:00:00,1223.26,1224.67,1222.8,1223.24,0
2018-10-18 11:00:00,1223.25,1224.06,1222.46,1223.32,0
2018-10-18 12:00:00,1223.33,1224.87,1222.78,1224.6,0
2018-10-18 13:00:00,1224.59,1226.35,1222.9,1223.48,0
2018-10-18 14:00:00,1223.48,1224.57,1221.16,1222.89,0
2018-10-18 15:00:00,1222.89,1225.74,1222.87,1224.96,0
2018-10-18 16:00:00,1224.95,1230.16,1224.19,1229.4,0
2018-10-18 17:00:00,1229.4,1230.13,1227.6,1227.82,0
2018-10-18 18:00:00,1227.83,1228.01,1225.88,1227.43,0
2018-10-18 19:00:00,1227.44,1227.52,1225.98,1226.41,0
2018-10-18 20:00:00,1226.4,1226.92,1224.58,1225.09,0
2018-10-18 21:00:00,1225.1,1226.06,1225.05,1225.75,0
2018-10-18 23:00:00,1225.54,1226.17,1225.25,1225.56,0
2018-10-19 00:00:00,1225.58,1226.42,1225.53,1225.87,0
2018-10-19 01:00:00,1225.89,1226.41,1225.18,1225.43,0
2018-10-19 02:00:00,1225.46,1228.77,1225.42,1227.71,0
2018-10-19 03:00:00,1227.71,1227.9,1226.31,1227.73,0
2018-10-19 04:00:00,1227.74,1228.23,1226.94,1227.27,0
2018-10-19 05:00:00,1227.28,1227.95,1226.84,1227.44,0
2018-10-19 06:00:00,1227.44,1229.23,1227.24,1228.76,0
2018-10-19 07:00:00,1228.77,1229.52,1227.75,1227.78,0
2018-10-19 08:00:00,1227.75,1227.95,1223.15,1226.91,0
2018-10-19 09:00:00,1226.91,1226.93,1225.67,1226.49,0
2018-10-19 10:00:00,1226.47,1228.66,1226.39,1228.45,0
2018-10-19 11:00:00,1228.45,1229.08,1227.46,1227.47,0
2018-10-19 12:00:00,1227.45,1228.39,1226.01,1228.37,0
2018-10-19 13:00:00,1228.37,1230.83,1227.54,1228.3,0
2018-10-19 14:00:00,1228.27,1229.26,1226.32,1228.05,0
2018-10-19 15:00:00,1228.04,1228.28,1226.77,1227.62,0
2018-10-19 16:00:00,1227.62,1227.95,1226.06,1226.85,0
2018-10-19 17:00:00,1226.78,1228.28,1226.16,1227.39,0
2018-10-19 18:00:00,1227.4,1227.75,1225.55,1226.3,0
2018-10-19 19:00:00,1226.29,1226.99,1225.71,1226.09,0
2018-10-19 20:00:00,1226.09,1226.71,1225.72,1226.41,0
2018-10-19 21:00:00,1226.41,1226.88,1226.26,1226.26,0
2018-10-21 23:00:00,1227.32,1228.21,1226.63,1227.21,0
2018-10-22 00:00:00,1227.26,1227.66,1226.76,1227.37,0
2018-10-22 01:00:00,1227.36,1229.59,1226.84,1227.22,0
2018-10-22 02:00:00,1227.22,1227.93,1226.26,1227.47,0
2018-10-22 03:00:00,1227.48,1228.32,1227.43,1227.88,0
2018-10-22 04:00:00,1227.86,1228.37,1227.21,1228.25,0
2018-10-22 05:00:00,1228.25,1228.37,1227.57,1227.67,0
2018-10-22 06:00:00,1227.66,1228.17,1226.49,1226.82,0
2018-10-22 07:00:00,1226.83,1227.47,1225.79,1226.29,0
2018-10-22 08:00:00,1226.29,1227.85,1225.29,1225.64,0
2018-10-22 09:00:00,1225.64,1225.73,1222.65,1223.46,0
2018-10-22 10:00:00,1223.46,1223.93,1222.31,1222.68,0
2018-10-22 11:00:00,1222.68,1224.52,1222.58,1223.36,0
2018-10-22 12:00:00,1223.36,1223.72,1222.59,1222.71,0
2018-10-22 13:00:00,1222.69,1224.5,1221.46,1223.0,0
2018-10-22 14:00:00,1222.99,1223.68,1220.47,1222.16,0
2018-10-22 15:00:00,1222.17,1222.56,1220.11,1221.2,0
2018-10-22 16:00:00,1221.19,1222.51,1220.41,1221.47,0
2018-10-22 17:00:00,1221.48,1222.56,1221.09,1222.24,0
2018-10-22 18:00:00,1222.25,1222.87,1221.6,1222.75,0
2018-10-22 19:00:00,1222.76,1223.69,1221.53,1221.57,0
2018-10-22 20:00:00,1221.58,1222.8,1221.54,1222.8,0
2018-10-22 21:00:00,1222.79,1222.96,1221.98,1222.0,0
2018-10-22 23:00:00,1221.77,1222.37,1221.71,1221.87,0
2018-10-23 00:00:00,1221.86,1222.53,1221.74,1222.37,0
2018-10-23 01:00:00,1222.39,1223.37,1221.93,1222.63,0
2018-10-23 02:00:00,1222.62,1224.25,1222.3,1223.81,0
2018-10-23 03:00:00,1223.8,1224.49,1223.5,1223.55,0
2018-10-23 04:00:00,1223.55,1224.35,1223.41,1223.69,0
2018-10-23 05:00:00,1223.71,1224.19,1223.38,1223.96,0
2018-10-23 06:00:00,1223.94,1225.17,1223.76,1224.91,0
2018-10-23 07:00:00,1224.91,1229.77,1223.95,1229.55,0
2018-10-23 08:00:00,1229.53,1232.61,1229.47,1232.13,0
2018-10-23 09:00:00,1232.13,1236.26,1232.13,1235.68,0
2018-10-23 10:00:00,1235.68,1236.64,1234.36,1234.68,0
2018-10-23 11:00:00,1234.67,1235.03,1233.71,1234.45,0
2018-10-23 12:00:00,1234.45,1238.42,1233.96,1236.84,0
2018-10-23 13:00:00,1236.83,1239.78,1236.74,1237.96,0
2018-10-23 14:00:00,1237.96,1239.28,1234.62,1236.88,0
2018-10-23 15:00:00,1236.89,1237.21,1231.34,1232.22,0
2018-10-23 16:00:00,1232.22,1234.37,1231.72,1233.43,0
2018-10-23 17:00:00,1233.45,1233.73,1229.8,1231.05,0
2018-10-23 18:00:00,1231.05,1234.0,1230.56,1233.39,0
2018-10-23 19:00:00,1233.37,1233.61,1230.08,1230.37,0
2018-10-23 20:00:00,1230.35,1231.31,1229.87,1230.11,0
2018-10-23 21:00:00,1230.14,1230.76,1229.96,1230.11,0
2018-10-23 23:00:00,1230.3,1231.95,1230.3,1231.76,0
2018-10-24 00:00:00,1231.76,1232.05,1230.65,1230.95,0
2018-10-24 01:00:00,1230.97,1232.27,1230.92,1231.14,0
2018-10-24 02:00:00,1231.14,1233.54,1231.01,1232.61,0
2018-10-24 03:00:00,1232.62,1233.64,1232.56,1233.12,0
2018-10-24 04:00:00,1233.11,1233.14,1231.32,1231.34,0
2018-10-24 05:00:00,1231.35,1232.62,1231.1,1231.93,0
2018-10-24 06:00:00,1231.91,1233.42,1231.57,1233.23,0
2018-10-24 07:00:00,1233.26,1233.33,1230.01,1231.35,0
2018-10-24 08:00:00,1231.35,1233.35,1230.33,1231.7,0
2018-10-24 09:00:00,1231.69,1232.21,1229.57,1230.76,0
2018-10-24 10:00:00,1230.72,1231.6,1230.31,1230.48,0
2018-10-24 11:00:00,1230.48,1231.4,1229.86,1230.66,0
2018-10-24 12:00:00,1230.66,1231.11,1227.89,1227.91,0
2018-10-24 13:00:00,1227.88,1229.58,1225.66,1229.37,0
2018-10-24 14:00:00,1229.37,1232.12,1229.24,1230.71,0
2018-10-24 15:00:00,1230.82,1233.08,1230.26,1230.43,0
2018-10-24 16:00:00,1230.47,1231.72,1227.9,1228.53,0
2018-10-24 17:00:00,1228.51,1229.77,1227.58,1227.81,0
2018-10-24 18:00:00,1227.83,1230.68,1227.39,1230.56,0
2018-10-24 19:00:00,1230.56,1231.97,1229.72,1230.25,0
2018-10-24 20:00:00,1230.28,1233.27,1230.08,1232.69,0
2018-10-24 21:00:00,1232.69,1234.25,1231.85,1234.04,0
2018-10-24 23:00:00,1233.65,1234.59,1233.38,1233.65,0
2018-10-25 00:00:00,1233.65,1235.3,1233.09,1235.26,0
2018-10-25 01:00:00,1235.27,1236.72,1235.17,1235.67,0
2018-10-25 02:00:00,1235.68,1237.93,1235.08,1236.77,0
2018-10-25 03:00:00,1236.75,1237.24,1236.16,1236.61,0
2018-10-25 04:00:00,1236.58,1237.82,1236.58,1237.41,0
2018-10-25 05:00:00,1237.42,1237.89,1236.33,1236.94,0
2018-10-25 06:00:00,1236.94,1237.8,1236.27,1237.68,0
2018-10-25 07:00:00,1237.67,1239.24,1234.89,1235.45,0
2018-10-25 08:00:00,1235.4,1235.5,1230.15,1231.97,0
2018-10-25 09:00:00,1231.97,1233.69,1231.21,1232.93,0
2018-10-25 10:00:00,1232.92,1233.11,1231.74,1231.75,0
2018-10-25 11:00:00,1231.75,1233.29,1231.72,1233.29,0
2018-10-25 12:00:00,1233.29,1233.39,1231.61,1232.04,0
2018-10-25 13:00:00,1232.04,1233.19,1230.62,1233.19,0
2018-10-25 14:00:00,1233.18,1235.48,1229.87,1230.82,0
2018-10-25 15:00:00,1230.81,1231.43,1228.41,1229.54,0
2018-10-25 16:00:00,1229.54,1231.12,1228.32,1229.78,0
2018-10-25 17:00:00,1229.77,1230.7,1229.33,1230.12,0
2018-10-25 18:00:00,1230.12,1230.68,1228.41,1229.36,0
2018-10-25 19:00:00,1229.38,1229.96,1228.14,1229.02,0
2018-10-25 20:00:00,1229.02,1230.54,1228.78,1230.2,0
2018-10-25 21:00:00,1230.24,1232.37,1230.21,1232.1,0
2018-10-25 23:00:00,1232.09,1232.57,1231.63,1231.66,0
2018-10-26 00:00:00,1231.64,1233.16,1231.04,1231.75,0
2018-10-26 01:00:00,1231.71,1232.55,1231.08,1231.15,0
2018-10-26 02:00:00,1231.15,1231.8,1230.08,1231.71,0
2018-10-26 03:00:00,1231.71,1232.55,1231.2,1232.03,0
2018-10-26 04:00:00,1232.02,1232.98,1231.15,1232.3,0
2018-10-26 05:00:00,1232.29,1232.58,1231.6,1231.81,0
2018-10-26 06:00:00,1231.81,1232.81,1231.52,1232.27,0
2018-10-26 07:00:00,1232.27,1233.52,1231.18,1231.4,0
2018-10-26 08:00:00,1231.38,1236.77,1231.33,1236.45,0
2018-10-26 09:00:00,1236.45,1237.91,1235.82,1237.4,0
2018-10-26 10:00:00,1237.42,1238.59,1235.8,1236.76,0
2018-10-26 11:00:00,1236.76,1237.34,1234.27,1236.58,0
2018-10-26 12:00:00,1236.53,1236.55,1234.56,1235.37,0
2018-10-26 13:00:00,1235.36,1235.7,1232.1,1233.36,0
2018-10-26 14:00:00,1233.36,1236.34,1232.96,1234.45,0
2018-10-26 15:00:00,1234.43,1243.29,1233.66,1243.29,0
2018-10-26 16:00:00,1243.26,1243.45,1239.22,1240.14,0
2018-10-26 17:00:00,1240.15,1240.16,1231.16,1233.89,0
2018-10-26 18:00:00,1233.91,1235.03,1232.52,1233.97,0
2018-10-26 19:00:00,1233.98,1235.34,1233.4,1235.06,0
2018-10-26 20:00:00,1235.09,1236.0,1233.38,1233.99,0
2018-10-26 21:00:00,1234.01,1234.23,1233.0,1233.61,0
2018-10-28 23:00:00,1234.01,1234.89,1233.16,1233.26,0
2018-10-29 00:00:00,1233.27,1234.09,1232.81,1232.87,0
2018-10-29 01:00:00,1232.86,1233.39,1231.87,1232.66,0
2018-10-29 02:00:00,1232.65,1235.41,1232.43,1234.97,0
2018-10-29 03:00:00,1234.98,1235.4,1233.73,1234.6,0
2018-10-29 04:00:00,1234.6,1234.77,1233.15,1233.59,0
2018-10-29 05:00:00,1233.59,1233.62,1232.42,1233.15,0
2018-10-29 06:00:00,1233.15,1234.01,1232.86,1233.75,0
2018-10-29 07:00:00,1233.75,1233.81,1230.01,1230.79,0
2018-10-29 08:00:00,1230.79,1231.76,1230.11,1230.79,0
2018-10-29 09:00:00,1230.73,1231.33,1227.82,1229.26,0
2018-10-29 10:00:00,1229.26,1229.53,1227.72,1228.66,0
2018-10-29 11:00:00,1228.66,1231.68,1228.66,1229.73,0
2018-10-29 12:00:00,1229.74,1230.71,1228.7,1228.84,0
2018-10-29 13:00:00,1228.83,1232.0,1228.79,1230.87,0
2018-10-29 14:00:00,1230.85,1231.22,1229.01,1229.88,0
2018-10-29 15:00:00,1229.95,1231.85,1229.26,1230.85,0
2018-10-29 16:00:00,1230.84,1231.05,1229.75,1230.36,0
2018-10-29 17:00:00,1230.33,1230.84,1225.57,1226.76,0
2018-10-29 18:00:00,1226.75,1227.16,1224.38,1226.58,0
2018-10-29 19:00:00,1226.57,1228.6,1226.55,1228.49,0
2018-10-29 20:00:00,1228.48,1230.75,1228.05,1229.16,0
2018-10-29 21:00:00,1229.17,1229.87,1228.86,1229.35,0
2018-10-29 23:00:00,1230.11,1230.51,1229.5,1229.84,0
2018-10-30 00:00:00,1229.84,1230.32,1229.17,1230.13,0
2018-10-30 01:00:00,1230.14,1230.63,1228.78,1229.06,0
2018-10-30 02:00:00,1229.07,1229.4,1226.46,1227.51,0
2018-10-30 03:00:00,1227.48,1228.85,1227.44,1228.13,0
2018-10-30 04:00:00,1228.13,1228.29,1227.53,1227.93,0
2018-10-30 05:00:00,1227.92,1228.09,1226.85,1227.83,0
2018-10-30 06:00:00,1227.83,1227.94,1226.4,1226.49,0
2018-10-30 07:00:00,1226.46,1227.48,1225.98,1227.21,0
2018-10-30 08:00:00,1227.19,1228.79,1223.88,1224.17,0
2018-10-30 09:00:00,1224.16,1224.48,1222.57,1223.95,0
2018-10-30 10:00:00,1223.96,1224.78,1222.98,1222.98,0
2018-10-30 11:00:00,1222.96,1223.8,1219.93,1220.6,0
2018-10-30 12:00:00,1220.6,1222.58,1220.5,1221.07,0
2018-10-30 13:00:00,1221.08,1224.46,1220.93,1224.44,0
2018-10-30 14:00:00,1224.44,1226.56,1223.84,1224.57,0
2018-10-30 15:00:00,1224.57,1226.58,1223.7,1224.85,0
2018-10-30 16:00:00,1224.89,1226.09,1224.27,1224.45,0
2018-10-30 17:00:00,1224.45,1224.86,1222.38,1223.82,0
2018-10-30 18:00:00,1223.83,1224.47,1222.83,1222.86,0
2018-10-30 19:00:00,1222.85,1223.88,1222.65,1222.81,0
2018-10-30 20:00:00,1222.8,1223.68,1222.41,1223.61,0
2018-10-30 21:00:00,1223.59,1224.09,1222.87,1223.02,0
2018-10-30 23:00:00,1222.9,1223.32,1222.45,1222.57,0
2018-10-31 00:00:00,1222.56,1223.05,1222.36,1222.61,0
2018-10-31 01:00:00,1222.62,1222.91,1221.07,1221.41,0
2018-10-31 02:00:00,1221.38,1221.64,1219.74,1220.32,0
2018-10-31 03:00:00,1220.31,1221.1,1220.08,1220.92,0
2018-10-31 04:00:00,1220.91,1220.93,1215.47,1217.77,0
2018-10-31 05:00:00,1217.69,1218.14,1216.48,1216.82,0
2018-10-31 06:00:00,1216.83,1218.35,1216.7,1217.82,0
2018-10-31 07:00:00,1217.83,1218.74,1216.77,1217.44,0
2018-10-31 08:00:00,1217.47,1217.96,1215.63,1215.67,0
2018-10-31 09:00:00,1215.64,1217.97,1214.77,1217.57,0
2018-10-31 10:00:00,1217.57,1217.94,1215.47,1216.13,0
2018-10-31 11:00:00,1216.12,1217.88,1215.8,1217.74,0
2018-10-31 12:00:00,1217.71,1218.76,1217.13,1218.58,0
2018-10-31 13:00:00,1218.6,1218.72,1214.96,1216.26,0
2018-10-31 14:00:00,1216.27,1216.7,1212.02,1212.66,0
2018-10-31 15:00:00,1212.67,1214.62,1212.37,1214.38,0
2018-10-31 16:00:00,1214.37,1217.08,1214.29,1216.69,0
2018-10-31 17:00:00,1216.7,1217.35,1214.48,1215.26,0
2018-10-31 18:00:00,1215.26,1215.66,1212.57,1213.31,0
2018-10-31 19:00:00,1213.32,1214.59,1213.26,1213.48,0
2018-10-31 20:00:00,1213.52,1216.86,1213.47,1216.84,0
2018-10-31 21:00:00,1216.83,1216.89,1214.49,1214.63,0
2018-10-31 23:00:00,1215.31,1215.61,1214.72,1215.25,0
2018-11-01 00:00:00,1215.31,1216.26,1215.28,1216.06,0
2018-11-01 01:00:00,1216.06,1217.34,1215.95,1216.43,0
2018-11-01 02:00:00,1216.43,1218.1,1215.95,1217.5,0
2018-11-01 03:00:00,1217.49,1217.55,1216.6,1217.24,0
2018-11-01 04:00:00,1217.24,1218.16,1217.03,1217.85,0
2018-11-01 05:00:00,1217.83,1218.47,1217.51,1218.4,0
2018-11-01 06:00:00,1218.4,1218.77,1217.53,1217.87,0
2018-11-01 07:00:00,1217.87,1222.72,1217.82,1222.12,0
2018-11-01 08:00:00,1222.11,1224.64,1221.79,1224.36,0
2018-11-01 09:00:00,1224.36,1226.69,1223.11,1225.84,0
2018-11-01 10:00:00,1225.82,1226.81,1223.89,1224.28,0
2018-11-01 11:00:00,1224.27,1225.01,1222.48,1222.64,0
2018-11-01 12:00:00,1222.64,1225.25,1222.45,1225.05,0
2018-11-01 13:00:00,1225.06,1230.72,1225.04,1229.16,0
2018-11-01 14:00:00,1229.16,1231.13,1228.14,1229.43,0
2018-11-01 15:00:00,1229.61,1233.66,1229.18,1232.98,0
2018-11-01 16:00:00,1232.97,1232.97,1229.45,1230.65,0
2018-11-01 17:00:00,1230.67,1234.28,1230.56,1234.03,0
2018-11-01 18:00:00,1234.03,1237.39,1233.51,1234.21,0
2018-11-01 19:00:00,1234.2,1234.82,1233.45,1233.75,0
2018-11-01 20:00:00,1233.74,1234.73,1233.19,1233.3,0
2018-11-01 21:00:00,1233.29,1233.41,1232.68,1233.14,0
2018-11-01 23:00:00,1233.78,1234.39,1233.21,1234.16,0
2018-11-02 00:00:00,1234.16,1234.45,1232.89,1233.02,0
2018-11-02 01:00:00,1233.02,1233.46,1232.3,1232.97,0
2018-11-02 02:00:00,1232.96,1234.44,1231.4,1232.08,0
2018-11-02 03:00:00,1232.1,1232.67,1231.18,1232.49,0
2018-11-02 04:00:00,1232.49,1233.06,1231.8,1232.33,0
2018-11-02 05:00:00,1232.31,1233.68,1231.59,1233.14,0
2018-11-02 06:00:00,1233.15,1234.48,1232.16,1233.91,0
2018-11-02 07:00:00,1233.91,1234.07,1230.94,1232.73,0
2018-11-02 08:00:00,1232.69,1234.94,1232.37,1233.91,0
2018-11-02 09:00:00,1233.9,1235.95,1233.46,1233.68,0
2018-11-02 10:00:00,1233.69,1236.42,1233.07,1235.81,0
2018-11-02 11:00:00,1235.81,1236.16,1234.99,1235.5,0
2018-11-02 12:00:00,1235.51,1236.34,1234.43,1235.26,0
2018-11-02 13:00:00,1235.28,1236.45,1230.19,1230.91,0
2018-11-02 14:00:00,1230.91,1234.29,1229.77,1233.57,0
2018-11-02 15:00:00,1233.57,1236.44,1231.88,1232.01,0
2018-11-02 16:00:00,1232.0,1234.33,1230.81,1231.53,0
2018-11-02 17:00:00,1231.53,1232.8,1230.42,1232.49,0
2018-11-02 18:00:00,1232.47,1232.8,1231.02,1232.14,0
2018-11-02 19:00:00,1232.14,1233.55,1232.03,1232.22,0
2018-11-02 20:00:00,1232.23,1233.5,1231.7,1233.11,0
2018-11-02 21:00:00,1233.08,1233.31,1232.78,1232.96,0
2018-11-04 23:00:00,1233.05,1234.24,1232.65,1234.11,0
2018-11-05 00:00:00,1234.15,1235.18,1233.61,1234.12,0
2018-11-05 01:00:00,1234.12,1234.12,1232.27,1233.24,0
2018-11-05 02:00:00,1233.23,1233.57,1231.76,1231.84,0
2018-11-05 03:00:00,1231.83,1232.4,1231.56,1232.09,0
2018-11-05 04:00:00,1232.09,1232.56,1231.78,1232.39,0
2018-11-05 05:00:00,1232.39,1232.47,1231.24,1231.73,0
2018-11-05 06:00:00,1231.73,1232.76,1230.83,1230.91,0
2018-11-05 07:00:00,1230.92,1233.5,1230.63,1232.69,0
2018-11-05 08:00:00,1232.72,1234.41,1232.18,1232.38,0
2018-11-05 09:00:00,1232.35,1233.04,1230.9,1231.66,0
2018-11-05 10:00:00,1231.66,1232.49,1231.41,1232.05,0
2018-11-05 11:00:00,1232.03,1232.68,1231.35,1232.14,0
2018-11-05 12:00:00,1232.15,1232.19,1228.03,1228.82,0
2018-11-05 13:00:00,1228.81,1229.74,1226.88,1228.74,0
2018-11-05 14:00:00,1228.74,1232.7,1228.21,1231.77,0
2018-11-05 15:00:00,1231.69,1233.31,1230.77,1231.4,0
2018-11-05 16:00:00,1231.41,1231.59,1229.63,1229.94,0
2018-11-05 17:00:00,1229.95,1230.21,1228.85,1230.1,0
2018-11-05 18:00:00,1230.1,1231.27,1229.32,1230.93,0
2018-11-05 19:00:00,1230.94,1230.98,1229.08,1230.25,0
2018-11-05 20:00:00,1230.25,1231.04,1230.1,1230.48,0
2018-11-05 21:00:00,1230.47,1231.77,1230.47,1231.59,0
2018-11-05 23:00:00,1231.44,1231.8,1231.0,1231.08,0
2018-11-06 00:00:00,1231.08,1231.62,1230.05,1230.53,0
2018-11-06 01:00:00,1230.52,1231.47,1230.26,1230.58,0
2018-11-06 02:00:00,1230.58,1230.73,1229.78,1230.32,0
2018-11-06 03:00:00,1230.33,1230.61,1229.0,1229.4,0
2018-11-06 04:00:00,1229.42,1229.71,1228.71,1228.78,0
2018-11-06 05:00:00,1228.78,1230.28,1228.77,1230.05,0
2018-11-06 06:00:00,1230.04,1231.19,1229.69,1230.36,0
2018-11-06 07:00:00,1230.36,1232.02,1229.64,1231.95,0
2018-11-06 08:00:00,1231.95,1234.3,1231.78,1233.97,0
2018-11-06 09:00:00,1234.01,1235.33,1233.81,1234.03,0
2018-11-06 10:00:00,1234.03,1235.92,1233.38,1235.43,0
2018-11-06 11:00:00,1235.43,1235.95,1234.13,1235.82,0
2018-11-06 12:00:00,1235.81,1235.93,1234.52,1234.75,0
2018-11-06 13:00:00,1234.75,1235.77,1233.01,1233.56,0
2018-11-06 14:00:00,1233.56,1234.1,1229.79,1231.01,0
2018-11-06 15:00:00,1231.01,1231.46,1227.78,1229.04,0
2018-11-06 16:00:00,1229.04,1229.14,1225.24,1225.81,0
2018-11-06 17:00:00,1225.82,1227.36,1225.51,1226.06,0
2018-11-06 18:00:00,1226.08,1226.67,1223.51,1225.79,0
2018-11-06 19:00:00,1225.79,1227.3,1225.76,1225.84,0
2018-11-06 20:00:00,1225.84,1226.6,1225.67,1226.36,0
2018-11-06 21:00:00,1226.37,1227.31,1226.05,1226.93,0
2018-11-06 23:00:00,1227.07,1227.95,1226.7,1227.94,0
2018-11-07 00:00:00,1227.95,1232.18,1227.53,1230.53,0
2018-11-07 01:00:00,1230.52,1231.32,1223.01,1226.98,0
2018-11-07 02:00:00,1226.98,1228.31,1224.13,1227.01,0
2018-11-07 03:00:00,1227.02,1229.69,1226.03,1229.6,0
2018-11-07 04:00:00,1229.61,1230.44,1228.5,1229.53,0
2018-11-07 05:00:00,1229.53,1229.95,1228.18,1228.95,0
2018-11-07 06:00:00,1228.95,1229.31,1227.93,1228.25,0
2018-11-07 07:00:00,1228.25,1231.72,1227.79,1230.56,0
2018-11-07 08:00:00,1230.56,1232.76,1230.46,1231.34,0
2018-11-07 09:00:00,1231.33,1234.24,1231.33,1233.56,0
2018-11-07 10:00:00,1233.55,1235.12,1233.54,1233.78,0
2018-11-07 11:00:00,1233.78,1236.43,1232.75,1232.88,0
2018-11-07 12:00:00,1232.85,1233.25,1231.02,1232.11,0
2018-11-07 13:00:00,1232.13,1232.35,1228.45,1228.69,0
2018-11-07 14:00:00,1228.7,1229.74,1226.38,1228.52,0
2018-11-07 15:00:00,1228.52,1230.02,1227.66,1227.88,0
2018-11-07 16:00:00,1227.91,1228.06,1226.8,1227.27,0
2018-11-07 17:00:00,1227.27,1229.04,1227.24,1228.59,0
2018-11-07 18:00:00,1228.59,1228.68,1225.86,1227.44,0
2018-11-07 19:00:00,1227.44,1228.04,1226.14,1227.57,0
2018-11-07 20:00:00,1227.57,1227.74,1225.29,1226.26,0
2018-11-07 21:00:00,1226.25,1226.59,1225.87,1226.55,0
2018-11-07 23:00:00,1226.19,1227.17,1225.66,1226.07,0
2018-11-08 00:00:00,1226.08,1226.26,1224.94,1225.2,0
2018-11-08 01:00:00,1225.2,1226.88,1225.17,1226.6,0
2018-11-08 02:00:00,1226.6,1226.7,1224.17,1224.17,0
2018-11-08 03:00:00,1224.17,1224.9,1223.72,1224.1,0
2018-11-08 04:00:00,1224.1,1224.14,1222.81,1223.52,0
2018-11-08 05:00:00,1223.53,1224.89,1223.42,1224.7,0
2018-11-08 06:00:00,1224.7,1226.02,1224.55,1224.75,0
2018-11-08 07:00:00,1224.76,1225.46,1221.39,1225.08,0
2018-11-08 08:00:00,1225.08,1225.64,1222.55,1223.24,0
2018-11-08 09:00:00,1223.24,1223.92,1222.24,1222.89,0
2018-11-08 10:00:00,1222.88,1224.41,1222.42,1223.45,0
2018-11-08 11:00:00,1223.46,1223.5,1221.92,1223.34,0
2018-11-08 12:00:00,1223.34,1225.69,1223.14,1224.61,0
2018-11-08 13:00:00,1224.61,1226.3,1220.16,1222.25,0
2018-11-08 14:00:00,1222.25,1225.44,1221.61,1224.13,0
2018-11-08 15:00:00,1224.14,1225.74,1223.07,1224.19,0
2018-11-08 16:00:00,1224.2,1225.4,1223.32,1224.29,0
2018-11-08 17:00:00,1224.29,1224.46,1222.74,1223.22,0
2018-11-08 18:00:00,1223.22,1224.97,1223.22,1224.08,0
2018-11-08 19:00:00,1224.08,1226.94,1221.32,1221.62,0
2018-11-08 20:00:00,1221.63,1223.97,1220.93,1223.77,0
2018-11-08 21:00:00,1223.77,1224.07,1223.08,1223.49,0
2018-11-08 23:00:00,1223.32,1223.66,1222.9,1223.08,0
2018-11-09 00:00:00,1223.08,1223.32,1221.98,1222.36,0
2018-11-09 01:00:00,1222.37,1222.72,1220.88,1221.24,0
2018-11-09 02:00:00,1221.24,1221.35,1219.67,1220.72,0
2018-11-09 03:00:00,1220.72,1221.14,1218.42,1218.46,0
2018-11-09 04:00:00,1218.42,1219.07,1217.88,1219.06,0
2018-11-09 05:00:00,1219.05,1220.13,1218.7,1220.11,0
2018-11-09 06:00:00,1220.12,1220.22,1218.91,1219.3,0
2018-11-09 07:00:00,1219.31,1220.63,1218.42,1219.82,0
2018-11-09 08:00:00,1219.8,1221.77,1219.26,1220.85,0
2018-11-09 09:00:00,1220.84,1221.6,1220.27,1220.27,0
2018-11-09 10:00:00,1220.27,1221.02,1218.07,1219.27,0
2018-11-09 11:00:00,1219.26,1219.68,1218.37,1219.04,0
2018-11-09 12:00:00,1219.04,1219.16,1217.73,1218.68,0
2018-11-09 13:00:00,1218.69,1218.73,1210.79,1212.13,0
2018-11-09 14:00:00,1212.11,1213.49,1209.33,1210.62,0
2018-11-09 15:00:00,1210.61,1212.87,1209.77,1212.23,0
2018-11-09 16:00:00,1212.25,1212.97,1207.3,1207.35,0
2018-11-09 17:00:00,1207.31,1209.22,1206.78,1208.29,0
2018-11-09 18:00:00,1208.26,1209.65,1207.63,1208.36,0
2018-11-09 19:00:00,1208.38,1210.12,1207.93,1209.24,0
2018-11-09 20:00:00,1209.21,1209.95,1208.4,1209.91,0
2018-11-09 21:00:00,1209.91,1210.02,1209.1,1209.37,0
2018-11-11 23:00:00,1209.74,1210.8,1209.19,1210.77,0
2018-11-12 00:00:00,1210.78,1211.34,1210.49,1210.73,0
2018-11-12 01:00:00,1210.75,1211.29,1208.98,1210.58,0
2018-11-12 02:00:00,1210.52,1211.42,1210.23,1211.41,0
2018-11-12 03:00:00,1211.42,1211.51,1210.09,1210.14,0
2018-11-12 04:00:00,1210.13,1210.64,1209.82,1210.44,0
2018-11-12 05:00:00,1210.43,1210.49,1207.93,1208.45,0
2018-11-12 06:00:00,1208.45,1208.95,1205.9,1206.75,0
2018-11-12 07:00:00,1206.74,1208.12,1203.94,1204.75,0
2018-11-12 08:00:00,1204.75,1207.32,1204.09,1207.12,0
2018-11-12 09:00:00,1207.12,1207.77,1206.46,1207.1,0
2018-11-12 10:00:00,1207.12,1207.56,1206.44,1206.59,0
2018-11-12 11:00:00,1206.58,1207.03,1205.96,1206.86,0
2018-11-12 12:00:00,1206.86,1207.78,1206.13,1206.53,0
2018-11-12 13:00:00,1206.53,1206.75,1204.0,1205.8,0
2018-11-12 14:00:00,1205.8,1205.92,1203.77,1204.07,0
2018-11-12 15:00:00,1204.07,1205.57,1202.55,1203.85,0
2018-11-12 16:00:00,1203.85,1204.53,1203.19,1203.62,0
2018-11-12 17:00:00,1203.61,1203.83,1202.37,1203.32,0
2018-11-12 18:00:00,1203.33,1203.5,1201.88,1202.71,0
2018-11-12 19:00:00,1202.72,1202.72,1200.99,1201.02,0
2018-11-12 20:00:00,1201.02,1202.11,1200.72,1201.51,0
2018-11-12 21:00:00,1201.53,1201.53,1200.19,1200.47,0
2018-11-12 23:00:00,1200.36,1202.4,1200.19,1202.36,0
2018-11-13 00:00:00,1202.37,1203.27,1201.56,1203.01,0
2018-11-13 01:00:00,1203.02,1204.94,1202.82,1204.81,0
2018-11-13 02:00:00,1204.8,1204.9,1203.71,1203.73,0
2018-11-13 03:00:00,1203.75,1205.25,1203.57,1204.61,0
2018-11-13 04:00:00,1204.62,1204.93,1204.05,1204.38,0
2018-11-13 05:00:00,1204.4,1205.07,1204.01,1204.09,0
2018-11-13 06:00:00,1204.11,1204.22,1202.24,1203.32,0
2018-11-13 07:00:00,1203.3,1204.43,1202.26,1202.88,0
2018-11-13 08:00:00,1202.87,1203.49,1201.3,1201.71,0
2018-11-13 09:00:00,1201.71,1202.2,1198.6,1199.6,0
2018-11-13 10:00:00,1199.55,1199.77,1196.33,1198.05,0
2018-11-13 11:00:00,1198.05,1199.25,1197.6,1198.52,0
2018-11-13 12:00:00,1198.52,1201.3,1198.16,1200.35,0
2018-11-13 13:00:00,1200.35,1203.93,1200.35,1202.31,0
2018-11-13 14:00:00,1202.31,1202.86,1200.48,1201.02,0
2018-11-13 15:00:00,1201.03,1204.3,1199.02,1203.67,0
2018-11-13 16:00:00,1203.67,1204.45,1202.59,1202.9,0
2018-11-13 17:00:00,1202.91,1203.24,1201.38,1201.89,0
2018-11-13 18:00:00,1201.9,1202.04,1200.45,1201.29,0
2018-11-13 19:00:00,1201.27,1201.69,1199.83,1200.29,0
2018-11-13 20:00:00,1200.28,1201.92,1199.69,1201.71,0
2018-11-13 21:00:00,1201.73,1202.76,1201.65,1202.12,0
2018-11-13 23:00:00,1201.24,1203.64,1201.24,1203.19,0
2018-11-14 00:00:00,1203.19,1204.11,1202.25,1202.29,0
2018-11-14 01:00:00,1202.3,1204.05,1201.67,1203.89,0
2018-11-14 02:00:00,1203.89,1204.58,1202.74,1203.33,0
2018-11-14 03:00:00,1203.33,1204.58,1203.32,1203.7,0
2018-11-14 04:00:00,1203.67,1203.68,1202.27,1202.82,0
2018-11-14 05:00:00,1202.82,1202.99,1202.09,1202.14,0
2018-11-14 06:00:00,1202.14,1203.81,1201.56,1203.6,0
2018-11-14 07:00:00,1203.58,1203.63,1201.8,1201.92,0
2018-11-14 08:00:00,1201.89,1201.89,1200.37,1200.98,0
2018-11-14 09:00:00,1200.98,1201.59,1198.12,1198.32,0
2018-11-14 10:00:00,1198.31,1200.81,1197.71,1200.29,0
2018-11-14 11:00:00,1200.29,1200.78,1199.63,1199.9,0
2018-11-14 12:00:00,1199.91,1202.47,1199.33,1201.15,0
2018-11-14 13:00:00,1201.14,1202.31,1198.58,1198.64,0
2018-11-14 14:00:00,1198.64,1202.95,1198.56,1201.92,0
2018-11-14 15:00:00,1201.93,1203.36,1200.74,1201.85,0
2018-11-14 16:00:00,1201.86,1203.73,1201.18,1203.18,0
2018-11-14 17:00:00,1203.17,1208.51,1202.51,1208.4,0
2018-11-14 18:00:00,1208.38,1214.85,1207.05,1213.58,0
2018-11-14 19:00:00,1213.59,1216.6,1209.75,1211.6,0
2018-11-14 20:00:00,1211.62,1212.79,1210.64,1212.0,0
2018-11-14 21:00:00,1212.01,1212.09,1210.47,1210.78,0
2018-11-14 23:00:00,1211.05,1211.11,1210.28,1211.02,0
2018-11-15 00:00:00,1211.02,1211.92,1209.3,1210.69,0
2018-11-15 01:00:00,1210.7,1210.7,1208.34,1208.75,0
2018-11-15 02:00:00,1208.76,1210.64,1208.7,1210.24,0
2018-11-15 03:00:00,1210.23,1210.98,1209.51,1210.73,0
2018-11-15 04:00:00,1210.72,1212.25,1210.44,1212.13,0
2018-11-15 05:00:00,1212.16,1212.23,1211.24,1211.47,0
2018-11-15 06:00:00,1211.48,1213.71,1211.47,1213.6,0
2018-11-15 07:00:00,1213.65,1213.68,1211.84,1212.06,0
2018-11-15 08:00:00,1212.07,1214.97,1211.49,1213.57,0
2018-11-15 09:00:00,1213.53,1216.48,1210.63,1210.66,0
2018-11-15 10:00:00,1210.66,1211.31,1209.12,1210.93,0
2018-11-15 11:00:00,1210.94,1211.47,1209.65,1210.37,0
2018-11-15 12:00:00,1210.37,1210.64,1208.7,1210.41,0
2018-11-15 13:00:00,1210.41,1213.61,1207.92,1213.17,0
2018-11-15 14:00:00,1213.19,1215.88,1212.0,1212.14,0
2018-11-15 15:00:00,1212.09,1215.71,1211.83,1213.48,0
2018-11-15 16:00:00,1213.48,1214.32,1211.9,1213.78,0
2018-11-15 17:00:00,1213.77,1214.6,1212.17,1213.27,0
2018-11-15 18:00:00,1213.25,1215.19,1212.13,1212.13,0
2018-11-15 19:00:00,1212.15,1215.17,1211.43,1214.43,0
2018-11-15 20:00:00,1214.44,1214.59,1212.96,1213.29,0
2018-11-15 21:00:00,1213.35,1213.68,1212.73,1213.26,0
2018-11-15 23:00:00,1213.66,1214.43,1213.17,1214.01,0
2018-11-16 00:00:00,1214.02,1214.7,1213.86,1214.52,0
2018-11-16 01:00:00,1214.54,1216.85,1214.13,1215.61,0
2018-11-16 02:00:00,1215.58,1215.81,1214.13,1214.69,0
2018-11-16 03:00:00,1214.68,1215.1,1213.97,1214.91,0
2018-11-16 04:00:00,1214.94,1215.51,1214.52,1215.51,0
2018-11-16 05:00:00,1215.49,1215.89,1214.48,1214.83,0
2018-11-16 06:00:00,1214.83,1215.68,1214.6,1215.63,0
2018-11-16 07:00:00,1215.63,1216.06,1214.18,1215.04,0
2018-11-16 08:00:00,1215.04,1218.36,1214.86,1215.54,0
2018-11-16 09:00:00,1215.51,1217.01,1215.32,1216.14,0
2018-11-16 10:00:00,1216.12,1216.72,1215.23,1216.63,0
2018-11-16 11:00:00,1216.6,1217.19,1215.57,1216.32,0
2018-11-16 12:00:00,1216.3,1217.0,1215.58,1215.8,0
2018-11-16 13:00:00,1215.78,1224.1,1215.57,1223.13,0
2018-11-16 14:00:00,1223.13,1225.33,1222.47,1223.09,0
2018-11-16 15:00:00,1223.1,1223.75,1219.92,1220.95,0
2018-11-16 16:00:00,1220.94,1221.97,1220.53,1220.77,0
2018-11-16 17:00:00,1220.77,1223.57,1220.57,1223.42,0
2018-11-16 18:00:00,1223.41,1223.62,1221.55,1221.82,0
2018-11-16 19:00:00,1221.81,1222.4,1220.92,1221.57,0
2018-11-16 20:00:00,1221.58,1222.28,1221.3,1222.0,0
2018-11-16 21:00:00,1222.0,1222.1,1221.12,1221.51,0
2018-11-18 23:00:00,1222.38,1222.73,1221.6,1222.55,0
2018-11-19 00:00:00,1222.55,1223.14,1222.0,1222.68,0
2018-11-19 01:00:00,1222.67,1223.62,1221.99,1222.19,0
2018-11-19 02:00:00,1222.2,1222.35,1221.26,1221.36,0
2018-11-19 03:00:00,1221.39,1221.77,1220.41,1220.59,0
2018-11-19 04:00:00,1220.58,1220.91,1219.73,1219.75,0
2018-11-19 05:00:00,1219.73,1219.93,1218.03,1218.41,0
2018-11-19 06:00:00,1218.4,1219.73,1218.25,1219.23,0
2018-11-19 07:00:00,1219.22,1220.99,1218.75,1220.76,0
2018-11-19 08:00:00,1220.76,1221.35,1219.97,1220.78,0
2018-11-19 09:00:00,1220.78,1220.86,1218.62,1220.62,0
2018-11-19 10:00:00,1220.62,1223.11,1220.33,1221.96,0
2018-11-19 11:00:00,1221.97,1222.3,1221.35,1221.86,0
2018-11-19 12:00:00,1221.87,1221.95,1219.18,1220.57,0
2018-11-19 13:00:00,1220.6,1221.93,1219.95,1220.03,0
2018-11-19 14:00:00,1220.02,1222.58,1219.32,1221.8,0
2018-11-19 15:00:00,1221.81,1223.97,1221.51,1222.68,0
2018-11-19 16:00:00,1222.69,1223.66,1222.07,1222.67,0
2018-11-19 17:00:00,1222.68,1224.16,1221.42,1223.95,0
2018-11-19 18:00:00,1223.96,1225.29,1223.37,1224.06,0
2018-11-19 19:00:00,1224.05,1224.63,1223.32,1223.95,0
2018-11-19 20:00:00,1223.95,1224.24,1223.2,1223.22,0
2018-11-19 21:00:00,1223.21,1224.13,1223.12,1224.02,0
2018-11-19 23:00:00,1224.06,1224.53,1223.76,1224.15,0
2018-11-20 00:00:00,1224.16,1224.25,1222.47,1222.69,0
2018-11-20 01:00:00,1222.7,1222.95,1221.61,1222.18,0
2018-11-20 02:00:00,1222.18,1222.35,1221.31,1221.99,0
2018-11-20 03:00:00,1222.02,1222.33,1221.68,1221.82,0
2018-11-20 04:00:00,1221.83,1222.67,1221.14,1222.22,0
2018-11-20 05:00:00,1222.22,1222.97,1222.11,1222.63,0
2018-11-20 06:00:00,1222.64,1224.13,1222.3,1223.55,0
2018-11-20 07:00:00,1223.55,1225.48,1223.49,1224.75,0
2018-11-20 08:00:00,1224.77,1226.05,1224.13,1224.95,0
2018-11-20 09:00:00,1224.94,1225.11,1221.79,1222.2,0
2018-11-20 10:00:00,1222.22,1224.39,1221.62,1223.15,0
2018-11-20 11:00:00,1223.16,1224.94,1222.51,1224.38,0
2018-11-20 12:00:00,1224.38,1226.58,1224.28,1225.52,0
2018-11-20 13:00:00,1225.5,1228.79,1225.05,1226.86,0
2018-11-20 14:00:00,1226.84,1226.95,1224.05,1224.88,0
2018-11-20 15:00:00,1224.89,1224.94,1220.45,1223.42,0
2018-11-20 16:00:00,1223.43,1224.34,1223.06,1223.66,0
2018-11-20 17:00:00,1223.66,1223.83,1221.8,1222.06,0
2018-11-20 18:00:00,1222.0,1222.04,1219.98,1221.3,0
2018-11-20 19:00:00,1221.29,1221.42,1220.31,1221.3,0
2018-11-20 20:00:00,1221.29,1222.37,1220.79,1222.37,0
2018-11-20 21:00:00,1222.38,1222.39,1221.39,1221.56,0
2018-11-20 23:00:00,1221.6,1222.38,1221.46,1221.69,0
2018-11-21 00:00:00,1221.68,1221.69,1219.78,1220.35,0
2018-11-21 01:00:00,1220.35,1221.5,1219.83,1221.46,0
2018-11-21 02:00:00,1221.46,1221.91,1221.2,1221.36,0
2018-11-21 03:00:00,1221.34,1221.42,1220.46,1220.68,0
2018-11-21 04:00:00,1220.69,1220.98,1220.11,1220.87,0
2018-11-21 05:00:00,1220.87,1221.56,1220.72,1221.27,0
2018-11-21 06:00:00,1221.28,1222.79,1220.94,1222.36,0
2018-11-21 07:00:00,1222.4,1223.66,1222.26,1222.89,0
2018-11-21 08:00:00,1222.89,1224.99,1222.89,1224.34,0
2018-11-21 09:00:00,1224.3,1225.49,1224.06,1224.83,0
2018-11-21 10:00:00,1224.81,1225.38,1222.25,1222.78,0
2018-11-21 11:00:00,1222.79,1224.98,1222.71,1223.43,0
2018-11-21 12:00:00,1223.43,1224.53,1222.57,1224.17,0
2018-11-21 13:00:00,1224.16,1227.12,1223.03,1226.28,0
2018-11-21 14:00:00,1226.3,1227.53,1225.02,1225.86,0
2018-11-21 15:00:00,1225.85,1230.08,1225.84,1227.04,0
2018-11-21 16:00:00,1227.07,1227.81,1225.46,1225.52,0
2018-11-21 17:00:00,1225.49,1227.68,1225.02,1227.64,0
2018-11-21 18:00:00,1227.64,1227.87,1226.42,1227.07,0
2018-11-21 19:00:00,1227.06,1227.31,1226.65,1226.77,0
2018-11-21 20:00:00,1226.77,1227.0,1225.19,1225.3,0
2018-11-21 21:00:00,1225.31,1226.11,1225.15,1225.93,0
2018-11-21 23:00:00,1224.84,1226.2,1224.84,1225.78,0
2018-11-22 00:00:00,1225.79,1226.14,1225.35,1225.38,0
2018-11-22 01:00:00,1225.39,1226.45,1224.88,1225.98,0
2018-11-22 02:00:00,1225.99,1227.43,1225.98,1227.13,0
2018-11-22 03:00:00,1227.16,1227.74,1226.92,1226.94,0
2018-11-22 04:00:00,1226.96,1227.36,1226.51,1226.56,0
2018-11-22 05:00:00,1226.55,1227.53,1226.54,1227.29,0
2018-11-22 06:00:00,1227.3,1228.33,1227.12,1227.29,0
2018-11-22 07:00:00,1227.3,1228.47,1226.21,1227.25,0
2018-11-22 08:00:00,1227.21,1228.0,1226.56,1227.86,0
2018-11-22 09:00:00,1227.87,1228.18,1227.19,1227.66,0
2018-11-22 10:00:00,1227.64,1229.13,1227.15,1228.09,0
2018-11-22 11:00:00,1228.09,1229.01,1227.46,1228.56,0
2018-11-22 12:00:00,1228.54,1228.83,1227.78,1228.48,0
2018-11-22 13:00:00,1228.48,1228.55,1227.6,1227.83,0
2018-11-22 14:00:00,1227.82,1228.66,1226.76,1227.9,0
2018-11-22 15:00:00,1227.9,1227.94,1226.76,1227.61,0
2018-11-22 16:00:00,1227.61,1227.95,1227.25,1227.86,0
2018-11-22 17:00:00,1227.85,1227.99,1226.88,1227.37,0
2018-11-22 18:00:00,1227.37,1227.37,1227.37,1227.37,0
2018-11-22 23:00:00,1225.71,1227.55,1225.71,1227.42,0
2018-11-23 00:00:00,1227.41,1227.69,1226.7,1226.88,0
2018-11-23 01:00:00,1226.87,1228.06,1226.33,1227.68,0
2018-11-23 02:00:00,1227.69,1228.24,1227.17,1227.79,0
2018-11-23 03:00:00,1227.78,1228.15,1227.14,1228.04,0
2018-11-23 04:00:00,1228.06,1228.58,1227.6,1228.35,0
2018-11-23 05:00:00,1228.36,1228.44,1227.4,1227.57,0
2018-11-23 06:00:00,1227.55,1227.67,1225.78,1226.1,0
2018-11-23 07:00:00,1226.1,1226.28,1222.96,1224.23,0
2018-11-23 08:00:00,1224.23,1224.53,1221.54,1221.93,0
2018-11-23 09:00:00,1221.93,1223.77,1221.64,1222.46,0
2018-11-23 10:00:00,1222.46,1223.05,1221.64,1222.2,0
2018-11-23 11:00:00,1222.22,1222.77,1220.95,1221.47,0
2018-11-23 12:00:00,1221.47,1223.66,1220.95,1222.88,0
2018-11-23 13:00:00,1222.89,1223.55,1220.19,1222.79,0
2018-11-23 14:00:00,1222.78,1225.37,1222.69,1223.85,0
2018-11-23 15:00:00,1223.85,1224.11,1222.57,1222.89,0
2018-11-23 16:00:00,1222.86,1223.78,1222.24,1222.26,0
2018-11-23 17:00:00,1222.26,1223.75,1222.22,1223.61,0
2018-11-23 18:00:00,1223.62,1223.72,1222.22,1222.78,0
2018-11-25 23:00:00,1223.52,1224.44,1223.34,1224.41,0
2018-11-26 00:00:00,1224.41,1224.48,1222.98,1223.0,0
2018-11-26 01:00:00,1223.01,1223.62,1222.28,1223.55,0
2018-11-26 02:00:00,1223.56,1224.94,1222.85,1222.9,0
2018-11-26 03:00:00,1222.91,1224.08,1222.91,1224.02,0
2018-11-26 04:00:00,1224.03,1224.73,1223.5,1224.69,0
2018-11-26 05:00:00,1224.69,1226.07,1224.4,1225.66,0
2018-11-26 06:00:00,1225.65,1225.7,1224.53,1225.11,0
2018-11-26 07:00:00,1225.11,1227.33,1225.11,1227.33,0
2018-11-26 08:00:00,1227.34,1228.1,1225.7,1225.87,0
2018-11-26 09:00:00,1225.9,1227.06,1225.78,1226.29,0
2018-11-26 10:00:00,1226.3,1226.89,1225.48,1226.24,0
2018-11-26 11:00:00,1226.22,1226.54,1225.31,1226.35,0
2018-11-26 12:00:00,1226.35,1226.55,1224.62,1225.22,0
2018-11-26 13:00:00,1225.22,1226.61,1224.07,1225.08,0
2018-11-26 14:00:00,1225.09,1225.48,1222.54,1223.29,0
2018-11-26 15:00:00,1223.26,1224.38,1222.4,1222.97,0
2018-11-26 16:00:00,1222.97,1223.58,1222.12,1222.23,0
2018-11-26 17:00:00,1222.23,1223.01,1222.01,1222.5,0
2018-11-26 18:00:00,1222.5,1223.25,1221.78,1222.97,0
2018-11-26 19:00:00,1222.98,1223.23,1221.78,1222.06,0
2018-11-26 20:00:00,1222.08,1222.98,1221.77,1222.47,0
2018-11-26 21:00:00,1222.47,1222.83,1222.1,1222.1,0
2018-11-26 23:00:00,1222.16,1222.79,1221.9,1222.68,0
2018-11-27 00:00:00,1222.69,1223.32,1222.11,1223.06,0
2018-11-27 01:00:00,1222.97,1223.36,1220.96,1221.73,0
2018-11-27 02:00:00,1221.73,1222.44,1221.63,1221.84,0
2018-11-27 03:00:00,1221.84,1222.43,1221.56,1221.59,0
2018-11-27 04:00:00,1221.59,1222.33,1221.52,1221.94,0
2018-11-27 05:00:00,1221.94,1222.8,1221.62,1222.15,0
2018-11-27 06:00:00,1222.16,1222.2,1219.88,1220.82,0
2018-11-27 07:00:00,1220.82,1223.07,1219.72,1220.19,0
2018-11-27 08:00:00,1220.16,1221.73,1219.56,1221.23,0
2018-11-27 09:00:00,1221.25,1223.21,1221.08,1221.87,0
2018-11-27 10:00:00,1221.88,1225.01,1221.79,1224.01,0
2018-11-27 11:00:00,1224.02,1224.35,1223.41,1223.58,0
2018-11-27 12:00:00,1223.57,1224.7,1223.09,1224.12,0
2018-11-27 13:00:00,1224.14,1225.3,1220.76,1222.18,0
2018-11-27 14:00:00,1222.17,1222.75,1220.35,1220.66,0
2018-11-27 15:00:00,1220.64,1221.5,1214.62,1214.98,0
2018-11-27 16:00:00,1214.98,1215.2,1212.52,1212.54,0
2018-11-27 17:00:00,1212.56,1213.58,1211.93,1213.23,0
2018-11-27 18:00:00,1213.21,1215.32,1213.07,1214.06,0
2018-11-27 19:00:00,1214.07,1214.12,1212.9,1213.39,0
2018-11-27 20:00:00,1213.37,1215.2,1212.93,1214.93,0
2018-11-27 21:00:00,1214.92,1215.11,1214.58,1214.83,0
2018-11-27 23:00:00,1214.63,1215.17,1214.52,1214.54,0
2018-11-28 00:00:00,1214.54,1214.77,1213.68,1214.64,0
2018-11-28 01:00:00,1214.65,1214.99,1213.77,1214.9,0
2018-11-28 02:00:00,1214.89,1215.38,1214.58,1215.34,0
2018-11-28 03:00:00,1215.33,1215.45,1214.33,1214.63,0
2018-11-28 04:00:00,1214.63,1214.77,1214.31,1214.69,0
2018-11-28 05:00:00,1214.7,1214.82,1212.69,1212.88,0
2018-11-28 06:00:00,1212.87,1215.07,1212.87,1214.25,0
2018-11-28 07:00:00,1214.24,1214.35,1212.91,1213.08,0
2018-11-28 08:00:00,1213.11,1213.84,1212.44,1213.64,0
2018-11-28 09:00:00,1213.63,1214.26,1212.77,1212.99,0
2018-11-28 10:00:00,1212.96,1213.8,1212.76,1213.59,0
2018-11-28 11:00:00,1213.6,1215.19,1213.57,1214.73,0
2018-11-28 12:00:00,1214.73,1215.58,1213.18,1213.9,0
2018-11-28 13:00:00,1213.87,1214.58,1212.71,1214.16,0
2018-11-28 14:00:00,1214.16,1215.17,1211.2,1212.51,0
2018-11-28 15:00:00,1212.54,1213.73,1211.89,1212.89,0
2018-11-28 16:00:00,1212.92,1214.83,1212.79,1213.84,0
2018-11-28 17:00:00,1213.84,1226.59,1213.8,1221.23,0
2018-11-28 18:00:00,1221.22,1224.4,1220.74,1221.29,0
2018-11-28 19:00:00,1221.29,1222.78,1220.7,1222.5,0
2018-11-28 20:00:00,1222.52,1222.56,1220.21,1220.26,0
2018-11-28 21:00:00,1220.26,1221.57,1220.14,1220.85,0
2018-11-28 23:00:00,1221.05,1221.5,1220.54,1221.08,0
2018-11-29 00:00:00,1221.08,1222.13,1220.75,1222.02,0
2018-11-29 01:00:00,1222.0,1222.72,1221.52,1222.0,0
2018-11-29 02:00:00,1222.0,1223.94,1221.95,1223.71,0
2018-11-29 03:00:00,1223.76,1224.2,1223.34,1223.56,0
2018-11-29 04:00:00,1223.55,1225.3,1223.35,1225.15,0
2018-11-29 05:00:00,1225.15,1225.71,1224.6,1225.71,0
2018-11-29 06:00:00,1225.71,1226.01,1224.51,1225.37,0
2018-11-29 07:00:00,1225.37,1227.17,1225.17,1226.15,0
2018-11-29 08:00:00,1226.09,1227.12,1225.1,1225.86,0
2018-11-29 09:00:00,1225.85,1226.56,1225.55,1226.14,0
2018-11-29 10:00:00,1226.13,1227.38,1225.39,1225.39,0
2018-11-29 11:00:00,1225.4,1226.06,1224.66,1225.21,0
2018-11-29 12:00:00,1225.21,1228.33,1224.32,1226.64,0
2018-11-29 13:00:00,1226.65,1227.86,1225.21,1225.34,0
2018-11-29 14:00:00,1225.32,1227.66,1224.53,1227.0,0
2018-11-29 15:00:00,1226.96,1228.06,1225.13,1227.74,0
2018-11-29 16:00:00,1227.73,1229.03,1224.78,1226.9,0
2018-11-29 17:00:00,1226.89,1227.06,1224.78,1225.92,0
2018-11-29 18:00:00,1225.93,1226.2,1222.77,1223.62,0
2018-11-29 19:00:00,1223.65,1225.51,1222.31,1224.2,0
2018-11-29 20:00:00,1224.18,1224.89,1223.62,1224.01,0
2018-11-29 21:00:00,1224.01,1224.35,1223.27,1224.21,0
2018-11-29 23:00:00,1224.16,1224.41,1223.47,1224.32,0
2018-11-30 00:00:00,1224.3,1224.72,1223.89,1224.32,0
2018-11-30 01:00:00,1224.32,1224.52,1223.6,1224.31,0
2018-11-30 02:00:00,1224.32,1225.27,1224.13,1225.11,0
2018-11-30 03:00:00,1225.12,1225.61,1224.59,1224.89,0
2018-11-30 04:00:00,1224.87,1225.04,1224.24,1225.02,0
2018-11-30 05:00:00,1225.02,1225.15,1224.29,1224.46,0
2018-11-30 06:00:00,1224.43,1224.87,1224.01,1224.35,0
2018-11-30 07:00:00,1224.35,1224.92,1223.8,1224.43,0
2018-11-30 08:00:00,1224.42,1224.51,1223.01,1224.42,0
2018-11-30 09:00:00,1224.42,1224.53,1222.65,1222.92,0
2018-11-30 10:00:00,1222.88,1222.94,1220.84,1222.07,0
2018-11-30 11:00:00,1222.07,1223.05,1222.01,1222.38,0
2018-11-30 12:00:00,1222.37,1223.11,1221.67,1221.93,0
2018-11-30 13:00:00,1221.94,1222.41,1220.12,1220.28,0
2018-11-30 14:00:00,1220.28,1221.58,1216.71,1217.13,0
2018-11-30 15:00:00,1217.14,1219.56,1216.85,1218.87,0
2018-11-30 16:00:00,1218.93,1221.64,1218.35,1221.55,0
2018-11-30 17:00:00,1221.5,1223.1,1220.34,1220.67,0
2018-11-30 18:00:00,1220.64,1221.65,1219.77,1220.84,0
2018-11-30 19:00:00,1220.85,1221.15,1220.5,1220.98,0
2018-11-30 20:00:00,1220.98,1222.51,1220.69,1221.78,0
2018-11-30 21:00:00,1221.77,1222.29,1221.62,1222.22,0
2018-12-02 23:00:00,1224.79,1224.79,1219.59,1222.14,0
2018-12-03 00:00:00,1222.15,1222.86,1221.32,1222.86,0
2018-12-03 01:00:00,1222.86,1223.81,1222.23,1223.47,0
2018-12-03 02:00:00,1223.47,1224.87,1223.44,1224.22,0
2018-12-03 03:00:00,1224.2,1224.99,1223.85,1224.89,0
2018-12-03 04:00:00,1224.89,1226.18,1224.86,1225.21,0
2018-12-03 05:00:00,1225.22,1226.89,1224.88,1226.84,0
2018-12-03 06:00:00,1226.84,1227.78,1226.12,1226.98,0
2018-12-03 07:00:00,1226.96,1232.32,1226.93,1231.65,0
2018-12-03 08:00:00,1231.67,1232.08,1230.39,1231.66,0
2018-12-03 09:00:00,1231.66,1231.8,1230.13,1231.67,0
2018-12-03 10:00:00,1231.68,1231.84,1229.87,1230.15,0
2018-12-03 11:00:00,1230.19,1230.2,1228.02,1229.06,0
2018-12-03 12:00:00,1229.06,1230.19,1227.89,1229.07,0
2018-12-03 13:00:00,1229.08,1232.92,1228.21,1232.14,0
2018-12-03 14:00:00,1232.14,1234.98,1231.95,1233.39,0
2018-12-03 15:00:00,1233.4,1234.44,1230.56,1233.04,0
2018-12-03 16:00:00,1233.03,1234.85,1232.33,1233.96,0
2018-12-03 17:00:00,1233.96,1234.48,1232.41,1233.02,0
2018-12-03 18:00:00,1233.0,1234.55,1232.04,1232.21,0
2018-12-03 19:00:00,1232.22,1232.24,1230.75,1231.1,0
2018-12-03 20:00:00,1231.11,1231.45,1230.04,1230.83,0
2018-12-03 21:00:00,1230.84,1231.21,1230.7,1230.71,0
2018-12-03 23:00:00,1230.33,1231.69,1230.27,1231.24,0
2018-12-04 00:00:00,1231.23,1231.8,1230.52,1231.43,0
2018-12-04 01:00:00,1231.42,1235.33,1231.31,1235.02,0
2018-12-04 02:00:00,1235.02,1235.64,1234.34,1235.25,0
2018-12-04 03:00:00,1235.24,1236.01,1234.62,1235.56,0
2018-12-04 04:00:00,1235.57,1237.03,1235.34,1237.03,0
2018-12-04 05:00:00,1237.01,1237.78,1236.35,1237.36,0
2018-12-04 06:00:00,1237.37,1238.4,1236.85,1237.31,0
2018-12-04 07:00:00,1237.32,1238.41,1236.62,1236.71,0
2018-12-04 08:00:00,1236.69,1239.27,1236.16,1238.66,0
2018-12-04 09:00:00,1238.65,1241.19,1238.15,1240.61,0
2018-12-04 10:00:00,1240.64,1240.92,1238.75,1239.41,0
2018-12-04 11:00:00,1239.41,1240.25,1238.66,1239.16,0
2018-12-04 12:00:00,1239.16,1239.89,1238.5,1239.46,0
2018-12-04 13:00:00,1239.49,1241.42,1237.73,1239.38,0
2018-12-04 14:00:00,1239.38,1241.97,1239.15,1240.82,0
2018-12-04 15:00:00,1240.83,1241.02,1238.02,1238.35,0
2018-12-04 16:00:00,1238.34,1239.48,1237.56,1238.51,0
2018-12-04 17:00:00,1238.44,1240.13,1236.74,1240.06,0
2018-12-04 18:00:00,1240.07,1241.42,1238.53,1238.67,0
2018-12-04 19:00:00,1238.66,1239.08,1236.73,1237.76,0
2018-12-04 20:00:00,1237.77,1239.04,1237.67,1238.03,0
2018-12-04 21:00:00,1238.0,1238.8,1237.96,1238.46,0
2018-12-04 23:00:00,1238.92,1239.28,1238.06,1238.77,0
2018-12-05 00:00:00,1238.77,1238.87,1235.23,1236.78,0
2018-12-05 01:00:00,1236.79,1237.33,1235.87,1236.17,0
2018-12-05 02:00:00,1236.18,1236.4,1235.05,1235.09,0
2018-12-05 03:00:00,1235.07,1235.71,1234.62,1235.52,0
2018-12-05 04:00:00,1235.52,1235.63,1234.55,1234.87,0
2018-12-05 05:00:00,1234.87,1235.57,1234.24,1235.25,0
2018-12-05 06:00:00,1235.25,1236.02,1234.15,1235.83,0
2018-12-05 07:00:00,1235.83,1235.87,1233.42,1234.17,0
2018-12-05 08:00:00,1234.18,1236.88,1233.34,1235.84,0
2018-12-05 09:00:00,1235.8,1236.35,1235.24,1235.79,0
2018-12-05 10:00:00,1235.78,1236.55,1235.59,1236.28,0
2018-12-05 11:00:00,1236.29,1237.92,1235.88,1237.41,0
2018-12-05 12:00:00,1237.38,1238.34,1237.1,1237.94,0
2018-12-05 13:00:00,1237.97,1238.28,1237.28,1238.16,0
2018-12-05 14:00:00,1238.17,1238.74,1236.7,1237.03,0
2018-12-05 15:00:00,1237.01,1237.43,1235.54,1237.36,0
2018-12-05 16:00:00,1237.36,1237.91,1236.7,1237.72,0
2018-12-05 17:00:00,1237.74,1238.71,1237.09,1238.45,0
2018-12-05 18:00:00,1238.41,1239.08,1236.18,1236.57,0
2018-12-05 19:00:00,1236.6,1236.98,1236.05,1236.53,0
2018-12-05 20:00:00,1236.58,1237.35,1236.54,1237.22,0
2018-12-05 21:00:00,1237.22,1238.03,1236.99,1237.09,0
2018-12-05 23:00:00,1237.65,1238.65,1237.08,1238.32,0
2018-12-06 00:00:00,1238.34,1239.84,1237.35,1239.33,0
2018-12-06 01:00:00,1239.36,1240.57,1238.84,1240.22,0
2018-12-06 02:00:00,1240.22,1240.83,1238.69,1239.24,0
2018-12-06 03:00:00,1239.24,1240.17,1238.79,1239.35,0
2018-12-06 04:00:00,1239.35,1240.28,1239.13,1239.99,0
2018-12-06 05:00:00,1240.0,1240.07,1239.36,1239.89,0
2018-12-06 06:00:00,1239.9,1239.9,1236.06,1236.16,0
2018-12-06 07:00:00,1236.17,1236.98,1234.78,1235.06,0
2018-12-06 08:00:00,1235.06,1236.88,1234.79,1236.66,0
2018-12-06 09:00:00,1236.66,1237.68,1235.94,1237.6,0
2018-12-06 10:00:00,1237.6,1237.82,1236.1,1236.23,0
2018-12-06 11:00:00,1236.23,1236.97,1235.39,1236.44,0
2018-12-06 12:00:00,1236.43,1236.81,1235.66,1236.37,0
2018-12-06 13:00:00,1236.38,1239.97,1236.02,1237.16,0
2018-12-06 14:00:00,1237.15,1244.36,1236.66,1243.95,0
2018-12-06 15:00:00,1243.96,1244.08,1241.5,1241.64,0
2018-12-06 16:00:00,1241.65,1243.25,1240.35,1241.13,0
2018-12-06 17:00:00,1241.16,1241.98,1239.45,1239.66,0
2018-12-06 18:00:00,1239.64,1240.74,1237.09,1237.76,0
2018-12-06 19:00:00,1237.76,1239.06,1236.95,1237.05,0
2018-12-06 20:00:00,1237.03,1238.34,1236.49,1238.32,0
2018-12-06 21:00:00,1238.33,1238.41,1237.72,1237.82,0
2018-12-06 23:00:00,1237.26,1238.34,1237.21,1237.43,0
2018-12-07 00:00:00,1237.43,1238.77,1237.33,1238.45,0
2018-12-07 01:00:00,1238.46,1239.68,1238.42,1238.97,0
2018-12-07 02:00:00,1238.97,1239.39,1238.17,1239.03,0
2018-12-07 03:00:00,1239.03,1240.64,1238.66,1240.03,0
2018-12-07 04:00:00,1240.04,1240.52,1239.69,1239.99,0
2018-12-07 05:00:00,1239.99,1240.23,1239.32,1239.46,0
2018-12-07 06:00:00,1239.44,1239.85,1238.94,1239.65,0
2018-12-07 07:00:00,1239.65,1240.51,1238.02,1240.15,0
2018-12-07 08:00:00,1240.15,1241.22,1239.61,1240.13,0
2018-12-07 09:00:00,1240.13,1240.23,1239.36,1240.14,0
2018-12-07 10:00:00,1240.14,1241.44,1239.88,1241.04,0
2018-12-07 11:00:00,1241.03,1242.92,1240.62,1241.37,0
2018-12-07 12:00:00,1241.34,1241.52,1240.19,1240.73,0
2018-12-07 13:00:00,1240.75,1245.58,1239.62,1244.04,0
2018-12-07 14:00:00,1244.04,1246.13,1242.42,1243.65,0
2018-12-07 15:00:00,1243.67,1246.85,1243.19,1245.18,0
2018-12-07 16:00:00,1245.19,1246.69,1244.74,1245.86,0
2018-12-07 17:00:00,1245.86,1247.07,1244.11,1246.64,0
2018-12-07 18:00:00,1246.62,1248.59,1246.16,1248.39,0
2018-12-07 19:00:00,1248.4,1250.07,1248.33,1249.84,0
2018-12-07 20:00:00,1249.81,1250.06,1248.03,1248.52,0
2018-12-07 21:00:00,1248.49,1248.72,1247.82,1248.59,0
2018-12-09 23:00:00,1249.67,1250.94,1248.89,1249.05,0
2018-12-10 00:00:00,1249.08,1249.4,1248.1,1248.8,0
2018-12-10 01:00:00,1248.81,1250.35,1247.68,1249.56,0
2018-12-10 02:00:00,1249.57,1250.21,1249.35,1249.41,0
2018-12-10 03:00:00,1249.36,1249.46,1248.44,1248.96,0
2018-12-10 04:00:00,1248.97,1249.42,1248.49,1249.37,0
2018-12-10 05:00:00,1249.37,1249.9,1248.96,1249.17,0
2018-12-10 06:00:00,1249.18,1250.06,1248.22,1248.37,0
2018-12-10 07:00:00,1248.31,1248.73,1247.01,1247.59,0
2018-12-10 08:00:00,1247.55,1248.9,1246.18,1246.36,0
2018-12-10 09:00:00,1246.33,1247.03,1245.98,1246.77,0
2018-12-10 10:00:00,1246.77,1247.75,1246.55,1246.55,0
2018-12-10 11:00:00,1246.55,1247.84,1245.58,1245.68,0
2018-12-10 12:00:00,1245.69,1247.31,1245.67,1246.96,0
2018-12-10 13:00:00,1246.96,1246.99,1243.49,1245.25,0
2018-12-10 14:00:00,1245.25,1246.53,1243.49,1246.52,0
2018-12-10 15:00:00,1246.51,1247.09,1243.85,1245.15,0
2018-12-10 16:00:00,1245.15,1247.09,1245.02,1246.06,0
2018-12-10 17:00:00,1246.06,1246.17,1242.72,1243.41,0
2018-12-10 18:00:00,1243.43,1244.58,1242.61,1242.93,0
2018-12-10 19:00:00,1242.92,1243.21,1241.63,1243.01,0
2018-12-10 20:00:00,1243.01,1244.39,1243.0,1244.26,0
2018-12-10 21:00:00,1244.26,1244.92,1243.99,1244.37,0
2018-12-10 23:00:00,1244.06,1245.04,1244.06,1244.19,0
2018-12-11 00:00:00,1244.19,1244.74,1243.64,1244.52,0
2018-12-11 01:00:00,1244.52,1246.11,1244.25,1245.57,0
2018-12-11 02:00:00,1245.58,1245.91,1245.12,1245.45,0
2018-12-11 03:00:00,1245.46,1246.29,1245.24,1245.85,0
2018-12-11 04:00:00,1245.84,1247.19,1245.65,1246.61,0
2018-12-11 05:00:00,1246.6,1247.36,1246.29,1247.12,0
2018-12-11 06:00:00,1247.11,1247.34,1245.77,1246.09,0
2018-12-11 07:00:00,1246.09,1247.79,1246.02,1247.33,0
2018-12-11 08:00:00,1247.34,1248.64,1246.9,1248.48,0
2018-12-11 09:00:00,1248.48,1249.11,1247.91,1248.81,0
2018-12-11 10:00:00,1248.81,1249.57,1247.42,1247.84,0
2018-12-11 11:00:00,1247.85,1248.53,1246.4,1247.38,0
2018-12-11 12:00:00,1247.31,1248.78,1245.66,1246.33,0
2018-12-11 13:00:00,1246.34,1247.62,1245.25,1246.75,0
2018-12-11 14:00:00,1246.74,1247.64,1244.17,1245.46,0
2018-12-11 15:00:00,1245.46,1245.66,1243.3,1243.76,0
2018-12-11 16:00:00,1243.74,1244.5,1242.12,1243.68,0
2018-12-11 17:00:00,1243.66,1245.18,1243.33,1244.3,0
2018-12-11 18:00:00,1244.3,1244.42,1241.36,1243.17,0
2018-12-11 19:00:00,1243.17,1243.29,1241.07,1242.3,0
2018-12-11 20:00:00,1242.32,1243.19,1242.3,1242.98,0
2018-12-11 21:00:00,1242.99,1243.2,1242.7,1243.02,0
2018-12-11 23:00:00,1242.98,1243.64,1242.88,1243.17,0
2018-12-12 00:00:00,1243.18,1244.21,1243.08,1244.04,0
2018-12-12 01:00:00,1244.05,1246.1,1244.03,1245.44,0
2018-12-12 02:00:00,1245.44,1246.15,1244.79,1244.92,0
2018-12-12 03:00:00,1244.92,1245.55,1244.7,1244.85,0
2018-12-12 04:00:00,1244.84,1245.02,1244.06,1244.32,0
2018-12-12 05:00:00,1244.31,1245.01,1243.62,1243.91,0
2018-12-12 06:00:00,1243.91,1243.91,1242.82,1243.18,0
2018-12-12 07:00:00,1243.17,1243.34,1242.2,1242.32,0
2018-12-12 08:00:00,1242.31,1244.54,1242.03,1244.04,0
2018-12-12 09:00:00,1244.04,1244.59,1243.39,1243.94,0
2018-12-12 10:00:00,1243.94,1245.08,1243.79,1244.56,0
2018-12-12 11:00:00,1244.57,1245.06,1243.57,1244.46,0
2018-12-12 12:00:00,1244.42,1245.77,1243.08,1244.8,0
2018-12-12 13:00:00,1244.79,1246.5,1244.27,1245.03,0
2018-12-12 14:00:00,1245.03,1246.52,1243.63,1245.93,0
2018-12-12 15:00:00,1246.0,1246.84,1245.09,1246.03,0
2018-12-12 16:00:00,1246.07,1246.39,1244.97,1245.22,0
2018-12-12 17:00:00,1245.24,1246.03,1243.98,1246.01,0
2018-12-12 18:00:00,1246.02,1247.25,1244.17,1244.66,0
2018-12-12 19:00:00,1244.64,1245.58,1243.95,1245.25,0
2018-12-12 20:00:00,1245.24,1246.13,1245.11,1245.84,0
2018-12-12 21:00:00,1245.91,1246.21,1245.09,1245.58,0
2018-12-12 23:00:00,1245.67,1246.73,1245.67,1246.17,0
2018-12-13 00:00:00,1246.17,1246.18,1244.95,1245.46,0
2018-12-13 01:00:00,1245.44,1245.48,1244.11,1245.09,0
2018-12-13 02:00:00,1245.15,1245.27,1243.97,1244.51,0
2018-12-13 03:00:00,1244.51,1244.88,1244.15,1244.69,0
2018-12-13 04:00:00,1244.69,1244.94,1244.24,1244.35,0
2018-12-13 05:00:00,1244.35,1245.29,1244.33,1244.95,0
2018-12-13 06:00:00,1244.96,1246.16,1244.85,1245.85,0
2018-12-13 07:00:00,1245.89,1246.76,1245.81,1246.16,0
2018-12-13 08:00:00,1246.15,1246.64,1245.08,1245.97,0
2018-12-13 09:00:00,1245.99,1246.23,1244.24,1244.83,0
2018-12-13 10:00:00,1244.86,1245.07,1241.29,1241.64,0
2018-12-13 11:00:00,1241.65,1243.02,1241.46,1241.99,0
2018-12-13 12:00:00,1242.01,1243.62,1241.99,1242.17,0
2018-12-13 13:00:00,1242.17,1243.86,1240.42,1242.56,0
2018-12-13 14:00:00,1242.56,1244.22,1240.17,1242.7,0
2018-12-13 15:00:00,1242.69,1244.01,1240.83,1242.29,0
2018-12-13 16:00:00,1242.3,1243.49,1242.25,1242.99,0
2018-12-13 17:00:00,1242.99,1243.64,1242.56,1242.68,0
2018-12-13 18:00:00,1242.68,1243.88,1242.3,1243.02,0
2018-12-13 19:00:00,1243.03,1243.16,1241.86,1241.95,0
2018-12-13 20:00:00,1241.96,1243.14,1241.65,1243.01,0
2018-12-13 21:00:00,1243.02,1243.21,1241.83,1241.95,0
2018-12-13 23:00:00,1241.73,1242.69,1241.64,1242.49,0
2018-12-14 00:00:00,1242.51,1242.94,1241.66,1242.32,0
2018-12-14 01:00:00,1242.33,1243.08,1242.07,1242.69,0
2018-12-14 02:00:00,1242.67,1242.69,1241.98,1242.4,0
2018-12-14 03:00:00,1242.39,1242.44,1241.74,1242.07,0
2018-12-14 04:00:00,1242.08,1242.19,1241.47,1241.68,0
2018-12-14 05:00:00,1241.67,1241.69,1240.89,1241.33,0
2018-12-14 06:00:00,1241.34,1241.34,1239.54,1240.06,0
2018-12-14 07:00:00,1240.05,1240.7,1237.43,1238.63,0
2018-12-14 08:00:00,1238.63,1239.3,1237.69,1238.27,0
2018-12-14 09:00:00,1238.22,1239.3,1237.94,1239.17,0
2018-12-14 10:00:00,1239.17,1239.85,1238.81,1238.93,0
2018-12-14 11:00:00,1238.93,1239.19,1237.88,1238.29,0
2018-12-14 12:00:00,1238.31,1238.71,1237.54,1238.01,0
2018-12-14 13:00:00,1238.01,1238.34,1234.28,1234.49,0
2018-12-14 14:00:00,1234.5,1235.57,1232.95,1234.96,0
2018-12-14 15:00:00,1234.96,1236.65,1234.79,1236.13,0
2018-12-14 16:00:00,1236.13,1240.23,1235.89,1240.04,0
2018-12-14 17:00:00,1240.04,1240.37,1239.22,1239.83,0
2018-12-14 18:00:00,1239.8,1240.02,1236.86,1238.86,0
2018-12-14 19:00:00,1238.87,1239.24,1238.41,1238.66,0
2018-12-14 20:00:00,1238.65,1239.38,1237.56,1238.36,0
2018-12-14 21:00:00,1238.36,1238.57,1238.12,1238.38,0
2018-12-16 23:00:00,1238.85,1239.1,1235.98,1237.15,0
2018-12-17 00:00:00,1237.15,1237.96,1235.83,1236.53,0
2018-12-17 01:00:00,1236.51,1238.07,1236.33,1237.91,0
2018-12-17 02:00:00,1237.9,1237.98,1237.13,1237.93,0
2018-12-17 03:00:00,1237.96,1238.15,1237.61,1237.78,0
2018-12-17 04:00:00,1237.8,1238.06,1237.0,1237.03,0
2018-12-17 05:00:00,1237.03,1237.33,1236.47,1237.04,0
2018-12-17 06:00:00,1237.04,1238.09,1236.46,1237.59,0
2018-12-17 07:00:00,1237.59,1239.09,1237.39,1238.98,0
2018-12-17 08:00:00,1238.94,1239.29,1237.65,1238.16,0
2018-12-17 09:00:00,1238.15,1238.66,1237.84,1238.45,0
2018-12-17 10:00:00,1238.44,1240.17,1238.26,1239.8,0
2018-12-17 11:00:00,1239.83,1240.35,1239.66,1239.98,0
2018-12-17 12:00:00,1239.96,1240.24,1239.35,1239.94,0
2018-12-17 13:00:00,1239.94,1242.14,1239.44,1241.63,0
2018-12-17 14:00:00,1241.63,1242.68,1240.73,1241.94,0
2018-12-17 15:00:00,1241.94,1242.78,1241.1,1242.64,0
2018-12-17 16:00:00,1242.64,1244.24,1242.2,1242.83,0
2018-12-17 17:00:00,1242.82,1246.77,1242.76,1246.77,0
2018-12-17 18:00:00,1246.76,1248.14,1246.05,1246.26,0
2018-12-17 19:00:00,1246.26,1246.71,1245.42,1245.7,0
2018-12-17 20:00:00,1245.71,1246.86,1245.44,1246.22,0
2018-12-17 21:00:00,1246.22,1246.54,1245.44,1245.9,0
2018-12-17 23:00:00,1245.83,1246.5,1245.17,1245.97,0
2018-12-18 00:00:00,1245.97,1246.63,1245.46,1246.18,0
2018-12-18 01:00:00,1246.16,1247.62,1245.53,1247.31,0
2018-12-18 02:00:00,1247.31,1248.23,1247.3,1248.03,0
2018-12-18 03:00:00,1248.03,1248.88,1247.83,1248.48,0
2018-12-18 04:00:00,1248.48,1249.01,1248.29,1248.37,0
2018-12-18 05:00:00,1248.37,1248.55,1247.43,1247.5,0
2018-12-18 06:00:00,1247.48,1247.51,1245.17,1245.36,0
2018-12-18 07:00:00,1245.36,1247.97,1245.1,1247.92,0
2018-12-18 08:00:00,1247.94,1249.14,1247.69,1248.51,0
2018-12-18 09:00:00,1248.52,1249.8,1247.57,1249.29,0
2018-12-18 10:00:00,1249.27,1249.75,1248.4,1249.51,0
2018-12-18 11:00:00,1249.51,1250.44,1248.94,1249.04,0
2018-12-18 12:00:00,1249.02,1249.27,1246.74,1247.29,0
2018-12-18 13:00:00,1247.29,1248.51,1246.61,1247.86,0
2018-12-18 14:00:00,1247.84,1248.12,1245.88,1247.12,0
2018-12-18 15:00:00,1247.12,1248.09,1246.46,1246.69,0
2018-12-18 16:00:00,1246.69,1249.06,1246.24,1248.31,0
2018-12-18 17:00:00,1248.3,1249.51,1248.21,1249.14,0
2018-12-18 18:00:00,1249.12,1249.84,1248.45,1249.43,0
2018-12-18 19:00:00,1249.44,1249.99,1248.65,1248.89,0
2018-12-18 20:00:00,1248.93,1249.58,1248.59,1249.32,0
2018-12-18 21:00:00,1249.32,1249.58,1249.21,1249.45,0
2018-12-18 23:00:00,1249.69,1250.07,1249.43,1249.53,0
2018-12-19 00:00:00,1249.54,1250.97,1248.99,1249.34,0
2018-12-19 01:00:00,1249.34,1249.79,1248.54,1249.19,0
2018-12-19 02:00:00,1249.15,1250.94,1249.05,1250.91,0
2018-12-19 03:00:00,1250.91,1251.14,1250.51,1250.58,0
2018-12-19 04:00:00,1250.58,1251.34,1250.55,1251.12,0
2018-12-19 05:00:00,1251.1,1251.39,1250.36,1250.43,0
2018-12-19 06:00:00,1250.39,1250.57,1249.43,1249.7,0
2018-12-19 07:00:00,1249.65,1250.58,1249.39,1249.82,0
2018-12-19 08:00:00,1249.82,1251.45,1249.61,1250.6,0
2018-12-19 09:00:00,1250.59,1250.98,1247.76,1248.17,0
2018-12-19 10:00:00,1248.16,1249.22,1246.82,1247.92,0
2018-12-19 11:00:00,1247.91,1248.72,1247.75,1248.39,0
2018-12-19 12:00:00,1248.38,1248.46,1247.36,1247.87,0
2018-12-19 13:00:00,1247.88,1248.66,1247.21,1248.43,0
2018-12-19 14:00:00,1248.42,1257.09,1248.14,1255.77,0
2018-12-19 15:00:00,1255.76,1258.09,1254.34,1254.47,0
2018-12-19 16:00:00,1254.44,1256.75,1254.36,1255.3,0
2018-12-19 17:00:00,1255.3,1255.47,1252.6,1252.78,0
2018-12-19 18:00:00,1252.76,1253.75,1250.3,1251.6,0
2018-12-19 19:00:00,1251.62,1251.83,1242.03,1244.11,0
2018-12-19 20:00:00,1244.11,1244.77,1241.78,1241.95,0
2018-12-19 21:00:00,1241.95,1243.78,1241.74,1242.99,0
2018-12-19 23:00:00,1243.45,1245.02,1242.98,1244.17,0
2018-12-20 00:00:00,1244.14,1244.72,1243.19,1244.71,0
2018-12-20 01:00:00,1244.69,1245.44,1242.76,1245.16,0
2018-12-20 02:00:00,1245.12,1245.82,1243.93,1244.38,0
2018-12-20 03:00:00,1244.38,1244.82,1243.89,1244.64,0
2018-12-20 04:00:00,1244.61,1245.53,1244.2,1245.3,0
2018-12-20 05:00:00,1245.28,1245.69,1244.58,1245.07,0
2018-12-20 06:00:00,1245.07,1247.36,1244.97,1246.95,0
2018-12-20 07:00:00,1246.93,1248.8,1246.43,1248.61,0
2018-12-20 08:00:00,1248.6,1250.38,1248.36,1249.49,0
2018-12-20 09:00:00,1249.45,1256.98,1249.35,1256.97,0
2018-12-20 10:00:00,1256.97,1257.08,1254.2,1256.04,0
2018-12-20 11:00:00,1255.99,1257.0,1254.87,1256.09,0
2018-12-20 12:00:00,1256.09,1256.82,1254.29,1254.57,0
2018-12-20 13:00:00,1254.58,1257.39,1253.57,1256.95,0
2018-12-20 14:00:00,1256.95,1261.45,1256.7,1259.42,0
2018-12-20 15:00:00,1259.33,1262.14,1255.39,1256.39,0
2018-12-20 16:00:00,1256.39,1260.24,1255.9,1260.06,0
2018-12-20 17:00:00,1260.06,1264.26,1259.19,1262.68,0
2018-12-20 18:00:00,1262.69,1265.34,1262.11,1264.45,0
2018-12-20 19:00:00,1264.42,1266.51,1261.22,1262.64,0
2018-12-20 20:00:00,1262.72,1264.07,1260.21,1260.99,0
2018-12-20 21:00:00,1261.0,1261.16,1259.62,1259.7,0
2018-12-20 23:00:00,1260.02,1262.11,1259.82,1262.05,0
2018-12-21 00:00:00,1262.05,1262.68,1261.34,1261.69,0
2018-12-21 01:00:00,1261.69,1261.78,1260.09,1261.12,0
2018-12-21 02:00:00,1261.16,1261.57,1259.96,1260.66,0
2018-12-21 03:00:00,1260.66,1260.88,1259.95,1260.39,0
2018-12-21 04:00:00,1260.38,1260.4,1259.23,1259.39,0
2018-12-21 05:00:00,1259.38,1259.92,1258.9,1259.44,0
2018-12-21 06:00:00,1259.42,1259.96,1258.75,1259.6,0
2018-12-21 07:00:00,1259.58,1261.77,1259.56,1261.5,0
2018-12-21 08:00:00,1261.5,1262.8,1259.26,1259.31,0
2018-12-21 09:00:00,1259.33,1259.59,1256.9,1257.54,0
2018-12-21 10:00:00,1257.52,1258.23,1256.2,1257.86,0
2018-12-21 11:00:00,1257.86,1260.88,1256.3,1260.23,0
2018-12-21 12:00:00,1260.18,1260.4,1259.01,1259.94,0
2018-12-21 13:00:00,1259.9,1262.17,1259.16,1260.87,0
2018-12-21 14:00:00,1260.86,1261.28,1257.91,1258.07,0
2018-12-21 15:00:00,1258.04,1259.69,1256.88,1259.18,0
2018-12-21 16:00:00,1259.17,1260.07,1256.93,1257.63,0
2018-12-21 17:00:00,1257.66,1257.99,1256.84,1257.13,0
2018-12-21 18:00:00,1257.11,1257.53,1253.96,1255.36,0
2018-12-21 19:00:00,1255.37,1256.52,1254.79,1255.42,0
2018-12-21 20:00:00,1255.43,1255.92,1254.88,1255.52,0
2018-12-21 21:00:00,1255.52,1255.99,1255.23,1255.46,0
2018-12-23 23:00:00,1257.5,1259.1,1257.14,1258.94,0
2018-12-24 00:00:00,1258.95,1261.24,1258.83,1260.59,0
2018-12-24 01:00:00,1260.61,1261.64,1260.19,1260.95,0
2018-12-24 02:00:00,1260.94,1264.02,1260.77,1263.99,0
2018-12-24 03:00:00,1263.96,1264.4,1263.3,1264.06,0
2018-12-24 04:00:00,1264.06,1264.38,1263.22,1264.04,0
2018-12-24 05:00:00,1264.08,1264.27,1262.85,1263.49,0
2018-12-24 06:00:00,1263.46,1263.77,1262.14,1263.14,0
2018-12-24 07:00:00,1263.12,1263.88,1262.6,1262.62,0
2018-12-24 08:00:00,1262.62,1265.38,1261.98,1263.57,0
2018-12-24 09:00:00,1263.6,1264.01,1261.57,1262.24,0
2018-12-24 10:00:00,1262.2,1262.64,1259.35,1260.16,0
2018-12-24 11:00:00,1260.13,1261.4,1259.86,1261.0,0
2018-12-24 12:00:00,1261.0,1263.2,1260.86,1262.43,0
2018-12-24 13:00:00,1262.43,1263.7,1261.54,1263.17,0
2018-12-24 14:00:00,1263.17,1266.92,1262.45,1266.35,0
2018-12-24 15:00:00,1266.3,1267.25,1265.07,1265.92,0
2018-12-24 16:00:00,1265.92,1268.55,1265.17,1268.03,0
2018-12-24 17:00:00,1268.03,1269.6,1267.35,1268.36,0
2018-12-24 18:00:00,1268.25,1268.97,1268.08,1268.9,0
2018-12-25 23:00:00,1269.47,1271.24,1267.21,1267.32,0
2018-12-26 00:00:00,1267.35,1267.39,1264.31,1265.78,0
2018-12-26 01:00:00,1265.78,1271.59,1265.72,1270.98,0
2018-12-26 02:00:00,1270.99,1272.83,1270.99,1272.46,0
2018-12-26 03:00:00,1272.47,1273.05,1272.02,1272.44,0
2018-12-26 04:00:00,1272.44,1272.87,1272.22,1272.59,0
2018-12-26 05:00:00,1272.54,1273.6,1271.3,1272.93,0
2018-12-26 06:00:00,1272.93,1274.78,1272.75,1273.95,0
2018-12-26 07:00:00,1273.95,1274.12,1272.11,1272.96,0
2018-12-26 08:00:00,1272.96,1274.01,1271.69,1272.54,0
2018-12-26 09:00:00,1272.54,1273.16,1271.86,1272.78,0
2018-12-26 10:00:00,1272.76,1273.47,1272.19,1273.33,0
2018-12-26 11:00:00,1273.3,1274.38,1272.72,1273.1,0
2018-12-26 12:00:00,1273.07,1273.19,1271.07,1272.03,0
2018-12-26 13:00:00,1272.03,1276.66,1272.03,1274.58,0
2018-12-26 14:00:00,1274.57,1277.22,1273.37,1274.48,0
2018-12-26 15:00:00,1274.49,1278.84,1274.46,1278.3,0
2018-12-26 16:00:00,1278.21,1279.12,1276.17,1276.17,0
2018-12-26 17:00:00,1276.17,1276.81,1269.61,1269.89,0
2018-12-26 18:00:00,1269.82,1272.01,1266.88,1267.03,0
2018-12-26 19:00:00,1267.06,1268.43,1265.83,1266.53,0
2018-12-26 20:00:00,1266.54,1267.15,1264.67,1266.27,0
2018-12-26 21:00:00,1266.32,1267.49,1265.69,1266.93,0
2018-12-26 23:00:00,1266.8,1269.86,1266.18,1269.21,0
2018-12-27 00:00:00,1269.19,1270.52,1268.98,1270.47,0
2018-12-27 01:00:00,1270.43,1272.36,1270.37,1270.55,0
2018-12-27 02:00:00,1270.56,1271.18,1269.34,1270.1,0
2018-12-27 03:00:00,1270.1,1270.33,1269.34,1269.38,0
2018-12-27 04:00:00,1269.38,1270.06,1269.24,1269.67,0
2018-12-27 05:00:00,1269.66,1269.71,1268.24,1268.93,0
2018-12-27 06:00:00,1268.93,1269.25,1268.15,1268.87,0
2018-12-27 07:00:00,1268.81,1269.35,1266.7,1266.81,0
2018-12-27 08:00:00,1266.81,1272.7,1266.77,1271.82,0
2018-12-27 09:00:00,1271.82,1273.57,1271.66,1272.69,0
2018-12-27 10:00:00,1272.67,1273.8,1271.04,1272.54,0
2018-12-27 11:00:00,1272.51,1272.68,1270.76,1271.1,0
2018-12-27 12:00:00,1271.1,1274.11,1270.85,1273.48,0
2018-12-27 13:00:00,1273.45,1276.35,1272.95,1275.84,0
2018-12-27 14:00:00,1275.75,1276.78,1274.37,1275.91,0
2018-12-27 15:00:00,1275.86,1276.28,1270.76,1274.67,0
2018-12-27 16:00:00,1274.68,1275.86,1273.38,1275.25,0
2018-12-27 17:00:00,1275.25,1278.15,1275.25,1277.47,0
2018-12-27 18:00:00,1277.44,1278.98,1277.14,1278.34,0
2018-12-27 19:00:00,1278.33,1278.94,1274.98,1276.06,0
2018-12-27 20:00:00,1276.07,1276.83,1274.1,1275.13,0
2018-12-27 21:00:00,1275.12,1275.7,1274.7,1275.64,0
2018-12-27 23:00:00,1275.04,1275.65,1274.4,1274.75,0
2018-12-28 00:00:00,1274.75,1275.7,1274.3,1275.65,0
2018-12-28 01:00:00,1275.63,1277.97,1275.53,1277.74,0
2018-12-28 02:00:00,1277.75,1278.48,1277.33,1278.43,0
2018-12-28 03:00:00,1278.41,1278.41,1277.23,1277.92,0
2018-12-28 04:00:00,1277.91,1278.4,1277.55,1277.78,0
2018-12-28 05:00:00,1277.73,1278.88,1277.2,1278.51,0
2018-12-28 06:00:00,1278.54,1281.31,1278.29,1280.82,0
2018-12-28 07:00:00,1280.79,1281.44,1280.21,1280.92,0
2018-12-28 08:00:00,1280.91,1282.17,1276.65,1277.37,0
2018-12-28 09:00:00,1277.37,1277.75,1276.03,1276.7,0
2018-12-28 10:00:00,1276.76,1280.04,1276.06,1278.96,0
2018-12-28 11:00:00,1278.95,1279.92,1278.02,1278.7,0
2018-12-28 12:00:00,1278.64,1279.58,1277.09,1277.42,0
2018-12-28 13:00:00,1277.38,1279.22,1276.5,1278.07,0
2018-12-28 14:00:00,1278.07,1279.35,1276.06,1278.37,0
2018-12-28 15:00:00,1278.37,1279.42,1277.48,1278.34,0
2018-12-28 16:00:00,1278.35,1279.65,1276.88,1279.44,0
2018-12-28 17:00:00,1279.43,1279.8,1277.84,1278.95,0
2018-12-28 18:00:00,1278.93,1280.93,1278.49,1278.76,0
2018-12-28 19:00:00,1278.77,1279.83,1278.19,1279.49,0
2018-12-28 20:00:00,1279.47,1280.54,1279.33,1280.02,0
2018-12-28 21:00:00,1280.01,1280.97,1279.92,1280.66,0
2018-12-30 23:00:00,1280.65,1280.77,1278.98,1279.85,0
2018-12-31 00:00:00,1279.81,1280.64,1279.28,1279.28,0
2018-12-31 01:00:00,1279.29,1279.87,1278.48,1278.66,0
2018-12-31 02:00:00,1278.66,1279.17,1278.12,1278.13,0
2018-12-31 03:00:00,1278.13,1278.71,1277.47,1277.58,0
2018-12-31 04:00:00,1277.59,1278.43,1277.48,1278.16,0
2018-12-31 05:00:00,1278.16,1279.06,1278.06,1278.98,0
2018-12-31 06:00:00,1278.98,1279.94,1278.75,1279.64,0
2018-12-31 07:00:00,1279.59,1281.16,1279.49,1281.16,0
2018-12-31 08:00:00,1281.16,1282.78,1280.61,1280.63,0
2018-12-31 09:00:00,1280.61,1282.33,1280.57,1282.13,0
2018-12-31 10:00:00,1282.12,1283.46,1281.86,1282.49,0
2018-12-31 11:00:00,1282.49,1284.11,1282.41,1283.59,0
2018-12-31 12:00:00,1283.6,1284.06,1282.41,1283.97,0
2018-12-31 13:00:00,1283.97,1284.07,1278.77,1280.08,0
2018-12-31 14:00:00,1280.1,1280.7,1279.23,1280.47,0
2018-12-31 15:00:00,1280.45,1281.43,1278.44,1280.51,0
2018-12-31 16:00:00,1280.49,1282.37,1280.38,1282.17,0
2018-12-31 17:00:00,1282.16,1282.44,1280.39,1281.55,0
2018-12-31 18:00:00,1281.54,1282.14,1278.21,1280.34,0
2018-12-31 19:00:00,1280.34,1281.94,1280.0,1281.48,0
2018-12-31 20:00:00,1281.55,1282.46,1281.35,1282.11,0
2018-12-31 21:00:00,1282.1,1282.84,1282.01,1282.46,0
2019-01-01 23:00:00,1282.23,1282.37,1280.78,1281.29,0
2019-01-02 00:00:00,1281.29,1281.93,1280.03,1280.2,0
2019-01-02 01:00:00,1280.21,1280.3,1278.81,1279.92,0
2019-01-02 02:00:00,1279.93,1282.74,1279.69,1282.73,0
2019-01-02 03:00:00,1282.73,1283.43,1282.17,1282.31,0
2019-01-02 04:00:00,1282.32,1284.14,1282.09,1284.0,0
2019-01-02 05:00:00,1283.99,1286.57,1283.78,1286.28,0
2019-01-02 06:00:00,1286.29,1287.41,1285.68,1285.92,0
2019-01-02 07:00:00,1285.91,1286.54,1284.68,1285.55,0
2019-01-02 08:00:00,1285.53,1288.67,1284.99,1288.11,0
2019-01-02 09:00:00,1288.08,1288.78,1287.05,1287.09,0
2019-01-02 10:00:00,1287.1,1287.93,1286.41,1287.39,0
2019-01-02 11:00:00,1287.39,1287.71,1286.4,1286.49,0
2019-01-02 12:00:00,1286.5,1286.5,1284.12,1285.55,0
2019-01-02 13:00:00,1285.55,1287.38,1283.31,1284.32,0
2019-01-02 14:00:00,1284.31,1285.17,1282.34,1283.69,0
2019-01-02 15:00:00,1283.67,1287.09,1282.94,1285.82,0
2019-01-02 16:00:00,1285.82,1287.75,1283.33,1285.3,0
2019-01-02 17:00:00,1285.28,1286.59,1284.08,1284.1,0
2019-01-02 18:00:00,1284.09,1284.15,1278.74,1279.42,0
2019-01-02 19:00:00,1279.41,1281.6,1279.16,1281.57,0
2019-01-02 20:00:00,1281.58,1283.31,1280.8,1283.18,0
2019-01-02 21:00:00,1283.16,1284.97,1282.37,1284.51,0
2019-01-02 23:00:00,1284.2,1290.24,1284.2,1285.91,0
2019-01-03 00:00:00,1285.89,1287.43,1285.25,1286.75,0
2019-01-03 01:00:00,1286.75,1288.62,1285.2,1288.35,0
2019-01-03 02:00:00,1288.36,1289.74,1287.96,1288.6,0
2019-01-03 03:00:00,1288.58,1288.93,1287.59,1287.94,0
2019-01-03 04:00:00,1287.95,1288.87,1287.77,1288.45,0
2019-01-03 05:00:00,1288.45,1290.29,1287.76,1290.05,0
2019-01-03 06:00:00,1290.04,1292.33,1289.46,1292.14,0
2019-01-03 07:00:00,1292.12,1292.37,1288.59,1289.69,0
2019-01-03 08:00:00,1289.71,1290.77,1288.16,1289.75,0
2019-01-03 09:00:00,1289.72,1289.79,1287.32,1288.19,0
2019-01-03 10:00:00,1288.19,1288.9,1287.01,1288.22,0
2019-01-03 11:00:00,1288.18,1288.35,1286.22,1287.24,0
2019-01-03 12:00:00,1287.24,1289.24,1287.1,1288.12,0
2019-01-03 13:00:00,1288.09,1290.17,1284.62,1287.82,0
2019-01-03 14:00:00,1287.82,1289.26,1286.88,1287.85,0
2019-01-03 15:00:00,1287.78,1291.38,1287.52,1289.81,0
2019-01-03 16:00:00,1289.82,1290.94,1288.35,1289.3,0
2019-01-03 17:00:00,1289.28,1290.94,1288.96,1290.43,0
2019-01-03 18:00:00,1290.42,1293.02,1290.13,1291.15,0
2019-01-03 19:00:00,1291.17,1293.49,1291.02,1293.38,0
2019-01-03 20:00:00,1293.39,1294.94,1292.29,1294.94,0
2019-01-03 21:00:00,1295.0,1295.0,1293.8,1294.19,0
2019-01-03 23:00:00,1294.07,1295.31,1292.95,1295.23,0
2019-01-04 00:00:00,1295.23,1297.12,1294.98,1296.92,0
2019-01-04 01:00:00,1296.92,1298.61,1296.47,1297.03,0
2019-01-04 02:00:00,1297.03,1298.15,1296.75,1296.84,0
2019-01-04 03:00:00,1296.84,1296.97,1294.59,1295.64,0
2019-01-04 04:00:00,1295.64,1295.71,1294.28,1294.54,0
2019-01-04 05:00:00,1294.52,1296.36,1294.0,1295.55,0
2019-01-04 06:00:00,1295.55,1295.83,1294.11,1294.39,0
2019-01-04 07:00:00,1294.37,1295.17,1293.06,1294.65,0
2019-01-04 08:00:00,1294.62,1295.39,1291.29,1291.82,0
2019-01-04 09:00:00,1291.81,1292.6,1289.45,1290.17,0
2019-01-04 10:00:00,1290.16,1291.18,1289.96,1291.18,0
2019-01-04 11:00:00,1291.16,1292.16,1290.85,1291.35,0
2019-01-04 12:00:00,1291.34,1291.77,1290.54,1291.21,0
2019-01-04 13:00:00,1291.22,1291.79,1285.65,1287.75,0
2019-01-04 14:00:00,1287.78,1287.84,1276.66,1277.9,0
2019-01-04 15:00:00,1277.88,1284.73,1277.01,1283.61,0
2019-01-04 16:00:00,1283.64,1285.88,1282.48,1285.6,0
2019-01-04 17:00:00,1285.59,1286.26,1283.06,1284.41,0
2019-01-04 18:00:00,1284.41,1285.21,1283.52,1283.57,0
2019-01-04 19:00:00,1283.53,1284.56,1283.33,1284.37,0
2019-01-04 20:00:00,1284.37,1285.89,1284.15,1284.97,0
2019-01-04 21:00:00,1284.99,1285.3,1284.57,1284.91,0
2019-01-06 23:00:00,1284.89,1286.46,1284.21,1284.3,0
2019-01-07 00:00:00,1284.28,1285.04,1282.71,1284.95,0
2019-01-07 01:00:00,1284.95,1289.84,1284.89,1288.92,0
2019-01-07 02:00:00,1288.91,1289.56,1288.23,1289.3,0
2019-01-07 03:00:00,1289.29,1289.7,1288.8,1288.86,0
2019-01-07 04:00:00,1288.87,1289.63,1288.62,1288.9,0
2019-01-07 05:00:00,1288.9,1291.77,1288.89,1291.51,0
2019-01-07 06:00:00,1291.5,1291.98,1288.77,1289.88,0
2019-01-07 07:00:00,1289.84,1291.88,1289.56,1291.47,0
2019-01-07 08:00:00,1291.45,1292.42,1289.85,1290.91,0
2019-01-07 09:00:00,1290.91,1291.69,1290.5,1291.39,0
2019-01-07 10:00:00,1291.4,1292.08,1290.54,1290.94,0
2019-01-07 11:00:00,1290.93,1291.52,1290.55,1290.98,0
2019-01-07 12:00:00,1290.95,1293.03,1290.86,1292.3,0
2019-01-07 13:00:00,1292.3,1295.1,1292.14,1292.4,0
2019-01-07 14:00:00,1292.42,1293.11,1290.66,1291.28,0
2019-01-07 15:00:00,1291.25,1292.06,1287.57,1288.88,0
2019-01-07 16:00:00,1288.88,1288.97,1286.22,1287.84,0
2019-01-07 17:00:00,1287.8,1288.6,1287.33,1288.27,0
2019-01-07 18:00:00,1288.31,1289.07,1287.66,1288.22,0
2019-01-07 19:00:00,1288.25,1288.63,1287.83,1288.39,0
2019-01-07 20:00:00,1288.41,1288.96,1286.81,1288.85,0
2019-01-07 21:00:00,1288.85,1289.23,1288.41,1289.23,0
2019-01-07 23:00:00,1288.9,1289.68,1288.28,1288.88,0
2019-01-08 00:00:00,1288.92,1289.15,1287.8,1289.12,0
2019-01-08 01:00:00,1289.11,1290.25,1286.17,1286.34,0
2019-01-08 02:00:00,1286.35,1287.15,1285.03,1285.26,0
2019-01-08 03:00:00,1285.26,1285.74,1283.39,1283.88,0
2019-01-08 04:00:00,1283.86,1283.99,1282.54,1283.03,0
2019-01-08 05:00:00,1283.05,1283.28,1281.85,1283.06,0
2019-01-08 06:00:00,1283.06,1284.8,1282.88,1283.42,0
2019-01-08 07:00:00,1283.42,1283.46,1281.7,1282.82,0
2019-01-08 08:00:00,1282.82,1283.83,1282.39,1283.16,0
2019-01-08 09:00:00,1283.16,1284.1,1282.99,1283.56,0
2019-01-08 10:00:00,1283.55,1283.89,1282.16,1283.58,0
2019-01-08 11:00:00,1283.58,1283.66,1282.77,1283.39,0
2019-01-08 12:00:00,1283.38,1284.17,1281.93,1282.47,0
2019-01-08 13:00:00,1282.46,1283.09,1279.43,1280.73,0
2019-01-08 14:00:00,1280.72,1286.15,1280.42,1284.99,0
2019-01-08 15:00:00,1285.0,1286.4,1282.55,1285.07,0
2019-01-08 16:00:00,1285.06,1285.2,1283.91,1284.47,0
2019-01-08 17:00:00,1284.47,1287.05,1283.93,1286.44,0
2019-01-08 18:00:00,1286.45,1286.94,1284.55,1284.95,0
2019-01-08 19:00:00,1284.95,1285.39,1284.21,1285.13,0
2019-01-08 20:00:00,1285.13,1285.38,1284.35,1285.34,0
2019-01-08 21:00:00,1285.34,1285.54,1285.0,1285.27,0
2019-01-08 23:00:00,1284.99,1285.26,1284.68,1285.2,0
2019-01-09 00:00:00,1285.19,1286.19,1284.73,1285.39,0
2019-01-09 01:00:00,1285.38,1287.18,1285.17,1285.85,0
2019-01-09 02:00:00,1285.83,1286.22,1284.14,1284.19,0
2019-01-09 03:00:00,1284.19,1284.47,1283.28,1283.33,0
2019-01-09 04:00:00,1283.34,1283.34,1281.71,1282.22,0
2019-01-09 05:00:00,1282.22,1283.35,1281.6,1282.59,0
2019-01-09 06:00:00,1282.58,1283.02,1281.27,1282.31,0
2019-01-09 07:00:00,1282.33,1283.67,1281.84,1282.53,0
2019-01-09 08:00:00,1282.53,1283.41,1282.33,1282.82,0
2019-01-09 09:00:00,1282.81,1282.87,1280.67,1281.23,0
2019-01-09 10:00:00,1281.22,1281.68,1280.15,1280.92,0
2019-01-09 11:00:00,1280.93,1281.83,1280.45,1281.66,0
2019-01-09 12:00:00,1281.66,1281.76,1280.13,1281.58,0
2019-01-09 13:00:00,1281.58,1285.53,1281.58,1284.7,0
2019-01-09 14:00:00,1284.67,1289.82,1284.42,1288.48,0
2019-01-09 15:00:00,1288.45,1291.85,1288.29,1290.12,0
2019-01-09 16:00:00,1290.12,1290.81,1287.76,1288.65,0
2019-01-09 17:00:00,1288.64,1290.05,1287.83,1289.95,0
2019-01-09 18:00:00,1289.91,1291.75,1289.57,1290.94,0
2019-01-09 19:00:00,1290.9,1293.47,1289.78,1291.71,0
2019-01-09 20:00:00,1291.7,1293.9,1291.46,1293.66,0
2019-01-09 21:00:00,1293.7,1293.75,1292.96,1293.25,0
2019-01-09 23:00:00,1292.81,1293.88,1292.55,1292.96,0
2019-01-10 00:00:00,1292.96,1293.55,1292.02,1293.22,0
2019-01-10 01:00:00,1293.22,1293.74,1291.65,1292.63,0
2019-01-10 02:00:00,1292.64,1294.91,1292.63,1294.78,0
2019-01-10 03:00:00,1294.78,1297.09,1294.73,1296.93,0
2019-01-10 04:00:00,1296.93,1297.07,1295.69,1295.78,0
2019-01-10 05:00:00,1295.78,1296.86,1295.62,1296.32,0
2019-01-10 06:00:00,1296.32,1296.82,1294.85,1295.25,0
2019-01-10 07:00:00,1295.23,1296.56,1295.06,1295.47,0
2019-01-10 08:00:00,1295.48,1297.05,1294.46,1294.56,0
2019-01-10 09:00:00,1294.56,1294.75,1292.05,1293.05,0
2019-01-10 10:00:00,1293.05,1293.35,1291.63,1293.05,0
2019-01-10 11:00:00,1293.04,1294.36,1292.83,1293.13,0
2019-01-10 12:00:00,1293.13,1293.95,1292.54,1293.94,0
2019-01-10 13:00:00,1293.95,1294.66,1289.8,1289.96,0
2019-01-10 14:00:00,1289.95,1292.39,1289.16,1291.81,0
2019-01-10 15:00:00,1291.8,1292.29,1289.54,1290.14,0
2019-01-10 16:00:00,1290.15,1290.18,1288.21,1289.13,0
2019-01-10 17:00:00,1289.13,1289.31,1287.59,1288.0,0
2019-01-10 18:00:00,1287.98,1288.79,1286.53,1287.88,0
2019-01-10 19:00:00,1287.88,1287.97,1286.76,1287.56,0
2019-01-10 20:00:00,1287.55,1287.59,1286.2,1286.35,0
2019-01-10 21:00:00,1286.34,1286.84,1286.19,1286.5,0
2019-01-10 23:00:00,1286.89,1288.11,1286.74,1288.01,0
2019-01-11 00:00:00,1288.0,1288.72,1287.59,1287.99,0
2019-01-11 01:00:00,1287.99,1290.26,1287.96,1289.88,0
2019-01-11 02:00:00,1289.88,1291.43,1289.37,1291.1,0
2019-01-11 03:00:00,1291.08,1291.74,1290.85,1291.38,0
2019-01-11 04:00:00,1291.36,1292.97,1291.17,1292.82,0
2019-01-11 05:00:00,1292.85,1294.37,1292.54,1294.0,0
2019-01-11 06:00:00,1294.0,1294.51,1291.76,1293.15,0
2019-01-11 07:00:00,1293.15,1294.65,1292.95,1293.66,0
2019-01-11 08:00:00,1293.68,1295.18,1292.22,1292.97,0
2019-01-11 09:00:00,1292.98,1293.64,1292.1,1292.29,0
2019-01-11 10:00:00,1292.29,1293.63,1292.1,1293.21,0
2019-01-11 11:00:00,1293.2,1293.23,1291.22,1291.54,0
2019-01-11 12:00:00,1291.54,1293.55,1291.39,1292.06,0
2019-01-11 13:00:00,1292.11,1293.28,1291.19,1292.44,0
2019-01-11 14:00:00,1292.43,1292.58,1287.01,1288.57,0
2019-01-11 15:00:00,1288.57,1291.2,1288.39,1290.31,0
2019-01-11 16:00:00,1290.32,1290.49,1289.09,1289.46,0
2019-01-11 17:00:00,1289.46,1290.95,1289.32,1290.24,0
2019-01-11 18:00:00,1290.24,1290.39,1288.24,1288.64,0
2019-01-11 19:00:00,1288.65,1288.92,1287.82,1288.13,0
2019-01-11 20:00:00,1288.14,1288.55,1287.21,1288.38,0
2019-01-11 21:00:00,1288.38,1288.47,1287.36,1287.47,0
2019-01-13 23:00:00,1287.64,1288.64,1287.41,1288.14,0
2019-01-14 00:00:00,1288.14,1289.71,1287.99,1289.15,0
2019-01-14 01:00:00,1289.14,1292.73,1288.82,1292.35,0
2019-01-14 02:00:00,1292.37,1292.57,1290.29,1290.32,0
2019-01-14 03:00:00,1290.31,1291.58,1290.27,1291.0,0
2019-01-14 04:00:00,1290.99,1291.35,1290.22,1290.53,0
2019-01-14 05:00:00,1290.53,1292.2,1290.26,1291.85,0
2019-01-14 06:00:00,1291.85,1292.58,1290.54,1291.45,0
2019-01-14 07:00:00,1291.45,1293.5,1290.28,1293.22,0
2019-01-14 08:00:00,1293.21,1294.17,1292.08,1293.74,0
2019-01-14 09:00:00,1293.75,1294.58,1293.16,1293.86,0
2019-01-14 10:00:00,1293.86,1295.64,1293.67,1295.2,0
2019-01-14 11:00:00,1295.19,1295.9,1294.21,1295.68,0
2019-01-14 12:00:00,1295.68,1295.68,1293.38,1295.32,0
2019-01-14 13:00:00,1295.32,1295.76,1288.5,1289.88,0
2019-01-14 14:00:00,1289.87,1293.16,1289.58,1292.19,0
2019-01-14 15:00:00,1292.18,1292.92,1290.02,1290.52,0
2019-01-14 16:00:00,1290.52,1290.84,1289.36,1290.65,0
2019-01-14 17:00:00,1290.65,1292.15,1290.18,1291.74,0
2019-01-14 18:00:00,1291.73,1292.06,1290.74,1291.65,0
2019-01-14 19:00:00,1291.64,1292.37,1291.13,1291.91,0
2019-01-14 20:00:00,1291.91,1291.96,1291.07,1291.59,0
2019-01-14 21:00:00,1291.59,1292.04,1291.37,1291.54,0
2019-01-14 23:00:00,1291.92,1292.56,1291.39,1291.55,0
2019-01-15 00:00:00,1291.55,1291.76,1290.41,1291.25,0
2019-01-15 01:00:00,1291.26,1293.42,1290.96,1293.05,0
2019-01-15 02:00:00,1293.05,1293.4,1292.07,1292.65,0
2019-01-15 03:00:00,1292.63,1292.72,1291.26,1291.35,0
2019-01-15 04:00:00,1291.35,1291.64,1291.1,1291.28,0
2019-01-15 05:00:00,1291.27,1291.59,1290.22,1291.31,0
2019-01-15 06:00:00,1291.31,1291.35,1289.92,1290.76,0
2019-01-15 07:00:00,1290.76,1291.27,1289.41,1289.66,0
2019-01-15 08:00:00,1289.66,1289.83,1287.9,1288.94,0
2019-01-15 09:00:00,1288.94,1289.57,1287.58,1288.76,0
2019-01-15 10:00:00,1288.79,1289.61,1288.46,1289.1,0
2019-01-15 11:00:00,1289.1,1291.28,1288.96,1291.19,0
2019-01-15 12:00:00,1291.19,1292.1,1290.51,1290.88,0
2019-01-15 13:00:00,1290.89,1293.35,1288.35,1293.0,0
2019-01-15 14:00:00,1293.01,1294.66,1292.13,1294.46,0
2019-01-15 15:00:00,1294.43,1294.73,1290.7,1291.23,0
2019-01-15 16:00:00,1291.23,1291.23,1287.72,1287.96,0
2019-01-15 17:00:00,1287.96,1289.15,1286.76,1288.04,0
2019-01-15 18:00:00,1288.04,1288.81,1287.13,1288.74,0
2019-01-15 19:00:00,1288.74,1290.58,1288.45,1290.37,0
2019-01-15 20:00:00,1290.42,1290.87,1288.94,1289.07,0
2019-01-15 21:00:00,1289.08,1289.51,1288.95,1289.35,0
2019-01-15 23:00:00,1289.77,1289.88,1289.21,1289.63,0
2019-01-16 00:00:00,1289.63,1290.91,1289.52,1290.72,0
2019-01-16 01:00:00,1290.72,1291.21,1289.11,1289.23,0
2019-01-16 02:00:00,1289.23,1290.17,1289.08,1289.52,0
2019-01-16 03:00:00,1289.52,1289.58,1288.37,1288.83,0
2019-01-16 04:00:00,1288.83,1289.84,1288.81,1289.66,0
2019-01-16 05:00:00,1289.67,1291.98,1289.56,1291.67,0
2019-01-16 06:00:00,1291.67,1292.74,1290.92,1291.06,0
2019-01-16 07:00:00,1291.03,1292.1,1289.43,1289.76,0
2019-01-16 08:00:00,1289.77,1291.74,1289.74,1290.84,0
2019-01-16 09:00:00,1290.84,1290.86,1289.46,1289.9,0
2019-01-16 10:00:00,1289.88,1290.32,1289.19,1289.43,0
2019-01-16 11:00:00,1289.43,1289.63,1288.45,1288.77,0
2019-01-16 12:00:00,1288.77,1289.66,1287.91,1288.91,0
2019-01-16 13:00:00,1288.9,1290.86,1288.9,1290.18,0
2019-01-16 14:00:00,1290.18,1292.58,1290.18,1292.53,0
2019-01-16 15:00:00,1292.53,1295.0,1292.24,1293.02,0
2019-01-16 16:00:00,1293.02,1294.98,1292.99,1294.71,0
2019-01-16 17:00:00,1294.71,1294.99,1293.45,1293.84,0
2019-01-16 18:00:00,1293.84,1294.15,1292.84,1293.47,0
2019-01-16 19:00:00,1293.44,1293.9,1292.25,1293.24,0
2019-01-16 20:00:00,1293.24,1293.77,1292.53,1293.13,0
2019-01-16 21:00:00,1293.13,1293.81,1293.02,1293.49,0
2019-01-16 23:00:00,1294.05,1294.12,1292.94,1292.99,0
2019-01-17 00:00:00,1292.99,1294.02,1292.93,1294.01,0
2019-01-17 01:00:00,1294.01,1295.02,1293.99,1294.79,0
2019-01-17 02:00:00,1294.8,1295.35,1293.26,1293.35,0
2019-01-17 03:00:00,1293.35,1293.45,1291.99,1292.52,0
2019-01-17 04:00:00,1292.52,1292.59,1291.37,1291.51,0
2019-01-17 05:00:00,1291.52,1292.68,1291.38,1292.66,0
2019-01-17 06:00:00,1292.66,1293.15,1291.98,1292.63,0
2019-01-17 07:00:00,1292.63,1292.96,1291.35,1292.94,0
2019-01-17 08:00:00,1292.92,1295.05,1292.28,1294.02,0
2019-01-17 09:00:00,1294.02,1294.71,1293.55,1294.24,0
2019-01-17 10:00:00,1294.22,1294.5,1293.74,1294.28,0
2019-01-17 11:00:00,1294.28,1295.0,1293.89,1294.08,0
2019-01-17 12:00:00,1294.09,1294.56,1293.64,1293.88,0
2019-01-17 13:00:00,1293.88,1294.09,1289.67,1291.58,0
2019-01-17 14:00:00,1291.58,1292.19,1289.92,1290.7,0
2019-01-17 15:00:00,1290.72,1291.5,1288.77,1290.44,0
2019-01-17 16:00:00,1290.45,1292.48,1290.4,1291.61,0
2019-01-17 17:00:00,1291.59,1292.27,1291.15,1292.01,0
2019-01-17 18:00:00,1292.01,1293.15,1291.82,1292.34,0
2019-01-17 19:00:00,1292.35,1293.29,1289.6,1290.81,0
2019-01-17 20:00:00,1290.8,1292.55,1290.67,1291.81,0
2019-01-17 21:00:00,1291.81,1292.25,1291.7,1291.95,0
2019-01-17 23:00:00,1292.22,1292.51,1291.86,1292.33,0
2019-01-18 00:00:00,1292.34,1292.46,1290.56,1291.12,0
2019-01-18 01:00:00,1291.12,1292.0,1290.53,1290.9,0
2019-01-18 02:00:00,1290.9,1291.79,1290.38,1291.38,0
2019-01-18 03:00:00,1291.38,1292.41,1291.36,1291.75,0
2019-01-18 04:00:00,1291.76,1292.17,1291.58,1291.97,0
2019-01-18 05:00:00,1291.97,1292.07,1290.88,1291.16,0
2019-01-18 06:00:00,1291.17,1292.24,1290.88,1292.09,0
2019-01-18 07:00:00,1292.09,1292.21,1289.93,1290.15,0
2019-01-18 08:00:00,1290.15,1290.25,1287.76,1288.67,0
2019-01-18 09:00:00,1288.68,1288.76,1283.66,1285.12,0
2019-01-18 10:00:00,1285.13,1285.99,1285.03,1285.96,0
2019-01-18 11:00:00,1285.96,1286.15,1284.82,1284.84,0
2019-01-18 12:00:00,1284.83,1286.54,1284.62,1285.87,0
2019-01-18 13:00:00,1285.87,1285.91,1281.26,1283.27,0
2019-01-18 14:00:00,1283.27,1283.83,1281.82,1283.24,0
2019-01-18 15:00:00,1283.24,1285.53,1282.33,1283.37,0
2019-01-18 16:00:00,1283.36,1284.47,1281.97,1282.51,0
2019-01-18 17:00:00,1282.51,1283.38,1282.32,1282.61,0
2019-01-18 18:00:00,1282.61,1283.53,1282.34,1282.44,0
2019-01-18 19:00:00,1282.44,1283.05,1281.99,1282.07,0
2019-01-18 20:00:00,1282.06,1282.32,1280.67,1280.74,0
2019-01-18 21:00:00,1280.73,1281.55,1280.72,1281.52,0
2019-01-20 23:00:00,1281.61,1283.31,1281.61,1282.64,0
2019-01-21 00:00:00,1282.64,1283.59,1282.56,1283.47,0
2019-01-21 01:00:00,1283.47,1283.58,1282.39,1282.95,0
2019-01-21 02:00:00,1282.97,1283.29,1282.56,1282.81,0
2019-01-21 03:00:00,1282.86,1282.92,1281.63,1281.84,0
2019-01-21 04:00:00,1281.84,1282.18,1281.29,1281.4,0
2019-01-21 05:00:00,1281.4,1281.71,1281.1,1281.53,0
2019-01-21 06:00:00,1281.53,1283.15,1281.45,1282.97,0
2019-01-21 07:00:00,1282.97,1283.5,1282.26,1282.54,0
2019-01-21 08:00:00,1282.54,1282.71,1278.09,1279.15,0
2019-01-21 09:00:00,1279.15,1279.25,1277.74,1278.45,0
2019-01-21 10:00:00,1278.45,1279.25,1277.55,1279.02,0
2019-01-21 11:00:00,1279.02,1279.45,1278.32,1278.37,0
2019-01-21 12:00:00,1278.35,1278.9,1276.83,1277.76,0
2019-01-21 13:00:00,1277.76,1279.15,1276.82,1279.04,0
2019-01-21 14:00:00,1279.03,1281.02,1278.25,1279.85,0
2019-01-21 15:00:00,1279.9,1280.54,1279.51,1280.42,0
2019-01-21 16:00:00,1280.43,1280.84,1279.9,1280.48,0
2019-01-21 17:00:00,1280.48,1280.58,1279.96,1280.26,0
2019-01-21 18:00:00,1280.26,1280.31,1280.22,1280.22,0
2019-01-21 23:00:00,1280.07,1280.59,1279.71,1279.75,0
2019-01-22 00:00:00,1279.74,1280.35,1279.34,1279.46,0
2019-01-22 01:00:00,1279.47,1279.96,1278.83,1278.92,0
2019-01-22 02:00:00,1278.93,1278.98,1277.9,1278.06,0
2019-01-22 03:00:00,1278.07,1278.93,1277.84,1278.89,0
2019-01-22 04:00:00,1278.89,1278.94,1277.52,1277.65,0
2019-01-22 05:00:00,1277.66,1279.84,1277.46,1279.21,0
2019-01-22 06:00:00,1279.21,1279.57,1278.29,1278.7,0
2019-01-22 07:00:00,1278.73,1281.58,1278.58,1281.28,0
2019-01-22 08:00:00,1281.27,1284.58,1281.08,1284.54,0
2019-01-22 09:00:00,1284.54,1284.87,1283.91,1284.23,0
2019-01-22 10:00:00,1284.19,1284.73,1283.83,1283.92,0
2019-01-22 11:00:00,1283.92,1284.05,1282.58,1282.7,0
2019-01-22 12:00:00,1282.73,1283.65,1282.26,1283.25,0
2019-01-22 13:00:00,1283.23,1283.41,1281.66,1282.9,0
2019-01-22 14:00:00,1282.91,1284.35,1281.53,1281.67,0
2019-01-22 15:00:00,1281.67,1282.41,1279.3,1280.31,0
2019-01-22 16:00:00,1280.32,1283.28,1280.32,1283.16,0
2019-01-22 17:00:00,1283.16,1283.85,1282.82,1283.64,0
2019-01-22 18:00:00,1283.65,1285.14,1283.43,1284.51,0
2019-01-22 19:00:00,1284.53,1285.48,1284.12,1285.27,0
2019-01-22 20:00:00,1285.27,1285.38,1283.64,1284.46,0
2019-01-22 21:00:00,1284.45,1285.52,1284.44,1285.04,0
2019-01-22 23:00:00,1284.85,1285.15,1284.4,1284.63,0
2019-01-23 00:00:00,1284.64,1284.66,1283.85,1284.55,0
2019-01-23 01:00:00,1284.55,1285.7,1283.1,1285.12,0
2019-01-23 02:00:00,1285.11,1285.35,1284.36,1284.53,0
2019-01-23 03:00:00,1284.52,1284.89,1283.91,1284.01,0
2019-01-23 04:00:00,1284.01,1284.21,1283.39,1283.4,0
2019-01-23 05:00:00,1283.4,1284.49,1283.3,1284.11,0
2019-01-23 06:00:00,1284.11,1284.7,1283.51,1284.23,0
2019-01-23 07:00:00,1284.23,1285.26,1283.7,1284.58,0
2019-01-23 08:00:00,1284.59,1286.46,1284.19,1286.35,0
2019-01-23 09:00:00,1286.35,1286.55,1284.87,1285.15,0
2019-01-23 10:00:00,1285.14,1285.35,1284.7,1285.03,0
2019-01-23 11:00:00,1285.04,1285.83,1285.01,1285.49,0
2019-01-23 12:00:00,1285.49,1285.64,1284.82,1285.06,0
2019-01-23 13:00:00,1285.06,1285.4,1280.64,1280.9,0
2019-01-23 14:00:00,1280.9,1281.68,1278.7,1279.84,0
2019-01-23 15:00:00,1279.83,1283.37,1279.51,1282.14,0
2019-01-23 16:00:00,1282.14,1285.63,1281.96,1285.1,0
2019-01-23 17:00:00,1285.1,1285.9,1284.46,1284.74,0
2019-01-23 18:00:00,1284.75,1284.88,1283.5,1283.61,0
2019-01-23 19:00:00,1283.62,1284.18,1283.28,1283.57,0
2019-01-23 20:00:00,1283.58,1283.6,1282.98,1283.14,0
2019-01-23 21:00:00,1283.13,1283.23,1282.35,1282.7,0
2019-01-23 23:00:00,1282.77,1283.9,1282.56,1283.8,0
2019-01-24 00:00:00,1283.8,1284.56,1283.04,1284.52,0
2019-01-24 01:00:00,1284.51,1284.85,1283.46,1284.53,0
2019-01-24 02:00:00,1284.53,1284.57,1282.99,1283.42,0
2019-01-24 03:00:00,1283.41,1283.72,1282.79,1282.95,0
2019-01-24 04:00:00,1282.94,1283.25,1281.41,1281.72,0
2019-01-24 05:00:00,1281.71,1282.18,1281.11,1281.77,0
2019-01-24 06:00:00,1281.78,1282.45,1281.03,1281.38,0
2019-01-24 07:00:00,1281.38,1281.65,1279.94,1280.21,0
2019-01-24 08:00:00,1280.21,1280.79,1278.37,1278.98,0
2019-01-24 09:00:00,1278.97,1280.05,1278.65,1279.77,0
2019-01-24 10:00:00,1279.77,1280.27,1279.28,1279.76,0
2019-01-24 11:00:00,1279.76,1280.13,1279.24,1279.76,0
2019-01-24 12:00:00,1279.75,1279.86,1278.36,1279.2,0
2019-01-24 13:00:00,1279.19,1281.68,1276.81,1280.53,0
2019-01-24 14:00:00,1280.55,1283.83,1279.7,1283.45,0
2019-01-24 15:00:00,1283.45,1283.94,1281.37,1282.3,0
2019-01-24 16:00:00,1282.3,1283.2,1281.69,1282.17,0
2019-01-24 17:00:00,1282.18,1282.54,1280.05,1280.33,0
2019-01-24 18:00:00,1280.32,1281.42,1279.57,1279.95,0
2019-01-24 19:00:00,1279.95,1280.33,1279.41,1279.99,0
2019-01-24 20:00:00,1279.98,1280.96,1279.9,1280.94,0
2019-01-24 21:00:00,1280.93,1281.16,1280.66,1281.09,0
2019-01-24 23:00:00,1280.8,1281.85,1280.67,1281.44,0
2019-01-25 00:00:00,1281.44,1281.45,1280.75,1280.9,0
2019-01-25 01:00:00,1280.9,1282.34,1279.96,1280.03,0
2019-01-25 02:00:00,1280.04,1282.27,1280.02,1281.75,0
2019-01-25 03:00:00,1281.75,1283.12,1281.75,1281.86,0
2019-01-25 04:00:00,1281.85,1282.37,1281.63,1282.02,0
2019-01-25 05:00:00,1282.02,1282.98,1281.74,1282.36,0
2019-01-25 06:00:00,1282.33,1283.82,1281.85,1283.65,0
2019-01-25 07:00:00,1283.65,1285.04,1283.35,1284.64,0
2019-01-25 08:00:00,1284.64,1285.18,1283.49,1283.78,0
2019-01-25 09:00:00,1283.78,1284.19,1282.46,1283.37,0
2019-01-25 10:00:00,1283.37,1284.15,1282.7,1283.89,0
2019-01-25 11:00:00,1283.89,1284.84,1283.84,1284.62,0
2019-01-25 12:00:00,1284.62,1285.2,1284.1,1284.19,0
2019-01-25 13:00:00,1284.19,1289.49,1283.52,1288.67,0
2019-01-25 14:00:00,1288.67,1295.05,1288.65,1293.69,0
2019-01-25 15:00:00,1293.68,1299.28,1293.67,1297.55,0
2019-01-25 16:00:00,1297.55,1300.38,1297.37,1299.03,0
2019-01-25 17:00:00,1299.03,1299.04,1296.46,1297.67,0
2019-01-25 18:00:00,1297.65,1299.07,1297.08,1297.28,0
2019-01-25 19:00:00,1297.26,1299.51,1297.25,1298.56,0
2019-01-25 20:00:00,1298.56,1299.74,1298.0,1299.66,0
2019-01-25 21:00:00,1299.66,1304.07,1299.66,1302.51,0
2019-01-27 23:00:00,1302.95,1303.19,1299.98,1300.1,0
2019-01-28 00:00:00,1300.13,1301.82,1299.52,1301.28,0
2019-01-28 01:00:00,1301.28,1302.59,1300.98,1301.69,0
2019-01-28 02:00:00,1301.69,1303.12,1301.48,1303.08,0
2019-01-28 03:00:00,1303.07,1303.28,1302.26,1302.72,0
2019-01-28 04:00:00,1302.69,1303.2,1302.37,1303.19,0
2019-01-28 05:00:00,1303.19,1304.45,1302.33,1302.41,0
2019-01-28 06:00:00,1302.43,1302.93,1301.15,1301.84,0
2019-01-28 07:00:00,1301.85,1302.4,1301.23,1301.83,0
2019-01-28 08:00:00,1301.84,1301.84,1300.38,1300.49,0
2019-01-28 09:00:00,1300.44,1301.49,1300.37,1300.65,0
2019-01-28 10:00:00,1300.65,1302.46,1300.54,1301.24,0
2019-01-28 11:00:00,1301.24,1301.72,1299.63,1299.66,0
2019-01-28 12:00:00,1299.66,1300.98,1299.5,1300.07,0
2019-01-28 13:00:00,1300.07,1300.59,1299.11,1299.61,0
2019-01-28 14:00:00,1299.61,1302.34,1297.71,1302.11,0
2019-01-28 15:00:00,1302.11,1303.87,1301.91,1302.57,0
2019-01-28 16:00:00,1302.57,1303.6,1301.94,1303.41,0
2019-01-28 17:00:00,1303.41,1303.92,1302.4,1303.3,0
2019-01-28 18:00:00,1303.3,1304.24,1302.5,1302.72,0
2019-01-28 19:00:00,1302.72,1303.38,1302.22,1302.62,0
2019-01-28 20:00:00,1302.61,1304.07,1302.44,1303.95,0
2019-01-28 21:00:00,1303.96,1304.23,1303.09,1303.18,0
2019-01-28 23:00:00,1303.19,1304.03,1302.91,1303.92,0
2019-01-29 00:00:00,1303.99,1304.58,1303.08,1304.45,0
2019-01-29 01:00:00,1304.44,1304.49,1302.74,1303.23,0
2019-01-29 02:00:00,1303.23,1304.53,1303.05,1304.25,0
2019-01-29 03:00:00,1304.24,1304.42,1303.22,1303.77,0
2019-01-29 04:00:00,1303.77,1304.28,1303.73,1303.8,0
2019-01-29 05:00:00,1303.79,1304.25,1302.97,1304.11,0
2019-01-29 06:00:00,1304.11,1306.46,1304.02,1305.09,0
2019-01-29 07:00:00,1305.09,1307.68,1304.79,1307.62,0
2019-01-29 08:00:00,1307.61,1309.33,1307.06,1308.5,0
2019-01-29 09:00:00,1308.51,1308.8,1306.87,1308.38,0
2019-01-29 10:00:00,1308.38,1309.08,1307.67,1307.78,0
2019-01-29 11:00:00,1307.79,1308.43,1306.88,1307.7,0
2019-01-29 12:00:00,1307.71,1310.19,1306.92,1308.72,0
2019-01-29 13:00:00,1308.72,1311.48,1307.96,1308.24,0
2019-01-29 14:00:00,1308.29,1309.48,1306.23,1307.48,0
2019-01-29 15:00:00,1307.48,1311.76,1307.46,1310.92,0
2019-01-29 16:00:00,1310.93,1311.04,1309.15,1309.31,0
2019-01-29 17:00:00,1309.32,1309.96,1308.67,1309.88,0
2019-01-29 18:00:00,1309.88,1310.79,1309.18,1310.45,0
2019-01-29 19:00:00,1310.45,1311.98,1310.45,1311.03,0
2019-01-29 20:00:00,1311.08,1311.72,1310.77,1311.34,0
2019-01-29 21:00:00,1311.34,1311.99,1311.09,1311.46,0
2019-01-29 23:00:00,1311.7,1311.8,1310.74,1310.8,0
2019-01-30 00:00:00,1310.81,1311.75,1310.61,1311.31,0
2019-01-30 01:00:00,1311.31,1313.99,1310.63,1313.85,0
2019-01-30 02:00:00,1313.85,1314.15,1313.19,1313.74,0
2019-01-30 03:00:00,1313.75,1314.01,1312.68,1313.24,0
2019-01-30 04:00:00,1313.24,1314.66,1313.09,1313.84,0
2019-01-30 05:00:00,1313.82,1315.35,1313.6,1315.18,0
2019-01-30 06:00:00,1315.18,1315.55,1314.39,1314.45,0
2019-01-30 07:00:00,1314.46,1315.3,1313.55,1314.66,0
2019-01-30 08:00:00,1314.67,1315.97,1313.25,1313.91,0
2019-01-30 09:00:00,1313.91,1314.35,1312.97,1313.8,0
2019-01-30 10:00:00,1313.8,1314.36,1312.87,1312.89,0
2019-01-30 11:00:00,1312.92,1314.08,1312.78,1313.38,0
2019-01-30 12:00:00,1313.36,1314.15,1312.06,1312.17,0
2019-01-30 13:00:00,1312.16,1312.3,1310.42,1311.34,0
2019-01-30 14:00:00,1311.34,1311.52,1309.45,1310.77,0
2019-01-30 15:00:00,1310.76,1312.37,1310.16,1312.21,0
2019-01-30 16:00:00,1312.22,1312.23,1311.09,1311.52,0
2019-01-30 17:00:00,1311.52,1311.63,1310.54,1311.16,0
2019-01-30 18:00:00,1311.15,1311.83,1309.08,1310.33,0
2019-01-30 19:00:00,1310.33,1323.39,1309.63,1319.94,0
2019-01-30 20:00:00,1319.94,1321.13,1317.28,1318.93,0
2019-01-30 21:00:00,1318.94,1319.94,1318.64,1319.66,0
2019-01-30 23:00:00,1320.33,1320.79,1319.15,1319.32,0
2019-01-31 00:00:00,1319.32,1320.82,1318.05,1318.06,0
2019-01-31 01:00:00,1318.08,1319.57,1317.51,1318.26,0
2019-01-31 02:00:00,1318.27,1318.91,1317.93,1318.75,0
2019-01-31 03:00:00,1318.75,1319.91,1318.74,1319.3,0
2019-01-31 04:00:00,1319.28,1320.09,1319.15,1319.66,0
2019-01-31 05:00:00,1319.69,1321.12,1319.52,1319.95,0
2019-01-31 06:00:00,1319.95,1320.16,1318.62,1319.44,0
2019-01-31 07:00:00,1319.44,1321.9,1319.28,1320.49,0
2019-01-31 08:00:00,1320.49,1322.08,1320.02,1320.67,0
2019-01-31 09:00:00,1320.67,1321.45,1320.06,1320.8,0
2019-01-31 10:00:00,1320.8,1322.74,1320.66,1322.52,0
2019-01-31 11:00:00,1322.51,1323.76,1322.26,1323.41,0
2019-01-31 12:00:00,1323.4,1324.73,1322.76,1323.14,0
2019-01-31 13:00:00,1323.14,1326.3,1322.78,1325.38,0
2019-01-31 14:00:00,1325.37,1325.42,1322.82,1323.16,0
2019-01-31 15:00:00,1323.16,1324.63,1322.05,1322.21,0
2019-01-31 16:00:00,1322.21,1322.91,1320.19,1321.4,0
2019-01-31 17:00:00,1321.4,1322.12,1319.89,1322.03,0
2019-01-31 18:00:00,1322.03,1322.42,1319.28,1319.64,0
2019-01-31 19:00:00,1319.65,1320.99,1318.78,1320.97,0
2019-01-31 20:00:00,1320.97,1321.55,1319.22,1320.04,0
2019-01-31 21:00:00,1320.05,1321.39,1319.93,1321.35,0
2019-01-31 23:00:00,1321.1,1321.28,1320.17,1321.09,0
2019-02-01 00:00:00,1321.09,1321.53,1320.28,1321.41,0
2019-02-01 01:00:00,1321.41,1321.88,1318.26,1318.36,0
2019-02-01 02:00:00,1318.37,1318.64,1317.57,1317.93,0
2019-02-01 03:00:00,1317.93,1319.01,1317.75,1318.58,0
2019-02-01 04:00:00,1318.59,1319.12,1318.31,1318.38,0
2019-02-01 05:00:00,1318.37,1318.49,1317.44,1317.9,0
2019-02-01 06:00:00,1317.87,1318.7,1317.47,1317.83,0
2019-02-01 07:00:00,1317.82,1318.45,1316.67,1318.21,0
2019-02-01 08:00:00,1318.17,1319.23,1317.81,1318.68,0
2019-02-01 09:00:00,1318.68,1319.88,1318.58,1319.42,0
2019-02-01 10:00:00,1319.42,1321.52,1319.22,1321.44,0
2019-02-01 11:00:00,1321.44,1322.06,1320.77,1321.48,0
2019-02-01 12:00:00,1321.48,1321.93,1320.54,1321.14,0
2019-02-01 13:00:00,1321.13,1323.61,1316.97,1320.0,0
2019-02-01 14:00:00,1320.01,1323.37,1319.23,1321.65,0
2019-02-01 15:00:00,1321.62,1321.62,1316.18,1318.31,0
2019-02-01 16:00:00,1318.3,1318.61,1316.23,1316.77,0
2019-02-01 17:00:00,1316.77,1318.19,1316.36,1317.65,0
2019-02-01 18:00:00,1317.65,1318.22,1316.72,1317.83,0
2019-02-01 19:00:00,1317.84,1318.01,1317.13,1317.61,0
2019-02-01 20:00:00,1317.58,1319.44,1317.53,1317.85,0
2019-02-01 21:00:00,1317.83,1318.17,1317.65,1317.69,0
2019-02-03 23:00:00,1318.07,1319.09,1316.59,1317.2,0
2019-02-04 00:00:00,1317.19,1317.55,1315.44,1315.72,0
2019-02-04 01:00:00,1315.71,1315.89,1314.82,1315.1,0
2019-02-04 02:00:00,1315.1,1315.65,1314.86,1315.31,0
2019-02-04 03:00:00,1315.31,1315.34,1313.42,1314.03,0
2019-02-04 04:00:00,1314.02,1314.17,1312.34,1312.66,0
2019-02-04 05:00:00,1312.65,1313.36,1312.53,1312.82,0
2019-02-04 06:00:00,1312.88,1313.04,1311.91,1312.9,0
2019-02-04 07:00:00,1312.9,1313.67,1312.35,1313.64,0
2019-02-04 08:00:00,1313.64,1313.71,1310.95,1312.05,0
2019-02-04 09:00:00,1312.06,1312.17,1310.45,1311.14,0
2019-02-04 10:00:00,1311.14,1311.72,1310.72,1310.75,0
2019-02-04 11:00:00,1310.75,1311.42,1310.43,1310.86,0
2019-02-04 12:00:00,1310.86,1311.26,1309.87,1311.2,0
2019-02-04 13:00:00,1311.2,1312.5,1310.74,1311.87,0
2019-02-04 14:00:00,1311.86,1313.14,1308.66,1310.73,0
2019-02-04 15:00:00,1310.72,1314.67,1310.69,1313.92,0
2019-02-04 16:00:00,1313.95,1315.04,1313.16,1314.81,0
2019-02-04 17:00:00,1314.82,1315.24,1313.54,1314.45,0
2019-02-04 18:00:00,1314.45,1315.31,1313.15,1313.73,0
2019-02-04 19:00:00,1313.73,1314.34,1313.46,1313.6,0
2019-02-04 20:00:00,1313.6,1313.75,1312.03,1312.05,0
2019-02-04 21:00:00,1312.07,1312.51,1311.56,1312.12,0
2019-02-04 23:00:00,1312.06,1312.19,1311.51,1311.81,0
2019-02-05 00:00:00,1311.83,1312.49,1311.28,1312.3,0
2019-02-05 01:00:00,1312.3,1313.3,1312.28,1312.89,0
2019-02-05 02:00:00,1312.89,1314.62,1312.6,1314.54,0
2019-02-05 03:00:00,1314.53,1314.82,1314.05,1314.79,0
2019-02-05 04:00:00,1314.79,1314.93,1314.37,1314.59,0
2019-02-05 05:00:00,1314.58,1315.36,1314.53,1315.21,0
2019-02-05 06:00:00,1315.21,1315.23,1313.75,1314.15,0
2019-02-05 07:00:00,1314.14,1314.41,1312.78,1313.05,0
2019-02-05 08:00:00,1313.05,1313.81,1312.12,1312.37,0
2019-02-05 09:00:00,1312.35,1312.76,1310.76,1311.46,0
2019-02-05 10:00:00,1311.46,1314.33,1310.85,1313.73,0
2019-02-05 11:00:00,1313.71,1314.66,1313.13,1314.58,0
2019-02-05 12:00:00,1314.58,1314.73,1312.99,1313.68,0
2019-02-05 13:00:00,1313.68,1316.91,1312.97,1314.6,0
2019-02-05 14:00:00,1314.6,1315.68,1314.07,1314.11,0
2019-02-05 15:00:00,1314.12,1316.69,1313.26,1314.65,0
2019-02-05 16:00:00,1314.67,1315.03,1313.13,1313.46,0
2019-02-05 17:00:00,1313.46,1314.98,1312.73,1314.89,0
2019-02-05 18:00:00,1314.87,1315.5,1314.16,1314.51,0
2019-02-05 19:00:00,1314.5,1314.84,1314.01,1314.42,0
2019-02-05 20:00:00,1314.42,1315.36,1314.18,1315.28,0
2019-02-05 21:00:00,1315.27,1315.46,1314.84,1315.25,0
2019-02-05 23:00:00,1315.1,1315.17,1314.53,1315.0,0
2019-02-06 00:00:00,1314.97,1315.85,1314.88,1315.24,0
2019-02-06 01:00:00,1315.25,1315.5,1313.44,1313.52,0
2019-02-06 02:00:00,1313.49,1315.72,1312.72,1315.11,0
2019-02-06 03:00:00,1315.1,1315.16,1314.21,1314.37,0
2019-02-06 04:00:00,1314.27,1314.37,1313.33,1314.03,0
2019-02-06 05:00:00,1314.02,1314.42,1313.59,1314.12,0
2019-02-06 06:00:00,1314.14,1314.33,1313.35,1313.56,0
2019-02-06 07:00:00,1313.52,1315.31,1312.96,1315.0,0
2019-02-06 08:00:00,1315.01,1315.65,1314.78,1314.98,0
2019-02-06 09:00:00,1314.97,1315.07,1313.32,1313.9,0
2019-02-06 10:00:00,1313.89,1314.13,1313.24,1313.42,0
2019-02-06 11:00:00,1313.42,1313.45,1312.09,1312.24,0
2019-02-06 12:00:00,1312.23,1313.68,1311.6,1313.29,0
2019-02-06 13:00:00,1313.28,1314.86,1313.22,1313.63,0
2019-02-06 14:00:00,1313.64,1315.22,1312.06,1312.42,0
2019-02-06 15:00:00,1312.43,1313.71,1312.04,1312.17,0
2019-02-06 16:00:00,1312.18,1312.89,1311.68,1312.04,0
2019-02-06 17:00:00,1312.03,1313.01,1311.85,1312.47,0
2019-02-06 18:00:00,1312.44,1312.49,1309.26,1309.75,0
2019-02-06 19:00:00,1309.74,1309.76,1306.81,1307.06,0
2019-02-06 20:00:00,1307.12,1307.44,1305.96,1306.65,0
2019-02-06 21:00:00,1306.66,1306.84,1305.73,1306.51,0
2019-02-06 23:00:00,1306.25,1307.78,1305.78,1306.67,0
2019-02-07 00:00:00,1306.64,1307.86,1306.53,1306.8,0
2019-02-07 01:00:00,1306.78,1307.48,1303.55,1304.01,0
2019-02-07 02:00:00,1304.02,1305.09,1304.02,1304.52,0
2019-02-07 03:00:00,1304.52,1304.54,1303.53,1304.06,0
2019-02-07 04:00:00,1304.06,1304.08,1302.81,1303.19,0
2019-02-07 05:00:00,1303.2,1304.17,1303.17,1304.04,0
2019-02-07 06:00:00,1304.04,1305.15,1303.92,1305.14,0
2019-02-07 07:00:00,1305.14,1305.45,1304.31,1304.5,0
2019-02-07 08:00:00,1304.5,1304.9,1303.31,1304.4,0
2019-02-07 09:00:00,1304.4,1306.6,1304.07,1306.01,0
2019-02-07 10:00:00,1305.98,1307.29,1305.83,1306.75,0
2019-02-07 11:00:00,1306.75,1307.42,1306.32,1306.74,0
2019-02-07 12:00:00,1306.74,1309.51,1305.54,1309.14,0
2019-02-07 13:00:00,1309.13,1310.29,1307.75,1309.18,0
2019-02-07 14:00:00,1309.2,1311.98,1309.19,1309.54,0
2019-02-07 15:00:00,1309.54,1310.16,1306.34,1309.02,0
2019-02-07 16:00:00,1308.97,1311.47,1308.74,1310.34,0
2019-02-07 17:00:00,1310.36,1311.63,1310.27,1310.88,0
2019-02-07 18:00:00,1310.83,1311.5,1309.88,1310.68,0
2019-02-07 19:00:00,1310.69,1311.23,1310.03,1310.53,0
2019-02-07 20:00:00,1310.47,1311.28,1309.65,1309.71,0
2019-02-07 21:00:00,1309.72,1310.19,1309.65,1310.1,0
2019-02-07 23:00:00,1310.29,1310.9,1309.98,1310.5,0
2019-02-08 00:00:00,1310.51,1310.63,1309.27,1310.56,0
2019-02-08 01:00:00,1310.56,1310.66,1309.46,1309.83,0
2019-02-08 02:00:00,1309.83,1310.26,1309.06,1309.85,0
2019-02-08 03:00:00,1309.85,1309.85,1308.36,1308.78,0
2019-02-08 04:00:00,1308.76,1309.59,1308.56,1309.33,0
2019-02-08 05:00:00,1309.32,1309.69,1308.89,1309.64,0
2019-02-08 06:00:00,1309.65,1309.71,1308.69,1308.7,0
2019-02-08 07:00:00,1308.68,1309.22,1307.82,1309.03,0
2019-02-08 08:00:00,1309.03,1310.26,1308.53,1309.86,0
2019-02-08 09:00:00,1309.85,1309.95,1308.76,1309.29,0
2019-02-08 10:00:00,1309.29,1311.53,1309.19,1311.24,0
2019-02-08 11:00:00,1311.23,1312.95,1311.09,1312.27,0
2019-02-08 12:00:00,1312.26,1313.47,1311.81,1313.46,0
2019-02-08 13:00:00,1313.46,1315.11,1313.46,1314.75,0
2019-02-08 14:00:00,1314.75,1315.48,1312.05,1314.34,0
2019-02-08 15:00:00,1314.34,1314.96,1313.06,1313.75,0
2019-02-08 16:00:00,1313.75,1314.7,1313.49,1313.95,0
2019-02-08 17:00:00,1313.95,1315.34,1313.87,1314.95,0
2019-02-08 18:00:00,1314.95,1315.67,1313.56,1314.05,0
2019-02-08 19:00:00,1314.07,1315.21,1313.77,1315.13,0
2019-02-08 20:00:00,1315.16,1315.33,1314.07,1314.41,0
2019-02-08 21:00:00,1314.4,1314.45,1313.87,1314.11,0
2019-02-10 23:00:00,1313.88,1314.03,1313.42,1313.7,0
2019-02-11 00:00:00,1313.7,1313.83,1312.88,1312.93,0
2019-02-11 01:00:00,1312.94,1314.89,1312.3,1313.86,0
2019-02-11 02:00:00,1313.86,1313.98,1312.1,1312.12,0
2019-02-11 03:00:00,1312.13,1312.31,1311.24,1311.81,0
2019-02-11 04:00:00,1311.81,1312.1,1310.57,1311.01,0
2019-02-11 05:00:00,1311.02,1311.92,1310.91,1310.91,0
2019-02-11 06:00:00,1310.91,1312.36,1310.81,1311.67,0
2019-02-11 07:00:00,1311.67,1311.69,1310.76,1311.29,0
2019-02-11 08:00:00,1311.29,1311.42,1309.07,1309.62,0
2019-02-11 09:00:00,1309.61,1309.62,1306.8,1306.93,0
2019-02-11 10:00:00,1306.92,1307.63,1306.27,1306.67,0
2019-02-11 11:00:00,1306.67,1308.18,1306.44,1307.71,0
2019-02-11 12:00:00,1307.71,1307.8,1305.53,1306.36,0
2019-02-11 13:00:00,1306.36,1307.51,1304.75,1304.95,0
2019-02-11 14:00:00,1304.95,1306.89,1303.72,1306.41,0
2019-02-11 15:00:00,1306.37,1309.26,1305.95,1308.5,0
2019-02-11 16:00:00,1308.51,1310.41,1308.04,1309.33,0
2019-02-11 17:00:00,1309.33,1309.69,1307.08,1307.39,0
2019-02-11 18:00:00,1307.39,1308.69,1307.11,1307.9,0
2019-02-11 19:00:00,1307.91,1308.62,1307.73,1308.42,0
2019-02-11 20:00:00,1308.4,1309.09,1308.22,1308.31,0
2019-02-11 21:00:00,1308.3,1308.46,1308.03,1308.14,0
2019-02-11 23:00:00,1308.15,1308.23,1307.55,1307.8,0
2019-02-12 00:00:00,1307.79,1307.83,1306.77,1307.23,0
2019-02-12 01:00:00,1307.24,1309.46,1306.54,1307.94,0
2019-02-12 02:00:00,1307.95,1308.84,1307.3,1308.78,0
2019-02-12 03:00:00,1308.78,1308.91,1307.46,1307.62,0
2019-02-12 04:00:00,1307.63,1308.72,1307.59,1308.3,0
2019-02-12 05:00:00,1308.37,1309.4,1308.2,1308.84,0
2019-02-12 06:00:00,1308.87,1311.53,1308.78,1311.44,0
2019-02-12 07:00:00,1311.45,1313.0,1311.06,1311.78,0
2019-02-12 08:00:00,1311.76,1313.9,1310.82,1311.88,0
2019-02-12 09:00:00,1311.89,1312.81,1311.69,1312.47,0
2019-02-12 10:00:00,1312.47,1313.48,1311.59,1313.38,0
2019-02-12 11:00:00,1313.37,1313.76,1312.89,1313.64,0
2019-02-12 12:00:00,1313.66,1314.22,1312.73,1313.33,0
2019-02-12 13:00:00,1313.32,1314.82,1311.77,1311.93,0
2019-02-12 14:00:00,1311.94,1312.49,1310.14,1310.47,0
2019-02-12 15:00:00,1310.47,1310.47,1308.31,1309.86,0
2019-02-12 16:00:00,1309.86,1311.02,1309.37,1309.4,0
2019-02-12 17:00:00,1309.39,1310.66,1308.94,1310.45,0
2019-02-12 18:00:00,1310.45,1312.72,1310.34,1310.54,0
2019-02-12 19:00:00,1310.56,1311.39,1310.42,1310.92,0
2019-02-12 20:00:00,1310.92,1311.44,1310.29,1311.03,0
2019-02-12 21:00:00,1311.04,1311.5,1310.32,1310.76,0
2019-02-12 23:00:00,1310.5,1311.83,1309.9,1310.29,0
2019-02-13 00:00:00,1310.29,1310.31,1309.37,1309.83,0
2019-02-13 01:00:00,1309.81,1311.94,1309.8,1311.83,0
2019-02-13 02:00:00,1311.82,1312.76,1311.69,1312.27,0
2019-02-13 03:00:00,1312.27,1313.1,1312.11,1313.05,0
2019-02-13 04:00:00,1313.05,1313.37,1312.74,1313.19,0
2019-02-13 05:00:00,1313.2,1313.68,1312.45,1313.58,0
2019-02-13 06:00:00,1313.58,1314.27,1313.29,1313.37,0
2019-02-13 07:00:00,1313.37,1313.72,1311.42,1311.81,0
2019-02-13 08:00:00,1311.81,1312.92,1311.55,1312.69,0
2019-02-13 09:00:00,1312.68,1313.4,1312.36,1312.61,0
2019-02-13 10:00:00,1312.61,1312.62,1310.99,1311.25,0
2019-02-13 11:00:00,1311.26,1311.5,1309.86,1311.1,0
2019-02-13 12:00:00,1311.08,1311.26,1309.08,1309.27,0
2019-02-13 13:00:00,1309.28,1311.58,1308.19,1310.61,0
2019-02-13 14:00:00,1310.62,1313.98,1309.11,1313.32,0
2019-02-13 15:00:00,1313.35,1318.22,1312.94,1314.57,0
2019-02-13 16:00:00,1314.58,1315.02,1312.18,1313.0,0
2019-02-13 17:00:00,1313.0,1313.35,1311.02,1311.78,0
2019-02-13 18:00:00,1311.78,1312.44,1310.74,1310.76,0
2019-02-13 19:00:00,1310.71,1310.77,1305.62,1306.6,0
2019-02-13 20:00:00,1306.61,1306.65,1305.07,1305.79,0
2019-02-13 21:00:00,1305.79,1306.25,1305.25,1306.14,0
2019-02-13 23:00:00,1306.01,1307.73,1306.01,1307.65,0
2019-02-14 00:00:00,1307.64,1308.17,1306.99,1307.88,0
2019-02-14 01:00:00,1307.88,1309.25,1307.12,1308.83,0
2019-02-14 02:00:00,1308.83,1309.15,1307.9,1308.28,0
2019-02-14 03:00:00,1308.27,1308.99,1307.66,1308.38,0
2019-02-14 04:00:00,1308.39,1308.82,1308.28,1308.75,0
2019-02-14 05:00:00,1308.75,1309.41,1308.43,1309.14,0
2019-02-14 06:00:00,1309.13,1309.25,1307.98,1308.07,0
2019-02-14 07:00:00,1308.07,1309.42,1307.39,1309.41,0
2019-02-14 08:00:00,1309.4,1309.83,1305.51,1305.72,0
2019-02-14 09:00:00,1305.72,1307.11,1305.31,1305.94,0
2019-02-14 10:00:00,1305.94,1306.69,1305.57,1306.38,0
2019-02-14 11:00:00,1306.38,1306.64,1305.76,1306.11,0
2019-02-14 12:00:00,1306.1,1306.73,1302.37,1304.4,0
2019-02-14 13:00:00,1304.41,1312.72,1304.27,1311.23,0
2019-02-14 14:00:00,1311.23,1312.39,1309.45,1310.84,0
2019-02-14 15:00:00,1310.82,1311.31,1307.35,1309.43,0
2019-02-14 16:00:00,1309.43,1311.81,1309.35,1311.35,0
2019-02-14 17:00:00,1311.34,1314.42,1310.78,1314.14,0
2019-02-14 18:00:00,1314.15,1314.15,1310.65,1311.51,0
2019-02-14 19:00:00,1311.5,1313.56,1311.41,1312.91,0
2019-02-14 20:00:00,1312.9,1313.08,1311.73,1312.75,0
2019-02-14 21:00:00,1312.76,1312.82,1312.2,1312.41,0
2019-02-14 23:00:00,1312.6,1312.77,1311.73,1311.95,0
2019-02-15 00:00:00,1311.98,1313.32,1311.77,1312.47,0
2019-02-15 01:00:00,1312.46,1312.9,1311.43,1311.77,0
2019-02-15 02:00:00,1311.77,1312.59,1311.48,1311.91,0
2019-02-15 03:00:00,1311.9,1312.88,1311.81,1312.53,0
2019-02-15 04:00:00,1312.56,1313.04,1312.36,1312.74,0
2019-02-15 05:00:00,1312.73,1313.15,1311.88,1312.35,0
2019-02-15 06:00:00,1312.36,1314.73,1312.28,1314.5,0
2019-02-15 07:00:00,1314.49,1315.03,1313.82,1314.55,0
2019-02-15 08:00:00,1314.56,1315.74,1314.38,1314.87,0
2019-02-15 09:00:00,1314.85,1316.1,1314.32,1315.86,0
2019-02-15 10:00:00,1315.86,1317.47,1315.72,1317.15,0
2019-02-15 11:00:00,1317.15,1319.24,1317.08,1318.48,0
2019-02-15 12:00:00,1318.48,1319.16,1316.36,1317.93,0
2019-02-15 13:00:00,1317.93,1318.99,1315.92,1317.5,0
2019-02-15 14:00:00,1317.51,1319.99,1316.39,1316.88,0
2019-02-15 15:00:00,1316.88,1317.1,1314.25,1314.57,0
2019-02-15 16:00:00,1314.57,1316.3,1314.49,1316.28,0
2019-02-15 17:00:00,1316.28,1317.8,1316.26,1317.66,0
2019-02-15 18:00:00,1317.62,1321.43,1317.44,1320.68,0
2019-02-15 19:00:00,1320.69,1321.91,1320.68,1321.43,0
2019-02-15 20:00:00,1321.44,1322.63,1320.91,1320.99,0
2019-02-15 21:00:00,1320.99,1321.7,1320.99,1321.28,0
2019-02-17 23:00:00,1321.02,1321.73,1320.68,1321.17,0
2019-02-18 00:00:00,1321.18,1322.29,1320.9,1321.62,0
2019-02-18 01:00:00,1321.61,1324.9,1321.59,1324.76,0
2019-02-18 02:00:00,1324.7,1325.0,1323.89,1324.67,0
2019-02-18 03:00:00,1324.65,1325.34,1324.42,1324.62,0
2019-02-18 04:00:00,1324.63,1324.72,1323.51,1323.68,0
2019-02-18 05:00:00,1323.69,1323.84,1322.67,1322.78,0
2019-02-18 06:00:00,1322.79,1323.89,1322.76,1323.39,0
2019-02-18 07:00:00,1323.38,1323.7,1321.76,1321.99,0
2019-02-18 08:00:00,1322.0,1323.17,1321.35,1322.88,0
2019-02-18 09:00:00,1322.85,1325.23,1322.83,1324.65,0
2019-02-18 10:00:00,1324.64,1324.76,1323.92,1324.54,0
2019-02-18 11:00:00,1324.55,1325.01,1323.88,1324.96,0
2019-02-18 12:00:00,1324.95,1326.12,1324.67,1325.99,0
2019-02-18 13:00:00,1326.0,1327.65,1325.1,1326.94,0
2019-02-18 14:00:00,1326.93,1327.4,1325.49,1326.24,0
2019-02-18 15:00:00,1326.25,1326.64,1325.47,1326.04,0
2019-02-18 16:00:00,1325.98,1326.64,1325.58,1326.0,0
2019-02-18 17:00:00,1326.01,1326.82,1325.54,1326.5,0
2019-02-18 18:00:00,1326.47,1326.51,1326.41,1326.41,0
2019-02-18 23:00:00,1326.34,1326.72,1326.17,1326.46,0
2019-02-19 00:00:00,1326.45,1326.63,1325.38,1325.48,0
2019-02-19 01:00:00,1325.47,1325.73,1324.22,1324.76,0
2019-02-19 02:00:00,1324.78,1325.39,1324.59,1324.98,0
2019-02-19 03:00:00,1324.99,1325.46,1324.67,1324.86,0
2019-02-19 04:00:00,1324.86,1325.04,1323.47,1323.98,0
2019-02-19 05:00:00,1323.98,1324.49,1323.4,1324.09,0
2019-02-19 06:00:00,1324.09,1324.18,1322.9,1323.01,0
2019-02-19 07:00:00,1323.01,1326.04,1322.96,1325.93,0
2019-02-19 08:00:00,1325.92,1328.87,1325.58,1328.55,0
2019-02-19 09:00:00,1328.55,1330.13,1328.09,1329.16,0
2019-02-19 10:00:00,1329.11,1329.68,1328.64,1329.22,0
2019-02-19 11:00:00,1329.23,1330.48,1328.32,1328.93,0
2019-02-19 12:00:00,1328.93,1331.56,1328.64,1330.56,0
2019-02-19 13:00:00,1330.56,1332.66,1330.14,1331.93,0
2019-02-19 14:00:00,1331.93,1335.08,1331.9,1334.87,0
2019-02-19 15:00:00,1334.86,1339.46,1334.45,1338.24,0
2019-02-19 16:00:00,1338.24,1338.77,1336.11,1337.57,0
2019-02-19 17:00:00,1337.57,1340.98,1337.08,1340.59,0
2019-02-19 18:00:00,1340.59,1341.87,1339.46,1340.2,0
2019-02-19 19:00:00,1340.19,1340.31,1339.14,1339.93,0
2019-02-19 20:00:00,1339.92,1341.13,1339.41,1340.71,0
2019-02-19 21:00:00,1340.68,1341.36,1340.53,1341.06,0
2019-02-19 23:00:00,1340.28,1340.33,1339.32,1339.59,0
2019-02-20 00:00:00,1339.6,1340.73,1339.34,1340.55,0
2019-02-20 01:00:00,1340.54,1345.21,1340.53,1344.7,0
2019-02-20 02:00:00,1344.71,1346.76,1344.46,1346.52,0
2019-02-20 03:00:00,1346.52,1346.66,1343.72,1344.16,0
2019-02-20 04:00:00,1344.15,1344.17,1342.45,1343.29,0
2019-02-20 05:00:00,1343.3,1343.39,1342.04,1342.48,0
2019-02-20 06:00:00,1342.51,1342.81,1341.39,1341.72,0
2019-02-20 07:00:00,1341.7,1343.17,1341.44,1342.6,0
2019-02-20 08:00:00,1342.6,1344.08,1341.71,1341.83,0
2019-02-20 09:00:00,1341.81,1344.75,1341.63,1343.78,0
2019-02-20 10:00:00,1343.78,1345.41,1343.36,1344.76,0
2019-02-20 11:00:00,1344.72,1344.98,1343.36,1343.71,0
2019-02-20 12:00:00,1343.66,1344.71,1342.49,1343.93,0
2019-02-20 13:00:00,1343.93,1345.3,1342.75,1342.81,0
2019-02-20 14:00:00,1342.8,1344.66,1342.17,1344.09,0
2019-02-20 15:00:00,1344.08,1345.9,1342.8,1344.84,0
2019-02-20 16:00:00,1344.84,1345.92,1344.35,1344.82,0
2019-02-20 17:00:00,1344.82,1346.16,1344.56,1345.26,0
2019-02-20 18:00:00,1345.26,1346.38,1342.73,1343.44,0
2019-02-20 19:00:00,1343.44,1343.99,1336.87,1341.14,0
2019-02-20 20:00:00,1341.16,1341.77,1338.68,1338.71,0
2019-02-20 21:00:00,1338.69,1339.4,1337.55,1338.49,0
2019-02-20 23:00:00,1338.2,1340.66,1338.2,1340.66,0
2019-02-21 00:00:00,1340.66,1341.05,1339.78,1340.44,0
2019-02-21 01:00:00,1340.44,1341.53,1337.49,1337.53,0
2019-02-21 02:00:00,1337.54,1339.73,1337.51,1339.05,0
2019-02-21 03:00:00,1339.05,1340.24,1338.76,1339.97,0
2019-02-21 04:00:00,1339.96,1340.46,1339.76,1340.15,0
2019-02-21 05:00:00,1340.15,1340.9,1338.73,1338.97,0
2019-02-21 06:00:00,1338.97,1339.48,1337.54,1337.58,0
2019-02-21 07:00:00,1337.58,1339.37,1337.54,1339.03,0
2019-02-21 08:00:00,1339.03,1340.41,1335.53,1336.03,0
2019-02-21 09:00:00,1336.0,1336.01,1332.07,1333.32,0
2019-02-21 10:00:00,1333.31,1335.97,1333.16,1335.87,0
2019-02-21 11:00:00,1335.84,1335.87,1333.75,1333.91,0
2019-02-21 12:00:00,1333.93,1336.57,1333.93,1335.04,0
2019-02-21 13:00:00,1335.03,1337.36,1334.43,1335.36,0
2019-02-21 14:00:00,1335.37,1336.07,1330.75,1331.5,0
2019-02-21 15:00:00,1331.47,1333.01,1330.07,1332.16,0
2019-02-21 16:00:00,1332.11,1332.19,1330.51,1330.88,0
2019-02-21 17:00:00,1330.89,1331.19,1327.25,1327.61,0
2019-02-21 18:00:00,1327.61,1327.63,1324.57,1324.96,0
2019-02-21 19:00:00,1324.95,1327.28,1324.18,1326.53,0
2019-02-21 20:00:00,1326.52,1326.62,1323.63,1323.71,0
2019-02-21 21:00:00,1323.71,1323.81,1321.08,1323.28,0
2019-02-21 23:00:00,1323.65,1325.9,1323.64,1325.88,0
2019-02-22 00:00:00,1325.88,1326.55,1324.15,1325.36,0
2019-02-22 01:00:00,1325.35,1326.35,1324.46,1325.25,0
2019-02-22 02:00:00,1325.25,1326.41,1325.08,1326.22,0
2019-02-22 03:00:00,1326.22,1326.43,1325.35,1325.39,0
2019-02-22 04:00:00,1325.4,1325.8,1324.54,1324.65,0
2019-02-22 05:00:00,1324.65,1326.25,1324.54,1325.83,0
2019-02-22 06:00:00,1325.83,1326.1,1325.04,1325.57,0
2019-02-22 07:00:00,1325.57,1326.7,1325.29,1326.43,0
2019-02-22 08:00:00,1326.42,1327.0,1325.94,1326.31,0
2019-02-22 09:00:00,1326.31,1326.75,1322.68,1323.38,0
2019-02-22 10:00:00,1323.37,1323.58,1321.54,1322.89,0
2019-02-22 11:00:00,1322.89,1323.62,1322.32,1323.15,0
2019-02-22 12:00:00,1323.15,1324.41,1323.01,1323.14,0
2019-02-22 13:00:00,1323.13,1330.07,1322.24,1328.84,0
2019-02-22 14:00:00,1328.82,1329.79,1327.51,1329.26,0
2019-02-22 15:00:00,1329.24,1330.76,1328.88,1329.41,0
2019-02-22 16:00:00,1329.43,1331.96,1328.97,1330.79,0
2019-02-22 17:00:00,1330.77,1333.13,1330.71,1332.81,0
2019-02-22 18:00:00,1332.79,1332.94,1329.79,1330.14,0
2019-02-22 19:00:00,1330.14,1330.71,1327.71,1327.82,0
2019-02-22 20:00:00,1327.81,1328.75,1327.27,1328.42,0
2019-02-22 21:00:00,1328.4,1328.65,1327.61,1327.85,0
2019-02-24 23:00:00,1327.69,1329.17,1326.83,1327.79,0
2019-02-25 00:00:00,1327.78,1329.64,1327.61,1329.61,0
2019-02-25 01:00:00,1329.61,1331.01,1328.71,1330.42,0
2019-02-25 02:00:00,1330.43,1331.57,1330.24,1331.46,0
2019-02-25 03:00:00,1331.46,1331.86,1331.13,1331.36,0
2019-02-25 04:00:00,1331.35,1331.41,1330.73,1331.09,0
2019-02-25 05:00:00,1331.08,1331.21,1329.99,1330.63,0
2019-02-25 06:00:00,1330.63,1331.98,1330.41,1330.64,0
2019-02-25 07:00:00,1330.64,1330.8,1329.06,1330.41,0
2019-02-25 08:00:00,1330.41,1330.41,1328.12,1328.43,0
2019-02-25 09:00:00,1328.43,1329.54,1327.86,1329.52,0
2019-02-25 10:00:00,1329.51,1330.37,1328.66,1329.85,0
2019-02-25 11:00:00,1329.85,1331.26,1329.51,1330.56,0
2019-02-25 12:00:00,1330.56,1330.64,1329.34,1330.14,0
2019-02-25 13:00:00,1330.19,1331.12,1325.19,1330.98,0
2019-02-25 14:00:00,1330.98,1332.64,1329.46,1331.16,0
2019-02-25 15:00:00,1331.17,1332.21,1328.1,1329.35,0
2019-02-25 16:00:00,1329.35,1329.44,1326.98,1327.47,0
2019-02-25 17:00:00,1327.46,1327.61,1325.61,1326.31,0
2019-02-25 18:00:00,1326.31,1328.18,1325.64,1327.28,0
2019-02-25 19:00:00,1327.28,1328.47,1326.69,1328.08,0
2019-02-25 20:00:00,1328.12,1328.38,1327.06,1327.07,0
2019-02-25 21:00:00,1327.06,1327.47,1326.64,1327.4,0
2019-02-25 23:00:00,1327.43,1327.93,1327.15,1327.56,0
2019-02-26 00:00:00,1327.56,1327.72,1326.69,1327.33,0
2019-02-26 01:00:00,1327.32,1328.21,1327.0,1327.77,0
2019-02-26 02:00:00,1327.76,1329.84,1327.76,1329.74,0
2019-02-26 03:00:00,1329.66,1330.19,1328.54,1329.11,0
2019-02-26 04:00:00,1329.1,1329.56,1328.68,1329.03,0
2019-02-26 05:00:00,1329.03,1329.74,1328.39,1328.59,0
2019-02-26 06:00:00,1328.58,1329.1,1327.47,1327.75,0
2019-02-26 07:00:00,1327.75,1328.12,1324.7,1325.0,0
2019-02-26 08:00:00,1325.0,1325.61,1324.52,1325.17,0
2019-02-26 09:00:00,1325.17,1326.57,1324.78,1326.51,0
2019-02-26 10:00:00,1326.51,1327.52,1325.54,1325.98,0
2019-02-26 11:00:00,1325.95,1326.23,1324.94,1325.2,0
2019-02-26 12:00:00,1325.2,1326.15,1323.55,1324.02,0
2019-02-26 13:00:00,1324.01,1327.83,1323.88,1326.92,0
2019-02-26 14:00:00,1326.87,1327.34,1324.72,1325.76,0
2019-02-26 15:00:00,1325.76,1327.62,1323.74,1327.25,0
2019-02-26 16:00:00,1327.24,1329.06,1326.13,1326.56,0
2019-02-26 17:00:00,1326.57,1326.71,1325.0,1325.72,0
2019-02-26 18:00:00,1325.71,1326.87,1325.63,1326.75,0
2019-02-26 19:00:00,1326.74,1329.57,1326.61,1329.34,0
2019-02-26 20:00:00,1329.34,1329.43,1328.31,1329.0,0
2019-02-26 21:00:00,1328.95,1329.08,1328.66,1328.94,0
2019-02-26 23:00:00,1328.68,1329.47,1328.58,1329.28,0
2019-02-27 00:00:00,1329.29,1329.92,1328.62,1328.81,0
2019-02-27 01:00:00,1328.81,1329.24,1327.89,1328.94,0
2019-02-27 02:00:00,1328.79,1329.21,1327.85,1329.21,0
2019-02-27 03:00:00,1329.21,1329.27,1327.08,1327.29,0
2019-02-27 04:00:00,1327.29,1328.27,1327.11,1328.04,0
2019-02-27 05:00:00,1328.03,1328.36,1327.36,1327.69,0
2019-02-27 06:00:00,1327.69,1327.86,1326.45,1326.52,0
2019-02-27 07:00:00,1326.46,1327.8,1326.42,1326.82,0
2019-02-27 08:00:00,1326.82,1327.58,1325.71,1326.75,0
2019-02-27 09:00:00,1326.75,1327.11,1325.99,1326.81,0
2019-02-27 10:00:00,1326.81,1327.47,1326.48,1326.72,0
2019-02-27 11:00:00,1326.71,1328.2,1326.71,1327.0,0
2019-02-27 12:00:00,1326.99,1327.62,1326.04,1326.36,0
2019-02-27 13:00:00,1326.35,1328.86,1325.36,1326.3,0
2019-02-27 14:00:00,1326.29,1326.32,1322.52,1323.14,0
2019-02-27 15:00:00,1323.06,1324.69,1322.06,1323.54,0
2019-02-27 16:00:00,1323.55,1323.93,1319.71,1320.81,0
2019-02-27 17:00:00,1320.83,1320.94,1316.96,1319.38,0
2019-02-27 18:00:00,1319.37,1320.46,1318.93,1319.48,0
2019-02-27 19:00:00,1319.48,1319.69,1317.86,1319.08,0
2019-02-27 20:00:00,1319.08,1320.75,1319.0,1320.04,0
2019-02-27 21:00:00,1320.05,1320.18,1319.51,1319.76,0
2019-02-27 23:00:00,1318.77,1321.35,1318.77,1321.16,0
2019-02-28 00:00:00,1321.15,1321.25,1320.38,1320.65,0
2019-02-28 01:00:00,1320.78,1321.05,1317.27,1318.35,0
2019-02-28 02:00:00,1318.32,1319.32,1318.15,1319.23,0
2019-02-28 03:00:00,1319.24,1319.27,1318.26,1318.9,0
2019-02-28 04:00:00,1318.9,1319.09,1318.55,1318.85,0
2019-02-28 05:00:00,1318.85,1319.1,1318.29,1318.4,0
2019-02-28 06:00:00,1318.4,1320.0,1318.2,1319.99,0
2019-02-28 07:00:00,1319.98,1323.03,1319.27,1321.96,0
2019-02-28 08:00:00,1321.91,1324.49,1321.77,1323.61,0
2019-02-28 09:00:00,1323.61,1325.65,1323.15,1324.81,0
2019-02-28 10:00:00,1324.81,1325.83,1324.44,1324.6,0
2019-02-28 11:00:00,1324.6,1327.31,1324.48,1326.0,0
2019-02-28 12:00:00,1325.99,1327.07,1324.34,1324.58,0
2019-02-28 13:00:00,1324.58,1325.59,1320.23,1320.96,0
2019-02-28 14:00:00,1320.96,1321.9,1316.29,1317.31,0
2019-02-28 15:00:00,1317.31,1319.37,1313.03,1315.43,0
2019-02-28 16:00:00,1315.43,1316.66,1314.21,1315.3,0
2019-02-28 17:00:00,1315.28,1315.39,1313.73,1315.19,0
2019-02-28 18:00:00,1315.17,1315.68,1313.38,1314.63,0
2019-02-28 19:00:00,1314.63,1315.34,1313.66,1313.73,0
2019-02-28 20:00:00,1313.72,1314.24,1312.65,1312.76,0
2019-02-28 21:00:00,1312.76,1313.48,1312.75,1313.14,0
2019-02-28 23:00:00,1313.85,1314.61,1313.73,1314.26,0
2019-03-01 00:00:00,1314.27,1314.27,1312.91,1313.34,0
2019-03-01 01:00:00,1313.33,1315.25,1313.08,1314.4,0
2019-03-01 02:00:00,1314.4,1314.42,1312.31,1313.32,0
2019-03-01 03:00:00,1313.32,1313.75,1313.04,1313.21,0
2019-03-01 04:00:00,1313.21,1313.55,1312.94,1313.21,0
2019-03-01 05:00:00,1313.22,1313.32,1311.42,1311.69,0
2019-03-01 06:00:00,1311.68,1312.26,1310.22,1310.37,0
2019-03-01 07:00:00,1310.36,1310.83,1308.39,1309.04,0
2019-03-01 08:00:00,1309.04,1309.51,1306.95,1307.34,0
2019-03-01 09:00:00,1307.32,1308.05,1306.21,1307.97,0
2019-03-01 10:00:00,1307.97,1310.67,1307.85,1308.91,0
2019-03-01 11:00:00,1308.91,1309.61,1308.56,1308.9,0
2019-03-01 12:00:00,1308.9,1309.13,1306.03,1306.16,0
2019-03-01 13:00:00,1306.17,1307.66,1304.4,1305.75,0
2019-03-01 14:00:00,1305.75,1309.02,1304.29,1308.61,0
2019-03-01 15:00:00,1308.71,1312.23,1305.31,1305.64,0
2019-03-01 16:00:00,1305.62,1305.88,1301.16,1301.72,0
2019-03-01 17:00:00,1301.73,1301.81,1298.4,1298.41,0
2019-03-01 18:00:00,1298.42,1299.83,1295.98,1296.46,0
2019-03-01 19:00:00,1296.47,1296.73,1292.21,1293.03,0
2019-03-01 20:00:00,1293.04,1293.91,1290.22,1290.89,0
2019-03-01 21:00:00,1290.89,1293.71,1290.8,1293.55,0
2019-03-03 23:00:00,1293.51,1296.25,1293.39,1295.27,0
2019-03-04 00:00:00,1295.28,1295.33,1293.53,1294.68,0
2019-03-04 01:00:00,1294.68,1296.95,1294.56,1296.39,0
2019-03-04 02:00:00,1296.38,1297.08,1296.1,1296.83,0
2019-03-04 03:00:00,1296.82,1296.91,1295.88,1296.7,0
2019-03-04 04:00:00,1296.7,1296.88,1296.02,1296.13,0
2019-03-04 05:00:00,1296.13,1296.66,1294.02,1294.14,0
2019-03-04 06:00:00,1294.15,1294.85,1293.01,1294.56,0
2019-03-04 07:00:00,1294.56,1294.68,1291.34,1291.36,0
2019-03-04 08:00:00,1291.35,1292.08,1286.31,1287.5,0
2019-03-04 09:00:00,1287.5,1288.19,1286.38,1288.04,0
2019-03-04 10:00:00,1288.04,1288.31,1286.77,1287.12,0
2019-03-04 11:00:00,1287.12,1287.87,1285.14,1286.26,0
2019-03-04 12:00:00,1286.25,1289.18,1285.35,1285.49,0
2019-03-04 13:00:00,1285.5,1289.56,1285.38,1286.9,0
2019-03-04 14:00:00,1286.89,1288.32,1282.85,1286.02,0
2019-03-04 15:00:00,1286.24,1286.27,1284.07,1285.62,0
2019-03-04 16:00:00,1285.62,1289.63,1285.62,1289.55,0
2019-03-04 17:00:00,1289.54,1289.8,1286.58,1286.61,0
2019-03-04 18:00:00,1286.61,1288.55,1286.2,1288.15,0
2019-03-04 19:00:00,1288.14,1288.51,1286.81,1287.12,0
2019-03-04 20:00:00,1287.12,1287.54,1286.27,1286.78,0
2019-03-04 21:00:00,1286.78,1286.92,1286.17,1286.63,0
2019-03-04 23:00:00,1286.66,1287.73,1286.6,1287.11,0
2019-03-05 00:00:00,1287.1,1287.28,1285.6,1286.47,0
2019-03-05 01:00:00,1286.47,1287.85,1285.83,1287.56,0
2019-03-05 02:00:00,1287.56,1288.32,1286.97,1287.98,0
2019-03-05 03:00:00,1287.98,1289.64,1287.96,1288.32,0
2019-03-05 04:00:00,1288.32,1289.0,1287.56,1288.88,0
2019-03-05 05:00:00,1288.86,1288.99,1287.89,1288.18,0
2019-03-05 06:00:00,1288.18,1289.05,1287.05,1287.1,0
2019-03-05 07:00:00,1287.11,1287.15,1284.52,1285.14,0
2019-03-05 08:00:00,1285.1,1286.61,1284.33,1285.08,0
2019-03-05 09:00:00,1285.01,1285.43,1283.84,1284.63,0
2019-03-05 10:00:00,1284.68,1285.14,1283.52,1284.64,0
2019-03-05 11:00:00,1284.62,1286.19,1284.49,1285.92,0
2019-03-05 12:00:00,1285.9,1286.54,1285.04,1286.19,0
2019-03-05 13:00:00,1286.19,1287.82,1284.71,1285.9,0
2019-03-05 14:00:00,1285.9,1286.75,1284.12,1285.85,0
2019-03-05 15:00:00,1285.85,1285.85,1281.19,1284.21,0
2019-03-05 16:00:00,1284.19,1285.98,1283.37,1283.59,0
2019-03-05 17:00:00,1283.58,1283.91,1282.51,1283.08,0
2019-03-05 18:00:00,1283.09,1286.8,1282.67,1286.15,0
2019-03-05 19:00:00,1286.12,1287.07,1285.59,1286.74,0
2019-03-05 20:00:00,1286.74,1288.36,1286.73,1288.27,0
2019-03-05 21:00:00,1288.25,1288.26,1287.25,1287.8,0
2019-03-05 23:00:00,1287.54,1288.06,1286.68,1287.97,0
2019-03-06 00:00:00,1287.97,1289.43,1287.96,1288.25,0
2019-03-06 01:00:00,1288.25,1288.61,1286.67,1287.94,0
2019-03-06 02:00:00,1287.93,1288.05,1286.0,1286.68,0
2019-03-06 03:00:00,1286.68,1287.61,1286.62,1287.13,0
2019-03-06 04:00:00,1287.12,1287.9,1286.97,1287.3,0
2019-03-06 05:00:00,1287.3,1288.56,1286.46,1288.44,0
2019-03-06 06:00:00,1288.44,1290.66,1287.58,1290.45,0
2019-03-06 07:00:00,1290.45,1290.96,1289.01,1289.2,0
2019-03-06 08:00:00,1289.21,1289.46,1287.07,1287.58,0
2019-03-06 09:00:00,1287.58,1287.59,1285.53,1286.07,0
2019-03-06 10:00:00,1286.07,1286.6,1285.15,1285.41,0
2019-03-06 11:00:00,1285.42,1286.36,1284.93,1285.62,0
2019-03-06 12:00:00,1285.62,1287.43,1285.55,1286.89,0
2019-03-06 13:00:00,1286.9,1288.53,1284.06,1284.7,0
2019-03-06 14:00:00,1284.71,1286.56,1284.18,1285.85,0
2019-03-06 15:00:00,1285.86,1287.33,1283.65,1286.27,0
2019-03-06 16:00:00,1286.26,1287.34,1285.96,1286.84,0
2019-03-06 17:00:00,1286.83,1287.7,1286.21,1286.31,0
2019-03-06 18:00:00,1286.31,1287.2,1285.74,1285.86,0
2019-03-06 19:00:00,1285.86,1286.22,1285.08,1285.9,0
2019-03-06 20:00:00,1285.9,1287.6,1285.57,1287.48,0
2019-03-06 21:00:00,1287.5,1287.52,1286.12,1286.4,0
2019-03-06 23:00:00,1286.09,1287.6,1286.08,1287.14,0
2019-03-07 00:00:00,1287.15,1288.3,1287.0,1287.59,0
2019-03-07 01:00:00,1287.6,1288.48,1286.82,1287.87,0
2019-03-07 02:00:00,1287.87,1287.96,1286.61,1286.88,0
2019-03-07 03:00:00,1286.87,1287.2,1286.42,1286.66,0
2019-03-07 04:00:00,1286.67,1286.88,1286.12,1286.15,0
2019-03-07 05:00:00,1286.15,1286.39,1284.39,1284.46,0
2019-03-07 06:00:00,1284.46,1285.17,1283.98,1284.68,0
2019-03-07 07:00:00,1284.67,1285.68,1284.16,1284.4,0
2019-03-07 08:00:00,1284.4,1287.06,1280.9,1286.44,0
2019-03-07 09:00:00,1286.49,1286.89,1286.0,1286.27,0
2019-03-07 10:00:00,1286.3,1286.66,1285.69,1286.35,0
2019-03-07 11:00:00,1286.35,1287.54,1286.29,1286.66,0
2019-03-07 12:00:00,1286.66,1289.03,1284.43,1287.67,0
2019-03-07 13:00:00,1287.68,1288.19,1283.01,1284.88,0
2019-03-07 14:00:00,1284.9,1286.12,1282.86,1285.21,0
2019-03-07 15:00:00,1285.21,1288.44,1284.05,1286.8,0
2019-03-07 16:00:00,1286.8,1287.47,1284.68,1285.04,0
2019-03-07 17:00:00,1285.03,1286.25,1284.3,1285.47,0
2019-03-07 18:00:00,1285.46,1286.31,1285.09,1286.14,0
2019-03-07 19:00:00,1286.14,1286.41,1284.91,1285.59,0
2019-03-07 20:00:00,1285.59,1285.92,1285.07,1285.9,0
2019-03-07 21:00:00,1285.91,1286.21,1285.24,1285.53,0
2019-03-07 23:00:00,1286.08,1286.66,1285.65,1286.02,0
2019-03-08 00:00:00,1286.02,1286.7,1285.33,1286.49,0
2019-03-08 01:00:00,1286.48,1287.0,1285.21,1286.44,0
2019-03-08 02:00:00,1286.44,1287.3,1286.06,1287.19,0
2019-03-08 03:00:00,1287.2,1287.62,1286.91,1287.18,0
2019-03-08 04:00:00,1287.17,1288.11,1286.87,1288.01,0
2019-03-08 05:00:00,1288.03,1290.77,1288.02,1290.74,0
2019-03-08 06:00:00,1290.74,1293.44,1289.87,1292.43,0
2019-03-08 07:00:00,1292.43,1294.63,1292.0,1293.89,0
2019-03-08 08:00:00,1293.89,1294.46,1292.64,1294.37,0
2019-03-08 09:00:00,1294.35,1295.85,1293.78,1294.25,0
2019-03-08 10:00:00,1294.24,1294.93,1293.19,1293.31,0
2019-03-08 11:00:00,1293.3,1293.89,1292.35,1293.26,0
2019-03-08 12:00:00,1293.2,1294.25,1292.51,1293.3,0
2019-03-08 13:00:00,1293.3,1299.08,1291.58,1298.1,0
2019-03-08 14:00:00,1298.09,1300.76,1295.31,1295.75,0
2019-03-08 15:00:00,1295.78,1298.09,1295.64,1297.01,0
2019-03-08 16:00:00,1296.99,1300.15,1296.95,1298.89,0
2019-03-08 17:00:00,1298.87,1299.39,1297.83,1298.14,0
2019-03-08 18:00:00,1298.08,1299.49,1297.29,1299.23,0
2019-03-08 19:00:00,1299.23,1299.6,1298.55,1299.33,0
2019-03-08 20:00:00,1299.33,1300.66,1299.15,1300.07,0
2019-03-08 21:00:00,1300.07,1300.21,1298.12,1298.23,0
2019-03-10 23:00:00,1297.95,1298.12,1296.24,1296.64,0
2019-03-11 00:00:00,1296.63,1297.46,1296.63,1297.31,0
2019-03-11 01:00:00,1297.37,1298.39,1296.59,1298.32,0
2019-03-11 02:00:00,1298.31,1298.38,1296.15,1296.28,0
2019-03-11 03:00:00,1296.32,1297.37,1295.72,1296.9,0
2019-03-11 04:00:00,1296.9,1297.35,1296.65,1297.32,0
2019-03-11 05:00:00,1297.31,1297.8,1297.1,1297.53,0
2019-03-11 06:00:00,1297.53,1298.72,1297.34,1298.21,0
2019-03-11 07:00:00,1298.19,1299.14,1297.15,1297.47,0
2019-03-11 08:00:00,1297.44,1297.44,1295.54,1296.54,0
2019-03-11 09:00:00,1296.54,1297.35,1295.66,1296.12,0
2019-03-11 10:00:00,1296.11,1297.71,1295.83,1296.61,0
2019-03-11 11:00:00,1296.59,1296.66,1295.62,1295.95,0
2019-03-11 12:00:00,1295.94,1296.38,1294.16,1294.94,0
2019-03-11 13:00:00,1294.91,1295.65,1293.57,1295.26,0
2019-03-11 14:00:00,1295.25,1297.01,1293.58,1294.14,0
2019-03-11 15:00:00,1294.14,1294.3,1291.01,1292.32,0
2019-03-11 16:00:00,1292.32,1293.76,1292.31,1292.91,0
2019-03-11 17:00:00,1292.91,1293.11,1291.01,1291.31,0
2019-03-11 18:00:00,1291.29,1292.56,1290.49,1291.06,0
2019-03-11 19:00:00,1291.05,1292.91,1291.04,1292.51,0
2019-03-11 20:00:00,1292.49,1293.84,1292.49,1293.83,0
2019-03-11 21:00:00,1293.84,1293.95,1293.13,1293.4,0
2019-03-11 23:00:00,1293.71,1294.07,1292.93,1292.93,0
2019-03-12 00:00:00,1292.93,1293.41,1292.08,1292.64,0
2019-03-12 01:00:00,1292.66,1293.45,1292.48,1293.42,0
2019-03-12 02:00:00,1293.42,1295.22,1293.06,1294.87,0
2019-03-12 03:00:00,1294.87,1296.04,1294.45,1296.01,0
2019-03-12 04:00:00,1296.01,1296.98,1295.69,1296.25,0
2019-03-12 05:00:00,1296.25,1296.86,1295.81,1296.79,0
2019-03-12 06:00:00,1296.79,1297.47,1296.22,1297.15,0
2019-03-12 07:00:00,1297.14,1297.3,1296.15,1296.49,0
2019-03-12 08:00:00,1296.49,1296.49,1294.41,1294.72,0
2019-03-12 09:00:00,1294.73,1296.31,1294.52,1295.63,0
2019-03-12 10:00:00,1295.63,1297.27,1295.13,1296.81,0
2019-03-12 11:00:00,1296.79,1297.9,1295.86,1296.13,0
2019-03-12 12:00:00,1296.08,1296.94,1295.32,1296.32,0
2019-03-12 13:00:00,1296.34,1299.63,1296.14,1298.32,0
2019-03-12 14:00:00,1298.32,1299.49,1295.58,1297.87,0
2019-03-12 15:00:00,1297.87,1298.57,1296.51,1296.74,0
2019-03-12 16:00:00,1296.79,1298.14,1296.11,1297.1,0
2019-03-12 17:00:00,1297.13,1298.16,1296.88,1297.97,0
2019-03-12 18:00:00,1297.96,1298.7,1297.32,1298.49,0
2019-03-12 19:00:00,1298.49,1302.06,1298.46,1301.89,0
2019-03-12 20:00:00,1301.85,1302.24,1300.73,1301.64,0
2019-03-12 21:00:00,1301.64,1302.11,1300.99,1301.43,0
2019-03-12 23:00:00,1301.5,1301.62,1300.63,1300.97,0
2019-03-13 00:00:00,1300.98,1302.14,1300.95,1301.98,0
2019-03-13 01:00:00,1301.98,1304.46,1301.75,1304.17,0
2019-03-13 02:00:00,1304.17,1304.87,1303.49,1303.99,0
2019-03-13 03:00:00,1304.0,1305.82,1303.96,1305.4,0
2019-03-13 04:00:00,1305.41,1305.49,1304.73,1304.93,0
2019-03-13 05:00:00,1304.93,1305.46,1304.73,1304.91,0
2019-03-13 06:00:00,1304.9,1305.38,1304.15,1304.58,0
2019-03-13 07:00:00,1304.57,1305.07,1303.75,1304.85,0
2019-03-13 08:00:00,1304.86,1305.17,1304.13,1304.3,0
2019-03-13 09:00:00,1304.33,1307.06,1303.96,1306.64,0
2019-03-13 10:00:00,1306.63,1308.37,1306.55,1307.81,0
2019-03-13 11:00:00,1307.81,1309.16,1307.81,1308.24,0
2019-03-13 12:00:00,1308.24,1308.87,1307.46,1307.68,0
2019-03-13 13:00:00,1307.65,1308.31,1305.98,1307.2,0
2019-03-13 14:00:00,1307.2,1309.42,1306.22,1308.71,0
2019-03-13 15:00:00,1308.68,1308.83,1306.76,1306.8,0
2019-03-13 16:00:00,1306.8,1308.46,1306.66,1307.93,0
2019-03-13 17:00:00,1307.94,1308.69,1307.4,1308.23,0
2019-03-13 18:00:00,1308.23,1309.4,1307.65,1308.56,0
2019-03-13 19:00:00,1308.56,1311.14,1308.54,1311.08,0
2019-03-13 20:00:00,1311.03,1311.29,1309.88,1310.73,0
2019-03-13 21:00:00,1310.73,1311.03,1309.03,1309.07,0
2019-03-13 23:00:00,1309.01,1309.91,1308.8,1309.86,0
2019-03-14 00:00:00,1309.86,1310.38,1309.44,1309.44,0
2019-03-14 01:00:00,1309.47,1309.83,1308.06,1308.35,0
2019-03-14 02:00:00,1308.28,1308.67,1305.83,1306.17,0
2019-03-14 03:00:00,1306.17,1306.81,1305.26,1305.47,0
2019-03-14 04:00:00,1305.43,1306.13,1304.16,1304.27,0
2019-03-14 05:00:00,1304.27,1304.46,1302.76,1303.1,0
2019-03-14 06:00:00,1303.1,1304.65,1303.08,1304.61,0
2019-03-14 07:00:00,1304.61,1304.64,1302.6,1302.76,0
2019-03-14 08:00:00,1302.76,1303.21,1301.69,1302.32,0
2019-03-14 09:00:00,1302.31,1303.21,1301.69,1301.93,0
2019-03-14 10:00:00,1301.93,1302.14,1295.89,1297.24,0
2019-03-14 11:00:00,1297.24,1299.2,1296.8,1298.24,0
2019-03-14 12:00:00,1298.24,1298.74,1296.51,1297.4,0
2019-03-14 13:00:00,1297.39,1298.95,1295.87,1296.29,0
2019-03-14 14:00:00,1296.29,1296.39,1292.86,1294.73,0
2019-03-14 15:00:00,1294.73,1296.41,1294.11,1294.94,0
2019-03-14 16:00:00,1294.97,1296.53,1294.8,1295.56,0
2019-03-14 17:00:00,1295.56,1295.91,1293.25,1295.76,0
2019-03-14 18:00:00,1295.72,1296.41,1295.22,1295.81,0
2019-03-14 19:00:00,1295.82,1297.13,1295.8,1296.52,0
2019-03-14 20:00:00,1296.51,1296.97,1295.67,1295.99,0
2019-03-14 21:00:00,1295.98,1296.3,1295.79,1296.12,0
2019-03-14 23:00:00,1296.29,1296.79,1296.2,1296.45,0
2019-03-15 00:00:00,1296.44,1296.51,1295.82,1296.15,0
2019-03-15 01:00:00,1296.15,1296.66,1294.5,1295.71,0
2019-03-15 02:00:00,1295.68,1296.35,1294.05,1294.84,0
2019-03-15 03:00:00,1294.8,1299.16,1294.04,1298.89,0
2019-03-15 04:00:00,1298.91,1300.0,1297.72,1298.13,0
2019-03-15 05:00:00,1298.13,1298.31,1297.09,1298.11,0
2019-03-15 06:00:00,1298.1,1299.18,1297.78,1299.13,0
2019-03-15 07:00:00,1299.12,1302.13,1299.04,1300.51,0
2019-03-15 08:00:00,1300.5,1303.85,1300.35,1303.6,0
2019-03-15 09:00:00,1303.6,1304.45,1302.49,1302.75,0
2019-03-15 10:00:00,1302.74,1303.27,1301.5,1302.5,0
2019-03-15 11:00:00,1302.5,1303.25,1301.82,1303.15,0
2019-03-15 12:00:00,1303.15,1304.47,1302.87,1304.19,0
2019-03-15 13:00:00,1304.2,1304.53,1301.6,1302.2,0
2019-03-15 14:00:00,1302.17,1304.84,1300.73,1304.68,0
2019-03-15 15:00:00,1304.64,1306.41,1303.19,1303.79,0
2019-03-15 16:00:00,1303.8,1304.04,1301.54,1301.95,0
2019-03-15 17:00:00,1301.96,1302.94,1301.39,1302.59,0
2019-03-15 18:00:00,1302.57,1303.23,1302.21,1302.64,0
2019-03-15 19:00:00,1302.63,1302.73,1301.4,1301.93,0
2019-03-15 20:00:00,1301.92,1302.24,1301.64,1301.93,0
2019-03-15 21:00:00,1301.94,1302.54,1301.46,1302.05,0
2019-03-17 23:00:00,1301.99,1302.63,1301.74,1302.26,0
2019-03-18 00:00:00,1302.26,1302.35,1300.67,1300.69,0
2019-03-18 01:00:00,1300.69,1300.9,1299.35,1299.35,0
2019-03-18 02:00:00,1299.39,1299.94,1298.23,1299.48,0
2019-03-18 03:00:00,1299.48,1299.48,1298.64,1299.22,0
2019-03-18 04:00:00,1299.21,1299.83,1298.63,1299.12,0
2019-03-18 05:00:00,1299.12,1299.77,1298.74,1299.75,0
2019-03-18 06:00:00,1299.75,1299.95,1298.54,1298.68,0
2019-03-18 07:00:00,1298.68,1304.05,1298.56,1303.58,0
2019-03-18 08:00:00,1303.58,1304.18,1302.74,1304.07,0
2019-03-18 09:00:00,1304.07,1304.25,1303.34,1303.96,0
2019-03-18 10:00:00,1303.96,1305.63,1303.38,1305.53,0
2019-03-18 11:00:00,1305.52,1305.81,1304.88,1305.23,0
2019-03-18 12:00:00,1305.21,1306.15,1304.26,1304.48,0
2019-03-18 13:00:00,1304.48,1306.75,1303.75,1305.57,0
2019-03-18 14:00:00,1305.56,1306.44,1303.89,1305.38,0
2019-03-18 15:00:00,1305.39,1306.11,1304.28,1305.77,0
2019-03-18 16:00:00,1305.76,1306.03,1303.43,1304.22,0
2019-03-18 17:00:00,1304.22,1304.96,1302.48,1303.09,0
2019-03-18 18:00:00,1303.08,1303.58,1301.06,1303.25,0
2019-03-18 19:00:00,1303.25,1303.28,1302.03,1302.88,0
2019-03-18 20:00:00,1302.88,1303.56,1302.74,1302.8,0
2019-03-18 21:00:00,1302.8,1303.95,1302.57,1303.6,0
2019-03-18 23:00:00,1303.49,1303.9,1303.27,1303.38,0
2019-03-19 00:00:00,1303.38,1303.6,1302.35,1303.51,0
2019-03-19 01:00:00,1303.51,1305.75,1303.45,1304.92,0
2019-03-19 02:00:00,1304.93,1306.23,1304.64,1305.79,0
2019-03-19 03:00:00,1305.79,1307.52,1305.71,1307.3,0
2019-03-19 04:00:00,1307.3,1307.78,1306.96,1307.55,0
2019-03-19 05:00:00,1307.54,1307.87,1307.12,1307.74,0
2019-03-19 06:00:00,1307.74,1307.76,1306.24,1306.35,0
2019-03-19 07:00:00,1306.36,1307.36,1305.57,1305.59,0
2019-03-19 08:00:00,1305.6,1306.19,1303.8,1304.64,0
2019-03-19 09:00:00,1304.65,1306.01,1303.78,1305.91,0
2019-03-19 10:00:00,1305.91,1306.69,1305.7,1306.13,0
2019-03-19 11:00:00,1306.11,1308.95,1305.98,1307.97,0
2019-03-19 12:00:00,1307.97,1308.63,1307.36,1308.12,0
2019-03-19 13:00:00,1308.13,1310.09,1307.78,1308.5,0
2019-03-19 14:00:00,1308.49,1310.91,1308.25,1310.01,0
2019-03-19 15:00:00,1309.96,1310.63,1306.88,1307.69,0
2019-03-19 16:00:00,1307.69,1309.44,1307.03,1307.7,0
2019-03-19 17:00:00,1307.69,1308.14,1305.9,1306.29,0
2019-03-19 18:00:00,1306.3,1307.67,1306.06,1307.55,0
2019-03-19 19:00:00,1307.55,1307.69,1306.61,1307.15,0
2019-03-19 20:00:00,1307.15,1307.67,1306.47,1306.47,0
2019-03-19 21:00:00,1306.47,1306.81,1306.35,1306.44,0
2019-03-19 23:00:00,1305.72,1306.86,1305.52,1306.77,0
2019-03-20 00:00:00,1306.77,1307.04,1305.06,1306.24,0
2019-03-20 01:00:00,1306.24,1306.86,1304.63,1304.75,0
2019-03-20 02:00:00,1304.74,1305.03,1303.87,1305.0,0
2019-03-20 03:00:00,1305.0,1305.26,1304.41,1305.17,0
2019-03-20 04:00:00,1305.17,1305.48,1304.56,1304.89,0
2019-03-20 05:00:00,1304.88,1305.08,1304.65,1304.89,0
2019-03-20 06:00:00,1304.89,1305.91,1304.58,1305.76,0
2019-03-20 07:00:00,1305.77,1306.59,1305.16,1305.22,0
2019-03-20 08:00:00,1305.22,1305.22,1302.42,1303.42,0
2019-03-20 09:00:00,1303.42,1304.08,1301.67,1302.17,0
2019-03-20 10:00:00,1302.17,1303.54,1301.89,1303.23,0
2019-03-20 11:00:00,1303.23,1305.38,1302.78,1304.73,0
2019-03-20 12:00:00,1304.77,1304.98,1303.89,1304.9,0
2019-03-20 13:00:00,1304.89,1308.28,1304.74,1307.71,0
2019-03-20 14:00:00,1307.71,1309.66,1306.18,1306.18,0
2019-03-20 15:00:00,1306.18,1306.59,1302.25,1303.64,0
2019-03-20 16:00:00,1303.64,1304.35,1298.71,1300.62,0
2019-03-20 17:00:00,1300.61,1301.75,1299.78,1300.86,0
2019-03-20 18:00:00,1300.86,1302.72,1300.86,1301.82,0
2019-03-20 19:00:00,1301.87,1316.98,1301.87,1314.49,0
2019-03-20 20:00:00,1314.47,1315.3,1313.53,1314.35,0
2019-03-20 21:00:00,1314.36,1314.39,1312.26,1312.52,0
2019-03-20 23:00:00,1312.92,1314.31,1312.91,1314.09,0
2019-03-21 00:00:00,1314.09,1315.66,1313.97,1315.46,0
2019-03-21 01:00:00,1315.47,1316.37,1314.47,1316.08,0
2019-03-21 02:00:00,1316.07,1318.37,1315.48,1317.82,0
2019-03-21 03:00:00,1317.84,1319.07,1317.59,1318.34,0
2019-03-21 04:00:00,1318.34,1318.82,1317.77,1318.72,0
2019-03-21 05:00:00,1318.72,1319.12,1318.51,1318.85,0
2019-03-21 06:00:00,1318.86,1318.94,1317.41,1317.48,0
2019-03-21 07:00:00,1317.49,1319.26,1317.39,1319.14,0
2019-03-21 08:00:00,1319.14,1320.39,1318.55,1318.97,0
2019-03-21 09:00:00,1319.02,1319.55,1317.64,1317.84,0
2019-03-21 10:00:00,1317.84,1318.8,1317.44,1317.45,0
2019-03-21 11:00:00,1317.45,1318.6,1314.31,1314.36,0
2019-03-21 12:00:00,1314.38,1316.47,1314.33,1315.37,0
2019-03-21 13:00:00,1315.37,1318.6,1315.06,1317.83,0
2019-03-21 14:00:00,1317.85,1317.93,1312.58,1313.02,0
2019-03-21 15:00:00,1313.02,1313.02,1309.19,1309.61,0
2019-03-21 16:00:00,1309.61,1311.55,1308.71,1310.57,0
2019-03-21 17:00:00,1310.54,1311.09,1303.31,1306.03,0
2019-03-21 18:00:00,1306.02,1307.92,1305.61,1307.89,0
2019-03-21 19:00:00,1307.88,1309.27,1307.37,1308.94,0
2019-03-21 20:00:00,1308.95,1309.63,1308.15,1309.3,0
2019-03-21 21:00:00,1309.3,1309.45,1308.93,1309.39,0
2019-03-21 23:00:00,1309.3,1309.53,1308.92,1309.15,0
2019-03-22 00:00:00,1309.15,1309.47,1308.59,1308.59,0
2019-03-22 01:00:00,1308.59,1308.97,1306.86,1308.6,0
2019-03-22 02:00:00,1308.55,1310.34,1307.43,1310.1,0
2019-03-22 03:00:00,1310.1,1310.29,1308.36,1309.44,0
2019-03-22 04:00:00,1309.44,1309.66,1308.85,1309.14,0
2019-03-22 05:00:00,1309.15,1309.44,1308.07,1308.17,0
2019-03-22 06:00:00,1308.17,1309.31,1307.43,1309.19,0
2019-03-22 07:00:00,1309.19,1311.36,1308.98,1311.15,0
2019-03-22 08:00:00,1311.15,1313.1,1311.14,1312.58,0
2019-03-22 09:00:00,1312.62,1313.08,1309.42,1311.74,0
2019-03-22 10:00:00,1311.71,1313.89,1310.81,1313.47,0
2019-03-22 11:00:00,1313.47,1313.76,1310.73,1312.49,0
2019-03-22 12:00:00,1312.5,1313.67,1311.98,1312.68,0
2019-03-22 13:00:00,1312.68,1313.5,1310.38,1311.83,0
2019-03-22 14:00:00,1311.83,1314.97,1309.71,1314.39,0
2019-03-22 15:00:00,1314.39,1314.74,1312.07,1312.95,0
2019-03-22 16:00:00,1312.96,1313.75,1309.92,1313.31,0
2019-03-22 17:00:00,1313.31,1313.61,1311.7,1312.07,0
2019-03-22 18:00:00,1312.07,1313.28,1311.89,1312.88,0
2019-03-22 19:00:00,1312.84,1312.9,1311.18,1312.4,0
2019-03-22 20:00:00,1312.39,1313.45,1312.29,1312.49,0
2019-03-22 21:00:00,1312.47,1313.63,1312.46,1313.29,0
2019-03-24 23:00:00,1313.56,1314.04,1312.53,1312.55,0
2019-03-25 00:00:00,1312.55,1312.58,1311.68,1311.68,0
2019-03-25 01:00:00,1311.67,1313.78,1311.02,1313.62,0
2019-03-25 02:00:00,1313.64,1315.37,1313.04,1314.64,0
2019-03-25 03:00:00,1314.63,1315.89,1314.5,1314.98,0
2019-03-25 04:00:00,1315.0,1315.71,1314.92,1315.41,0
2019-03-25 05:00:00,1315.4,1316.49,1315.34,1315.79,0
2019-03-25 06:00:00,1315.78,1316.59,1315.77,1316.36,0
2019-03-25 07:00:00,1316.36,1316.99,1315.03,1315.81,0
2019-03-25 08:00:00,1315.8,1317.88,1315.22,1317.06,0
2019-03-25 09:00:00,1317.08,1317.7,1316.35,1317.41,0
2019-03-25 10:00:00,1317.42,1317.9,1316.57,1317.53,0
2019-03-25 11:00:00,1317.52,1319.15,1316.84,1316.99,0
2019-03-25 12:00:00,1316.99,1318.05,1316.15,1317.91,0
2019-03-25 13:00:00,1317.91,1320.06,1317.75,1319.42,0
2019-03-25 14:00:00,1319.42,1320.15,1317.92,1319.99,0
2019-03-25 15:00:00,1319.99,1322.54,1319.08,1319.86,0
2019-03-25 16:00:00,1319.82,1323.02,1319.47,1321.53,0
2019-03-25 17:00:00,1321.53,1322.64,1320.24,1321.66,0
2019-03-25 18:00:00,1321.66,1322.98,1320.98,1322.74,0
2019-03-25 19:00:00,1322.74,1324.54,1320.99,1321.25,0
2019-03-25 20:00:00,1321.21,1322.64,1320.8,1322.24,0
2019-03-25 21:00:00,1322.24,1322.55,1321.77,1321.84,0
2019-03-25 23:00:00,1321.81,1322.49,1321.32,1322.08,0
2019-03-26 00:00:00,1322.08,1323.29,1321.22,1321.38,0
2019-03-26 01:00:00,1321.37,1321.66,1320.35,1320.91,0
2019-03-26 02:00:00,1320.91,1322.23,1320.73,1321.66,0
2019-03-26 03:00:00,1321.66,1321.86,1319.98,1320.65,0
2019-03-26 04:00:00,1320.65,1321.17,1320.35,1320.49,0
2019-03-26 05:00:00,1320.49,1320.62,1319.55,1319.85,0
2019-03-26 06:00:00,1319.85,1319.87,1317.46,1318.06,0
2019-03-26 07:00:00,1318.06,1319.83,1317.65,1318.3,0
2019-03-26 08:00:00,1318.27,1318.29,1315.73,1315.81,0
2019-03-26 09:00:00,1315.78,1317.76,1315.71,1316.63,0
2019-03-26 10:00:00,1316.63,1317.53,1314.71,1314.91,0
2019-03-26 11:00:00,1314.91,1315.48,1314.03,1314.71,0
2019-03-26 12:00:00,1314.69,1315.23,1312.73,1313.71,0
2019-03-26 13:00:00,1313.71,1317.06,1312.91,1316.57,0
2019-03-26 14:00:00,1316.58,1318.83,1313.61,1314.28,0
2019-03-26 15:00:00,1314.32,1317.12,1314.32,1315.73,0
2019-03-26 16:00:00,1315.74,1316.25,1314.14,1314.79,0
2019-03-26 17:00:00,1314.78,1316.27,1313.33,1316.03,0
2019-03-26 18:00:00,1316.03,1316.71,1314.44,1315.66,0
2019-03-26 19:00:00,1315.66,1317.33,1315.48,1316.52,0
2019-03-26 20:00:00,1316.49,1317.19,1315.67,1315.86,0
2019-03-26 21:00:00,1315.85,1316.48,1315.17,1315.6,0
2019-03-26 23:00:00,1315.57,1316.55,1315.57,1316.49,0
2019-03-27 00:00:00,1316.48,1317.36,1316.28,1316.47,0
2019-03-27 01:00:00,1316.47,1317.76,1316.22,1317.36,0
2019-03-27 02:00:00,1317.4,1318.54,1316.14,1317.53,0
2019-03-27 03:00:00,1317.44,1318.0,1316.56,1316.85,0
2019-03-27 04:00:00,1316.86,1316.96,1316.05,1316.4,0
2019-03-27 05:00:00,1316.41,1316.87,1314.82,1314.89,0
2019-03-27 06:00:00,1314.89,1316.17,1314.5,1315.38,0
2019-03-27 07:00:00,1315.33,1317.13,1315.18,1316.78,0
2019-03-27 08:00:00,1316.78,1317.32,1312.88,1313.92,0
2019-03-27 09:00:00,1313.92,1316.52,1313.84,1316.24,0
2019-03-27 10:00:00,1316.28,1318.47,1316.01,1317.88,0
2019-03-27 11:00:00,1317.88,1319.31,1317.59,1318.4,0
2019-03-27 12:00:00,1318.39,1319.1,1316.76,1317.41,0
2019-03-27 13:00:00,1317.42,1317.94,1314.39,1315.23,0
2019-03-27 14:00:00,1315.23,1317.01,1308.82,1312.51,0
2019-03-27 15:00:00,1312.45,1313.48,1310.2,1311.94,0
2019-03-27 16:00:00,1311.96,1313.14,1309.66,1311.63,0
2019-03-27 17:00:00,1311.63,1312.23,1309.87,1311.99,0
2019-03-27 18:00:00,1311.99,1312.6,1309.41,1309.87,0
2019-03-27 19:00:00,1309.86,1311.08,1309.05,1309.94,0
2019-03-27 20:00:00,1309.94,1309.94,1308.17,1309.2,0
2019-03-27 21:00:00,1309.2,1309.88,1308.99,1309.35,0
2019-03-27 23:00:00,1309.67,1310.26,1309.54,1309.62,0
2019-03-28 00:00:00,1309.61,1310.04,1308.85,1309.43,0
2019-03-28 01:00:00,1309.42,1311.06,1309.01,1310.55,0
2019-03-28 02:00:00,1310.56,1310.78,1307.54,1307.88,0
2019-03-28 03:00:00,1307.87,1310.38,1307.28,1310.33,0
2019-03-28 04:00:00,1310.33,1311.0,1309.76,1309.89,0
2019-03-28 05:00:00,1309.89,1310.99,1309.28,1310.77,0
2019-03-28 06:00:00,1310.77,1311.74,1310.67,1311.51,0
2019-03-28 07:00:00,1311.5,1312.36,1310.43,1310.56,0
2019-03-28 08:00:00,1310.55,1311.59,1308.98,1309.07,0
2019-03-28 09:00:00,1309.07,1309.94,1307.25,1308.16,0
2019-03-28 10:00:00,1308.16,1308.74,1306.78,1307.37,0
2019-03-28 11:00:00,1307.37,1307.79,1305.36,1306.35,0
2019-03-28 12:00:00,1306.36,1306.6,1302.44,1303.26,0
2019-03-28 13:00:00,1303.24,1306.06,1300.01,1300.43,0
2019-03-28 14:00:00,1300.38,1300.44,1291.29,1291.93,0
2019-03-28 15:00:00,1291.93,1295.34,1291.62,1294.55,0
2019-03-28 16:00:00,1294.55,1295.25,1290.64,1292.37,0
2019-03-28 17:00:00,1292.38,1292.59,1288.53,1290.72,0
2019-03-28 18:00:00,1290.72,1292.11,1290.23,1291.05,0
2019-03-28 19:00:00,1291.06,1291.9,1290.79,1291.6,0
2019-03-28 20:00:00,1291.6,1291.83,1290.6,1290.64,0
2019-03-28 21:00:00,1290.64,1291.03,1290.04,1290.29,0
2019-03-28 23:00:00,1290.27,1291.24,1289.9,1291.11,0
2019-03-29 00:00:00,1291.11,1291.62,1290.77,1291.58,0
2019-03-29 01:00:00,1291.58,1292.7,1291.23,1291.93,0
2019-03-29 02:00:00,1291.93,1292.22,1290.47,1290.93,0
2019-03-29 03:00:00,1290.93,1291.58,1290.25,1291.21,0
2019-03-29 04:00:00,1291.21,1291.6,1288.89,1289.38,0
2019-03-29 05:00:00,1289.37,1290.14,1288.39,1289.1,0
2019-03-29 06:00:00,1289.1,1290.49,1288.68,1289.98,0
2019-03-29 07:00:00,1289.97,1290.53,1286.8,1287.32,0
2019-03-29 08:00:00,1287.32,1289.02,1287.06,1288.11,0
2019-03-29 09:00:00,1288.13,1290.34,1287.2,1290.17,0
2019-03-29 10:00:00,1290.17,1292.11,1290.03,1290.95,0
2019-03-29 11:00:00,1290.95,1292.34,1290.26,1291.41,0
2019-03-29 12:00:00,1291.41,1293.88,1291.29,1293.25,0
2019-03-29 13:00:00,1293.22,1298.37,1293.22,1297.47,0
2019-03-29 14:00:00,1297.46,1299.83,1297.22,1299.34,0
2019-03-29 15:00:00,1299.34,1299.34,1294.19,1295.44,0
2019-03-29 16:00:00,1295.45,1296.0,1293.44,1295.49,0
2019-03-29 17:00:00,1295.5,1296.32,1294.76,1295.35,0
2019-03-29 18:00:00,1295.34,1295.53,1292.72,1293.37,0
2019-03-29 19:00:00,1293.41,1294.0,1292.27,1292.29,0
2019-03-29 20:00:00,1292.29,1293.11,1292.05,1292.23,0
2019-03-29 21:00:00,1292.23,1292.69,1291.98,1292.0,0
2019-03-31 23:00:00,1292.28,1293.31,1291.78,1292.36,0
2019-04-01 00:00:00,1292.37,1292.45,1291.55,1291.82,0
2019-04-01 01:00:00,1291.83,1291.84,1290.32,1291.71,0
2019-04-01 02:00:00,1291.7,1293.71,1291.69,1292.04,0
2019-04-01 03:00:00,1292.05,1293.38,1291.6,1293.03,0
2019-04-01 04:00:00,1293.06,1293.82,1292.93,1293.35,0
2019-04-01 05:00:00,1293.34,1293.88,1292.82,1292.94,0
2019-04-01 06:00:00,1292.93,1293.93,1292.12,1292.86,0
2019-04-01 07:00:00,1292.85,1292.85,1288.7,1289.36,0
2019-04-01 08:00:00,1289.36,1290.78,1288.28,1289.72,0
2019-04-01 09:00:00,1289.71,1291.36,1289.65,1290.74,0
2019-04-01 10:00:00,1290.74,1292.19,1290.23,1291.29,0
2019-04-01 11:00:00,1291.29,1291.45,1289.74,1290.11,0
2019-04-01 12:00:00,1290.12,1291.35,1289.25,1290.02,0
2019-04-01 13:00:00,1290.03,1295.76,1289.75,1294.83,0
2019-04-01 14:00:00,1294.83,1297.05,1294.05,1295.34,0
2019-04-01 15:00:00,1295.26,1295.26,1290.63,1292.22,0
2019-04-01 16:00:00,1292.21,1293.14,1290.76,1290.9,0
2019-04-01 17:00:00,1290.86,1291.25,1289.16,1289.64,0
2019-04-01 18:00:00,1289.64,1290.9,1288.56,1289.5,0
2019-04-01 19:00:00,1289.51,1289.71,1287.76,1288.3,0
2019-04-01 20:00:00,1288.3,1288.78,1286.7,1287.23,0
2019-04-01 21:00:00,1287.21,1287.84,1286.52,1287.63,0
2019-04-01 23:00:00,1287.38,1288.25,1285.35,1287.98,0
2019-04-02 00:00:00,1287.96,1288.07,1286.66,1287.42,0
2019-04-02 01:00:00,1287.43,1289.27,1287.41,1288.3,0
2019-04-02 02:00:00,1288.3,1289.16,1287.35,1288.83,0
2019-04-02 03:00:00,1288.83,1289.14,1287.26,1287.27,0
2019-04-02 04:00:00,1287.26,1287.88,1286.28,1287.38,0
2019-04-02 05:00:00,1287.38,1287.39,1285.38,1286.02,0
2019-04-02 06:00:00,1286.01,1288.99,1285.81,1288.0,0
2019-04-02 07:00:00,1288.01,1289.56,1286.81,1286.95,0
2019-04-02 08:00:00,1286.93,1287.41,1285.32,1286.36,0
2019-04-02 09:00:00,1286.36,1287.41,1285.95,1286.56,0
2019-04-02 10:00:00,1286.56,1288.97,1286.35,1288.51,0
2019-04-02 11:00:00,1288.52,1288.74,1286.36,1287.19,0
2019-04-02 12:00:00,1287.18,1290.43,1286.51,1288.9,0
2019-04-02 13:00:00,1288.89,1290.1,1287.51,1289.23,0
2019-04-02 14:00:00,1289.22,1290.14,1288.12,1289.4,0
2019-04-02 15:00:00,1289.4,1291.19,1289.29,1290.54,0
2019-04-02 16:00:00,1290.54,1291.94,1289.87,1289.88,0
2019-04-02 17:00:00,1289.89,1291.2,1288.96,1289.66,0
2019-04-02 18:00:00,1289.65,1291.36,1289.54,1290.83,0
2019-04-02 19:00:00,1290.83,1291.99,1290.69,1291.36,0
2019-04-02 20:00:00,1291.37,1291.58,1290.86,1291.58,0
2019-04-02 21:00:00,1291.58,1292.6,1291.42,1292.41,0
2019-04-02 23:00:00,1292.21,1292.9,1291.95,1292.2,0
2019-04-03 00:00:00,1292.2,1292.41,1291.69,1291.8,0
2019-04-03 01:00:00,1291.78,1292.3,1290.2,1291.4,0
2019-04-03 02:00:00,1291.4,1293.34,1291.07,1293.09,0
2019-04-03 03:00:00,1293.08,1293.08,1291.75,1292.5,0
2019-04-03 04:00:00,1292.5,1293.07,1292.28,1292.66,0
2019-04-03 05:00:00,1292.66,1293.19,1292.17,1293.14,0
2019-04-03 06:00:00,1293.1,1293.74,1292.86,1293.28,0
2019-04-03 07:00:00,1293.29,1293.64,1291.96,1292.49,0
2019-04-03 08:00:00,1292.47,1292.77,1290.63,1291.54,0
2019-04-03 09:00:00,1291.53,1292.58,1291.28,1292.45,0
2019-04-03 10:00:00,1292.45,1292.88,1291.71,1291.93,0
2019-04-03 11:00:00,1291.93,1293.19,1291.63,1292.92,0
2019-04-03 12:00:00,1292.92,1294.61,1292.77,1293.09,0
2019-04-03 13:00:00,1293.09,1294.3,1291.01,1291.73,0
2019-04-03 14:00:00,1291.73,1291.74,1288.47,1289.39,0
2019-04-03 15:00:00,1289.39,1291.06,1288.42,1290.42,0
2019-04-03 16:00:00,1290.43,1291.41,1289.49,1290.3,0
2019-04-03 17:00:00,1290.3,1292.02,1289.92,1290.89,0
2019-04-03 18:00:00,1290.89,1291.45,1290.24,1290.79,0
2019-04-03 19:00:00,1290.78,1291.02,1290.09,1290.31,0
2019-04-03 20:00:00,1290.31,1290.82,1289.87,1290.07,0
2019-04-03 21:00:00,1290.06,1290.59,1289.63,1289.83,0
2019-04-03 23:00:00,1290.3,1291.12,1290.15,1291.02,0
2019-04-04 00:00:00,1291.01,1292.03,1290.7,1291.89,0
2019-04-04 01:00:00,1291.89,1292.54,1291.64,1292.05,0
2019-04-04 02:00:00,1292.05,1292.05,1290.35,1291.04,0
2019-04-04 03:00:00,1291.04,1291.39,1290.53,1290.67,0
2019-04-04 04:00:00,1290.68,1292.47,1290.66,1292.43,0
2019-04-04 05:00:00,1292.43,1292.98,1292.15,1292.65,0
2019-04-04 06:00:00,1292.65,1293.07,1292.21,1292.96,0
2019-04-04 07:00:00,1292.94,1293.56,1292.0,1293.05,0
2019-04-04 08:00:00,1293.06,1293.08,1292.23,1292.79,0
2019-04-04 09:00:00,1292.79,1292.84,1290.96,1291.28,0
2019-04-04 10:00:00,1291.28,1291.89,1290.63,1291.21,0
2019-04-04 11:00:00,1291.21,1291.92,1290.88,1291.23,0
2019-04-04 12:00:00,1291.23,1291.26,1288.64,1289.15,0
2019-04-04 13:00:00,1289.12,1289.27,1283.28,1284.92,0
2019-04-04 14:00:00,1284.92,1284.92,1280.9,1282.76,0
2019-04-04 15:00:00,1282.72,1288.83,1282.55,1287.45,0
2019-04-04 16:00:00,1287.45,1289.6,1287.18,1287.84,0
2019-04-04 17:00:00,1287.84,1289.82,1287.62,1288.95,0
2019-04-04 18:00:00,1288.95,1291.45,1288.92,1290.86,0
2019-04-04 19:00:00,1290.86,1293.24,1290.86,1292.39,0
2019-04-04 20:00:00,1292.39,1294.42,1292.39,1293.14,0
2019-04-04 21:00:00,1293.17,1293.58,1292.15,1292.21,0
2019-04-04 23:00:00,1292.43,1293.64,1292.35,1292.93,0
2019-04-05 00:00:00,1292.93,1293.02,1292.14,1292.2,0
2019-04-05 01:00:00,1292.21,1292.3,1290.95,1291.59,0
2019-04-05 02:00:00,1291.59,1291.87,1290.64,1290.64,0
2019-04-05 03:00:00,1290.64,1290.91,1289.8,1289.91,0
2019-04-05 04:00:00,1289.91,1290.02,1287.51,1287.95,0
2019-04-05 05:00:00,1287.94,1289.58,1287.76,1289.5,0
2019-04-05 06:00:00,1289.5,1290.1,1288.82,1288.84,0
2019-04-05 07:00:00,1288.83,1288.85,1287.19,1288.64,0
2019-04-05 08:00:00,1288.64,1290.88,1288.64,1290.25,0
2019-04-05 09:00:00,1290.25,1290.44,1288.61,1288.83,0
2019-04-05 10:00:00,1288.83,1290.12,1287.94,1289.89,0
2019-04-05 11:00:00,1289.89,1290.78,1289.53,1289.94,0
2019-04-05 12:00:00,1289.95,1290.27,1287.01,1287.71,0
2019-04-05 13:00:00,1287.72,1292.29,1284.44,1290.71,0
2019-04-05 14:00:00,1290.71,1292.57,1288.54,1288.86,0
2019-04-05 15:00:00,1288.86,1293.27,1288.34,1292.17,0
2019-04-05 16:00:00,1292.17,1292.71,1291.08,1292.02,0
2019-04-05 17:00:00,1292.01,1292.74,1291.53,1291.67,0
2019-04-05 18:00:00,1291.66,1292.55,1291.23,1291.8,0
2019-04-05 19:00:00,1291.8,1292.37,1291.53,1291.8,0
2019-04-05 20:00:00,1291.78,1292.04,1291.4,1291.87,0
2019-04-05 21:00:00,1291.86,1292.3,1291.23,1291.5,0
2019-04-07 23:00:00,1291.22,1293.68,1291.22,1293.12,0
2019-04-08 00:00:00,1293.13,1293.28,1291.45,1291.78,0
2019-04-08 01:00:00,1291.77,1294.02,1291.67,1293.92,0
2019-04-08 02:00:00,1293.91,1296.48,1293.06,1296.28,0
2019-04-08 03:00:00,1296.28,1296.79,1295.69,1296.03,0
2019-04-08 04:00:00,1296.02,1296.54,1295.98,1296.1,0
2019-04-08 05:00:00,1296.1,1297.04,1296.04,1296.33,0
2019-04-08 06:00:00,1296.33,1296.89,1296.01,1296.45,0
2019-04-08 07:00:00,1296.43,1298.02,1296.01,1297.12,0
2019-04-08 08:00:00,1297.11,1297.66,1296.6,1297.22,0
2019-04-08 09:00:00,1297.22,1297.63,1296.53,1297.3,0
2019-04-08 10:00:00,1297.31,1297.84,1296.8,1297.06,0
2019-04-08 11:00:00,1297.03,1297.71,1296.52,1297.41,0
2019-04-08 12:00:00,1297.41,1298.43,1297.22,1298.32,0
2019-04-08 13:00:00,1298.32,1303.74,1298.18,1303.32,0
2019-04-08 14:00:00,1303.32,1303.35,1300.8,1301.0,0
2019-04-08 15:00:00,1301.0,1301.03,1298.98,1299.6,0
2019-04-08 16:00:00,1299.58,1299.74,1296.34,1297.64,0
2019-04-08 17:00:00,1297.63,1298.4,1297.34,1297.86,0
2019-04-08 18:00:00,1297.85,1298.05,1297.22,1298.02,0
2019-04-08 19:00:00,1298.03,1298.33,1297.49,1297.75,0
2019-04-08 20:00:00,1297.76,1298.12,1297.37,1298.0,0
2019-04-08 21:00:00,1298.01,1298.23,1297.38,1297.41,0
2019-04-08 23:00:00,1297.59,1298.59,1297.59,1298.39,0
2019-04-09 00:00:00,1298.39,1298.53,1297.87,1298.06,0
2019-04-09 01:00:00,1298.06,1299.17,1296.61,1299.16,0
2019-04-09 02:00:00,1299.16,1300.11,1298.46,1298.92,0
2019-04-09 03:00:00,1298.92,1299.49,1297.78,1299.14,0
2019-04-09 04:00:00,1299.13,1299.85,1299.02,1299.52,0
2019-04-09 05:00:00,1299.51,1299.75,1298.95,1299.24,0
2019-04-09 06:00:00,1299.23,1299.81,1299.09,1299.15,0
2019-04-09 07:00:00,1299.13,1299.46,1297.49,1297.97,0
2019-04-09 08:00:00,1297.97,1300.88,1297.14,1300.35,0
2019-04-09 09:00:00,1300.35,1302.05,1300.24,1301.39,0
2019-04-09 10:00:00,1301.39,1302.39,1301.04,1301.65,0
2019-04-09 11:00:00,1301.65,1302.91,1300.77,1301.51,0
2019-04-09 12:00:00,1301.5,1302.96,1300.49,1301.78,0
2019-04-09 13:00:00,1301.79,1306.19,1301.68,1304.77,0
2019-04-09 14:00:00,1304.78,1306.2,1303.61,1304.04,0
2019-04-09 15:00:00,1304.02,1305.33,1302.92,1303.87,0
2019-04-09 16:00:00,1303.87,1305.99,1303.78,1305.89,0
2019-04-09 17:00:00,1305.86,1306.2,1304.07,1304.26,0
2019-04-09 18:00:00,1304.29,1304.88,1303.84,1304.12,0
2019-04-09 19:00:00,1304.13,1305.05,1304.03,1304.32,0
2019-04-09 20:00:00,1304.33,1304.37,1303.37,1304.31,0
2019-04-09 21:00:00,1304.31,1304.78,1303.87,1304.06,0
2019-04-09 23:00:00,1303.94,1304.7,1303.82,1304.58,0
2019-04-10 00:00:00,1304.58,1305.18,1303.99,1304.69,0
2019-04-10 01:00:00,1304.69,1304.87,1303.54,1303.55,0
2019-04-10 02:00:00,1303.55,1303.65,1302.28,1302.59,0
2019-04-10 03:00:00,1302.58,1302.79,1301.2,1302.24,0
2019-04-10 04:00:00,1302.24,1302.89,1301.61,1302.68,0
2019-04-10 05:00:00,1302.68,1303.01,1302.1,1302.51,0
2019-04-10 06:00:00,1302.51,1303.42,1302.04,1302.83,0
2019-04-10 07:00:00,1302.84,1305.35,1302.54,1305.13,0
2019-04-10 08:00:00,1305.13,1305.39,1302.59,1303.38,0
2019-04-10 09:00:00,1303.38,1304.96,1302.81,1304.32,0
2019-04-10 10:00:00,1304.35,1304.94,1304.05,1304.57,0
2019-04-10 11:00:00,1304.56,1304.84,1303.45,1303.47,0
2019-04-10 12:00:00,1303.47,1304.43,1302.77,1303.7,0
2019-04-10 13:00:00,1303.67,1304.93,1300.96,1302.54,0
2019-04-10 14:00:00,1302.54,1306.82,1301.96,1305.73,0
2019-04-10 15:00:00,1305.73,1307.27,1305.21,1306.97,0
2019-04-10 16:00:00,1306.97,1309.08,1306.8,1308.26,0
2019-04-10 17:00:00,1308.26,1310.22,1307.8,1309.96,0
2019-04-10 18:00:00,1309.96,1310.62,1308.87,1309.37,0
2019-04-10 19:00:00,1309.37,1309.4,1307.04,1307.91,0
2019-04-10 20:00:00,1307.91,1309.08,1307.78,1308.09,0
2019-04-10 21:00:00,1308.11,1308.47,1307.71,1308.03,0
2019-04-10 23:00:00,1307.97,1308.53,1307.9,1308.09,0
2019-04-11 00:00:00,1308.08,1309.22,1308.03,1308.16,0
2019-04-11 01:00:00,1308.15,1308.41,1307.04,1307.8,0
2019-04-11 02:00:00,1307.8,1308.35,1306.7,1307.03,0
2019-04-11 03:00:00,1307.03,1307.24,1306.36,1306.79,0
2019-04-11 04:00:00,1306.79,1306.83,1306.29,1306.65,0
2019-04-11 05:00:00,1306.66,1307.22,1306.08,1307.19,0
2019-04-11 06:00:00,1307.2,1308.15,1306.88,1307.88,0
2019-04-11 07:00:00,1307.88,1308.26,1306.26,1306.59,0
2019-04-11 08:00:00,1306.59,1306.64,1304.73,1305.31,0
2019-04-11 09:00:00,1305.33,1305.33,1303.71,1304.74,0
2019-04-11 10:00:00,1304.74,1304.78,1303.95,1304.66,0
2019-04-11 11:00:00,1304.65,1305.22,1303.89,1304.87,0
2019-04-11 12:00:00,1304.88,1304.88,1300.79,1300.98,0
2019-04-11 13:00:00,1300.96,1301.06,1294.9,1295.54,0
2019-04-11 14:00:00,1295.56,1299.69,1294.82,1298.67,0
2019-04-11 15:00:00,1298.69,1299.26,1296.03,1296.53,0
2019-04-11 16:00:00,1296.53,1296.65,1293.23,1294.98,0
2019-04-11 17:00:00,1294.98,1295.11,1292.31,1292.88,0
2019-04-11 18:00:00,1292.87,1293.79,1289.68,1290.9,0
2019-04-11 19:00:00,1290.9,1291.59,1290.24,1290.24,0
2019-04-11 20:00:00,1290.24,1292.14,1290.22,1291.45,0
2019-04-11 21:00:00,1291.45,1292.89,1291.44,1292.6,0
2019-04-11 23:00:00,1292.66,1293.03,1292.01,1292.14,0
2019-04-12 00:00:00,1292.14,1292.64,1291.93,1292.26,0
2019-04-12 01:00:00,1292.25,1293.78,1292.05,1293.41,0
2019-04-12 02:00:00,1293.41,1294.06,1292.88,1293.45,0
2019-04-12 03:00:00,1293.47,1294.04,1293.04,1293.31,0
2019-04-12 04:00:00,1293.3,1293.32,1291.22,1292.04,0
2019-04-12 05:00:00,1292.01,1292.92,1291.9,1292.91,0
2019-04-12 06:00:00,1292.91,1293.69,1292.27,1293.6,0
2019-04-12 07:00:00,1293.6,1294.38,1292.65,1293.26,0
2019-04-12 08:00:00,1293.26,1293.67,1291.47,1292.26,0
2019-04-12 09:00:00,1292.26,1293.86,1292.14,1293.66,0
2019-04-12 10:00:00,1293.66,1295.79,1293.15,1294.77,0
2019-04-12 11:00:00,1294.76,1295.0,1293.49,1294.56,0
2019-04-12 12:00:00,1294.56,1294.72,1292.49,1292.53,0
2019-04-12 13:00:00,1292.54,1294.35,1290.57,1291.84,0
2019-04-12 14:00:00,1291.83,1293.09,1291.03,1292.87,0
2019-04-12 15:00:00,1292.8,1295.24,1292.34,1292.85,0
2019-04-12 16:00:00,1292.84,1293.12,1291.23,1291.41,0
2019-04-12 17:00:00,1291.37,1292.05,1290.75,1292.03,0
2019-04-12 18:00:00,1292.03,1292.55,1291.34,1291.42,0
2019-04-12 19:00:00,1291.43,1291.67,1290.99,1291.03,0
2019-04-12 20:00:00,1291.02,1291.32,1290.06,1290.35,0
2019-04-12 21:00:00,1290.35,1291.62,1290.34,1290.42,0
2019-04-14 23:00:00,1291.16,1292.03,1290.87,1291.25,0
2019-04-15 00:00:00,1291.24,1291.31,1289.37,1289.8,0
2019-04-15 01:00:00,1289.8,1290.33,1288.78,1290.33,0
2019-04-15 02:00:00,1290.32,1290.44,1286.9,1287.95,0
2019-04-15 03:00:00,1287.95,1288.56,1287.34,1288.5,0
2019-04-15 04:00:00,1288.5,1289.25,1287.82,1289.2,0
2019-04-15 05:00:00,1289.2,1289.54,1288.93,1289.3,0
2019-04-15 06:00:00,1289.29,1289.39,1287.99,1288.12,0
2019-04-15 07:00:00,1288.12,1288.77,1286.97,1287.15,0
2019-04-15 08:00:00,1287.15,1287.88,1286.74,1287.05,0
2019-04-15 09:00:00,1287.05,1287.72,1285.95,1286.53,0
2019-04-15 10:00:00,1286.53,1287.31,1285.64,1285.75,0
2019-04-15 11:00:00,1285.76,1287.25,1285.58,1286.5,0
2019-04-15 12:00:00,1286.54,1287.02,1285.0,1285.8,0
2019-04-15 13:00:00,1285.8,1288.88,1283.65,1285.15,0
2019-04-15 14:00:00,1285.15,1285.25,1282.56,1284.96,0
2019-04-15 15:00:00,1284.96,1287.8,1284.81,1287.3,0
2019-04-15 16:00:00,1287.29,1289.49,1287.06,1288.7,0
2019-04-15 17:00:00,1288.68,1290.16,1288.55,1289.45,0
2019-04-15 18:00:00,1289.46,1289.76,1287.88,1288.34,0
2019-04-15 19:00:00,1288.33,1288.52,1287.84,1287.94,0
2019-04-15 20:00:00,1287.95,1288.32,1287.73,1287.85,0
2019-04-15 21:00:00,1287.87,1288.13,1287.58,1287.88,0
2019-04-15 23:00:00,1287.89,1288.32,1287.88,1287.96,0
2019-04-16 00:00:00,1287.97,1288.76,1287.89,1288.45,0
2019-04-16 01:00:00,1288.34,1288.36,1286.57,1287.32,0
2019-04-16 02:00:00,1287.32,1287.34,1285.59,1285.65,0
2019-04-16 03:00:00,1285.65,1286.58,1285.32,1285.43,0
2019-04-16 04:00:00,1285.4,1285.67,1284.78,1285.29,0
2019-04-16 05:00:00,1285.29,1285.63,1284.89,1284.93,0
2019-04-16 06:00:00,1284.93,1285.44,1283.76,1284.44,0
2019-04-16 07:00:00,1284.44,1286.91,1284.13,1286.6,0
2019-04-16 08:00:00,1286.61,1287.41,1284.78,1284.91,0
2019-04-16 09:00:00,1284.92,1285.47,1284.24,1284.51,0
2019-04-16 10:00:00,1284.5,1284.77,1282.49,1283.62,0
2019-04-16 11:00:00,1283.62,1284.01,1283.06,1283.93,0
2019-04-16 12:00:00,1283.92,1285.07,1282.89,1284.65,0
2019-04-16 13:00:00,1284.67,1284.86,1278.34,1279.18,0
2019-04-16 14:00:00,1279.18,1279.67,1273.34,1276.33,0
2019-04-16 15:00:00,1276.33,1276.9,1273.94,1276.64,0
2019-04-16 16:00:00,1276.64,1277.68,1274.27,1275.72,0
2019-04-16 17:00:00,1275.72,1275.79,1272.99,1274.06,0
2019-04-16 18:00:00,1274.06,1275.33,1273.83,1275.14,0
2019-04-16 19:00:00,1275.14,1276.64,1275.06,1276.26,0
2019-04-16 20:00:00,1276.24,1276.99,1275.84,1276.43,0
2019-04-16 21:00:00,1276.43,1277.05,1275.99,1276.79,0
2019-04-16 23:00:00,1276.57,1277.3,1276.23,1276.64,0
2019-04-17 00:00:00,1276.63,1277.18,1276.18,1276.64,0
2019-04-17 01:00:00,1276.64,1276.87,1274.88,1276.41,0
2019-04-17 02:00:00,1276.41,1277.63,1275.49,1277.59,0
2019-04-17 03:00:00,1277.59,1278.09,1276.87,1277.15,0
2019-04-17 04:00:00,1277.16,1277.16,1276.33,1276.84,0
2019-04-17 05:00:00,1276.86,1277.77,1276.84,1277.62,0
2019-04-17 06:00:00,1277.61,1278.89,1277.2,1278.88,0
2019-04-17 07:00:00,1278.88,1279.81,1277.9,1278.65,0
2019-04-17 08:00:00,1278.64,1279.39,1277.74,1278.91,0
2019-04-17 09:00:00,1278.96,1279.41,1275.75,1276.47,0
2019-04-17 10:00:00,1276.47,1276.95,1274.68,1275.52,0
2019-04-17 11:00:00,1275.52,1276.89,1275.21,1276.64,0
2019-04-17 12:00:00,1276.66,1276.71,1275.62,1275.72,0
2019-04-17 13:00:00,1275.72,1277.89,1275.19,1276.21,0
2019-04-17 14:00:00,1276.21,1276.73,1274.71,1276.09,0
2019-04-17 15:00:00,1276.09,1276.09,1273.23,1273.72,0
2019-04-17 16:00:00,1273.72,1275.01,1273.44,1274.24,0
2019-04-17 17:00:00,1274.24,1274.57,1273.09,1273.29,0
2019-04-17 18:00:00,1273.3,1274.73,1273.3,1274.53,0
2019-04-17 19:00:00,1274.53,1274.59,1273.77,1274.02,0
2019-04-17 20:00:00,1274.01,1274.37,1273.56,1274.18,0
2019-04-17 21:00:00,1274.19,1274.56,1273.77,1273.99,0
2019-04-17 23:00:00,1274.26,1274.54,1274.11,1274.31,0
2019-04-18 00:00:00,1274.31,1274.62,1273.73,1274.24,0
2019-04-18 01:00:00,1274.24,1274.84,1274.0,1274.43,0
2019-04-18 02:00:00,1274.43,1274.48,1271.84,1272.25,0
2019-04-18 03:00:00,1272.25,1272.44,1271.64,1272.37,0
2019-04-18 04:00:00,1272.37,1272.62,1271.93,1272.6,0
2019-04-18 05:00:00,1272.61,1272.62,1271.62,1272.11,0
2019-04-18 06:00:00,1272.11,1272.6,1271.78,1272.33,0
2019-04-18 07:00:00,1272.33,1272.53,1271.18,1271.85,0
2019-04-18 08:00:00,1271.85,1276.19,1271.29,1275.28,0
2019-04-18 09:00:00,1275.29,1276.17,1274.49,1275.92,0
2019-04-18 10:00:00,1275.92,1277.69,1275.16,1275.68,0
2019-04-18 11:00:00,1275.69,1275.93,1274.66,1275.53,0
2019-04-18 12:00:00,1275.5,1277.01,1274.91,1276.35,0
2019-04-18 13:00:00,1276.32,1276.96,1272.76,1273.75,0
2019-04-18 14:00:00,1273.73,1276.7,1272.95,1275.72,0
2019-04-18 15:00:00,1275.72,1276.16,1274.51,1275.8,0
2019-04-18 16:00:00,1275.79,1275.95,1273.56,1273.87,0
2019-04-18 17:00:00,1273.87,1274.17,1272.6,1273.53,0
2019-04-18 18:00:00,1273.56,1274.68,1272.91,1274.6,0
2019-04-18 19:00:00,1274.59,1274.59,1273.91,1274.06,0
2019-04-18 20:00:00,1274.06,1275.16,1273.94,1275.15,0
2019-04-18 21:00:00,1275.15,1275.72,1274.84,1275.46,0
2019-04-21 23:00:00,1275.78,1276.56,1275.51,1276.44,0
2019-04-22 00:00:00,1276.44,1277.29,1276.03,1276.81,0
2019-04-22 01:00:00,1276.79,1277.45,1275.43,1276.03,0
2019-04-22 02:00:00,1276.03,1278.25,1275.66,1278.24,0
2019-04-22 03:00:00,1278.17,1278.96,1277.74,1278.69,0
2019-04-22 04:00:00,1278.7,1279.84,1278.28,1278.39,0
2019-04-22 05:00:00,1278.39,1279.48,1278.33,1279.24,0
2019-04-22 06:00:00,1279.24,1279.5,1278.17,1278.68,0
2019-04-22 07:00:00,1278.66,1279.28,1277.07,1277.41,0
2019-04-22 08:00:00,1277.41,1278.94,1276.49,1278.63,0
2019-04-22 09:00:00,1278.63,1279.06,1277.94,1279.0,0
2019-04-22 10:00:00,1279.05,1279.57,1278.8,1279.35,0
2019-04-22 11:00:00,1279.35,1279.84,1278.81,1279.64,0
2019-04-22 12:00:00,1279.64,1279.64,1277.96,1278.29,0
2019-04-22 13:00:00,1278.28,1279.59,1276.6,1276.89,0
2019-04-22 14:00:00,1276.87,1277.68,1274.78,1275.15,0
2019-04-22 15:00:00,1275.13,1276.42,1274.49,1275.37,0
2019-04-22 16:00:00,1275.38,1275.76,1273.9,1274.36,0
2019-04-22 17:00:00,1274.39,1274.95,1273.85,1274.36,0
2019-04-22 18:00:00,1274.35,1275.96,1274.31,1275.51,0
2019-04-22 19:00:00,1275.52,1275.72,1274.55,1275.3,0
2019-04-22 20:00:00,1275.29,1275.45,1274.64,1274.93,0
2019-04-22 21:00:00,1274.94,1275.16,1274.68,1274.87,0
2019-04-22 23:00:00,1275.29,1275.5,1275.0,1275.03,0
2019-04-23 00:00:00,1275.04,1275.21,1274.31,1274.67,0
2019-04-23 01:00:00,1274.68,1275.78,1273.62,1275.75,0
2019-04-23 02:00:00,1275.75,1276.53,1275.11,1275.59,0
2019-04-23 03:00:00,1275.59,1275.77,1274.77,1275.18,0
2019-04-23 04:00:00,1275.18,1275.87,1275.03,1275.24,0
2019-04-23 05:00:00,1275.23,1275.5,1274.44,1274.56,0
2019-04-23 06:00:00,1274.56,1275.06,1272.95,1273.11,0
2019-04-23 07:00:00,1273.11,1273.21,1272.15,1272.62,0
2019-04-23 08:00:00,1272.67,1274.45,1272.42,1273.75,0
2019-04-23 09:00:00,1273.75,1274.48,1273.27,1273.27,0
2019-04-23 10:00:00,1273.28,1274.02,1273.25,1273.35,0
2019-04-23 11:00:00,1273.35,1273.54,1272.66,1273.15,0
2019-04-23 12:00:00,1273.15,1273.17,1271.49,1272.14,0
2019-04-23 13:00:00,1272.15,1273.88,1267.42,1267.79,0
2019-04-23 14:00:00,1267.79,1270.21,1266.74,1269.93,0
2019-04-23 15:00:00,1269.93,1269.98,1266.34,1269.13,0
2019-04-23 16:00:00,1269.13,1272.43,1268.47,1271.59,0
2019-04-23 17:00:00,1271.6,1272.95,1270.88,1272.71,0
2019-04-23 18:00:00,1272.7,1273.15,1271.03,1271.83,0
2019-04-23 19:00:00,1271.82,1271.83,1270.3,1270.77,0
2019-04-23 20:00:00,1270.77,1272.14,1270.66,1272.1,0
2019-04-23 21:00:00,1272.09,1272.51,1271.95,1272.19,0
2019-04-23 23:00:00,1272.08,1272.38,1271.51,1271.6,0
2019-04-24 00:00:00,1271.61,1272.08,1271.35,1271.47,0
2019-04-24 01:00:00,1271.48,1272.15,1270.59,1270.61,0
2019-04-24 02:00:00,1270.61,1271.28,1269.66,1270.64,0
2019-04-24 03:00:00,1270.62,1271.02,1269.69,1269.79,0
2019-04-24 04:00:00,1269.8,1269.9,1268.79,1269.72,0
2019-04-24 05:00:00,1269.71,1270.26,1269.28,1269.98,0
2019-04-24 06:00:00,1269.98,1270.72,1269.45,1269.86,0
2019-04-24 07:00:00,1269.86,1270.87,1269.55,1270.37,0
2019-04-24 08:00:00,1270.43,1272.46,1269.59,1272.4,0
2019-04-24 09:00:00,1272.39,1273.96,1271.86,1273.64,0
2019-04-24 10:00:00,1273.63,1273.94,1273.16,1273.24,0
2019-04-24 11:00:00,1273.18,1273.53,1271.31,1271.42,0
2019-04-24 12:00:00,1271.37,1274.16,1271.3,1273.95,0
2019-04-24 13:00:00,1273.95,1274.03,1270.37,1270.98,0
2019-04-24 14:00:00,1270.98,1273.03,1270.2,1272.57,0
2019-04-24 15:00:00,1272.58,1274.85,1271.58,1274.11,0
2019-04-24 16:00:00,1274.13,1278.6,1273.69,1277.3,0
2019-04-24 17:00:00,1277.3,1277.65,1275.64,1275.83,0
2019-04-24 18:00:00,1275.8,1277.45,1275.7,1277.19,0
2019-04-24 19:00:00,1277.18,1277.23,1274.93,1275.22,0
2019-04-24 20:00:00,1275.22,1276.43,1275.12,1275.88,0
2019-04-24 21:00:00,1275.87,1275.99,1275.37,1275.61,0
2019-04-24 23:00:00,1275.76,1275.96,1274.59,1274.87,0
2019-04-25 00:00:00,1274.87,1275.01,1273.87,1274.75,0
2019-04-25 01:00:00,1274.77,1274.89,1273.4,1274.54,0
2019-04-25 02:00:00,1274.55,1275.25,1273.67,1274.66,0
2019-04-25 03:00:00,1274.66,1276.57,1274.62,1276.36,0
2019-04-25 04:00:00,1276.36,1276.85,1275.9,1276.43,0
2019-04-25 05:00:00,1276.43,1276.61,1275.39,1275.66,0
2019-04-25 06:00:00,1275.65,1276.51,1274.83,1276.32,0
2019-04-25 07:00:00,1276.31,1277.1,1275.51,1276.52,0
2019-04-25 08:00:00,1276.54,1278.57,1276.2,1277.9,0
2019-04-25 09:00:00,1277.9,1278.02,1276.38,1277.16,0
2019-04-25 10:00:00,1277.16,1278.12,1276.47,1276.92,0
2019-04-25 11:00:00,1276.91,1277.91,1276.73,1276.95,0
2019-04-25 12:00:00,1276.95,1277.52,1275.81,1276.07,0
2019-04-25 13:00:00,1276.06,1278.2,1275.23,1277.23,0
2019-04-25 14:00:00,1277.23,1282.6,1276.15,1281.94,0
2019-04-25 15:00:00,1281.95,1282.23,1279.7,1279.72,0
2019-04-25 16:00:00,1279.71,1280.51,1277.5,1278.06,0
2019-04-25 17:00:00,1278.06,1278.68,1276.34,1277.85,0
2019-04-25 18:00:00,1277.85,1278.27,1276.96,1277.62,0
2019-04-25 19:00:00,1277.62,1277.76,1276.79,1277.27,0
2019-04-25 20:00:00,1277.27,1277.75,1276.62,1277.33,0
2019-04-25 21:00:00,1277.35,1277.75,1276.94,1277.18,0
2019-04-25 23:00:00,1276.97,1278.06,1276.96,1278.05,0
2019-04-26 00:00:00,1278.05,1278.82,1277.93,1278.67,0
2019-04-26 01:00:00,1278.67,1279.12,1277.55,1278.21,0
2019-04-26 02:00:00,1278.21,1279.85,1278.04,1279.78,0
2019-04-26 03:00:00,1279.79,1281.1,1279.26,1280.79,0
2019-04-26 04:00:00,1280.79,1280.79,1279.49,1279.72,0
2019-04-26 05:00:00,1279.71,1280.25,1279.55,1280.13,0
2019-04-26 06:00:00,1280.13,1280.54,1279.78,1280.17,0
2019-04-26 07:00:00,1280.16,1282.2,1279.81,1281.91,0
2019-04-26 08:00:00,1281.9,1283.23,1281.17,1282.0,0
2019-04-26 09:00:00,1281.99,1282.71,1281.67,1282.25,0
2019-04-26 10:00:00,1282.24,1282.3,1280.51,1280.6,0
2019-04-26 11:00:00,1280.6,1281.24,1279.93,1281.09,0
2019-04-26 12:00:00,1281.1,1281.42,1280.21,1281.22,0
2019-04-26 13:00:00,1281.21,1284.11,1274.5,1282.58,0
2019-04-26 14:00:00,1282.57,1286.8,1281.39,1285.69,0
2019-04-26 15:00:00,1285.68,1287.8,1284.84,1286.66,0
2019-04-26 16:00:00,1286.66,1288.14,1286.56,1287.55,0
2019-04-26 17:00:00,1287.54,1288.72,1287.19,1287.99,0
2019-04-26 18:00:00,1287.99,1288.42,1286.01,1286.22,0
2019-04-26 19:00:00,1286.22,1287.07,1286.21,1286.6,0
2019-04-26 20:00:00,1286.61,1286.68,1285.45,1285.48,0
2019-04-26 21:00:00,1285.5,1286.28,1285.49,1285.92,0
2019-04-28 23:00:00,1286.45,1286.89,1285.82,1286.13,0
2019-04-29 00:00:00,1286.13,1286.72,1285.73,1285.89,0
2019-04-29 01:00:00,1285.9,1286.28,1284.95,1285.21,0
2019-04-29 02:00:00,1285.21,1285.99,1285.11,1285.61,0
2019-04-29 03:00:00,1285.61,1286.67,1285.48,1286.55,0
2019-04-29 04:00:00,1286.55,1286.62,1285.64,1285.92,0
2019-04-29 05:00:00,1285.92,1285.99,1285.22,1285.36,0
2019-04-29 06:00:00,1285.36,1285.59,1284.81,1284.81,0
2019-04-29 07:00:00,1284.81,1285.06,1283.57,1283.61,0
2019-04-29 08:00:00,1283.61,1283.65,1281.21,1281.35,0
2019-04-29 09:00:00,1281.35,1282.52,1280.89,1282.45,0
2019-04-29 10:00:00,1282.45,1283.21,1281.74,1282.43,0
2019-04-29 11:00:00,1282.43,1282.89,1280.97,1281.21,0
2019-04-29 12:00:00,1281.23,1281.35,1279.91,1281.34,0
2019-04-29 13:00:00,1281.33,1284.53,1280.51,1281.64,0
2019-04-29 14:00:00,1281.63,1281.74,1278.34,1278.78,0
2019-04-29 15:00:00,1278.78,1280.01,1278.09,1279.79,0
2019-04-29 16:00:00,1279.8,1280.04,1278.29,1278.51,0
2019-04-29 17:00:00,1278.51,1279.63,1278.21,1279.03,0
2019-04-29 18:00:00,1279.04,1279.9,1278.92,1279.16,0
2019-04-29 19:00:00,1279.15,1280.08,1278.83,1280.08,0
2019-04-29 20:00:00,1280.08,1280.62,1279.89,1279.93,0
2019-04-29 21:00:00,1279.94,1280.08,1279.49,1279.79,0
2019-04-29 23:00:00,1279.91,1280.46,1279.81,1280.34,0
2019-04-30 00:00:00,1280.34,1280.71,1280.0,1280.44,0
2019-04-30 01:00:00,1280.44,1281.94,1280.42,1281.9,0
2019-04-30 02:00:00,1281.91,1282.56,1280.7,1282.29,0
2019-04-30 03:00:00,1282.29,1282.49,1281.56,1281.8,0
2019-04-30 04:00:00,1281.79,1283.19,1281.76,1282.84,0
2019-04-30 05:00:00,1282.84,1284.15,1282.8,1283.47,0
2019-04-30 06:00:00,1283.47,1284.23,1282.72,1283.0,0
2019-04-30 07:00:00,1283.0,1283.81,1281.83,1282.92,0
2019-04-30 08:00:00,1282.91,1283.87,1282.78,1283.66,0
2019-04-30 09:00:00,1283.66,1284.62,1283.33,1283.97,0
2019-04-30 10:00:00,1283.99,1285.46,1283.78,1284.76,0
2019-04-30 11:00:00,1284.76,1285.3,1284.52,1284.98,0
2019-04-30 12:00:00,1284.97,1286.25,1284.94,1285.88,0
2019-04-30 13:00:00,1285.88,1285.89,1280.79,1281.4,0
2019-04-30 14:00:00,1281.37,1285.57,1279.92,1282.22,0
2019-04-30 15:00:00,1282.23,1283.03,1280.44,1281.88,0
2019-04-30 16:00:00,1281.88,1284.67,1281.57,1283.5,0
2019-04-30 17:00:00,1283.5,1284.01,1282.72,1283.58,0
2019-04-30 18:00:00,1283.57,1284.36,1282.79,1284.15,0
2019-04-30 19:00:00,1284.15,1284.2,1283.16,1283.98,0
2019-04-30 20:00:00,1283.97,1284.3,1283.67,1283.75,0
2019-04-30 21:00:00,1283.74,1283.94,1283.29,1283.44,0
2019-04-30 23:00:00,1283.16,1283.71,1282.46,1282.71,0
2019-05-01 00:00:00,1282.72,1283.21,1282.69,1283.2,0
2019-05-01 01:00:00,1283.2,1283.67,1282.46,1282.61,0
2019-05-01 02:00:00,1282.61,1282.65,1281.44,1281.54,0
2019-05-01 03:00:00,1281.53,1281.67,1279.45,1279.85,0
2019-05-01 04:00:00,1279.85,1280.7,1279.75,1280.52,0
2019-05-01 05:00:00,1280.53,1280.61,1279.56,1280.16,0
2019-05-01 06:00:00,1280.16,1280.23,1279.55,1279.66,0
2019-05-01 07:00:00,1279.66,1280.27,1278.1,1278.11,0
2019-05-01 08:00:00,1278.06,1281.18,1277.81,1280.8,0
2019-05-01 09:00:00,1280.82,1281.42,1280.73,1281.05,0
2019-05-01 10:00:00,1281.05,1282.83,1281.01,1282.55,0
2019-05-01 11:00:00,1282.56,1282.85,1282.2,1282.54,0
2019-05-01 12:00:00,1282.54,1282.7,1281.62,1282.67,0
2019-05-01 13:00:00,1282.7,1282.78,1279.77,1280.64,0
2019-05-01 14:00:00,1280.65,1283.68,1280.43,1280.74,0
2019-05-01 15:00:00,1280.68,1285.28,1280.68,1281.98,0
2019-05-01 16:00:00,1281.99,1282.92,1281.28,1282.11,0
2019-05-01 17:00:00,1282.11,1282.13,1280.25,1281.01,0
2019-05-01 18:00:00,1281.01,1283.76,1280.73,1283.01,0
2019-05-01 19:00:00,1283.04,1287.24,1272.97,1276.65,0
2019-05-01 20:00:00,1276.31,1277.09,1274.68,1275.61,0
2019-05-01 21:00:00,1275.6,1276.81,1275.51,1276.63,0
2019-05-01 23:00:00,1276.52,1278.05,1276.52,1277.7,0
2019-05-02 00:00:00,1277.7,1277.85,1276.86,1277.12,0
2019-05-02 01:00:00,1277.13,1277.47,1276.09,1277.11,0
2019-05-02 02:00:00,1277.11,1277.12,1274.66,1274.71,0
2019-05-02 03:00:00,1274.7,1274.78,1273.49,1273.69,0
2019-05-02 04:00:00,1273.69,1274.9,1272.77,1274.6,0
2019-05-02 05:00:00,1274.6,1274.73,1273.95,1274.67,0
2019-05-02 06:00:00,1274.66,1274.79,1273.04,1273.06,0
2019-05-02 07:00:00,1273.06,1273.13,1271.35,1271.93,0
2019-05-02 08:00:00,1271.92,1272.68,1271.31,1271.62,0
2019-05-02 09:00:00,1271.62,1271.68,1270.31,1270.84,0
2019-05-02 10:00:00,1270.84,1271.96,1270.36,1271.94,0
2019-05-02 11:00:00,1271.95,1271.98,1270.64,1271.05,0
2019-05-02 12:00:00,1271.06,1272.65,1271.05,1271.87,0
2019-05-02 13:00:00,1271.87,1273.03,1268.79,1269.37,0
2019-05-02 14:00:00,1269.37,1270.14,1266.31,1269.67,0
2019-05-02 15:00:00,1269.66,1270.32,1267.49,1269.48,0
2019-05-02 16:00:00,1269.5,1272.07,1267.92,1271.58,0
2019-05-02 17:00:00,1271.55,1272.21,1270.31,1270.37,0
2019-05-02 18:00:00,1270.37,1271.46,1270.22,1271.07,0
2019-05-02 19:00:00,1271.07,1272.14,1271.07,1271.22,0
2019-05-02 20:00:00,1271.23,1271.84,1270.59,1270.72,0
2019-05-02 21:00:00,1270.69,1271.23,1270.43,1270.46,0
2019-05-02 23:00:00,1270.7,1270.88,1270.5,1270.71,0
2019-05-03 00:00:00,1270.71,1270.93,1270.35,1270.78,0
2019-05-03 01:00:00,1270.78,1271.96,1270.62,1271.89,0
2019-05-03 02:00:00,1271.89,1271.92,1270.49,1271.5,0
2019-05-03 03:00:00,1271.49,1271.85,1271.14,1271.23,0
2019-05-03 04:00:00,1271.26,1272.47,1271.18,1272.36,0
2019-05-03 05:00:00,1272.37,1272.8,1271.75,1271.85,0
2019-05-03 06:00:00,1271.86,1272.67,1271.77,1271.97,0
2019-05-03 07:00:00,1271.97,1272.36,1270.75,1271.27,0
2019-05-03 08:00:00,1271.22,1272.23,1269.23,1270.46,0
2019-05-03 09:00:00,1270.46,1270.74,1269.42,1270.31,0
2019-05-03 10:00:00,1270.28,1270.47,1269.56,1270.27,0
2019-05-03 11:00:00,1270.27,1271.18,1269.94,1270.17,0
2019-05-03 12:00:00,1270.17,1271.11,1269.66,1270.97,0
2019-05-03 13:00:00,1270.97,1276.18,1268.51,1275.94,0
2019-05-03 14:00:00,1275.93,1278.99,1275.3,1278.38,0
2019-05-03 15:00:00,1278.38,1282.18,1278.38,1280.63,0
2019-05-03 16:00:00,1280.62,1282.59,1279.3,1279.48,0
2019-05-03 17:00:00,1279.47,1281.19,1279.05,1281.06,0
2019-05-03 18:00:00,1281.05,1281.21,1279.18,1280.21,0
2019-05-03 19:00:00,1280.22,1280.55,1279.15,1279.23,0
2019-05-03 20:00:00,1279.23,1279.89,1278.13,1278.21,0
2019-05-03 21:00:00,1278.23,1279.15,1278.03,1279.04,0
2019-05-05 23:00:00,1280.75,1285.79,1280.3,1283.2,0
2019-05-06 00:00:00,1283.22,1284.68,1281.73,1284.25,0
2019-05-06 01:00:00,1284.25,1285.22,1282.87,1284.18,0
2019-05-06 02:00:00,1284.19,1284.21,1281.67,1282.53,0
2019-05-06 03:00:00,1282.57,1282.75,1281.74,1282.6,0
2019-05-06 04:00:00,1282.6,1283.58,1282.39,1283.53,0
2019-05-06 05:00:00,1283.52,1283.84,1282.27,1282.39,0
2019-05-06 06:00:00,1282.39,1282.89,1282.01,1282.71,0
2019-05-06 07:00:00,1282.71,1283.03,1281.28,1282.35,0
2019-05-06 08:00:00,1282.34,1283.95,1280.98,1282.18,0
2019-05-06 09:00:00,1282.18,1283.29,1281.78,1282.4,0
2019-05-06 10:00:00,1282.41,1282.71,1281.67,1281.89,0
2019-05-06 11:00:00,1281.89,1282.17,1281.09,1281.88,0
2019-05-06 12:00:00,1281.87,1282.09,1280.4,1280.82,0
2019-05-06 13:00:00,1280.82,1281.35,1277.45,1277.85,0
2019-05-06 14:00:00,1277.85,1278.93,1277.05,1278.32,0
2019-05-06 15:00:00,1278.34,1279.74,1277.84,1279.61,0
2019-05-06 16:00:00,1279.61,1280.79,1278.18,1280.56,0
2019-05-06 17:00:00,1280.56,1281.86,1280.44,1281.7,0
2019-05-06 18:00:00,1281.7,1283.02,1280.88,1281.41,0
2019-05-06 19:00:00,1281.41,1282.16,1281.17,1281.25,0
2019-05-06 20:00:00,1281.25,1281.74,1280.0,1280.14,0
2019-05-06 21:00:00,1280.15,1280.51,1280.05,1280.38,0
2019-05-06 23:00:00,1281.36,1281.79,1281.3,1281.49,0
2019-05-07 00:00:00,1281.49,1283.06,1281.48,1282.92,0
2019-05-07 01:00:00,1282.92,1283.31,1282.17,1282.96,0
2019-05-07 02:00:00,1282.95,1282.96,1281.46,1282.79,0
2019-05-07 03:00:00,1282.78,1283.13,1282.29,1282.84,0
2019-05-07 04:00:00,1282.83,1283.21,1282.52,1283.1,0
2019-05-07 05:00:00,1283.1,1283.7,1282.76,1282.78,0
2019-05-07 06:00:00,1282.78,1282.84,1281.56,1282.39,0
2019-05-07 07:00:00,1282.38,1283.29,1280.76,1282.03,0
2019-05-07 08:00:00,1282.02,1283.67,1281.4,1282.17,0
2019-05-07 09:00:00,1282.16,1282.43,1281.08,1282.01,0
2019-05-07 10:00:00,1282.01,1282.24,1280.9,1281.81,0
2019-05-07 11:00:00,1281.8,1282.1,1281.11,1281.3,0
2019-05-07 12:00:00,1281.3,1281.44,1279.98,1280.22,0
2019-05-07 13:00:00,1280.22,1280.72,1278.25,1279.45,0
2019-05-07 14:00:00,1279.46,1282.6,1278.96,1281.12,0
2019-05-07 15:00:00,1281.12,1284.44,1281.12,1284.29,0
2019-05-07 16:00:00,1284.29,1284.7,1283.24,1283.99,0
2019-05-07 17:00:00,1283.98,1285.0,1283.86,1284.23,0
2019-05-07 18:00:00,1284.22,1285.61,1284.13,1284.79,0
2019-05-07 19:00:00,1284.79,1286.11,1283.58,1285.13,0
2019-05-07 20:00:00,1285.13,1285.52,1284.21,1284.33,0
2019-05-07 21:00:00,1284.34,1284.63,1284.18,1284.36,0
2019-05-07 23:00:00,1284.08,1284.67,1283.78,1284.56,0
2019-05-08 00:00:00,1284.56,1284.98,1284.23,1284.84,0
2019-05-08 01:00:00,1284.85,1286.45,1284.64,1286.19,0
2019-05-08 02:00:00,1286.19,1286.54,1285.21,1286.26,0
2019-05-08 03:00:00,1286.26,1287.25,1285.78,1285.83,0
2019-05-08 04:00:00,1285.82,1286.76,1285.25,1286.7,0
2019-05-08 05:00:00,1286.7,1287.06,1286.23,1287.05,0
2019-05-08 06:00:00,1287.03,1287.28,1286.49,1287.15,0
2019-05-08 07:00:00,1287.15,1288.01,1286.87,1287.36,0
2019-05-08 08:00:00,1287.36,1287.92,1285.39,1286.35,0
2019-05-08 09:00:00,1286.35,1287.48,1286.11,1287.16,0
2019-05-08 10:00:00,1287.17,1289.26,1287.11,1289.24,0
2019-05-08 11:00:00,1289.24,1290.31,1287.56,1289.91,0
2019-05-08 12:00:00,1289.91,1290.58,1288.34,1288.64,0
2019-05-08 13:00:00,1288.63,1291.51,1288.14,1289.83,0
2019-05-08 14:00:00,1289.79,1290.01,1285.3,1285.74,0
2019-05-08 15:00:00,1285.74,1285.76,1282.36,1282.78,0
2019-05-08 16:00:00,1282.81,1283.46,1280.6,1281.14,0
2019-05-08 17:00:00,1281.14,1281.54,1279.98,1280.15,0
2019-05-08 18:00:00,1280.15,1281.27,1279.39,1280.68,0
2019-05-08 19:00:00,1280.69,1280.91,1280.05,1280.66,0
2019-05-08 20:00:00,1280.66,1281.26,1280.31,1280.89,0
2019-05-08 21:00:00,1280.88,1280.89,1280.32,1280.79,0
2019-05-08 23:00:00,1280.73,1281.84,1280.72,1281.23,0
2019-05-09 00:00:00,1281.23,1281.64,1280.96,1281.41,0
2019-05-09 01:00:00,1281.41,1282.83,1280.98,1281.96,0
2019-05-09 02:00:00,1281.97,1282.34,1280.41,1280.86,0
2019-05-09 03:00:00,1280.86,1281.27,1279.64,1281.15,0
2019-05-09 04:00:00,1281.16,1281.58,1280.26,1281.24,0
2019-05-09 05:00:00,1281.24,1282.49,1281.17,1282.49,0
2019-05-09 06:00:00,1282.5,1282.61,1280.99,1282.12,0
2019-05-09 07:00:00,1282.12,1283.79,1281.9,1282.84,0
2019-05-09 08:00:00,1282.84,1284.98,1282.7,1284.9,0
2019-05-09 09:00:00,1284.86,1285.61,1284.32,1284.88,0
2019-05-09 10:00:00,1284.87,1285.04,1283.74,1284.3,0
2019-05-09 11:00:00,1284.32,1285.02,1282.56,1282.89,0
2019-05-09 12:00:00,1282.89,1283.73,1282.17,1282.5,0
2019-05-09 13:00:00,1282.5,1283.51,1280.6,1282.68,0
2019-05-09 14:00:00,1282.67,1286.51,1280.29,1285.83,0
2019-05-09 15:00:00,1285.86,1288.25,1284.05,1285.19,0
2019-05-09 16:00:00,1285.19,1286.05,1283.69,1285.38,0
2019-05-09 17:00:00,1285.38,1286.26,1283.22,1283.65,0
2019-05-09 18:00:00,1283.65,1285.26,1283.3,1285.15,0
2019-05-09 19:00:00,1285.15,1285.65,1284.19,1284.92,0
2019-05-09 20:00:00,1284.92,1285.22,1283.77,1283.89,0
2019-05-09 21:00:00,1283.88,1284.22,1283.39,1283.89,0
2019-05-09 23:00:00,1283.96,1284.77,1283.95,1284.47,0
2019-05-10 00:00:00,1284.47,1284.51,1283.6,1283.8,0
2019-05-10 01:00:00,1283.8,1285.23,1283.19,1284.48,0
2019-05-10 02:00:00,1284.48,1285.47,1284.41,1285.05,0
2019-05-10 03:00:00,1285.05,1285.05,1283.73,1284.25,0
2019-05-10 04:00:00,1284.25,1285.11,1283.37,1285.07,0
2019-05-10 05:00:00,1285.05,1286.68,1284.39,1286.65,0
2019-05-10 06:00:00,1286.66,1286.93,1285.62,1286.24,0
2019-05-10 07:00:00,1286.24,1286.51,1283.32,1284.09,0
2019-05-10 08:00:00,1284.09,1285.9,1283.41,1284.83,0
2019-05-10 09:00:00,1284.83,1285.36,1284.34,1285.28,0
2019-05-10 10:00:00,1285.28,1285.95,1285.09,1285.39,0
2019-05-10 11:00:00,1285.39,1286.06,1284.9,1285.95,0
2019-05-10 12:00:00,1285.95,1286.36,1285.03,1285.73,0
2019-05-10 13:00:00,1285.73,1288.79,1284.37,1288.38,0
2019-05-10 14:00:00,1288.37,1288.4,1285.31,1286.48,0
2019-05-10 15:00:00,1286.48,1289.41,1285.6,1287.72,0
2019-05-10 16:00:00,1287.75,1289.42,1286.43,1288.64,0
2019-05-10 17:00:00,1288.61,1288.89,1286.79,1288.03,0
2019-05-10 18:00:00,1288.0,1288.33,1285.97,1286.82,0
2019-05-10 19:00:00,1286.82,1287.02,1285.76,1285.97,0
2019-05-10 20:00:00,1285.99,1286.62,1285.06,1286.03,0
2019-05-10 21:00:00,1286.03,1286.14,1285.58,1285.75,0
2019-05-12 23:00:00,1287.58,1288.05,1286.66,1287.55,0
2019-05-13 00:00:00,1287.54,1288.1,1287.16,1287.26,0
2019-05-13 01:00:00,1287.26,1288.57,1287.23,1287.53,0
2019-05-13 02:00:00,1287.52,1287.62,1284.97,1285.08,0
2019-05-13 03:00:00,1285.09,1285.33,1283.89,1284.52,0
2019-05-13 04:00:00,1284.55,1284.61,1283.55,1283.74,0
2019-05-13 05:00:00,1283.74,1284.13,1282.92,1284.07,0
2019-05-13 06:00:00,1284.08,1285.09,1283.59,1284.47,0
2019-05-13 07:00:00,1284.47,1284.49,1282.55,1282.55,0
2019-05-13 08:00:00,1282.55,1283.85,1282.02,1283.84,0
2019-05-13 09:00:00,1283.82,1283.95,1282.82,1283.55,0
2019-05-13 10:00:00,1283.62,1284.1,1282.75,1283.58,0
2019-05-13 11:00:00,1283.58,1283.91,1283.21,1283.52,0
2019-05-13 12:00:00,1283.53,1284.38,1283.19,1284.27,0
2019-05-13 13:00:00,1284.25,1291.73,1283.05,1291.53,0
2019-05-13 14:00:00,1291.53,1299.73,1291.3,1297.68,0
2019-05-13 15:00:00,1297.66,1298.79,1295.74,1297.98,0
2019-05-13 16:00:00,1297.97,1299.1,1296.98,1297.92,0
2019-05-13 17:00:00,1297.92,1300.68,1297.82,1300.24,0
2019-05-13 18:00:00,1300.46,1301.28,1298.86,1299.43,0
2019-05-13 19:00:00,1299.43,1300.41,1298.75,1299.63,0
2019-05-13 20:00:00,1299.63,1299.99,1299.07,1299.42,0
2019-05-13 21:00:00,1299.42,1299.93,1299.39,1299.78,0
2019-05-13 23:00:00,1300.13,1301.12,1300.13,1300.46,0
2019-05-14 00:00:00,1300.46,1301.76,1300.07,1301.75,0
2019-05-14 01:00:00,1301.76,1303.33,1300.67,1300.98,0
2019-05-14 02:00:00,1301.01,1301.74,1298.9,1299.04,0
2019-05-14 03:00:00,1299.05,1299.47,1298.17,1298.34,0
2019-05-14 04:00:00,1298.35,1299.43,1298.3,1299.33,0
2019-05-14 05:00:00,1299.37,1299.64,1298.76,1299.39,0
2019-05-14 06:00:00,1299.39,1300.02,1298.9,1299.3,0
2019-05-14 07:00:00,1299.3,1299.51,1297.4,1297.49,0
2019-05-14 08:00:00,1297.49,1298.47,1296.87,1298.44,0
2019-05-14 09:00:00,1298.43,1298.66,1296.96,1297.26,0
2019-05-14 10:00:00,1297.26,1298.32,1297.04,1298.17,0
2019-05-14 11:00:00,1298.17,1298.19,1297.3,1297.77,0
2019-05-14 12:00:00,1297.8,1299.02,1295.95,1299.02,0
2019-05-14 13:00:00,1299.02,1299.57,1297.42,1299.5,0
2019-05-14 14:00:00,1299.5,1299.52,1297.27,1298.11,0
2019-05-14 15:00:00,1298.11,1298.37,1295.65,1295.92,0
2019-05-14 16:00:00,1295.92,1297.06,1293.75,1294.44,0
2019-05-14 17:00:00,1294.4,1296.14,1294.24,1295.84,0
2019-05-14 18:00:00,1295.84,1296.33,1294.88,1294.97,0
2019-05-14 19:00:00,1294.97,1296.09,1294.94,1295.89,0
2019-05-14 20:00:00,1295.89,1297.17,1295.66,1296.97,0
2019-05-14 21:00:00,1297.01,1297.41,1296.71,1296.91,0
2019-05-14 23:00:00,1297.22,1297.29,1296.67,1296.88,0
2019-05-15 00:00:00,1296.88,1297.42,1296.62,1297.08,0
2019-05-15 01:00:00,1297.08,1298.09,1297.0,1297.43,0
2019-05-15 02:00:00,1297.43,1298.19,1296.79,1296.94,0
2019-05-15 03:00:00,1296.91,1297.05,1295.77,1296.15,0
2019-05-15 04:00:00,1296.2,1296.2,1295.33,1295.74,0
2019-05-15 05:00:00,1295.75,1295.84,1294.81,1295.1,0
2019-05-15 06:00:00,1295.05,1295.88,1294.46,1295.54,0
2019-05-15 07:00:00,1295.54,1295.57,1293.07,1293.66,0
2019-05-15 08:00:00,1293.66,1296.93,1293.32,1296.65,0
2019-05-15 09:00:00,1296.65,1298.91,1296.28,1298.85,0
2019-05-15 10:00:00,1298.85,1299.2,1297.93,1298.43,0
2019-05-15 11:00:00,1298.43,1298.46,1297.56,1298.09,0
2019-05-15 12:00:00,1298.09,1299.15,1297.06,1299.13,0
2019-05-15 13:00:00,1299.13,1300.9,1298.2,1299.16,0
2019-05-15 14:00:00,1299.11,1300.57,1297.27,1298.97,0
2019-05-15 15:00:00,1298.96,1300.25,1294.91,1296.5,0
2019-05-15 16:00:00,1296.51,1296.88,1294.74,1296.22,0
2019-05-15 17:00:00,1296.22,1298.02,1295.79,1297.93,0
2019-05-15 18:00:00,1297.93,1298.12,1296.62,1296.91,0
2019-05-15 19:00:00,1296.91,1296.96,1295.8,1296.12,0
2019-05-15 20:00:00,1296.13,1296.39,1295.69,1296.35,0
2019-05-15 21:00:00,1296.35,1296.49,1296.08,1296.48,0
2019-05-15 23:00:00,1296.34,1297.15,1296.32,1296.91,0
2019-05-16 00:00:00,1296.91,1297.2,1296.22,1296.54,0
2019-05-16 01:00:00,1296.54,1297.35,1295.96,1296.34,0
2019-05-16 02:00:00,1296.34,1297.12,1295.6,1296.15,0
2019-05-16 03:00:00,1296.15,1296.26,1295.19,1295.4,0
2019-05-16 04:00:00,1295.4,1296.33,1295.37,1296.2,0
2019-05-16 05:00:00,1296.2,1296.51,1295.97,1296.45,0
2019-05-16 06:00:00,1296.44,1297.11,1296.31,1296.57,0
2019-05-16 07:00:00,1296.57,1297.25,1295.85,1296.64,0
2019-05-16 08:00:00,1296.64,1298.75,1296.52,1298.61,0
2019-05-16 09:00:00,1298.61,1298.63,1294.73,1296.04,0
2019-05-16 10:00:00,1296.04,1296.87,1294.55,1295.28,0
2019-05-16 11:00:00,1295.29,1295.3,1293.76,1294.04,0
2019-05-16 12:00:00,1294.03,1294.87,1293.74,1293.86,0
2019-05-16 13:00:00,1293.86,1294.97,1289.97,1291.02,0
2019-05-16 14:00:00,1291.02,1293.26,1290.71,1291.1,0
2019-05-16 15:00:00,1291.09,1291.72,1286.36,1287.28,0
2019-05-16 16:00:00,1287.28,1288.32,1284.14,1284.8,0
2019-05-16 17:00:00,1284.8,1286.66,1284.74,1285.94,0
2019-05-16 18:00:00,1285.94,1286.78,1285.44,1286.35,0
2019-05-16 19:00:00,1286.34,1286.54,1285.54,1286.17,0
2019-05-16 20:00:00,1286.16,1287.16,1286.05,1287.01,0
2019-05-16 21:00:00,1287.0,1287.02,1286.31,1286.61,0
2019-05-16 23:00:00,1286.82,1286.89,1286.18,1286.26,0
2019-05-17 00:00:00,1286.26,1286.5,1285.84,1285.94,0
2019-05-17 01:00:00,1285.94,1286.63,1285.14,1285.98,0
2019-05-17 02:00:00,1285.98,1286.52,1284.84,1285.84,0
2019-05-17 03:00:00,1285.84,1285.96,1285.03,1285.64,0
2019-05-17 04:00:00,1285.64,1286.54,1285.2,1286.33,0
2019-05-17 05:00:00,1286.33,1286.79,1285.6,1286.53,0
2019-05-17 06:00:00,1286.53,1287.87,1286.27,1287.81,0
2019-05-17 07:00:00,1287.81,1288.95,1287.23,1288.26,0
2019-05-17 08:00:00,1288.26,1288.55,1285.71,1286.03,0
2019-05-17 09:00:00,1286.03,1287.22,1285.87,1286.88,0
2019-05-17 10:00:00,1286.89,1287.15,1285.07,1285.24,0
2019-05-17 11:00:00,1285.24,1285.45,1284.49,1285.44,0
2019-05-17 12:00:00,1285.44,1287.26,1285.29,1285.87,0
2019-05-17 13:00:00,1285.87,1286.7,1282.91,1284.03,0
2019-05-17 14:00:00,1284.02,1285.3,1280.24,1281.44,0
2019-05-17 15:00:00,1281.44,1281.44,1275.34,1276.04,0
2019-05-17 16:00:00,1276.04,1277.37,1275.35,1277.01,0
2019-05-17 17:00:00,1277.01,1277.65,1275.77,1275.85,0
2019-05-17 18:00:00,1275.85,1276.91,1274.87,1276.71,0
2019-05-17 19:00:00,1276.7,1276.71,1275.85,1276.25,0
2019-05-17 20:00:00,1276.25,1278.35,1276.05,1278.01,0
2019-05-17 21:00:00,1278.01,1278.13,1277.46,1277.71,0
2019-05-19 23:00:00,1277.55,1278.92,1277.53,1278.13,0
2019-05-20 00:00:00,1278.13,1278.28,1277.03,1277.77,0
2019-05-20 01:00:00,1277.76,1278.13,1276.83,1278.12,0
2019-05-20 02:00:00,1278.12,1278.76,1276.95,1277.12,0
2019-05-20 03:00:00,1277.11,1277.62,1276.04,1276.42,0
2019-05-20 04:00:00,1276.41,1277.53,1276.05,1276.89,0
2019-05-20 05:00:00,1276.89,1277.1,1276.36,1276.6,0
2019-05-20 06:00:00,1276.59,1276.71,1275.16,1275.45,0
2019-05-20 07:00:00,1275.44,1276.39,1274.83,1275.82,0
2019-05-20 08:00:00,1275.82,1277.22,1275.39,1276.28,0
2019-05-20 09:00:00,1276.28,1276.56,1274.14,1275.09,0
2019-05-20 10:00:00,1275.08,1275.43,1273.69,1275.04,0
2019-05-20 11:00:00,1275.04,1276.68,1274.55,1276.42,0
2019-05-20 12:00:00,1276.41,1277.06,1275.64,1276.27,0
2019-05-20 13:00:00,1276.27,1278.5,1275.49,1276.52,0
2019-05-20 14:00:00,1276.51,1277.96,1275.29,1276.59,0
2019-05-20 15:00:00,1276.56,1278.28,1276.55,1277.87,0
2019-05-20 16:00:00,1277.89,1279.06,1276.89,1277.0,0
2019-05-20 17:00:00,1276.99,1277.12,1275.64,1276.17,0
2019-05-20 18:00:00,1276.17,1277.77,1276.09,1277.14,0
2019-05-20 19:00:00,1277.18,1277.74,1276.93,1277.7,0
2019-05-20 20:00:00,1277.71,1278.48,1277.47,1277.92,0
2019-05-20 21:00:00,1277.93,1278.11,1277.64,1277.73,0
2019-05-20 23:00:00,1277.36,1277.86,1277.32,1277.62,0
2019-05-21 00:00:00,1277.63,1277.95,1277.42,1277.47,0
2019-05-21 01:00:00,1277.46,1277.48,1276.24,1276.34,0
2019-05-21 02:00:00,1276.39,1276.8,1275.69,1276.76,0
2019-05-21 03:00:00,1276.76,1276.82,1276.05,1276.16,0
2019-05-21 04:00:00,1276.16,1276.17,1275.4,1275.44,0
2019-05-21 05:00:00,1275.44,1275.95,1275.36,1275.62,0
2019-05-21 06:00:00,1275.62,1276.34,1275.18,1275.85,0
2019-05-21 07:00:00,1275.85,1275.9,1274.28,1274.89,0
2019-05-21 08:00:00,1274.89,1276.64,1274.39,1275.81,0
2019-05-21 09:00:00,1275.8,1276.24,1275.03,1275.31,0
2019-05-21 10:00:00,1275.31,1276.11,1275.18,1275.77,0
2019-05-21 11:00:00,1275.77,1276.37,1274.96,1275.26,0
2019-05-21 12:00:00,1275.26,1275.4,1271.81,1272.15,0
2019-05-21 13:00:00,1272.15,1272.48,1270.73,1271.97,0
2019-05-21 14:00:00,1271.97,1273.37,1269.55,1270.93,0
2019-05-21 15:00:00,1270.93,1274.68,1270.36,1274.48,0
2019-05-21 16:00:00,1274.45,1274.94,1273.42,1273.6,0
2019-05-21 17:00:00,1273.61,1274.53,1273.2,1273.27,0
2019-05-21 18:00:00,1273.28,1274.44,1272.61,1274.42,0
2019-05-21 19:00:00,1274.44,1274.63,1273.59,1274.56,0
2019-05-21 20:00:00,1274.56,1274.85,1274.32,1274.73,0
2019-05-21 21:00:00,1274.72,1274.97,1274.51,1274.73,0
2019-05-21 23:00:00,1274.62,1274.75,1274.18,1274.59,0
2019-05-22 00:00:00,1274.59,1275.0,1274.37,1274.68,0
2019-05-22 01:00:00,1274.68,1275.35,1274.18,1274.2,0
2019-05-22 02:00:00,1274.19,1274.8,1273.56,1273.63,0
2019-05-22 03:00:00,1273.63,1274.02,1273.22,1273.55,0
2019-05-22 04:00:00,1273.55,1274.2,1273.54,1274.02,0
2019-05-22 05:00:00,1274.02,1274.38,1273.45,1273.75,0
2019-05-22 06:00:00,1273.73,1273.97,1272.94,1273.25,0
2019-05-22 07:00:00,1273.24,1274.02,1272.54,1273.57,0
2019-05-22 08:00:00,1273.55,1274.03,1272.52,1273.25,0
2019-05-22 09:00:00,1273.25,1274.72,1272.78,1274.43,0
2019-05-22 10:00:00,1274.45,1274.77,1273.79,1273.81,0
2019-05-22 11:00:00,1273.81,1274.62,1273.6,1274.03,0
2019-05-22 12:00:00,1274.03,1276.52,1273.82,1275.97,0
2019-05-22 13:00:00,1276.0,1277.33,1275.45,1275.69,0
2019-05-22 14:00:00,1275.69,1276.1,1273.86,1274.27,0
2019-05-22 15:00:00,1274.25,1275.52,1273.17,1275.29,0
2019-05-22 16:00:00,1275.29,1276.15,1275.11,1275.82,0
2019-05-22 17:00:00,1275.81,1276.58,1274.39,1274.76,0
2019-05-22 18:00:00,1274.76,1274.92,1274.24,1274.42,0
2019-05-22 19:00:00,1274.41,1275.05,1273.6,1273.77,0
2019-05-22 20:00:00,1273.76,1274.02,1273.44,1273.82,0
2019-05-22 21:00:00,1273.82,1273.88,1273.31,1273.33,0
2019-05-22 23:00:00,1271.75,1273.9,1271.68,1273.87,0
2019-05-23 00:00:00,1273.87,1274.55,1273.75,1274.26,0
2019-05-23 01:00:00,1274.26,1274.68,1273.6,1274.14,0
2019-05-23 02:00:00,1274.14,1274.49,1273.69,1274.3,0
2019-05-23 03:00:00,1274.29,1274.43,1273.4,1273.52,0
2019-05-23 04:00:00,1273.53,1273.71,1272.86,1273.08,0
2019-05-23 05:00:00,1273.08,1273.22,1272.89,1273.11,0
2019-05-23 06:00:00,1273.11,1274.53,1272.95,1274.48,0
2019-05-23 07:00:00,1274.48,1275.21,1273.88,1274.03,0
2019-05-23 08:00:00,1274.03,1275.37,1273.43,1274.56,0
2019-05-23 09:00:00,1274.56,1276.61,1274.18,1275.84,0
2019-05-23 10:00:00,1275.84,1276.38,1275.32,1276.04,0
2019-05-23 11:00:00,1276.04,1277.83,1275.95,1277.63,0
2019-05-23 12:00:00,1277.64,1277.94,1276.69,1277.31,0
2019-05-23 13:00:00,1277.29,1283.81,1276.92,1282.77,0
2019-05-23 14:00:00,1282.77,1284.18,1279.3,1283.44,0
2019-05-23 15:00:00,1283.44,1286.37,1283.05,1285.48,0
2019-05-23 16:00:00,1285.48,1287.31,1285.15,1286.28,0
2019-05-23 17:00:00,1286.27,1286.45,1284.97,1285.74,0
2019-05-23 18:00:00,1285.75,1286.82,1284.49,1284.66,0
2019-05-23 19:00:00,1284.66,1285.58,1284.26,1285.06,0
2019-05-23 20:00:00,1285.05,1285.49,1283.37,1283.69,0
2019-05-23 21:00:00,1283.69,1283.97,1283.37,1283.4,0
2019-05-23 23:00:00,1283.46,1284.22,1283.18,1284.02,0
2019-05-24 00:00:00,1284.01,1284.39,1283.79,1284.17,0
2019-05-24 01:00:00,1284.17,1284.18,1282.81,1283.6,0
2019-05-24 02:00:00,1283.6,1284.04,1282.64,1282.73,0
2019-05-24 03:00:00,1282.71,1283.9,1282.51,1283.83,0
2019-05-24 04:00:00,1283.83,1284.58,1283.62,1283.92,0
2019-05-24 05:00:00,1283.92,1284.04,1283.21,1283.81,0
2019-05-24 06:00:00,1283.81,1284.18,1283.23,1283.27,0
2019-05-24 07:00:00,1283.26,1285.27,1282.92,1283.18,0
2019-05-24 08:00:00,1283.18,1284.69,1282.76,1283.3,0
2019-05-24 09:00:00,1283.3,1283.36,1281.76,1282.16,0
2019-05-24 10:00:00,1282.16,1282.59,1281.23,1281.67,0
2019-05-24 11:00:00,1281.66,1281.82,1280.92,1281.68,0
2019-05-24 12:00:00,1281.68,1282.96,1281.22,1282.19,0
2019-05-24 13:00:00,1282.19,1284.52,1282.14,1283.31,0
2019-05-24 14:00:00,1283.31,1284.46,1280.76,1282.01,0
2019-05-24 15:00:00,1282.01,1284.21,1281.86,1284.04,0
2019-05-24 16:00:00,1284.04,1284.67,1283.39,1283.88,0
2019-05-24 17:00:00,1283.88,1285.08,1283.65,1284.56,0
2019-05-24 18:00:00,1284.56,1285.08,1284.09,1284.55,0
2019-05-24 19:00:00,1284.55,1284.8,1284.08,1284.4,0
2019-05-24 20:00:00,1284.4,1284.88,1284.22,1284.79,0
2019-05-24 21:00:00,1284.79,1285.02,1284.55,1284.82,0
2019-05-26 23:00:00,1284.77,1286.15,1284.71,1284.89,0
2019-05-27 00:00:00,1284.89,1285.04,1284.25,1284.77,0
2019-05-27 01:00:00,1284.77,1284.95,1283.81,1284.72,0
2019-05-27 02:00:00,1284.73,1287.42,1284.71,1287.28,0
2019-05-27 03:00:00,1287.28,1287.32,1286.42,1286.74,0
2019-05-27 04:00:00,1286.74,1287.2,1286.66,1287.01,0
2019-05-27 05:00:00,1287.0,1287.35,1286.73,1286.8,0
2019-05-27 06:00:00,1286.8,1287.19,1286.18,1286.31,0
2019-05-27 07:00:00,1286.31,1286.78,1285.67,1286.05,0
2019-05-27 08:00:00,1286.05,1286.43,1285.28,1285.59,0
2019-05-27 09:00:00,1285.59,1287.03,1285.58,1286.1,0
2019-05-27 10:00:00,1286.1,1286.53,1285.88,1286.12,0
2019-05-27 11:00:00,1286.11,1286.39,1285.57,1285.89,0
2019-05-27 12:00:00,1285.87,1286.44,1285.62,1285.65,0
2019-05-27 13:00:00,1285.64,1285.76,1284.98,1285.62,0
2019-05-27 14:00:00,1285.62,1286.45,1285.39,1285.61,0
2019-05-27 15:00:00,1285.61,1285.85,1285.15,1285.24,0
2019-05-27 16:00:00,1285.24,1285.49,1284.96,1285.02,0
2019-05-27 17:00:00,1285.02,1285.44,1284.91,1285.03,0
2019-05-27 18:00:00,1285.04,1285.04,1285.03,1285.03,0
2019-05-27 23:00:00,1285.43,1285.56,1285.13,1285.36,0
2019-05-28 00:00:00,1285.36,1286.03,1285.14,1285.81,0
2019-05-28 01:00:00,1285.83,1286.66,1284.44,1284.56,0
2019-05-28 02:00:00,1284.56,1284.77,1282.7,1282.92,0
2019-05-28 03:00:00,1282.91,1283.65,1282.76,1283.09,0
2019-05-28 04:00:00,1283.09,1283.65,1283.03,1283.13,0
2019-05-28 05:00:00,1283.13,1283.56,1282.37,1282.73,0
2019-05-28 06:00:00,1282.73,1283.8,1282.4,1283.11,0
2019-05-28 07:00:00,1283.11,1284.1,1282.76,1283.06,0
2019-05-28 08:00:00,1283.06,1284.33,1282.76,1283.43,0
2019-05-28 09:00:00,1283.43,1285.16,1282.83,1284.8,0
2019-05-28 10:00:00,1284.8,1284.99,1283.3,1283.47,0
2019-05-28 11:00:00,1283.47,1284.38,1283.24,1283.86,0
2019-05-28 12:00:00,1283.86,1284.5,1282.59,1282.7,0
2019-05-28 13:00:00,1282.7,1282.9,1276.86,1279.21,0
2019-05-28 14:00:00,1279.26,1280.3,1277.02,1278.6,0
2019-05-28 15:00:00,1278.58,1279.58,1276.14,1278.79,0
2019-05-28 16:00:00,1278.88,1280.25,1277.89,1279.54,0
2019-05-28 17:00:00,1279.54,1279.63,1277.71,1277.85,0
2019-05-28 18:00:00,1277.82,1278.33,1277.62,1278.12,0
2019-05-28 19:00:00,1278.12,1278.73,1278.06,1278.46,0
2019-05-28 20:00:00,1278.47,1279.69,1278.46,1279.69,0
2019-05-28 21:00:00,1279.68,1280.11,1279.3,1279.38,0
2019-05-28 23:00:00,1279.35,1279.79,1279.31,1279.42,0
2019-05-29 00:00:00,1279.41,1280.35,1279.35,1279.93,0
2019-05-29 01:00:00,1279.93,1281.99,1279.16,1280.99,0
2019-05-29 02:00:00,1280.99,1280.99,1279.36,1279.96,0
2019-05-29 03:00:00,1280.05,1280.51,1279.11,1280.15,0
2019-05-29 04:00:00,1280.14,1280.42,1279.47,1279.61,0
2019-05-29 05:00:00,1279.61,1281.46,1279.6,1281.41,0
2019-05-29 06:00:00,1281.41,1281.7,1280.73,1281.27,0
2019-05-29 07:00:00,1281.27,1284.34,1281.04,1283.92,0
2019-05-29 08:00:00,1283.92,1285.29,1283.07,1284.97,0
2019-05-29 09:00:00,1284.97,1285.48,1283.55,1283.75,0
2019-05-29 10:00:00,1283.78,1284.39,1282.65,1283.07,0
2019-05-29 11:00:00,1283.07,1284.07,1282.47,1283.19,0
2019-05-29 12:00:00,1283.13,1284.57,1282.6,1284.04,0
2019-05-29 13:00:00,1284.04,1285.58,1281.98,1282.76,0
2019-05-29 14:00:00,1282.77,1284.7,1281.63,1282.35,0
2019-05-29 15:00:00,1282.35,1282.67,1280.34,1282.26,0
2019-05-29 16:00:00,1282.26,1283.65,1279.75,1283.22,0
2019-05-29 17:00:00,1283.22,1283.64,1281.31,1282.38,0
2019-05-29 18:00:00,1282.38,1282.51,1280.34,1281.57,0
2019-05-29 19:00:00,1281.57,1282.69,1281.04,1282.23,0
2019-05-29 20:00:00,1282.23,1282.86,1279.23,1280.42,0
2019-05-29 21:00:00,1280.48,1280.54,1279.79,1279.84,0
2019-05-29 23:00:00,1280.03,1280.32,1279.56,1280.0,0
2019-05-30 00:00:00,1280.0,1280.42,1279.74,1279.91,0
2019-05-30 01:00:00,1279.91,1280.13,1279.03,1279.84,0
2019-05-30 02:00:00,1279.84,1280.35,1278.29,1278.32,0
2019-05-30 03:00:00,1278.31,1278.58,1277.69,1278.41,0
2019-05-30 04:00:00,1278.41,1278.49,1277.28,1277.97,0
2019-05-30 05:00:00,1277.97,1278.0,1277.54,1277.9,0
2019-05-30 06:00:00,1277.89,1277.98,1276.79,1277.12,0
2019-05-30 07:00:00,1277.13,1278.43,1276.3,1277.62,0
2019-05-30 08:00:00,1277.6,1278.21,1275.06,1276.37,0
2019-05-30 09:00:00,1276.37,1277.82,1275.87,1277.12,0
2019-05-30 10:00:00,1277.13,1277.42,1276.14,1276.62,0
2019-05-30 11:00:00,1276.62,1277.14,1275.86,1276.82,0
2019-05-30 12:00:00,1276.82,1277.85,1276.4,1277.8,0
2019-05-30 13:00:00,1277.81,1281.36,1277.61,1281.29,0
2019-05-30 14:00:00,1281.29,1282.78,1279.94,1280.92,0
2019-05-30 15:00:00,1280.92,1284.19,1280.58,1283.74,0
2019-05-30 16:00:00,1283.74,1289.2,1283.74,1287.36,0
2019-05-30 17:00:00,1287.32,1287.55,1285.82,1287.15,0
2019-05-30 18:00:00,1287.15,1288.53,1286.43,1288.04,0
2019-05-30 19:00:00,1288.03,1288.83,1287.56,1288.15,0
2019-05-30 20:00:00,1288.17,1288.88,1287.55,1288.86,0
2019-05-30 21:00:00,1288.86,1288.87,1288.37,1288.42,0
2019-05-30 23:00:00,1288.28,1288.6,1288.03,1288.25,0
2019-05-31 00:00:00,1288.24,1290.67,1288.23,1290.46,0
2019-05-31 01:00:00,1290.46,1292.17,1290.39,1291.68,0
2019-05-31 02:00:00,1291.68,1293.12,1290.84,1291.83,0
2019-05-31 03:00:00,1291.82,1291.86,1290.6,1290.79,0
2019-05-31 04:00:00,1290.81,1291.82,1290.65,1291.59,0
2019-05-31 05:00:00,1291.59,1292.96,1291.28,1292.67,0
2019-05-31 06:00:00,1292.67,1293.59,1292.08,1292.57,0
2019-05-31 07:00:00,1292.57,1294.63,1291.83,1294.62,0
2019-05-31 08:00:00,1294.62,1295.74,1293.77,1295.19,0
2019-05-31 09:00:00,1295.15,1295.47,1293.93,1294.84,0
2019-05-31 10:00:00,1294.84,1299.03,1294.78,1298.87,0
2019-05-31 11:00:00,1298.87,1299.29,1296.68,1297.39,0
2019-05-31 12:00:00,1297.43,1297.85,1295.56,1297.66,0
2019-05-31 13:00:00,1297.65,1299.2,1295.47,1297.23,0
2019-05-31 14:00:00,1297.23,1299.08,1296.52,1296.63,0
2019-05-31 15:00:00,1296.61,1304.44,1295.7,1302.45,0
2019-05-31 16:00:00,1302.45,1302.51,1299.73,1301.79,0
2019-05-31 17:00:00,1301.79,1304.93,1301.59,1304.6,0
2019-05-31 18:00:00,1304.59,1306.96,1303.51,1304.72,0
2019-05-31 19:00:00,1304.71,1306.75,1304.28,1306.33,0
2019-05-31 20:00:00,1306.33,1306.81,1305.47,1306.36,0
2019-05-31 21:00:00,1306.37,1306.37,1305.02,1305.55,0
2019-06-02 23:00:00,1306.98,1308.65,1305.95,1308.33,0
2019-06-03 00:00:00,1308.35,1309.44,1307.05,1309.42,0
2019-06-03 01:00:00,1309.42,1310.03,1308.61,1308.61,0
2019-06-03 02:00:00,1308.61,1311.6,1308.5,1311.55,0
2019-06-03 03:00:00,1311.55,1312.7,1310.74,1312.63,0
2019-06-03 04:00:00,1312.63,1312.83,1311.38,1311.93,0
2019-06-03 05:00:00,1311.93,1312.64,1311.38,1312.6,0
2019-06-03 06:00:00,1312.58,1312.68,1311.19,1311.22,0
2019-06-03 07:00:00,1311.23,1311.97,1309.26,1309.71,0
2019-06-03 08:00:00,1309.71,1315.41,1309.44,1315.14,0
2019-06-03 09:00:00,1315.14,1315.65,1314.25,1314.27,0
2019-06-03 10:00:00,1314.26,1314.66,1313.4,1314.42,0
2019-06-03 11:00:00,1314.44,1317.43,1314.28,1316.54,0
2019-06-03 12:00:00,1316.54,1318.29,1316.27,1317.06,0
2019-06-03 13:00:00,1317.06,1318.36,1315.92,1316.02,0
2019-06-03 14:00:00,1316.0,1317.3,1312.77,1316.55,0
2019-06-03 15:00:00,1316.55,1320.0,1315.46,1319.89,0
2019-06-03 16:00:00,1319.88,1320.28,1317.81,1319.28,0
2019-06-03 17:00:00,1319.28,1321.73,1319.27,1320.59,0
2019-06-03 18:00:00,1320.6,1325.86,1320.52,1325.72,0
2019-06-03 19:00:00,1325.7,1326.26,1323.38,1326.23,0
2019-06-03 20:00:00,1326.24,1327.99,1325.14,1325.45,0
2019-06-03 21:00:00,1325.47,1325.7,1324.49,1324.71,0
2019-06-03 23:00:00,1325.05,1325.12,1324.41,1324.89,0
2019-06-04 00:00:00,1324.89,1326.2,1324.71,1325.19,0
2019-06-04 01:00:00,1325.19,1327.12,1324.9,1327.03,0
2019-06-04 02:00:00,1327.01,1327.29,1324.92,1325.09,0
2019-06-04 03:00:00,1325.13,1325.16,1323.51,1323.92,0
2019-06-04 04:00:00,1323.92,1323.93,1321.65,1322.61,0
2019-06-04 05:00:00,1322.61,1323.32,1322.17,1323.06,0
2019-06-04 06:00:00,1323.03,1325.38,1322.66,1324.56,0
2019-06-04 07:00:00,1324.56,1326.9,1324.09,1326.29,0
2019-06-04 08:00:00,1326.29,1328.81,1326.29,1328.43,0
2019-06-04 09:00:00,1328.43,1329.09,1323.96,1324.59,0
2019-06-04 10:00:00,1324.59,1325.26,1323.03,1324.96,0
2019-06-04 11:00:00,1324.96,1327.14,1324.31,1326.95,0
2019-06-04 12:00:00,1326.95,1327.37,1323.26,1323.43,0
2019-06-04 13:00:00,1323.41,1324.49,1320.03,1323.32,0
2019-06-04 14:00:00,1323.32,1328.96,1320.92,1324.32,0
2019-06-04 15:00:00,1324.21,1326.15,1320.66,1321.11,0
2019-06-04 16:00:00,1321.1,1322.67,1320.36,1322.59,0
2019-06-04 17:00:00,1322.6,1324.02,1322.41,1323.47,0
2019-06-04 18:00:00,1323.46,1325.69,1322.89,1325.55,0
2019-06-04 19:00:00,1325.55,1326.83,1325.52,1326.13,0
2019-06-04 20:00:00,1326.13,1328.3,1325.84,1326.52,0
2019-06-04 21:00:00,1326.52,1326.69,1325.14,1325.4,0
2019-06-04 23:00:00,1325.7,1325.71,1324.55,1325.44,0
2019-06-05 00:00:00,1325.44,1325.57,1324.69,1325.37,0
2019-06-05 01:00:00,1325.37,1327.58,1325.36,1326.97,0
2019-06-05 02:00:00,1326.98,1327.4,1325.71,1326.77,0
2019-06-05 03:00:00,1326.78,1327.52,1325.63,1325.69,0
2019-06-05 04:00:00,1325.69,1326.84,1325.45,1326.64,0
2019-06-05 05:00:00,1326.64,1326.71,1325.61,1325.61,0
2019-06-05 06:00:00,1325.61,1327.27,1325.61,1327.19,0
2019-06-05 07:00:00,1327.24,1334.16,1327.24,1333.57,0
2019-06-05 08:00:00,1333.57,1335.49,1333.19,1333.45,0
2019-06-05 09:00:00,1333.45,1334.32,1331.81,1332.7,0
2019-06-05 10:00:00,1332.7,1338.76,1332.69,1337.92,0
2019-06-05 11:00:00,1337.92,1340.1,1336.65,1338.72,0
2019-06-05 12:00:00,1338.72,1338.72,1333.44,1334.96,0
2019-06-05 13:00:00,1335.0,1344.1,1334.04,1340.84,0
2019-06-05 14:00:00,1340.85,1343.1,1336.76,1337.43,0
2019-06-05 15:00:00,1337.46,1337.46,1331.2,1332.51,0
2019-06-05 16:00:00,1332.51,1332.51,1327.03,1328.85,0
2019-06-05 17:00:00,1328.85,1330.76,1327.75,1328.77,0
2019-06-05 18:00:00,1328.78,1330.08,1327.59,1329.43,0
2019-06-05 19:00:00,1329.42,1329.6,1327.58,1328.73,0
2019-06-05 20:00:00,1328.72,1329.96,1328.67,1329.26,0
2019-06-05 21:00:00,1329.25,1331.42,1329.24,1330.24,0
2019-06-05 23:00:00,1331.61,1333.81,1331.52,1332.58,0
2019-06-06 00:00:00,1332.57,1332.73,1330.9,1330.98,0
2019-06-06 01:00:00,1330.98,1330.99,1328.42,1329.1,0
2019-06-06 02:00:00,1329.1,1330.06,1327.26,1328.85,0
2019-06-06 03:00:00,1328.83,1330.55,1328.63,1330.45,0
2019-06-06 04:00:00,1330.45,1331.52,1330.11,1331.35,0
2019-06-06 05:00:00,1331.35,1332.01,1330.38,1330.79,0
2019-06-06 06:00:00,1330.8,1332.52,1330.31,1332.45,0
2019-06-06 07:00:00,1332.43,1333.63,1331.31,1332.63,0
2019-06-06 08:00:00,1332.6,1335.65,1332.25,1334.86,0
2019-06-06 09:00:00,1334.86,1337.39,1334.59,1336.75,0
2019-06-06 10:00:00,1336.76,1337.33,1335.96,1336.32,0
2019-06-06 11:00:00,1336.32,1337.14,1336.02,1336.92,0
2019-06-06 12:00:00,1336.92,1337.35,1334.89,1336.66,0
2019-06-06 13:00:00,1336.66,1338.32,1334.82,1337.1,0
2019-06-06 14:00:00,1337.1,1338.21,1333.06,1335.87,0
2019-06-06 15:00:00,1335.88,1338.25,1335.22,1335.83,0
2019-06-06 16:00:00,1335.81,1339.27,1335.18,1338.44,0
2019-06-06 17:00:00,1338.44,1339.81,1337.51,1339.19,0
2019-06-06 18:00:00,1339.2,1339.43,1337.54,1337.89,0
2019-06-06 19:00:00,1337.89,1338.3,1333.28,1334.37,0
2019-06-06 20:00:00,1334.37,1335.6,1333.02,1333.88,0
2019-06-06 21:00:00,1333.85,1335.64,1333.38,1335.5,0
2019-06-06 23:00:00,1335.25,1335.98,1335.0,1335.19,0
2019-06-07 00:00:00,1335.19,1335.2,1332.86,1333.44,0
2019-06-07 01:00:00,1333.44,1334.34,1332.16,1333.2,0
2019-06-07 02:00:00,1333.19,1333.77,1332.85,1333.42,0
2019-06-07 03:00:00,1333.41,1333.97,1332.92,1333.42,0
2019-06-07 04:00:00,1333.41,1333.8,1332.41,1333.17,0
2019-06-07 05:00:00,1333.11,1333.68,1332.57,1333.05,0
2019-06-07 06:00:00,1333.05,1333.3,1332.14,1332.14,0
2019-06-07 07:00:00,1332.11,1332.29,1330.31,1331.38,0
2019-06-07 08:00:00,1331.37,1335.59,1331.29,1335.42,0
2019-06-07 09:00:00,1335.42,1336.1,1335.08,1335.89,0
2019-06-07 10:00:00,1335.92,1335.97,1332.97,1333.02,0
2019-06-07 11:00:00,1333.02,1333.98,1332.83,1333.1,0
2019-06-07 12:00:00,1333.1,1335.73,1333.1,1335.61,0
2019-06-07 13:00:00,1335.61,1345.09,1335.34,1341.55,0
2019-06-07 14:00:00,1341.54,1344.4,1340.04,1340.62,0
2019-06-07 15:00:00,1340.65,1348.26,1339.88,1345.02,0
2019-06-07 16:00:00,1345.02,1346.48,1338.68,1340.21,0
2019-06-07 17:00:00,1340.19,1344.06,1340.06,1343.16,0
2019-06-07 18:00:00,1343.17,1343.87,1340.73,1341.79,0
2019-06-07 19:00:00,1341.79,1341.87,1338.91,1340.3,0
2019-06-07 20:00:00,1340.29,1341.36,1340.11,1341.36,0
2019-06-07 21:00:00,1341.36,1341.36,1340.18,1340.38,0
2019-06-09 23:00:00,1336.48,1336.86,1333.39,1334.71,0
2019-06-10 00:00:00,1334.71,1335.9,1334.5,1335.08,0
2019-06-10 01:00:00,1335.08,1337.76,1335.0,1335.55,0
2019-06-10 02:00:00,1335.55,1335.55,1329.04,1330.27,0
2019-06-10 03:00:00,1330.28,1330.76,1328.87,1329.89,0
2019-06-10 04:00:00,1329.89,1330.2,1329.2,1329.58,0
2019-06-10 05:00:00,1329.58,1329.88,1327.95,1328.21,0
2019-06-10 06:00:00,1328.21,1328.65,1326.81,1327.05,0
2019-06-10 07:00:00,1327.05,1327.85,1325.77,1326.93,0
2019-06-10 08:00:00,1326.94,1328.31,1325.93,1326.04,0
2019-06-10 09:00:00,1326.04,1327.41,1325.14,1327.07,0
2019-06-10 10:00:00,1327.04,1328.94,1326.91,1328.23,0
2019-06-10 11:00:00,1328.21,1329.22,1327.69,1328.22,0
2019-06-10 12:00:00,1328.22,1328.63,1325.12,1325.19,0
2019-06-10 13:00:00,1325.19,1330.16,1325.15,1329.24,0
2019-06-10 14:00:00,1329.24,1329.81,1327.86,1328.94,0
2019-06-10 15:00:00,1328.95,1330.06,1328.2,1329.25,0
2019-06-10 16:00:00,1329.23,1330.04,1327.97,1328.13,0
2019-06-10 17:00:00,1328.13,1328.25,1326.74,1327.33,0
2019-06-10 18:00:00,1327.33,1327.42,1325.32,1327.13,0
2019-06-10 19:00:00,1327.17,1329.81,1326.98,1327.87,0
2019-06-10 20:00:00,1327.87,1328.58,1327.43,1328.18,0
2019-06-10 21:00:00,1328.18,1328.43,1327.68,1327.99,0
2019-06-10 23:00:00,1328.29,1328.65,1328.08,1328.44,0
2019-06-11 00:00:00,1328.44,1329.53,1328.31,1329.32,0
2019-06-11 01:00:00,1329.33,1329.5,1328.27,1328.69,0
2019-06-11 02:00:00,1328.69,1329.9,1328.47,1329.05,0
2019-06-11 03:00:00,1329.07,1329.4,1328.16,1328.93,0
2019-06-11 04:00:00,1328.93,1329.25,1327.63,1328.74,0
2019-06-11 05:00:00,1328.74,1328.95,1328.22,1328.85,0
2019-06-11 06:00:00,1328.85,1329.17,1328.17,1328.84,0
2019-06-11 07:00:00,1328.84,1329.3,1324.64,1325.23,0
2019-06-11 08:00:00,1325.23,1326.44,1322.06,1322.94,0
2019-06-11 09:00:00,1322.94,1323.68,1321.94,1321.97,0
2019-06-11 10:00:00,1321.97,1322.69,1321.3,1322.5,0
2019-06-11 11:00:00,1322.5,1323.28,1321.83,1322.38,0
2019-06-11 12:00:00,1322.37,1322.67,1319.92,1320.51,0
2019-06-11 13:00:00,1320.52,1324.31,1319.96,1323.86,0
2019-06-11 14:00:00,1323.85,1325.18,1322.7,1324.44,0
2019-06-11 15:00:00,1324.4,1326.36,1323.9,1325.93,0
2019-06-11 16:00:00,1325.9,1326.92,1325.36,1325.81,0
2019-06-11 17:00:00,1325.81,1328.61,1325.79,1328.43,0
2019-06-11 18:00:00,1328.43,1328.8,1326.75,1327.89,0
2019-06-11 19:00:00,1327.89,1328.07,1327.26,1327.42,0
2019-06-11 20:00:00,1327.45,1327.57,1326.6,1326.84,0
2019-06-11 21:00:00,1326.87,1327.04,1326.65,1326.79,0
2019-06-11 23:00:00,1327.0,1327.22,1326.82,1327.08,0
2019-06-12 00:00:00,1327.08,1327.87,1326.7,1327.83,0
2019-06-12 01:00:00,1327.81,1328.19,1326.36,1326.64,0
2019-06-12 02:00:00,1326.63,1328.89,1326.03,1328.87,0
2019-06-12 03:00:00,1328.87,1332.6,1328.66,1332.26,0
2019-06-12 04:00:00,1332.26,1333.79,1332.2,1332.43,0
2019-06-12 05:00:00,1332.45,1332.54,1331.89,1332.39,0
2019-06-12 06:00:00,1332.4,1335.26,1331.98,1335.12,0
2019-06-12 07:00:00,1335.11,1337.21,1334.46,1335.02,0
2019-06-12 08:00:00,1335.01,1337.89,1334.81,1337.38,0
2019-06-12 09:00:00,1337.38,1338.4,1336.54,1337.67,0
2019-06-12 10:00:00,1337.65,1337.87,1335.74,1336.26,0
2019-06-12 11:00:00,1336.28,1336.39,1334.62,1334.97,0
2019-06-12 12:00:00,1334.97,1336.24,1334.34,1335.07,0
2019-06-12 13:00:00,1335.05,1336.19,1332.3,1334.18,0
2019-06-12 14:00:00,1334.19,1334.5,1329.93,1332.41,0
2019-06-12 15:00:00,1332.42,1334.71,1332.23,1334.15,0
2019-06-12 16:00:00,1334.15,1335.74,1333.55,1335.44,0
2019-06-12 17:00:00,1335.44,1337.04,1332.47,1332.56,0
2019-06-12 18:00:00,1332.56,1333.44,1331.79,1333.16,0
2019-06-12 19:00:00,1333.16,1333.55,1331.95,1332.72,0
2019-06-12 20:00:00,1332.71,1333.1,1332.24,1332.98,0
2019-06-12 21:00:00,1332.99,1333.39,1332.9,1333.36,0
2019-06-12 23:00:00,1333.98,1334.16,1332.89,1332.95,0
2019-06-13 00:00:00,1332.96,1333.73,1332.71,1333.64,0
2019-06-13 01:00:00,1333.66,1334.97,1333.2,1333.96,0
2019-06-13 02:00:00,1333.96,1336.05,1332.42,1336.01,0
2019-06-13 03:00:00,1336.01,1337.74,1336.01,1336.75,0
2019-06-13 04:00:00,1336.75,1336.75,1334.18,1334.26,0
2019-06-13 05:00:00,1334.26,1335.03,1334.08,1334.8,0
2019-06-13 06:00:00,1334.8,1336.71,1334.78,1335.86,0
2019-06-13 07:00:00,1335.85,1337.87,1335.51,1337.86,0
2019-06-13 08:00:00,1337.85,1338.34,1336.06,1336.99,0
2019-06-13 09:00:00,1337.0,1339.07,1336.59,1336.67,0
2019-06-13 10:00:00,1336.68,1337.29,1334.99,1337.15,0
2019-06-13 11:00:00,1337.15,1337.38,1335.81,1336.36,0
2019-06-13 12:00:00,1336.38,1337.51,1336.03,1337.21,0
2019-06-13 13:00:00,1337.21,1337.31,1334.5,1335.45,0
2019-06-13 14:00:00,1335.45,1336.77,1333.73,1336.24,0
2019-06-13 15:00:00,1336.24,1338.51,1335.17,1336.87,0
2019-06-13 16:00:00,1336.86,1340.51,1336.63,1339.12,0
2019-06-13 17:00:00,1339.12,1340.8,1338.79,1339.45,0
2019-06-13 18:00:00,1339.44,1341.65,1339.39,1341.27,0
2019-06-13 19:00:00,1341.27,1343.17,1340.71,1341.33,0
2019-06-13 20:00:00,1341.42,1342.18,1340.52,1341.26,0
2019-06-13 21:00:00,1341.28,1342.61,1341.13,1341.89,0
2019-06-13 23:00:00,1342.36,1344.41,1342.06,1343.73,0
2019-06-14 00:00:00,1343.74,1344.64,1343.43,1344.5,0
2019-06-14 01:00:00,1344.5,1345.04,1343.26,1344.02,0
2019-06-14 02:00:00,1344.0,1344.29,1341.9,1343.7,0
2019-06-14 03:00:00,1343.69,1347.89,1343.65,1346.94,0
2019-06-14 04:00:00,1346.93,1347.33,1345.57,1345.58,0
2019-06-14 05:00:00,1345.57,1346.17,1344.66,1344.96,0
2019-06-14 06:00:00,1344.91,1346.51,1344.45,1346.45,0
2019-06-14 07:00:00,1346.5,1355.54,1346.36,1355.23,0
2019-06-14 08:00:00,1355.22,1358.2,1354.5,1354.84,0
2019-06-14 09:00:00,1354.83,1355.84,1353.65,1353.97,0
2019-06-14 10:00:00,1353.95,1354.35,1352.07,1354.19,0
2019-06-14 11:00:00,1354.17,1355.67,1353.69,1353.88,0
2019-06-14 12:00:00,1353.88,1354.6,1352.86,1354.51,0
2019-06-14 13:00:00,1354.5,1355.74,1348.35,1348.86,0
2019-06-14 14:00:00,1348.87,1352.15,1345.84,1351.0,0
2019-06-14 15:00:00,1351.06,1352.22,1346.54,1348.56,0
2019-06-14 16:00:00,1348.56,1350.86,1347.73,1349.7,0
2019-06-14 17:00:00,1349.75,1350.07,1346.66,1347.14,0
2019-06-14 18:00:00,1347.14,1347.22,1337.86,1340.07,0
2019-06-14 19:00:00,1340.08,1341.48,1339.04,1341.08,0
2019-06-14 20:00:00,1341.09,1341.87,1340.01,1341.07,0
2019-06-14 21:00:00,1341.07,1341.76,1340.88,1341.33,0
2019-06-16 23:00:00,1341.82,1342.49,1341.12,1341.19,0
2019-06-17 00:00:00,1341.19,1341.34,1338.56,1338.64,0
2019-06-17 01:00:00,1338.66,1339.83,1337.91,1339.02,0
2019-06-17 02:00:00,1339.05,1341.62,1336.21,1340.83,0
2019-06-17 03:00:00,1340.82,1341.85,1339.92,1341.49,0
2019-06-17 04:00:00,1341.49,1343.55,1341.16,1342.26,0
2019-06-17 05:00:00,1342.27,1342.32,1341.22,1341.39,0
2019-06-17 06:00:00,1341.39,1341.58,1338.51,1339.16,0
2019-06-17 07:00:00,1339.16,1340.22,1336.72,1338.15,0
2019-06-17 08:00:00,1338.21,1338.74,1334.32,1335.15,0
2019-06-17 09:00:00,1335.16,1336.34,1333.57,1334.35,0
2019-06-17 10:00:00,1334.34,1334.49,1333.04,1334.01,0
2019-06-17 11:00:00,1334.03,1335.13,1333.27,1333.74,0
2019-06-17 12:00:00,1333.74,1337.04,1333.73,1335.87,0
2019-06-17 13:00:00,1335.89,1340.74,1335.84,1339.92,0
2019-06-17 14:00:00,1339.91,1343.3,1339.67,1340.69,0
2019-06-17 15:00:00,1340.69,1341.77,1337.04,1338.05,0
2019-06-17 16:00:00,1338.05,1341.29,1337.92,1340.91,0
2019-06-17 17:00:00,1340.9,1341.73,1339.69,1339.72,0
2019-06-17 18:00:00,1339.69,1340.66,1338.29,1338.89,0
2019-06-17 19:00:00,1338.89,1339.35,1338.1,1339.04,0
2019-06-17 20:00:00,1339.03,1340.09,1338.86,1340.0,0
2019-06-17 21:00:00,1340.0,1340.13,1339.48,1339.61,0
2019-06-17 23:00:00,1340.29,1340.32,1339.3,1339.33,0
2019-06-18 00:00:00,1339.33,1340.25,1339.02,1339.74,0
2019-06-18 01:00:00,1339.74,1340.4,1338.74,1339.66,0
2019-06-18 02:00:00,1339.66,1342.09,1338.65,1341.93,0
2019-06-18 03:00:00,1341.93,1342.11,1340.82,1341.26,0
2019-06-18 04:00:00,1341.23,1341.66,1340.57,1340.97,0
2019-06-18 05:00:00,1340.97,1342.0,1340.82,1341.86,0
2019-06-18 06:00:00,1341.86,1345.96,1341.8,1345.95,0
2019-06-18 07:00:00,1345.9,1348.07,1345.37,1346.27,0
2019-06-18 08:00:00,1346.27,1347.05,1344.59,1344.6,0
2019-06-18 09:00:00,1344.6,1346.86,1343.78,1345.65,0
2019-06-18 10:00:00,1345.65,1346.92,1344.04,1346.21,0
2019-06-18 11:00:00,1346.21,1348.22,1345.26,1347.59,0
2019-06-18 12:00:00,1347.62,1351.05,1346.3,1350.79,0
2019-06-18 13:00:00,1350.79,1354.69,1349.44,1351.76,0
2019-06-18 14:00:00,1351.75,1353.73,1340.8,1341.94,0
2019-06-18 15:00:00,1341.93,1346.25,1339.37,1345.92,0
2019-06-18 16:00:00,1345.92,1352.06,1344.48,1346.17,0
2019-06-18 17:00:00,1346.19,1348.39,1345.31,1347.95,0
2019-06-18 18:00:00,1347.96,1348.77,1345.41,1346.28,0
2019-06-18 19:00:00,1346.29,1347.13,1345.37,1346.6,0
2019-06-18 20:00:00,1346.6,1346.69,1345.85,1346.06,0
2019-06-18 21:00:00,1346.06,1346.78,1346.04,1346.55,0
2019-06-18 23:00:00,1346.41,1346.71,1345.64,1345.74,0
2019-06-19 00:00:00,1345.73,1346.13,1344.62,1345.5,0
2019-06-19 01:00:00,1345.5,1346.93,1344.94,1345.24,0
2019-06-19 02:00:00,1345.28,1346.52,1342.23,1343.25,0
2019-06-19 03:00:00,1343.25,1344.79,1342.66,1344.29,0
2019-06-19 04:00:00,1344.3,1345.57,1344.07,1344.32,0
2019-06-19 05:00:00,1344.32,1345.53,1344.31,1345.53,0
2019-06-19 06:00:00,1345.53,1347.54,1345.17,1345.84,0
2019-06-19 07:00:00,1345.84,1346.55,1343.45,1345.7,0
2019-06-19 08:00:00,1345.7,1346.1,1342.91,1343.7,0
2019-06-19 09:00:00,1343.69,1344.0,1341.88,1341.99,0
2019-06-19 10:00:00,1341.99,1343.57,1341.87,1342.33,0
2019-06-19 11:00:00,1342.33,1343.49,1342.22,1343.18,0
2019-06-19 12:00:00,1343.17,1343.47,1341.38,1342.18,0
2019-06-19 13:00:00,1342.18,1345.54,1342.13,1343.26,0
2019-06-19 14:00:00,1343.29,1344.92,1342.54,1343.76,0
2019-06-19 15:00:00,1343.76,1346.08,1343.24,1344.08,0
2019-06-19 16:00:00,1344.09,1345.43,1343.83,1345.05,0
2019-06-19 17:00:00,1345.02,1346.74,1344.32,1346.0,0
2019-06-19 18:00:00,1346.0,1346.5,1344.64,1345.43,0
2019-06-19 19:00:00,1345.37,1356.15,1345.25,1352.18,0
2019-06-19 20:00:00,1352.15,1355.31,1350.52,1355.26,0
2019-06-19 21:00:00,1355.23,1362.56,1354.32,1360.23,0
2019-06-19 23:00:00,1360.44,1360.64,1358.58,1359.2,0
2019-06-20 00:00:00,1359.21,1359.7,1357.73,1358.0,0
2019-06-20 01:00:00,1358.0,1374.59,1357.98,1371.41,0
2019-06-20 02:00:00,1371.42,1394.01,1370.79,1377.45,0
2019-06-20 03:00:00,1377.44,1379.98,1377.11,1379.79,0
2019-06-20 04:00:00,1379.79,1382.82,1379.35,1380.79,0
2019-06-20 05:00:00,1380.79,1380.84,1378.21,1378.62,0
2019-06-20 06:00:00,1378.61,1383.7,1378.3,1382.59,0
2019-06-20 07:00:00,1382.6,1386.84,1379.91,1382.88,0
2019-06-20 08:00:00,1382.88,1384.25,1379.7,1381.87,0
2019-06-20 09:00:00,1381.87,1382.49,1377.88,1380.43,0
2019-06-20 10:00:00,1380.43,1383.32,1379.18,1383.17,0
2019-06-20 11:00:00,1383.17,1383.36,1379.67,1380.82,0
2019-06-20 12:00:00,1380.84,1382.62,1380.1,1381.23,0
2019-06-20 13:00:00,1381.23,1386.68,1379.6,1383.21,0
2019-06-20 14:00:00,1383.2,1385.0,1381.44,1382.22,0
2019-06-20 15:00:00,1382.1,1384.34,1379.7,1382.86,0
2019-06-20 16:00:00,1382.86,1386.09,1382.65,1385.33,0
2019-06-20 17:00:00,1385.35,1390.85,1384.96,1387.86,0
2019-06-20 18:00:00,1387.86,1393.4,1387.44,1390.27,0
2019-06-20 19:00:00,1390.32,1392.16,1388.25,1390.14,0
2019-06-20 20:00:00,1390.16,1390.69,1388.67,1389.48,0
2019-06-20 21:00:00,1389.51,1389.92,1386.68,1388.44,0
2019-06-20 23:00:00,1387.29,1389.54,1387.27,1388.88,0
2019-06-21 00:00:00,1388.86,1391.22,1388.14,1390.88,0
2019-06-21 01:00:00,1390.88,1395.34,1390.55,1393.22,0
2019-06-21 02:00:00,1393.24,1404.53,1391.8,1404.49,0
2019-06-21 03:00:00,1404.5,1411.78,1402.97,1406.02,0
2019-06-21 04:00:00,1406.01,1407.42,1404.18,1404.98,0
2019-06-21 05:00:00,1404.98,1406.5,1403.34,1403.82,0
2019-06-21 06:00:00,1403.82,1406.13,1396.55,1397.24,0
2019-06-21 07:00:00,1397.24,1397.95,1390.4,1392.48,0
2019-06-21 08:00:00,1392.48,1393.87,1382.39,1384.41,0
2019-06-21 09:00:00,1384.43,1390.24,1383.38,1389.48,0
2019-06-21 10:00:00,1389.47,1389.57,1386.19,1388.92,0
2019-06-21 11:00:00,1388.91,1400.31,1387.65,1394.82,0
2019-06-21 12:00:00,1394.83,1398.03,1393.58,1395.18,0
2019-06-21 13:00:00,1395.23,1398.08,1393.08,1396.96,0
2019-06-21 14:00:00,1396.89,1400.07,1395.93,1398.19,0
2019-06-21 15:00:00,1398.18,1398.93,1389.24,1392.76,0
2019-06-21 16:00:00,1392.75,1398.56,1389.93,1398.45,0
2019-06-21 17:00:00,1398.46,1398.52,1393.42,1394.25,0
2019-06-21 18:00:00,1394.24,1398.62,1394.06,1396.15,0
2019-06-21 19:00:00,1396.15,1398.29,1396.07,1398.13,0
2019-06-21 20:00:00,1398.19,1400.63,1397.54,1398.99,0
2019-06-21 21:00:00,1399.0,1399.64,1398.54,1398.96,0
2019-06-23 23:00:00,1400.19,1410.27,1399.84,1405.43,0
2019-06-24 00:00:00,1405.35,1407.36,1401.61,1406.88,0
2019-06-24 01:00:00,1406.87,1409.16,1405.4,1405.89,0
2019-06-24 02:00:00,1405.9,1411.23,1403.26,1406.64,0
2019-06-24 03:00:00,1406.65,1406.75,1403.55,1406.3,0
2019-06-24 04:00:00,1406.35,1406.77,1402.77,1403.11,0
2019-06-24 05:00:00,1403.11,1403.45,1400.82,1402.39,0
2019-06-24 06:00:00,1402.41,1404.9,1402.04,1403.93,0
2019-06-24 07:00:00,1403.92,1406.5,1402.38,1402.88,0
2019-06-24 08:00:00,1402.9,1404.07,1400.82,1402.5,0
2019-06-24 09:00:00,1402.48,1406.31,1402.11,1405.49,0
2019-06-24 10:00:00,1405.53,1408.78,1404.4,1406.55,0
2019-06-24 11:00:00,1406.56,1408.0,1406.05,1407.34,0
2019-06-24 12:00:00,1407.33,1410.73,1407.2,1409.12,0
2019-06-24 13:00:00,1409.14,1409.14,1405.23,1405.88,0
2019-06-24 14:00:00,1405.88,1407.94,1404.42,1406.46,0
2019-06-24 15:00:00,1406.59,1409.5,1405.11,1408.57,0
2019-06-24 16:00:00,1408.57,1417.36,1408.02,1413.85,0
2019-06-24 17:00:00,1413.85,1415.96,1412.94,1415.03,0
2019-06-24 18:00:00,1415.06,1415.88,1414.01,1415.84,0
2019-06-24 19:00:00,1415.84,1420.33,1414.61,1419.28,0
2019-06-24 20:00:00,1419.28,1419.8,1416.98,1419.07,0
2019-06-24 21:00:00,1419.01,1421.47,1418.22,1419.32,0
2019-06-24 23:00:00,1419.47,1425.31,1418.17,1422.87,0
2019-06-25 00:00:00,1422.87,1426.09,1422.69,1425.32,0
2019-06-25 01:00:00,1425.32,1428.88,1423.44,1424.66,0
2019-06-25 02:00:00,1424.66,1427.14,1422.98,1425.57,0
2019-06-25 03:00:00,1425.6,1426.64,1424.17,1425.82,0
2019-06-25 04:00:00,1425.85,1436.55,1425.77,1436.26,0
2019-06-25 05:00:00,1436.24,1439.12,1434.64,1436.02,0
2019-06-25 06:00:00,1436.03,1436.33,1420.35,1423.3,0
2019-06-25 07:00:00,1423.35,1431.18,1423.17,1430.05,0
2019-06-25 08:00:00,1430.05,1434.36,1429.11,1432.11,0
2019-06-25 09:00:00,1432.11,1435.57,1427.97,1430.9,0
2019-06-25 10:00:00,1430.91,1431.21,1428.18,1428.75,0
2019-06-25 11:00:00,1428.76,1431.29,1428.57,1430.12,0
2019-06-25 12:00:00,1430.12,1430.45,1427.23,1427.47,0
2019-06-25 13:00:00,1427.46,1427.9,1424.09,1425.55,0
2019-06-25 14:00:00,1425.56,1433.81,1424.78,1431.84,0
2019-06-25 15:00:00,1431.84,1436.31,1428.43,1430.81,0
2019-06-25 16:00:00,1430.81,1432.71,1426.4,1429.75,0
2019-06-25 17:00:00,1429.74,1431.93,1421.31,1425.67,0
2019-06-25 18:00:00,1425.66,1425.67,1411.98,1422.57,0
2019-06-25 19:00:00,1422.57,1425.81,1421.3,1424.42,0
2019-06-25 20:00:00,1424.42,1425.27,1421.9,1422.23,0
2019-06-25 21:00:00,1422.16,1424.38,1422.04,1423.42,0
2019-06-25 23:00:00,1423.54,1424.49,1415.31,1417.13,0
2019-06-26 00:00:00,1417.24,1422.11,1416.99,1418.49,0
2019-06-26 01:00:00,1418.49,1420.64,1414.44,1414.86,0
2019-06-26 02:00:00,1414.85,1415.78,1412.02,1413.9,0
2019-06-26 03:00:00,1413.9,1414.1,1405.03,1407.34,0
2019-06-26 04:00:00,1407.39,1408.9,1403.39,1405.14,0
2019-06-26 05:00:00,1405.14,1409.06,1405.08,1408.8,0
2019-06-26 06:00:00,1408.8,1409.79,1405.86,1408.77,0
2019-06-26 07:00:00,1408.77,1410.0,1403.9,1405.53,0
2019-06-26 08:00:00,1405.53,1410.02,1405.5,1409.38,0
2019-06-26 09:00:00,1409.37,1413.28,1409.24,1410.5,0
2019-06-26 10:00:00,1410.5,1410.94,1405.41,1407.12,0
2019-06-26 11:00:00,1407.12,1407.93,1404.1,1406.25,0
2019-06-26 12:00:00,1406.25,1406.83,1401.79,1403.58,0
2019-06-26 13:00:00,1403.57,1412.09,1403.49,1409.46,0
2019-06-26 14:00:00,1409.47,1410.02,1405.49,1406.06,0
2019-06-26 15:00:00,1405.98,1409.5,1403.52,1408.86,0
2019-06-26 16:00:00,1408.86,1415.29,1408.52,1414.09,0
2019-06-26 17:00:00,1414.1,1415.07,1411.88,1413.02,0
2019-06-26 18:00:00,1413.01,1413.54,1409.89,1411.38,0
2019-06-26 19:00:00,1411.39,1411.77,1408.07,1409.74,0
2019-06-26 20:00:00,1409.72,1411.4,1408.85,1409.32,0
2019-06-26 21:00:00,1409.37,1409.7,1408.42,1408.79,0
2019-06-26 23:00:00,1409.13,1409.73,1407.24,1407.55,0
2019-06-27 00:00:00,1407.55,1411.53,1407.1,1410.72,0
2019-06-27 01:00:00,1410.73,1412.14,1407.91,1410.1,0
2019-06-27 02:00:00,1410.11,1411.25,1407.05,1408.17,0
2019-06-27 03:00:00,1408.16,1408.77,1405.4,1407.96,0
2019-06-27 04:00:00,1407.97,1408.74,1407.25,1407.55,0
2019-06-27 05:00:00,1407.53,1407.53,1404.98,1406.55,0
2019-06-27 06:00:00,1406.55,1407.81,1406.06,1406.86,0
2019-06-27 07:00:00,1406.84,1408.49,1401.29,1402.66,0
2019-06-27 08:00:00,1402.66,1405.34,1402.13,1402.4,0
2019-06-27 09:00:00,1402.4,1404.32,1402.08,1402.62,0
2019-06-27 10:00:00,1402.57,1404.88,1401.5,1404.76,0
2019-06-27 11:00:00,1404.76,1406.2,1404.19,1405.62,0
2019-06-27 12:00:00,1405.66,1406.4,1404.29,1405.26,0
2019-06-27 13:00:00,1405.24,1407.45,1398.68,1401.05,0
2019-06-27 14:00:00,1401.05,1405.01,1400.05,1402.94,0
2019-06-27 15:00:00,1402.95,1407.11,1402.43,1405.16,0
2019-06-27 16:00:00,1405.16,1408.42,1403.35,1405.9,0
2019-06-27 17:00:00,1405.93,1408.37,1404.91,1407.63,0
2019-06-27 18:00:00,1407.63,1409.52,1406.96,1407.02,0
2019-06-27 19:00:00,1407.03,1407.99,1406.25,1407.98,0
2019-06-27 20:00:00,1408.0,1408.53,1407.28,1408.22,0
2019-06-27 21:00:00,1408.19,1409.96,1407.3,1409.38,0
2019-06-27 23:00:00,1409.74,1410.78,1408.3,1408.64,0
2019-06-28 00:00:00,1408.65,1412.09,1408.41,1411.13,0
2019-06-28 01:00:00,1411.13,1416.77,1410.73,1414.38,0
2019-06-28 02:00:00,1414.39,1424.7,1414.13,1422.42,0
2019-06-28 03:00:00,1422.42,1423.44,1419.98,1420.43,0
2019-06-28 04:00:00,1420.34,1421.22,1418.22,1419.82,0
2019-06-28 05:00:00,1419.82,1420.87,1418.55,1419.28,0
2019-06-28 06:00:00,1419.27,1421.66,1414.71,1415.19,0
2019-06-28 07:00:00,1415.12,1417.07,1408.83,1411.98,0
2019-06-28 08:00:00,1412.03,1415.23,1411.25,1414.75,0
2019-06-28 09:00:00,1414.75,1415.99,1413.15,1415.15,0
2019-06-28 10:00:00,1415.16,1415.31,1412.38,1413.23,0
2019-06-28 11:00:00,1413.19,1414.88,1412.53,1414.12,0
2019-06-28 12:00:00,1414.09,1415.25,1413.11,1413.51,0
2019-06-28 13:00:00,1413.51,1415.0,1411.17,1413.0,0
2019-06-28 14:00:00,1413.0,1413.0,1405.7,1410.24,0
2019-06-28 15:00:00,1410.24,1413.26,1408.72,1411.64,0
2019-06-28 16:00:00,1411.64,1412.69,1410.4,1411.51,0
2019-06-28 17:00:00,1411.52,1413.1,1408.32,1409.55,0
2019-06-28 18:00:00,1409.52,1411.3,1408.76,1409.58,0
2019-06-28 19:00:00,1409.58,1411.45,1409.16,1410.54,0
2019-06-28 20:00:00,1410.54,1411.27,1409.66,1411.25,0
2019-06-28 21:00:00,1411.25,1411.32,1409.27,1409.46,0
2019-06-30 23:00:00,1398.45,1398.45,1383.99,1395.99,0
2019-07-01 00:00:00,1395.99,1397.82,1391.71,1392.09,0
2019-07-01 01:00:00,1392.09,1396.4,1390.98,1396.03,0
2019-07-01 02:00:00,1396.03,1397.1,1392.02,1393.01,0
2019-07-01 03:00:00,1392.99,1393.67,1390.28,1391.34,0
2019-07-01 04:00:00,1391.33,1392.41,1391.21,1391.96,0
2019-07-01 05:00:00,1392.03,1392.9,1391.47,1392.39,0
2019-07-01 06:00:00,1392.4,1392.45,1385.13,1386.11,0
2019-07-01 07:00:00,1386.11,1387.67,1382.54,1382.94,0
2019-07-01 08:00:00,1382.94,1388.03,1381.8,1387.64,0
2019-07-01 09:00:00,1387.64,1389.34,1386.43,1388.37,0
2019-07-01 10:00:00,1388.37,1390.8,1388.18,1389.62,0
2019-07-01 11:00:00,1389.61,1390.64,1388.84,1389.65,0
2019-07-01 12:00:00,1389.66,1393.32,1388.91,1392.04,0
2019-07-01 13:00:00,1392.02,1395.23,1391.61,1394.64,0
2019-07-01 14:00:00,1394.65,1395.08,1392.04,1392.89,0
2019-07-01 15:00:00,1392.89,1396.37,1388.73,1394.85,0
2019-07-01 16:00:00,1394.85,1395.67,1387.71,1389.32,0
2019-07-01 17:00:00,1389.32,1391.84,1385.45,1386.51,0
2019-07-01 18:00:00,1386.5,1388.02,1385.24,1385.99,0
2019-07-01 19:00:00,1385.97,1386.73,1383.75,1384.0,0
2019-07-01 20:00:00,1384.0,1385.92,1383.92,1384.33,0
2019-07-01 21:00:00,1384.36,1384.47,1382.9,1383.61,0
2019-07-01 23:00:00,1383.14,1388.58,1383.14,1387.14,0
2019-07-02 00:00:00,1387.14,1388.58,1384.8,1385.55,0
2019-07-02 01:00:00,1385.56,1386.63,1383.92,1386.04,0
2019-07-02 02:00:00,1386.05,1391.05,1386.05,1390.13,0
2019-07-02 03:00:00,1390.08,1391.47,1388.41,1389.1,0
2019-07-02 04:00:00,1389.06,1389.76,1388.53,1388.53,0
2019-07-02 05:00:00,1388.53,1390.94,1388.52,1390.65,0
2019-07-02 06:00:00,1390.65,1393.27,1390.62,1391.52,0
2019-07-02 07:00:00,1391.58,1391.84,1389.08,1391.34,0
2019-07-02 08:00:00,1391.34,1393.9,1391.11,1392.59,0
2019-07-02 09:00:00,1392.58,1394.49,1392.08,1393.57,0
2019-07-02 10:00:00,1393.57,1393.87,1392.37,1392.96,0
2019-07-02 11:00:00,1392.96,1393.67,1391.59,1392.56,0
2019-07-02 12:00:00,1392.56,1394.63,1391.23,1392.75,0
2019-07-02 13:00:00,1392.75,1393.46,1389.88,1391.48,0
2019-07-02 14:00:00,1391.5,1394.87,1390.03,1392.74,0
2019-07-02 15:00:00,1392.74,1395.52,1390.33,1394.14,0
2019-07-02 16:00:00,1394.14,1404.5,1393.77,1403.67,0
2019-07-02 17:00:00,1403.67,1407.83,1403.59,1405.07,0
2019-07-02 18:00:00,1405.06,1406.74,1403.19,1405.09,0
2019-07-02 19:00:00,1405.08,1409.21,1404.94,1408.53,0
2019-07-02 20:00:00,1408.53,1416.3,1407.9,1413.33,0
2019-07-02 21:00:00,1413.34,1421.02,1412.99,1418.26,0
2019-07-02 23:00:00,1421.32,1436.05,1418.07,1426.68,0
2019-07-03 00:00:00,1426.68,1432.28,1424.64,1431.36,0
2019-07-03 01:00:00,1431.37,1435.61,1426.68,1434.6,0
2019-07-03 02:00:00,1434.5,1437.72,1426.64,1428.36,0
2019-07-03 03:00:00,1428.44,1428.87,1421.39,1423.47,0
2019-07-03 04:00:00,1423.48,1425.82,1421.88,1424.16,0
2019-07-03 05:00:00,1424.15,1428.76,1423.81,1426.87,0
2019-07-03 06:00:00,1426.88,1428.59,1422.39,1426.09,0
2019-07-03 07:00:00,1426.09,1428.05,1424.07,1425.41,0
2019-07-03 08:00:00,1425.39,1426.79,1423.8,1424.71,0
2019-07-03 09:00:00,1424.72,1425.45,1422.41,1425.0,0
2019-07-03 10:00:00,1425.01,1426.35,1424.16,1425.12,0
2019-07-03 11:00:00,1425.12,1426.36,1424.62,1426.05,0
2019-07-03 12:00:00,1426.03,1426.18,1417.59,1419.35,0
2019-07-03 13:00:00,1419.35,1422.38,1414.98,1417.94,0
2019-07-03 14:00:00,1417.98,1418.58,1412.09,1414.07,0
2019-07-03 15:00:00,1414.07,1421.17,1413.32,1418.85,0
2019-07-03 16:00:00,1418.84,1420.91,1415.04,1417.95,0
2019-07-03 17:00:00,1417.97,1417.98,1415.27,1416.41,0
2019-07-03 18:00:00,1416.41,1418.62,1416.28,1418.01,0
2019-07-03 19:00:00,1418.07,1419.24,1416.98,1418.39,0
2019-07-03 20:00:00,1418.39,1418.48,1417.28,1417.89,0
2019-07-03 21:00:00,1417.91,1419.25,1417.68,1418.65,0
2019-07-03 23:00:00,1419.89,1420.72,1414.96,1416.68,0
2019-07-04 00:00:00,1416.68,1418.63,1415.56,1418.45,0
2019-07-04 01:00:00,1418.45,1420.56,1416.38,1417.28,0
2019-07-04 02:00:00,1417.27,1421.71,1416.75,1420.69,0
2019-07-04 03:00:00,1420.69,1421.13,1418.65,1419.61,0
2019-07-04 04:00:00,1419.6,1421.11,1418.94,1419.14,0
2019-07-04 05:00:00,1419.13,1419.59,1418.58,1419.08,0
2019-07-04 06:00:00,1419.08,1419.7,1413.83,1416.39,0
2019-07-04 07:00:00,1416.39,1416.69,1413.01,1414.26,0
2019-07-04 08:00:00,1414.26,1414.71,1410.27,1411.18,0
2019-07-04 09:00:00,1411.18,1413.77,1411.08,1412.09,0
2019-07-04 10:00:00,1412.09,1416.2,1412.09,1415.16,0
2019-07-04 11:00:00,1415.22,1416.03,1413.88,1414.74,0
2019-07-04 12:00:00,1414.74,1415.35,1413.57,1414.62,0
2019-07-04 13:00:00,1414.61,1415.13,1412.8,1413.92,0
2019-07-04 14:00:00,1413.92,1415.56,1413.54,1415.1,0
2019-07-04 15:00:00,1415.1,1417.48,1413.99,1416.46,0
2019-07-04 16:00:00,1416.46,1416.75,1414.53,1415.66,0
2019-07-04 17:00:00,1415.67,1416.3,1415.15,1415.34,0
2019-07-04 18:00:00,1415.4,1415.7,1415.3,1415.35,0
2019-07-04 23:00:00,1415.41,1424.2,1415.23,1423.03,0
2019-07-05 00:00:00,1423.03,1423.04,1420.74,1421.0,0
2019-07-05 01:00:00,1420.99,1421.37,1415.34,1415.83,0
2019-07-05 02:00:00,1415.83,1420.1,1414.46,1418.71,0
2019-07-05 03:00:00,1418.76,1419.73,1416.93,1417.44,0
2019-07-05 04:00:00,1417.44,1418.76,1417.13,1418.25,0
2019-07-05 05:00:00,1418.24,1418.44,1416.45,1417.42,0
2019-07-05 06:00:00,1417.43,1418.24,1414.98,1416.08,0
2019-07-05 07:00:00,1416.04,1416.67,1412.24,1414.13,0
2019-07-05 08:00:00,1414.13,1416.33,1413.16,1413.67,0
2019-07-05 09:00:00,1413.67,1415.03,1412.62,1414.1,0
2019-07-05 10:00:00,1414.11,1414.97,1413.7,1414.19,0
2019-07-05 11:00:00,1414.19,1415.03,1413.25,1414.63,0
2019-07-05 12:00:00,1414.62,1416.24,1409.96,1411.65,0
2019-07-05 13:00:00,1411.63,1414.38,1394.79,1400.88,0
2019-07-05 14:00:00,1400.9,1400.96,1386.78,1389.51,0
2019-07-05 15:00:00,1389.49,1397.62,1387.46,1395.2,0
2019-07-05 16:00:00,1395.21,1400.55,1392.04,1396.85,0
2019-07-05 17:00:00,1396.85,1399.74,1395.38,1399.25,0
2019-07-05 18:00:00,1399.26,1399.74,1397.29,1398.24,0
2019-07-05 19:00:00,1398.25,1399.64,1397.57,1399.61,0
2019-07-05 20:00:00,1399.62,1402.62,1399.41,1400.89,0
2019-07-05 21:00:00,1400.89,1400.91,1398.23,1398.68,0
2019-07-07 23:00:00,1398.13,1401.48,1392.67,1395.65,0
2019-07-08 00:00:00,1395.64,1397.21,1394.49,1395.72,0
2019-07-08 01:00:00,1395.73,1400.29,1395.27,1397.93,0
2019-07-08 02:00:00,1397.93,1399.19,1395.54,1399.08,0
2019-07-08 03:00:00,1399.08,1399.72,1397.46,1397.91,0
2019-07-08 04:00:00,1397.92,1399.38,1397.73,1398.72,0
2019-07-08 05:00:00,1398.71,1400.03,1398.39,1399.7,0
2019-07-08 06:00:00,1399.64,1405.76,1399.5,1404.79,0
2019-07-08 07:00:00,1404.72,1406.06,1402.82,1405.16,0
2019-07-08 08:00:00,1405.16,1407.66,1404.97,1406.46,0
2019-07-08 09:00:00,1406.45,1406.8,1404.36,1405.94,0
2019-07-08 10:00:00,1405.94,1406.44,1404.21,1405.24,0
2019-07-08 11:00:00,1405.25,1406.04,1403.7,1404.56,0
2019-07-08 12:00:00,1404.57,1406.16,1404.51,1405.68,0
2019-07-08 13:00:00,1405.68,1407.1,1402.99,1403.77,0
2019-07-08 14:00:00,1403.77,1404.29,1399.96,1401.53,0
2019-07-08 15:00:00,1401.51,1401.72,1395.62,1396.64,0
2019-07-08 16:00:00,1396.64,1398.96,1394.45,1394.82,0
2019-07-08 17:00:00,1394.82,1397.36,1393.79,1396.96,0
2019-07-08 18:00:00,1396.96,1398.91,1396.16,1396.55,0
2019-07-08 19:00:00,1396.55,1397.77,1395.69,1397.31,0
2019-07-08 20:00:00,1397.31,1397.41,1391.78,1391.89,0
2019-07-08 21:00:00,1391.89,1395.75,1391.89,1395.47,0
2019-07-08 23:00:00,1395.74,1396.1,1394.26,1394.43,0
2019-07-09 00:00:00,1394.43,1394.87,1392.73,1394.34,0
2019-07-09 01:00:00,1394.37,1395.77,1390.78,1392.31,0
2019-07-09 02:00:00,1392.31,1394.28,1391.64,1393.33,0
2019-07-09 03:00:00,1393.27,1394.67,1392.4,1394.47,0
2019-07-09 04:00:00,1394.47,1395.95,1393.58,1394.37,0
2019-07-09 05:00:00,1394.37,1396.52,1394.2,1396.16,0
2019-07-09 06:00:00,1396.18,1396.22,1394.26,1394.47,0
2019-07-09 07:00:00,1394.47,1395.31,1392.31,1393.72,0
2019-07-09 08:00:00,1393.77,1394.89,1392.49,1392.68,0
2019-07-09 09:00:00,1392.68,1393.33,1385.86,1387.62,0
2019-07-09 10:00:00,1387.64,1388.92,1386.94,1388.13,0
2019-07-09 11:00:00,1388.13,1391.15,1386.57,1389.57,0
2019-07-09 12:00:00,1389.59,1392.87,1388.9,1391.73,0
2019-07-09 13:00:00,1391.73,1394.89,1391.73,1393.0,0
2019-07-09 14:00:00,1393.0,1394.49,1390.96,1391.73,0
2019-07-09 15:00:00,1391.71,1393.96,1390.32,1393.56,0
2019-07-09 16:00:00,1393.6,1400.1,1393.6,1397.79,0
2019-07-09 17:00:00,1397.78,1397.8,1396.23,1396.89,0
2019-07-09 18:00:00,1396.89,1400.03,1396.38,1398.23,0
2019-07-09 19:00:00,1398.2,1398.72,1397.74,1397.89,0
2019-07-09 20:00:00,1397.89,1398.11,1395.58,1396.7,0
2019-07-09 21:00:00,1396.72,1397.73,1395.91,1397.38,0
2019-07-09 23:00:00,1397.56,1398.07,1395.85,1395.87,0
2019-07-10 00:00:00,1395.88,1396.33,1394.74,1395.33,0
2019-07-10 01:00:00,1395.33,1395.54,1391.85,1392.97,0
2019-07-10 02:00:00,1392.97,1393.78,1391.26,1393.2,0
2019-07-10 03:00:00,1393.19,1394.31,1392.14,1394.21,0
2019-07-10 04:00:00,1394.22,1394.72,1392.77,1392.96,0
2019-07-10 05:00:00,1392.96,1393.44,1391.81,1393.34,0
2019-07-10 06:00:00,1393.29,1394.34,1392.44,1393.5,0
2019-07-10 07:00:00,1393.5,1393.5,1389.96,1390.84,0
2019-07-10 08:00:00,1390.82,1393.87,1390.46,1391.99,0
2019-07-10 09:00:00,1391.99,1394.61,1391.68,1393.54,0
2019-07-10 10:00:00,1393.55,1397.05,1393.28,1395.65,0
2019-07-10 11:00:00,1395.65,1396.04,1395.01,1395.26,0
2019-07-10 12:00:00,1395.24,1396.26,1394.83,1395.27,0
2019-07-10 13:00:00,1395.24,1411.29,1391.47,1410.09,0
2019-07-10 14:00:00,1410.16,1411.51,1406.44,1406.76,0
2019-07-10 15:00:00,1406.79,1411.29,1406.24,1408.14,0
2019-07-10 16:00:00,1408.14,1410.72,1402.98,1410.18,0
2019-07-10 17:00:00,1410.16,1413.12,1409.06,1412.04,0
2019-07-10 18:00:00,1412.04,1414.15,1409.53,1413.24,0
2019-07-10 19:00:00,1413.24,1417.27,1413.13,1415.22,0
2019-07-10 20:00:00,1415.54,1418.67,1415.06,1418.21,0
2019-07-10 21:00:00,1418.16,1418.65,1416.97,1418.53,0
2019-07-10 23:00:00,1418.75,1422.46,1418.36,1420.75,0
2019-07-11 00:00:00,1420.75,1422.54,1419.0,1422.03,0
2019-07-11 01:00:00,1422.03,1426.01,1421.67,1425.53,0
2019-07-11 02:00:00,1425.52,1427.17,1420.78,1421.09,0
2019-07-11 03:00:00,1421.1,1423.37,1420.35,1422.78,0
2019-07-11 04:00:00,1422.78,1425.18,1422.58,1424.05,0
2019-07-11 05:00:00,1424.06,1424.92,1423.71,1424.38,0
2019-07-11 06:00:00,1424.37,1425.01,1420.98,1422.33,0
2019-07-11 07:00:00,1422.32,1422.61,1419.41,1421.21,0
2019-07-11 08:00:00,1421.2,1422.95,1420.18,1422.27,0
2019-07-11 09:00:00,1422.28,1423.95,1421.37,1423.49,0
2019-07-11 10:00:00,1423.52,1423.95,1422.13,1422.22,0
2019-07-11 11:00:00,1422.22,1422.25,1420.67,1420.9,0
2019-07-11 12:00:00,1420.88,1421.92,1417.87,1420.23,0
2019-07-11 13:00:00,1420.23,1420.83,1411.82,1415.41,0
2019-07-11 14:00:00,1415.4,1417.59,1413.09,1414.27,0
2019-07-11 15:00:00,1414.26,1415.77,1408.61,1409.31,0
2019-07-11 16:00:00,1409.22,1412.95,1408.9,1412.06,0
2019-07-11 17:00:00,1412.07,1412.86,1408.97,1410.77,0
2019-07-11 18:00:00,1410.78,1411.41,1403.61,1405.6,0
2019-07-11 19:00:00,1405.61,1408.8,1404.99,1407.79,0
2019-07-11 20:00:00,1407.76,1408.4,1406.77,1406.85,0
2019-07-11 21:00:00,1406.84,1407.28,1400.78,1403.5,0
2019-07-11 23:00:00,1404.37,1406.46,1403.9,1404.71,0
2019-07-12 00:00:00,1404.71,1405.68,1403.67,1404.03,0
2019-07-12 01:00:00,1404.03,1407.39,1403.66,1406.83,0
2019-07-12 02:00:00,1406.83,1410.07,1406.73,1409.37,0
2019-07-12 03:00:00,1409.35,1409.66,1408.23,1409.16,0
2019-07-12 04:00:00,1409.17,1409.84,1407.18,1407.85,0
2019-07-12 05:00:00,1407.85,1408.32,1407.43,1407.65,0
2019-07-12 06:00:00,1407.65,1407.92,1405.02,1405.61,0
2019-07-12 07:00:00,1405.61,1409.14,1405.32,1408.7,0
2019-07-12 08:00:00,1408.7,1412.42,1408.23,1410.06,0
2019-07-12 09:00:00,1410.07,1411.58,1408.88,1409.06,0
2019-07-12 10:00:00,1409.06,1409.11,1404.2,1406.02,0
2019-07-12 11:00:00,1406.04,1408.23,1405.95,1407.81,0
2019-07-12 12:00:00,1407.82,1410.44,1407.37,1407.68,0
2019-07-12 13:00:00,1407.68,1407.95,1403.0,1406.06,0
2019-07-12 14:00:00,1406.03,1410.26,1404.58,1408.09,0
2019-07-12 15:00:00,1408.09,1408.9,1404.88,1408.42,0
2019-07-12 16:00:00,1408.42,1409.85,1407.24,1408.18,0
2019-07-12 17:00:00,1408.15,1411.5,1408.09,1411.35,0
2019-07-12 18:00:00,1411.35,1413.82,1410.24,1412.76,0
2019-07-12 19:00:00,1412.78,1416.92,1412.64,1416.68,0
2019-07-12 20:00:00,1416.69,1416.77,1414.5,1414.96,0
2019-07-12 21:00:00,1414.95,1416.22,1414.06,1415.25,0
2019-07-14 23:00:00,1415.36,1419.75,1414.65,1417.41,0
2019-07-15 00:00:00,1417.4,1417.53,1412.71,1416.27,0
2019-07-15 01:00:00,1416.27,1417.35,1414.19,1415.55,0
2019-07-15 02:00:00,1415.56,1415.73,1411.11,1412.5,0
2019-07-15 03:00:00,1412.51,1412.97,1409.47,1410.52,0
2019-07-15 04:00:00,1410.51,1412.27,1410.29,1412.01,0
2019-07-15 05:00:00,1412.01,1412.4,1410.67,1411.53,0
2019-07-15 06:00:00,1411.52,1413.19,1410.15,1412.98,0
2019-07-15 07:00:00,1412.96,1414.81,1412.38,1413.92,0
2019-07-15 08:00:00,1413.94,1415.12,1412.58,1414.81,0
2019-07-15 09:00:00,1414.81,1417.03,1414.69,1416.46,0
2019-07-15 10:00:00,1416.47,1417.11,1415.87,1416.16,0
2019-07-15 11:00:00,1416.17,1416.63,1414.87,1415.45,0
2019-07-15 12:00:00,1415.45,1416.47,1413.72,1414.07,0
2019-07-15 13:00:00,1414.11,1415.44,1410.61,1412.21,0
2019-07-15 14:00:00,1412.21,1414.78,1410.43,1413.76,0
2019-07-15 15:00:00,1413.76,1413.86,1407.77,1410.54,0
2019-07-15 16:00:00,1410.54,1413.13,1410.09,1412.26,0
2019-07-15 17:00:00,1412.25,1413.77,1410.98,1413.01,0
2019-07-15 18:00:00,1413.01,1413.01,1411.27,1412.45,0
2019-07-15 19:00:00,1412.44,1413.01,1410.6,1412.83,0
2019-07-15 20:00:00,1412.82,1415.27,1412.8,1415.15,0
2019-07-15 21:00:00,1415.17,1416.92,1413.34,1413.77,0
2019-07-15 23:00:00,1414.44,1418.27,1414.24,1416.42,0
2019-07-16 00:00:00,1416.41,1416.57,1414.89,1415.5,0
2019-07-16 01:00:00,1415.5,1416.23,1414.19,1414.37,0
2019-07-16 02:00:00,1414.37,1414.4,1411.13,1413.3,0
2019-07-16 03:00:00,1413.28,1413.81,1412.59,1413.38,0
2019-07-16 04:00:00,1413.38,1413.81,1412.9,1413.26,0
2019-07-16 05:00:00,1413.26,1414.4,1413.26,1414.16,0
2019-07-16 06:00:00,1414.16,1415.69,1414.13,1414.67,0
2019-07-16 07:00:00,1414.68,1415.22,1412.17,1413.35,0
2019-07-16 08:00:00,1413.38,1415.03,1413.15,1413.78,0
2019-07-16 09:00:00,1413.79,1414.44,1412.7,1414.3,0
2019-07-16 10:00:00,1414.3,1416.33,1414.3,1415.34,0
2019-07-16 11:00:00,1415.35,1415.45,1413.2,1413.86,0
2019-07-16 12:00:00,1413.85,1415.04,1413.47,1414.19,0
2019-07-16 13:00:00,1414.18,1415.15,1407.69,1410.83,0
2019-07-16 14:00:00,1410.85,1413.03,1407.24,1409.97,0
2019-07-16 15:00:00,1409.99,1412.3,1409.11,1410.21,0
2019-07-16 16:00:00,1410.21,1410.57,1404.23,1404.46,0
2019-07-16 17:00:00,1404.48,1409.28,1402.74,1409.15,0
2019-07-16 18:00:00,1409.15,1413.22,1406.52,1407.68,0
2019-07-16 19:00:00,1407.74,1407.87,1401.0,1403.65,0
2019-07-16 20:00:00,1403.65,1404.35,1402.73,1403.41,0
2019-07-16 21:00:00,1403.41,1406.96,1403.29,1405.75,0
2019-07-16 23:00:00,1406.21,1407.36,1404.99,1405.11,0
2019-07-17 00:00:00,1405.1,1405.57,1404.59,1405.22,0
2019-07-17 01:00:00,1405.23,1405.48,1403.44,1404.99,0
2019-07-17 02:00:00,1405.0,1406.88,1404.96,1406.03,0
2019-07-17 03:00:00,1406.03,1406.96,1404.67,1405.06,0
2019-07-17 04:00:00,1405.06,1405.39,1404.34,1404.87,0
2019-07-17 05:00:00,1404.87,1405.51,1404.78,1405.16,0
2019-07-17 06:00:00,1405.16,1405.33,1403.96,1404.26,0
2019-07-17 07:00:00,1404.27,1405.97,1403.59,1405.48,0
2019-07-17 08:00:00,1405.45,1406.37,1403.5,1404.08,0
2019-07-17 09:00:00,1404.08,1404.27,1401.44,1402.77,0
2019-07-17 10:00:00,1402.75,1402.86,1400.14,1401.29,0
2019-07-17 11:00:00,1401.29,1403.86,1400.96,1403.64,0
2019-07-17 12:00:00,1403.64,1404.9,1402.04,1404.72,0
2019-07-17 13:00:00,1404.72,1408.4,1404.12,1406.09,0
2019-07-17 14:00:00,1406.04,1412.55,1405.75,1411.79,0
2019-07-17 15:00:00,1411.79,1419.26,1409.92,1418.24,0
2019-07-17 16:00:00,1418.22,1424.18,1418.09,1423.68,0
2019-07-17 17:00:00,1423.68,1424.38,1420.85,1422.26,0
2019-07-17 18:00:00,1422.27,1423.95,1421.11,1423.94,0
2019-07-17 19:00:00,1423.94,1425.59,1421.72,1422.26,0
2019-07-17 20:00:00,1422.27,1426.42,1422.25,1426.42,0
2019-07-17 21:00:00,1426.42,1426.79,1425.31,1426.39,0
2019-07-17 23:00:00,1426.45,1430.13,1425.83,1426.48,0
2019-07-18 00:00:00,1426.47,1426.88,1424.18,1424.69,0
2019-07-18 01:00:00,1424.71,1428.12,1424.05,1427.79,0
2019-07-18 02:00:00,1427.81,1428.24,1422.57,1423.11,0
2019-07-18 03:00:00,1423.1,1423.89,1421.64,1422.92,0
2019-07-18 04:00:00,1422.92,1423.16,1421.79,1422.73,0
2019-07-18 05:00:00,1422.72,1423.45,1422.38,1423.16,0
2019-07-18 06:00:00,1423.09,1423.1,1418.89,1422.59,0
2019-07-18 07:00:00,1422.6,1423.93,1419.17,1419.99,0
2019-07-18 08:00:00,1419.86,1422.19,1419.75,1420.14,0
2019-07-18 09:00:00,1420.14,1422.21,1419.66,1421.9,0
2019-07-18 10:00:00,1421.9,1422.45,1420.84,1421.4,0
2019-07-18 11:00:00,1421.4,1421.63,1418.01,1419.08,0
2019-07-18 12:00:00,1419.08,1423.22,1417.9,1421.5,0
2019-07-18 13:00:00,1421.52,1422.1,1414.6,1417.52,0
2019-07-18 14:00:00,1417.46,1419.73,1416.21,1418.23,0
2019-07-18 15:00:00,1418.23,1423.86,1417.99,1422.33,0
2019-07-18 16:00:00,1422.33,1428.87,1421.63,1428.76,0
2019-07-18 17:00:00,1428.75,1429.46,1425.79,1426.35,0
2019-07-18 18:00:00,1426.35,1430.27,1425.71,1429.82,0
2019-07-18 19:00:00,1429.84,1437.8,1429.8,1437.7,0
2019-07-18 20:00:00,1437.71,1448.13,1437.12,1445.87,0
2019-07-18 21:00:00,1445.86,1446.78,1444.65,1445.76,0
2019-07-18 23:00:00,1446.69,1452.98,1438.67,1442.22,0
2019-07-19 00:00:00,1442.22,1446.62,1442.21,1442.96,0
2019-07-19 01:00:00,1442.97,1444.0,1441.12,1441.62,0
2019-07-19 02:00:00,1441.62,1444.6,1439.53,1443.59,0
2019-07-19 03:00:00,1443.6,1445.31,1442.75,1443.37,0
2019-07-19 04:00:00,1443.38,1443.85,1442.08,1443.04,0
2019-07-19 05:00:00,1443.04,1443.19,1441.78,1442.16,0
2019-07-19 06:00:00,1442.15,1443.88,1439.78,1441.22,0
2019-07-19 07:00:00,1441.22,1442.32,1436.57,1438.87,0
2019-07-19 08:00:00,1438.83,1440.16,1438.04,1439.47,0
2019-07-19 09:00:00,1439.47,1440.59,1438.93,1439.69,0
2019-07-19 10:00:00,1439.69,1440.82,1436.44,1439.74,0
2019-07-19 11:00:00,1439.8,1440.87,1437.5,1438.39,0
2019-07-19 12:00:00,1438.3,1438.83,1435.17,1437.57,0
2019-07-19 13:00:00,1437.54,1438.75,1434.16,1435.0,0
2019-07-19 14:00:00,1434.98,1441.85,1433.73,1441.01,0
2019-07-19 15:00:00,1440.9,1441.78,1426.19,1427.95,0
2019-07-19 16:00:00,1427.95,1431.0,1423.17,1424.01,0
2019-07-19 17:00:00,1423.96,1428.29,1423.47,1426.04,0
2019-07-19 18:00:00,1426.0,1426.68,1423.93,1425.53,0
2019-07-19 19:00:00,1425.54,1429.05,1420.23,1423.18,0
2019-07-19 20:00:00,1423.24,1426.42,1423.05,1425.52,0
2019-07-19 21:00:00,1425.53,1426.27,1424.37,1425.01,0
2019-07-21 23:00:00,1427.54,1428.37,1423.93,1424.82,0
2019-07-22 00:00:00,1424.82,1426.28,1423.65,1425.16,0
2019-07-22 01:00:00,1425.15,1426.89,1424.3,1424.64,0
2019-07-22 02:00:00,1424.65,1426.43,1422.28,1426.09,0
2019-07-22 03:00:00,1426.1,1428.84,1425.77,1427.75,0
2019-07-22 04:00:00,1427.75,1428.25,1426.34,1427.04,0
2019-07-22 05:00:00,1427.05,1427.69,1426.82,1427.59,0
2019-07-22 06:00:00,1427.6,1430.02,1427.03,1428.13,0
2019-07-22 07:00:00,1428.1,1428.19,1424.22,1426.71,0
2019-07-22 08:00:00,1426.71,1428.39,1425.73,1427.73,0
2019-07-22 09:00:00,1427.73,1428.12,1425.68,1425.78,0
2019-07-22 10:00:00,1425.77,1426.67,1424.6,1424.95,0
2019-07-22 11:00:00,1424.96,1427.65,1424.63,1426.86,0
2019-07-22 12:00:00,1426.86,1427.1,1425.06,1425.31,0
2019-07-22 13:00:00,1425.39,1427.94,1424.87,1426.44,0
2019-07-22 14:00:00,1426.41,1429.13,1424.85,1428.58,0
2019-07-22 15:00:00,1428.68,1428.83,1424.33,1427.2,0
2019-07-22 16:00:00,1427.2,1427.86,1425.91,1426.58,0
2019-07-22 17:00:00,1426.58,1426.85,1425.25,1425.85,0
2019-07-22 18:00:00,1425.85,1428.9,1425.44,1428.35,0
2019-07-22 19:00:00,1428.37,1428.58,1427.22,1428.21,0
2019-07-22 20:00:00,1428.2,1428.32,1423.69,1425.18,0
2019-07-22 21:00:00,1425.18,1425.42,1424.18,1424.67,0
2019-07-22 23:00:00,1425.33,1425.68,1423.95,1424.33,0
2019-07-23 00:00:00,1424.32,1424.45,1423.53,1423.76,0
2019-07-23 01:00:00,1423.77,1424.42,1420.97,1420.99,0
2019-07-23 02:00:00,1420.43,1420.43,1415.95,1419.11,0
2019-07-23 03:00:00,1419.03,1419.93,1417.88,1418.22,0
2019-07-23 04:00:00,1418.22,1418.73,1417.31,1417.78,0
2019-07-23 05:00:00,1417.78,1418.15,1416.23,1416.72,0
2019-07-23 06:00:00,1416.77,1417.07,1414.27,1415.79,0
2019-07-23 07:00:00,1415.79,1418.34,1415.59,1417.91,0
2019-07-23 08:00:00,1417.92,1420.2,1416.9,1419.96,0
2019-07-23 09:00:00,1419.96,1420.0,1417.11,1417.88,0
2019-07-23 10:00:00,1417.88,1418.91,1417.4,1418.37,0
2019-07-23 11:00:00,1418.37,1420.09,1418.18,1419.34,0
2019-07-23 12:00:00,1419.35,1424.96,1419.03,1422.47,0
2019-07-23 13:00:00,1422.45,1427.16,1422.43,1426.62,0
2019-07-23 14:00:00,1426.61,1427.06,1422.78,1425.93,0
2019-07-23 15:00:00,1425.93,1430.19,1423.26,1424.12,0
2019-07-23 16:00:00,1424.12,1425.53,1419.89,1422.9,0
2019-07-23 17:00:00,1422.91,1423.52,1417.83,1419.53,0
2019-07-23 18:00:00,1419.52,1422.8,1419.05,1419.19,0
2019-07-23 19:00:00,1419.18,1420.11,1417.94,1419.03,0
2019-07-23 20:00:00,1419.03,1419.3,1416.13,1417.27,0
2019-07-23 21:00:00,1417.18,1418.07,1416.12,1417.45,0
2019-07-23 23:00:00,1418.0,1418.51,1416.35,1416.92,0
2019-07-24 00:00:00,1416.9,1417.5,1416.52,1417.07,0
2019-07-24 01:00:00,1417.1,1419.57,1416.59,1419.21,0
2019-07-24 02:00:00,1419.21,1420.88,1419.08,1419.92,0
2019-07-24 03:00:00,1419.92,1422.46,1419.45,1421.74,0
2019-07-24 04:00:00,1421.73,1422.03,1420.36,1420.66,0
2019-07-24 05:00:00,1420.67,1421.07,1419.95,1420.12,0
2019-07-24 06:00:00,1420.12,1420.89,1418.31,1420.79,0
2019-07-24 07:00:00,1420.78,1422.76,1419.79,1421.81,0
2019-07-24 08:00:00,1421.82,1424.64,1420.76,1423.68,0
2019-07-24 09:00:00,1423.68,1426.04,1423.17,1425.28,0
2019-07-24 10:00:00,1425.29,1426.93,1424.72,1426.52,0
2019-07-24 11:00:00,1426.53,1426.77,1425.04,1426.4,0
2019-07-24 12:00:00,1426.4,1427.77,1425.18,1425.99,0
2019-07-24 13:00:00,1425.97,1428.58,1424.76,1424.94,0
2019-07-24 14:00:00,1424.94,1429.37,1424.38,1427.18,0
2019-07-24 15:00:00,1427.18,1429.52,1422.49,1423.65,0
2019-07-24 16:00:00,1423.65,1424.83,1421.46,1422.26,0
2019-07-24 17:00:00,1422.26,1423.2,1420.99,1422.42,0
2019-07-24 18:00:00,1422.44,1424.52,1420.56,1423.19,0
2019-07-24 19:00:00,1423.21,1423.88,1421.45,1423.25,0
2019-07-24 20:00:00,1423.27,1424.53,1423.09,1424.49,0
2019-07-24 21:00:00,1424.47,1425.87,1424.41,1425.15,0
2019-07-24 23:00:00,1426.27,1426.67,1424.92,1426.16,0
2019-07-25 00:00:00,1426.15,1426.22,1424.58,1425.34,0
2019-07-25 01:00:00,1425.34,1425.8,1422.49,1423.81,0
2019-07-25 02:00:00,1423.81,1424.27,1421.79,1423.56,0
2019-07-25 03:00:00,1423.56,1423.94,1422.58,1422.76,0
2019-07-25 04:00:00,1422.77,1423.01,1421.76,1422.34,0
2019-07-25 05:00:00,1422.34,1422.74,1422.03,1422.34,0
2019-07-25 06:00:00,1422.35,1423.59,1421.76,1423.2,0
2019-07-25 07:00:00,1423.2,1425.32,1422.47,1425.31,0
2019-07-25 08:00:00,1425.31,1426.3,1424.17,1425.61,0
2019-07-25 09:00:00,1425.61,1427.18,1425.12,1426.82,0
2019-07-25 10:00:00,1426.82,1427.77,1425.9,1426.26,0
2019-07-25 11:00:00,1426.26,1427.65,1425.97,1426.37,0
2019-07-25 12:00:00,1426.36,1433.83,1426.14,1431.57,0
2019-07-25 13:00:00,1431.55,1433.52,1423.08,1424.55,0
2019-07-25 14:00:00,1424.55,1426.18,1415.26,1416.86,0
2019-07-25 15:00:00,1416.93,1422.69,1415.8,1418.13,0
2019-07-25 16:00:00,1418.07,1419.97,1417.43,1418.06,0
2019-07-25 17:00:00,1418.06,1418.7,1412.02,1412.16,0
2019-07-25 18:00:00,1412.14,1416.07,1411.05,1415.82,0
2019-07-25 19:00:00,1415.84,1417.64,1413.79,1414.17,0
2019-07-25 20:00:00,1414.17,1415.29,1413.57,1414.12,0
2019-07-25 21:00:00,1414.17,1414.85,1413.93,1414.25,0
2019-07-25 23:00:00,1414.97,1416.47,1413.59,1416.0,0
2019-07-26 00:00:00,1416.01,1416.01,1414.85,1415.09,0
2019-07-26 01:00:00,1415.11,1417.19,1413.83,1416.48,0
2019-07-26 02:00:00,1416.48,1417.89,1415.32,1417.0,0
2019-07-26 03:00:00,1417.0,1417.79,1416.28,1417.22,0
2019-07-26 04:00:00,1417.22,1417.53,1415.92,1416.4,0
2019-07-26 05:00:00,1416.44,1416.94,1415.58,1415.82,0
2019-07-26 06:00:00,1415.84,1416.11,1414.05,1414.78,0
2019-07-26 07:00:00,1414.76,1418.71,1413.95,1418.6,0
2019-07-26 08:00:00,1418.6,1419.93,1417.57,1419.49,0
2019-07-26 09:00:00,1419.49,1419.56,1417.38,1417.76,0
2019-07-26 10:00:00,1417.76,1419.0,1417.56,1418.72,0
2019-07-26 11:00:00,1418.72,1419.22,1418.03,1418.9,0
2019-07-26 12:00:00,1418.9,1420.86,1418.49,1420.32,0
2019-07-26 13:00:00,1420.32,1421.34,1413.53,1419.89,0
2019-07-26 14:00:00,1419.99,1424.84,1419.22,1421.18,0
2019-07-26 15:00:00,1421.18,1423.05,1417.1,1420.36,0
2019-07-26 16:00:00,1420.34,1421.47,1417.44,1418.8,0
2019-07-26 17:00:00,1418.78,1419.77,1417.81,1418.62,0
2019-07-26 18:00:00,1418.62,1419.77,1417.93,1419.15,0
2019-07-26 19:00:00,1419.14,1420.1,1418.77,1418.84,0
2019-07-26 20:00:00,1418.84,1419.1,1416.57,1416.75,0
2019-07-26 21:00:00,1416.73,1418.85,1416.32,1418.27,0
2019-07-28 23:00:00,1418.55,1420.97,1418.44,1419.64,0
2019-07-29 00:00:00,1419.64,1420.64,1419.36,1420.16,0
2019-07-29 01:00:00,1420.17,1421.57,1418.93,1421.31,0
2019-07-29 02:00:00,1421.31,1424.37,1421.14,1422.89,0
2019-07-29 03:00:00,1422.88,1422.98,1421.81,1421.86,0
2019-07-29 04:00:00,1421.88,1422.18,1420.43,1420.61,0
2019-07-29 05:00:00,1420.61,1420.82,1419.78,1420.08,0
2019-07-29 06:00:00,1420.08,1420.66,1418.63,1420.1,0
2019-07-29 07:00:00,1420.09,1420.09,1417.52,1418.73,0
2019-07-29 08:00:00,1418.73,1419.6,1417.77,1418.44,0
2019-07-29 09:00:00,1418.45,1419.3,1417.77,1418.71,0
2019-07-29 10:00:00,1418.75,1419.55,1418.36,1418.76,0
2019-07-29 11:00:00,1418.78,1420.19,1418.44,1419.53,0
2019-07-29 12:00:00,1419.53,1420.9,1419.25,1420.59,0
2019-07-29 13:00:00,1420.59,1421.33,1419.68,1419.77,0
2019-07-29 14:00:00,1419.8,1422.26,1414.81,1419.53,0
2019-07-29 15:00:00,1419.53,1422.25,1419.03,1420.57,0
2019-07-29 16:00:00,1420.58,1421.42,1418.7,1420.88,0
2019-07-29 17:00:00,1420.88,1421.55,1420.03,1420.64,0
2019-07-29 18:00:00,1420.64,1422.01,1419.83,1421.27,0
2019-07-29 19:00:00,1421.27,1425.42,1421.2,1424.53,0
2019-07-29 20:00:00,1424.53,1428.14,1424.41,1425.92,0
2019-07-29 21:00:00,1425.9,1427.48,1425.62,1426.72,0
2019-07-29 23:00:00,1426.61,1426.94,1424.53,1424.64,0
2019-07-30 00:00:00,1424.64,1425.25,1424.17,1424.59,0
2019-07-30 01:00:00,1424.57,1425.98,1423.84,1425.22,0
2019-07-30 02:00:00,1425.19,1425.2,1422.32,1423.47,0
2019-07-30 03:00:00,1423.49,1424.1,1423.27,1423.61,0
2019-07-30 04:00:00,1423.57,1425.23,1423.16,1424.99,0
2019-07-30 05:00:00,1424.99,1425.43,1424.37,1425.15,0
2019-07-30 06:00:00,1425.16,1425.35,1422.77,1423.01,0
2019-07-30 07:00:00,1423.01,1426.1,1422.87,1425.49,0
2019-07-30 08:00:00,1425.49,1426.25,1424.7,1425.77,0
2019-07-30 09:00:00,1425.77,1426.97,1425.01,1426.79,0
2019-07-30 10:00:00,1426.79,1429.22,1426.24,1428.35,0
2019-07-30 11:00:00,1428.35,1429.16,1426.66,1426.7,0
2019-07-30 12:00:00,1426.71,1429.86,1426.65,1429.19,0
2019-07-30 13:00:00,1429.18,1431.08,1425.57,1427.36,0
2019-07-30 14:00:00,1427.38,1430.06,1426.67,1427.78,0
2019-07-30 15:00:00,1427.78,1428.82,1424.91,1428.5,0
2019-07-30 16:00:00,1428.5,1429.52,1427.5,1427.89,0
2019-07-30 17:00:00,1427.86,1429.18,1427.6,1429.02,0
2019-07-30 18:00:00,1429.02,1430.73,1428.63,1430.6,0
2019-07-30 19:00:00,1430.6,1433.26,1430.29,1431.69,0
2019-07-30 20:00:00,1431.67,1431.88,1430.91,1431.13,0
2019-07-30 21:00:00,1431.09,1431.11,1430.52,1430.66,0
2019-07-30 23:00:00,1431.09,1431.89,1430.64,1430.73,0
2019-07-31 00:00:00,1430.73,1431.27,1430.65,1430.84,0
2019-07-31 01:00:00,1430.84,1431.98,1430.66,1430.7,0
2019-07-31 02:00:00,1430.7,1431.0,1427.96,1428.0,0
2019-07-31 03:00:00,1428.02,1428.71,1427.68,1428.37,0
2019-07-31 04:00:00,1428.35,1428.97,1427.84,1428.22,0
2019-07-31 05:00:00,1428.22,1429.23,1427.84,1429.06,0
2019-07-31 06:00:00,1429.06,1431.35,1428.88,1430.67,0
2019-07-31 07:00:00,1430.67,1432.89,1430.56,1431.92,0
2019-07-31 08:00:00,1431.89,1432.42,1429.88,1430.61,0
2019-07-31 09:00:00,1430.59,1431.01,1430.05,1430.58,0
2019-07-31 10:00:00,1430.56,1431.59,1430.15,1430.99,0
2019-07-31 11:00:00,1430.97,1431.76,1430.89,1431.37,0
2019-07-31 12:00:00,1431.37,1432.17,1430.68,1431.05,0
2019-07-31 13:00:00,1431.04,1432.18,1429.03,1432.08,0
2019-07-31 14:00:00,1432.09,1434.21,1427.95,1428.26,0
2019-07-31 15:00:00,1428.27,1429.41,1426.67,1427.42,0
2019-07-31 16:00:00,1427.58,1428.68,1427.38,1428.08,0
2019-07-31 17:00:00,1428.09,1428.23,1422.15,1424.63,0
2019-07-31 18:00:00,1424.67,1428.58,1423.74,1428.07,0
2019-07-31 19:00:00,1428.07,1430.87,1410.56,1418.08,0
2019-07-31 20:00:00,1418.12,1422.44,1411.97,1412.46,0
2019-07-31 21:00:00,1412.48,1414.63,1411.41,1411.66,0
2019-07-31 23:00:00,1413.35,1416.56,1409.05,1414.9,0
2019-08-01 00:00:00,1414.9,1414.9,1410.62,1412.27,0
2019-08-01 01:00:00,1412.27,1412.29,1405.81,1407.39,0
2019-08-01 02:00:00,1407.42,1410.86,1404.34,1409.56,0
2019-08-01 03:00:00,1409.56,1410.65,1408.91,1410.39,0
2019-08-01 04:00:00,1410.39,1410.93,1409.81,1410.19,0
2019-08-01 05:00:00,1410.19,1410.73,1408.77,1409.67,0
2019-08-01 06:00:00,1409.68,1409.82,1407.49,1407.58,0
2019-08-01 07:00:00,1407.6,1407.82,1405.6,1406.07,0
2019-08-01 08:00:00,1406.07,1408.22,1404.29,1404.53,0
2019-08-01 09:00:00,1404.53,1405.99,1402.87,1404.94,0
2019-08-01 10:00:00,1404.94,1408.01,1404.84,1407.47,0
2019-08-01 11:00:00,1407.47,1408.31,1406.54,1407.32,0
2019-08-01 12:00:00,1407.32,1407.32,1403.63,1403.81,0
2019-08-01 13:00:00,1403.83,1407.86,1401.65,1406.29,0
2019-08-01 14:00:00,1406.29,1406.71,1400.56,1405.07,0
2019-08-01 15:00:00,1405.07,1414.75,1405.07,1413.91,0
2019-08-01 16:00:00,1413.99,1417.84,1413.5,1415.28,0
2019-08-01 17:00:00,1415.28,1420.16,1413.96,1419.06,0
2019-08-01 18:00:00,1419.01,1439.56,1417.11,1438.48,0
2019-08-01 19:00:00,1438.52,1440.93,1434.91,1439.27,0
2019-08-01 20:00:00,1439.31,1446.08,1438.16,1445.77,0
2019-08-01 21:00:00,1445.84,1445.84,1441.33,1444.54,0
2019-08-01 23:00:00,1445.22,1449.11,1437.29,1438.33,0
2019-08-02 00:00:00,1438.42,1441.64,1435.47,1438.16,0
2019-08-02 01:00:00,1438.15,1442.33,1437.59,1441.88,0
2019-08-02 02:00:00,1441.89,1441.91,1431.21,1432.5,0
2019-08-02 03:00:00,1432.46,1433.56,1430.91,1432.45,0
2019-08-02 04:00:00,1432.47,1432.65,1430.32,1431.04,0
2019-08-02 05:00:00,1431.04,1433.07,1431.03,1432.4,0
2019-08-02 06:00:00,1432.39,1434.6,1431.91,1433.61,0
2019-08-02 07:00:00,1433.6,1435.61,1431.58,1433.48,0
2019-08-02 08:00:00,1433.46,1440.18,1433.44,1439.2,0
2019-08-02 09:00:00,1439.19,1439.38,1435.05,1436.52,0
2019-08-02 10:00:00,1436.52,1438.57,1435.65,1436.95,0
2019-08-02 11:00:00,1436.96,1438.08,1435.71,1436.77,0
2019-08-02 12:00:00,1436.77,1438.39,1435.79,1438.03,0
2019-08-02 13:00:00,1438.02,1441.87,1432.0,1434.34,0
2019-08-02 14:00:00,1434.35,1441.61,1430.94,1440.63,0
2019-08-02 15:00:00,1440.63,1447.8,1438.2,1446.8,0
2019-08-02 16:00:00,1446.77,1446.88,1441.91,1446.7,0
2019-08-02 17:00:00,1446.71,1447.97,1444.88,1446.98,0
2019-08-02 18:00:00,1446.98,1447.99,1442.6,1442.98,0
2019-08-02 19:00:00,1442.97,1443.96,1441.02,1442.49,0
2019-08-02 20:00:00,1442.52,1443.32,1439.89,1441.01,0
2019-08-02 21:00:00,1441.01,1441.65,1439.44,1440.76,0
2019-08-04 23:00:00,1440.75,1442.49,1436.8,1437.9,0
2019-08-05 00:00:00,1437.9,1440.21,1437.9,1439.67,0
2019-08-05 01:00:00,1439.67,1444.48,1438.77,1443.4,0
2019-08-05 02:00:00,1443.39,1451.87,1439.33,1449.12,0
2019-08-05 03:00:00,1449.12,1452.8,1445.75,1451.06,0
2019-08-05 04:00:00,1451.03,1456.11,1450.77,1452.25,0
2019-08-05 05:00:00,1452.29,1454.41,1451.17,1453.13,0
2019-08-05 06:00:00,1453.12,1454.02,1450.79,1452.88,0
2019-08-05 07:00:00,1452.88,1459.87,1452.47,1458.48,0
2019-08-05 08:00:00,1458.48,1458.69,1455.84,1456.44,0
2019-08-05 09:00:00,1456.41,1458.84,1455.49,1457.35,0
2019-08-05 10:00:00,1457.32,1459.07,1455.94,1456.8,0
2019-08-05 11:00:00,1456.8,1461.88,1456.33,1458.39,0
2019-08-05 12:00:00,1458.38,1461.26,1457.82,1459.94,0
2019-08-05 13:00:00,1459.96,1463.63,1458.96,1462.72,0
2019-08-05 14:00:00,1462.72,1466.06,1461.42,1464.46,0
2019-08-05 15:00:00,1464.46,1469.71,1464.17,1466.23,0
2019-08-05 16:00:00,1466.26,1466.63,1452.96,1463.37,0
2019-08-05 17:00:00,1463.37,1466.67,1462.47,1465.86,0
2019-08-05 18:00:00,1465.84,1466.12,1462.4,1464.54,0
2019-08-05 19:00:00,1464.53,1468.28,1464.08,1467.42,0
2019-08-05 20:00:00,1467.42,1469.77,1459.8,1461.09,0
2019-08-05 21:00:00,1461.06,1464.73,1460.33,1463.94,0
2019-08-05 23:00:00,1468.64,1474.13,1466.39,1474.07,0
2019-08-06 00:00:00,1474.08,1474.79,1471.67,1474.0,0
2019-08-06 01:00:00,1474.0,1474.93,1469.4,1470.21,0
2019-08-06 02:00:00,1470.23,1470.27,1460.15,1463.06,0
2019-08-06 03:00:00,1463.09,1468.0,1462.85,1467.0,0
2019-08-06 04:00:00,1466.99,1467.6,1460.42,1461.01,0
2019-08-06 05:00:00,1461.0,1463.76,1456.45,1463.06,0
2019-08-06 06:00:00,1463.06,1463.69,1459.51,1461.44,0
2019-08-06 07:00:00,1461.44,1465.28,1460.96,1461.78,0
2019-08-06 08:00:00,1461.78,1464.4,1458.48,1461.36,0
2019-08-06 09:00:00,1461.36,1462.8,1460.23,1462.3,0
2019-08-06 10:00:00,1462.3,1463.74,1461.01,1463.12,0
2019-08-06 11:00:00,1463.13,1465.75,1463.09,1465.23,0
2019-08-06 12:00:00,1465.23,1467.34,1462.12,1463.41,0
2019-08-06 13:00:00,1463.37,1467.09,1462.87,1465.77,0
2019-08-06 14:00:00,1465.8,1468.16,1463.19,1466.0,0
2019-08-06 15:00:00,1466.0,1472.37,1464.44,1471.55,0
2019-08-06 16:00:00,1471.57,1473.84,1468.49,1469.53,0
2019-08-06 17:00:00,1469.53,1471.82,1468.64,1471.51,0
2019-08-06 18:00:00,1471.51,1473.59,1471.08,1471.66,0
2019-08-06 19:00:00,1471.68,1472.81,1468.3,1470.76,0
2019-08-06 20:00:00,1470.84,1473.46,1469.94,1472.55,0
2019-08-06 21:00:00,1472.55,1474.42,1472.41,1474.17,0
2019-08-06 23:00:00,1474.43,1476.67,1472.87,1473.4,0
2019-08-07 00:00:00,1473.38,1477.31,1472.22,1476.84,0
2019-08-07 01:00:00,1476.82,1479.8,1475.8,1477.7,0
2019-08-07 02:00:00,1477.7,1490.22,1474.5,1484.45,0
2019-08-07 03:00:00,1484.5,1487.98,1483.31,1484.75,0
2019-08-07 04:00:00,1484.77,1487.46,1484.67,1486.25,0
2019-08-07 05:00:00,1486.24,1486.36,1484.18,1484.86,0
2019-08-07 06:00:00,1484.86,1486.17,1481.27,1486.05,0
2019-08-07 07:00:00,1486.04,1491.32,1484.73,1485.48,0
2019-08-07 08:00:00,1485.46,1490.99,1485.41,1485.47,0
2019-08-07 09:00:00,1485.48,1487.95,1485.07,1486.95,0
2019-08-07 10:00:00,1486.9,1488.81,1486.02,1487.13,0
2019-08-07 11:00:00,1487.15,1489.85,1486.95,1489.49,0
2019-08-07 12:00:00,1489.46,1495.53,1488.71,1494.99,0
2019-08-07 13:00:00,1494.98,1499.4,1491.6,1497.4,0
2019-08-07 14:00:00,1497.41,1509.36,1494.82,1508.08,0
2019-08-07 15:00:00,1508.07,1510.41,1496.77,1501.38,0
2019-08-07 16:00:00,1501.4,1508.98,1500.97,1506.69,0
2019-08-07 17:00:00,1506.69,1510.11,1504.6,1505.08,0
2019-08-07 18:00:00,1505.08,1508.51,1500.54,1503.08,0
2019-08-07 19:00:00,1503.08,1508.96,1501.45,1503.57,0
2019-08-07 20:00:00,1503.49,1505.76,1493.94,1495.39,0
2019-08-07 21:00:00,1495.42,1502.05,1495.27,1501.52,0
2019-08-07 23:00:00,1500.25,1500.72,1497.28,1497.87,0
2019-08-08 00:00:00,1497.87,1502.11,1495.63,1501.73,0
2019-08-08 01:00:00,1501.75,1506.73,1501.06,1504.47,0
2019-08-08 02:00:00,1504.47,1505.82,1491.77,1494.78,0
2019-08-08 03:00:00,1494.79,1503.02,1494.75,1501.94,0
2019-08-08 04:00:00,1501.94,1502.2,1498.83,1499.48,0
2019-08-08 05:00:00,1499.48,1501.35,1499.48,1500.98,0
2019-08-08 06:00:00,1500.98,1501.82,1498.9,1501.16,0
2019-08-08 07:00:00,1501.14,1503.78,1496.12,1496.6,0
2019-08-08 08:00:00,1496.61,1499.79,1496.15,1497.48,0
2019-08-08 09:00:00,1497.48,1499.64,1495.69,1496.73,0
2019-08-08 10:00:00,1496.73,1498.62,1495.5,1495.69,0
2019-08-08 11:00:00,1495.7,1497.53,1495.34,1496.1,0
2019-08-08 12:00:00,1496.09,1501.2,1494.98,1498.56,0
2019-08-08 13:00:00,1498.56,1499.68,1492.06,1492.31,0
2019-08-08 14:00:00,1492.3,1498.42,1490.07,1495.47,0
2019-08-08 15:00:00,1495.45,1497.66,1492.72,1492.97,0
2019-08-08 16:00:00,1492.95,1498.75,1492.89,1497.59,0
2019-08-08 17:00:00,1497.59,1498.33,1494.84,1495.69,0
2019-08-08 18:00:00,1495.67,1503.07,1494.11,1501.75,0
2019-08-08 19:00:00,1501.85,1509.55,1501.64,1507.06,0
2019-08-08 20:00:00,1507.06,1507.74,1502.43,1503.11,0
2019-08-08 21:00:00,1503.1,1504.06,1500.59,1500.8,0
2019-08-08 23:00:00,1504.08,1509.19,1501.64,1502.53,0
2019-08-09 00:00:00,1502.56,1505.66,1500.54,1504.25,0
2019-08-09 01:00:00,1504.27,1506.02,1502.13,1502.85,0
2019-08-09 02:00:00,1502.85,1504.65,1499.15,1504.29,0
2019-08-09 03:00:00,1504.29,1505.15,1503.5,1504.95,0
2019-08-09 04:00:00,1504.93,1507.94,1504.83,1506.57,0
2019-08-09 05:00:00,1506.58,1507.49,1506.08,1506.39,0
2019-08-09 06:00:00,1506.39,1507.1,1504.49,1506.87,0
2019-08-09 07:00:00,1506.87,1508.12,1500.44,1503.12,0
2019-08-09 08:00:00,1503.12,1503.74,1501.48,1502.38,0
2019-08-09 09:00:00,1502.38,1503.16,1501.26,1502.47,0
2019-08-09 10:00:00,1502.47,1503.83,1501.75,1503.4,0
2019-08-09 11:00:00,1503.4,1503.99,1502.66,1503.24,0
2019-08-09 12:00:00,1503.23,1504.45,1501.26,1502.16,0
2019-08-09 13:00:00,1502.16,1502.55,1495.5,1499.65,0
2019-08-09 14:00:00,1499.63,1499.81,1494.81,1497.6,0
2019-08-09 15:00:00,1497.62,1505.02,1495.29,1501.99,0
2019-08-09 16:00:00,1502.0,1505.98,1499.49,1504.25,0
2019-08-09 17:00:00,1504.21,1504.21,1497.11,1499.95,0
2019-08-09 18:00:00,1499.95,1500.36,1495.13,1499.04,0
2019-08-09 19:00:00,1499.02,1499.73,1496.5,1497.23,0
2019-08-09 20:00:00,1497.21,1498.47,1495.86,1498.38,0
2019-08-09 21:00:00,1498.39,1498.66,1496.68,1496.98,0
2019-08-11 23:00:00,1497.63,1498.05,1494.52,1496.48,0
2019-08-12 00:00:00,1496.48,1501.54,1496.33,1500.79,0
2019-08-12 01:00:00,1500.81,1501.11,1497.59,1498.58,0
2019-08-12 02:00:00,1498.58,1498.58,1495.29,1497.38,0
2019-08-12 03:00:00,1497.38,1497.46,1495.99,1496.42,0
2019-08-12 04:00:00,1496.39,1497.24,1496.09,1496.95,0
2019-08-12 05:00:00,1496.96,1497.25,1496.43,1496.85,0
2019-08-12 06:00:00,1496.85,1497.29,1495.72,1496.65,0
2019-08-12 07:00:00,1496.66,1496.69,1489.74,1490.94,0
2019-08-12 08:00:00,1490.94,1492.85,1487.41,1489.93,0
2019-08-12 09:00:00,1489.93,1503.39,1489.93,1502.92,0
2019-08-12 10:00:00,1502.94,1505.61,1501.7,1504.59,0
2019-08-12 11:00:00,1504.59,1506.4,1503.57,1504.55,0
2019-08-12 12:00:00,1505.04,1508.5,1503.72,1506.66,0
2019-08-12 13:00:00,1506.66,1506.79,1500.76,1501.81,0
2019-08-12 14:00:00,1501.79,1506.18,1499.88,1503.76,0
2019-08-12 15:00:00,1503.76,1505.9,1501.87,1503.73,0
2019-08-12 16:00:00,1503.73,1506.75,1503.51,1505.86,0
2019-08-12 17:00:00,1506.13,1506.75,1504.67,1505.73,0
2019-08-12 18:00:00,1505.72,1506.58,1505.3,1506.35,0
2019-08-12 19:00:00,1506.33,1519.87,1505.68,1512.3,0
2019-08-12 20:00:00,1512.34,1513.63,1507.55,1511.95,0
2019-08-12 21:00:00,1512.07,1513.18,1510.83,1511.6,0
2019-08-12 23:00:00,1510.79,1512.12,1509.64,1512.05,0
2019-08-13 00:00:00,1512.04,1513.34,1511.02,1512.11,0
2019-08-13 01:00:00,1512.11,1512.5,1510.3,1510.78,0
2019-08-13 02:00:00,1510.78,1518.31,1509.64,1517.77,0
2019-08-13 03:00:00,1517.79,1518.01,1514.63,1514.94,0
2019-08-13 04:00:00,1514.92,1516.77,1514.59,1516.61,0
2019-08-13 05:00:00,1516.63,1516.64,1515.5,1516.08,0
2019-08-13 06:00:00,1516.08,1520.09,1515.53,1519.61,0
2019-08-13 07:00:00,1519.61,1524.72,1518.33,1522.43,0
2019-08-13 08:00:00,1522.43,1527.04,1521.5,1525.97,0
2019-08-13 09:00:00,1525.97,1526.38,1522.93,1523.4,0
2019-08-13 10:00:00,1523.4,1533.18,1523.36,1532.3,0
2019-08-13 11:00:00,1532.3,1535.04,1526.82,1527.51,0
2019-08-13 12:00:00,1527.51,1528.8,1525.4,1525.83,0
2019-08-13 13:00:00,1525.82,1525.83,1515.83,1520.13,0
2019-08-13 14:00:00,1520.14,1521.96,1480.1,1485.27,0
2019-08-13 15:00:00,1486.43,1505.04,1485.74,1504.63,0
2019-08-13 16:00:00,1504.64,1507.02,1498.27,1502.04,0
2019-08-13 17:00:00,1502.04,1503.63,1500.47,1502.2,0
2019-08-13 18:00:00,1502.19,1505.75,1496.43,1501.53,0
2019-08-13 19:00:00,1501.55,1502.04,1497.98,1501.33,0
2019-08-13 20:00:00,1501.3,1504.49,1501.16,1502.81,0
2019-08-13 21:00:00,1502.94,1503.51,1499.25,1501.29,0
2019-08-13 23:00:00,1501.74,1502.45,1500.06,1501.61,0
2019-08-14 00:00:00,1501.6,1502.91,1500.39,1500.89,0
2019-08-14 01:00:00,1500.89,1503.12,1500.58,1502.86,0
2019-08-14 02:00:00,1502.9,1503.99,1494.2,1495.48,0
2019-08-14 03:00:00,1495.49,1502.89,1495.49,1501.27,0
2019-08-14 04:00:00,1501.27,1502.57,1500.9,1502.15,0
2019-08-14 05:00:00,1502.15,1502.77,1496.71,1497.92,0
2019-08-14 06:00:00,1497.92,1500.88,1497.57,1500.66,0
2019-08-14 07:00:00,1500.66,1502.62,1496.67,1497.37,0
2019-08-14 08:00:00,1497.35,1500.89,1497.35,1498.07,0
2019-08-14 09:00:00,1498.07,1502.14,1497.92,1500.92,0
2019-08-14 10:00:00,1500.91,1501.56,1499.77,1500.96,0
2019-08-14 11:00:00,1500.96,1510.53,1500.96,1510.19,0
2019-08-14 12:00:00,1510.19,1518.3,1508.44,1515.77,0
2019-08-14 13:00:00,1515.77,1516.42,1510.9,1512.83,0
2019-08-14 14:00:00,1512.83,1517.79,1512.37,1513.97,0
2019-08-14 15:00:00,1513.37,1515.62,1507.09,1515.2,0
2019-08-14 16:00:00,1515.27,1520.27,1514.84,1518.12,0
2019-08-14 17:00:00,1518.12,1523.17,1517.46,1523.08,0
2019-08-14 18:00:00,1523.11,1524.06,1511.84,1516.05,0
2019-08-14 19:00:00,1516.05,1521.01,1515.91,1518.21,0
2019-08-14 20:00:00,1518.31,1518.35,1513.21,1513.85,0
2019-08-14 21:00:00,1513.8,1516.63,1509.25,1516.26,0
2019-08-14 23:00:00,1515.94,1520.19,1515.94,1517.47,0
2019-08-15 00:00:00,1517.35,1518.6,1514.93,1517.01,0
2019-08-15 01:00:00,1517.01,1518.57,1515.77,1517.4,0
2019-08-15 02:00:00,1517.4,1524.29,1517.4,1519.47,0
2019-08-15 03:00:00,1519.47,1522.09,1518.68,1520.34,0
2019-08-15 04:00:00,1520.34,1521.16,1517.47,1520.61,0
2019-08-15 05:00:00,1520.61,1522.19,1520.18,1520.85,0
2019-08-15 06:00:00,1520.84,1521.81,1518.12,1518.13,0
2019-08-15 07:00:00,1518.12,1519.34,1507.92,1513.98,0
2019-08-15 08:00:00,1513.98,1515.23,1510.2,1512.61,0
2019-08-15 09:00:00,1512.61,1516.17,1511.44,1516.03,0
2019-08-15 10:00:00,1516.03,1521.65,1515.47,1518.4,0
2019-08-15 11:00:00,1518.36,1522.82,1517.85,1520.49,0
2019-08-15 12:00:00,1520.51,1521.45,1510.57,1515.09,0
2019-08-15 13:00:00,1515.11,1515.33,1508.96,1511.59,0
2019-08-15 14:00:00,1511.6,1518.04,1509.89,1515.02,0
2019-08-15 15:00:00,1515.03,1520.42,1512.31,1518.59,0
2019-08-15 16:00:00,1518.59,1520.31,1516.28,1519.23,0
2019-08-15 17:00:00,1519.28,1521.8,1519.09,1520.44,0
2019-08-15 18:00:00,1520.46,1527.01,1518.23,1523.91,0
2019-08-15 19:00:00,1523.91,1526.51,1520.52,1522.8,0
2019-08-15 20:00:00,1522.79,1523.52,1519.3,1523.29,0
2019-08-15 21:00:00,1523.25,1525.06,1522.58,1523.35,0
2019-08-15 23:00:00,1523.05,1523.5,1520.74,1522.35,0
2019-08-16 00:00:00,1522.32,1527.14,1521.91,1526.56,0
2019-08-16 01:00:00,1526.56,1528.05,1524.68,1525.31,0
2019-08-16 02:00:00,1525.29,1527.31,1521.6,1521.85,0
2019-08-16 03:00:00,1521.88,1523.03,1516.83,1517.78,0
2019-08-16 04:00:00,1517.8,1521.63,1517.8,1521.07,0
2019-08-16 05:00:00,1521.07,1522.04,1520.56,1521.85,0
2019-08-16 06:00:00,1521.87,1522.28,1517.91,1519.36,0
2019-08-16 07:00:00,1519.34,1520.16,1513.01,1515.39,0
2019-08-16 08:00:00,1515.41,1516.87,1513.97,1515.34,0
2019-08-16 09:00:00,1515.35,1515.39,1510.36,1510.82,0
2019-08-16 10:00:00,1510.82,1511.59,1505.64,1509.48,0
2019-08-16 11:00:00,1509.48,1514.13,1508.85,1512.5,0
2019-08-16 12:00:00,1512.51,1515.0,1511.89,1513.78,0
2019-08-16 13:00:00,1513.8,1514.47,1509.68,1509.91,0
2019-08-16 14:00:00,1510.02,1515.32,1509.9,1514.46,0
2019-08-16 15:00:00,1514.43,1516.32,1503.77,1504.95,0
2019-08-16 16:00:00,1505.11,1510.39,1504.95,1509.79,0
2019-08-16 17:00:00,1509.79,1514.04,1509.02,1512.97,0
2019-08-16 18:00:00,1512.97,1515.18,1511.38,1514.53,0
2019-08-16 19:00:00,1514.53,1517.37,1513.54,1514.17,0
2019-08-16 20:00:00,1514.14,1514.79,1511.07,1514.04,0
2019-08-16 21:00:00,1514.04,1514.55,1511.49,1512.31,0
2019-08-18 23:00:00,1512.22,1512.97,1508.02,1509.68,0
2019-08-19 00:00:00,1509.6,1511.21,1509.27,1509.41,0
2019-08-19 01:00:00,1509.48,1510.26,1508.55,1510.0,0
2019-08-19 02:00:00,1510.01,1510.19,1505.13,1509.04,0
2019-08-19 03:00:00,1509.03,1512.77,1508.63,1509.0,0
2019-08-19 04:00:00,1508.97,1509.6,1508.29,1508.89,0
2019-08-19 05:00:00,1508.87,1509.73,1508.76,1509.17,0
2019-08-19 06:00:00,1509.17,1509.74,1505.15,1507.16,0
2019-08-19 07:00:00,1507.19,1509.58,1506.58,1507.48,0
2019-08-19 08:00:00,1507.46,1509.28,1505.56,1505.98,0
2019-08-19 09:00:00,1505.97,1506.25,1498.89,1501.12,0
2019-08-19 10:00:00,1501.13,1501.47,1497.75,1497.94,0
2019-08-19 11:00:00,1497.92,1501.24,1497.35,1500.02,0
2019-08-19 12:00:00,1500.01,1500.72,1493.28,1494.18,0
2019-08-19 13:00:00,1494.18,1499.79,1493.98,1497.86,0
2019-08-19 14:00:00,1497.86,1499.67,1495.82,1496.83,0
2019-08-19 15:00:00,1496.83,1503.45,1496.69,1501.18,0
2019-08-19 16:00:00,1501.21,1502.52,1499.02,1502.41,0
2019-08-19 17:00:00,1502.41,1503.27,1501.07,1501.86,0
2019-08-19 18:00:00,1501.86,1503.24,1498.54,1498.59,0
2019-08-19 19:00:00,1498.59,1499.56,1494.92,1495.32,0
2019-08-19 20:00:00,1495.29,1496.28,1493.65,1496.27,0
2019-08-19 21:00:00,1496.2,1496.93,1495.47,1495.75,0
2019-08-19 23:00:00,1496.0,1497.68,1492.88,1495.04,0
2019-08-20 00:00:00,1495.04,1496.47,1494.25,1496.13,0
2019-08-20 01:00:00,1496.14,1497.79,1495.18,1497.11,0
2019-08-20 02:00:00,1497.09,1499.49,1496.3,1496.8,0
2019-08-20 03:00:00,1496.82,1497.36,1495.3,1496.03,0
2019-08-20 04:00:00,1496.04,1496.43,1494.4,1495.22,0
2019-08-20 05:00:00,1495.23,1495.62,1494.61,1495.18,0
2019-08-20 06:00:00,1495.16,1497.23,1495.16,1496.57,0
2019-08-20 07:00:00,1496.57,1498.62,1495.72,1496.85,0
2019-08-20 08:00:00,1496.85,1500.24,1496.85,1499.53,0
2019-08-20 09:00:00,1499.58,1502.81,1499.4,1502.06,0
2019-08-20 10:00:00,1502.06,1505.19,1501.7,1504.35,0
2019-08-20 11:00:00,1504.35,1505.0,1503.03,1504.73,0
2019-08-20 12:00:00,1504.73,1508.56,1504.69,1505.49,0
2019-08-20 13:00:00,1505.52,1505.74,1502.9,1504.2,0
2019-08-20 14:00:00,1504.22,1507.53,1501.45,1504.64,0
2019-08-20 15:00:00,1504.63,1505.5,1501.72,1502.8,0
2019-08-20 16:00:00,1502.8,1504.18,1501.51,1503.52,0
2019-08-20 17:00:00,1503.52,1506.18,1503.39,1504.79,0
2019-08-20 18:00:00,1504.81,1507.06,1504.59,1505.7,0
2019-08-20 19:00:00,1505.72,1506.9,1505.49,1506.09,0
2019-08-20 20:00:00,1506.1,1508.12,1505.97,1508.01,0
2019-08-20 21:00:00,1508.02,1508.02,1506.87,1507.39,0
2019-08-20 23:00:00,1507.7,1507.89,1505.02,1506.43,0
2019-08-21 00:00:00,1506.43,1508.08,1506.1,1506.21,0
2019-08-21 01:00:00,1506.21,1506.99,1505.68,1506.36,0
2019-08-21 02:00:00,1506.36,1507.13,1504.14,1504.99,0
2019-08-21 03:00:00,1504.98,1505.31,1503.19,1503.6,0
2019-08-21 04:00:00,1503.6,1504.14,1502.01,1502.92,0
2019-08-21 05:00:00,1502.92,1503.51,1502.65,1503.24,0
2019-08-21 06:00:00,1503.24,1503.58,1501.42,1502.73,0
2019-08-21 07:00:00,1502.73,1504.49,1499.26,1499.68,0
2019-08-21 08:00:00,1499.66,1500.19,1496.57,1497.36,0
2019-08-21 09:00:00,1497.36,1499.25,1497.17,1499.01,0
2019-08-21 10:00:00,1499.01,1501.05,1498.39,1500.23,0
2019-08-21 11:00:00,1500.23,1502.1,1500.14,1501.53,0
2019-08-21 12:00:00,1501.54,1502.22,1499.37,1499.83,0
2019-08-21 13:00:00,1499.83,1501.32,1498.22,1500.5,0
2019-08-21 14:00:00,1500.56,1503.69,1499.71,1503.12,0
2019-08-21 15:00:00,1503.12,1504.89,1502.33,1503.13,0
2019-08-21 16:00:00,1503.13,1505.96,1501.47,1502.82,0
2019-08-21 17:00:00,1502.83,1506.44,1501.95,1506.12,0
2019-08-21 18:00:00,1506.12,1506.53,1503.1,1503.48,0
2019-08-21 19:00:00,1503.46,1507.49,1500.44,1503.18,0
2019-08-21 20:00:00,1503.17,1503.47,1500.15,1502.91,0
2019-08-21 21:00:00,1502.98,1502.98,1501.92,1502.52,0
2019-08-21 23:00:00,1502.38,1504.52,1501.71,1502.79,0
2019-08-22 00:00:00,1502.79,1502.81,1501.99,1502.63,0
2019-08-22 01:00:00,1502.63,1503.19,1501.14,1501.53,0
2019-08-22 02:00:00,1501.54,1503.69,1499.94,1503.4,0
2019-08-22 03:00:00,1503.4,1503.62,1501.49,1501.7,0
2019-08-22 04:00:00,1501.7,1501.98,1501.05,1501.56,0
2019-08-22 05:00:00,1501.58,1501.6,1499.51,1499.68,0
2019-08-22 06:00:00,1499.68,1501.27,1499.01,1500.38,0
2019-08-22 07:00:00,1500.38,1502.28,1500.17,1501.13,0
2019-08-22 08:00:00,1501.13,1502.12,1497.83,1498.53,0
2019-08-22 09:00:00,1498.53,1499.76,1498.07,1498.4,0
2019-08-22 10:00:00,1498.4,1500.18,1497.5,1498.14,0
2019-08-22 11:00:00,1498.19,1498.23,1495.27,1496.34,0
2019-08-22 12:00:00,1496.34,1497.26,1492.53,1492.86,0
2019-08-22 13:00:00,1492.87,1497.56,1492.73,1496.75,0
2019-08-22 14:00:00,1496.75,1504.58,1496.75,1502.53,0
2019-08-22 15:00:00,1502.53,1502.57,1497.06,1500.4,0
2019-08-22 16:00:00,1500.46,1502.77,1499.58,1500.75,0
2019-08-22 17:00:00,1500.75,1500.89,1497.64,1499.02,0
2019-08-22 18:00:00,1499.04,1500.21,1498.18,1499.4,0
2019-08-22 19:00:00,1499.38,1500.69,1499.07,1499.09,0
2019-08-22 20:00:00,1499.02,1499.59,1498.37,1499.21,0
2019-08-22 21:00:00,1499.18,1499.72,1497.89,1498.15,0
2019-08-22 23:00:00,1498.41,1498.89,1497.02,1497.66,0
2019-08-23 00:00:00,1497.66,1498.08,1496.79,1497.51,0
2019-08-23 01:00:00,1497.51,1497.63,1495.7,1496.39,0
2019-08-23 02:00:00,1496.39,1497.56,1494.87,1495.56,0
2019-08-23 03:00:00,1495.56,1496.01,1494.8,1495.37,0
2019-08-23 04:00:00,1495.35,1495.65,1494.34,1494.66,0
2019-08-23 05:00:00,1494.66,1495.23,1493.79,1494.94,0
2019-08-23 06:00:00,1494.94,1495.91,1494.5,1494.7,0
2019-08-23 07:00:00,1494.7,1496.17,1493.58,1495.83,0
2019-08-23 08:00:00,1495.89,1497.35,1495.08,1496.17,0
2019-08-23 09:00:00,1496.17,1496.89,1495.49,1496.32,0
2019-08-23 10:00:00,1496.32,1496.73,1495.47,1496.53,0
2019-08-23 11:00:00,1496.52,1497.89,1494.81,1495.0,0
2019-08-23 12:00:00,1495.0,1496.74,1494.82,1495.87,0
2019-08-23 13:00:00,1495.87,1504.95,1495.73,1502.42,0
2019-08-23 14:00:00,1502.37,1507.64,1501.75,1505.23,0
2019-08-23 15:00:00,1505.25,1520.33,1501.94,1519.21,0
2019-08-23 16:00:00,1519.26,1529.47,1519.11,1528.04,0
2019-08-23 17:00:00,1528.03,1528.87,1522.69,1526.94,0
2019-08-23 18:00:00,1526.94,1528.98,1525.93,1527.5,0
2019-08-23 19:00:00,1527.5,1530.24,1527.03,1527.38,0
2019-08-23 20:00:00,1527.38,1529.48,1527.11,1528.52,0
2019-08-23 21:00:00,1528.61,1528.65,1525.23,1526.8,0
2019-08-25 23:00:00,1535.09,1555.03,1535.09,1547.54,0
2019-08-26 00:00:00,1547.54,1548.52,1543.46,1547.35,0
2019-08-26 01:00:00,1547.35,1549.28,1543.5,1544.99,0
2019-08-26 02:00:00,1544.99,1546.73,1541.75,1544.16,0
2019-08-26 03:00:00,1544.18,1544.62,1538.13,1539.5,0
2019-08-26 04:00:00,1539.51,1542.26,1538.58,1539.21,0
2019-08-26 05:00:00,1539.23,1543.39,1539.16,1542.99,0
2019-08-26 06:00:00,1542.99,1544.17,1540.11,1542.69,0
2019-08-26 07:00:00,1542.68,1542.93,1536.48,1537.12,0
2019-08-26 08:00:00,1537.16,1537.3,1527.21,1530.56,0
2019-08-26 09:00:00,1530.56,1530.93,1525.08,1526.99,0
2019-08-26 10:00:00,1526.96,1532.18,1525.69,1531.92,0
2019-08-26 11:00:00,1531.92,1532.74,1529.31,1532.63,0
2019-08-26 12:00:00,1532.63,1533.33,1528.22,1531.45,0
2019-08-26 13:00:00,1531.53,1532.22,1526.19,1527.27,0
2019-08-26 14:00:00,1527.27,1534.87,1527.25,1534.65,0
2019-08-26 15:00:00,1534.64,1537.19,1531.97,1534.35,0
2019-08-26 16:00:00,1534.35,1535.18,1528.75,1531.34,0
2019-08-26 17:00:00,1531.31,1531.92,1528.47,1529.1,0
2019-08-26 18:00:00,1529.09,1529.23,1526.31,1528.92,0
2019-08-26 19:00:00,1528.91,1530.13,1527.06,1527.77,0
2019-08-26 20:00:00,1527.84,1529.31,1526.56,1528.88,0
2019-08-26 21:00:00,1528.88,1529.28,1527.26,1527.37,0
2019-08-26 23:00:00,1527.26,1528.45,1526.57,1527.2,0
2019-08-27 00:00:00,1527.2,1528.85,1526.62,1528.61,0
2019-08-27 01:00:00,1528.61,1529.39,1528.1,1528.41,0
2019-08-27 02:00:00,1528.41,1530.28,1525.71,1528.32,0
2019-08-27 03:00:00,1528.32,1529.42,1526.8,1527.62,0
2019-08-27 04:00:00,1527.62,1529.1,1527.33,1529.01,0
2019-08-27 05:00:00,1529.03,1529.03,1527.57,1527.8,0
2019-08-27 06:00:00,1527.8,1531.92,1527.75,1531.63,0
2019-08-27 07:00:00,1531.63,1534.31,1531.31,1532.99,0
2019-08-27 08:00:00,1532.99,1535.03,1532.25,1532.27,0
2019-08-27 09:00:00,1532.27,1532.97,1531.04,1531.31,0
2019-08-27 10:00:00,1531.31,1532.08,1529.53,1531.28,0
2019-08-27 11:00:00,1531.28,1531.53,1530.09,1530.26,0
2019-08-27 12:00:00,1530.31,1531.79,1529.54,1531.11,0
2019-08-27 13:00:00,1531.11,1532.72,1528.84,1529.62,0
2019-08-27 14:00:00,1529.62,1534.03,1528.45,1532.8,0
2019-08-27 15:00:00,1532.81,1538.56,1530.56,1538.18,0
2019-08-27 16:00:00,1538.19,1542.85,1536.38,1542.33,0
2019-08-27 17:00:00,1542.33,1544.68,1541.22,1542.79,0
2019-08-27 18:00:00,1542.79,1543.88,1540.2,1540.96,0
2019-08-27 19:00:00,1540.97,1543.07,1538.52,1539.34,0
2019-08-27 20:00:00,1539.33,1543.02,1537.39,1542.93,0
2019-08-27 21:00:00,1542.94,1543.33,1542.24,1542.62,0
2019-08-27 23:00:00,1542.08,1543.16,1540.95,1542.27,0
2019-08-28 00:00:00,1542.27,1544.58,1542.13,1543.54,0
2019-08-28 01:00:00,1543.51,1544.58,1542.13,1543.72,0
2019-08-28 02:00:00,1543.69,1544.67,1541.16,1541.83,0
2019-08-28 03:00:00,1541.86,1541.96,1531.89,1534.74,0
2019-08-28 04:00:00,1534.78,1536.65,1533.56,1536.18,0
2019-08-28 05:00:00,1536.18,1536.24,1535.29,1535.47,0
2019-08-28 06:00:00,1535.48,1540.28,1535.38,1539.05,0
2019-08-28 07:00:00,1539.01,1541.35,1537.25,1538.24,0
2019-08-28 08:00:00,1538.24,1543.63,1538.11,1541.55,0
2019-08-28 09:00:00,1541.55,1542.77,1539.12,1540.15,0
2019-08-28 10:00:00,1540.15,1543.57,1540.02,1542.36,0
2019-08-28 11:00:00,1542.36,1543.32,1541.61,1542.93,0
2019-08-28 12:00:00,1542.93,1545.95,1542.21,1545.39,0
2019-08-28 13:00:00,1545.48,1546.89,1540.88,1541.53,0
2019-08-28 14:00:00,1541.53,1544.8,1533.77,1536.91,0
2019-08-28 15:00:00,1536.86,1539.76,1534.88,1538.05,0
2019-08-28 16:00:00,1538.06,1538.8,1535.8,1537.82,0
2019-08-28 17:00:00,1537.82,1538.47,1536.26,1536.74,0
2019-08-28 18:00:00,1536.74,1542.28,1536.45,1540.75,0
2019-08-28 19:00:00,1540.75,1542.68,1540.75,1542.12,0
2019-08-28 20:00:00,1542.09,1542.35,1538.33,1539.45,0
2019-08-28 21:00:00,1539.44,1541.28,1538.59,1541.16,0
2019-08-28 23:00:00,1539.21,1539.91,1537.68,1538.27,0
2019-08-29 00:00:00,1538.27,1540.26,1538.02,1538.74,0
2019-08-29 01:00:00,1538.74,1540.02,1538.28,1539.92,0
2019-08-29 02:00:00,1539.91,1543.35,1538.01,1542.24,0
2019-08-29 03:00:00,1542.24,1543.04,1540.94,1541.49,0
2019-08-29 04:00:00,1541.47,1542.93,1540.79,1542.78,0
2019-08-29 05:00:00,1542.78,1544.1,1542.17,1542.93,0
2019-08-29 06:00:00,1542.93,1545.23,1541.2,1544.27,0
2019-08-29 07:00:00,1544.31,1550.41,1543.92,1549.3,0
2019-08-29 08:00:00,1549.29,1550.05,1540.92,1540.98,0
2019-08-29 09:00:00,1540.98,1542.31,1538.66,1539.84,0
2019-08-29 10:00:00,1539.85,1539.85,1536.77,1538.7,0
2019-08-29 11:00:00,1538.7,1540.47,1535.19,1536.52,0
2019-08-29 12:00:00,1536.59,1537.67,1533.69,1536.94,0
2019-08-29 13:00:00,1536.9,1544.43,1536.77,1542.78,0
2019-08-29 14:00:00,1542.78,1545.29,1537.37,1539.49,0
2019-08-29 15:00:00,1539.55,1542.97,1537.24,1539.14,0
2019-08-29 16:00:00,1539.14,1539.29,1535.64,1536.56,0
2019-08-29 17:00:00,1536.57,1537.35,1525.18,1528.58,0
2019-08-29 18:00:00,1528.59,1529.13,1525.22,1527.27,0
2019-08-29 19:00:00,1527.23,1527.31,1519.8,1521.54,0
2019-08-29 20:00:00,1521.52,1528.63,1520.92,1528.6,0
2019-08-29 21:00:00,1528.69,1529.73,1526.35,1527.31,0
2019-08-29 23:00:00,1527.83,1528.28,1526.78,1527.6,0
2019-08-30 00:00:00,1527.55,1528.84,1527.32,1528.76,0
2019-08-30 01:00:00,1528.75,1528.75,1522.62,1524.75,0
2019-08-30 02:00:00,1524.72,1527.32,1522.15,1526.63,0
2019-08-30 03:00:00,1526.63,1526.72,1522.86,1524.16,0
2019-08-30 04:00:00,1524.16,1525.82,1523.91,1524.34,0
2019-08-30 05:00:00,1524.34,1526.12,1524.14,1526.11,0
2019-08-30 06:00:00,1526.11,1529.73,1525.87,1529.63,0
2019-08-30 07:00:00,1529.64,1533.15,1526.74,1528.65,0
2019-08-30 08:00:00,1528.65,1529.17,1522.86,1523.23,0
2019-08-30 09:00:00,1523.25,1526.15,1521.94,1525.56,0
2019-08-30 10:00:00,1525.62,1527.4,1524.63,1525.52,0
2019-08-30 11:00:00,1525.48,1526.95,1524.59,1525.67,0
2019-08-30 12:00:00,1525.67,1526.28,1524.07,1524.07,0
2019-08-30 13:00:00,1524.07,1530.74,1523.99,1528.27,0
2019-08-30 14:00:00,1528.28,1530.47,1524.78,1527.96,0
2019-08-30 15:00:00,1527.96,1530.48,1526.76,1528.48,0
2019-08-30 16:00:00,1528.46,1532.87,1527.18,1527.64,0
2019-08-30 17:00:00,1527.64,1528.22,1522.47,1523.04,0
2019-08-30 18:00:00,1523.06,1523.85,1516.95,1519.02,0
2019-08-30 19:00:00,1519.02,1525.63,1518.23,1525.43,0
2019-08-30 20:00:00,1525.44,1525.79,1522.92,1524.13,0
2019-08-30 21:00:00,1524.14,1524.14,1520.01,1520.55,0
2019-09-01 23:00:00,1532.86,1533.77,1528.19,1529.68,0
2019-09-02 00:00:00,1529.67,1529.69,1528.25,1529.15,0
2019-09-02 01:00:00,1529.15,1529.91,1527.65,1529.11,0
2019-09-02 02:00:00,1529.11,1529.36,1522.76,1524.55,0
2019-09-02 03:00:00,1524.55,1526.3,1523.16,1525.46,0
2019-09-02 04:00:00,1525.46,1526.53,1525.26,1525.66,0
2019-09-02 05:00:00,1525.66,1526.5,1525.36,1525.58,0
2019-09-02 06:00:00,1525.58,1525.97,1524.15,1524.77,0
2019-09-02 07:00:00,1524.75,1524.92,1520.95,1522.74,0
2019-09-02 08:00:00,1522.76,1523.45,1519.39,1522.35,0
2019-09-02 09:00:00,1522.35,1523.12,1521.15,1521.32,0
2019-09-02 10:00:00,1521.31,1526.11,1520.79,1525.67,0
2019-09-02 11:00:00,1525.68,1526.35,1523.46,1524.18,0
2019-09-02 12:00:00,1524.18,1525.98,1524.18,1524.46,0
2019-09-02 13:00:00,1524.46,1525.37,1523.75,1523.87,0
2019-09-02 14:00:00,1523.87,1527.81,1523.36,1527.43,0
2019-09-02 15:00:00,1527.43,1527.62,1524.64,1526.81,0
2019-09-02 16:00:00,1526.81,1529.67,1524.38,1527.43,0
2019-09-02 17:00:00,1527.47,1531.23,1527.32,1529.01,0
2019-09-02 23:00:00,1529.35,1529.86,1525.75,1526.36,0
2019-09-03 00:00:00,1526.36,1527.13,1525.6,1526.31,0
2019-09-03 01:00:00,1526.31,1526.31,1524.32,1525.21,0
2019-09-03 02:00:00,1525.21,1526.04,1524.09,1524.93,0
2019-09-03 03:00:00,1524.9,1525.69,1522.57,1522.68,0
2019-09-03 04:00:00,1522.7,1524.49,1521.66,1523.57,0
2019-09-03 05:00:00,1523.46,1525.4,1523.37,1524.42,0
2019-09-03 06:00:00,1524.4,1526.89,1524.21,1526.6,0
2019-09-03 07:00:00,1526.59,1528.1,1524.06,1526.69,0
2019-09-03 08:00:00,1526.69,1531.32,1525.97,1530.69,0
2019-09-03 09:00:00,1530.66,1533.15,1530.0,1532.31,0
2019-09-03 10:00:00,1532.31,1533.89,1530.91,1532.96,0
2019-09-03 11:00:00,1532.95,1533.2,1530.31,1530.38,0
2019-09-03 12:00:00,1530.43,1531.41,1529.07,1531.4,0
2019-09-03 13:00:00,1531.41,1534.92,1530.17,1532.45,0
2019-09-03 14:00:00,1532.46,1538.47,1531.55,1536.83,0
2019-09-03 15:00:00,1536.83,1546.25,1536.83,1544.45,0
2019-09-03 16:00:00,1544.38,1549.74,1544.15,1548.83,0
2019-09-03 17:00:00,1548.85,1549.06,1543.01,1545.94,0
2019-09-03 18:00:00,1546.03,1547.78,1545.53,1546.9,0
2019-09-03 19:00:00,1546.92,1547.35,1543.24,1543.7,0
2019-09-03 20:00:00,1543.71,1547.18,1542.15,1545.44,0
2019-09-03 21:00:00,1545.31,1549.49,1545.01,1547.47,0
2019-09-03 23:00:00,1546.91,1547.33,1545.05,1545.31,0
2019-09-04 00:00:00,1545.38,1550.13,1545.34,1549.11,0
2019-09-04 01:00:00,1549.11,1549.52,1544.3,1544.98,0
2019-09-04 02:00:00,1544.98,1548.82,1540.8,1541.36,0
2019-09-04 03:00:00,1541.38,1544.95,1540.15,1544.56,0
2019-09-04 04:00:00,1544.56,1545.17,1542.99,1543.24,0
2019-09-04 05:00:00,1543.24,1543.56,1541.96,1542.48,0
2019-09-04 06:00:00,1542.46,1544.18,1541.09,1541.76,0
2019-09-04 07:00:00,1541.65,1542.21,1535.99,1537.64,0
2019-09-04 08:00:00,1537.6,1539.19,1535.35,1536.55,0
2019-09-04 09:00:00,1536.55,1539.23,1536.22,1538.73,0
2019-09-04 10:00:00,1538.73,1539.55,1537.45,1538.4,0
2019-09-04 11:00:00,1538.4,1539.03,1535.64,1536.57,0
2019-09-04 12:00:00,1536.57,1536.99,1533.9,1535.85,0
2019-09-04 13:00:00,1535.83,1541.8,1535.83,1541.59,0
2019-09-04 14:00:00,1541.62,1547.12,1541.38,1546.2,0
2019-09-04 15:00:00,1546.2,1549.11,1545.07,1546.67,0
2019-09-04 16:00:00,1546.69,1547.91,1543.77,1547.16,0
2019-09-04 17:00:00,1547.16,1548.37,1546.59,1547.59,0
2019-09-04 18:00:00,1547.59,1557.06,1547.09,1555.59,0
2019-09-04 19:00:00,1555.55,1556.73,1552.33,1554.13,0
2019-09-04 20:00:00,1554.16,1555.35,1552.44,1555.0,0
2019-09-04 21:00:00,1554.99,1555.23,1552.51,1552.6,0
2019-09-04 23:00:00,1552.26,1552.76,1550.62,1551.96,0
2019-09-05 00:00:00,1551.91,1553.03,1551.24,1551.25,0
2019-09-05 01:00:00,1551.25,1551.72,1547.4,1548.65,0
2019-09-05 02:00:00,1548.66,1549.88,1542.33,1542.82,0
2019-09-05 03:00:00,1542.82,1544.86,1541.85,1544.05,0
2019-09-05 04:00:00,1544.05,1546.4,1543.06,1545.53,0
2019-09-05 05:00:00,1545.57,1545.67,1544.25,1544.59,0
2019-09-05 06:00:00,1544.6,1546.12,1542.81,1544.87,0
2019-09-05 07:00:00,1544.87,1548.44,1544.01,1548.09,0
2019-09-05 08:00:00,1548.08,1550.22,1540.66,1542.26,0
2019-09-05 09:00:00,1542.25,1543.59,1541.12,1542.74,0
2019-09-05 10:00:00,1542.73,1543.56,1540.66,1540.9,0
2019-09-05 11:00:00,1540.9,1542.18,1538.26,1541.51,0
2019-09-05 12:00:00,1541.51,1543.22,1540.43,1542.95,0
2019-09-05 13:00:00,1542.96,1544.72,1534.9,1536.92,0
2019-09-05 14:00:00,1536.93,1538.48,1526.49,1528.24,0
2019-09-05 15:00:00,1528.14,1528.14,1506.36,1514.0,0
2019-09-05 16:00:00,1514.0,1522.21,1512.06,1517.75,0
2019-09-05 17:00:00,1517.76,1518.72,1515.27,1515.52,0
2019-09-05 18:00:00,1515.54,1520.27,1515.54,1520.05,0
2019-09-05 19:00:00,1520.05,1521.1,1517.86,1518.36,0
2019-09-05 20:00:00,1518.3,1519.47,1516.8,1518.34,0
2019-09-05 21:00:00,1518.31,1519.39,1517.84,1518.91,0
2019-09-05 23:00:00,1517.19,1519.21,1517.19,1518.11,0
2019-09-06 00:00:00,1518.09,1519.14,1517.48,1518.47,0
2019-09-06 01:00:00,1518.53,1520.33,1515.82,1517.54,0
2019-09-06 02:00:00,1517.54,1519.79,1515.22,1515.29,0
2019-09-06 03:00:00,1515.34,1517.16,1514.59,1514.86,0
2019-09-06 04:00:00,1514.88,1514.99,1512.72,1514.44,0
2019-09-06 05:00:00,1514.44,1518.87,1514.37,1518.39,0
2019-09-06 06:00:00,1518.4,1519.39,1516.73,1517.83,0
2019-09-06 07:00:00,1517.76,1518.73,1505.31,1506.09,0
2019-09-06 08:00:00,1506.42,1512.05,1506.42,1509.67,0
2019-09-06 09:00:00,1509.67,1510.3,1506.24,1508.27,0
2019-09-06 10:00:00,1508.28,1508.43,1502.85,1505.21,0
2019-09-06 11:00:00,1505.19,1508.68,1504.69,1507.26,0
2019-09-06 12:00:00,1507.24,1507.48,1504.02,1505.39,0
2019-09-06 13:00:00,1505.39,1518.49,1502.59,1516.02,0
2019-09-06 14:00:00,1515.95,1527.92,1515.95,1524.51,0
2019-09-06 15:00:00,1524.6,1525.07,1517.48,1520.08,0
2019-09-06 16:00:00,1520.08,1523.07,1518.68,1521.1,0
2019-09-06 17:00:00,1521.11,1523.63,1510.95,1517.69,0
2019-09-06 18:00:00,1517.68,1518.8,1504.96,1509.71,0
2019-09-06 19:00:00,1509.75,1510.64,1506.52,1507.56,0
2019-09-06 20:00:00,1507.53,1507.96,1504.52,1505.46,0
2019-09-06 21:00:00,1505.46,1507.56,1505.16,1505.84,0
2019-09-08 23:00:00,1507.41,1507.74,1503.39,1507.11,0
2019-09-09 00:00:00,1507.11,1507.69,1504.67,1505.89,0
2019-09-09 01:00:00,1505.86,1508.42,1505.46,1507.45,0
2019-09-09 02:00:00,1507.45,1512.56,1506.71,1510.67,0
2019-09-09 03:00:00,1510.66,1511.2,1507.02,1509.69,0
2019-09-09 04:00:00,1509.69,1510.68,1509.27,1509.67,0
2019-09-09 05:00:00,1509.66,1510.17,1509.16,1509.61,0
2019-09-09 06:00:00,1509.61,1511.55,1508.38,1510.35,0
2019-09-09 07:00:00,1510.34,1510.35,1507.47,1509.55,0
2019-09-09 08:00:00,1509.54,1509.76,1504.97,1505.15,0
2019-09-09 09:00:00,1505.16,1508.73,1504.5,1508.23,0
2019-09-09 10:00:00,1508.23,1510.14,1507.96,1509.11,0
2019-09-09 11:00:00,1509.1,1511.25,1508.89,1509.71,0
2019-09-09 12:00:00,1509.71,1514.08,1509.15,1511.37,0
2019-09-09 13:00:00,1511.37,1515.03,1510.51,1514.05,0
2019-09-09 14:00:00,1514.12,1515.5,1508.69,1510.36,0
2019-09-09 15:00:00,1510.36,1510.48,1497.67,1499.02,0
2019-09-09 16:00:00,1499.01,1503.13,1497.64,1500.48,0
2019-09-09 17:00:00,1500.48,1506.68,1499.37,1503.36,0
2019-09-09 18:00:00,1503.39,1504.56,1501.86,1504.16,0
2019-09-09 19:00:00,1504.19,1504.41,1500.72,1501.56,0
2019-09-09 20:00:00,1501.56,1501.86,1499.78,1499.8,0
2019-09-09 21:00:00,1499.8,1500.18,1498.29,1498.92,0
2019-09-09 23:00:00,1498.85,1499.95,1497.73,1498.59,0
2019-09-10 00:00:00,1498.58,1499.37,1495.72,1496.25,0
2019-09-10 01:00:00,1496.21,1497.39,1493.08,1493.25,0
2019-09-10 02:00:00,1493.25,1493.83,1486.48,1487.79,0
2019-09-10 03:00:00,1487.77,1489.89,1487.28,1489.16,0
2019-09-10 04:00:00,1489.18,1490.55,1488.74,1489.98,0
2019-09-10 05:00:00,1489.96,1490.88,1488.84,1489.9,0
2019-09-10 06:00:00,1489.88,1490.75,1487.76,1488.88,0
2019-09-10 07:00:00,1488.88,1492.3,1487.85,1491.13,0
2019-09-10 08:00:00,1491.14,1495.74,1490.38,1493.73,0
2019-09-10 09:00:00,1493.73,1496.84,1493.64,1494.05,0
2019-09-10 10:00:00,1494.03,1496.0,1492.76,1495.23,0
2019-09-10 11:00:00,1495.25,1496.44,1493.92,1495.27,0
2019-09-10 12:00:00,1495.27,1495.3,1491.43,1491.91,0
2019-09-10 13:00:00,1491.87,1496.97,1488.81,1495.62,0
2019-09-10 14:00:00,1495.61,1501.0,1491.88,1497.94,0
2019-09-10 15:00:00,1497.94,1499.31,1491.98,1496.1,0
2019-09-10 16:00:00,1496.13,1497.72,1492.5,1494.5,0
2019-09-10 17:00:00,1494.5,1496.58,1489.83,1491.28,0
2019-09-10 18:00:00,1491.27,1493.09,1490.74,1492.92,0
2019-09-10 19:00:00,1492.92,1493.77,1490.18,1491.02,0
2019-09-10 20:00:00,1491.02,1491.04,1486.81,1486.81,0
2019-09-10 21:00:00,1486.8,1488.13,1484.52,1486.14,0
2019-09-10 23:00:00,1485.91,1487.87,1485.17,1487.49,0
2019-09-11 00:00:00,1487.54,1487.93,1486.35,1487.0,0
2019-09-11 01:00:00,1487.01,1489.21,1486.97,1488.87,0
2019-09-11 02:00:00,1488.87,1493.01,1488.57,1492.35,0
2019-09-11 03:00:00,1492.34,1492.5,1490.47,1490.8,0
2019-09-11 04:00:00,1490.8,1491.48,1490.4,1491.07,0
2019-09-11 05:00:00,1491.12,1491.4,1489.08,1490.95,0
2019-09-11 06:00:00,1490.96,1494.8,1490.6,1494.35,0
2019-09-11 07:00:00,1494.32,1495.0,1491.93,1492.92,0
2019-09-11 08:00:00,1492.94,1493.79,1489.66,1489.98,0
2019-09-11 09:00:00,1489.97,1493.98,1488.95,1493.88,0
2019-09-11 10:00:00,1493.89,1494.79,1492.4,1492.67,0
2019-09-11 11:00:00,1492.68,1493.67,1491.69,1493.35,0
2019-09-11 12:00:00,1493.37,1493.6,1490.85,1491.18,0
2019-09-11 13:00:00,1491.18,1493.37,1489.91,1491.58,0
2019-09-11 14:00:00,1491.57,1492.36,1486.87,1491.97,0
2019-09-11 15:00:00,1491.97,1494.74,1490.29,1494.57,0
2019-09-11 16:00:00,1494.57,1497.69,1493.81,1494.55,0
2019-09-11 17:00:00,1494.53,1495.21,1492.64,1493.71,0
2019-09-11 18:00:00,1493.73,1496.57,1491.7,1495.46,0
2019-09-11 19:00:00,1495.46,1497.53,1494.52,1497.23,0
2019-09-11 20:00:00,1497.23,1498.28,1495.73,1495.83,0
2019-09-11 21:00:00,1495.82,1496.73,1495.69,1496.66,0
2019-09-11 23:00:00,1497.1,1497.95,1495.15,1496.86,0
2019-09-12 00:00:00,1496.85,1498.49,1491.83,1493.09,0
2019-09-12 01:00:00,1493.08,1493.65,1489.28,1490.29,0
2019-09-12 02:00:00,1490.28,1494.13,1490.26,1493.17,0
2019-09-12 03:00:00,1493.19,1493.7,1492.43,1492.9,0
2019-09-12 04:00:00,1492.89,1494.95,1492.46,1493.52,0
2019-09-12 05:00:00,1493.57,1496.19,1493.12,1496.05,0
2019-09-12 06:00:00,1496.05,1498.37,1495.18,1497.86,0
2019-09-12 07:00:00,1497.86,1502.26,1495.5,1501.13,0
2019-09-12 08:00:00,1501.13,1504.01,1500.37,1502.94,0
2019-09-12 09:00:00,1502.95,1505.92,1502.25,1504.46,0
2019-09-12 10:00:00,1504.46,1504.81,1502.71,1503.77,0
2019-09-12 11:00:00,1503.77,1503.85,1502.05,1502.63,0
2019-09-12 12:00:00,1502.63,1514.05,1501.65,1512.7,0
2019-09-12 13:00:00,1512.65,1524.2,1511.39,1516.17,0
2019-09-12 14:00:00,1516.11,1520.49,1511.89,1516.29,0
2019-09-12 15:00:00,1516.29,1517.97,1504.64,1510.52,0
2019-09-12 16:00:00,1510.52,1514.7,1500.95,1503.21,0
2019-09-12 17:00:00,1503.18,1504.95,1497.01,1498.59,0
2019-09-12 18:00:00,1498.61,1500.91,1496.97,1498.46,0
2019-09-12 19:00:00,1498.5,1500.34,1497.77,1498.42,0
2019-09-12 20:00:00,1498.39,1499.92,1497.94,1499.17,0
2019-09-12 21:00:00,1499.18,1499.45,1497.96,1499.03,0
2019-09-12 23:00:00,1498.7,1499.44,1495.48,1496.96,0
2019-09-13 00:00:00,1496.93,1498.45,1495.88,1497.91,0
2019-09-13 01:00:00,1497.91,1501.07,1496.77,1498.52,0
2019-09-13 02:00:00,1498.52,1498.84,1495.57,1496.88,0
2019-09-13 03:00:00,1496.87,1498.01,1496.14,1496.63,0
2019-09-13 04:00:00,1496.62,1497.72,1496.29,1497.67,0
2019-09-13 05:00:00,1497.67,1498.9,1497.57,1497.85,0
2019-09-13 06:00:00,1497.84,1497.99,1496.7,1497.56,0
2019-09-13 07:00:00,1497.54,1506.04,1497.46,1505.02,0
2019-09-13 08:00:00,1505.07,1505.76,1501.47,1505.13,0
2019-09-13 09:00:00,1505.06,1507.51,1503.95,1505.7,0
2019-09-13 10:00:00,1505.7,1507.05,1503.74,1506.34,0
2019-09-13 11:00:00,1506.32,1507.86,1504.46,1505.18,0
2019-09-13 12:00:00,1505.18,1509.05,1504.42,1508.11,0
2019-09-13 13:00:00,1508.11,1509.03,1497.01,1500.46,0
2019-09-13 14:00:00,1500.47,1506.18,1499.57,1503.97,0
2019-09-13 15:00:00,1503.96,1504.55,1492.39,1495.81,0
2019-09-13 16:00:00,1495.91,1497.12,1489.28,1490.86,0
2019-09-13 17:00:00,1490.85,1492.35,1488.34,1490.25,0
2019-09-13 18:00:00,1490.24,1493.73,1489.41,1491.73,0
2019-09-13 19:00:00,1491.73,1492.04,1485.82,1486.55,0
2019-09-13 20:00:00,1486.57,1489.68,1486.1,1487.03,0
2019-09-13 21:00:00,1487.04,1489.19,1486.63,1488.35,0
2019-09-15 23:00:00,1505.34,1506.95,1498.81,1504.38,0
2019-09-16 00:00:00,1504.37,1508.07,1502.39,1506.17,0
2019-09-16 01:00:00,1506.14,1512.17,1505.28,1505.66,0
2019-09-16 02:00:00,1505.67,1510.53,1505.66,1507.59,0
2019-09-16 03:00:00,1507.65,1508.15,1502.69,1502.91,0
2019-09-16 04:00:00,1502.93,1505.2,1502.79,1503.12,0
2019-09-16 05:00:00,1503.11,1505.75,1503.01,1504.29,0
2019-09-16 06:00:00,1504.28,1505.52,1501.28,1503.89,0
2019-09-16 07:00:00,1503.83,1507.11,1502.93,1505.05,0
2019-09-16 08:00:00,1505.07,1505.07,1502.55,1503.7,0
2019-09-16 09:00:00,1503.69,1504.15,1499.08,1502.49,0
2019-09-16 10:00:00,1502.35,1504.15,1500.76,1503.86,0
2019-09-16 11:00:00,1503.88,1505.15,1502.58,1502.97,0
2019-09-16 12:00:00,1502.97,1505.01,1502.59,1503.65,0
2019-09-16 13:00:00,1503.59,1504.62,1501.41,1501.55,0
2019-09-16 14:00:00,1501.53,1503.22,1496.35,1497.49,0
2019-09-16 15:00:00,1497.52,1500.64,1495.93,1499.49,0
2019-09-16 16:00:00,1499.52,1506.28,1499.46,1503.92,0
2019-09-16 17:00:00,1503.89,1504.66,1502.47,1503.19,0
2019-09-16 18:00:00,1503.19,1504.4,1499.72,1502.22,0
2019-09-16 19:00:00,1502.23,1502.74,1499.7,1501.86,0
2019-09-16 20:00:00,1501.86,1503.16,1496.97,1498.88,0
2019-09-16 21:00:00,1498.85,1499.42,1497.43,1498.45,0
2019-09-16 23:00:00,1498.92,1500.17,1498.2,1499.13,0
2019-09-17 00:00:00,1499.13,1499.19,1496.92,1498.1,0
2019-09-17 01:00:00,1498.09,1499.39,1496.94,1497.21,0
2019-09-17 02:00:00,1497.21,1499.93,1497.15,1499.81,0
2019-09-17 03:00:00,1499.87,1500.92,1498.5,1498.6,0
2019-09-17 04:00:00,1498.6,1499.23,1497.57,1498.12,0
2019-09-17 05:00:00,1498.1,1498.57,1496.23,1498.21,0
2019-09-17 06:00:00,1498.15,1499.04,1497.07,1497.43,0
2019-09-17 07:00:00,1497.37,1497.37,1493.46,1494.37,0
2019-09-17 08:00:00,1494.38,1498.78,1494.16,1497.82,0
2019-09-17 09:00:00,1497.83,1498.71,1496.97,1497.71,0
2019-09-17 10:00:00,1497.69,1500.04,1497.22,1498.11,0
2019-09-17 11:00:00,1498.08,1499.31,1495.83,1498.96,0
2019-09-17 12:00:00,1498.96,1501.52,1498.59,1501.08,0
2019-09-17 13:00:00,1501.06,1505.19,1500.9,1503.07,0
2019-09-17 14:00:00,1503.04,1505.73,1497.91,1501.57,0
2019-09-17 15:00:00,1501.57,1504.18,1500.73,1501.92,0
2019-09-17 16:00:00,1501.93,1506.01,1501.6,1504.91,0
2019-09-17 17:00:00,1504.9,1507.12,1504.08,1505.84,0
2019-09-17 18:00:00,1505.82,1507.0,1503.23,1503.68,0
2019-09-17 19:00:00,1503.68,1503.97,1501.92,1502.55,0
2019-09-17 20:00:00,1502.55,1503.7,1501.33,1502.07,0
2019-09-17 21:00:00,1502.08,1502.31,1500.92,1501.37,0
2019-09-17 23:00:00,1501.32,1502.28,1501.0,1501.27,0
2019-09-18 00:00:00,1501.29,1501.82,1500.44,1500.85,0
2019-09-18 01:00:00,1500.85,1501.89,1500.76,1501.16,0
2019-09-18 02:00:00,1501.2,1503.64,1500.62,1503.0,0
2019-09-18 03:00:00,1503.01,1503.38,1501.62,1502.05,0
2019-09-18 04:00:00,1502.05,1503.18,1501.62,1502.9,0
2019-09-18 05:00:00,1502.89,1503.14,1501.84,1502.39,0
2019-09-18 06:00:00,1502.39,1503.46,1501.64,1502.16,0
2019-09-18 07:00:00,1502.16,1502.71,1500.79,1501.67,0
2019-09-18 08:00:00,1501.66,1502.18,1501.12,1501.68,0
2019-09-18 09:00:00,1501.68,1502.12,1500.73,1501.72,0
2019-09-18 10:00:00,1501.72,1503.14,1501.5,1502.62,0
2019-09-18 11:00:00,1502.62,1502.81,1499.51,1501.19,0
2019-09-18 12:00:00,1501.17,1501.82,1501.03,1501.62,0
2019-09-18 13:00:00,1501.62,1505.27,1501.44,1504.62,0
2019-09-18 14:00:00,1504.62,1506.62,1503.72,1504.66,0
2019-09-18 15:00:00,1504.68,1508.23,1503.61,1507.1,0
2019-09-18 16:00:00,1507.1,1511.08,1507.06,1507.89,0
2019-09-18 17:00:00,1507.9,1511.08,1507.67,1508.58,0
2019-09-18 18:00:00,1508.6,1511.56,1504.88,1507.64,0
2019-09-18 19:00:00,1507.69,1508.3,1483.45,1490.5,0
2019-09-18 20:00:00,1490.45,1496.14,1486.28,1492.27,0
2019-09-18 21:00:00,1492.27,1493.94,1491.69,1493.67,0
2019-09-18 23:00:00,1493.99,1494.15,1492.6,1493.33,0
2019-09-19 00:00:00,1493.33,1493.33,1490.03,1491.17,0
2019-09-19 01:00:00,1491.17,1491.8,1489.14,1490.64,0
2019-09-19 02:00:00,1490.6,1493.29,1489.01,1493.05,0
2019-09-19 03:00:00,1493.05,1493.06,1491.42,1492.57,0
2019-09-19 04:00:00,1492.59,1495.21,1492.09,1494.44,0
2019-09-19 05:00:00,1494.43,1496.26,1493.97,1495.43,0
2019-09-19 06:00:00,1495.44,1497.36,1494.72,1496.61,0
2019-09-19 07:00:00,1496.57,1497.36,1494.99,1496.32,0
2019-09-19 08:00:00,1496.35,1498.25,1493.63,1494.78,0
2019-09-19 09:00:00,1494.79,1498.11,1494.72,1497.38,0
2019-09-19 10:00:00,1497.39,1499.03,1496.49,1496.76,0
2019-09-19 11:00:00,1496.76,1498.72,1495.72,1498.66,0
2019-09-19 12:00:00,1498.66,1502.16,1498.03,1501.42,0
2019-09-19 13:00:00,1501.42,1504.15,1499.11,1503.78,0
2019-09-19 14:00:00,1503.71,1504.53,1500.53,1501.14,0
2019-09-19 15:00:00,1501.14,1503.47,1499.53,1500.5,0
2019-09-19 16:00:00,1500.5,1500.86,1496.61,1498.56,0
2019-09-19 17:00:00,1498.54,1499.97,1496.94,1499.3,0
2019-09-19 18:00:00,1499.33,1501.65,1498.64,1500.33,0
2019-09-19 19:00:00,1500.36,1501.04,1499.27,1499.49,0
2019-09-19 20:00:00,1499.5,1499.57,1497.07,1498.71,0
2019-09-19 21:00:00,1498.69,1499.1,1498.18,1498.64,0
2019-09-19 23:00:00,1499.13,1499.5,1497.97,1498.18,0
2019-09-20 00:00:00,1498.19,1499.9,1498.12,1499.66,0
2019-09-20 01:00:00,1499.66,1500.47,1498.4,1499.64,0
2019-09-20 02:00:00,1499.65,1502.15,1499.65,1502.05,0
2019-09-20 03:00:00,1502.04,1503.77,1501.1,1503.31,0
2019-09-20 04:00:00,1503.31,1504.3,1502.99,1503.5,0
2019-09-20 05:00:00,1503.49,1505.45,1503.29,1504.5,0
2019-09-20 06:00:00,1504.49,1506.02,1503.3,1505.76,0
2019-09-20 07:00:00,1505.71,1506.84,1503.68,1504.39,0
2019-09-20 08:00:00,1504.4,1506.66,1502.83,1503.41,0
2019-09-20 09:00:00,1503.41,1505.93,1503.27,1504.99,0
2019-09-20 10:00:00,1504.98,1505.6,1503.51,1503.56,0
2019-09-20 11:00:00,1503.56,1504.84,1503.14,1503.9,0
2019-09-20 12:00:00,1503.9,1504.08,1499.81,1499.95,0
2019-09-20 13:00:00,1499.95,1502.03,1498.69,1501.5,0
2019-09-20 14:00:00,1501.51,1504.0,1499.37,1501.86,0
2019-09-20 15:00:00,1501.85,1505.06,1500.54,1504.38,0
2019-09-20 16:00:00,1504.32,1504.61,1502.06,1502.3,0
2019-09-20 17:00:00,1502.3,1503.67,1501.36,1503.34,0
2019-09-20 18:00:00,1503.34,1512.42,1502.85,1510.16,0
2019-09-20 19:00:00,1510.13,1514.3,1509.45,1512.62,0
2019-09-20 20:00:00,1512.61,1517.07,1512.59,1516.5,0
2019-09-20 21:00:00,1516.49,1517.03,1515.4,1516.49,0
2019-09-22 23:00:00,1513.73,1514.47,1510.63,1513.51,0
2019-09-23 00:00:00,1513.53,1514.46,1512.82,1514.46,0
2019-09-23 01:00:00,1514.46,1515.05,1513.91,1514.07,0
2019-09-23 02:00:00,1514.06,1518.2,1511.69,1518.14,0
2019-09-23 03:00:00,1518.13,1519.6,1516.38,1517.42,0
2019-09-23 04:00:00,1517.42,1517.42,1515.8,1516.7,0
2019-09-23 05:00:00,1516.7,1516.7,1514.93,1515.34,0
2019-09-23 06:00:00,1515.33,1516.29,1514.08,1515.65,0
2019-09-23 07:00:00,1515.66,1516.3,1512.93,1514.18,0
2019-09-23 08:00:00,1514.18,1518.51,1511.57,1517.8,0
2019-09-23 09:00:00,1517.74,1521.29,1516.93,1520.65,0
2019-09-23 10:00:00,1520.68,1520.83,1518.09,1518.12,0
2019-09-23 11:00:00,1518.14,1520.65,1517.78,1519.3,0
2019-09-23 12:00:00,1519.31,1520.08,1518.52,1519.19,0
2019-09-23 13:00:00,1519.18,1519.82,1516.29,1518.84,0
2019-09-23 14:00:00,1518.84,1522.54,1517.12,1522.29,0
2019-09-23 15:00:00,1522.33,1526.28,1521.76,1525.96,0
2019-09-23 16:00:00,1525.95,1526.84,1522.27,1522.97,0
2019-09-23 17:00:00,1522.97,1523.58,1520.63,1522.95,0
2019-09-23 18:00:00,1522.97,1524.51,1521.77,1523.34,0
2019-09-23 19:00:00,1523.34,1526.13,1522.98,1523.98,0
2019-09-23 20:00:00,1523.95,1524.83,1522.86,1524.73,0
2019-09-23 21:00:00,1524.62,1524.62,1522.04,1522.12,0
2019-09-23 23:00:00,1522.38,1523.25,1521.98,1522.41,0
2019-09-24 00:00:00,1522.41,1522.71,1519.58,1520.89,0
2019-09-24 01:00:00,1520.89,1522.23,1520.42,1521.28,0
2019-09-24 02:00:00,1521.28,1522.18,1519.46,1520.94,0
2019-09-24 03:00:00,1520.96,1521.98,1520.04,1521.54,0
2019-09-24 04:00:00,1521.54,1521.71,1520.98,1521.23,0
2019-09-24 05:00:00,1521.23,1521.99,1519.58,1520.27,0
2019-09-24 06:00:00,1520.27,1521.78,1519.45,1521.0,0
2019-09-24 07:00:00,1521.0,1522.46,1519.4,1522.37,0
2019-09-24 08:00:00,1522.31,1523.94,1520.24,1523.12,0
2019-09-24 09:00:00,1523.13,1523.87,1521.04,1521.87,0
2019-09-24 10:00:00,1521.83,1521.89,1519.6,1520.98,0
2019-09-24 11:00:00,1520.96,1522.27,1520.68,1521.31,0
2019-09-24 12:00:00,1521.29,1521.48,1519.9,1520.73,0
2019-09-24 13:00:00,1520.73,1523.14,1520.23,1521.7,0
2019-09-24 14:00:00,1521.69,1522.94,1515.64,1517.7,0
2019-09-24 15:00:00,1517.69,1524.4,1517.4,1522.74,0
2019-09-24 16:00:00,1522.72,1529.11,1522.66,1527.22,0
2019-09-24 17:00:00,1527.28,1535.7,1525.69,1534.26,0
2019-09-24 18:00:00,1534.17,1535.11,1530.03,1531.48,0
2019-09-24 19:00:00,1531.47,1534.0,1524.62,1533.79,0
2019-09-24 20:00:00,1533.75,1534.5,1531.8,1532.73,0
2019-09-24 21:00:00,1532.81,1532.9,1530.93,1531.45,0
2019-09-24 23:00:00,1532.07,1534.0,1530.98,1531.31,0
2019-09-25 00:00:00,1531.36,1531.98,1530.97,1531.73,0
2019-09-25 01:00:00,1531.75,1535.15,1531.45,1533.86,0
2019-09-25 02:00:00,1533.85,1534.48,1529.42,1529.84,0
2019-09-25 03:00:00,1529.87,1530.99,1528.07,1529.14,0
2019-09-25 04:00:00,1529.13,1530.28,1528.48,1529.97,0
2019-09-25 05:00:00,1529.97,1530.38,1528.83,1529.02,0
2019-09-25 06:00:00,1529.01,1529.5,1527.66,1528.75,0
2019-09-25 07:00:00,1528.69,1530.19,1527.69,1529.11,0
2019-09-25 08:00:00,1529.07,1532.15,1527.96,1531.78,0
2019-09-25 09:00:00,1531.79,1532.91,1530.47,1531.87,0
2019-09-25 10:00:00,1531.86,1532.26,1530.22,1530.34,0
2019-09-25 11:00:00,1530.34,1530.78,1528.44,1529.06,0
2019-09-25 12:00:00,1529.06,1530.54,1527.88,1528.24,0
2019-09-25 13:00:00,1528.24,1529.24,1526.08,1527.94,0
2019-09-25 14:00:00,1527.92,1529.78,1525.63,1528.29,0
2019-09-25 15:00:00,1528.27,1530.49,1514.36,1517.98,0
2019-09-25 16:00:00,1517.98,1519.66,1508.4,1508.42,0
2019-09-25 17:00:00,1508.41,1509.84,1500.4,1505.45,0
2019-09-25 18:00:00,1505.45,1506.69,1504.04,1505.61,0
2019-09-25 19:00:00,1505.6,1505.74,1500.88,1504.38,0
2019-09-25 20:00:00,1504.38,1505.8,1503.8,1504.33,0
2019-09-25 21:00:00,1504.34,1505.05,1503.4,1503.67,0
2019-09-25 23:00:00,1503.87,1505.07,1503.03,1505.03,0
2019-09-26 00:00:00,1504.99,1507.21,1504.81,1506.53,0
2019-09-26 01:00:00,1506.54,1509.0,1506.48,1507.61,0
2019-09-26 02:00:00,1507.59,1509.55,1506.98,1508.54,0
2019-09-26 03:00:00,1508.52,1510.22,1507.63,1508.89,0
2019-09-26 04:00:00,1508.89,1509.68,1508.47,1509.05,0
2019-09-26 05:00:00,1509.04,1510.02,1508.61,1509.84,0
2019-09-26 06:00:00,1509.84,1511.16,1507.87,1508.43,0
2019-09-26 07:00:00,1508.43,1510.0,1507.31,1508.94,0
2019-09-26 08:00:00,1508.94,1509.42,1505.45,1506.51,0
2019-09-26 09:00:00,1506.51,1508.71,1505.7,1508.46,0
2019-09-26 10:00:00,1508.45,1508.81,1506.79,1507.82,0
2019-09-26 11:00:00,1507.8,1510.27,1507.29,1509.29,0
2019-09-26 12:00:00,1509.3,1509.57,1505.02,1505.65,0
2019-09-26 13:00:00,1505.61,1507.79,1500.29,1507.09,0
2019-09-26 14:00:00,1507.09,1512.35,1505.97,1509.51,0
2019-09-26 15:00:00,1509.48,1510.38,1505.87,1508.4,0
2019-09-26 16:00:00,1508.39,1511.17,1508.17,1508.38,0
2019-09-26 17:00:00,1508.35,1508.94,1505.87,1506.16,0
2019-09-26 18:00:00,1506.16,1508.98,1504.45,1506.16,0
2019-09-26 19:00:00,1506.16,1509.58,1506.14,1507.88,0
2019-09-26 20:00:00,1507.86,1507.88,1501.82,1504.39,0
2019-09-26 21:00:00,1504.43,1505.7,1503.81,1504.44,0
2019-09-26 23:00:00,1504.67,1505.51,1504.13,1505.5,0
2019-09-27 00:00:00,1505.5,1506.87,1505.03,1506.8,0
2019-09-27 01:00:00,1506.85,1507.44,1505.29,1505.71,0
2019-09-27 02:00:00,1505.72,1507.05,1504.82,1505.71,0
2019-09-27 03:00:00,1505.72,1506.11,1504.65,1505.76,0
2019-09-27 04:00:00,1505.77,1506.8,1505.27,1506.74,0
2019-09-27 05:00:00,1506.74,1506.99,1506.0,1506.8,0
2019-09-27 06:00:00,1506.8,1507.03,1504.7,1504.75,0
2019-09-27 07:00:00,1504.73,1505.29,1496.18,1497.76,0
2019-09-27 08:00:00,1497.69,1499.87,1496.69,1498.86,0
2019-09-27 09:00:00,1498.82,1499.7,1496.6,1496.86,0
2019-09-27 10:00:00,1496.86,1498.08,1493.62,1494.03,0
2019-09-27 11:00:00,1494.04,1494.98,1490.72,1492.67,0
2019-09-27 12:00:00,1492.67,1495.61,1492.54,1494.89,0
2019-09-27 13:00:00,1494.89,1497.09,1492.59,1495.47,0
2019-09-27 14:00:00,1495.46,1495.8,1486.84,1491.94,0
2019-09-27 15:00:00,1491.88,1495.4,1489.86,1493.27,0
2019-09-27 16:00:00,1493.29,1499.1,1490.88,1493.82,0
2019-09-27 17:00:00,1493.83,1502.64,1493.16,1502.17,0
2019-09-27 18:00:00,1502.14,1503.14,1498.34,1498.8,0
2019-09-27 19:00:00,1498.8,1499.96,1496.68,1499.32,0
2019-09-27 20:00:00,1499.32,1499.51,1495.98,1496.36,0
2019-09-27 21:00:00,1496.39,1498.25,1496.39,1496.86,0
2019-09-29 23:00:00,1494.81,1500.55,1494.54,1498.2,0
2019-09-30 00:00:00,1498.2,1498.54,1496.24,1496.29,0
2019-09-30 01:00:00,1496.29,1497.28,1495.42,1496.91,0
2019-09-30 02:00:00,1496.91,1497.21,1492.86,1493.54,0
2019-09-30 03:00:00,1493.53,1493.9,1491.19,1492.0,0
2019-09-30 04:00:00,1492.0,1492.66,1491.13,1492.03,0
2019-09-30 05:00:00,1492.02,1493.9,1491.6,1493.65,0
2019-09-30 06:00:00,1493.65,1494.22,1492.6,1493.8,0
2019-09-30 07:00:00,1493.79,1494.05,1488.06,1491.15,0
2019-09-30 08:00:00,1491.15,1494.46,1489.73,1490.33,0
2019-09-30 09:00:00,1490.34,1490.64,1486.73,1487.63,0
2019-09-30 10:00:00,1487.58,1488.42,1485.57,1487.98,0
2019-09-30 11:00:00,1487.95,1487.96,1486.05,1487.53,0
2019-09-30 12:00:00,1487.54,1488.34,1481.16,1484.53,0
2019-09-30 13:00:00,1484.53,1486.13,1481.7,1484.62,0
2019-09-30 14:00:00,1484.61,1487.47,1481.75,1486.08,0
2019-09-30 15:00:00,1486.09,1486.4,1479.68,1480.88,0
2019-09-30 16:00:00,1480.88,1482.32,1466.08,1468.34,0
2019-09-30 17:00:00,1468.32,1473.07,1467.36,1470.46,0
2019-09-30 18:00:00,1470.47,1470.81,1464.53,1468.79,0
2019-09-30 19:00:00,1468.8,1473.92,1467.3,1473.67,0
2019-09-30 20:00:00,1473.68,1474.92,1472.01,1473.46,0
2019-09-30 21:00:00,1473.42,1473.55,1472.05,1472.55,0
2019-09-30 23:00:00,1471.89,1473.69,1471.89,1472.99,0
2019-10-01 00:00:00,1472.98,1474.07,1472.78,1473.67,0
2019-10-01 01:00:00,1473.67,1474.82,1469.74,1471.1,0
2019-10-01 02:00:00,1471.1,1471.57,1468.37,1469.22,0
2019-10-01 03:00:00,1469.17,1469.17,1466.69,1467.2,0
2019-10-01 04:00:00,1467.19,1468.71,1462.67,1463.43,0
2019-10-01 05:00:00,1463.44,1466.36,1462.84,1466.2,0
2019-10-01 06:00:00,1466.19,1466.56,1461.97,1462.64,0
2019-10-01 07:00:00,1462.61,1463.57,1460.78,1462.92,0
2019-10-01 08:00:00,1462.92,1464.92,1459.22,1461.58,0
2019-10-01 09:00:00,1461.58,1462.93,1459.1,1462.33,0
2019-10-01 10:00:00,1462.33,1467.89,1462.13,1466.98,0
2019-10-01 11:00:00,1466.98,1470.2,1465.7,1468.09,0
2019-10-01 12:00:00,1468.13,1470.05,1466.08,1466.78,0
2019-10-01 13:00:00,1466.78,1468.85,1462.32,1464.51,0
2019-10-01 14:00:00,1464.52,1466.91,1462.1,1464.3,0
2019-10-01 15:00:00,1464.3,1483.74,1464.3,1483.65,0
2019-10-01 16:00:00,1483.62,1485.12,1481.8,1484.39,0
2019-10-01 17:00:00,1484.41,1487.28,1481.37,1483.33,0
2019-10-01 18:00:00,1483.32,1484.77,1481.43,1482.75,0
2019-10-01 19:00:00,1482.79,1482.98,1477.61,1479.42,0
2019-10-01 20:00:00,1479.55,1482.0,1478.48,1481.25,0
2019-10-01 21:00:00,1481.14,1481.33,1478.85,1479.25,0
2019-10-01 23:00:00,1478.83,1480.83,1478.36,1478.62,0
2019-10-02 00:00:00,1478.64,1482.44,1478.52,1481.58,0
2019-10-02 01:00:00,1481.58,1481.94,1480.14,1480.23,0
2019-10-02 02:00:00,1480.25,1480.25,1478.05,1478.21,0
2019-10-02 03:00:00,1478.24,1478.41,1476.92,1477.5,0
2019-10-02 04:00:00,1477.5,1478.35,1477.17,1477.22,0
2019-10-02 05:00:00,1477.25,1477.67,1475.9,1476.32,0
2019-10-02 06:00:00,1476.32,1478.83,1475.8,1478.16,0
2019-10-02 07:00:00,1478.16,1478.16,1474.54,1476.61,0
2019-10-02 08:00:00,1476.61,1484.2,1475.88,1481.27,0
2019-10-02 09:00:00,1481.27,1483.66,1478.71,1482.14,0
2019-10-02 10:00:00,1482.16,1485.05,1481.2,1483.67,0
2019-10-02 11:00:00,1483.72,1485.04,1482.68,1484.69,0
2019-10-02 12:00:00,1484.69,1487.97,1484.24,1486.11,0
2019-10-02 13:00:00,1486.15,1492.63,1484.09,1492.42,0
2019-10-02 14:00:00,1492.42,1498.06,1491.73,1494.47,0
2019-10-02 15:00:00,1494.47,1497.96,1490.14,1495.6,0
2019-10-02 16:00:00,1495.58,1502.84,1494.93,1498.4,0
2019-10-02 17:00:00,1498.34,1502.18,1498.22,1502.07,0
2019-10-02 18:00:00,1502.09,1505.12,1499.86,1503.43,0
2019-10-02 19:00:00,1503.43,1504.2,1497.74,1499.01,0
2019-10-02 20:00:00,1499.0,1500.43,1497.72,1498.91,0
2019-10-02 21:00:00,1498.92,1500.85,1498.57,1499.85,0
2019-10-02 23:00:00,1499.22,1500.31,1499.1,1499.43,0
2019-10-03 00:00:00,1499.46,1500.55,1499.24,1500.06,0
2019-10-03 01:00:00,1500.05,1502.77,1499.41,1500.91,0
2019-10-03 02:00:00,1500.94,1501.92,1499.94,1501.19,0
2019-10-03 03:00:00,1501.18,1501.51,1500.15,1500.97,0
2019-10-03 04:00:00,1500.97,1500.99,1497.87,1498.75,0
2019-10-03 05:00:00,1498.73,1499.48,1498.34,1498.64,0
2019-10-03 06:00:00,1498.63,1499.25,1497.69,1498.25,0
2019-10-03 07:00:00,1498.27,1503.63,1495.81,1496.81,0
2019-10-03 08:00:00,1496.81,1499.5,1496.53,1498.64,0
2019-10-03 09:00:00,1498.64,1503.59,1497.77,1502.74,0
2019-10-03 10:00:00,1502.72,1504.57,1499.85,1500.36,0
2019-10-03 11:00:00,1500.36,1502.71,1499.31,1502.25,0
2019-10-03 12:00:00,1502.31,1505.29,1501.76,1503.6,0
2019-10-03 13:00:00,1503.59,1503.72,1498.8,1500.95,0
2019-10-03 14:00:00,1500.91,1502.83,1498.26,1501.15,0
2019-10-03 15:00:00,1501.15,1519.64,1501.15,1513.69,0
2019-10-03 16:00:00,1513.7,1514.76,1505.46,1510.36,0
2019-10-03 17:00:00,1510.32,1510.43,1506.39,1507.94,0
2019-10-03 18:00:00,1507.9,1509.86,1505.26,1506.92,0
2019-10-03 19:00:00,1506.91,1509.08,1506.77,1507.02,0
2019-10-03 20:00:00,1507.01,1508.03,1504.81,1505.58,0
2019-10-03 21:00:00,1505.57,1506.19,1504.75,1504.8,0
2019-10-03 23:00:00,1505.53,1507.06,1504.78,1507.04,0
2019-10-04 00:00:00,1507.05,1509.03,1506.41,1508.29,0
2019-10-04 01:00:00,1508.29,1508.71,1507.05,1507.71,0
2019-10-04 02:00:00,1507.7,1508.99,1506.88,1508.57,0
2019-10-04 03:00:00,1508.57,1510.06,1508.22,1509.94,0
2019-10-04 04:00:00,1509.96,1510.07,1508.6,1509.91,0
2019-10-04 05:00:00,1509.91,1509.94,1507.47,1507.83,0
2019-10-04 06:00:00,1507.83,1508.55,1506.57,1506.91,0
2019-10-04 07:00:00,1506.9,1509.7,1506.45,1507.98,0
2019-10-04 08:00:00,1508.08,1509.92,1506.95,1508.45,0
2019-10-04 09:00:00,1508.45,1509.33,1507.76,1508.78,0
2019-10-04 10:00:00,1508.77,1509.79,1508.29,1509.44,0
2019-10-04 11:00:00,1509.44,1510.42,1508.71,1509.45,0
2019-10-04 12:00:00,1509.45,1509.92,1507.66,1508.29,0
2019-10-04 13:00:00,1508.29,1514.7,1495.81,1496.56,0
2019-10-04 14:00:00,1496.58,1503.56,1495.85,1498.82,0
2019-10-04 15:00:00,1498.79,1508.0,1498.62,1506.77,0
2019-10-04 16:00:00,1506.78,1508.72,1502.39,1503.71,0
2019-10-04 17:00:00,1503.71,1509.66,1503.1,1508.4,0
2019-10-04 18:00:00,1508.39,1508.98,1504.31,1504.64,0
2019-10-04 19:00:00,1504.61,1507.5,1502.76,1507.04,0
2019-10-04 20:00:00,1507.08,1507.33,1504.17,1505.61,0
2019-10-04 21:00:00,1505.65,1505.77,1503.43,1504.64,0
2019-10-06 23:00:00,1512.65,1512.65,1505.99,1506.04,0
2019-10-07 00:00:00,1506.07,1508.32,1505.46,1508.13,0
2019-10-07 01:00:00,1508.13,1508.6,1506.63,1508.48,0
2019-10-07 02:00:00,1508.49,1509.33,1507.62,1507.73,0
2019-10-07 03:00:00,1507.73,1507.88,1506.53,1507.85,0
2019-10-07 04:00:00,1507.84,1507.89,1506.49,1506.81,0
2019-10-07 05:00:00,1506.81,1506.85,1505.57,1505.79,0
2019-10-07 06:00:00,1505.78,1506.11,1504.2,1505.36,0
2019-10-07 07:00:00,1505.35,1506.96,1504.55,1506.16,0
2019-10-07 08:00:00,1506.14,1507.72,1500.47,1502.89,0
2019-10-07 09:00:00,1502.89,1503.68,1500.63,1501.58,0
2019-10-07 10:00:00,1501.58,1503.2,1501.1,1502.85,0
2019-10-07 11:00:00,1502.86,1502.97,1499.51,1499.71,0
2019-10-07 12:00:00,1499.73,1500.72,1497.28,1498.9,0
2019-10-07 13:00:00,1498.9,1500.39,1497.48,1498.37,0
2019-10-07 14:00:00,1498.37,1502.31,1495.73,1501.8,0
2019-10-07 15:00:00,1501.77,1504.15,1500.58,1502.84,0
2019-10-07 16:00:00,1502.82,1502.82,1498.13,1498.72,0
2019-10-07 17:00:00,1498.72,1499.92,1497.6,1499.7,0
2019-10-07 18:00:00,1499.7,1500.35,1488.06,1491.66,0
2019-10-07 19:00:00,1491.66,1494.37,1490.2,1492.66,0
2019-10-07 20:00:00,1492.68,1493.13,1491.63,1492.88,0
2019-10-07 21:00:00,1492.86,1493.44,1491.78,1493.38,0
2019-10-07 23:00:00,1493.35,1494.42,1492.61,1492.62,0
2019-10-08 00:00:00,1492.6,1492.82,1491.59,1492.09,0
2019-10-08 01:00:00,1492.1,1492.39,1488.55,1489.32,0
2019-10-08 02:00:00,1489.32,1493.96,1486.89,1491.68,0
2019-10-08 03:00:00,1491.68,1492.37,1490.35,1491.79,0
2019-10-08 04:00:00,1491.81,1492.65,1490.69,1491.34,0
2019-10-08 05:00:00,1491.34,1491.44,1490.78,1491.16,0
2019-10-08 06:00:00,1491.16,1492.13,1489.99,1490.83,0
2019-10-08 07:00:00,1490.83,1491.68,1488.69,1491.03,0
2019-10-08 08:00:00,1491.06,1497.87,1491.06,1496.77,0
2019-10-08 09:00:00,1496.79,1499.55,1495.82,1498.57,0
2019-10-08 10:00:00,1498.56,1501.45,1498.11,1501.19,0
2019-10-08 11:00:00,1501.15,1504.83,1500.92,1502.42,0
2019-10-08 12:00:00,1502.43,1506.87,1502.43,1506.0,0
2019-10-08 13:00:00,1506.0,1506.43,1502.45,1503.74,0
2019-10-08 14:00:00,1503.72,1508.76,1502.27,1506.25,0
2019-10-08 15:00:00,1506.23,1506.69,1501.79,1502.13,0
2019-10-08 16:00:00,1502.11,1504.51,1501.05,1501.89,0
2019-10-08 17:00:00,1501.88,1502.51,1498.76,1500.14,0
2019-10-08 18:00:00,1500.14,1501.15,1497.81,1501.03,0
2019-10-08 19:00:00,1501.03,1509.74,1499.7,1505.19,0
2019-10-08 20:00:00,1505.17,1506.74,1502.86,1505.99,0
2019-10-08 21:00:00,1506.0,1506.24,1505.12,1505.61,0
2019-10-08 23:00:00,1505.18,1507.32,1505.18,1507.19,0
2019-10-09 00:00:00,1507.19,1509.36,1507.19,1508.81,0
2019-10-09 01:00:00,1508.81,1508.82,1504.85,1505.47,0
2019-10-09 02:00:00,1505.45,1507.12,1503.96,1505.26,0
2019-10-09 03:00:00,1505.18,1505.75,1504.98,1505.12,0
2019-10-09 04:00:00,1505.11,1506.0,1504.7,1505.6,0
2019-10-09 05:00:00,1505.6,1506.7,1505.52,1505.99,0
2019-10-09 06:00:00,1505.99,1508.26,1505.09,1506.97,0
2019-10-09 07:00:00,1506.91,1508.27,1505.36,1508.24,0
2019-10-09 08:00:00,1508.26,1511.41,1506.15,1508.36,0
2019-10-09 09:00:00,1508.37,1508.46,1504.11,1505.34,0
2019-10-09 10:00:00,1505.35,1506.96,1499.94,1501.34,0
2019-10-09 11:00:00,1501.29,1503.33,1500.85,1502.26,0
2019-10-09 12:00:00,1502.27,1503.0,1499.92,1501.92,0
2019-10-09 13:00:00,1501.93,1507.54,1501.92,1504.79,0
2019-10-09 14:00:00,1504.79,1509.2,1504.79,1507.77,0
2019-10-09 15:00:00,1507.77,1509.3,1506.6,1507.69,0
2019-10-09 16:00:00,1507.7,1508.58,1505.93,1507.69,0
2019-10-09 17:00:00,1507.69,1507.69,1504.05,1504.78,0
2019-10-09 18:00:00,1504.81,1508.13,1503.05,1507.04,0
2019-10-09 19:00:00,1507.04,1508.47,1504.66,1507.62,0
2019-10-09 20:00:00,1507.52,1512.18,1505.15,1507.16,0
2019-10-09 21:00:00,1507.19,1507.58,1504.96,1505.6,0
2019-10-09 23:00:00,1505.36,1517.07,1505.36,1515.54,0
2019-10-10 00:00:00,1515.47,1516.24,1511.42,1511.49,0
2019-10-10 01:00:00,1511.64,1514.04,1507.55,1511.67,0
2019-10-10 02:00:00,1511.6,1511.62,1505.49,1508.88,0
2019-10-10 03:00:00,1508.89,1509.81,1507.84,1509.32,0
2019-10-10 04:00:00,1509.31,1509.64,1508.63,1508.94,0
2019-10-10 05:00:00,1508.95,1509.26,1508.08,1508.55,0
2019-10-10 06:00:00,1508.54,1508.61,1505.71,1506.48,0
2019-10-10 07:00:00,1506.46,1507.86,1503.83,1506.83,0
2019-10-10 08:00:00,1506.82,1510.39,1505.04,1508.87,0
2019-10-10 09:00:00,1508.86,1509.92,1507.07,1508.78,0
2019-10-10 10:00:00,1508.8,1509.36,1507.16,1508.46,0
2019-10-10 11:00:00,1508.46,1509.17,1505.45,1506.49,0
2019-10-10 12:00:00,1506.49,1509.86,1505.46,1508.43,0
2019-10-10 13:00:00,1508.37,1511.28,1501.01,1502.74,0
2019-10-10 14:00:00,1502.78,1504.45,1493.48,1494.7,0
2019-10-10 15:00:00,1494.7,1496.83,1491.76,1493.45,0
2019-10-10 16:00:00,1493.44,1495.71,1491.86,1494.4,0
2019-10-10 17:00:00,1494.4,1497.72,1493.82,1495.31,0
2019-10-10 18:00:00,1495.31,1498.23,1495.29,1497.18,0
2019-10-10 19:00:00,1497.18,1499.81,1494.44,1494.9,0
2019-10-10 20:00:00,1494.94,1495.35,1493.27,1494.07,0
2019-10-10 21:00:00,1494.13,1494.34,1491.14,1493.39,0
2019-10-10 23:00:00,1493.75,1495.41,1491.18,1493.2,0
2019-10-11 00:00:00,1493.23,1494.37,1492.72,1494.09,0
2019-10-11 01:00:00,1494.16,1495.07,1490.88,1491.11,0
2019-10-11 02:00:00,1491.11,1496.97,1491.11,1495.76,0
2019-10-11 03:00:00,1495.76,1497.25,1495.25,1496.58,0
2019-10-11 04:00:00,1496.58,1496.7,1494.95,1495.43,0
2019-10-11 05:00:00,1495.4,1495.95,1494.56,1495.32,0
2019-10-11 06:00:00,1495.32,1496.6,1493.87,1496.18,0
2019-10-11 07:00:00,1496.16,1500.25,1496.05,1498.86,0
2019-10-11 08:00:00,1498.87,1503.05,1498.76,1502.54,0
2019-10-11 09:00:00,1502.52,1503.2,1497.74,1498.97,0
2019-10-11 10:00:00,1498.98,1499.91,1493.73,1495.15,0
2019-10-11 11:00:00,1495.15,1495.64,1492.54,1494.63,0
2019-10-11 12:00:00,1494.61,1495.89,1479.56,1482.9,0
2019-10-11 13:00:00,1482.88,1485.98,1482.44,1484.06,0
2019-10-11 14:00:00,1483.99,1487.98,1479.97,1483.0,0
2019-10-11 15:00:00,1482.97,1482.97,1474.05,1478.16,0
2019-10-11 16:00:00,1478.18,1483.4,1477.81,1481.58,0
2019-10-11 17:00:00,1481.57,1486.99,1479.4,1484.94,0
2019-10-11 18:00:00,1484.94,1486.8,1480.95,1485.04,0
2019-10-11 19:00:00,1484.99,1485.36,1483.33,1484.21,0
2019-10-11 20:00:00,1484.21,1486.9,1479.4,1485.92,0
2019-10-11 21:00:00,1485.87,1488.95,1485.33,1488.59,0
2019-10-13 23:00:00,1487.38,1488.74,1482.85,1484.13,0
2019-10-14 00:00:00,1484.18,1485.41,1483.3,1484.69,0
2019-10-14 01:00:00,1484.69,1486.48,1483.91,1485.83,0
2019-10-14 02:00:00,1485.81,1488.27,1483.81,1486.16,0
2019-10-14 03:00:00,1486.17,1487.28,1484.75,1486.84,0
2019-10-14 04:00:00,1486.84,1487.16,1485.23,1486.37,0
2019-10-14 05:00:00,1486.37,1487.16,1485.68,1486.84,0
2019-10-14 06:00:00,1486.82,1488.11,1485.68,1487.69,0
2019-10-14 07:00:00,1487.67,1489.34,1487.17,1487.63,0
2019-10-14 08:00:00,1487.65,1490.28,1487.58,1489.98,0
2019-10-14 09:00:00,1489.98,1490.59,1488.87,1490.04,0
2019-10-14 10:00:00,1490.04,1496.28,1489.95,1494.34,0
2019-10-14 11:00:00,1494.34,1496.28,1494.18,1494.71,0
2019-10-14 12:00:00,1494.71,1497.16,1493.85,1494.25,0
2019-10-14 13:00:00,1494.17,1494.45,1490.87,1491.68,0
2019-10-14 14:00:00,1491.68,1494.2,1488.72,1491.41,0
2019-10-14 15:00:00,1491.42,1492.57,1489.42,1491.33,0
2019-10-14 16:00:00,1491.33,1492.56,1491.33,1492.4,0
2019-10-14 17:00:00,1492.39,1493.38,1490.99,1493.34,0
2019-10-14 18:00:00,1493.32,1493.7,1492.34,1492.97,0
2019-10-14 19:00:00,1492.97,1493.53,1491.36,1491.47,0
2019-10-14 20:00:00,1491.46,1492.78,1490.55,1492.05,0
2019-10-14 21:00:00,1492.04,1493.1,1492.01,1493.07,0
2019-10-14 23:00:00,1493.51,1493.51,1491.76,1491.87,0
2019-10-15 00:00:00,1491.87,1492.4,1490.82,1491.27,0
2019-10-15 01:00:00,1491.27,1493.73,1491.25,1492.92,0
2019-10-15 02:00:00,1492.9,1495.15,1491.83,1495.0,0
2019-10-15 03:00:00,1495.0,1495.19,1493.79,1494.52,0
2019-10-15 04:00:00,1494.53,1495.49,1494.36,1494.53,0
2019-10-15 05:00:00,1494.53,1494.71,1493.87,1493.89,0
2019-10-15 06:00:00,1493.88,1494.19,1491.12,1491.47,0
2019-10-15 07:00:00,1491.44,1492.74,1488.8,1490.49,0
2019-10-15 08:00:00,1490.5,1493.23,1489.17,1492.73,0
2019-10-15 09:00:00,1492.73,1495.43,1491.57,1494.55,0
2019-10-15 10:00:00,1494.51,1495.87,1493.75,1494.18,0
2019-10-15 11:00:00,1494.22,1498.43,1494.03,1495.35,0
2019-10-15 12:00:00,1495.35,1495.47,1492.04,1493.59,0
2019-10-15 13:00:00,1493.58,1494.33,1490.91,1491.06,0
2019-10-15 14:00:00,1491.08,1492.49,1485.9,1487.66,0
2019-10-15 15:00:00,1487.67,1487.73,1478.5,1479.28,0
2019-10-15 16:00:00,1479.34,1483.13,1477.24,1481.35,0
2019-10-15 17:00:00,1481.43,1481.74,1480.29,1480.77,0
2019-10-15 18:00:00,1480.75,1480.75,1479.04,1480.5,0
2019-10-15 19:00:00,1480.5,1481.96,1479.99,1481.57,0
2019-10-15 20:00:00,1481.57,1481.78,1480.24,1481.19,0
2019-10-15 21:00:00,1481.24,1481.62,1480.67,1481.15,0
2019-10-15 23:00:00,1481.04,1481.59,1480.54,1481.11,0
2019-10-16 00:00:00,1481.11,1481.99,1480.61,1481.97,0
2019-10-16 01:00:00,1481.98,1485.05,1480.89,1483.62,0
2019-10-16 02:00:00,1483.64,1484.63,1482.13,1483.1,0
2019-10-16 03:00:00,1483.1,1483.53,1481.99,1482.96,0
2019-10-16 04:00:00,1482.96,1484.02,1482.47,1483.39,0
2019-10-16 05:00:00,1483.38,1484.68,1483.32,1484.35,0
2019-10-16 06:00:00,1484.33,1484.8,1483.14,1483.81,0
2019-10-16 07:00:00,1483.8,1483.81,1478.57,1480.97,0
2019-10-16 08:00:00,1480.97,1485.84,1480.27,1483.48,0
2019-10-16 09:00:00,1483.43,1485.61,1483.17,1483.63,0
2019-10-16 10:00:00,1483.61,1485.84,1481.8,1482.16,0
2019-10-16 11:00:00,1482.16,1483.78,1480.82,1481.65,0
2019-10-16 12:00:00,1481.6,1482.21,1479.39,1481.97,0
2019-10-16 13:00:00,1481.97,1491.29,1477.08,1490.66,0
2019-10-16 14:00:00,1490.67,1491.61,1483.99,1486.79,0
2019-10-16 15:00:00,1486.77,1486.92,1482.38,1485.4,0
2019-10-16 16:00:00,1485.44,1488.37,1484.58,1488.12,0
2019-10-16 17:00:00,1488.12,1490.01,1487.49,1488.9,0
2019-10-16 18:00:00,1488.9,1490.84,1488.04,1489.2,0
2019-10-16 19:00:00,1489.13,1489.74,1485.95,1489.55,0
2019-10-16 20:00:00,1489.53,1490.78,1489.09,1489.59,0
2019-10-16 21:00:00,1489.59,1490.24,1489.5,1489.63,0
2019-10-16 23:00:00,1490.29,1491.03,1489.72,1490.69,0
2019-10-17 00:00:00,1490.69,1491.02,1489.94,1490.1,0
2019-10-17 01:00:00,1490.1,1493.1,1488.81,1491.81,0
2019-10-17 02:00:00,1491.8,1491.8,1487.71,1488.31,0
2019-10-17 03:00:00,1488.32,1489.08,1487.56,1488.38,0
2019-10-17 04:00:00,1488.39,1488.93,1487.94,1488.48,0
2019-10-17 05:00:00,1488.48,1488.73,1487.64,1487.65,0
2019-10-17 06:00:00,1487.65,1490.56,1487.14,1490.21,0
2019-10-17 07:00:00,1490.25,1491.87,1489.61,1491.05,0
2019-10-17 08:00:00,1491.05,1491.46,1487.58,1487.76,0
2019-10-17 09:00:00,1487.74,1490.24,1487.27,1488.56,0
2019-10-17 10:00:00,1488.56,1489.57,1483.48,1485.95,0
2019-10-17 11:00:00,1485.95,1487.32,1484.57,1486.87,0
2019-10-17 12:00:00,1486.88,1491.15,1486.86,1488.38,0
2019-10-17 13:00:00,1488.38,1493.75,1487.88,1490.16,0
2019-10-17 14:00:00,1490.17,1494.41,1489.38,1493.33,0
2019-10-17 15:00:00,1493.33,1493.65,1489.91,1491.44,0
2019-10-17 16:00:00,1491.46,1496.44,1490.19,1496.41,0
2019-10-17 17:00:00,1496.42,1497.36,1494.66,1494.73,0
2019-10-17 18:00:00,1494.72,1495.79,1494.05,1495.36,0
2019-10-17 19:00:00,1495.39,1495.53,1491.92,1492.27,0
2019-10-17 20:00:00,1492.21,1492.68,1491.11,1491.87,0
2019-10-17 21:00:00,1491.94,1492.93,1491.65,1491.84,0
2019-10-17 23:00:00,1491.81,1494.11,1491.81,1492.76,0
2019-10-18 00:00:00,1492.76,1493.55,1492.53,1492.86,0
2019-10-18 01:00:00,1492.86,1493.09,1491.59,1492.32,0
2019-10-18 02:00:00,1492.3,1492.87,1491.4,1491.94,0
2019-10-18 03:00:00,1491.91,1492.7,1490.75,1492.11,0
2019-10-18 04:00:00,1492.11,1492.87,1491.9,1492.39,0
2019-10-18 05:00:00,1492.39,1492.57,1491.52,1491.58,0
2019-10-18 06:00:00,1491.58,1493.02,1491.02,1492.25,0
2019-10-18 07:00:00,1492.25,1492.37,1489.19,1490.32,0
2019-10-18 08:00:00,1490.32,1490.5,1487.49,1488.09,0
2019-10-18 09:00:00,1488.09,1489.39,1486.98,1487.52,0
2019-10-18 10:00:00,1487.52,1488.87,1487.33,1488.57,0
2019-10-18 11:00:00,1488.54,1489.87,1485.92,1486.52,0
2019-10-18 12:00:00,1486.57,1489.77,1484.93,1489.07,0
2019-10-18 13:00:00,1489.08,1491.35,1489.0,1490.73,0
2019-10-18 14:00:00,1490.78,1493.47,1489.15,1490.5,0
2019-10-18 15:00:00,1490.52,1492.47,1488.82,1491.04,0
2019-10-18 16:00:00,1491.0,1492.74,1489.61,1491.17,0
2019-10-18 17:00:00,1491.15,1492.57,1489.84,1492.0,0
2019-10-18 18:00:00,1491.98,1492.0,1489.6,1490.78,0
2019-10-18 19:00:00,1490.78,1491.88,1490.44,1491.19,0
2019-10-18 20:00:00,1491.18,1491.56,1490.26,1490.74,0
2019-10-18 21:00:00,1490.73,1490.84,1489.79,1490.17,0
2019-10-20 23:00:00,1491.63,1492.32,1490.54,1491.28,0
2019-10-21 00:00:00,1491.27,1491.99,1490.82,1491.61,0
2019-10-21 01:00:00,1491.61,1492.04,1490.27,1490.63,0
2019-10-21 02:00:00,1490.63,1491.32,1489.16,1489.64,0
2019-10-21 03:00:00,1489.63,1490.33,1489.33,1490.31,0
2019-10-21 04:00:00,1490.26,1490.78,1489.93,1490.43,0
2019-10-21 05:00:00,1490.43,1490.44,1489.64,1489.7,0
2019-10-21 06:00:00,1489.7,1492.84,1489.6,1492.26,0
2019-10-21 07:00:00,1492.28,1493.63,1490.63,1491.91,0
2019-10-21 08:00:00,1491.91,1492.58,1488.19,1488.54,0
2019-10-21 09:00:00,1488.55,1489.86,1487.42,1489.71,0
2019-10-21 10:00:00,1489.71,1491.81,1489.46,1491.68,0
2019-10-21 11:00:00,1491.68,1491.88,1490.73,1491.48,0
2019-10-21 12:00:00,1491.53,1492.52,1490.04,1490.07,0
2019-10-21 13:00:00,1490.07,1492.65,1489.77,1492.14,0
2019-10-21 14:00:00,1492.16,1495.23,1489.39,1491.92,0
2019-10-21 15:00:00,1491.97,1493.09,1488.38,1488.47,0
2019-10-21 16:00:00,1488.43,1488.84,1483.4,1485.05,0
2019-10-21 17:00:00,1485.05,1486.58,1484.39,1484.51,0
2019-10-21 18:00:00,1484.54,1486.14,1483.93,1485.76,0
2019-10-21 19:00:00,1485.76,1485.81,1482.87,1483.66,0
2019-10-21 20:00:00,1483.68,1483.83,1481.54,1483.7,0
2019-10-21 21:00:00,1483.73,1484.46,1483.59,1484.17,0
2019-10-21 23:00:00,1484.18,1485.18,1483.71,1483.94,0
2019-10-22 00:00:00,1483.93,1484.25,1483.36,1484.17,0
2019-10-22 01:00:00,1484.16,1484.3,1480.88,1483.07,0
2019-10-22 02:00:00,1483.07,1484.36,1481.44,1484.14,0
2019-10-22 03:00:00,1484.15,1484.69,1483.32,1484.2,0
2019-10-22 04:00:00,1484.2,1484.68,1483.79,1484.33,0
2019-10-22 05:00:00,1484.33,1485.48,1484.2,1484.64,0
2019-10-22 06:00:00,1484.64,1485.89,1484.15,1485.23,0
2019-10-22 07:00:00,1485.23,1486.13,1484.37,1485.86,0
2019-10-22 08:00:00,1485.91,1488.96,1485.91,1487.26,0
2019-10-22 09:00:00,1487.27,1488.99,1487.27,1488.21,0
2019-10-22 10:00:00,1488.2,1488.67,1486.83,1487.82,0
2019-10-22 11:00:00,1487.79,1488.36,1487.36,1487.75,0
2019-10-22 12:00:00,1487.76,1487.87,1485.85,1487.38,0
2019-10-22 13:00:00,1487.38,1487.72,1484.35,1486.92,0
2019-10-22 14:00:00,1486.91,1488.95,1485.41,1486.91,0
2019-10-22 15:00:00,1486.9,1487.24,1483.89,1484.24,0
2019-10-22 16:00:00,1484.22,1485.48,1483.13,1484.26,0
2019-10-22 17:00:00,1484.25,1484.6,1482.76,1484.14,0
2019-10-22 18:00:00,1484.24,1486.02,1483.8,1485.17,0
2019-10-22 19:00:00,1485.17,1488.68,1483.21,1487.63,0
2019-10-22 20:00:00,1487.61,1488.36,1486.65,1487.58,0
2019-10-22 21:00:00,1487.59,1488.37,1487.3,1487.69,0
2019-10-22 23:00:00,1487.83,1488.71,1487.64,1488.03,0
2019-10-23 00:00:00,1488.03,1489.31,1487.73,1488.84,0
2019-10-23 01:00:00,1488.84,1490.65,1488.75,1488.83,0
2019-10-23 02:00:00,1488.83,1489.9,1487.74,1489.21,0
2019-10-23 03:00:00,1489.19,1489.62,1488.28,1489.62,0
2019-10-23 04:00:00,1489.62,1489.72,1488.87,1489.25,0
2019-10-23 05:00:00,1489.25,1489.98,1489.14,1489.78,0
2019-10-23 06:00:00,1489.77,1490.43,1488.91,1489.32,0
2019-10-23 07:00:00,1489.32,1491.61,1488.17,1491.53,0
2019-10-23 08:00:00,1491.56,1493.83,1490.58,1492.78,0
2019-10-23 09:00:00,1492.78,1495.06,1492.35,1494.7,0
2019-10-23 10:00:00,1494.71,1495.08,1493.18,1493.31,0
2019-10-23 11:00:00,1493.31,1493.52,1490.13,1491.21,0
2019-10-23 12:00:00,1491.21,1493.26,1491.19,1492.12,0
2019-10-23 13:00:00,1492.18,1493.92,1491.31,1492.98,0
2019-10-23 14:00:00,1492.97,1496.31,1491.51,1495.4,0
2019-10-23 15:00:00,1495.39,1495.71,1492.86,1493.53,0
2019-10-23 16:00:00,1493.56,1494.48,1492.68,1493.47,0
2019-10-23 17:00:00,1493.47,1494.38,1492.03,1492.4,0
2019-10-23 18:00:00,1492.4,1493.09,1491.19,1491.96,0
2019-10-23 19:00:00,1491.95,1493.71,1491.74,1492.66,0
2019-10-23 20:00:00,1492.67,1493.79,1491.21,1491.83,0
2019-10-23 21:00:00,1491.87,1491.93,1491.15,1491.85,0
2019-10-23 23:00:00,1491.94,1492.64,1491.38,1492.49,0
2019-10-24 00:00:00,1492.5,1492.55,1491.92,1492.13,0
2019-10-24 01:00:00,1492.13,1492.74,1490.99,1491.66,0
2019-10-24 02:00:00,1491.67,1493.44,1491.42,1493.28,0
2019-10-24 03:00:00,1493.28,1493.62,1492.46,1492.66,0
2019-10-24 04:00:00,1492.66,1493.31,1492.18,1492.39,0
2019-10-24 05:00:00,1492.39,1493.04,1491.99,1492.8,0
2019-10-24 06:00:00,1492.79,1493.54,1492.13,1492.89,0
2019-10-24 07:00:00,1492.87,1492.87,1490.52,1492.04,0
2019-10-24 08:00:00,1492.04,1492.64,1488.02,1489.87,0
2019-10-24 09:00:00,1489.9,1491.99,1489.48,1489.94,0
2019-10-24 10:00:00,1489.94,1490.19,1488.31,1488.8,0
2019-10-24 11:00:00,1488.79,1490.36,1488.67,1490.27,0
2019-10-24 12:00:00,1490.27,1491.15,1489.7,1490.9,0
2019-10-24 13:00:00,1490.9,1495.47,1490.77,1492.69,0
2019-10-24 14:00:00,1492.64,1501.53,1492.37,1498.99,0
2019-10-24 15:00:00,1498.96,1503.14,1497.43,1502.59,0
2019-10-24 16:00:00,1502.53,1502.85,1499.17,1499.8,0
2019-10-24 17:00:00,1499.82,1502.53,1499.58,1501.08,0
2019-10-24 18:00:00,1501.07,1502.88,1500.83,1502.0,0
2019-10-24 19:00:00,1501.98,1504.04,1501.84,1503.27,0
2019-10-24 20:00:00,1503.33,1503.67,1501.88,1502.09,0
2019-10-24 21:00:00,1502.02,1503.47,1502.02,1503.24,0
2019-10-24 23:00:00,1503.53,1503.84,1502.95,1502.98,0
2019-10-25 00:00:00,1502.98,1503.44,1502.52,1502.74,0
2019-10-25 01:00:00,1502.75,1502.9,1501.03,1501.43,0
2019-10-25 02:00:00,1501.42,1502.88,1500.84,1502.33,0
2019-10-25 03:00:00,1502.33,1502.59,1501.72,1502.45,0
2019-10-25 04:00:00,1502.45,1502.92,1501.63,1502.63,0
2019-10-25 05:00:00,1502.65,1503.35,1502.37,1503.04,0
2019-10-25 06:00:00,1503.05,1504.92,1502.51,1504.13,0
2019-10-25 07:00:00,1504.11,1506.68,1503.85,1504.88,0
2019-10-25 08:00:00,1504.88,1507.01,1504.37,1506.86,0
2019-10-25 09:00:00,1506.86,1506.91,1503.87,1506.18,0
2019-10-25 10:00:00,1506.18,1506.52,1504.28,1504.76,0
2019-10-25 11:00:00,1504.78,1506.01,1504.42,1505.77,0
2019-10-25 12:00:00,1505.8,1509.9,1504.88,1509.02,0
2019-10-25 13:00:00,1509.03,1514.41,1508.86,1513.62,0
2019-10-25 14:00:00,1513.62,1517.98,1512.44,1514.39,0
2019-10-25 15:00:00,1514.4,1514.48,1510.39,1511.74,0
2019-10-25 16:00:00,1511.76,1512.62,1503.65,1503.97,0
2019-10-25 17:00:00,1503.96,1505.29,1502.03,1502.69,0
2019-10-25 18:00:00,1502.69,1503.93,1500.64,1503.74,0
2019-10-25 19:00:00,1503.74,1505.51,1503.57,1505.08,0
2019-10-25 20:00:00,1505.08,1506.27,1504.58,1505.63,0
2019-10-25 21:00:00,1505.63,1505.81,1504.17,1504.39,0
2019-10-27 23:00:00,1504.46,1504.46,1502.1,1503.26,0
2019-10-28 00:00:00,1503.26,1504.2,1503.08,1504.04,0
2019-10-28 01:00:00,1504.04,1505.01,1503.62,1504.8,0
2019-10-28 02:00:00,1504.78,1506.23,1504.39,1505.9,0
2019-10-28 03:00:00,1505.9,1506.19,1504.22,1505.12,0
2019-10-28 04:00:00,1505.11,1505.38,1503.91,1504.21,0
2019-10-28 05:00:00,1504.21,1504.39,1503.53,1503.75,0
2019-10-28 06:00:00,1503.75,1505.79,1503.32,1505.79,0
2019-10-28 07:00:00,1505.79,1507.11,1504.91,1506.92,0
2019-10-28 08:00:00,1506.92,1508.24,1504.94,1505.66,0
2019-10-28 09:00:00,1505.58,1506.6,1503.83,1506.57,0
2019-10-28 10:00:00,1506.57,1507.21,1505.08,1506.02,0
2019-10-28 11:00:00,1506.02,1506.71,1504.44,1504.59,0
2019-10-28 12:00:00,1504.59,1506.38,1502.82,1503.38,0
2019-10-28 13:00:00,1503.38,1505.14,1497.83,1497.99,0
2019-10-28 14:00:00,1497.98,1499.66,1490.81,1492.36,0
2019-10-28 15:00:00,1492.36,1493.84,1490.05,1492.88,0
2019-10-28 16:00:00,1492.88,1493.27,1490.2,1490.32,0
2019-10-28 17:00:00,1490.32,1492.97,1490.12,1492.78,0
2019-10-28 18:00:00,1492.78,1493.64,1492.07,1493.05,0
2019-10-28 19:00:00,1493.05,1493.16,1490.32,1492.04,0
2019-10-28 20:00:00,1492.02,1493.46,1490.83,1492.94,0
2019-10-28 21:00:00,1492.92,1493.91,1491.95,1492.68,0
2019-10-28 23:00:00,1491.83,1492.91,1491.83,1492.04,0
2019-10-29 00:00:00,1492.04,1492.37,1491.44,1491.76,0
2019-10-29 01:00:00,1491.76,1492.53,1490.17,1492.0,0
2019-10-29 02:00:00,1492.0,1493.09,1490.59,1492.01,0
2019-10-29 03:00:00,1491.98,1492.78,1491.85,1492.39,0
2019-10-29 04:00:00,1492.39,1492.85,1491.5,1492.14,0
2019-10-29 05:00:00,1492.17,1492.37,1491.7,1491.82,0
2019-10-29 06:00:00,1491.82,1492.7,1491.29,1491.66,0
2019-10-29 07:00:00,1491.66,1492.33,1490.9,1492.3,0
2019-10-29 08:00:00,1492.3,1494.81,1492.12,1494.36,0
2019-10-29 09:00:00,1494.35,1494.69,1493.26,1493.95,0
2019-10-29 10:00:00,1493.94,1494.58,1493.02,1493.82,0
2019-10-29 11:00:00,1493.82,1494.1,1484.31,1486.93,0
2019-10-29 12:00:00,1486.93,1488.67,1485.94,1486.76,0
2019-10-29 13:00:00,1486.79,1490.48,1485.88,1489.53,0
2019-10-29 14:00:00,1489.52,1490.51,1483.66,1485.88,0
2019-10-29 15:00:00,1485.89,1488.2,1484.52,1487.12,0
2019-10-29 16:00:00,1487.16,1492.4,1485.95,1491.14,0
2019-10-29 17:00:00,1491.03,1491.81,1488.23,1488.86,0
2019-10-29 18:00:00,1488.88,1489.45,1487.58,1487.71,0
2019-10-29 19:00:00,1487.72,1490.29,1487.65,1490.11,0
2019-10-29 20:00:00,1490.12,1490.22,1488.3,1488.33,0
2019-10-29 21:00:00,1488.34,1489.15,1487.8,1487.91,0
2019-10-29 23:00:00,1488.0,1488.19,1487.06,1487.25,0
2019-10-30 00:00:00,1487.22,1488.11,1487.08,1487.32,0
2019-10-30 01:00:00,1487.32,1489.19,1487.02,1489.15,0
2019-10-30 02:00:00,1489.14,1489.54,1488.16,1489.03,0
2019-10-30 03:00:00,1489.03,1489.17,1487.94,1488.45,0
2019-10-30 04:00:00,1488.45,1488.78,1488.26,1488.7,0
2019-10-30 05:00:00,1488.69,1489.38,1488.67,1489.25,0
2019-10-30 06:00:00,1489.25,1489.32,1487.34,1487.79,0
2019-10-30 07:00:00,1487.8,1489.97,1487.28,1489.09,0
2019-10-30 08:00:00,1489.09,1490.16,1488.97,1488.97,0
2019-10-30 09:00:00,1488.97,1490.62,1488.38,1490.43,0
2019-10-30 10:00:00,1490.43,1491.63,1489.95,1490.78,0
2019-10-30 11:00:00,1490.78,1493.93,1489.43,1493.1,0
2019-10-30 12:00:00,1493.09,1493.78,1492.71,1493.58,0
2019-10-30 13:00:00,1493.53,1494.84,1489.74,1492.48,0
2019-10-30 14:00:00,1492.48,1493.55,1489.79,1492.22,0
2019-10-30 15:00:00,1492.23,1495.7,1490.98,1491.92,0
2019-10-30 16:00:00,1491.91,1495.43,1491.88,1494.66,0
2019-10-30 17:00:00,1494.68,1495.0,1493.14,1494.09,0
2019-10-30 18:00:00,1494.09,1494.73,1493.19,1493.67,0
2019-10-30 19:00:00,1493.67,1493.71,1481.19,1489.98,0
2019-10-30 20:00:00,1490.17,1496.64,1488.2,1496.3,0
2019-10-30 21:00:00,1496.36,1496.64,1494.14,1495.88,0
2019-10-30 23:00:00,1496.23,1496.23,1493.8,1495.69,0
2019-10-31 00:00:00,1495.63,1495.92,1495.01,1495.27,0
2019-10-31 01:00:00,1495.3,1495.69,1493.98,1494.65,0
2019-10-31 02:00:00,1494.67,1499.56,1494.65,1499.05,0
2019-10-31 03:00:00,1499.04,1499.52,1497.57,1498.09,0
2019-10-31 04:00:00,1498.09,1498.51,1497.22,1498.32,0
2019-10-31 05:00:00,1498.31,1498.33,1496.52,1497.15,0
2019-10-31 06:00:00,1497.15,1498.33,1496.94,1498.3,0
2019-10-31 07:00:00,1498.27,1498.52,1497.06,1497.64,0
2019-10-31 08:00:00,1497.59,1500.49,1497.59,1500.29,0
2019-10-31 09:00:00,1500.31,1501.11,1499.15,1500.83,0
2019-10-31 10:00:00,1500.83,1505.94,1500.46,1505.33,0
2019-10-31 11:00:00,1505.31,1506.56,1504.72,1505.13,0
2019-10-31 12:00:00,1505.09,1507.98,1505.05,1506.53,0
2019-10-31 13:00:00,1506.59,1509.74,1504.73,1508.36,0
2019-10-31 14:00:00,1508.33,1511.98,1505.87,1511.84,0
2019-10-31 15:00:00,1511.84,1514.23,1510.9,1511.29,0
2019-10-31 16:00:00,1511.29,1512.55,1508.19,1509.6,0
2019-10-31 17:00:00,1509.7,1512.64,1509.26,1511.93,0
2019-10-31 18:00:00,1511.91,1512.81,1509.49,1512.32,0
2019-10-31 19:00:00,1512.32,1513.16,1510.49,1511.43,0
2019-10-31 20:00:00,1511.43,1512.02,1509.94,1511.33,0
2019-10-31 21:00:00,1511.33,1512.83,1511.21,1512.48,0
2019-10-31 23:00:00,1512.62,1512.97,1511.74,1512.27,0
2019-11-01 00:00:00,1512.24,1512.86,1511.92,1512.27,0
2019-11-01 01:00:00,1512.31,1512.79,1511.49,1512.71,0
2019-11-01 02:00:00,1512.71,1513.65,1510.99,1511.3,0
2019-11-01 03:00:00,1511.32,1511.55,1510.16,1510.82,0
2019-11-01 04:00:00,1510.82,1511.36,1510.49,1510.67,0
2019-11-01 05:00:00,1510.68,1510.72,1509.89,1510.69,0
2019-11-01 06:00:00,1510.69,1510.95,1509.45,1509.97,0
2019-11-01 07:00:00,1509.97,1510.68,1509.36,1510.25,0
2019-11-01 08:00:00,1510.25,1512.51,1509.21,1512.45,0
2019-11-01 09:00:00,1512.47,1514.75,1511.89,1512.74,0
2019-11-01 10:00:00,1512.75,1514.03,1511.85,1511.98,0
2019-11-01 11:00:00,1511.99,1512.03,1509.69,1510.5,0
2019-11-01 12:00:00,1510.49,1511.18,1508.84,1510.4,0
2019-11-01 13:00:00,1510.42,1511.67,1503.28,1507.93,0
2019-11-01 14:00:00,1508.02,1511.47,1507.01,1510.63,0
2019-11-01 15:00:00,1510.63,1516.17,1507.33,1508.91,0
2019-11-01 16:00:00,1508.91,1511.44,1508.33,1510.57,0
2019-11-01 17:00:00,1510.59,1512.06,1509.49,1510.78,0
2019-11-01 18:00:00,1510.77,1511.42,1507.32,1509.21,0
2019-11-01 19:00:00,1509.2,1509.68,1507.06,1508.31,0
2019-11-01 20:00:00,1508.33,1513.49,1508.16,1513.11,0
2019-11-01 21:00:00,1513.08,1514.13,1512.16,1513.82,0
2019-11-03 23:00:00,1514.17,1514.17,1512.31,1512.94,0
2019-11-04 00:00:00,1512.94,1513.39,1511.43,1511.65,0
2019-11-04 01:00:00,1511.66,1513.82,1511.06,1513.12,0
2019-11-04 02:00:00,1513.12,1513.67,1512.31,1513.26,0
2019-11-04 03:00:00,1513.26,1513.27,1512.02,1512.16,0
2019-11-04 04:00:00,1512.16,1512.31,1511.79,1511.8,0
2019-11-04 05:00:00,1511.79,1511.9,1510.47,1511.51,0
2019-11-04 06:00:00,1511.5,1512.22,1510.85,1512.07,0
2019-11-04 07:00:00,1512.05,1513.91,1511.18,1513.66,0
2019-11-04 08:00:00,1513.66,1514.04,1508.62,1510.23,0
2019-11-04 09:00:00,1510.24,1511.86,1509.89,1510.8,0
2019-11-04 10:00:00,1510.78,1511.06,1508.97,1510.54,0
2019-11-04 11:00:00,1510.54,1512.69,1509.78,1512.49,0
2019-11-04 12:00:00,1512.49,1513.25,1511.39,1512.39,0
2019-11-04 13:00:00,1512.37,1514.84,1509.7,1510.32,0
2019-11-04 14:00:00,1510.32,1511.5,1508.64,1510.08,0
2019-11-04 15:00:00,1510.08,1512.01,1508.18,1509.15,0
2019-11-04 16:00:00,1509.15,1509.28,1504.46,1507.35,0
2019-11-04 17:00:00,1507.33,1509.75,1506.96,1509.71,0
2019-11-04 18:00:00,1509.71,1509.85,1507.47,1507.53,0
2019-11-04 19:00:00,1507.52,1508.3,1506.56,1508.29,0
2019-11-04 20:00:00,1508.29,1509.14,1507.89,1508.63,0
2019-11-04 21:00:00,1508.63,1510.75,1508.43,1509.62,0
2019-11-04 23:00:00,1509.48,1509.69,1506.27,1506.76,0
2019-11-05 00:00:00,1506.74,1507.43,1506.07,1507.23,0
2019-11-05 01:00:00,1507.23,1507.85,1506.54,1506.86,0
2019-11-05 02:00:00,1506.87,1507.01,1505.24,1505.82,0
2019-11-05 03:00:00,1505.83,1506.06,1504.78,1505.03,0
2019-11-05 04:00:00,1505.03,1505.96,1504.92,1505.68,0
2019-11-05 05:00:00,1505.69,1507.18,1505.56,1506.67,0
2019-11-05 06:00:00,1506.67,1506.71,1502.49,1504.72,0
2019-11-05 07:00:00,1504.72,1507.71,1504.62,1506.35,0
2019-11-05 08:00:00,1506.37,1507.2,1504.16,1504.4,0
2019-11-05 09:00:00,1504.4,1505.55,1503.44,1505.06,0
2019-11-05 10:00:00,1505.06,1505.31,1503.92,1504.02,0
2019-11-05 11:00:00,1504.02,1505.4,1501.79,1503.8,0
2019-11-05 12:00:00,1503.84,1503.91,1498.73,1499.79,0
2019-11-05 13:00:00,1499.79,1501.21,1490.32,1491.66,0
2019-11-05 14:00:00,1491.66,1495.22,1490.58,1494.49,0
2019-11-05 15:00:00,1494.64,1494.64,1485.2,1485.85,0
2019-11-05 16:00:00,1485.85,1486.62,1480.77,1481.57,0
2019-11-05 17:00:00,1481.61,1484.37,1481.58,1483.48,0
2019-11-05 18:00:00,1483.48,1484.08,1479.4,1482.1,0
2019-11-05 19:00:00,1482.1,1484.46,1481.99,1483.71,0
2019-11-05 20:00:00,1483.71,1485.3,1483.52,1484.79,0
2019-11-05 21:00:00,1484.83,1485.15,1483.41,1483.52,0
2019-11-05 23:00:00,1483.36,1485.0,1482.46,1484.49,0
2019-11-06 00:00:00,1484.47,1486.14,1483.87,1486.05,0
2019-11-06 01:00:00,1486.04,1487.4,1485.44,1486.8,0
2019-11-06 02:00:00,1486.8,1487.07,1485.84,1486.17,0
2019-11-06 03:00:00,1486.16,1487.36,1485.86,1486.91,0
2019-11-06 04:00:00,1486.92,1487.18,1485.75,1485.83,0
2019-11-06 05:00:00,1485.82,1486.28,1483.92,1484.38,0
2019-11-06 06:00:00,1484.37,1486.25,1483.94,1485.88,0
2019-11-06 07:00:00,1485.85,1486.91,1485.2,1485.95,0
2019-11-06 08:00:00,1485.95,1486.83,1484.13,1486.65,0
2019-11-06 09:00:00,1486.63,1488.85,1486.11,1488.78,0
2019-11-06 10:00:00,1488.75,1488.84,1485.94,1486.05,0
2019-11-06 11:00:00,1486.04,1486.95,1484.84,1485.7,0
2019-11-06 12:00:00,1485.67,1486.1,1482.98,1485.45,0
2019-11-06 13:00:00,1485.44,1489.85,1485.07,1489.0,0
2019-11-06 14:00:00,1489.02,1489.44,1486.35,1487.25,0
2019-11-06 15:00:00,1487.2,1489.13,1486.03,1488.68,0
2019-11-06 16:00:00,1488.66,1494.21,1485.88,1492.75,0
2019-11-06 17:00:00,1492.76,1493.41,1489.52,1489.71,0
2019-11-06 18:00:00,1489.71,1491.96,1489.59,1490.5,0
2019-11-06 19:00:00,1490.51,1492.68,1490.48,1491.03,0
2019-11-06 20:00:00,1490.97,1491.72,1490.68,1491.17,0
2019-11-06 21:00:00,1491.16,1491.36,1490.07,1490.41,0
2019-11-06 23:00:00,1490.43,1490.9,1489.83,1490.31,0
2019-11-07 00:00:00,1490.31,1490.87,1489.99,1490.53,0
2019-11-07 01:00:00,1490.53,1491.98,1489.83,1491.18,0
2019-11-07 02:00:00,1491.18,1491.9,1490.25,1490.9,0
2019-11-07 03:00:00,1490.9,1491.63,1490.83,1491.39,0
2019-11-07 04:00:00,1491.39,1491.58,1490.88,1491.22,0
2019-11-07 05:00:00,1491.23,1491.49,1490.47,1490.98,0
2019-11-07 06:00:00,1490.97,1491.97,1490.52,1491.67,0
2019-11-07 07:00:00,1491.67,1492.2,1484.77,1486.99,0
2019-11-07 08:00:00,1487.01,1488.21,1485.82,1487.26,0
2019-11-07 09:00:00,1487.24,1487.27,1484.87,1485.81,0
2019-11-07 10:00:00,1485.81,1485.89,1481.9,1482.24,0
2019-11-07 11:00:00,1482.24,1484.18,1481.09,1483.57,0
2019-11-07 12:00:00,1483.57,1485.86,1482.74,1484.63,0
2019-11-07 13:00:00,1484.63,1486.46,1481.4,1484.83,0
2019-11-07 14:00:00,1484.83,1488.19,1483.12,1484.22,0
2019-11-07 15:00:00,1484.22,1484.68,1468.04,1469.76,0
2019-11-07 16:00:00,1469.74,1471.59,1461.46,1461.48,0
2019-11-07 17:00:00,1461.56,1465.65,1460.62,1463.58,0
2019-11-07 18:00:00,1463.57,1467.03,1463.4,1465.35,0
2019-11-07 19:00:00,1465.34,1469.66,1464.26,1467.83,0
2019-11-07 20:00:00,1467.83,1471.18,1467.52,1467.9,0
2019-11-07 21:00:00,1467.92,1468.89,1467.42,1468.62,0
2019-11-07 23:00:00,1467.86,1468.91,1467.2,1468.72,0
2019-11-08 00:00:00,1468.72,1469.61,1465.77,1469.06,0
2019-11-08 01:00:00,1469.07,1469.43,1466.13,1467.38,0
2019-11-08 02:00:00,1467.37,1469.48,1467.0,1468.43,0
2019-11-08 03:00:00,1468.42,1469.29,1468.24,1469.18,0
2019-11-08 04:00:00,1469.17,1469.33,1468.46,1469.18,0
2019-11-08 05:00:00,1469.18,1469.81,1468.14,1468.8,0
2019-11-08 06:00:00,1468.79,1471.03,1468.66,1470.23,0
2019-11-08 07:00:00,1470.19,1471.79,1468.31,1471.68,0
2019-11-08 08:00:00,1471.77,1472.99,1470.06,1470.57,0
2019-11-08 09:00:00,1470.57,1470.61,1465.87,1465.87,0
2019-11-08 10:00:00,1465.87,1467.35,1465.47,1466.47,0
2019-11-08 11:00:00,1466.47,1466.61,1462.21,1462.28,0
2019-11-08 12:00:00,1462.25,1462.87,1456.25,1458.33,0
2019-11-08 13:00:00,1458.32,1461.8,1457.46,1459.75,0
2019-11-08 14:00:00,1459.75,1466.74,1458.62,1465.88,0
2019-11-08 15:00:00,1465.83,1468.23,1463.0,1466.77,0
2019-11-08 16:00:00,1466.77,1468.27,1464.29,1464.83,0
2019-11-08 17:00:00,1464.85,1464.86,1460.58,1461.78,0
2019-11-08 18:00:00,1461.78,1463.69,1460.89,1462.79,0
2019-11-08 19:00:00,1462.79,1463.08,1461.38,1461.93,0
2019-11-08 20:00:00,1461.97,1462.14,1458.51,1458.55,0
2019-11-08 21:00:00,1458.54,1459.06,1457.8,1459.06,0
2019-11-10 23:00:00,1459.37,1460.56,1458.85,1460.26,0
2019-11-11 00:00:00,1460.26,1461.81,1460.19,1461.72,0
2019-11-11 01:00:00,1461.72,1463.78,1461.7,1462.93,0
2019-11-11 02:00:00,1462.93,1463.49,1462.02,1462.71,0
2019-11-11 03:00:00,1462.71,1462.95,1461.42,1461.78,0
2019-11-11 04:00:00,1461.77,1462.59,1461.77,1462.51,0
2019-11-11 05:00:00,1462.51,1463.32,1462.23,1462.39,0
2019-11-11 06:00:00,1462.4,1463.86,1461.85,1463.64,0
2019-11-11 07:00:00,1463.65,1465.25,1463.02,1464.82,0
2019-11-11 08:00:00,1464.8,1465.62,1462.62,1464.88,0
2019-11-11 09:00:00,1464.88,1465.98,1464.4,1465.86,0
2019-11-11 10:00:00,1465.86,1466.47,1465.33,1465.54,0
2019-11-11 11:00:00,1465.55,1465.75,1463.99,1464.51,0
2019-11-11 12:00:00,1464.52,1465.19,1462.37,1462.58,0
2019-11-11 13:00:00,1462.56,1463.28,1459.96,1460.86,0
2019-11-11 14:00:00,1460.86,1462.75,1459.6,1459.65,0
2019-11-11 15:00:00,1459.63,1459.66,1448.21,1449.04,0
2019-11-11 16:00:00,1449.03,1456.15,1448.86,1454.81,0
2019-11-11 17:00:00,1454.81,1456.71,1454.44,1455.83,0
2019-11-11 18:00:00,1455.83,1457.8,1455.72,1456.85,0
2019-11-11 19:00:00,1456.87,1457.37,1456.28,1456.31,0
2019-11-11 20:00:00,1456.32,1457.18,1454.89,1454.92,0
2019-11-11 21:00:00,1454.96,1456.01,1454.89,1456.01,0
2019-11-11 23:00:00,1454.93,1455.9,1454.93,1455.65,0
2019-11-12 00:00:00,1455.65,1456.99,1455.32,1455.4,0
2019-11-12 01:00:00,1455.41,1457.0,1455.01,1456.04,0
2019-11-12 02:00:00,1455.87,1456.49,1455.45,1455.69,0
2019-11-12 03:00:00,1455.69,1456.63,1454.81,1456.48,0
2019-11-12 04:00:00,1456.48,1456.85,1456.04,1456.12,0
2019-11-12 05:00:00,1456.11,1456.43,1452.24,1452.65,0
2019-11-12 06:00:00,1452.65,1453.78,1448.88,1451.2,0
2019-11-12 07:00:00,1451.19,1453.19,1450.16,1452.38,0
2019-11-12 08:00:00,1452.44,1453.53,1449.52,1452.92,0
2019-11-12 09:00:00,1452.88,1456.31,1452.48,1455.86,0
2019-11-12 10:00:00,1455.85,1456.06,1453.95,1454.52,0
2019-11-12 11:00:00,1454.5,1454.5,1451.1,1452.54,0
2019-11-12 12:00:00,1452.54,1454.68,1452.45,1454.18,0
2019-11-12 13:00:00,1454.17,1454.71,1450.1,1454.57,0
2019-11-12 14:00:00,1454.56,1455.54,1452.11,1452.16,0
2019-11-12 15:00:00,1452.22,1453.78,1445.62,1451.9,0
2019-11-12 16:00:00,1451.9,1455.22,1450.31,1453.61,0
2019-11-12 17:00:00,1453.59,1455.54,1451.65,1453.92,0
2019-11-12 18:00:00,1453.94,1456.09,1452.59,1452.94,0
2019-11-12 19:00:00,1452.97,1460.43,1452.91,1459.39,0
2019-11-12 20:00:00,1459.35,1459.45,1457.23,1458.74,0
2019-11-12 21:00:00,1458.71,1459.27,1455.98,1456.43,0
2019-11-12 23:00:00,1455.91,1458.7,1455.82,1458.38,0
2019-11-13 00:00:00,1458.38,1459.61,1457.93,1458.88,0
2019-11-13 01:00:00,1458.88,1459.08,1457.24,1457.96,0
2019-11-13 02:00:00,1457.96,1458.6,1457.66,1458.36,0
2019-11-13 03:00:00,1458.33,1458.73,1457.64,1458.64,0
2019-11-13 04:00:00,1458.68,1460.92,1458.68,1460.2,0
2019-11-13 05:00:00,1460.21,1461.69,1459.82,1461.31,0
2019-11-13 06:00:00,1461.34,1463.1,1460.99,1461.69,0
2019-11-13 07:00:00,1461.68,1463.02,1460.36,1460.72,0
2019-11-13 08:00:00,1460.73,1461.21,1457.85,1461.16,0
2019-11-13 09:00:00,1461.16,1466.44,1460.96,1465.93,0
2019-11-13 10:00:00,1465.9,1465.97,1463.2,1463.72,0
2019-11-13 11:00:00,1463.73,1466.22,1463.57,1464.81,0
2019-11-13 12:00:00,1464.81,1466.74,1464.36,1464.77,0
2019-11-13 13:00:00,1464.88,1464.88,1461.61,1461.85,0
2019-11-13 14:00:00,1461.84,1464.87,1460.42,1462.79,0
2019-11-13 15:00:00,1462.76,1465.71,1462.19,1465.47,0
2019-11-13 16:00:00,1465.47,1466.08,1462.27,1462.29,0
2019-11-13 17:00:00,1462.3,1463.08,1460.84,1460.99,0
2019-11-13 18:00:00,1461.01,1464.67,1460.94,1463.41,0
2019-11-13 19:00:00,1463.41,1467.13,1463.23,1463.65,0
2019-11-13 20:00:00,1463.63,1464.38,1462.53,1464.35,0
2019-11-13 21:00:00,1464.36,1464.52,1462.08,1463.24,0
2019-11-13 23:00:00,1463.46,1464.55,1463.18,1463.55,0
2019-11-14 00:00:00,1463.55,1464.7,1463.41,1464.43,0
2019-11-14 01:00:00,1464.43,1464.46,1461.15,1461.71,0
2019-11-14 02:00:00,1461.74,1463.51,1461.7,1462.96,0
2019-11-14 03:00:00,1462.96,1464.61,1462.85,1464.16,0
2019-11-14 04:00:00,1464.17,1465.21,1464.17,1464.85,0
2019-11-14 05:00:00,1464.85,1465.93,1464.16,1465.81,0
2019-11-14 06:00:00,1465.87,1466.62,1465.17,1465.36,0
2019-11-14 07:00:00,1465.36,1467.9,1464.09,1466.5,0
2019-11-14 08:00:00,1466.5,1470.55,1465.93,1469.73,0
2019-11-14 09:00:00,1469.73,1470.54,1468.63,1469.72,0
2019-11-14 10:00:00,1469.72,1469.76,1467.41,1468.35,0
2019-11-14 11:00:00,1468.33,1468.98,1467.57,1467.64,0
2019-11-14 12:00:00,1467.68,1469.54,1466.82,1468.2,0
2019-11-14 13:00:00,1468.2,1470.42,1466.99,1468.23,0
2019-11-14 14:00:00,1468.21,1469.72,1467.18,1467.72,0
2019-11-14 15:00:00,1467.72,1469.97,1464.68,1469.47,0
2019-11-14 16:00:00,1469.57,1474.22,1469.28,1473.41,0
2019-11-14 17:00:00,1473.42,1473.68,1470.85,1472.38,0
2019-11-14 18:00:00,1472.36,1474.67,1471.33,1473.88,0
2019-11-14 19:00:00,1473.88,1474.09,1470.64,1471.45,0
2019-11-14 20:00:00,1471.42,1471.63,1469.77,1470.78,0
2019-11-14 21:00:00,1470.78,1471.41,1470.41,1470.88,0
2019-11-14 23:00:00,1471.12,1471.39,1468.82,1469.28,0
2019-11-15 00:00:00,1469.33,1469.91,1466.82,1467.06,0
2019-11-15 01:00:00,1467.09,1468.88,1467.06,1467.8,0
2019-11-15 02:00:00,1467.8,1468.37,1467.05,1467.21,0
2019-11-15 03:00:00,1467.23,1467.4,1465.58,1466.21,0
2019-11-15 04:00:00,1466.21,1466.77,1465.64,1466.6,0
2019-11-15 05:00:00,1466.6,1466.84,1463.36,1464.01,0
2019-11-15 06:00:00,1464.01,1464.9,1463.16,1464.56,0
2019-11-15 07:00:00,1464.57,1464.87,1463.63,1464.42,0
2019-11-15 08:00:00,1464.42,1467.0,1463.54,1466.48,0
2019-11-15 09:00:00,1466.41,1466.52,1462.46,1463.49,0
2019-11-15 10:00:00,1463.49,1465.79,1463.39,1465.48,0
2019-11-15 11:00:00,1465.48,1466.67,1465.43,1466.5,0
2019-11-15 12:00:00,1466.5,1467.66,1463.64,1464.82,0
2019-11-15 13:00:00,1464.84,1468.51,1464.47,1467.93,0
2019-11-15 14:00:00,1467.93,1468.2,1464.72,1465.99,0
2019-11-15 15:00:00,1466.04,1469.19,1465.75,1468.57,0
2019-11-15 16:00:00,1468.6,1468.62,1464.82,1466.07,0
2019-11-15 17:00:00,1466.07,1467.77,1465.72,1467.71,0
2019-11-15 18:00:00,1467.7,1468.36,1467.62,1468.13,0
2019-11-15 19:00:00,1468.13,1468.15,1465.92,1466.32,0
2019-11-15 20:00:00,1466.3,1467.53,1466.16,1466.84,0
2019-11-15 21:00:00,1466.84,1467.81,1466.51,1467.67,0
2019-11-17 23:00:00,1467.11,1469.63,1467.11,1469.07,0
2019-11-18 00:00:00,1469.08,1469.48,1467.48,1467.58,0
2019-11-18 01:00:00,1467.59,1467.94,1465.45,1465.57,0
2019-11-18 02:00:00,1465.59,1466.62,1465.08,1466.02,0
2019-11-18 03:00:00,1465.99,1466.2,1464.94,1465.99,0
2019-11-18 04:00:00,1465.99,1466.42,1465.57,1466.32,0
2019-11-18 05:00:00,1466.32,1466.44,1464.89,1465.16,0
2019-11-18 06:00:00,1465.16,1465.32,1464.15,1464.94,0
2019-11-18 07:00:00,1464.94,1465.88,1461.84,1463.63,0
2019-11-18 08:00:00,1463.63,1463.67,1458.71,1460.02,0
2019-11-18 09:00:00,1460.05,1460.52,1458.21,1458.48,0
2019-11-18 10:00:00,1458.47,1459.28,1457.43,1458.05,0
2019-11-18 11:00:00,1458.05,1459.63,1457.8,1459.27,0
2019-11-18 12:00:00,1459.31,1459.92,1456.42,1457.07,0
2019-11-18 13:00:00,1457.07,1466.33,1456.72,1464.51,0
2019-11-18 14:00:00,1464.5,1472.27,1464.45,1469.26,0
2019-11-18 15:00:00,1469.25,1472.16,1467.85,1471.85,0
2019-11-18 16:00:00,1471.86,1473.99,1470.55,1471.04,0
2019-11-18 17:00:00,1471.03,1473.32,1470.71,1472.04,0
2019-11-18 18:00:00,1472.01,1472.49,1470.82,1472.06,0
2019-11-18 19:00:00,1472.05,1472.41,1471.1,1471.52,0
2019-11-18 20:00:00,1471.48,1472.16,1470.86,1471.67,0
2019-11-18 21:00:00,1471.63,1471.63,1470.76,1470.99,0
2019-11-18 23:00:00,1471.37,1471.8,1470.31,1471.74,0
2019-11-19 00:00:00,1471.74,1475.36,1471.48,1472.93,0
2019-11-19 01:00:00,1472.95,1473.68,1469.85,1469.89,0
2019-11-19 02:00:00,1469.89,1470.8,1469.13,1470.55,0
2019-11-19 03:00:00,1470.51,1470.78,1469.69,1470.43,0
2019-11-19 04:00:00,1470.43,1470.62,1470.04,1470.4,0
2019-11-19 05:00:00,1470.4,1472.86,1469.41,1472.17,0
2019-11-19 06:00:00,1472.17,1473.26,1471.63,1471.85,0
2019-11-19 07:00:00,1471.86,1472.42,1468.99,1469.52,0
2019-11-19 08:00:00,1469.5,1471.18,1467.48,1468.07,0
2019-11-19 09:00:00,1468.07,1468.81,1465.96,1465.98,0
2019-11-19 10:00:00,1465.98,1466.69,1464.84,1465.45,0
2019-11-19 11:00:00,1465.45,1468.11,1465.3,1467.55,0
2019-11-19 12:00:00,1467.57,1468.6,1466.86,1467.82,0
2019-11-19 13:00:00,1467.84,1470.11,1466.82,1468.82,0
2019-11-19 14:00:00,1468.82,1470.5,1465.84,1469.31,0
2019-11-19 15:00:00,1469.34,1473.33,1469.02,1473.29,0
2019-11-19 16:00:00,1473.28,1474.05,1469.28,1471.29,0
2019-11-19 17:00:00,1471.31,1475.03,1471.29,1474.49,0
2019-11-19 18:00:00,1474.49,1475.19,1473.19,1474.66,0
2019-11-19 19:00:00,1474.66,1474.72,1472.48,1473.15,0
2019-11-19 20:00:00,1473.15,1473.79,1471.59,1472.46,0
2019-11-19 21:00:00,1472.47,1472.71,1472.22,1472.46,0
2019-11-19 23:00:00,1472.29,1475.22,1472.29,1474.6,0
2019-11-20 00:00:00,1474.6,1474.6,1472.03,1472.98,0
2019-11-20 01:00:00,1472.98,1475.3,1472.18,1473.62,0
2019-11-20 02:00:00,1473.61,1474.3,1472.87,1474.17,0
2019-11-20 03:00:00,1474.17,1474.58,1473.43,1474.53,0
2019-11-20 04:00:00,1474.52,1474.69,1473.77,1473.8,0
2019-11-20 05:00:00,1473.81,1476.27,1473.76,1475.4,0
2019-11-20 06:00:00,1475.36,1475.75,1474.23,1475.03,0
2019-11-20 07:00:00,1475.03,1477.97,1472.77,1477.82,0
2019-11-20 08:00:00,1477.81,1478.89,1477.17,1477.85,0
2019-11-20 09:00:00,1477.83,1478.38,1474.74,1476.41,0
2019-11-20 10:00:00,1476.36,1476.93,1475.24,1475.94,0
2019-11-20 11:00:00,1475.94,1477.11,1473.89,1474.15,0
2019-11-20 12:00:00,1474.16,1474.67,1472.3,1473.49,0
2019-11-20 13:00:00,1473.49,1474.29,1470.36,1471.95,0
2019-11-20 14:00:00,1471.96,1473.12,1469.41,1472.62,0
2019-11-20 15:00:00,1472.63,1472.82,1465.94,1469.4,0
2019-11-20 16:00:00,1469.46,1469.68,1466.92,1468.22,0
2019-11-20 17:00:00,1468.22,1473.27,1466.0,1471.42,0
2019-11-20 18:00:00,1471.42,1475.51,1469.59,1470.38,0
2019-11-20 19:00:00,1470.36,1472.52,1469.84,1471.36,0
2019-11-20 20:00:00,1471.36,1473.57,1470.86,1472.99,0
2019-11-20 21:00:00,1472.93,1473.25,1470.99,1471.32,0
2019-11-20 23:00:00,1475.02,1475.41,1473.4,1474.49,0
2019-11-21 00:00:00,1474.49,1475.37,1473.73,1474.97,0
2019-11-21 01:00:00,1474.97,1475.63,1473.51,1475.06,0
2019-11-21 02:00:00,1475.06,1475.68,1470.99,1472.47,0
2019-11-21 03:00:00,1472.47,1472.78,1471.14,1471.58,0
2019-11-21 04:00:00,1471.59,1471.74,1470.39,1471.04,0
2019-11-21 05:00:00,1471.04,1471.71,1469.54,1470.42,0
2019-11-21 06:00:00,1470.41,1471.28,1469.44,1470.58,0
2019-11-21 07:00:00,1470.58,1472.37,1468.86,1471.16,0
2019-11-21 08:00:00,1471.2,1474.49,1470.34,1473.34,0
2019-11-21 09:00:00,1473.32,1473.32,1470.13,1470.69,0
2019-11-21 10:00:00,1470.69,1470.81,1467.62,1468.36,0
2019-11-21 11:00:00,1468.35,1469.48,1468.08,1469.47,0
2019-11-21 12:00:00,1469.47,1470.94,1469.45,1470.45,0
2019-11-21 13:00:00,1470.45,1471.46,1465.87,1469.98,0
2019-11-21 14:00:00,1469.99,1470.78,1467.34,1467.76,0
2019-11-21 15:00:00,1467.77,1470.0,1463.13,1469.09,0
2019-11-21 16:00:00,1469.08,1469.64,1466.58,1469.38,0
2019-11-21 17:00:00,1469.4,1469.43,1465.06,1465.35,0
2019-11-21 18:00:00,1465.33,1465.72,1462.4,1464.74,0
2019-11-21 19:00:00,1464.71,1465.92,1463.48,1464.64,0
2019-11-21 20:00:00,1464.65,1465.27,1464.12,1464.98,0
2019-11-21 21:00:00,1464.97,1465.39,1464.35,1464.42,0
2019-11-21 23:00:00,1464.04,1465.21,1464.03,1465.1,0
2019-11-22 00:00:00,1465.12,1465.69,1463.51,1464.65,0
2019-11-22 01:00:00,1464.65,1465.3,1463.6,1463.72,0
2019-11-22 02:00:00,1463.73,1464.82,1463.56,1464.72,0
2019-11-22 03:00:00,1464.71,1465.06,1464.37,1464.98,0
2019-11-22 04:00:00,1464.93,1465.34,1464.7,1465.1,0
2019-11-22 05:00:00,1465.11,1466.63,1464.8,1465.88,0
2019-11-22 06:00:00,1465.88,1467.66,1465.64,1467.4,0
2019-11-22 07:00:00,1467.4,1468.68,1466.76,1467.11,0
2019-11-22 08:00:00,1467.11,1468.11,1464.79,1467.01,0
2019-11-22 09:00:00,1466.98,1471.89,1466.96,1471.28,0
2019-11-22 10:00:00,1471.25,1473.23,1470.16,1470.8,0
2019-11-22 11:00:00,1470.79,1472.68,1470.39,1471.35,0
2019-11-22 12:00:00,1471.36,1471.59,1469.84,1469.9,0
2019-11-22 13:00:00,1469.92,1471.25,1468.14,1468.76,0
2019-11-22 14:00:00,1468.77,1469.73,1465.3,1465.69,0
2019-11-22 15:00:00,1465.62,1467.27,1461.39,1464.76,0
2019-11-22 16:00:00,1464.78,1467.77,1463.07,1463.61,0
2019-11-22 17:00:00,1463.62,1463.94,1462.26,1462.64,0
2019-11-22 18:00:00,1462.69,1463.84,1462.4,1463.18,0
2019-11-22 19:00:00,1463.18,1463.8,1462.45,1462.98,0
2019-11-22 20:00:00,1462.98,1463.21,1462.09,1462.18,0
2019-11-22 21:00:00,1462.18,1462.7,1461.69,1462.08,0
2019-11-24 23:00:00,1460.79,1461.24,1459.72,1460.51,0
2019-11-25 00:00:00,1460.51,1461.3,1460.5,1460.93,0
2019-11-25 01:00:00,1460.93,1461.94,1459.66,1461.19,0
2019-11-25 02:00:00,1461.19,1462.16,1460.63,1461.38,0
2019-11-25 03:00:00,1461.38,1461.62,1460.78,1461.5,0
2019-11-25 04:00:00,1461.51,1461.8,1461.0,1461.71,0
2019-11-25 05:00:00,1461.7,1461.85,1458.42,1458.48,0
2019-11-25 06:00:00,1458.48,1458.86,1457.69,1458.69,0
2019-11-25 07:00:00,1458.67,1459.67,1458.09,1459.3,0
2019-11-25 08:00:00,1459.3,1459.39,1456.51,1458.05,0
2019-11-25 09:00:00,1458.05,1459.73,1457.9,1459.38,0
2019-11-25 10:00:00,1459.38,1459.92,1458.24,1458.71,0
2019-11-25 11:00:00,1458.71,1458.74,1457.01,1457.21,0
2019-11-25 12:00:00,1457.25,1458.12,1456.69,1458.07,0
2019-11-25 13:00:00,1458.07,1459.07,1454.09,1456.07,0
2019-11-25 14:00:00,1456.09,1460.81,1455.74,1459.41,0
2019-11-25 15:00:00,1459.41,1460.47,1457.4,1457.8,0
2019-11-25 16:00:00,1457.8,1458.03,1456.49,1457.62,0
2019-11-25 17:00:00,1457.62,1458.59,1455.14,1456.39,0
2019-11-25 18:00:00,1456.39,1457.92,1455.26,1456.19,0
2019-11-25 19:00:00,1456.19,1456.55,1454.76,1455.07,0
2019-11-25 20:00:00,1455.08,1455.26,1454.38,1454.92,0
2019-11-25 21:00:00,1454.89,1455.24,1454.63,1454.91,0
2019-11-25 23:00:00,1455.05,1455.47,1453.69,1453.94,0
2019-11-26 00:00:00,1453.94,1454.34,1453.0,1453.64,0
2019-11-26 01:00:00,1453.64,1454.2,1451.69,1453.69,0
2019-11-26 02:00:00,1453.68,1454.75,1453.35,1454.5,0
2019-11-26 03:00:00,1454.5,1454.91,1453.7,1454.57,0
2019-11-26 04:00:00,1454.57,1455.62,1454.4,1455.24,0
2019-11-26 05:00:00,1455.23,1456.39,1453.93,1455.85,0
2019-11-26 06:00:00,1455.85,1457.23,1455.42,1457.2,0
2019-11-26 07:00:00,1457.2,1457.29,1455.06,1455.6,0
2019-11-26 08:00:00,1455.57,1457.95,1454.97,1457.43,0
2019-11-26 09:00:00,1457.43,1459.19,1456.95,1457.49,0
2019-11-26 10:00:00,1457.49,1458.58,1457.31,1458.27,0
2019-11-26 11:00:00,1458.31,1459.0,1457.55,1457.97,0
2019-11-26 12:00:00,1457.97,1458.07,1456.03,1456.58,0
2019-11-26 13:00:00,1456.58,1456.96,1453.7,1455.56,0
2019-11-26 14:00:00,1455.56,1456.6,1450.08,1455.09,0
2019-11-26 15:00:00,1455.09,1460.47,1453.9,1458.68,0
2019-11-26 16:00:00,1458.68,1462.61,1458.01,1458.14,0
2019-11-26 17:00:00,1458.15,1460.25,1458.15,1460.11,0
2019-11-26 18:00:00,1460.1,1462.5,1459.25,1462.03,0
2019-11-26 19:00:00,1462.03,1462.07,1460.64,1461.68,0
2019-11-26 20:00:00,1461.71,1462.6,1461.03,1462.39,0
2019-11-26 21:00:00,1462.4,1462.94,1461.32,1461.35,0
2019-11-26 23:00:00,1461.77,1461.94,1460.5,1460.54,0
2019-11-27 00:00:00,1460.54,1461.26,1459.92,1459.93,0
2019-11-27 01:00:00,1459.93,1460.88,1459.58,1459.75,0
2019-11-27 02:00:00,1459.75,1460.04,1459.03,1459.34,0
2019-11-27 03:00:00,1459.34,1460.11,1459.01,1459.54,0
2019-11-27 04:00:00,1459.55,1459.59,1458.97,1459.25,0
2019-11-27 05:00:00,1459.24,1459.8,1457.97,1458.95,0
2019-11-27 06:00:00,1458.96,1459.97,1458.55,1459.89,0
2019-11-27 07:00:00,1459.88,1460.31,1458.35,1458.38,0
2019-11-27 08:00:00,1458.38,1459.57,1458.05,1459.46,0
2019-11-27 09:00:00,1459.46,1459.87,1458.45,1459.0,0
2019-11-27 10:00:00,1459.0,1460.31,1458.41,1459.99,0
2019-11-27 11:00:00,1459.97,1460.28,1457.48,1458.72,0
2019-11-27 12:00:00,1458.71,1459.03,1457.31,1457.94,0
2019-11-27 13:00:00,1457.94,1458.35,1453.86,1455.19,0
2019-11-27 14:00:00,1455.19,1455.4,1453.16,1454.21,0
2019-11-27 15:00:00,1454.21,1456.65,1453.84,1455.36,0
2019-11-27 16:00:00,1455.36,1455.36,1452.56,1455.22,0
2019-11-27 17:00:00,1455.22,1456.38,1454.82,1456.08,0
2019-11-27 18:00:00,1456.08,1456.1,1453.63,1454.22,0
2019-11-27 19:00:00,1454.22,1455.11,1453.68,1454.58,0
2019-11-27 20:00:00,1454.58,1455.24,1454.27,1454.61,0
2019-11-27 21:00:00,1454.61,1455.12,1453.97,1454.19,0
2019-11-27 23:00:00,1454.52,1457.59,1454.4,1456.89,0
2019-11-28 00:00:00,1456.89,1458.28,1455.97,1457.64,0
2019-11-28 01:00:00,1457.61,1458.15,1456.75,1457.26,0
2019-11-28 02:00:00,1457.29,1457.5,1456.02,1456.41,0
2019-11-28 03:00:00,1456.41,1456.49,1455.66,1456.11,0
2019-11-28 04:00:00,1456.11,1456.48,1456.01,1456.41,0
2019-11-28 05:00:00,1456.41,1457.27,1456.34,1457.06,0
2019-11-28 06:00:00,1457.06,1457.5,1455.65,1455.76,0
2019-11-28 07:00:00,1455.78,1457.16,1455.46,1456.9,0
2019-11-28 08:00:00,1456.9,1458.28,1456.8,1457.2,0
2019-11-28 09:00:00,1457.2,1458.01,1456.93,1457.03,0
2019-11-28 10:00:00,1457.03,1457.62,1456.61,1457.46,0
2019-11-28 11:00:00,1457.44,1457.49,1455.9,1456.34,0
2019-11-28 12:00:00,1456.34,1456.39,1454.81,1455.6,0
2019-11-28 13:00:00,1455.6,1456.65,1454.95,1456.59,0
2019-11-28 14:00:00,1456.59,1456.6,1455.17,1455.8,0
2019-11-28 15:00:00,1455.79,1455.79,1454.26,1455.76,0
2019-11-28 16:00:00,1455.77,1456.07,1454.93,1455.23,0
2019-11-28 17:00:00,1455.23,1456.42,1455.16,1455.99,0
2019-11-28 23:00:00,1455.59,1456.49,1455.4,1456.1,0
2019-11-29 00:00:00,1456.15,1456.41,1455.19,1455.88,0
2019-11-29 01:00:00,1455.88,1457.3,1455.5,1457.1,0
2019-11-29 02:00:00,1457.1,1457.61,1456.82,1457.37,0
2019-11-29 03:00:00,1457.37,1458.71,1457.32,1457.41,0
2019-11-29 04:00:00,1457.4,1458.76,1457.39,1458.17,0
2019-11-29 05:00:00,1458.17,1459.27,1457.84,1458.46,0
2019-11-29 06:00:00,1458.46,1459.2,1457.36,1457.62,0
2019-11-29 07:00:00,1457.62,1459.04,1457.3,1458.4,0
2019-11-29 08:00:00,1458.4,1458.41,1456.17,1456.4,0
2019-11-29 09:00:00,1456.41,1457.12,1455.8,1456.24,0
2019-11-29 10:00:00,1456.25,1456.82,1455.79,1456.39,0
2019-11-29 11:00:00,1456.38,1457.04,1456.25,1456.66,0
2019-11-29 12:00:00,1456.68,1456.94,1455.71,1456.02,0
2019-11-29 13:00:00,1456.01,1456.01,1453.08,1453.52,0
2019-11-29 14:00:00,1453.51,1458.0,1453.27,1457.2,0
2019-11-29 15:00:00,1457.2,1463.15,1457.2,1461.53,0
2019-11-29 16:00:00,1461.53,1464.98,1460.85,1464.19,0
2019-11-29 17:00:00,1464.21,1466.56,1463.55,1463.99,0
2019-11-29 18:00:00,1463.99,1464.74,1462.89,1463.97,0
2019-12-01 23:00:00,1464.19,1464.32,1461.64,1461.86,0
2019-12-02 00:00:00,1461.86,1461.86,1460.03,1461.26,0
2019-12-02 01:00:00,1461.26,1461.76,1460.19,1460.61,0
2019-12-02 02:00:00,1460.63,1460.86,1459.37,1459.69,0
2019-12-02 03:00:00,1459.69,1460.22,1458.88,1459.04,0
2019-12-02 04:00:00,1459.04,1459.73,1458.96,1459.66,0
2019-12-02 05:00:00,1459.66,1460.52,1459.53,1459.63,0
2019-12-02 06:00:00,1459.63,1460.39,1459.19,1460.21,0
2019-12-02 07:00:00,1460.21,1460.43,1458.33,1458.93,0
2019-12-02 08:00:00,1458.93,1459.0,1453.99,1455.47,0
2019-12-02 09:00:00,1455.47,1456.39,1454.96,1455.87,0
2019-12-02 10:00:00,1455.87,1456.96,1455.58,1456.88,0
2019-12-02 11:00:00,1456.88,1459.0,1456.74,1458.71,0
2019-12-02 12:00:00,1458.71,1458.95,1457.14,1458.03,0
2019-12-02 13:00:00,1458.01,1461.68,1457.87,1458.69,0
2019-12-02 14:00:00,1458.75,1460.17,1457.17,1458.26,0
2019-12-02 15:00:00,1458.26,1465.04,1458.26,1463.53,0
2019-12-02 16:00:00,1463.49,1465.07,1460.8,1463.44,0
2019-12-02 17:00:00,1463.45,1464.29,1462.05,1463.64,0
2019-12-02 18:00:00,1463.63,1464.55,1462.39,1464.1,0
2019-12-02 19:00:00,1464.09,1465.08,1461.93,1462.4,0
2019-12-02 20:00:00,1462.4,1464.08,1462.3,1462.91,0
2019-12-02 21:00:00,1462.91,1463.15,1462.01,1462.42,0
2019-12-02 23:00:00,1462.49,1462.94,1461.62,1462.68,0
2019-12-03 00:00:00,1462.68,1463.57,1461.31,1461.73,0
2019-12-03 01:00:00,1461.73,1463.98,1461.73,1462.93,0
2019-12-03 02:00:00,1462.92,1463.15,1462.18,1462.34,0
2019-12-03 03:00:00,1462.35,1462.35,1461.39,1461.66,0
2019-12-03 04:00:00,1461.66,1461.79,1460.82,1460.97,0
2019-12-03 05:00:00,1460.97,1461.56,1460.44,1461.07,0
2019-12-03 06:00:00,1461.08,1461.18,1459.86,1461.08,0
2019-12-03 07:00:00,1461.08,1463.29,1460.72,1463.05,0
2019-12-03 08:00:00,1463.04,1464.08,1462.1,1463.41,0
2019-12-03 09:00:00,1463.41,1466.95,1462.77,1466.17,0
2019-12-03 10:00:00,1466.14,1470.88,1464.95,1470.22,0
2019-12-03 11:00:00,1470.16,1470.77,1468.52,1470.43,0
2019-12-03 12:00:00,1470.43,1471.27,1468.41,1470.12,0
2019-12-03 13:00:00,1470.11,1475.18,1469.0,1474.31,0
2019-12-03 14:00:00,1474.28,1481.76,1473.77,1478.22,0
2019-12-03 15:00:00,1478.26,1480.4,1476.52,1479.24,0
2019-12-03 16:00:00,1479.21,1481.34,1478.24,1479.6,0
2019-12-03 17:00:00,1479.61,1480.23,1478.47,1478.92,0
2019-12-03 18:00:00,1478.91,1479.66,1477.44,1478.85,0
2019-12-03 19:00:00,1478.89,1479.26,1477.87,1478.52,0
2019-12-03 20:00:00,1478.51,1478.7,1476.77,1477.16,0
2019-12-03 21:00:00,1477.14,1477.76,1476.97,1477.33,0
2019-12-03 23:00:00,1477.45,1477.65,1475.93,1476.67,0
2019-12-04 00:00:00,1476.69,1478.85,1476.2,1477.5,0
2019-12-04 01:00:00,1477.5,1478.34,1476.67,1477.97,0
2019-12-04 02:00:00,1477.97,1478.75,1477.31,1478.56,0
2019-12-04 03:00:00,1478.57,1480.18,1478.54,1479.01,0
2019-12-04 04:00:00,1479.01,1479.53,1478.69,1478.69,0
2019-12-04 05:00:00,1478.69,1481.08,1478.58,1480.06,0
2019-12-04 06:00:00,1480.06,1481.29,1479.89,1481.29,0
2019-12-04 07:00:00,1481.28,1484.09,1481.01,1483.85,0
2019-12-04 08:00:00,1483.85,1484.08,1482.14,1482.42,0
2019-12-04 09:00:00,1482.42,1482.57,1472.75,1474.32,0
2019-12-04 10:00:00,1474.32,1477.73,1473.77,1477.03,0
2019-12-04 11:00:00,1477.03,1477.26,1475.53,1475.77,0
2019-12-04 12:00:00,1475.77,1478.09,1475.77,1477.68,0
2019-12-04 13:00:00,1477.68,1481.87,1476.22,1477.61,0
2019-12-04 14:00:00,1477.6,1478.54,1473.65,1475.23,0
2019-12-04 15:00:00,1475.25,1477.02,1471.48,1473.03,0
2019-12-04 16:00:00,1473.03,1474.31,1471.96,1473.27,0
2019-12-04 17:00:00,1473.29,1474.64,1473.2,1474.04,0
2019-12-04 18:00:00,1474.04,1475.22,1473.5,1474.01,0
2019-12-04 19:00:00,1474.02,1474.29,1473.06,1474.18,0
2019-12-04 20:00:00,1474.18,1475.29,1474.05,1474.99,0
2019-12-04 21:00:00,1475.0,1475.35,1474.21,1474.44,0
2019-12-04 23:00:00,1474.64,1476.06,1474.33,1475.61,0
2019-12-05 00:00:00,1475.66,1476.05,1474.83,1475.57,0
2019-12-05 01:00:00,1475.58,1476.44,1473.79,1475.95,0
2019-12-05 02:00:00,1475.96,1476.04,1475.05,1475.48,0
2019-12-05 03:00:00,1475.48,1476.3,1475.31,1475.95,0
2019-12-05 04:00:00,1475.95,1476.11,1475.2,1475.83,0
2019-12-05 05:00:00,1475.83,1478.13,1475.58,1477.77,0
2019-12-05 06:00:00,1477.77,1478.17,1476.75,1477.35,0
2019-12-05 07:00:00,1477.34,1478.3,1473.91,1474.39,0
2019-12-05 08:00:00,1474.43,1476.89,1473.83,1474.67,0
2019-12-05 09:00:00,1474.68,1475.74,1473.44,1474.18,0
2019-12-05 10:00:00,1474.18,1474.98,1473.2,1474.33,0
2019-12-05 11:00:00,1474.33,1475.94,1474.17,1474.93,0
2019-12-05 12:00:00,1474.94,1476.85,1474.57,1476.37,0
2019-12-05 13:00:00,1476.36,1478.72,1473.62,1474.26,0
2019-12-05 14:00:00,1474.26,1477.26,1472.91,1476.71,0
2019-12-05 15:00:00,1476.72,1478.78,1475.95,1476.3,0
2019-12-05 16:00:00,1476.28,1479.8,1475.72,1479.07,0
2019-12-05 17:00:00,1479.07,1480.35,1478.34,1479.14,0
2019-12-05 18:00:00,1479.14,1479.2,1475.93,1476.33,0
2019-12-05 19:00:00,1476.35,1478.54,1475.18,1476.35,0
2019-12-05 20:00:00,1476.35,1476.46,1475.13,1475.82,0
2019-12-05 21:00:00,1475.76,1476.37,1475.23,1475.8,0
2019-12-05 23:00:00,1475.84,1476.46,1475.77,1476.03,0
2019-12-06 00:00:00,1475.98,1476.25,1475.03,1475.17,0
2019-12-06 01:00:00,1475.17,1476.47,1475.17,1476.13,0
2019-12-06 02:00:00,1476.13,1476.36,1475.57,1476.15,0
2019-12-06 03:00:00,1476.15,1476.16,1474.99,1475.85,0
2019-12-06 04:00:00,1475.85,1475.88,1475.17,1475.58,0
2019-12-06 05:00:00,1475.57,1475.71,1475.0,1475.18,0
2019-12-06 06:00:00,1475.21,1475.28,1471.5,1472.68,0
2019-12-06 07:00:00,1472.67,1473.73,1472.42,1473.42,0
2019-12-06 08:00:00,1473.38,1474.89,1472.55,1474.82,0
2019-12-06 09:00:00,1474.82,1475.49,1473.52,1474.84,0
2019-12-06 10:00:00,1474.84,1475.85,1474.35,1475.37,0
2019-12-06 11:00:00,1475.36,1476.35,1474.79,1475.59,0
2019-12-06 12:00:00,1475.59,1476.85,1475.03,1475.3,0
2019-12-06 13:00:00,1475.3,1479.53,1465.07,1467.93,0
2019-12-06 14:00:00,1467.97,1468.1,1460.5,1461.71,0
2019-12-06 15:00:00,1461.71,1463.23,1459.54,1461.91,0
2019-12-06 16:00:00,1461.91,1461.94,1458.73,1460.56,0
2019-12-06 17:00:00,1460.56,1462.19,1460.15,1461.44,0
2019-12-06 18:00:00,1461.44,1461.98,1459.86,1460.61,0
2019-12-06 19:00:00,1460.6,1460.7,1459.61,1459.99,0
2019-12-06 20:00:00,1460.01,1460.84,1459.56,1460.81,0
2019-12-06 21:00:00,1460.81,1460.81,1459.29,1459.77,0
2019-12-08 23:00:00,1459.59,1460.07,1458.76,1460.02,0
2019-12-09 00:00:00,1460.02,1461.58,1460.0,1461.07,0
2019-12-09 01:00:00,1461.07,1461.54,1459.92,1460.4,0
2019-12-09 02:00:00,1460.4,1460.43,1459.12,1459.55,0
2019-12-09 03:00:00,1459.54,1460.15,1459.25,1459.93,0
2019-12-09 04:00:00,1459.93,1460.47,1459.66,1460.47,0
2019-12-09 05:00:00,1460.46,1461.27,1460.27,1460.8,0
2019-12-09 06:00:00,1460.8,1461.82,1460.25,1460.86,0
2019-12-09 07:00:00,1460.86,1462.59,1460.8,1462.12,0
2019-12-09 08:00:00,1462.13,1462.92,1461.15,1462.49,0
2019-12-09 09:00:00,1462.49,1463.22,1462.24,1462.32,0
2019-12-09 10:00:00,1462.32,1463.81,1462.32,1462.93,0
2019-12-09 11:00:00,1462.93,1464.3,1462.89,1464.0,0
2019-12-09 12:00:00,1463.98,1464.88,1463.85,1464.76,0
2019-12-09 13:00:00,1464.81,1465.41,1462.02,1464.22,0
2019-12-09 14:00:00,1464.22,1464.88,1461.32,1462.72,0
2019-12-09 15:00:00,1462.72,1463.11,1461.06,1461.78,0
2019-12-09 16:00:00,1461.78,1462.07,1460.44,1461.25,0
2019-12-09 17:00:00,1461.27,1461.31,1459.84,1459.96,0
2019-12-09 18:00:00,1459.96,1460.98,1459.23,1459.67,0
2019-12-09 19:00:00,1459.61,1461.29,1459.33,1460.35,0
2019-12-09 20:00:00,1460.35,1460.95,1460.06,1460.89,0
2019-12-09 21:00:00,1460.83,1462.07,1460.58,1461.88,0
2019-12-09 23:00:00,1461.71,1462.1,1460.8,1461.14,0
2019-12-10 00:00:00,1461.13,1461.56,1460.62,1461.53,0
2019-12-10 01:00:00,1461.53,1461.58,1460.55,1461.12,0
2019-12-10 02:00:00,1461.12,1461.51,1460.64,1461.0,0
2019-12-10 03:00:00,1461.01,1461.21,1460.14,1460.29,0
2019-12-10 04:00:00,1460.28,1461.41,1460.23,1461.35,0
2019-12-10 05:00:00,1461.35,1462.8,1461.32,1461.4,0
2019-12-10 06:00:00,1461.4,1462.79,1460.11,1462.25,0
2019-12-10 07:00:00,1462.25,1463.37,1462.12,1462.3,0
2019-12-10 08:00:00,1462.31,1464.47,1462.31,1464.13,0
2019-12-10 09:00:00,1464.13,1465.25,1464.13,1464.39,0
2019-12-10 10:00:00,1464.4,1464.95,1463.9,1464.94,0
2019-12-10 11:00:00,1464.94,1467.2,1464.71,1466.5,0
2019-12-10 12:00:00,1466.49,1468.06,1465.9,1466.7,0
2019-12-10 13:00:00,1466.7,1467.75,1463.78,1467.13,0
2019-12-10 14:00:00,1467.1,1469.18,1464.05,1465.56,0
2019-12-10 15:00:00,1465.56,1465.69,1463.74,1464.59,0
2019-12-10 16:00:00,1464.59,1466.03,1462.43,1463.83,0
2019-12-10 17:00:00,1463.84,1465.94,1462.85,1463.22,0
2019-12-10 18:00:00,1463.22,1464.33,1462.89,1464.18,0
2019-12-10 19:00:00,1464.18,1465.71,1463.88,1465.41,0
2019-12-10 20:00:00,1465.41,1465.42,1464.06,1464.71,0
2019-12-10 21:00:00,1464.73,1464.97,1464.12,1464.46,0
2019-12-10 23:00:00,1464.07,1464.57,1463.35,1463.88,0
2019-12-11 00:00:00,1463.87,1465.07,1463.53,1464.18,0
2019-12-11 01:00:00,1464.22,1464.35,1463.75,1464.22,0
2019-12-11 02:00:00,1464.22,1464.34,1463.5,1464.11,0
2019-12-11 03:00:00,1464.11,1464.29,1463.52,1463.56,0
2019-12-11 04:00:00,1463.54,1463.73,1463.02,1463.56,0
2019-12-11 05:00:00,1463.56,1463.96,1463.04,1463.18,0
2019-12-11 06:00:00,1463.18,1464.1,1462.95,1463.51,0
2019-12-11 07:00:00,1463.55,1465.66,1463.17,1465.34,0
2019-12-11 08:00:00,1465.34,1466.69,1462.75,1466.58,0
2019-12-11 09:00:00,1466.61,1467.36,1465.93,1467.13,0
2019-12-11 10:00:00,1467.11,1467.93,1466.69,1466.94,0
2019-12-11 11:00:00,1466.99,1467.36,1466.13,1466.58,0
2019-12-11 12:00:00,1466.58,1467.69,1465.55,1466.55,0
2019-12-11 13:00:00,1466.56,1468.27,1465.23,1467.13,0
2019-12-11 14:00:00,1467.13,1468.67,1466.52,1467.3,0
2019-12-11 15:00:00,1467.29,1471.15,1466.94,1469.64,0
2019-12-11 16:00:00,1469.64,1472.92,1469.61,1471.15,0
2019-12-11 17:00:00,1471.18,1471.75,1470.23,1470.44,0
2019-12-11 18:00:00,1470.44,1471.13,1469.82,1470.31,0
2019-12-11 19:00:00,1470.31,1478.91,1467.29,1477.54,0
2019-12-11 20:00:00,1477.56,1478.31,1474.16,1475.15,0
2019-12-11 21:00:00,1475.14,1475.33,1474.55,1474.86,0
2019-12-11 23:00:00,1474.67,1475.22,1474.31,1474.64,0
2019-12-12 00:00:00,1474.64,1475.71,1474.32,1474.7,0
2019-12-12 01:00:00,1474.68,1475.69,1474.12,1474.43,0
2019-12-12 02:00:00,1474.45,1475.56,1474.37,1475.56,0
2019-12-12 03:00:00,1475.56,1475.63,1475.26,1475.44,0
2019-12-12 04:00:00,1475.44,1475.46,1474.57,1474.8,0
2019-12-12 05:00:00,1474.8,1475.4,1474.65,1474.65,0
2019-12-12 06:00:00,1474.65,1474.98,1473.35,1473.44,0
2019-12-12 07:00:00,1473.43,1474.1,1472.83,1473.62,0
2019-12-12 08:00:00,1473.62,1474.25,1472.09,1472.74,0
2019-12-12 09:00:00,1472.74,1473.71,1472.57,1473.47,0
2019-12-12 10:00:00,1473.47,1475.05,1473.26,1474.93,0
2019-12-12 11:00:00,1474.93,1475.44,1474.29,1474.72,0
2019-12-12 12:00:00,1474.72,1475.94,1474.56,1475.09,0
2019-12-12 13:00:00,1475.08,1483.8,1474.13,1482.78,0
2019-12-12 14:00:00,1482.83,1486.74,1468.3,1468.88,0
2019-12-12 15:00:00,1468.9,1470.2,1464.62,1466.74,0
2019-12-12 16:00:00,1466.74,1469.68,1464.74,1467.93,0
2019-12-12 17:00:00,1467.94,1470.9,1466.85,1467.79,0
2019-12-12 18:00:00,1467.81,1469.59,1467.0,1468.12,0
2019-12-12 19:00:00,1468.14,1470.12,1463.95,1469.64,0
2019-12-12 20:00:00,1469.65,1470.34,1468.54,1469.86,0
2019-12-12 21:00:00,1469.91,1470.31,1469.0,1469.79,0
2019-12-12 23:00:00,1468.59,1468.71,1461.97,1465.14,0
2019-12-13 00:00:00,1465.12,1466.79,1464.87,1466.31,0
2019-12-13 01:00:00,1467.54,1470.0,1467.48,1468.66,0
2019-12-13 02:00:00,1468.66,1469.64,1468.2,1469.26,0
2019-12-13 03:00:00,1469.26,1469.61,1467.71,1467.91,0
2019-12-13 04:00:00,1467.92,1468.01,1466.96,1467.28,0
2019-12-13 05:00:00,1467.28,1468.12,1467.02,1467.98,0
2019-12-13 06:00:00,1467.98,1468.5,1466.14,1467.36,0
2019-12-13 07:00:00,1467.36,1470.07,1465.76,1469.42,0
2019-12-13 08:00:00,1469.41,1473.07,1469.39,1472.69,0
2019-12-13 09:00:00,1472.69,1473.37,1468.1,1471.46,0
2019-12-13 10:00:00,1471.45,1471.93,1470.31,1471.21,0
2019-12-13 11:00:00,1471.22,1472.3,1471.01,1471.33,0
2019-12-13 12:00:00,1471.33,1475.49,1470.14,1473.67,0
2019-12-13 13:00:00,1473.69,1474.66,1468.28,1468.42,0
2019-12-13 14:00:00,1468.42,1473.78,1467.69,1473.06,0
2019-12-13 15:00:00,1473.06,1473.62,1465.31,1472.49,0
2019-12-13 16:00:00,1472.49,1477.89,1471.86,1475.3,0
2019-12-13 17:00:00,1475.28,1475.98,1474.18,1474.75,0
2019-12-13 18:00:00,1474.75,1477.58,1474.54,1476.78,0
2019-12-13 19:00:00,1476.8,1478.08,1476.54,1477.14,0
2019-12-13 20:00:00,1477.14,1477.21,1474.58,1476.5,0
2019-12-13 21:00:00,1476.55,1476.55,1475.19,1475.32,0
2019-12-15 23:00:00,1475.78,1476.36,1473.79,1474.16,0
2019-12-16 00:00:00,1474.17,1474.81,1473.86,1474.34,0
2019-12-16 01:00:00,1474.34,1474.77,1473.17,1474.38,0
2019-12-16 02:00:00,1474.33,1475.3,1474.15,1475.14,0
2019-12-16 03:00:00,1475.14,1475.44,1474.25,1474.74,0
2019-12-16 04:00:00,1474.74,1475.07,1474.62,1475.05,0
2019-12-16 05:00:00,1475.05,1476.38,1474.63,1476.23,0
2019-12-16 06:00:00,1476.23,1477.87,1476.22,1476.93,0
2019-12-16 07:00:00,1476.93,1478.78,1476.61,1477.28,0
2019-12-16 08:00:00,1477.28,1477.95,1474.54,1475.08,0
2019-12-16 09:00:00,1475.08,1477.57,1474.89,1477.54,0
2019-12-16 10:00:00,1477.54,1478.14,1477.01,1477.31,0
2019-12-16 11:00:00,1477.31,1477.66,1476.61,1476.84,0
2019-12-16 12:00:00,1476.84,1477.74,1475.93,1477.56,0
2019-12-16 13:00:00,1477.56,1479.29,1476.13,1477.96,0
2019-12-16 14:00:00,1477.94,1479.15,1476.89,1478.27,0
2019-12-16 15:00:00,1478.27,1479.89,1474.73,1474.84,0
2019-12-16 16:00:00,1474.86,1475.58,1473.8,1474.72,0
2019-12-16 17:00:00,1474.72,1475.32,1474.03,1475.16,0
2019-12-16 18:00:00,1475.16,1476.81,1474.86,1475.76,0
2019-12-16 19:00:00,1475.76,1476.35,1474.91,1476.25,0
2019-12-16 20:00:00,1476.25,1476.81,1476.05,1476.34,0
2019-12-16 21:00:00,1476.31,1476.83,1475.97,1476.1,0
2019-12-16 23:00:00,1476.08,1476.33,1474.85,1475.36,0
2019-12-17 00:00:00,1475.36,1476.27,1475.35,1475.42,0
2019-12-17 01:00:00,1475.43,1475.66,1474.43,1475.0,0
2019-12-17 02:00:00,1475.0,1476.19,1474.9,1476.11,0
2019-12-17 03:00:00,1476.12,1476.68,1475.79,1476.36,0
2019-12-17 04:00:00,1476.36,1477.56,1476.16,1477.3,0
2019-12-17 05:00:00,1477.3,1477.67,1476.85,1477.03,0
2019-12-17 06:00:00,1477.04,1477.87,1476.84,1477.35,0
2019-12-17 07:00:00,1477.34,1478.04,1475.98,1476.56,0
2019-12-17 08:00:00,1476.58,1479.47,1476.46,1478.34,0
2019-12-17 09:00:00,1478.34,1478.93,1477.24,1478.61,0
2019-12-17 10:00:00,1478.57,1480.56,1478.27,1480.11,0
2019-12-17 11:00:00,1480.16,1480.41,1478.93,1479.2,0
2019-12-17 12:00:00,1479.19,1479.45,1478.36,1479.05,0
2019-12-17 13:00:00,1479.06,1479.65,1474.86,1476.26,0
2019-12-17 14:00:00,1476.28,1477.73,1475.23,1476.47,0
2019-12-17 15:00:00,1476.47,1476.9,1474.24,1475.82,0
2019-12-17 16:00:00,1475.82,1478.29,1475.55,1476.45,0
2019-12-17 17:00:00,1476.45,1477.49,1475.35,1477.2,0
2019-12-17 18:00:00,1477.2,1477.48,1475.93,1476.22,0
2019-12-17 19:00:00,1476.22,1476.61,1475.12,1475.58,0
2019-12-17 20:00:00,1475.58,1476.04,1475.15,1475.98,0
2019-12-17 21:00:00,1475.98,1476.9,1475.84,1476.13,0
2019-12-17 23:00:00,1476.22,1476.25,1475.45,1475.65,0
2019-12-18 00:00:00,1475.65,1475.83,1475.08,1475.72,0
2019-12-18 01:00:00,1475.69,1476.15,1475.41,1476.03,0
2019-12-18 02:00:00,1476.03,1476.4,1475.82,1476.27,0
2019-12-18 03:00:00,1476.27,1476.71,1475.96,1476.61,0
2019-12-18 04:00:00,1476.61,1477.23,1476.53,1477.1,0
2019-12-18 05:00:00,1477.1,1477.19,1476.18,1477.1,0
2019-12-18 06:00:00,1477.11,1477.67,1476.93,1477.12,0
2019-12-18 07:00:00,1477.12,1478.3,1476.9,1477.85,0
2019-12-18 08:00:00,1477.84,1478.1,1476.65,1477.62,0
2019-12-18 09:00:00,1477.59,1479.32,1477.1,1478.85,0
2019-12-18 10:00:00,1478.85,1479.29,1478.73,1478.88,0
2019-12-18 11:00:00,1478.88,1479.27,1474.68,1476.88,0
2019-12-18 12:00:00,1476.88,1477.19,1475.58,1476.11,0
2019-12-18 13:00:00,1476.13,1476.21,1470.49,1472.41,0
2019-12-18 14:00:00,1472.4,1476.04,1471.7,1474.12,0
2019-12-18 15:00:00,1474.14,1478.49,1473.87,1475.92,0
2019-12-18 16:00:00,1475.93,1476.64,1474.58,1475.28,0
2019-12-18 17:00:00,1475.26,1475.71,1474.17,1474.71,0
2019-12-18 18:00:00,1474.74,1475.21,1474.11,1474.56,0
2019-12-18 19:00:00,1474.56,1475.74,1474.52,1475.13,0
2019-12-18 20:00:00,1475.14,1476.11,1474.89,1475.87,0
2019-12-18 21:00:00,1475.85,1475.89,1474.66,1475.5,0
2019-12-18 23:00:00,1474.85,1475.93,1474.8,1475.8,0
2019-12-19 00:00:00,1475.78,1475.92,1474.84,1475.05,0
2019-12-19 01:00:00,1475.05,1477.48,1474.83,1477.28,0
2019-12-19 02:00:00,1477.27,1477.97,1477.17,1477.77,0
2019-12-19 03:00:00,1477.77,1477.96,1477.45,1477.88,0
2019-12-19 04:00:00,1477.87,1478.01,1477.65,1477.71,0
2019-12-19 05:00:00,1477.71,1477.87,1476.23,1476.24,0
2019-12-19 06:00:00,1476.24,1476.84,1475.99,1476.47,0
2019-12-19 07:00:00,1476.46,1476.99,1475.71,1476.08,0
2019-12-19 08:00:00,1476.08,1476.67,1474.92,1475.32,0
2019-12-19 09:00:00,1475.34,1475.34,1473.28,1474.23,0
2019-12-19 10:00:00,1474.23,1475.2,1473.85,1474.47,0
2019-12-19 11:00:00,1474.46,1474.62,1473.32,1474.6,0
2019-12-19 12:00:00,1474.6,1475.18,1473.98,1474.21,0
2019-12-19 13:00:00,1474.28,1477.51,1473.69,1476.38,0
2019-12-19 14:00:00,1476.38,1476.85,1474.34,1476.56,0
2019-12-19 15:00:00,1476.54,1477.23,1475.23,1476.31,0
2019-12-19 16:00:00,1476.26,1479.07,1475.85,1478.75,0
2019-12-19 17:00:00,1478.75,1480.14,1478.01,1479.85,0
2019-12-19 18:00:00,1479.82,1481.69,1479.58,1481.03,0
2019-12-19 19:00:00,1481.06,1481.31,1479.51,1479.8,0
2019-12-19 20:00:00,1479.81,1479.86,1478.77,1479.37,0
2019-12-19 21:00:00,1479.37,1479.42,1478.64,1478.75,0
2019-12-19 23:00:00,1478.88,1479.52,1478.31,1478.51,0
2019-12-20 00:00:00,1478.51,1479.6,1478.31,1478.97,0
2019-12-20 01:00:00,1478.96,1479.44,1478.06,1478.39,0
2019-12-20 02:00:00,1478.39,1478.86,1477.95,1478.11,0
2019-12-20 03:00:00,1478.11,1478.69,1477.93,1478.63,0
2019-12-20 04:00:00,1478.63,1479.31,1478.38,1479.03,0
2019-12-20 05:00:00,1479.03,1479.42,1478.73,1479.19,0
2019-12-20 06:00:00,1479.19,1479.71,1478.82,1479.0,0
2019-12-20 07:00:00,1479.0,1479.67,1478.12,1478.39,0
2019-12-20 08:00:00,1478.38,1478.6,1476.82,1477.79,0
2019-12-20 09:00:00,1477.79,1478.42,1477.48,1478.33,0
2019-12-20 10:00:00,1478.33,1478.33,1476.89,1477.46,0
2019-12-20 11:00:00,1477.46,1477.9,1477.18,1477.5,0
2019-12-20 12:00:00,1477.51,1479.41,1477.48,1479.07,0
2019-12-20 13:00:00,1479.05,1480.74,1477.93,1480.11,0
2019-12-20 14:00:00,1480.1,1480.97,1478.82,1479.66,0
2019-12-20 15:00:00,1479.65,1480.63,1478.06,1479.28,0
2019-12-20 16:00:00,1479.28,1479.46,1475.88,1477.66,0
2019-12-20 17:00:00,1477.66,1478.3,1477.34,1477.35,0
2019-12-20 18:00:00,1477.34,1477.89,1476.98,1477.51,0
2019-12-20 19:00:00,1477.52,1478.33,1477.42,1478.03,0
2019-12-20 20:00:00,1478.02,1478.43,1477.3,1477.63,0
2019-12-20 21:00:00,1477.64,1478.29,1477.42,1478.1,0
2019-12-22 23:00:00,1478.25,1478.69,1477.54,1478.54,0
2019-12-23 00:00:00,1478.54,1479.32,1478.44,1479.12,0
2019-12-23 01:00:00,1479.12,1479.76,1478.94,1479.69,0
2019-12-23 02:00:00,1479.69,1480.03,1479.26,1479.99,0
2019-12-23 03:00:00,1480.02,1481.48,1479.93,1480.85,0
2019-12-23 04:00:00,1480.84,1481.62,1480.72,1480.82,0
2019-12-23 05:00:00,1480.82,1481.73,1480.49,1481.18,0
2019-12-23 06:00:00,1481.19,1483.87,1481.03,1483.47,0
2019-12-23 07:00:00,1483.47,1485.08,1483.43,1483.59,0
2019-12-23 08:00:00,1483.57,1485.16,1482.3,1484.16,0
2019-12-23 09:00:00,1484.17,1485.22,1483.78,1485.0,0
2019-12-23 10:00:00,1485.0,1485.26,1484.17,1484.51,0
2019-12-23 11:00:00,1484.51,1484.64,1482.94,1483.48,0
2019-12-23 12:00:00,1483.48,1483.98,1481.7,1482.13,0
2019-12-23 13:00:00,1482.13,1484.03,1480.58,1483.31,0
2019-12-23 14:00:00,1483.31,1483.47,1481.83,1482.93,0
2019-12-23 15:00:00,1482.93,1484.88,1482.23,1483.72,0
2019-12-23 16:00:00,1483.72,1483.79,1482.3,1483.02,0
2019-12-23 17:00:00,1483.02,1484.71,1483.0,1483.97,0
2019-12-23 18:00:00,1483.96,1485.92,1483.93,1484.68,0
2019-12-23 19:00:00,1484.68,1485.77,1484.56,1485.64,0
2019-12-23 20:00:00,1485.64,1486.15,1485.2,1485.78,0
2019-12-23 21:00:00,1485.77,1485.92,1485.04,1485.52,0
2019-12-23 23:00:00,1485.37,1485.99,1485.19,1485.5,0
2019-12-24 00:00:00,1485.5,1485.86,1484.92,1484.99,0
2019-12-24 01:00:00,1485.0,1487.59,1484.4,1487.59,0
2019-12-24 02:00:00,1487.59,1489.64,1487.25,1489.59,0
2019-12-24 03:00:00,1489.59,1489.6,1488.71,1488.83,0
2019-12-24 04:00:00,1488.83,1489.13,1488.48,1488.85,0
2019-12-24 05:00:00,1488.86,1490.88,1488.86,1490.3,0
2019-12-24 06:00:00,1490.28,1491.35,1489.72,1489.87,0
2019-12-24 07:00:00,1489.88,1490.79,1489.4,1489.99,0
2019-12-24 08:00:00,1489.97,1491.94,1489.83,1491.07,0
2019-12-24 09:00:00,1491.06,1492.97,1490.65,1491.03,0
2019-12-24 10:00:00,1491.03,1492.47,1490.27,1490.3,0
2019-12-24 11:00:00,1490.42,1491.05,1489.38,1490.15,0
2019-12-24 12:00:00,1490.16,1491.16,1489.41,1489.79,0
2019-12-24 13:00:00,1489.79,1490.76,1488.81,1490.24,0
2019-12-24 14:00:00,1490.24,1494.19,1490.13,1492.85,0
2019-12-24 15:00:00,1492.86,1499.43,1492.6,1498.66,0
2019-12-24 16:00:00,1498.66,1499.89,1498.1,1498.91,0
2019-12-24 17:00:00,1498.91,1500.52,1498.43,1499.55,0
2019-12-24 18:00:00,1499.55,1499.9,1498.4,1499.55,0
2019-12-25 23:00:00,1499.2,1500.01,1497.4,1499.47,0
2019-12-26 00:00:00,1499.48,1499.77,1497.81,1498.24,0
2019-12-26 01:00:00,1498.24,1501.33,1497.99,1501.33,0
2019-12-26 02:00:00,1501.33,1503.87,1501.25,1503.31,0
2019-12-26 03:00:00,1503.31,1504.05,1503.14,1503.32,0
2019-12-26 04:00:00,1503.32,1503.42,1502.37,1502.95,0
2019-12-26 05:00:00,1502.95,1505.57,1502.79,1504.53,0
2019-12-26 06:00:00,1504.54,1504.74,1502.73,1502.92,0
2019-12-26 07:00:00,1502.89,1504.14,1502.77,1502.9,0
2019-12-26 08:00:00,1502.89,1504.81,1502.75,1504.28,0
2019-12-26 09:00:00,1504.28,1504.6,1503.52,1504.16,0
2019-12-26 10:00:00,1504.16,1505.08,1503.44,1504.41,0
2019-12-26 11:00:00,1504.41,1505.04,1503.92,1504.84,0
2019-12-26 12:00:00,1504.82,1507.38,1504.65,1505.48,0
2019-12-26 13:00:00,1505.48,1508.31,1504.42,1507.88,0
2019-12-26 14:00:00,1507.87,1510.03,1506.95,1509.97,0
2019-12-26 15:00:00,1509.96,1512.61,1509.53,1512.14,0
2019-12-26 16:00:00,1512.11,1512.18,1506.65,1508.1,0
2019-12-26 17:00:00,1508.1,1510.27,1507.92,1508.63,0
2019-12-26 18:00:00,1508.62,1512.41,1508.35,1512.05,0
2019-12-26 19:00:00,1512.06,1512.29,1509.51,1509.84,0
2019-12-26 20:00:00,1509.85,1511.97,1509.75,1511.83,0
2019-12-26 21:00:00,1511.87,1511.92,1510.81,1510.81,0
2019-12-26 23:00:00,1511.04,1511.65,1510.43,1511.2,0
2019-12-27 00:00:00,1511.2,1511.29,1509.55,1510.09,0
2019-12-27 01:00:00,1510.09,1511.01,1509.21,1510.5,0
2019-12-27 02:00:00,1510.5,1513.84,1510.33,1513.53,0
2019-12-27 03:00:00,1513.52,1514.08,1512.62,1513.01,0
2019-12-27 04:00:00,1512.98,1513.29,1512.57,1512.95,0
2019-12-27 05:00:00,1512.96,1513.49,1509.72,1510.47,0
2019-12-27 06:00:00,1510.39,1510.77,1507.84,1508.79,0
2019-12-27 07:00:00,1508.77,1509.63,1507.36,1508.57,0
2019-12-27 08:00:00,1508.57,1510.07,1507.97,1509.81,0
2019-12-27 09:00:00,1509.81,1511.96,1509.29,1511.91,0
2019-12-27 10:00:00,1511.91,1512.46,1510.48,1511.59,0
2019-12-27 11:00:00,1511.59,1511.69,1508.75,1510.03,0
2019-12-27 12:00:00,1510.03,1511.87,1509.63,1511.23,0
2019-12-27 13:00:00,1511.25,1511.85,1509.52,1510.49,0
2019-12-27 14:00:00,1510.48,1511.52,1509.42,1510.74,0
2019-12-27 15:00:00,1510.74,1512.83,1509.73,1511.47,0
2019-12-27 16:00:00,1511.49,1515.33,1511.24,1513.9,0
2019-12-27 17:00:00,1513.9,1514.27,1512.68,1514.17,0
2019-12-27 18:00:00,1514.17,1514.17,1512.66,1513.24,0
2019-12-27 19:00:00,1513.23,1513.31,1511.46,1512.55,0
2019-12-27 20:00:00,1512.55,1512.72,1510.11,1510.87,0
2019-12-27 21:00:00,1510.87,1511.26,1510.51,1510.86,0
2019-12-29 23:00:00,1511.44,1514.04,1511.12,1513.53,0
2019-12-30 00:00:00,1513.53,1514.43,1513.05,1513.29,0
2019-12-30 01:00:00,1513.28,1515.11,1513.28,1514.23,0
2019-12-30 02:00:00,1514.21,1515.35,1513.57,1515.09,0
2019-12-30 03:00:00,1515.1,1515.78,1514.54,1515.04,0
2019-12-30 04:00:00,1515.05,1515.11,1514.46,1514.53,0
2019-12-30 05:00:00,1514.54,1515.25,1513.92,1515.25,0
2019-12-30 06:00:00,1515.25,1515.34,1513.17,1513.53,0
2019-12-30 07:00:00,1513.52,1514.65,1512.91,1514.17,0
2019-12-30 08:00:00,1514.27,1514.28,1512.42,1512.64,0
2019-12-30 09:00:00,1512.64,1513.42,1512.48,1513.03,0
2019-12-30 10:00:00,1513.03,1513.35,1511.34,1512.07,0
2019-12-30 11:00:00,1512.07,1512.1,1510.8,1510.93,0
2019-12-30 12:00:00,1510.93,1513.24,1510.93,1512.56,0
2019-12-30 13:00:00,1512.56,1513.56,1511.2,1512.49,0
2019-12-30 14:00:00,1512.49,1515.74,1512.23,1515.42,0
2019-12-30 15:00:00,1515.42,1515.85,1513.25,1513.86,0
2019-12-30 16:00:00,1513.88,1516.12,1513.77,1515.57,0
2019-12-30 17:00:00,1515.59,1515.78,1514.57,1515.13,0
2019-12-30 18:00:00,1515.13,1515.85,1514.85,1515.0,0
2019-12-30 19:00:00,1514.99,1515.98,1514.99,1515.59,0
2019-12-30 20:00:00,1515.59,1515.61,1514.47,1514.88,0
2019-12-30 21:00:00,1514.96,1515.29,1514.71,1515.01,0
2019-12-30 23:00:00,1514.83,1515.52,1514.76,1514.93,0
2019-12-31 00:00:00,1514.91,1515.84,1514.83,1515.82,0
2019-12-31 01:00:00,1515.82,1522.03,1515.78,1521.3,0
2019-12-31 02:00:00,1521.3,1521.91,1521.12,1521.24,0
2019-12-31 03:00:00,1521.25,1522.04,1520.87,1521.94,0
2019-12-31 04:00:00,1521.94,1524.13,1521.94,1523.38,0
2019-12-31 05:00:00,1523.38,1523.53,1522.32,1523.34,0
2019-12-31 06:00:00,1523.34,1523.63,1522.81,1523.57,0
2019-12-31 07:00:00,1523.57,1525.32,1523.26,1523.87,0
2019-12-31 08:00:00,1523.87,1524.71,1523.47,1524.52,0
2019-12-31 09:00:00,1524.52,1524.84,1523.62,1523.74,0
2019-12-31 10:00:00,1523.76,1523.87,1522.4,1522.72,0
2019-12-31 11:00:00,1522.72,1523.13,1521.51,1521.89,0
2019-12-31 12:00:00,1521.89,1524.26,1520.53,1521.44,0
2019-12-31 13:00:00,1521.44,1521.69,1519.9,1520.86,0
2019-12-31 14:00:00,1520.85,1523.29,1516.67,1518.74,0
2019-12-31 15:00:00,1518.74,1524.85,1517.66,1522.0,0
2019-12-31 16:00:00,1522.0,1522.78,1520.13,1521.91,0
2019-12-31 17:00:00,1521.91,1522.91,1521.21,1522.71,0
2019-12-31 18:00:00,1522.72,1522.9,1519.39,1520.3,0
2020-01-01 23:00:00,1517.97,1521.37,1517.95,1518.41,0
2020-01-02 00:00:00,1518.45,1519.37,1518.14,1518.69,0
2020-01-02 01:00:00,1518.69,1520.91,1517.23,1519.44,0
2020-01-02 02:00:00,1519.44,1520.95,1518.44,1520.63,0
2020-01-02 03:00:00,1520.63,1521.21,1519.86,1520.37,0
2020-01-02 04:00:00,1520.37,1520.45,1519.48,1519.48,0
2020-01-02 05:00:00,1519.45,1520.41,1519.04,1520.3,0
2020-01-02 06:00:00,1520.3,1521.02,1519.31,1521.02,0
2020-01-02 07:00:00,1521.01,1521.45,1519.14,1519.21,0
2020-01-02 08:00:00,1519.21,1521.04,1518.49,1520.82,0
2020-01-02 09:00:00,1520.82,1521.41,1519.62,1520.72,0
2020-01-02 10:00:00,1520.73,1521.42,1519.72,1521.27,0
2020-01-02 11:00:00,1521.27,1522.49,1521.22,1522.03,0
2020-01-02 12:00:00,1522.03,1523.68,1521.62,1523.14,0
2020-01-02 13:00:00,1523.14,1529.06,1522.74,1528.07,0
2020-01-02 14:00:00,1528.09,1530.59,1525.66,1526.37,0
2020-01-02 15:00:00,1526.37,1531.39,1525.93,1529.2,0
2020-01-02 16:00:00,1529.22,1529.29,1525.3,1525.56,0
2020-01-02 17:00:00,1525.6,1526.1,1522.85,1525.29,0
2020-01-02 18:00:00,1525.28,1526.58,1524.94,1526.38,0
2020-01-02 19:00:00,1526.37,1526.97,1525.6,1526.8,0
2020-01-02 20:00:00,1526.77,1528.61,1526.52,1528.37,0
2020-01-02 21:00:00,1528.37,1528.98,1527.96,1528.81,0
2020-01-02 23:00:00,1528.55,1528.93,1527.98,1528.8,0
2020-01-03 00:00:00,1528.8,1530.67,1528.8,1530.58,0
2020-01-03 01:00:00,1530.58,1535.8,1529.96,1534.99,0
2020-01-03 02:00:00,1534.98,1541.1,1532.67,1538.37,0
2020-01-03 03:00:00,1538.37,1540.6,1537.81,1538.64,0
2020-01-03 04:00:00,1538.61,1539.69,1537.47,1538.82,0
2020-01-03 05:00:00,1538.8,1543.89,1538.29,1541.42,0
2020-01-03 06:00:00,1541.42,1542.63,1541.04,1541.28,0
2020-01-03 07:00:00,1541.28,1543.97,1540.17,1543.49,0
2020-01-03 08:00:00,1543.51,1545.36,1542.97,1544.32,0
2020-01-03 09:00:00,1544.32,1550.4,1544.2,1546.84,0
2020-01-03 10:00:00,1546.9,1549.65,1545.38,1548.55,0
2020-01-03 11:00:00,1548.58,1551.52,1547.94,1549.48,0
2020-01-03 12:00:00,1549.56,1550.05,1545.39,1546.44,0
2020-01-03 13:00:00,1546.43,1547.41,1540.96,1546.32,0
2020-01-03 14:00:00,1546.36,1548.13,1544.15,1546.04,0
2020-01-03 15:00:00,1546.04,1551.06,1546.01,1548.9,0
2020-01-03 16:00:00,1548.89,1550.51,1547.61,1548.32,0
2020-01-03 17:00:00,1548.33,1548.89,1546.99,1548.8,0
2020-01-03 18:00:00,1548.78,1553.57,1548.39,1549.57,0
2020-01-03 19:00:00,1549.57,1549.88,1546.26,1547.91,0
2020-01-03 20:00:00,1547.89,1549.11,1546.93,1549.07,0
2020-01-03 21:00:00,1549.06,1552.01,1548.65,1551.64,0
2020-01-05 23:00:00,1558.55,1588.0,1558.55,1569.23,0
2020-01-06 00:00:00,1569.25,1570.89,1567.13,1569.56,0
2020-01-06 01:00:00,1569.53,1580.08,1568.9,1577.81,0
2020-01-06 02:00:00,1577.82,1578.09,1575.28,1577.57,0
2020-01-06 03:00:00,1577.58,1579.53,1576.88,1578.01,0
2020-01-06 04:00:00,1578.01,1578.33,1574.92,1576.14,0
2020-01-06 05:00:00,1576.16,1577.38,1573.52,1574.98,0
2020-01-06 06:00:00,1574.98,1577.84,1573.68,1574.45,0
2020-01-06 07:00:00,1574.43,1575.22,1570.26,1574.22,0
2020-01-06 08:00:00,1574.11,1576.54,1571.38,1575.69,0
2020-01-06 09:00:00,1575.69,1578.05,1574.28,1577.3,0
2020-01-06 10:00:00,1577.3,1577.69,1575.13,1577.63,0
2020-01-06 11:00:00,1577.62,1579.36,1576.16,1578.94,0
2020-01-06 12:00:00,1578.88,1579.05,1576.18,1576.7,0
2020-01-06 13:00:00,1576.73,1577.74,1571.49,1574.31,0
2020-01-06 14:00:00,1574.31,1576.67,1572.63,1572.95,0
2020-01-06 15:00:00,1572.94,1574.22,1560.99,1564.3,0
2020-01-06 16:00:00,1564.36,1565.71,1560.84,1564.76,0
2020-01-06 17:00:00,1564.76,1565.35,1562.14,1564.54,0
2020-01-06 18:00:00,1564.54,1568.58,1563.9,1566.6,0
2020-01-06 19:00:00,1566.54,1567.73,1563.05,1564.86,0
2020-01-06 20:00:00,1564.86,1566.87,1564.31,1565.6,0
2020-01-06 21:00:00,1565.62,1566.81,1565.26,1565.78,0
2020-01-06 23:00:00,1564.34,1565.78,1563.63,1563.79,0
2020-01-07 00:00:00,1563.79,1565.62,1562.64,1564.32,0
2020-01-07 01:00:00,1564.32,1564.65,1556.54,1557.9,0
2020-01-07 02:00:00,1557.91,1560.93,1555.34,1559.03,0
2020-01-07 03:00:00,1559.03,1560.0,1558.37,1559.05,0
2020-01-07 04:00:00,1559.05,1559.86,1558.0,1559.24,0
2020-01-07 05:00:00,1559.24,1563.02,1559.04,1562.51,0
2020-01-07 06:00:00,1562.51,1569.34,1562.38,1564.8,0
2020-01-07 07:00:00,1564.76,1570.87,1564.62,1569.77,0
2020-01-07 08:00:00,1569.75,1570.52,1564.59,1564.89,0
2020-01-07 09:00:00,1564.89,1566.9,1563.28,1566.26,0
2020-01-07 10:00:00,1566.26,1567.21,1565.14,1565.71,0
2020-01-07 11:00:00,1565.69,1568.92,1565.5,1567.61,0
2020-01-07 12:00:00,1567.64,1569.6,1563.91,1565.2,0
2020-01-07 13:00:00,1565.2,1568.31,1564.69,1568.18,0
2020-01-07 14:00:00,1568.18,1571.66,1566.28,1569.11,0
2020-01-07 15:00:00,1569.04,1571.42,1565.62,1568.62,0
2020-01-07 16:00:00,1568.62,1571.8,1568.38,1571.1,0
2020-01-07 17:00:00,1571.1,1573.16,1570.89,1571.92,0
2020-01-07 18:00:00,1571.92,1573.15,1570.74,1572.42,0
2020-01-07 19:00:00,1572.42,1573.08,1569.62,1571.28,0
2020-01-07 20:00:00,1571.28,1572.02,1569.74,1571.76,0
2020-01-07 21:00:00,1571.79,1577.33,1571.53,1573.41,0
2020-01-07 23:00:00,1574.22,1598.42,1574.08,1595.04,0
2020-01-08 00:00:00,1595.04,1611.39,1592.57,1598.92,0
2020-01-08 01:00:00,1598.95,1604.78,1590.58,1593.48,0
2020-01-08 02:00:00,1593.51,1594.51,1583.68,1585.49,0
2020-01-08 03:00:00,1585.48,1593.92,1585.03,1590.76,0
2020-01-08 04:00:00,1590.76,1593.7,1589.29,1593.16,0
2020-01-08 05:00:00,1593.16,1595.35,1591.27,1594.49,0
2020-01-08 06:00:00,1594.49,1595.17,1592.09,1593.14,0
2020-01-08 07:00:00,1593.14,1593.44,1585.93,1588.65,0
2020-01-08 08:00:00,1588.65,1588.99,1580.06,1581.01,0
2020-01-08 09:00:00,1581.0,1585.74,1579.28,1583.72,0
2020-01-08 10:00:00,1583.73,1584.83,1578.95,1580.76,0
2020-01-08 11:00:00,1580.76,1582.65,1575.49,1577.27,0
2020-01-08 12:00:00,1577.27,1580.08,1573.58,1575.38,0
2020-01-08 13:00:00,1575.38,1577.63,1568.13,1576.77,0
2020-01-08 14:00:00,1576.78,1578.35,1571.05,1573.57,0
2020-01-08 15:00:00,1573.49,1575.0,1570.05,1573.62,0
2020-01-08 16:00:00,1573.61,1573.61,1552.72,1559.0,0
2020-01-08 17:00:00,1558.93,1562.03,1557.09,1561.95,0
2020-01-08 18:00:00,1561.93,1562.31,1556.05,1556.07,0
2020-01-08 19:00:00,1556.07,1556.17,1552.26,1554.12,0
2020-01-08 20:00:00,1554.19,1562.09,1553.24,1559.91,0
2020-01-08 21:00:00,1559.86,1560.78,1555.31,1555.94,0
2020-01-08 23:00:00,1556.23,1560.36,1554.79,1558.08,0
2020-01-09 00:00:00,1558.08,1558.63,1553.87,1556.67,0
2020-01-09 01:00:00,1556.68,1561.34,1556.05,1559.73,0
2020-01-09 02:00:00,1559.73,1560.87,1559.01,1560.58,0
2020-01-09 03:00:00,1560.59,1560.6,1556.47,1558.79,0
2020-01-09 04:00:00,1558.79,1559.45,1558.01,1558.4,0
2020-01-09 05:00:00,1558.4,1559.02,1555.06,1555.38,0
2020-01-09 06:00:00,1555.34,1555.93,1540.27,1544.17,0
2020-01-09 07:00:00,1544.16,1547.42,1544.03,1545.57,0
2020-01-09 08:00:00,1545.59,1548.69,1544.57,1547.38,0
2020-01-09 09:00:00,1547.35,1547.81,1544.93,1546.4,0
2020-01-09 10:00:00,1546.4,1548.24,1545.6,1547.47,0
2020-01-09 11:00:00,1547.47,1549.41,1547.23,1548.46,0
2020-01-09 12:00:00,1548.46,1556.61,1546.47,1554.76,0
2020-01-09 13:00:00,1554.73,1554.82,1548.82,1549.88,0
2020-01-09 14:00:00,1549.87,1552.68,1547.78,1551.76,0
2020-01-09 15:00:00,1551.74,1552.59,1544.79,1546.72,0
2020-01-09 16:00:00,1546.72,1550.22,1546.67,1549.56,0
2020-01-09 17:00:00,1549.56,1552.23,1549.22,1549.27,0
2020-01-09 18:00:00,1549.25,1555.11,1549.25,1552.81,0
2020-01-09 19:00:00,1552.82,1554.49,1552.32,1552.73,0
2020-01-09 20:00:00,1552.68,1553.04,1549.78,1550.81,0
2020-01-09 21:00:00,1550.84,1552.54,1550.79,1552.18,0
2020-01-09 23:00:00,1552.6,1553.82,1551.7,1552.73,0
2020-01-10 00:00:00,1552.73,1552.73,1550.16,1551.93,0
2020-01-10 01:00:00,1551.87,1551.94,1547.57,1548.02,0
2020-01-10 02:00:00,1548.0,1549.36,1547.2,1548.85,0
2020-01-10 03:00:00,1548.85,1548.97,1546.29,1546.41,0
2020-01-10 04:00:00,1546.38,1547.4,1545.75,1547.15,0
2020-01-10 05:00:00,1547.16,1548.75,1546.56,1548.4,0
2020-01-10 06:00:00,1548.39,1548.5,1546.25,1547.9,0
2020-01-10 07:00:00,1547.9,1551.75,1547.37,1550.78,0
2020-01-10 08:00:00,1550.8,1552.49,1549.86,1551.08,0
2020-01-10 09:00:00,1551.08,1551.39,1547.84,1548.38,0
2020-01-10 10:00:00,1548.33,1549.78,1548.14,1548.87,0
2020-01-10 11:00:00,1548.88,1550.97,1548.04,1550.68,0
2020-01-10 12:00:00,1550.68,1550.68,1548.76,1549.55,0
2020-01-10 13:00:00,1549.55,1556.61,1546.89,1548.72,0
2020-01-10 14:00:00,1548.76,1554.53,1547.79,1553.4,0
2020-01-10 15:00:00,1553.4,1559.45,1552.91,1558.66,0
2020-01-10 16:00:00,1558.63,1561.06,1557.85,1560.0,0
2020-01-10 17:00:00,1560.0,1561.03,1558.06,1559.48,0
2020-01-10 18:00:00,1559.48,1559.6,1558.25,1558.58,0
2020-01-10 19:00:00,1558.58,1559.07,1557.87,1558.86,0
2020-01-10 20:00:00,1558.91,1560.57,1558.79,1560.29,0
2020-01-10 21:00:00,1560.31,1563.18,1560.31,1562.3,0
2020-01-12 23:00:00,1559.33,1561.49,1558.05,1559.26,0
2020-01-13 00:00:00,1559.27,1560.07,1558.37,1558.66,0
2020-01-13 01:00:00,1558.66,1558.74,1554.33,1556.8,0
2020-01-13 02:00:00,1556.82,1557.62,1555.5,1556.19,0
2020-01-13 03:00:00,1556.17,1556.93,1555.86,1556.77,0
2020-01-13 04:00:00,1556.77,1556.89,1555.51,1555.7,0
2020-01-13 05:00:00,1555.7,1556.46,1554.99,1555.19,0
2020-01-13 06:00:00,1555.19,1555.53,1553.94,1555.22,0
2020-01-13 07:00:00,1555.22,1555.22,1552.05,1552.76,0
2020-01-13 08:00:00,1552.78,1553.13,1549.92,1550.43,0
2020-01-13 09:00:00,1550.43,1550.71,1546.58,1547.96,0
2020-01-13 10:00:00,1547.96,1551.55,1547.92,1551.18,0
2020-01-13 11:00:00,1551.18,1553.96,1550.46,1552.96,0
2020-01-13 12:00:00,1552.96,1555.01,1552.21,1555.0,0
2020-01-13 13:00:00,1554.98,1556.17,1552.86,1554.75,0
2020-01-13 14:00:00,1554.75,1555.28,1548.69,1551.17,0
2020-01-13 15:00:00,1551.17,1553.38,1549.37,1551.54,0
2020-01-13 16:00:00,1551.54,1553.94,1550.56,1550.64,0
2020-01-13 17:00:00,1550.65,1551.19,1549.24,1549.76,0
2020-01-13 18:00:00,1549.76,1550.3,1549.2,1549.56,0
2020-01-13 19:00:00,1549.57,1550.3,1548.28,1549.78,0
2020-01-13 20:00:00,1549.78,1550.51,1548.57,1548.67,0
2020-01-13 21:00:00,1548.62,1549.11,1547.86,1547.96,0
2020-01-13 23:00:00,1548.46,1548.89,1544.98,1545.28,0
2020-01-14 00:00:00,1545.28,1545.35,1541.77,1543.48,0
2020-01-14 01:00:00,1543.48,1543.64,1535.95,1537.65,0
2020-01-14 02:00:00,1537.68,1540.21,1537.53,1540.09,0
2020-01-14 03:00:00,1540.09,1540.57,1538.58,1538.81,0
2020-01-14 04:00:00,1538.81,1539.36,1538.12,1538.97,0
2020-01-14 05:00:00,1538.97,1539.18,1536.17,1537.99,0
2020-01-14 06:00:00,1537.99,1540.05,1536.36,1539.77,0
2020-01-14 07:00:00,1539.77,1543.15,1539.01,1543.1,0
2020-01-14 08:00:00,1543.11,1545.92,1541.85,1544.52,0
2020-01-14 09:00:00,1544.52,1544.68,1542.6,1544.1,0
2020-01-14 10:00:00,1544.1,1545.81,1543.77,1545.07,0
2020-01-14 11:00:00,1545.05,1546.04,1543.09,1543.11,0
2020-01-14 12:00:00,1543.13,1544.29,1542.3,1543.19,0
2020-01-14 13:00:00,1543.18,1546.75,1542.1,1544.17,0
2020-01-14 14:00:00,1544.17,1547.04,1542.48,1546.43,0
2020-01-14 15:00:00,1546.43,1546.81,1541.02,1543.02,0
2020-01-14 16:00:00,1543.03,1544.38,1542.22,1542.44,0
2020-01-14 17:00:00,1542.44,1543.88,1542.1,1543.58,0
2020-01-14 18:00:00,1543.58,1548.86,1542.94,1545.75,0
2020-01-14 19:00:00,1545.75,1547.87,1545.16,1546.13,0
2020-01-14 20:00:00,1546.16,1547.34,1545.6,1547.04,0
2020-01-14 21:00:00,1547.03,1547.14,1546.01,1546.23,0
2020-01-14 23:00:00,1546.48,1550.04,1546.42,1549.58,0
2020-01-15 00:00:00,1549.55,1550.09,1547.97,1549.19,0
2020-01-15 01:00:00,1549.19,1549.19,1546.4,1547.4,0
2020-01-15 02:00:00,1547.39,1552.9,1547.23,1552.2,0
2020-01-15 03:00:00,1552.22,1552.81,1551.13,1552.13,0
2020-01-15 04:00:00,1552.13,1552.71,1551.75,1552.04,0
2020-01-15 05:00:00,1552.04,1553.39,1551.95,1553.24,0
2020-01-15 06:00:00,1553.23,1553.92,1550.33,1550.85,0
2020-01-15 07:00:00,1550.85,1552.84,1550.66,1552.79,0
2020-01-15 08:00:00,1552.77,1554.27,1551.91,1553.53,0
2020-01-15 09:00:00,1553.53,1553.67,1551.58,1553.25,0
2020-01-15 10:00:00,1553.26,1553.45,1551.42,1551.93,0
2020-01-15 11:00:00,1551.94,1553.15,1551.66,1552.05,0
2020-01-15 12:00:00,1552.05,1552.36,1550.18,1550.82,0
2020-01-15 13:00:00,1550.88,1554.82,1546.97,1554.82,0
2020-01-15 14:00:00,1554.8,1557.05,1548.86,1549.68,0
2020-01-15 15:00:00,1549.68,1551.07,1548.84,1548.99,0
2020-01-15 16:00:00,1548.99,1552.35,1548.78,1551.85,0
2020-01-15 17:00:00,1551.85,1554.38,1550.89,1554.05,0
2020-01-15 18:00:00,1554.05,1556.49,1553.11,1555.97,0
2020-01-15 19:00:00,1555.97,1558.19,1554.88,1555.43,0
2020-01-15 20:00:00,1555.43,1557.06,1554.19,1556.15,0
2020-01-15 21:00:00,1556.15,1556.46,1555.1,1556.3,0
2020-01-15 23:00:00,1555.72,1556.41,1554.99,1556.35,0
2020-01-16 00:00:00,1556.35,1558.11,1556.33,1557.05,0
2020-01-16 01:00:00,1557.07,1557.57,1555.79,1556.45,0
2020-01-16 02:00:00,1556.44,1557.16,1555.44,1555.98,0
2020-01-16 03:00:00,1555.97,1556.8,1555.44,1556.5,0
2020-01-16 04:00:00,1556.51,1556.51,1555.64,1555.83,0
2020-01-16 05:00:00,1555.81,1556.01,1551.52,1551.74,0
2020-01-16 06:00:00,1551.73,1553.32,1551.65,1552.95,0
2020-01-16 07:00:00,1552.93,1553.84,1552.49,1553.55,0
2020-01-16 08:00:00,1553.55,1554.69,1551.88,1553.94,0
2020-01-16 09:00:00,1553.91,1555.7,1553.81,1554.91,0
2020-01-16 10:00:00,1554.92,1555.89,1554.57,1554.77,0
2020-01-16 11:00:00,1554.76,1556.5,1554.54,1556.25,0
2020-01-16 12:00:00,1556.25,1557.5,1555.33,1556.69,0
2020-01-16 13:00:00,1556.69,1556.72,1552.52,1554.32,0
2020-01-16 14:00:00,1554.32,1555.08,1550.74,1553.93,0
2020-01-16 15:00:00,1553.93,1555.57,1548.04,1550.86,0
2020-01-16 16:00:00,1550.85,1551.14,1549.03,1550.93,0
2020-01-16 17:00:00,1550.93,1552.28,1550.63,1551.6,0
2020-01-16 18:00:00,1551.6,1551.69,1549.44,1550.45,0
2020-01-16 19:00:00,1550.45,1552.27,1550.21,1551.77,0
2020-01-16 20:00:00,1551.78,1554.01,1551.29,1553.63,0
2020-01-16 21:00:00,1553.71,1554.18,1552.42,1552.42,0
2020-01-16 23:00:00,1552.22,1552.55,1550.88,1552.25,0
2020-01-17 00:00:00,1552.26,1552.85,1549.88,1550.01,0
2020-01-17 01:00:00,1550.02,1553.6,1549.42,1553.18,0
2020-01-17 02:00:00,1553.14,1554.16,1552.0,1553.72,0
2020-01-17 03:00:00,1553.72,1554.75,1553.24,1554.64,0
2020-01-17 04:00:00,1554.64,1555.86,1554.58,1555.72,0
2020-01-17 05:00:00,1555.72,1556.97,1555.6,1555.66,0
2020-01-17 06:00:00,1555.67,1556.99,1554.3,1556.86,0
2020-01-17 07:00:00,1556.88,1557.06,1554.73,1555.55,0
2020-01-17 08:00:00,1555.58,1555.7,1554.17,1554.6,0
2020-01-17 09:00:00,1554.6,1555.73,1554.13,1555.52,0
2020-01-17 10:00:00,1555.52,1556.92,1554.32,1556.86,0
2020-01-17 11:00:00,1556.86,1557.25,1555.73,1556.53,0
2020-01-17 12:00:00,1556.57,1559.77,1556.51,1559.01,0
2020-01-17 13:00:00,1559.01,1560.75,1554.85,1555.43,0
2020-01-17 14:00:00,1555.43,1558.97,1554.49,1557.75,0
2020-01-17 15:00:00,1557.75,1558.49,1554.1,1556.31,0
2020-01-17 16:00:00,1556.31,1558.63,1555.88,1557.94,0
2020-01-17 17:00:00,1557.94,1560.16,1557.59,1559.79,0
2020-01-17 18:00:00,1559.79,1561.27,1559.4,1560.07,0
2020-01-17 19:00:00,1560.07,1561.28,1559.67,1559.75,0
2020-01-17 20:00:00,1559.68,1560.98,1556.31,1557.18,0
2020-01-17 21:00:00,1557.15,1557.62,1556.36,1557.12,0
2020-01-19 23:00:00,1557.23,1559.08,1556.37,1557.06,0
2020-01-20 00:00:00,1557.06,1558.32,1556.76,1556.88,0
2020-01-20 01:00:00,1556.88,1558.85,1556.67,1557.68,0
2020-01-20 02:00:00,1557.68,1558.1,1556.96,1557.91,0
2020-01-20 03:00:00,1557.91,1558.94,1557.81,1558.92,0
2020-01-20 04:00:00,1558.92,1559.81,1558.92,1559.59,0
2020-01-20 05:00:00,1559.58,1562.3,1559.18,1561.93,0
2020-01-20 06:00:00,1561.93,1562.76,1561.36,1561.53,0
2020-01-20 07:00:00,1561.5,1562.52,1560.23,1561.54,0
2020-01-20 08:00:00,1561.55,1561.74,1559.31,1560.21,0
2020-01-20 09:00:00,1560.21,1560.63,1559.53,1560.48,0
2020-01-20 10:00:00,1560.48,1560.78,1559.36,1559.79,0
2020-01-20 11:00:00,1559.79,1560.67,1559.42,1560.14,0
2020-01-20 12:00:00,1560.14,1560.16,1559.4,1559.64,0
2020-01-20 13:00:00,1559.63,1560.97,1558.32,1560.41,0
2020-01-20 14:00:00,1560.41,1560.65,1559.37,1560.2,0
2020-01-20 15:00:00,1560.2,1561.05,1559.66,1560.97,0
2020-01-20 16:00:00,1560.95,1561.25,1560.38,1560.98,0
2020-01-20 17:00:00,1560.98,1561.14,1560.55,1560.67,0
2020-01-20 18:00:00,1560.67,1560.81,1560.16,1560.7,0
2020-01-20 23:00:00,1560.88,1561.49,1559.95,1561.27,0
2020-01-21 00:00:00,1561.27,1561.96,1560.36,1560.45,0
2020-01-21 01:00:00,1560.46,1567.94,1560.03,1566.67,0
2020-01-21 02:00:00,1566.67,1568.63,1564.6,1567.01,0
2020-01-21 03:00:00,1567.0,1567.31,1565.53,1566.86,0
2020-01-21 04:00:00,1566.87,1567.75,1566.28,1566.6,0
2020-01-21 05:00:00,1566.6,1566.97,1565.34,1565.71,0
2020-01-21 06:00:00,1565.71,1567.22,1565.44,1565.54,0
2020-01-21 07:00:00,1565.53,1566.08,1558.34,1559.47,0
2020-01-21 08:00:00,1559.47,1561.57,1552.66,1554.85,0
2020-01-21 09:00:00,1554.85,1557.8,1554.76,1555.97,0
2020-01-21 10:00:00,1555.97,1556.89,1554.66,1554.78,0
2020-01-21 11:00:00,1554.78,1557.07,1551.89,1555.7,0
2020-01-21 12:00:00,1555.7,1557.88,1554.85,1556.62,0
2020-01-21 13:00:00,1556.59,1557.84,1550.79,1553.36,0
2020-01-21 14:00:00,1553.36,1553.44,1546.38,1552.41,0
2020-01-21 15:00:00,1552.38,1558.59,1550.97,1558.54,0
2020-01-21 16:00:00,1558.49,1558.78,1556.16,1557.31,0
2020-01-21 17:00:00,1557.32,1558.03,1556.92,1557.14,0
2020-01-21 18:00:00,1557.15,1560.03,1554.41,1558.72,0
2020-01-21 19:00:00,1558.72,1559.11,1557.17,1558.29,0
2020-01-21 20:00:00,1558.3,1559.2,1556.96,1558.31,0
2020-01-21 21:00:00,1558.36,1559.68,1557.84,1558.17,0
2020-01-21 23:00:00,1558.8,1559.14,1555.65,1556.59,0
2020-01-22 00:00:00,1556.62,1557.62,1556.07,1556.7,0
2020-01-22 01:00:00,1556.7,1556.86,1553.08,1554.73,0
2020-01-22 02:00:00,1554.75,1554.76,1550.2,1551.23,0
2020-01-22 03:00:00,1551.22,1552.34,1550.51,1552.08,0
2020-01-22 04:00:00,1552.08,1553.05,1550.92,1553.04,0
2020-01-22 05:00:00,1553.03,1553.56,1550.59,1550.98,0
2020-01-22 06:00:00,1550.98,1553.14,1550.6,1552.21,0
2020-01-22 07:00:00,1552.21,1554.91,1551.6,1554.31,0
2020-01-22 08:00:00,1554.47,1556.69,1553.92,1556.31,0
2020-01-22 09:00:00,1556.31,1558.07,1556.21,1557.1,0
2020-01-22 10:00:00,1557.1,1559.03,1557.09,1558.5,0
2020-01-22 11:00:00,1558.5,1559.28,1555.63,1555.8,0
2020-01-22 12:00:00,1555.78,1556.32,1555.17,1556.14,0
2020-01-22 13:00:00,1556.14,1557.5,1554.6,1556.17,0
2020-01-22 14:00:00,1556.22,1558.95,1555.96,1558.02,0
2020-01-22 15:00:00,1558.02,1558.11,1554.92,1557.13,0
2020-01-22 16:00:00,1557.12,1558.23,1555.5,1556.14,0
2020-01-22 17:00:00,1556.14,1558.19,1556.05,1557.8,0
2020-01-22 18:00:00,1557.8,1558.5,1556.73,1557.19,0
2020-01-22 19:00:00,1557.2,1557.92,1556.37,1557.68,0
2020-01-22 20:00:00,1557.66,1558.9,1557.41,1558.89,0
2020-01-22 21:00:00,1558.89,1559.12,1558.46,1558.79,0
2020-01-22 23:00:00,1558.79,1563.79,1558.51,1561.48,0
2020-01-23 00:00:00,1561.48,1563.02,1560.76,1561.88,0
2020-01-23 01:00:00,1561.89,1563.53,1558.71,1560.02,0
2020-01-23 02:00:00,1559.98,1560.5,1556.04,1556.07,0
2020-01-23 03:00:00,1556.05,1559.14,1555.89,1558.81,0
2020-01-23 04:00:00,1558.81,1559.27,1558.31,1558.92,0
2020-01-23 05:00:00,1558.91,1560.94,1557.59,1557.93,0
2020-01-23 06:00:00,1557.92,1558.19,1555.46,1557.43,0
2020-01-23 07:00:00,1557.43,1557.43,1553.41,1554.17,0
2020-01-23 08:00:00,1554.17,1557.03,1553.01,1556.08,0
2020-01-23 09:00:00,1556.06,1556.44,1553.91,1554.33,0
2020-01-23 10:00:00,1554.33,1554.74,1553.8,1554.72,0
2020-01-23 11:00:00,1554.72,1554.82,1552.92,1552.94,0
2020-01-23 12:00:00,1552.94,1555.51,1551.94,1555.17,0
2020-01-23 13:00:00,1555.18,1557.6,1554.61,1556.89,0
2020-01-23 14:00:00,1556.89,1564.91,1554.63,1563.03,0
2020-01-23 15:00:00,1563.04,1563.35,1559.85,1562.68,0
2020-01-23 16:00:00,1562.68,1567.06,1562.47,1563.89,0
2020-01-23 17:00:00,1563.89,1567.89,1563.64,1567.29,0
2020-01-23 18:00:00,1567.3,1567.97,1562.36,1562.36,0
2020-01-23 19:00:00,1562.36,1563.43,1560.34,1562.86,0
2020-01-23 20:00:00,1562.84,1564.17,1561.68,1562.41,0
2020-01-23 21:00:00,1562.36,1563.67,1561.95,1562.79,0
2020-01-23 23:00:00,1562.49,1563.23,1560.85,1560.95,0
2020-01-24 00:00:00,1560.95,1562.0,1560.29,1561.13,0
2020-01-24 01:00:00,1561.14,1562.77,1559.57,1561.91,0
2020-01-24 02:00:00,1561.91,1562.3,1561.19,1561.73,0
2020-01-24 03:00:00,1561.74,1562.26,1561.08,1561.75,0
2020-01-24 04:00:00,1561.79,1562.32,1559.39,1559.73,0
2020-01-24 05:00:00,1559.73,1561.17,1559.69,1560.55,0
2020-01-24 06:00:00,1560.54,1561.48,1560.22,1560.75,0
2020-01-24 07:00:00,1560.75,1561.49,1559.42,1559.63,0
2020-01-24 08:00:00,1559.63,1560.06,1557.61,1558.5,0
2020-01-24 09:00:00,1558.5,1561.46,1558.26,1561.27,0
2020-01-24 10:00:00,1561.27,1563.0,1560.69,1560.7,0
2020-01-24 11:00:00,1560.7,1560.71,1558.66,1559.16,0
2020-01-24 12:00:00,1559.16,1560.41,1557.52,1558.13,0
2020-01-24 13:00:00,1558.13,1562.36,1556.56,1561.43,0
2020-01-24 14:00:00,1561.44,1566.36,1559.76,1564.38,0
2020-01-24 15:00:00,1564.38,1575.5,1564.1,1570.13,0
2020-01-24 16:00:00,1570.13,1573.77,1568.91,1572.53,0
2020-01-24 17:00:00,1572.6,1575.83,1570.6,1571.69,0
2020-01-24 18:00:00,1571.69,1574.6,1571.62,1572.87,0
2020-01-24 19:00:00,1572.87,1575.8,1570.87,1571.18,0
2020-01-24 20:00:00,1571.18,1572.62,1569.59,1571.63,0
2020-01-24 21:00:00,1571.55,1571.93,1570.26,1571.43,0
2020-01-26 23:00:00,1581.21,1588.51,1579.22,1582.78,0
2020-01-27 00:00:00,1582.78,1583.03,1577.34,1578.1,0
2020-01-27 01:00:00,1578.12,1581.91,1577.5,1581.16,0
2020-01-27 02:00:00,1581.16,1583.15,1580.87,1582.07,0
2020-01-27 03:00:00,1582.07,1582.07,1579.37,1579.49,0
2020-01-27 04:00:00,1579.49,1580.17,1577.95,1579.15,0
2020-01-27 05:00:00,1579.15,1580.73,1578.44,1580.54,0
2020-01-27 06:00:00,1580.6,1580.95,1578.33,1578.92,0
2020-01-27 07:00:00,1578.92,1580.09,1576.84,1578.1,0
2020-01-27 08:00:00,1578.11,1579.76,1575.9,1579.53,0
2020-01-27 09:00:00,1579.53,1583.58,1579.12,1582.72,0
2020-01-27 10:00:00,1582.76,1585.65,1582.08,1585.46,0
2020-01-27 11:00:00,1585.48,1586.3,1582.85,1584.49,0
2020-01-27 12:00:00,1584.4,1584.47,1580.31,1583.84,0
2020-01-27 13:00:00,1583.84,1584.95,1581.07,1581.44,0
2020-01-27 14:00:00,1581.45,1586.04,1578.13,1579.85,0
2020-01-27 15:00:00,1579.85,1584.43,1579.44,1583.78,0
2020-01-27 16:00:00,1583.77,1584.01,1580.99,1582.62,0
2020-01-27 17:00:00,1582.63,1582.76,1578.76,1580.2,0
2020-01-27 18:00:00,1580.18,1580.25,1577.1,1578.25,0
2020-01-27 19:00:00,1578.25,1581.08,1578.16,1580.91,0
2020-01-27 20:00:00,1580.91,1583.24,1580.05,1582.76,0
2020-01-27 21:00:00,1582.73,1583.36,1581.5,1581.86,0
2020-01-27 23:00:00,1581.58,1581.88,1580.13,1581.15,0
2020-01-28 00:00:00,1581.15,1583.07,1580.24,1582.71,0
2020-01-28 01:00:00,1582.69,1583.03,1580.12,1580.93,0
2020-01-28 02:00:00,1580.93,1582.25,1580.61,1581.07,0
2020-01-28 03:00:00,1581.07,1581.27,1579.58,1579.67,0
2020-01-28 04:00:00,1579.69,1580.35,1579.05,1579.6,0
2020-01-28 05:00:00,1579.6,1580.64,1578.4,1579.19,0
2020-01-28 06:00:00,1579.21,1579.82,1578.18,1578.95,0
2020-01-28 07:00:00,1578.92,1580.01,1576.89,1577.17,0
2020-01-28 08:00:00,1577.17,1581.36,1577.17,1580.36,0
2020-01-28 09:00:00,1580.36,1582.3,1578.48,1579.15,0
2020-01-28 10:00:00,1579.16,1580.06,1578.84,1579.36,0
2020-01-28 11:00:00,1579.36,1580.77,1578.04,1578.19,0
2020-01-28 12:00:00,1578.18,1578.88,1571.66,1574.09,0
2020-01-28 13:00:00,1574.11,1575.63,1572.22,1575.02,0
2020-01-28 14:00:00,1575.02,1578.02,1574.35,1576.13,0
2020-01-28 15:00:00,1576.13,1576.13,1567.43,1570.24,0
2020-01-28 16:00:00,1570.25,1571.72,1568.04,1568.35,0
2020-01-28 17:00:00,1568.35,1570.58,1567.11,1569.9,0
2020-01-28 18:00:00,1569.9,1571.79,1569.5,1569.65,0
2020-01-28 19:00:00,1569.64,1570.22,1567.99,1569.2,0
2020-01-28 20:00:00,1569.21,1570.25,1568.52,1569.13,0
2020-01-28 21:00:00,1569.12,1569.3,1565.57,1567.88,0
2020-01-28 23:00:00,1566.89,1570.04,1566.46,1568.52,0
2020-01-29 00:00:00,1568.52,1569.12,1567.92,1568.39,0
2020-01-29 01:00:00,1568.39,1569.29,1563.51,1565.86,0
2020-01-29 02:00:00,1565.86,1566.83,1565.11,1565.25,0
2020-01-29 03:00:00,1565.23,1565.38,1563.4,1564.57,0
2020-01-29 04:00:00,1564.57,1566.05,1564.49,1565.48,0
2020-01-29 05:00:00,1565.48,1567.18,1564.89,1567.06,0
2020-01-29 06:00:00,1567.07,1567.94,1566.12,1567.66,0
2020-01-29 07:00:00,1567.63,1569.18,1567.51,1568.12,0
2020-01-29 08:00:00,1568.12,1569.96,1567.29,1568.99,0
2020-01-29 09:00:00,1568.97,1571.69,1568.23,1570.78,0
2020-01-29 10:00:00,1570.78,1571.57,1570.36,1570.53,0
2020-01-29 11:00:00,1570.53,1572.45,1569.49,1571.95,0
2020-01-29 12:00:00,1571.91,1572.02,1570.28,1571.57,0
2020-01-29 13:00:00,1571.57,1572.31,1569.2,1569.81,0
2020-01-29 14:00:00,1569.81,1572.65,1567.86,1572.08,0
2020-01-29 15:00:00,1571.98,1574.49,1568.86,1569.86,0
2020-01-29 16:00:00,1569.84,1571.52,1569.5,1570.58,0
2020-01-29 17:00:00,1570.58,1571.19,1569.37,1570.94,0
2020-01-29 18:00:00,1570.94,1571.45,1569.96,1570.31,0
2020-01-29 19:00:00,1570.32,1577.0,1568.83,1576.65,0
2020-01-29 20:00:00,1576.64,1578.04,1574.89,1576.93,0
2020-01-29 21:00:00,1576.98,1577.94,1576.43,1576.76,0
2020-01-29 23:00:00,1576.86,1577.61,1575.09,1577.09,0
2020-01-30 00:00:00,1577.09,1579.48,1576.06,1578.29,0
2020-01-30 01:00:00,1578.27,1580.24,1577.77,1578.04,0
2020-01-30 02:00:00,1578.04,1580.63,1578.03,1579.85,0
2020-01-30 03:00:00,1579.85,1580.59,1578.16,1580.16,0
2020-01-30 04:00:00,1580.16,1580.85,1579.04,1579.05,0
2020-01-30 05:00:00,1579.13,1579.89,1578.04,1578.2,0
2020-01-30 06:00:00,1578.2,1579.39,1577.01,1579.37,0
2020-01-30 07:00:00,1579.37,1582.59,1578.3,1581.64,0
2020-01-30 08:00:00,1581.64,1583.07,1580.46,1580.76,0
2020-01-30 09:00:00,1580.76,1581.43,1578.45,1580.04,0
2020-01-30 10:00:00,1580.0,1580.8,1579.04,1580.3,0
2020-01-30 11:00:00,1580.3,1581.8,1579.99,1580.04,0
2020-01-30 12:00:00,1580.03,1581.66,1579.57,1580.82,0
2020-01-30 13:00:00,1580.82,1582.58,1576.9,1578.75,0
2020-01-30 14:00:00,1578.75,1580.27,1572.3,1578.09,0
2020-01-30 15:00:00,1578.17,1585.26,1576.43,1583.7,0
2020-01-30 16:00:00,1583.68,1584.56,1579.45,1581.23,0
2020-01-30 17:00:00,1581.23,1585.99,1580.06,1584.86,0
2020-01-30 18:00:00,1584.85,1585.7,1582.98,1584.16,0
2020-01-30 19:00:00,1584.15,1585.72,1576.59,1579.84,0
2020-01-30 20:00:00,1579.82,1579.98,1576.13,1577.07,0
2020-01-30 21:00:00,1577.07,1577.32,1572.7,1573.89,0
2020-01-30 23:00:00,1574.18,1576.04,1573.95,1575.17,0
2020-01-31 00:00:00,1575.17,1575.58,1573.98,1574.37,0
2020-01-31 01:00:00,1574.33,1574.76,1570.98,1573.98,0
2020-01-31 02:00:00,1573.94,1574.05,1570.98,1572.33,0
2020-01-31 03:00:00,1572.33,1573.13,1571.88,1572.26,0
2020-01-31 04:00:00,1572.26,1572.57,1571.72,1571.72,0
2020-01-31 05:00:00,1571.72,1572.56,1571.63,1572.44,0
2020-01-31 06:00:00,1572.44,1574.67,1572.44,1573.76,0
2020-01-31 07:00:00,1573.78,1576.75,1572.98,1576.47,0
2020-01-31 08:00:00,1576.47,1578.31,1576.21,1578.16,0
2020-01-31 09:00:00,1578.16,1580.03,1577.46,1579.32,0
2020-01-31 10:00:00,1579.35,1582.1,1579.23,1579.33,0
2020-01-31 11:00:00,1579.31,1580.86,1577.94,1580.67,0
2020-01-31 12:00:00,1580.67,1580.68,1578.52,1578.92,0
2020-01-31 13:00:00,1578.92,1582.22,1578.33,1579.42,0
2020-01-31 14:00:00,1579.43,1584.67,1578.48,1582.92,0
2020-01-31 15:00:00,1582.93,1589.09,1581.77,1588.25,0
2020-01-31 16:00:00,1588.25,1588.64,1582.29,1582.75,0
2020-01-31 17:00:00,1582.75,1586.31,1581.05,1583.59,0
2020-01-31 18:00:00,1583.59,1587.55,1582.47,1585.77,0
2020-01-31 19:00:00,1585.77,1587.31,1584.18,1586.83,0
2020-01-31 20:00:00,1586.84,1589.48,1585.14,1586.81,0
2020-01-31 21:00:00,1586.85,1590.44,1585.82,1589.17,0
2020-02-02 23:00:00,1593.12,1593.63,1587.65,1589.43,0
2020-02-03 00:00:00,1589.43,1590.1,1584.06,1586.34,0
2020-02-03 01:00:00,1586.34,1588.02,1582.19,1582.42,0
2020-02-03 02:00:00,1582.43,1584.02,1581.59,1582.86,0
2020-02-03 03:00:00,1582.86,1583.53,1579.45,1580.36,0
2020-02-03 04:00:00,1580.36,1581.46,1579.63,1580.95,0
2020-02-03 05:00:00,1580.95,1581.26,1579.31,1579.73,0
2020-02-03 06:00:00,1579.73,1580.86,1579.03,1579.34,0
2020-02-03 07:00:00,1579.33,1579.95,1573.88,1576.44,0
2020-02-03 08:00:00,1576.37,1579.7,1573.5,1575.71,0
2020-02-03 09:00:00,1575.71,1578.98,1574.91,1578.93,0
2020-02-03 10:00:00,1578.93,1580.91,1577.33,1580.89,0
2020-02-03 11:00:00,1580.89,1581.26,1578.04,1578.18,0
2020-02-03 12:00:00,1578.19,1580.1,1577.86,1579.68,0
2020-02-03 13:00:00,1579.65,1579.94,1576.14,1578.47,0
2020-02-03 14:00:00,1578.47,1580.46,1574.33,1574.91,0
2020-02-03 15:00:00,1570.36,1576.33,1569.7,1575.67,0
2020-02-03 16:00:00,1575.68,1579.77,1574.35,1578.16,0
2020-02-03 17:00:00,1578.17,1578.63,1574.78,1575.58,0
2020-02-03 18:00:00,1575.58,1578.55,1575.18,1576.53,0
2020-02-03 19:00:00,1576.53,1578.11,1575.76,1577.77,0
2020-02-03 20:00:00,1577.77,1577.99,1575.59,1576.24,0
2020-02-03 21:00:00,1576.21,1577.21,1576.21,1576.67,0
2020-02-03 23:00:00,1576.76,1579.34,1576.76,1578.82,0
2020-02-04 00:00:00,1578.82,1579.68,1577.3,1578.41,0
2020-02-04 01:00:00,1578.51,1579.07,1573.88,1575.74,0
2020-02-04 02:00:00,1575.75,1577.7,1575.68,1576.5,0
2020-02-04 03:00:00,1576.5,1577.33,1574.4,1575.5,0
2020-02-04 04:00:00,1575.5,1576.12,1574.44,1575.2,0
2020-02-04 05:00:00,1575.2,1575.82,1572.23,1572.74,0
2020-02-04 06:00:00,1572.74,1573.39,1570.65,1571.39,0
2020-02-04 07:00:00,1571.39,1574.66,1571.24,1572.06,0
2020-02-04 08:00:00,1572.06,1573.23,1567.65,1568.1,0
2020-02-04 09:00:00,1568.1,1568.42,1565.41,1568.16,0
2020-02-04 10:00:00,1568.18,1571.41,1567.39,1570.79,0
2020-02-04 11:00:00,1570.79,1571.62,1569.68,1570.18,0
2020-02-04 12:00:00,1570.24,1570.72,1566.64,1567.13,0
2020-02-04 13:00:00,1567.13,1567.8,1559.87,1559.99,0
2020-02-04 14:00:00,1559.97,1562.09,1556.56,1557.57,0
2020-02-04 15:00:00,1557.57,1559.27,1551.28,1555.26,0
2020-02-04 16:00:00,1555.26,1556.12,1552.06,1552.2,0
2020-02-04 17:00:00,1552.2,1553.3,1549.08,1550.69,0
2020-02-04 18:00:00,1550.69,1552.72,1549.7,1551.54,0
2020-02-04 19:00:00,1551.54,1552.77,1550.54,1552.62,0
2020-02-04 20:00:00,1552.62,1555.44,1552.58,1555.2,0
2020-02-04 21:00:00,1555.13,1555.43,1552.08,1552.7,0
2020-02-04 23:00:00,1552.59,1554.26,1552.36,1554.12,0
2020-02-05 00:00:00,1554.15,1556.06,1552.15,1555.26,0
2020-02-05 01:00:00,1555.26,1556.65,1552.97,1553.99,0
2020-02-05 02:00:00,1553.99,1555.4,1553.82,1555.16,0
2020-02-05 03:00:00,1555.16,1557.61,1555.1,1557.34,0
2020-02-05 04:00:00,1557.34,1558.22,1556.85,1557.25,0
2020-02-05 05:00:00,1557.25,1560.82,1557.15,1559.51,0
2020-02-05 06:00:00,1559.53,1560.0,1558.6,1559.6,0
2020-02-05 07:00:00,1559.6,1562.42,1559.6,1561.08,0
2020-02-05 08:00:00,1561.08,1561.98,1552.79,1556.04,0
2020-02-05 09:00:00,1556.05,1556.48,1547.51,1548.75,0
2020-02-05 10:00:00,1548.75,1552.69,1548.67,1552.02,0
2020-02-05 11:00:00,1552.02,1555.6,1550.45,1554.92,0
2020-02-05 12:00:00,1554.96,1555.99,1553.17,1554.34,0
2020-02-05 13:00:00,1554.34,1555.48,1549.73,1554.5,0
2020-02-05 14:00:00,1554.5,1556.92,1553.06,1554.4,0
2020-02-05 15:00:00,1554.4,1559.01,1552.75,1556.08,0
2020-02-05 16:00:00,1556.12,1559.65,1556.12,1558.14,0
2020-02-05 17:00:00,1558.15,1558.64,1557.49,1557.75,0
2020-02-05 18:00:00,1557.75,1559.15,1557.62,1557.62,0
2020-02-05 19:00:00,1557.63,1558.71,1556.65,1557.07,0
2020-02-05 20:00:00,1556.95,1557.9,1556.67,1556.96,0
2020-02-05 21:00:00,1556.99,1557.89,1556.06,1556.61,0
2020-02-05 23:00:00,1555.94,1556.58,1554.67,1556.11,0
2020-02-06 00:00:00,1556.11,1556.59,1554.59,1556.39,0
2020-02-06 01:00:00,1556.39,1558.17,1555.1,1557.0,0
2020-02-06 02:00:00,1556.91,1556.91,1554.06,1554.88,0
2020-02-06 03:00:00,1554.88,1555.45,1553.95,1554.38,0
2020-02-06 04:00:00,1554.38,1554.82,1552.91,1553.24,0
2020-02-06 05:00:00,1553.24,1556.3,1552.54,1556.2,0
2020-02-06 06:00:00,1556.2,1558.2,1555.0,1557.57,0
2020-02-06 07:00:00,1557.57,1560.24,1557.17,1558.65,0
2020-02-06 08:00:00,1558.65,1560.66,1558.16,1559.19,0
2020-02-06 09:00:00,1559.14,1564.01,1558.95,1562.24,0
2020-02-06 10:00:00,1562.24,1567.27,1562.24,1566.88,0
2020-02-06 11:00:00,1566.88,1567.62,1564.51,1564.8,0
2020-02-06 12:00:00,1564.8,1566.29,1563.32,1566.27,0
2020-02-06 13:00:00,1566.31,1567.3,1563.0,1563.87,0
2020-02-06 14:00:00,1563.79,1568.28,1561.88,1563.0,0
2020-02-06 15:00:00,1563.0,1565.65,1561.62,1563.38,0
2020-02-06 16:00:00,1563.38,1565.75,1563.05,1565.56,0
2020-02-06 17:00:00,1565.49,1566.22,1564.61,1565.33,0
2020-02-06 18:00:00,1565.34,1566.91,1564.83,1566.25,0
2020-02-06 19:00:00,1566.24,1567.12,1565.71,1567.05,0
2020-02-06 20:00:00,1567.0,1567.48,1565.82,1566.18,0
2020-02-06 21:00:00,1566.18,1567.09,1566.11,1566.61,0
2020-02-06 23:00:00,1566.63,1566.63,1565.75,1565.82,0
2020-02-07 00:00:00,1565.82,1569.18,1564.88,1568.47,0
2020-02-07 01:00:00,1568.47,1569.01,1566.43,1567.48,0
2020-02-07 02:00:00,1567.48,1568.21,1565.96,1567.77,0
2020-02-07 03:00:00,1567.77,1568.03,1566.55,1566.67,0
2020-02-07 04:00:00,1566.67,1566.77,1565.58,1565.77,0
2020-02-07 05:00:00,1565.77,1566.55,1564.86,1566.07,0
2020-02-07 06:00:00,1566.07,1566.53,1562.84,1564.21,0
2020-02-07 07:00:00,1564.21,1567.3,1562.94,1566.74,0
2020-02-07 08:00:00,1566.74,1567.94,1564.87,1565.22,0
2020-02-07 09:00:00,1565.22,1568.55,1564.4,1568.1,0
2020-02-07 10:00:00,1568.1,1569.9,1567.34,1569.17,0
2020-02-07 11:00:00,1569.17,1569.63,1567.13,1568.59,0
2020-02-07 12:00:00,1568.59,1568.6,1565.15,1565.37,0
2020-02-07 13:00:00,1565.4,1570.22,1561.17,1569.0,0
2020-02-07 14:00:00,1568.99,1574.04,1566.94,1572.82,0
2020-02-07 15:00:00,1572.8,1574.05,1565.55,1566.36,0
2020-02-07 16:00:00,1566.36,1568.86,1565.16,1567.84,0
2020-02-07 17:00:00,1567.84,1569.51,1566.61,1569.15,0
2020-02-07 18:00:00,1569.13,1572.42,1569.07,1572.39,0
2020-02-07 19:00:00,1572.37,1573.26,1571.33,1572.13,0
2020-02-07 20:00:00,1572.09,1572.15,1570.05,1570.09,0
2020-02-07 21:00:00,1570.09,1570.65,1569.83,1570.25,0
2020-02-09 23:00:00,1572.04,1576.62,1569.02,1574.85,0
2020-02-10 00:00:00,1574.85,1575.08,1572.73,1573.1,0
2020-02-10 01:00:00,1573.09,1574.14,1570.11,1571.43,0
2020-02-10 02:00:00,1571.43,1571.75,1568.0,1569.81,0
2020-02-10 03:00:00,1569.81,1571.06,1569.17,1570.81,0
2020-02-10 04:00:00,1570.81,1572.34,1570.5,1572.14,0
2020-02-10 05:00:00,1572.14,1572.33,1570.46,1571.03,0
2020-02-10 06:00:00,1571.03,1571.55,1569.92,1570.2,0
2020-02-10 07:00:00,1570.2,1572.87,1569.47,1571.98,0
2020-02-10 08:00:00,1571.98,1575.22,1570.79,1573.81,0
2020-02-10 09:00:00,1573.79,1574.82,1572.4,1574.33,0
2020-02-10 10:00:00,1574.33,1574.97,1572.28,1573.14,0
2020-02-10 11:00:00,1573.13,1573.67,1572.18,1572.29,0
2020-02-10 12:00:00,1572.3,1573.23,1571.4,1572.67,0
2020-02-10 13:00:00,1572.67,1573.79,1571.8,1572.7,0
2020-02-10 14:00:00,1572.7,1575.73,1571.75,1571.79,0
2020-02-10 15:00:00,1571.78,1574.61,1571.72,1574.2,0
2020-02-10 16:00:00,1574.17,1574.98,1573.75,1574.41,0
2020-02-10 17:00:00,1574.41,1577.03,1574.18,1576.45,0
2020-02-10 18:00:00,1576.43,1576.8,1575.08,1576.37,0
2020-02-10 19:00:00,1576.38,1576.65,1574.89,1574.91,0
2020-02-10 20:00:00,1574.92,1575.0,1572.37,1573.79,0
2020-02-10 21:00:00,1573.79,1573.89,1571.81,1572.06,0
2020-02-10 23:00:00,1572.12,1572.94,1571.79,1572.0,0
2020-02-11 00:00:00,1572.02,1572.32,1570.36,1571.31,0
2020-02-11 01:00:00,1571.31,1572.0,1570.3,1570.55,0
2020-02-11 02:00:00,1570.55,1570.6,1566.92,1567.77,0
2020-02-11 03:00:00,1567.78,1568.81,1567.33,1568.59,0
2020-02-11 04:00:00,1568.6,1569.01,1568.56,1568.79,0
2020-02-11 05:00:00,1568.79,1569.18,1567.15,1568.41,0
2020-02-11 06:00:00,1568.41,1568.72,1566.95,1567.14,0
2020-02-11 07:00:00,1567.15,1569.96,1566.34,1568.51,0
2020-02-11 08:00:00,1568.53,1568.94,1565.84,1568.09,0
2020-02-11 09:00:00,1568.08,1570.06,1567.63,1568.59,0
2020-02-11 10:00:00,1568.59,1569.28,1567.33,1567.74,0
2020-02-11 11:00:00,1567.77,1569.74,1567.74,1568.64,0
2020-02-11 12:00:00,1568.64,1570.0,1568.55,1569.74,0
2020-02-11 13:00:00,1569.74,1573.99,1569.05,1572.05,0
2020-02-11 14:00:00,1572.02,1574.05,1570.81,1571.52,0
2020-02-11 15:00:00,1571.48,1571.65,1562.76,1564.05,0
2020-02-11 16:00:00,1564.04,1567.06,1562.16,1566.4,0
2020-02-11 17:00:00,1566.4,1567.62,1565.68,1565.81,0
2020-02-11 18:00:00,1565.81,1568.64,1565.38,1567.9,0
2020-02-11 19:00:00,1567.9,1568.78,1567.28,1568.53,0
2020-02-11 20:00:00,1568.53,1569.53,1567.87,1568.6,0
2020-02-11 21:00:00,1568.58,1568.59,1567.63,1567.79,0
2020-02-11 23:00:00,1567.69,1568.03,1566.03,1567.13,0
2020-02-12 00:00:00,1567.12,1568.61,1566.53,1568.08,0
2020-02-12 01:00:00,1568.08,1568.35,1565.76,1567.14,0
2020-02-12 02:00:00,1567.14,1568.14,1566.64,1567.64,0
2020-02-12 03:00:00,1567.63,1568.3,1567.62,1567.94,0
2020-02-12 04:00:00,1567.95,1568.44,1567.22,1567.25,0
2020-02-12 05:00:00,1567.25,1567.37,1564.67,1565.47,0
2020-02-12 06:00:00,1565.5,1566.38,1564.4,1566.18,0
2020-02-12 07:00:00,1566.18,1566.18,1563.83,1565.31,0
2020-02-12 08:00:00,1565.31,1565.49,1561.81,1562.48,0
2020-02-12 09:00:00,1562.46,1566.08,1562.05,1565.16,0
2020-02-12 10:00:00,1565.16,1567.73,1564.5,1566.55,0
2020-02-12 11:00:00,1566.55,1567.3,1565.18,1567.21,0
2020-02-12 12:00:00,1567.21,1567.22,1565.4,1565.98,0
2020-02-12 13:00:00,1565.98,1567.12,1564.05,1566.84,0
2020-02-12 14:00:00,1566.84,1567.3,1564.17,1564.54,0
2020-02-12 15:00:00,1564.53,1567.7,1563.59,1567.1,0
2020-02-12 16:00:00,1567.11,1570.48,1566.16,1569.59,0
2020-02-12 17:00:00,1569.59,1570.13,1567.82,1568.24,0
2020-02-12 18:00:00,1568.24,1569.34,1567.14,1567.35,0
2020-02-12 19:00:00,1567.35,1567.7,1565.23,1565.57,0
2020-02-12 20:00:00,1565.57,1567.22,1565.04,1567.18,0
2020-02-12 21:00:00,1567.19,1567.21,1565.54,1565.8,0
2020-02-12 23:00:00,1565.95,1571.47,1565.59,1569.83,0
2020-02-13 00:00:00,1569.87,1572.61,1569.15,1570.97,0
2020-02-13 01:00:00,1571.0,1571.31,1569.11,1569.85,0
2020-02-13 02:00:00,1569.83,1571.41,1569.49,1571.3,0
2020-02-13 03:00:00,1571.3,1574.29,1571.05,1574.16,0
2020-02-13 04:00:00,1574.16,1574.31,1572.33,1573.76,0
2020-02-13 05:00:00,1573.76,1574.89,1572.83,1574.15,0
2020-02-13 06:00:00,1574.15,1575.61,1573.26,1573.63,0
2020-02-13 07:00:00,1573.63,1575.77,1572.32,1575.21,0
2020-02-13 08:00:00,1575.21,1575.85,1573.25,1574.63,0
2020-02-13 09:00:00,1574.62,1575.85,1573.9,1575.25,0
2020-02-13 10:00:00,1575.25,1577.5,1573.93,1574.45,0
2020-02-13 11:00:00,1574.45,1575.44,1573.44,1574.09,0
2020-02-13 12:00:00,1574.09,1574.83,1572.36,1573.02,0
2020-02-13 13:00:00,1573.04,1575.77,1572.21,1575.17,0
2020-02-13 14:00:00,1575.18,1575.79,1571.85,1575.39,0
2020-02-13 15:00:00,1575.39,1578.28,1574.76,1575.97,0
2020-02-13 16:00:00,1575.97,1577.51,1574.37,1576.67,0
2020-02-13 17:00:00,1576.67,1576.76,1575.31,1576.52,0
2020-02-13 18:00:00,1576.52,1577.22,1575.24,1576.16,0
2020-02-13 19:00:00,1576.17,1576.58,1575.5,1576.0,0
2020-02-13 20:00:00,1576.0,1576.56,1575.4,1576.28,0
2020-02-13 21:00:00,1576.29,1576.91,1575.83,1575.94,0
2020-02-13 23:00:00,1575.91,1577.78,1575.72,1577.36,0
2020-02-14 00:00:00,1577.36,1577.62,1576.18,1576.23,0
2020-02-14 01:00:00,1576.24,1578.2,1574.74,1576.71,0
2020-02-14 02:00:00,1576.71,1576.82,1574.35,1574.4,0
2020-02-14 03:00:00,1574.4,1574.6,1573.08,1574.3,0
2020-02-14 04:00:00,1574.3,1575.01,1574.3,1574.68,0
2020-02-14 05:00:00,1574.68,1575.61,1574.46,1575.04,0
2020-02-14 06:00:00,1575.0,1576.21,1574.69,1575.37,0
2020-02-14 07:00:00,1575.37,1576.47,1573.92,1575.46,0
2020-02-14 08:00:00,1575.44,1576.43,1574.52,1575.63,0
2020-02-14 09:00:00,1575.63,1577.01,1575.3,1576.88,0
2020-02-14 10:00:00,1576.88,1577.08,1575.38,1575.95,0
2020-02-14 11:00:00,1575.94,1576.44,1575.49,1576.39,0
2020-02-14 12:00:00,1576.39,1576.88,1575.37,1575.68,0
2020-02-14 13:00:00,1575.67,1580.55,1574.91,1580.12,0
2020-02-14 14:00:00,1580.1,1582.88,1577.85,1582.58,0
2020-02-14 15:00:00,1582.57,1582.89,1580.0,1581.5,0
2020-02-14 16:00:00,1581.5,1582.21,1580.56,1581.53,0
2020-02-14 17:00:00,1581.53,1583.8,1581.27,1583.64,0
2020-02-14 18:00:00,1583.64,1584.16,1582.52,1583.92,0
2020-02-14 19:00:00,1583.91,1584.32,1582.71,1582.78,0
2020-02-14 20:00:00,1582.75,1583.09,1582.05,1582.61,0
2020-02-14 21:00:00,1582.59,1584.99,1582.58,1583.98,0
2020-02-16 23:00:00,1581.52,1583.19,1580.47,1582.98,0
2020-02-17 00:00:00,1582.98,1583.79,1581.55,1582.16,0
2020-02-17 01:00:00,1582.2,1583.67,1581.49,1582.13,0
2020-02-17 02:00:00,1582.14,1583.28,1581.96,1582.71,0
2020-02-17 03:00:00,1582.71,1582.72,1581.81,1582.5,0
2020-02-17 04:00:00,1582.5,1583.18,1582.42,1583.06,0
2020-02-17 05:00:00,1583.06,1583.21,1582.27,1582.58,0
2020-02-17 06:00:00,1582.58,1582.86,1581.8,1581.98,0
2020-02-17 07:00:00,1581.98,1582.57,1579.71,1580.17,0
2020-02-17 08:00:00,1580.18,1580.71,1578.9,1580.36,0
2020-02-17 09:00:00,1580.36,1581.23,1580.16,1580.89,0
2020-02-17 10:00:00,1580.89,1581.14,1580.13,1580.36,0
2020-02-17 11:00:00,1580.36,1581.43,1580.05,1580.43,0
2020-02-17 12:00:00,1580.43,1581.82,1580.41,1581.51,0
2020-02-17 13:00:00,1581.52,1581.83,1581.03,1581.65,0
2020-02-17 14:00:00,1581.65,1582.63,1581.04,1581.32,0
2020-02-17 15:00:00,1581.31,1581.89,1580.77,1581.07,0
2020-02-17 16:00:00,1581.08,1582.38,1581.04,1581.76,0
2020-02-17 17:00:00,1581.77,1581.99,1580.89,1581.15,0
2020-02-17 23:00:00,1580.32,1585.54,1580.32,1584.31,0
2020-02-18 00:00:00,1584.3,1587.0,1584.23,1586.43,0
2020-02-18 01:00:00,1586.42,1587.12,1585.4,1585.56,0
2020-02-18 02:00:00,1585.6,1587.06,1585.36,1586.76,0
2020-02-18 03:00:00,1586.75,1587.14,1586.3,1586.89,0
2020-02-18 04:00:00,1586.89,1587.43,1586.38,1586.45,0
2020-02-18 05:00:00,1586.44,1586.77,1585.83,1585.94,0
2020-02-18 06:00:00,1585.96,1586.26,1585.02,1585.34,0
2020-02-18 07:00:00,1585.34,1589.09,1585.24,1588.43,0
2020-02-18 08:00:00,1588.43,1588.88,1586.79,1587.68,0
2020-02-18 09:00:00,1587.65,1589.23,1587.6,1588.72,0
2020-02-18 10:00:00,1588.72,1589.37,1586.69,1587.25,0
2020-02-18 11:00:00,1587.29,1588.09,1587.02,1587.9,0
2020-02-18 12:00:00,1587.9,1588.04,1586.47,1586.72,0
2020-02-18 13:00:00,1586.72,1591.95,1586.45,1591.36,0
2020-02-18 14:00:00,1591.36,1593.42,1588.05,1589.82,0
2020-02-18 15:00:00,1589.82,1600.85,1589.51,1600.76,0
2020-02-18 16:00:00,1600.77,1605.13,1600.09,1604.18,0
2020-02-18 17:00:00,1604.17,1604.17,1600.79,1601.57,0
2020-02-18 18:00:00,1601.57,1601.62,1600.15,1600.43,0
2020-02-18 19:00:00,1600.42,1601.61,1600.06,1601.53,0
2020-02-18 20:00:00,1601.53,1603.33,1600.82,1602.82,0
2020-02-18 21:00:00,1602.78,1603.42,1601.34,1601.41,0
2020-02-18 23:00:00,1601.44,1601.94,1600.49,1600.87,0
2020-02-19 00:00:00,1600.87,1602.11,1599.53,1601.76,0
2020-02-19 01:00:00,1601.77,1604.78,1601.24,1602.71,0
2020-02-19 02:00:00,1602.71,1602.73,1600.22,1602.57,0
2020-02-19 03:00:00,1602.57,1602.57,1601.27,1601.54,0
2020-02-19 04:00:00,1601.54,1602.01,1601.31,1601.9,0
2020-02-19 05:00:00,1601.87,1603.44,1601.64,1603.01,0
2020-02-19 06:00:00,1603.1,1605.61,1602.79,1603.67,0
2020-02-19 07:00:00,1603.67,1605.81,1603.2,1604.89,0
2020-02-19 08:00:00,1604.88,1609.56,1604.85,1607.88,0
2020-02-19 09:00:00,1607.88,1609.22,1607.48,1608.98,0
2020-02-19 10:00:00,1608.97,1610.96,1608.44,1609.94,0
2020-02-19 11:00:00,1609.83,1611.31,1608.81,1609.12,0
2020-02-19 12:00:00,1609.12,1609.4,1606.66,1606.92,0
2020-02-19 13:00:00,1606.89,1608.36,1603.13,1603.34,0
2020-02-19 14:00:00,1603.34,1605.89,1602.4,1604.32,0
2020-02-19 15:00:00,1604.36,1607.75,1603.41,1606.57,0
2020-02-19 16:00:00,1606.57,1607.49,1603.65,1607.3,0
2020-02-19 17:00:00,1607.3,1608.5,1606.29,1607.66,0
2020-02-19 18:00:00,1607.66,1609.26,1607.05,1609.08,0
2020-02-19 19:00:00,1609.1,1610.12,1605.64,1606.52,0
2020-02-19 20:00:00,1606.62,1612.95,1605.99,1612.91,0
2020-02-19 21:00:00,1612.92,1612.92,1610.82,1611.6,0
2020-02-19 23:00:00,1611.64,1612.88,1609.86,1610.41,0
2020-02-20 00:00:00,1610.41,1610.41,1608.18,1609.09,0
2020-02-20 01:00:00,1609.1,1609.45,1606.11,1609.33,0
2020-02-20 02:00:00,1609.26,1612.07,1608.53,1609.19,0
2020-02-20 03:00:00,1609.2,1611.08,1608.81,1610.21,0
2020-02-20 04:00:00,1610.24,1610.59,1608.84,1609.57,0
2020-02-20 05:00:00,1609.57,1610.31,1608.71,1609.44,0
2020-02-20 06:00:00,1609.42,1609.78,1606.32,1606.67,0
2020-02-20 07:00:00,1606.69,1608.22,1603.92,1607.26,0
2020-02-20 08:00:00,1607.23,1610.67,1607.07,1608.96,0
2020-02-20 09:00:00,1608.96,1610.92,1608.25,1609.05,0
2020-02-20 10:00:00,1609.03,1611.08,1608.67,1610.65,0
2020-02-20 11:00:00,1610.66,1617.83,1610.63,1617.56,0
2020-02-20 12:00:00,1617.56,1618.76,1615.91,1616.87,0
2020-02-20 13:00:00,1616.85,1619.19,1615.31,1615.76,0
2020-02-20 14:00:00,1615.76,1617.51,1613.73,1617.51,0
2020-02-20 15:00:00,1617.51,1622.5,1615.45,1617.9,0
2020-02-20 16:00:00,1617.9,1623.75,1617.41,1621.5,0
2020-02-20 17:00:00,1621.6,1621.94,1616.53,1616.74,0
2020-02-20 18:00:00,1616.77,1619.06,1616.09,1618.96,0
2020-02-20 19:00:00,1618.96,1620.07,1618.05,1619.89,0
2020-02-20 20:00:00,1619.89,1621.09,1619.19,1619.59,0
2020-02-20 21:00:00,1619.6,1620.27,1618.98,1619.25,0
2020-02-20 23:00:00,1619.56,1622.75,1619.53,1622.16,0
2020-02-21 00:00:00,1622.16,1622.23,1618.98,1619.38,0
2020-02-21 01:00:00,1619.36,1621.58,1619.15,1621.28,0
2020-02-21 02:00:00,1621.28,1624.7,1620.98,1623.55,0
2020-02-21 03:00:00,1623.6,1625.13,1623.58,1624.99,0
2020-02-21 04:00:00,1624.99,1626.59,1624.67,1626.09,0
2020-02-21 05:00:00,1626.09,1628.81,1625.69,1628.23,0
2020-02-21 06:00:00,1628.26,1631.87,1627.69,1631.22,0
2020-02-21 07:00:00,1631.38,1635.4,1631.1,1633.43,0
2020-02-21 08:00:00,1633.37,1636.54,1632.02,1632.1,0
2020-02-21 09:00:00,1632.1,1635.55,1631.54,1635.0,0
2020-02-21 10:00:00,1635.0,1635.19,1633.01,1634.3,0
2020-02-21 11:00:00,1634.3,1636.23,1633.43,1635.33,0
2020-02-21 12:00:00,1635.32,1638.04,1633.55,1637.72,0
2020-02-21 13:00:00,1637.7,1645.57,1637.09,1643.05,0
2020-02-21 14:00:00,1643.09,1646.6,1637.93,1644.03,0
2020-02-21 15:00:00,1644.04,1649.27,1641.83,1642.87,0
2020-02-21 16:00:00,1643.36,1644.17,1638.35,1640.76,0
2020-02-21 17:00:00,1640.8,1645.44,1639.57,1643.93,0
2020-02-21 18:00:00,1643.93,1648.46,1643.39,1647.66,0
2020-02-21 19:00:00,1647.66,1647.87,1642.67,1644.15,0
2020-02-21 20:00:00,1644.15,1647.25,1643.37,1643.49,0
2020-02-21 21:00:00,1643.53,1644.16,1642.91,1643.32,0
2020-02-23 23:00:00,1653.32,1680.76,1651.76,1665.56,0
2020-02-24 00:00:00,1665.67,1667.31,1658.57,1662.98,0
2020-02-24 01:00:00,1662.99,1667.8,1659.89,1661.75,0
2020-02-24 02:00:00,1661.75,1663.53,1660.36,1662.48,0
2020-02-24 03:00:00,1662.48,1662.77,1658.96,1660.85,0
2020-02-24 04:00:00,1660.85,1662.44,1659.72,1662.38,0
2020-02-24 05:00:00,1662.38,1663.71,1661.36,1661.61,0
2020-02-24 06:00:00,1661.6,1666.83,1660.68,1666.16,0
2020-02-24 07:00:00,1666.18,1673.41,1665.63,1672.48,0
2020-02-24 08:00:00,1672.55,1686.28,1671.94,1680.39,0
2020-02-24 09:00:00,1680.39,1689.35,1680.11,1682.69,0
2020-02-24 10:00:00,1682.65,1686.94,1679.28,1686.92,0
2020-02-24 11:00:00,1686.92,1687.81,1680.92,1682.29,0
2020-02-24 12:00:00,1682.29,1683.28,1678.16,1680.86,0
2020-02-24 13:00:00,1681.01,1681.24,1672.4,1677.59,0
2020-02-24 14:00:00,1677.62,1684.32,1673.89,1674.63,0
2020-02-24 15:00:00,1674.72,1679.58,1669.71,1674.61,0
2020-02-24 16:00:00,1674.67,1676.26,1670.45,1672.44,0
2020-02-24 17:00:00,1672.55,1675.23,1670.95,1674.52,0
2020-02-24 18:00:00,1674.56,1676.89,1671.17,1672.09,0
2020-02-24 19:00:00,1672.09,1672.47,1650.9,1653.74,0
2020-02-24 20:00:00,1653.75,1660.45,1653.11,1659.61,0
2020-02-24 21:00:00,1659.76,1662.84,1656.79,1658.63,0
2020-02-24 23:00:00,1659.19,1663.9,1653.14,1653.94,0
2020-02-25 00:00:00,1653.94,1654.84,1642.8,1647.28,0
2020-02-25 01:00:00,1647.28,1655.73,1645.77,1655.19,0
2020-02-25 02:00:00,1655.19,1658.81,1653.85,1657.7,0
2020-02-25 03:00:00,1657.72,1658.49,1655.8,1656.65,0
2020-02-25 04:00:00,1656.69,1657.5,1654.55,1655.64,0
2020-02-25 05:00:00,1655.62,1655.91,1645.96,1649.21,0
2020-02-25 06:00:00,1649.23,1650.48,1633.1,1637.12,0
2020-02-25 07:00:00,1637.11,1643.74,1634.36,1640.75,0
2020-02-25 08:00:00,1640.73,1653.77,1640.17,1653.75,0
2020-02-25 09:00:00,1653.75,1655.55,1648.4,1651.18,0
2020-02-25 10:00:00,1651.19,1657.19,1650.33,1653.16,0
2020-02-25 11:00:00,1653.07,1653.99,1641.5,1646.5,0
2020-02-25 12:00:00,1646.5,1650.55,1644.51,1647.62,0
2020-02-25 13:00:00,1647.62,1652.44,1647.62,1650.52,0
2020-02-25 14:00:00,1650.47,1654.88,1646.75,1651.27,0
2020-02-25 15:00:00,1651.28,1658.48,1648.94,1654.7,0
2020-02-25 16:00:00,1654.75,1657.13,1643.35,1645.74,0
2020-02-25 17:00:00,1645.74,1649.15,1643.14,1648.81,0
2020-02-25 18:00:00,1648.87,1650.19,1643.95,1644.95,0
2020-02-25 19:00:00,1644.93,1653.62,1641.51,1650.12,0
2020-02-25 20:00:00,1650.11,1651.87,1625.17,1629.66,0
2020-02-25 21:00:00,1629.66,1637.19,1629.47,1635.19,0
2020-02-25 23:00:00,1634.58,1641.0,1634.41,1639.86,0
2020-02-26 00:00:00,1639.86,1641.81,1638.34,1641.58,0
2020-02-26 01:00:00,1641.53,1646.28,1639.22,1644.28,0
2020-02-26 02:00:00,1644.29,1646.07,1636.9,1640.26,0
2020-02-26 03:00:00,1640.26,1641.53,1638.08,1640.08,0
2020-02-26 04:00:00,1640.04,1643.12,1639.83,1641.54,0
2020-02-26 05:00:00,1641.54,1645.39,1641.44,1643.69,0
2020-02-26 06:00:00,1643.69,1646.24,1642.59,1645.31,0
2020-02-26 07:00:00,1645.3,1647.97,1643.85,1644.2,0
2020-02-26 08:00:00,1644.2,1653.88,1643.85,1651.52,0
2020-02-26 09:00:00,1651.48,1655.02,1649.51,1650.79,0
2020-02-26 10:00:00,1650.81,1650.81,1645.68,1649.33,0
2020-02-26 11:00:00,1649.33,1649.33,1645.88,1647.44,0
2020-02-26 12:00:00,1647.44,1648.18,1641.52,1644.74,0
2020-02-26 13:00:00,1644.74,1645.04,1631.26,1632.24,0
2020-02-26 14:00:00,1632.19,1637.15,1624.89,1635.22,0
2020-02-26 15:00:00,1635.22,1639.49,1631.8,1637.81,0
2020-02-26 16:00:00,1637.81,1641.12,1636.6,1639.79,0
2020-02-26 17:00:00,1639.82,1644.6,1639.09,1640.21,0
2020-02-26 18:00:00,1640.21,1648.95,1638.71,1646.16,0
2020-02-26 19:00:00,1646.23,1650.02,1644.67,1648.33,0
2020-02-26 20:00:00,1648.33,1649.11,1636.13,1636.13,0
2020-02-26 21:00:00,1636.13,1641.73,1636.13,1640.6,0
2020-02-26 23:00:00,1640.69,1645.65,1638.48,1643.61,0
2020-02-27 00:00:00,1643.59,1648.06,1642.98,1646.15,0
2020-02-27 01:00:00,1646.19,1650.4,1645.08,1649.46,0
2020-02-27 02:00:00,1649.42,1651.41,1648.33,1648.94,0
2020-02-27 03:00:00,1648.94,1651.12,1646.47,1650.84,0
2020-02-27 04:00:00,1650.84,1652.45,1648.58,1652.37,0
2020-02-27 05:00:00,1652.35,1652.36,1648.9,1652.32,0
2020-02-27 06:00:00,1652.32,1652.67,1647.26,1648.06,0
2020-02-27 07:00:00,1648.03,1649.17,1641.37,1648.16,0
2020-02-27 08:00:00,1648.1,1650.97,1645.54,1646.1,0
2020-02-27 09:00:00,1646.11,1647.91,1644.2,1647.25,0
2020-02-27 10:00:00,1647.24,1648.36,1644.27,1648.12,0
2020-02-27 11:00:00,1648.12,1650.45,1646.07,1649.11,0
2020-02-27 12:00:00,1649.11,1653.99,1647.24,1653.59,0
2020-02-27 13:00:00,1653.62,1654.25,1647.74,1651.79,0
2020-02-27 14:00:00,1651.79,1657.78,1650.14,1652.95,0
2020-02-27 15:00:00,1652.95,1660.37,1651.43,1652.0,0
2020-02-27 16:00:00,1652.05,1655.04,1642.14,1649.43,0
2020-02-27 17:00:00,1649.44,1650.14,1638.19,1640.79,0
2020-02-27 18:00:00,1640.84,1647.44,1638.81,1645.34,0
2020-02-27 19:00:00,1645.4,1647.08,1639.46,1641.59,0
2020-02-27 20:00:00,1641.57,1643.44,1635.63,1636.99,0
2020-02-27 21:00:00,1637.04,1644.57,1635.27,1643.92,0
2020-02-27 23:00:00,1644.49,1649.5,1641.51,1645.75,0
2020-02-28 00:00:00,1645.75,1646.82,1641.16,1645.72,0
2020-02-28 01:00:00,1645.71,1648.24,1639.9,1642.5,0
2020-02-28 02:00:00,1642.51,1644.35,1640.14,1642.86,0
2020-02-28 03:00:00,1642.86,1645.74,1638.84,1638.96,0
2020-02-28 04:00:00,1638.96,1639.87,1634.85,1638.86,0
2020-02-28 05:00:00,1638.86,1642.36,1628.73,1630.87,0
2020-02-28 06:00:00,1630.81,1635.44,1626.69,1633.12,0
2020-02-28 07:00:00,1633.12,1633.23,1621.23,1627.77,0
2020-02-28 08:00:00,1627.78,1641.36,1625.66,1635.68,0
2020-02-28 09:00:00,1635.63,1637.42,1625.82,1627.75,0
2020-02-28 10:00:00,1627.74,1632.13,1623.92,1630.17,0
2020-02-28 11:00:00,1630.17,1632.84,1624.68,1629.5,0
2020-02-28 12:00:00,1629.58,1629.8,1618.03,1619.87,0
2020-02-28 13:00:00,1619.87,1629.22,1619.73,1628.79,0
2020-02-28 14:00:00,1628.87,1629.26,1613.9,1615.81,0
2020-02-28 15:00:00,1615.84,1617.02,1571.49,1582.16,0
2020-02-28 16:00:00,1582.19,1595.49,1581.5,1590.12,0
2020-02-28 17:00:00,1590.12,1590.67,1581.96,1583.72,0
2020-02-28 18:00:00,1583.72,1583.72,1562.89,1574.17,0
2020-02-28 19:00:00,1574.17,1592.84,1565.02,1583.21,0
2020-02-28 20:00:00,1583.17,1588.29,1576.02,1578.33,0
2020-02-28 21:00:00,1578.27,1587.34,1577.26,1585.67,0
2020-03-01 23:00:00,1591.59,1593.06,1575.41,1584.88,0
2020-03-02 00:00:00,1584.87,1598.51,1581.61,1597.09,0
2020-03-02 01:00:00,1597.09,1606.62,1595.58,1596.69,0
2020-03-02 02:00:00,1596.76,1598.02,1590.95,1595.46,0
2020-03-02 03:00:00,1595.46,1600.65,1592.64,1598.95,0
2020-03-02 04:00:00,1598.95,1603.13,1598.27,1600.4,0
2020-03-02 05:00:00,1600.42,1605.46,1599.34,1604.0,0
2020-03-02 06:00:00,1604.01,1605.38,1600.32,1602.25,0
2020-03-02 07:00:00,1602.25,1604.03,1596.05,1597.95,0
2020-03-02 08:00:00,1597.98,1606.85,1597.96,1605.62,0
2020-03-02 09:00:00,1605.62,1610.55,1602.88,1609.14,0
2020-03-02 10:00:00,1609.23,1611.04,1607.24,1609.46,0
2020-03-02 11:00:00,1609.44,1610.81,1603.22,1606.47,0
2020-03-02 12:00:00,1606.48,1607.21,1595.81,1598.5,0
2020-03-02 13:00:00,1598.48,1603.34,1592.43,1595.76,0
2020-03-02 14:00:00,1595.76,1601.79,1591.85,1599.06,0
2020-03-02 15:00:00,1599.06,1601.57,1591.04,1593.76,0
2020-03-02 16:00:00,1593.78,1598.79,1591.44,1596.3,0
2020-03-02 17:00:00,1596.3,1601.49,1595.94,1598.38,0
2020-03-02 18:00:00,1598.32,1598.71,1590.4,1593.11,0
2020-03-02 19:00:00,1593.26,1597.45,1592.9,1594.99,0
2020-03-02 20:00:00,1595.12,1596.97,1583.99,1585.67,0
2020-03-02 21:00:00,1585.76,1593.77,1585.76,1589.58,0
2020-03-02 23:00:00,1589.51,1593.81,1584.83,1591.99,0
2020-03-03 00:00:00,1591.99,1593.96,1589.73,1591.94,0
2020-03-03 01:00:00,1591.94,1600.32,1591.94,1597.41,0
2020-03-03 02:00:00,1597.41,1599.44,1595.24,1598.76,0
2020-03-03 03:00:00,1598.75,1599.53,1596.76,1597.96,0
2020-03-03 04:00:00,1597.96,1601.21,1597.39,1600.23,0
2020-03-03 05:00:00,1600.23,1600.24,1597.51,1598.96,0
2020-03-03 06:00:00,1598.96,1599.53,1593.55,1595.16,0
2020-03-03 07:00:00,1595.1,1598.16,1593.53,1595.06,0
2020-03-03 08:00:00,1595.01,1597.28,1594.14,1595.96,0
2020-03-03 09:00:00,1595.97,1597.2,1594.62,1597.12,0
2020-03-03 10:00:00,1597.13,1599.88,1596.63,1599.66,0
2020-03-03 11:00:00,1599.66,1604.55,1599.09,1603.05,0
2020-03-03 12:00:00,1603.05,1605.39,1599.66,1602.39,0
2020-03-03 13:00:00,1602.4,1605.94,1600.52,1605.29,0
2020-03-03 14:00:00,1605.29,1606.83,1601.86,1606.76,0
2020-03-03 15:00:00,1606.69,1643.71,1606.69,1633.97,0
2020-03-03 16:00:00,1633.92,1643.19,1631.03,1639.8,0
2020-03-03 17:00:00,1639.8,1649.28,1638.05,1645.21,0
2020-03-03 18:00:00,1645.31,1647.6,1640.18,1644.75,0
2020-03-03 19:00:00,1644.85,1646.78,1626.49,1626.59,0
2020-03-03 20:00:00,1626.57,1640.09,1626.51,1635.7,0
2020-03-03 21:00:00,1635.81,1641.69,1635.12,1640.88,0
2020-03-03 23:00:00,1639.88,1652.6,1637.69,1645.76,0
2020-03-04 00:00:00,1645.8,1647.65,1642.44,1645.74,0
2020-03-04 01:00:00,1645.76,1647.05,1639.65,1644.11,0
2020-03-04 02:00:00,1644.11,1645.93,1642.3,1645.12,0
2020-03-04 03:00:00,1645.08,1646.31,1641.38,1641.86,0
2020-03-04 04:00:00,1641.87,1643.18,1641.36,1643.12,0
2020-03-04 05:00:00,1643.12,1645.53,1641.98,1643.34,0
2020-03-04 06:00:00,1643.32,1644.54,1640.44,1642.19,0
2020-03-04 07:00:00,1642.2,1642.2,1631.89,1636.11,0
2020-03-04 08:00:00,1636.09,1639.68,1634.77,1635.88,0
2020-03-04 09:00:00,1635.87,1640.61,1635.04,1639.79,0
2020-03-04 10:00:00,1639.79,1645.2,1638.99,1641.76,0
2020-03-04 11:00:00,1641.76,1644.06,1640.45,1643.93,0
2020-03-04 12:00:00,1643.96,1649.38,1643.25,1647.17,0
2020-03-04 13:00:00,1647.21,1647.46,1637.0,1640.46,0
2020-03-04 14:00:00,1640.46,1646.57,1638.91,1645.94,0
2020-03-04 15:00:00,1645.95,1645.95,1636.96,1643.1,0
2020-03-04 16:00:00,1643.12,1644.57,1638.95,1641.57,0
2020-03-04 17:00:00,1641.55,1644.23,1640.68,1642.04,0
2020-03-04 18:00:00,1642.05,1643.7,1633.98,1636.27,0
2020-03-04 19:00:00,1636.27,1641.15,1636.05,1640.29,0
2020-03-04 20:00:00,1640.29,1641.27,1637.01,1638.38,0
2020-03-04 21:00:00,1638.35,1638.5,1634.04,1636.49,0
2020-03-04 23:00:00,1636.77,1639.92,1634.97,1636.62,0
2020-03-05 00:00:00,1636.6,1639.01,1635.65,1638.1,0
2020-03-05 01:00:00,1638.1,1640.84,1637.47,1637.75,0
2020-03-05 02:00:00,1637.75,1639.64,1636.82,1638.59,0
2020-03-05 03:00:00,1638.57,1640.81,1638.52,1639.53,0
2020-03-05 04:00:00,1639.53,1640.18,1638.66,1639.72,0
2020-03-05 05:00:00,1639.72,1640.81,1638.53,1638.53,0
2020-03-05 06:00:00,1638.54,1641.9,1637.72,1641.76,0
2020-03-05 07:00:00,1641.76,1642.81,1637.16,1637.41,0
2020-03-05 08:00:00,1637.41,1641.19,1637.21,1640.04,0
2020-03-05 09:00:00,1640.04,1644.91,1639.73,1644.07,0
2020-03-05 10:00:00,1644.07,1648.71,1643.89,1647.27,0
2020-03-05 11:00:00,1647.27,1648.71,1645.31,1647.9,0
2020-03-05 12:00:00,1647.9,1654.46,1646.02,1652.57,0
2020-03-05 13:00:00,1652.52,1656.51,1651.12,1655.08,0
2020-03-05 14:00:00,1655.07,1662.58,1654.37,1658.38,0
2020-03-05 15:00:00,1658.44,1660.74,1655.41,1660.04,0
2020-03-05 16:00:00,1660.05,1663.75,1657.65,1662.09,0
2020-03-05 17:00:00,1662.09,1667.38,1660.35,1667.06,0
2020-03-05 18:00:00,1667.1,1668.96,1665.12,1667.69,0
2020-03-05 19:00:00,1667.66,1672.14,1667.1,1671.77,0
2020-03-05 20:00:00,1671.77,1674.62,1670.69,1673.29,0
2020-03-05 21:00:00,1673.28,1673.95,1668.61,1672.48,0
2020-03-05 23:00:00,1671.97,1674.93,1669.92,1674.59,0
2020-03-06 00:00:00,1674.6,1676.52,1671.77,1674.18,0
2020-03-06 01:00:00,1674.2,1674.99,1667.63,1670.66,0
2020-03-06 02:00:00,1670.66,1672.52,1668.27,1670.53,0
2020-03-06 03:00:00,1670.53,1671.7,1667.64,1669.0,0
2020-03-06 04:00:00,1669.0,1679.26,1668.62,1678.46,0
2020-03-06 05:00:00,1678.46,1681.05,1676.85,1679.83,0
2020-03-06 06:00:00,1679.83,1680.36,1669.16,1674.28,0
2020-03-06 07:00:00,1674.36,1674.36,1667.86,1672.21,0
2020-03-06 08:00:00,1672.2,1679.33,1670.91,1678.07,0
2020-03-06 09:00:00,1678.1,1685.98,1676.46,1684.43,0
2020-03-06 10:00:00,1684.43,1689.97,1681.35,1682.33,0
2020-03-06 11:00:00,1682.33,1688.78,1681.49,1686.06,0
2020-03-06 12:00:00,1686.06,1688.39,1683.83,1687.97,0
2020-03-06 13:00:00,1688.0,1689.52,1668.58,1673.5,0
2020-03-06 14:00:00,1673.5,1687.24,1672.96,1684.67,0
2020-03-06 15:00:00,1684.64,1686.3,1642.41,1664.01,0
2020-03-06 16:00:00,1664.01,1671.49,1658.24,1663.44,0
2020-03-06 17:00:00,1663.43,1669.47,1660.4,1665.82,0
2020-03-06 18:00:00,1665.83,1673.98,1662.15,1672.31,0
2020-03-06 19:00:00,1672.28,1687.36,1671.5,1686.72,0
2020-03-06 20:00:00,1686.72,1692.16,1665.82,1673.9,0
2020-03-06 21:00:00,1673.88,1675.99,1671.56,1674.25,0
2020-03-08 23:00:00,1691.8,1701.35,1679.38,1698.09,0
2020-03-09 00:00:00,1698.09,1703.29,1691.97,1700.1,0
2020-03-09 01:00:00,1700.1,1702.81,1690.34,1700.08,0
2020-03-09 02:00:00,1700.05,1702.96,1695.26,1700.89,0
2020-03-09 03:00:00,1700.85,1701.27,1691.05,1694.63,0
2020-03-09 04:00:00,1694.67,1694.99,1674.36,1681.37,0
2020-03-09 05:00:00,1681.37,1681.37,1657.35,1662.51,0
2020-03-09 06:00:00,1662.53,1676.9,1659.53,1663.21,0
2020-03-09 07:00:00,1663.17,1673.99,1662.49,1669.43,0
2020-03-09 08:00:00,1669.38,1685.24,1668.6,1681.4,0
2020-03-09 09:00:00,1681.4,1682.59,1670.51,1675.44,0
2020-03-09 10:00:00,1675.45,1677.09,1661.8,1665.34,0
2020-03-09 11:00:00,1665.32,1680.16,1662.95,1678.13,0
2020-03-09 12:00:00,1678.36,1681.55,1674.47,1675.97,0
2020-03-09 13:00:00,1676.07,1680.56,1671.64,1677.63,0
2020-03-09 14:00:00,1677.64,1685.82,1666.12,1671.85,0
2020-03-09 15:00:00,1671.75,1677.39,1663.27,1673.25,0
2020-03-09 16:00:00,1673.25,1673.83,1664.97,1665.06,0
2020-03-09 17:00:00,1665.05,1672.25,1661.8,1671.89,0
2020-03-09 18:00:00,1671.89,1676.67,1668.34,1672.63,0
2020-03-09 19:00:00,1672.68,1677.57,1671.26,1677.0,0
2020-03-09 20:00:00,1676.98,1681.47,1671.14,1677.33,0
2020-03-09 21:00:00,1677.48,1679.59,1674.96,1678.95,0
2020-03-09 23:00:00,1680.13,1680.35,1670.55,1671.44,0
2020-03-10 00:00:00,1671.39,1671.44,1662.61,1666.44,0
2020-03-10 01:00:00,1666.44,1671.41,1662.41,1663.98,0
2020-03-10 02:00:00,1663.98,1671.42,1661.71,1669.49,0
2020-03-10 03:00:00,1669.49,1670.7,1666.48,1668.78,0
2020-03-10 04:00:00,1668.78,1669.64,1665.64,1666.65,0
2020-03-10 05:00:00,1666.62,1668.19,1664.29,1664.84,0
2020-03-10 06:00:00,1664.77,1664.95,1651.34,1651.76,0
2020-03-10 07:00:00,1651.76,1663.12,1649.46,1661.75,0
2020-03-10 08:00:00,1661.72,1666.63,1658.07,1662.1,0
2020-03-10 09:00:00,1662.17,1667.5,1660.42,1661.54,0
2020-03-10 10:00:00,1661.54,1664.61,1657.26,1658.64,0
2020-03-10 11:00:00,1658.63,1662.12,1655.85,1662.05,0
2020-03-10 12:00:00,1662.03,1665.03,1660.75,1662.17,0
2020-03-10 13:00:00,1662.18,1667.58,1659.71,1662.93,0
2020-03-10 14:00:00,1662.93,1666.03,1651.31,1653.61,0
2020-03-10 15:00:00,1653.74,1660.63,1649.99,1658.55,0
2020-03-10 16:00:00,1658.55,1660.87,1652.39,1654.46,0
2020-03-10 17:00:00,1654.48,1657.32,1651.29,1654.11,0
2020-03-10 18:00:00,1654.1,1661.83,1653.23,1657.88,0
2020-03-10 19:00:00,1657.85,1660.01,1650.93,1653.97,0
2020-03-10 20:00:00,1653.97,1654.1,1641.77,1642.01,0
2020-03-10 21:00:00,1641.98,1650.52,1641.9,1649.18,0
2020-03-10 23:00:00,1649.26,1654.21,1647.98,1653.05,0
2020-03-11 00:00:00,1653.05,1654.83,1650.5,1652.33,0
2020-03-11 01:00:00,1652.33,1659.29,1650.62,1657.15,0
2020-03-11 02:00:00,1657.15,1660.14,1655.35,1658.35,0
2020-03-11 03:00:00,1658.35,1659.57,1655.73,1657.16,0
2020-03-11 04:00:00,1657.17,1659.84,1655.92,1658.98,0
2020-03-11 05:00:00,1658.98,1664.32,1658.16,1662.87,0
2020-03-11 06:00:00,1662.85,1665.34,1661.23,1661.64,0
2020-03-11 07:00:00,1661.63,1664.35,1658.34,1663.1,0
2020-03-11 08:00:00,1663.1,1666.65,1661.73,1662.49,0
2020-03-11 09:00:00,1662.46,1663.74,1656.44,1657.12,0
2020-03-11 10:00:00,1657.12,1661.19,1656.47,1660.48,0
2020-03-11 11:00:00,1660.54,1665.07,1660.17,1664.99,0
2020-03-11 12:00:00,1664.99,1668.56,1664.51,1666.02,0
2020-03-11 13:00:00,1666.02,1671.25,1663.05,1665.56,0
2020-03-11 14:00:00,1665.57,1667.07,1658.56,1662.77,0
2020-03-11 15:00:00,1662.77,1663.11,1651.93,1653.11,0
2020-03-11 16:00:00,1653.07,1655.05,1644.21,1649.81,0
2020-03-11 17:00:00,1649.81,1650.92,1642.68,1645.04,0
2020-03-11 18:00:00,1645.04,1648.96,1639.97,1643.51,0
2020-03-11 19:00:00,1643.5,1644.98,1636.85,1639.07,0
2020-03-11 20:00:00,1639.04,1646.39,1633.02,1636.38,0
2020-03-11 21:00:00,1636.42,1638.76,1635.35,1635.91,0
2020-03-11 23:00:00,1634.1,1641.93,1633.57,1638.49,0
2020-03-12 00:00:00,1638.49,1644.34,1638.1,1643.74,0
2020-03-12 01:00:00,1643.74,1648.14,1641.41,1647.32,0
2020-03-12 02:00:00,1647.29,1650.37,1633.94,1636.15,0
2020-03-12 03:00:00,1636.11,1638.84,1630.87,1636.81,0
2020-03-12 04:00:00,1636.86,1638.21,1633.11,1637.11,0
2020-03-12 05:00:00,1637.09,1637.99,1633.47,1636.23,0
2020-03-12 06:00:00,1636.23,1636.77,1631.39,1633.92,0
2020-03-12 07:00:00,1633.94,1637.78,1633.4,1637.11,0
2020-03-12 08:00:00,1637.13,1642.77,1634.39,1640.02,0
2020-03-12 09:00:00,1639.99,1645.52,1638.58,1642.89,0
2020-03-12 10:00:00,1642.89,1645.06,1633.45,1634.06,0
2020-03-12 11:00:00,1634.01,1639.57,1632.51,1636.2,0
2020-03-12 12:00:00,1636.21,1643.03,1633.95,1634.28,0
2020-03-12 13:00:00,1634.35,1634.96,1606.33,1610.27,0
2020-03-12 14:00:00,1610.26,1613.47,1586.22,1597.21,0
2020-03-12 15:00:00,1597.05,1597.14,1574.65,1587.45,0
2020-03-12 16:00:00,1587.33,1587.33,1560.76,1566.37,0
2020-03-12 17:00:00,1566.43,1596.17,1565.91,1593.99,0
2020-03-12 18:00:00,1593.83,1609.9,1585.45,1594.96,0
2020-03-12 19:00:00,1594.98,1595.32,1574.83,1578.36,0
2020-03-12 20:00:00,1578.56,1579.57,1567.52,1571.64,0
2020-03-12 21:00:00,1571.71,1579.86,1565.96,1578.14,0
2020-03-12 23:00:00,1576.51,1582.34,1573.25,1577.15,0
2020-03-13 00:00:00,1577.15,1584.34,1573.67,1576.78,0
2020-03-13 01:00:00,1576.81,1583.08,1576.61,1579.38,0
2020-03-13 02:00:00,1579.38,1579.4,1552.82,1555.02,0
2020-03-13 03:00:00,1555.07,1566.85,1551.37,1563.46,0
2020-03-13 04:00:00,1563.46,1565.41,1556.85,1560.11,0
2020-03-13 05:00:00,1560.15,1583.82,1557.91,1579.1,0
2020-03-13 06:00:00,1579.1,1591.22,1576.04,1586.59,0
2020-03-13 07:00:00,1586.59,1590.8,1580.97,1587.15,0
2020-03-13 08:00:00,1587.21,1594.28,1584.68,1591.73,0
2020-03-13 09:00:00,1591.68,1593.62,1578.93,1586.17,0
2020-03-13 10:00:00,1586.13,1588.22,1581.43,1582.53,0
2020-03-13 11:00:00,1582.53,1589.7,1582.53,1587.78,0
2020-03-13 12:00:00,1587.76,1589.32,1577.27,1581.05,0
2020-03-13 13:00:00,1581.05,1597.96,1579.33,1594.93,0
2020-03-13 14:00:00,1594.86,1596.72,1566.44,1574.84,0
2020-03-13 15:00:00,1574.84,1581.98,1563.22,1563.55,0
2020-03-13 16:00:00,1563.55,1568.48,1521.89,1534.81,0
2020-03-13 17:00:00,1534.69,1538.99,1504.52,1523.06,0
2020-03-13 18:00:00,1523.07,1523.49,1513.91,1522.38,0
2020-03-13 19:00:00,1522.38,1537.3,1512.28,1512.41,0
2020-03-13 20:00:00,1512.41,1526.05,1509.43,1523.52,0
2020-03-13 21:00:00,1523.73,1533.09,1516.43,1528.79,0
2020-03-15 23:00:00,1563.8,1575.33,1539.79,1546.46,0
2020-03-16 00:00:00,1546.46,1563.1,1541.85,1557.45,0
2020-03-16 01:00:00,1557.98,1560.71,1541.49,1548.02,0
2020-03-16 02:00:00,1548.04,1549.0,1523.99,1534.72,0
2020-03-16 03:00:00,1534.72,1548.64,1530.61,1546.36,0
2020-03-16 04:00:00,1546.36,1549.16,1543.36,1547.95,0
2020-03-16 05:00:00,1547.95,1550.89,1538.06,1546.84,0
2020-03-16 06:00:00,1546.87,1546.87,1538.67,1540.71,0
2020-03-16 07:00:00,1540.74,1547.39,1540.03,1544.15,0
2020-03-16 08:00:00,1544.1,1547.51,1529.55,1531.23,0
2020-03-16 09:00:00,1531.25,1542.08,1529.48,1539.03,0
2020-03-16 10:00:00,1539.03,1540.97,1512.54,1527.09,0
2020-03-16 11:00:00,1527.06,1528.26,1475.91,1478.69,0
2020-03-16 12:00:00,1478.75,1481.92,1456.37,1461.9,0
2020-03-16 13:00:00,1462.01,1478.39,1454.46,1455.66,0
2020-03-16 14:00:00,1455.66,1475.87,1451.22,1470.86,0
2020-03-16 15:00:00,1470.81,1498.04,1464.49,1497.67,0
2020-03-16 16:00:00,1497.7,1519.61,1486.14,1503.97,0
2020-03-16 17:00:00,1503.92,1513.65,1500.1,1508.83,0
2020-03-16 18:00:00,1508.83,1513.58,1483.98,1492.26,0
2020-03-16 19:00:00,1492.25,1509.82,1487.37,1505.88,0
2020-03-16 20:00:00,1505.88,1509.9,1488.89,1509.1,0
2020-03-16 21:00:00,1509.1,1516.37,1496.0,1510.21,0
2020-03-16 23:00:00,1514.08,1514.08,1496.35,1508.75,0
2020-03-17 00:00:00,1508.75,1517.7,1504.08,1507.24,0
2020-03-17 01:00:00,1507.2,1519.29,1504.22,1517.15,0
2020-03-17 02:00:00,1517.19,1518.32,1490.87,1492.44,0
2020-03-17 03:00:00,1492.44,1500.18,1485.48,1492.05,0
2020-03-17 04:00:00,1492.04,1501.0,1488.44,1500.85,0
2020-03-17 05:00:00,1500.85,1504.97,1499.35,1501.64,0
2020-03-17 06:00:00,1501.62,1503.81,1491.92,1492.63,0
2020-03-17 07:00:00,1492.65,1493.06,1482.54,1483.7,0
2020-03-17 08:00:00,1483.59,1491.83,1482.72,1486.53,0
2020-03-17 09:00:00,1486.51,1488.06,1482.27,1483.17,0
2020-03-17 10:00:00,1483.2,1484.97,1467.86,1470.81,0
2020-03-17 11:00:00,1470.81,1475.62,1465.49,1466.86,0
2020-03-17 12:00:00,1466.84,1474.1,1466.84,1472.87,0
2020-03-17 13:00:00,1472.8,1487.51,1472.26,1484.82,0
2020-03-17 14:00:00,1484.96,1503.8,1482.38,1493.35,0
2020-03-17 15:00:00,1493.29,1538.32,1491.65,1533.99,0
2020-03-17 16:00:00,1533.99,1554.02,1527.38,1532.42,0
2020-03-17 17:00:00,1532.45,1541.22,1524.73,1527.32,0
2020-03-17 18:00:00,1527.31,1535.8,1521.78,1534.74,0
2020-03-17 19:00:00,1534.75,1537.33,1526.5,1528.84,0
2020-03-17 20:00:00,1528.86,1537.44,1520.59,1529.71,0
2020-03-17 21:00:00,1529.69,1531.13,1526.55,1528.56,0
2020-03-17 23:00:00,1527.41,1546.3,1527.16,1533.19,0
2020-03-18 00:00:00,1533.46,1543.38,1533.18,1537.65,0
2020-03-18 01:00:00,1537.65,1539.53,1531.95,1536.82,0
2020-03-18 02:00:00,1536.74,1537.25,1529.74,1534.62,0
2020-03-18 03:00:00,1534.62,1535.82,1527.94,1530.59,0
2020-03-18 04:00:00,1530.59,1533.31,1527.85,1532.38,0
2020-03-18 05:00:00,1532.37,1532.93,1525.14,1527.75,0
2020-03-18 06:00:00,1527.78,1529.81,1511.54,1518.7,0
2020-03-18 07:00:00,1518.7,1519.11,1504.86,1512.69,0
2020-03-18 08:00:00,1512.65,1519.38,1494.75,1497.9,0
2020-03-18 09:00:00,1497.88,1508.15,1488.34,1493.74,0
2020-03-18 10:00:00,1493.74,1499.98,1487.31,1494.14,0
2020-03-18 11:00:00,1494.14,1515.53,1492.81,1495.51,0
2020-03-18 12:00:00,1495.51,1516.94,1495.46,1516.7,0
2020-03-18 13:00:00,1516.67,1522.66,1495.49,1497.16,0
2020-03-18 14:00:00,1497.16,1513.73,1494.08,1508.46,0
2020-03-18 15:00:00,1508.52,1518.42,1499.4,1499.42,0
2020-03-18 16:00:00,1499.35,1500.45,1485.49,1492.32,0
2020-03-18 17:00:00,1492.38,1495.85,1483.96,1485.58,0
2020-03-18 18:00:00,1485.58,1495.13,1472.88,1488.44,0
2020-03-18 19:00:00,1488.44,1502.8,1482.53,1495.68,0
2020-03-18 20:00:00,1495.68,1503.04,1489.16,1494.97,0
2020-03-18 21:00:00,1495.06,1495.87,1483.42,1485.28,0
2020-03-18 23:00:00,1486.42,1488.3,1472.91,1484.73,0
2020-03-19 00:00:00,1484.73,1500.74,1482.18,1497.93,0
2020-03-19 01:00:00,1498.08,1498.6,1479.44,1484.78,0
2020-03-19 02:00:00,1484.78,1491.51,1479.71,1484.81,0
2020-03-19 03:00:00,1484.81,1486.4,1470.69,1471.81,0
2020-03-19 04:00:00,1472.05,1475.39,1464.53,1469.46,0
2020-03-19 05:00:00,1469.46,1472.72,1464.18,1471.5,0
2020-03-19 06:00:00,1471.5,1475.57,1468.92,1471.24,0
2020-03-19 07:00:00,1471.24,1496.01,1468.96,1490.36,0
2020-03-19 08:00:00,1490.41,1491.12,1478.68,1483.36,0
2020-03-19 09:00:00,1483.55,1489.04,1476.97,1483.56,0
2020-03-19 10:00:00,1483.6,1485.02,1476.95,1478.91,0
2020-03-19 11:00:00,1479.03,1480.97,1473.1,1475.17,0
2020-03-19 12:00:00,1475.17,1481.98,1470.99,1473.86,0
2020-03-19 13:00:00,1473.57,1477.25,1464.08,1470.21,0
2020-03-19 14:00:00,1470.17,1483.75,1468.16,1480.75,0
2020-03-19 15:00:00,1480.76,1493.29,1472.45,1474.57,0
2020-03-19 16:00:00,1474.41,1485.33,1470.97,1480.04,0
2020-03-19 17:00:00,1479.97,1480.88,1471.39,1474.01,0
2020-03-19 18:00:00,1473.96,1480.33,1468.79,1472.15,0
2020-03-19 19:00:00,1472.13,1474.07,1465.51,1471.49,0
2020-03-19 20:00:00,1471.54,1480.58,1466.08,1467.88,0
2020-03-19 21:00:00,1468.05,1474.72,1467.6,1472.22,0
2020-03-19 23:00:00,1471.85,1472.73,1454.94,1467.48,0
2020-03-20 00:00:00,1467.48,1471.75,1465.78,1471.24,0
2020-03-20 01:00:00,1471.22,1477.44,1470.74,1471.39,0
2020-03-20 02:00:00,1471.39,1483.37,1471.39,1481.91,0
2020-03-20 03:00:00,1481.91,1486.7,1479.4,1485.91,0
2020-03-20 04:00:00,1485.91,1486.73,1480.31,1483.77,0
2020-03-20 05:00:00,1483.77,1484.85,1480.47,1482.31,0
2020-03-20 06:00:00,1482.31,1487.95,1482.26,1486.21,0
2020-03-20 07:00:00,1486.21,1505.47,1485.15,1499.75,0
2020-03-20 08:00:00,1499.75,1510.94,1495.95,1510.37,0
2020-03-20 09:00:00,1510.3,1515.97,1501.92,1504.86,0
2020-03-20 10:00:00,1504.81,1511.06,1502.65,1508.02,0
2020-03-20 11:00:00,1507.98,1510.86,1501.39,1510.33,0
2020-03-20 12:00:00,1510.33,1514.16,1500.98,1503.38,0
2020-03-20 13:00:00,1503.4,1507.71,1490.13,1493.97,0
2020-03-20 14:00:00,1493.99,1498.27,1485.9,1489.74,0
2020-03-20 15:00:00,1489.76,1500.4,1489.3,1499.16,0
2020-03-20 16:00:00,1499.18,1499.83,1487.76,1490.32,0
2020-03-20 17:00:00,1490.22,1492.12,1480.51,1487.24,0
2020-03-20 18:00:00,1486.97,1487.56,1479.96,1483.39,0
2020-03-20 19:00:00,1483.39,1486.34,1479.33,1481.28,0
2020-03-20 20:00:00,1481.28,1493.55,1480.02,1489.35,0
2020-03-20 21:00:00,1489.27,1499.88,1486.61,1496.77,0
2020-03-22 23:00:00,1502.5,1508.36,1482.35,1488.83,0
2020-03-23 00:00:00,1488.83,1497.2,1485.89,1491.51,0
2020-03-23 01:00:00,1491.47,1501.37,1491.43,1494.9,0
2020-03-23 02:00:00,1494.9,1494.91,1485.69,1492.34,0
2020-03-23 03:00:00,1492.34,1496.5,1490.22,1493.29,0
2020-03-23 04:00:00,1493.29,1497.96,1490.9,1493.46,0
2020-03-23 05:00:00,1493.43,1496.07,1491.85,1492.59,0
2020-03-23 06:00:00,1492.59,1495.42,1490.71,1494.5,0
2020-03-23 07:00:00,1494.56,1494.93,1484.97,1487.78,0
2020-03-23 08:00:00,1487.77,1490.49,1486.21,1490.16,0
2020-03-23 09:00:00,1490.15,1491.82,1486.46,1490.82,0
2020-03-23 10:00:00,1490.82,1494.37,1489.38,1492.38,0
2020-03-23 11:00:00,1492.41,1495.56,1491.04,1492.82,0
2020-03-23 12:00:00,1492.62,1495.5,1491.15,1494.31,0
2020-03-23 13:00:00,1494.31,1523.86,1494.19,1519.18,0
2020-03-23 14:00:00,1519.15,1529.31,1511.72,1528.66,0
2020-03-23 15:00:00,1528.12,1530.17,1520.53,1528.03,0
2020-03-23 16:00:00,1528.03,1544.07,1527.48,1542.78,0
2020-03-23 17:00:00,1542.73,1552.42,1540.31,1548.48,0
2020-03-23 18:00:00,1548.48,1561.19,1548.03,1559.41,0
2020-03-23 19:00:00,1559.41,1560.13,1545.6,1546.58,0
2020-03-23 20:00:00,1546.61,1557.79,1546.28,1553.16,0
2020-03-23 21:00:00,1553.3,1554.57,1550.58,1552.59,0
2020-03-23 23:00:00,1553.68,1566.44,1552.45,1564.72,0
2020-03-24 00:00:00,1564.57,1567.42,1560.35,1566.94,0
2020-03-24 01:00:00,1566.9,1571.36,1560.44,1569.68,0
2020-03-24 02:00:00,1569.68,1582.16,1568.02,1572.51,0
2020-03-24 03:00:00,1572.56,1584.24,1568.83,1578.35,0
2020-03-24 04:00:00,1578.35,1578.4,1568.82,1570.64,0
2020-03-24 05:00:00,1570.62,1578.07,1569.75,1571.37,0
2020-03-24 06:00:00,1571.27,1573.24,1559.6,1562.74,0
2020-03-24 07:00:00,1562.74,1577.57,1558.49,1572.33,0
2020-03-24 08:00:00,1572.26,1574.9,1564.51,1572.55,0
2020-03-24 09:00:00,1572.69,1591.56,1568.56,1585.5,0
2020-03-24 10:00:00,1584.02,1595.16,1575.86,1589.84,0
2020-03-24 11:00:00,1590.01,1615.1,1585.02,1595.41,0
2020-03-24 12:00:00,1595.58,1611.48,1583.87,1598.4,0
2020-03-24 13:00:00,1598.35,1607.01,1582.68,1598.65,0
2020-03-24 14:00:00,1599.69,1614.53,1589.12,1598.11,0
2020-03-24 15:00:00,1598.11,1607.46,1587.83,1598.76,0
2020-03-24 16:00:00,1598.76,1620.85,1595.25,1613.91,0
2020-03-24 17:00:00,1613.91,1623.34,1608.17,1621.09,0
2020-03-24 18:00:00,1621.09,1629.32,1615.0,1627.62,0
2020-03-24 19:00:00,1627.62,1632.64,1615.81,1621.06,0
2020-03-24 20:00:00,1621.51,1628.69,1613.82,1625.31,0
2020-03-24 21:00:00,1625.31,1626.73,1619.11,1626.73,0
2020-03-24 23:00:00,1628.64,1636.91,1626.05,1629.94,0
2020-03-25 00:00:00,1630.13,1639.34,1627.94,1634.39,0
2020-03-25 01:00:00,1631.57,1632.63,1620.59,1623.71,0
2020-03-25 02:00:00,1623.71,1627.22,1614.13,1617.6,0
2020-03-25 03:00:00,1617.6,1619.85,1605.24,1611.75,0
2020-03-25 04:00:00,1611.6,1619.73,1609.74,1615.15,0
2020-03-25 05:00:00,1615.15,1616.84,1608.68,1610.44,0
2020-03-25 06:00:00,1610.44,1615.51,1603.29,1611.82,0
2020-03-25 07:00:00,1611.81,1615.31,1607.01,1609.26,0
2020-03-25 08:00:00,1609.35,1610.41,1600.68,1602.12,0
2020-03-25 09:00:00,1602.12,1609.92,1597.19,1604.69,0
2020-03-25 10:00:00,1603.99,1625.33,1602.21,1622.16,0
2020-03-25 11:00:00,1622.16,1628.07,1609.74,1616.16,0
2020-03-25 12:00:00,1616.16,1620.65,1592.62,1608.32,0
2020-03-25 13:00:00,1608.32,1611.82,1600.1,1606.12,0
2020-03-25 14:00:00,1606.12,1620.32,1604.91,1605.75,0
2020-03-25 15:00:00,1605.61,1615.03,1605.09,1609.67,0
2020-03-25 16:00:00,1609.72,1617.51,1604.49,1612.69,0
2020-03-25 17:00:00,1612.39,1617.03,1608.07,1614.41,0
2020-03-25 18:00:00,1614.41,1616.91,1609.25,1611.62,0
2020-03-25 19:00:00,1611.64,1614.69,1609.25,1610.29,0
2020-03-25 20:00:00,1610.37,1616.11,1607.56,1608.9,0
2020-03-25 21:00:00,1609.03,1616.7,1607.72,1616.7,0
2020-03-25 23:00:00,1616.7,1616.7,1605.98,1609.4,0
2020-03-26 00:00:00,1609.4,1612.56,1607.15,1609.82,0
2020-03-26 01:00:00,1609.73,1612.17,1598.8,1603.25,0
2020-03-26 02:00:00,1603.25,1607.35,1598.18,1602.94,0
2020-03-26 03:00:00,1602.94,1607.13,1595.29,1603.8,0
2020-03-26 04:00:00,1603.8,1607.81,1603.24,1604.84,0
2020-03-26 05:00:00,1604.88,1606.29,1601.07,1604.22,0
2020-03-26 06:00:00,1604.22,1605.23,1599.49,1600.34,0
2020-03-26 07:00:00,1600.34,1601.96,1597.45,1601.07,0
2020-03-26 08:00:00,1601.1,1606.93,1500.59,1605.34,0
2020-03-26 09:00:00,1605.29,1607.68,1600.85,1603.21,0
2020-03-26 10:00:00,1603.21,1610.52,1602.76,1610.44,0
2020-03-26 11:00:00,1610.49,1619.87,1609.95,1613.99,0
2020-03-26 12:00:00,1613.96,1622.37,1611.29,1619.79,0
2020-03-26 13:00:00,1619.79,1630.15,1616.43,1627.63,0
2020-03-26 14:00:00,1627.6,1637.51,1623.52,1629.97,0
2020-03-26 15:00:00,1630.13,1639.51,1625.78,1625.78,0
2020-03-26 16:00:00,1625.78,1633.75,1625.17,1626.95,0
2020-03-26 17:00:00,1626.82,1639.9,1625.04,1637.51,0
2020-03-26 18:00:00,1637.51,1644.02,1633.95,1637.45,0
2020-03-26 19:00:00,1637.45,1638.1,1625.29,1628.06,0
2020-03-26 20:00:00,1628.06,1634.58,1614.05,1630.73,0
2020-03-26 21:00:00,1630.73,1632.54,1624.99,1628.98,0
2020-03-26 23:00:00,1631.14,1635.27,1623.7,1628.77,0
2020-03-27 00:00:00,1628.77,1630.95,1623.24,1625.95,0
2020-03-27 01:00:00,1625.95,1627.78,1620.81,1622.27,0
2020-03-27 02:00:00,1622.29,1626.84,1619.3,1625.21,0
2020-03-27 03:00:00,1625.21,1627.52,1623.9,1626.15,0
2020-03-27 04:00:00,1626.15,1626.15,1623.85,1624.86,0
2020-03-27 05:00:00,1624.86,1626.13,1623.99,1624.49,0
2020-03-27 06:00:00,1624.55,1628.21,1624.3,1626.7,0
2020-03-27 07:00:00,1626.7,1627.99,1620.41,1625.15,0
2020-03-27 08:00:00,1624.92,1627.29,1614.47,1621.64,0
2020-03-27 09:00:00,1621.64,1624.41,1615.11,1617.32,0
2020-03-27 10:00:00,1617.32,1624.59,1613.78,1622.1,0
2020-03-27 11:00:00,1622.04,1625.73,1619.58,1622.28,0
2020-03-27 12:00:00,1622.28,1625.12,1614.29,1618.19,0
2020-03-27 13:00:00,1618.19,1626.01,1616.2,1622.93,0
2020-03-27 14:00:00,1622.76,1629.1,1617.95,1622.36,0
2020-03-27 15:00:00,1622.36,1624.95,1616.09,1623.97,0
2020-03-27 16:00:00,1623.97,1625.95,1616.73,1624.24,0
2020-03-27 17:00:00,1624.17,1629.66,1621.5,1628.04,0
2020-03-27 18:00:00,1628.07,1629.84,1623.31,1623.59,0
2020-03-27 19:00:00,1623.59,1626.16,1619.14,1625.78,0
2020-03-27 20:00:00,1625.78,1631.22,1619.34,1619.48,0
2020-03-27 21:00:00,1619.48,1622.68,1617.58,1621.61,0
2020-03-29 23:00:00,1628.16,1632.98,1613.17,1626.17,0
2020-03-30 00:00:00,1626.17,1631.57,1624.32,1626.11,0
2020-03-30 01:00:00,1626.11,1628.2,1615.29,1618.45,0
2020-03-30 02:00:00,1618.45,1622.02,1613.66,1616.17,0
2020-03-30 03:00:00,1616.17,1620.37,1613.26,1619.55,0
2020-03-30 04:00:00,1619.54,1620.33,1612.77,1617.07,0
2020-03-30 05:00:00,1617.06,1617.68,1614.18,1615.15,0
2020-03-30 06:00:00,1615.15,1620.35,1610.4,1619.77,0
2020-03-30 07:00:00,1619.77,1619.97,1613.84,1616.21,0
2020-03-30 08:00:00,1616.28,1620.96,1615.66,1619.18,0
2020-03-30 09:00:00,1619.18,1624.17,1617.98,1622.04,0
2020-03-30 10:00:00,1622.08,1623.53,1618.23,1622.47,0
2020-03-30 11:00:00,1622.47,1627.25,1619.44,1627.13,0
2020-03-30 12:00:00,1627.09,1627.17,1619.6,1619.9,0
2020-03-30 13:00:00,1619.9,1620.77,1615.17,1619.51,0
2020-03-30 14:00:00,1619.51,1623.97,1617.07,1621.68,0
2020-03-30 15:00:00,1621.65,1623.92,1618.17,1620.79,0
2020-03-30 16:00:00,1620.79,1622.77,1617.94,1620.22,0
2020-03-30 17:00:00,1620.22,1623.01,1618.97,1620.35,0
2020-03-30 18:00:00,1620.42,1622.11,1613.27,1613.66,0
2020-03-30 19:00:00,1613.88,1620.4,1611.42,1613.86,0
2020-03-30 20:00:00,1613.86,1622.71,1611.54,1622.54,0
2020-03-30 21:00:00,1622.54,1622.89,1620.0,1620.27,0
2020-03-30 23:00:00,1622.32,1623.41,1616.36,1618.29,0
2020-03-31 00:00:00,1618.3,1618.93,1614.51,1616.39,0
2020-03-31 01:00:00,1616.44,1619.49,1610.54,1613.17,0
2020-03-31 02:00:00,1613.52,1616.9,1610.89,1614.44,0
2020-03-31 03:00:00,1614.44,1618.05,1612.47,1614.08,0
2020-03-31 04:00:00,1614.08,1615.11,1612.4,1614.58,0
2020-03-31 05:00:00,1614.58,1615.51,1612.98,1613.1,0
2020-03-31 06:00:00,1613.1,1616.03,1613.05,1614.69,0
2020-03-31 07:00:00,1614.69,1619.18,1613.8,1617.75,0
2020-03-31 08:00:00,1617.67,1618.42,1613.9,1615.19,0
2020-03-31 09:00:00,1615.19,1616.11,1603.47,1610.27,0
2020-03-31 10:00:00,1610.3,1611.78,1601.44,1606.99,0
2020-03-31 11:00:00,1606.99,1607.1,1594.39,1600.54,0
2020-03-31 12:00:00,1600.54,1601.93,1596.38,1601.65,0
2020-03-31 13:00:00,1601.65,1608.74,1601.65,1604.35,0
2020-03-31 14:00:00,1604.26,1612.1,1603.86,1608.14,0
2020-03-31 15:00:00,1608.09,1613.58,1603.44,1608.1,0
2020-03-31 16:00:00,1608.2,1612.82,1606.01,1609.41,0
2020-03-31 17:00:00,1609.41,1609.42,1596.17,1597.67,0
2020-03-31 18:00:00,1597.67,1597.89,1582.77,1590.03,0
2020-03-31 19:00:00,1590.06,1591.49,1583.57,1584.15,0
2020-03-31 20:00:00,1584.15,1585.03,1575.86,1576.58,0
2020-03-31 21:00:00,1576.65,1578.52,1574.32,1576.22,0
2020-03-31 23:00:00,1575.06,1578.65,1567.84,1575.32,0
2020-04-01 00:00:00,1575.32,1580.49,1574.92,1578.69,0
2020-04-01 01:00:00,1578.69,1581.26,1576.89,1580.09,0
2020-04-01 02:00:00,1580.09,1582.0,1579.33,1580.25,0
2020-04-01 03:00:00,1580.25,1583.48,1579.49,1583.34,0
2020-04-01 04:00:00,1583.34,1584.88,1582.76,1584.39,0
2020-04-01 05:00:00,1584.39,1588.76,1584.22,1587.13,0
2020-04-01 06:00:00,1587.13,1589.11,1583.64,1587.82,0
2020-04-01 07:00:00,1587.75,1590.29,1584.8,1586.78,0
2020-04-01 08:00:00,1586.78,1600.39,1586.78,1595.5,0
2020-04-01 09:00:00,1595.55,1597.79,1591.8,1595.01,0
2020-04-01 10:00:00,1595.01,1596.87,1592.01,1594.83,0
2020-04-01 11:00:00,1594.83,1595.37,1591.45,1593.0,0
2020-04-01 12:00:00,1593.0,1595.09,1587.42,1588.56,0
2020-04-01 13:00:00,1588.5,1588.5,1579.32,1583.83,0
2020-04-01 14:00:00,1583.75,1584.49,1571.52,1581.05,0
2020-04-01 15:00:00,1581.05,1589.76,1576.46,1586.55,0
2020-04-01 16:00:00,1586.54,1593.35,1584.09,1592.49,0
2020-04-01 17:00:00,1592.49,1594.21,1577.89,1582.28,0
2020-04-01 18:00:00,1582.26,1583.78,1577.84,1582.4,0
2020-04-01 19:00:00,1582.34,1590.61,1581.85,1590.43,0
2020-04-01 20:00:00,1590.43,1592.66,1585.29,1588.9,0
2020-04-01 21:00:00,1588.9,1591.06,1586.74,1591.02,0
2020-04-01 23:00:00,1589.06,1594.55,1586.68,1592.73,0
2020-04-02 00:00:00,1592.86,1595.6,1590.4,1591.8,0
2020-04-02 01:00:00,1591.8,1593.33,1585.6,1587.51,0
2020-04-02 02:00:00,1587.51,1587.53,1582.84,1585.64,0
2020-04-02 03:00:00,1585.64,1586.19,1583.06,1584.72,0
2020-04-02 04:00:00,1584.72,1585.83,1583.83,1585.28,0
2020-04-02 05:00:00,1585.27,1585.78,1583.19,1584.73,0
2020-04-02 06:00:00,1584.73,1588.35,1583.69,1585.81,0
2020-04-02 07:00:00,1585.77,1592.85,1585.36,1591.61,0
2020-04-02 08:00:00,1591.63,1599.24,1591.24,1592.34,0
2020-04-02 09:00:00,1592.34,1593.29,1586.66,1586.94,0
2020-04-02 10:00:00,1586.95,1590.92,1585.71,1589.95,0
2020-04-02 11:00:00,1589.98,1592.85,1587.5,1592.6,0
2020-04-02 12:00:00,1592.6,1596.85,1591.57,1595.26,0
2020-04-02 13:00:00,1595.26,1610.08,1595.26,1601.63,0
2020-04-02 14:00:00,1601.63,1610.19,1599.63,1607.89,0
2020-04-02 15:00:00,1607.88,1613.43,1602.3,1608.29,0
2020-04-02 16:00:00,1608.29,1612.1,1604.28,1607.92,0
2020-04-02 17:00:00,1607.92,1614.08,1606.42,1613.01,0
2020-04-02 18:00:00,1613.01,1616.52,1609.97,1615.47,0
2020-04-02 19:00:00,1615.47,1615.77,1608.1,1614.64,0
2020-04-02 20:00:00,1614.64,1619.82,1613.55,1613.85,0
2020-04-02 21:00:00,1613.85,1617.33,1611.06,1611.64,0
2020-04-02 23:00:00,1613.24,1617.4,1609.46,1609.46,0
2020-04-03 00:00:00,1609.52,1615.63,1609.1,1613.26,0
2020-04-03 01:00:00,1613.26,1613.35,1609.0,1609.52,0
2020-04-03 02:00:00,1609.52,1614.49,1608.48,1610.47,0
2020-04-03 03:00:00,1610.47,1613.96,1609.08,1612.31,0
2020-04-03 04:00:00,1612.31,1614.32,1611.55,1613.66,0
2020-04-03 05:00:00,1613.66,1613.66,1611.3,1611.89,0
2020-04-03 06:00:00,1611.89,1613.74,1609.38,1611.75,0
2020-04-03 07:00:00,1611.75,1611.99,1607.01,1609.0,0
2020-04-03 08:00:00,1609.11,1616.55,1608.89,1615.0,0
2020-04-03 09:00:00,1615.0,1617.52,1607.94,1611.81,0
2020-04-03 10:00:00,1611.81,1613.59,1607.99,1612.3,0
2020-04-03 11:00:00,1612.3,1613.04,1608.24,1608.41,0
2020-04-03 12:00:00,1608.41,1620.59,1608.41,1619.32,0
2020-04-03 13:00:00,1619.32,1620.88,1605.87,1609.29,0
2020-04-03 14:00:00,1609.34,1620.08,1609.31,1613.65,0
2020-04-03 15:00:00,1614.02,1621.26,1612.1,1618.34,0
2020-04-03 16:00:00,1618.34,1620.79,1610.69,1615.58,0
2020-04-03 17:00:00,1615.58,1619.64,1614.48,1618.34,0
2020-04-03 18:00:00,1618.26,1620.25,1616.78,1618.24,0
2020-04-03 19:00:00,1618.27,1623.37,1616.72,1622.93,0
2020-04-03 20:00:00,1622.76,1625.3,1618.15,1621.66,0
2020-04-03 21:00:00,1621.71,1622.58,1614.98,1615.72,0
2020-04-05 23:00:00,1615.04,1619.89,1608.77,1614.5,0
2020-04-06 00:00:00,1614.56,1620.21,1611.92,1619.18,0
2020-04-06 01:00:00,1619.25,1622.04,1615.27,1617.85,0
2020-04-06 02:00:00,1617.85,1619.87,1615.9,1618.56,0
2020-04-06 03:00:00,1618.55,1619.83,1617.69,1619.5,0
2020-04-06 04:00:00,1619.58,1620.32,1616.17,1617.3,0
2020-04-06 05:00:00,1617.3,1619.56,1616.27,1618.22,0
2020-04-06 06:00:00,1618.19,1620.02,1615.64,1619.26,0
2020-04-06 07:00:00,1619.08,1629.22,1618.16,1624.3,0
2020-04-06 08:00:00,1624.45,1632.8,1622.87,1631.35,0
2020-04-06 09:00:00,1631.35,1636.37,1628.19,1636.32,0
2020-04-06 10:00:00,1636.38,1637.96,1633.8,1634.83,0
2020-04-06 11:00:00,1634.83,1637.57,1631.95,1636.99,0
2020-04-06 12:00:00,1637.01,1642.91,1635.74,1639.89,0
2020-04-06 13:00:00,1639.89,1644.45,1637.89,1641.92,0
2020-04-06 14:00:00,1641.91,1649.76,1637.19,1648.52,0
2020-04-06 15:00:00,1648.52,1650.99,1642.9,1646.38,0
2020-04-06 16:00:00,1646.42,1650.96,1644.69,1645.85,0
2020-04-06 17:00:00,1646.01,1652.07,1644.86,1651.56,0
2020-04-06 18:00:00,1651.61,1656.95,1650.8,1656.7,0
2020-04-06 19:00:00,1656.7,1660.42,1653.92,1659.4,0
2020-04-06 20:00:00,1659.35,1668.62,1658.06,1665.85,0
2020-04-06 21:00:00,1665.76,1667.09,1654.01,1657.68,0
2020-04-06 23:00:00,1660.98,1669.93,1660.26,1665.11,0
2020-04-07 00:00:00,1665.15,1674.02,1657.15,1661.82,0
2020-04-07 01:00:00,1660.34,1665.38,1656.1,1663.03,0
2020-04-07 02:00:00,1663.03,1664.7,1654.14,1661.11,0
2020-04-07 03:00:00,1661.14,1661.51,1655.48,1658.24,0
2020-04-07 04:00:00,1658.33,1662.86,1657.58,1659.64,0
2020-04-07 05:00:00,1659.56,1660.24,1656.64,1658.07,0
2020-04-07 06:00:00,1658.07,1664.64,1657.51,1662.65,0
2020-04-07 07:00:00,1662.65,1665.89,1655.39,1664.27,0
2020-04-07 08:00:00,1664.27,1668.77,1644.2,1645.75,0
2020-04-07 09:00:00,1645.75,1658.92,1643.36,1657.04,0
2020-04-07 10:00:00,1656.88,1661.36,1649.02,1650.41,0
2020-04-07 11:00:00,1650.41,1658.54,1648.71,1654.71,0
2020-04-07 12:00:00,1654.71,1657.81,1650.51,1652.39,0
2020-04-07 13:00:00,1651.97,1662.2,1651.96,1656.74,0
2020-04-07 14:00:00,1656.74,1657.57,1642.29,1649.57,0
2020-04-07 15:00:00,1649.53,1657.09,1645.8,1651.05,0
2020-04-07 16:00:00,1651.03,1657.6,1648.41,1655.1,0
2020-04-07 17:00:00,1655.09,1657.91,1648.71,1651.79,0
2020-04-07 18:00:00,1651.79,1655.4,1643.77,1649.65,0
2020-04-07 19:00:00,1649.64,1653.77,1642.9,1645.31,0
2020-04-07 20:00:00,1645.53,1657.96,1644.76,1657.06,0
2020-04-07 21:00:00,1657.06,1657.22,1645.69,1648.12,0
2020-04-07 23:00:00,1647.69,1648.52,1644.95,1647.6,0
2020-04-08 00:00:00,1647.6,1648.54,1646.69,1648.19,0
2020-04-08 01:00:00,1648.19,1649.27,1640.45,1644.77,0
2020-04-08 02:00:00,1644.77,1650.46,1642.57,1647.96,0
2020-04-08 03:00:00,1647.9,1650.32,1645.88,1648.59,0
2020-04-08 04:00:00,1648.59,1649.52,1643.52,1648.68,0
2020-04-08 05:00:00,1648.68,1650.9,1647.93,1649.68,0
2020-04-08 06:00:00,1649.68,1651.59,1644.71,1645.62,0
2020-04-08 07:00:00,1645.62,1649.09,1643.4,1646.71,0
2020-04-08 08:00:00,1646.71,1654.97,1646.64,1650.45,0
2020-04-08 09:00:00,1650.44,1652.88,1648.43,1649.21,0
2020-04-08 10:00:00,1649.21,1653.96,1649.19,1650.94,0
2020-04-08 11:00:00,1650.94,1651.94,1647.44,1648.37,0
2020-04-08 12:00:00,1648.37,1649.95,1642.34,1648.89,0
2020-04-08 13:00:00,1648.89,1654.84,1643.4,1650.97,0
2020-04-08 14:00:00,1650.97,1656.48,1648.55,1652.34,0
2020-04-08 15:00:00,1652.35,1652.81,1642.69,1650.14,0
2020-04-08 16:00:00,1650.21,1651.6,1645.56,1647.92,0
2020-04-08 17:00:00,1647.92,1651.76,1647.72,1649.78,0
2020-04-08 18:00:00,1649.67,1651.34,1646.16,1648.76,0
2020-04-08 19:00:00,1648.76,1653.26,1646.18,1652.49,0
2020-04-08 20:00:00,1652.49,1652.57,1644.46,1645.62,0
2020-04-08 21:00:00,1645.67,1647.15,1643.96,1645.81,0
2020-04-08 23:00:00,1644.86,1647.95,1642.83,1647.28,0
2020-04-09 00:00:00,1647.32,1647.6,1644.84,1647.11,0
2020-04-09 01:00:00,1647.1,1648.49,1646.53,1647.65,0
2020-04-09 02:00:00,1647.65,1649.49,1645.93,1647.73,0
2020-04-09 03:00:00,1647.77,1649.06,1647.11,1648.13,0
2020-04-09 04:00:00,1648.13,1649.76,1647.64,1648.95,0
2020-04-09 05:00:00,1648.95,1649.31,1647.5,1648.26,0
2020-04-09 06:00:00,1648.29,1649.53,1647.18,1648.31,0
2020-04-09 07:00:00,1648.31,1655.2,1648.16,1654.75,0
2020-04-09 08:00:00,1654.75,1660.19,1653.64,1658.44,0
2020-04-09 09:00:00,1658.44,1660.95,1655.29,1658.12,0
2020-04-09 10:00:00,1658.12,1663.01,1657.14,1660.97,0
2020-04-09 11:00:00,1660.97,1664.16,1659.85,1662.27,0
2020-04-09 12:00:00,1662.31,1665.42,1655.12,1663.04,0
2020-04-09 13:00:00,1663.04,1674.0,1660.3,1673.28,0
2020-04-09 14:00:00,1673.17,1685.21,1672.3,1683.0,0
2020-04-09 15:00:00,1683.0,1683.78,1670.57,1683.12,0
2020-04-09 16:00:00,1683.15,1684.91,1676.77,1683.62,0
2020-04-09 17:00:00,1684.12,1687.2,1681.68,1682.93,0
2020-04-09 18:00:00,1682.98,1690.27,1677.87,1682.58,0
2020-04-09 19:00:00,1682.58,1683.57,1675.07,1678.97,0
2020-04-09 20:00:00,1678.97,1683.64,1676.81,1683.27,0
2020-04-09 21:00:00,1683.19,1685.52,1680.17,1683.04,0
2020-04-12 23:00:00,1685.54,1693.19,1671.74,1685.49,0
2020-04-13 00:00:00,1685.49,1691.12,1684.19,1685.78,0
2020-04-13 01:00:00,1685.74,1690.96,1683.65,1685.68,0
2020-04-13 02:00:00,1685.68,1687.13,1680.87,1684.43,0
2020-04-13 03:00:00,1684.43,1684.43,1679.77,1682.51,0
2020-04-13 04:00:00,1682.62,1685.75,1680.91,1682.33,0
2020-04-13 05:00:00,1682.19,1684.91,1681.84,1683.87,0
2020-04-13 06:00:00,1683.87,1684.87,1681.86,1684.26,0
2020-04-13 07:00:00,1684.1,1691.0,1683.74,1690.62,0
2020-04-13 08:00:00,1690.62,1692.92,1688.03,1690.78,0
2020-04-13 09:00:00,1690.87,1692.23,1687.04,1689.95,0
2020-04-13 10:00:00,1689.88,1690.94,1687.26,1688.68,0
2020-04-13 11:00:00,1688.68,1692.43,1686.82,1687.91,0
2020-04-13 12:00:00,1687.91,1693.67,1685.98,1691.75,0
2020-04-13 13:00:00,1691.6,1695.53,1686.59,1690.67,0
2020-04-13 14:00:00,1690.67,1692.84,1686.25,1687.09,0
2020-04-13 15:00:00,1687.08,1699.35,1687.08,1698.92,0
2020-04-13 16:00:00,1699.24,1711.05,1698.04,1709.1,0
2020-04-13 17:00:00,1709.01,1714.77,1706.18,1714.08,0
2020-04-13 18:00:00,1714.19,1719.07,1712.1,1717.86,0
2020-04-13 19:00:00,1717.98,1722.59,1717.73,1721.2,0
2020-04-13 20:00:00,1721.2,1721.89,1716.13,1716.7,0
2020-04-13 21:00:00,1716.66,1718.17,1712.0,1713.29,0
2020-04-13 23:00:00,1714.22,1717.6,1711.61,1716.85,0
2020-04-14 00:00:00,1716.89,1720.35,1715.45,1717.07,0
2020-04-14 01:00:00,1717.07,1723.81,1714.67,1715.57,0
2020-04-14 02:00:00,1715.57,1724.83,1714.66,1723.72,0
2020-04-14 03:00:00,1723.76,1725.91,1720.45,1721.06,0
2020-04-14 04:00:00,1721.09,1724.5,1718.72,1720.15,0
2020-04-14 05:00:00,1720.15,1720.2,1713.32,1716.63,0
2020-04-14 06:00:00,1716.67,1717.04,1711.49,1714.47,0
2020-04-14 07:00:00,1714.47,1715.95,1708.69,1711.57,0
2020-04-14 08:00:00,1711.57,1725.24,1709.56,1722.72,0
2020-04-14 09:00:00,1722.71,1727.18,1715.68,1719.64,0
2020-04-14 10:00:00,1719.64,1722.15,1716.47,1720.02,0
2020-04-14 11:00:00,1720.02,1722.19,1718.16,1721.54,0
2020-04-14 12:00:00,1721.32,1723.17,1717.64,1720.45,0
2020-04-14 13:00:00,1720.38,1731.45,1720.38,1730.26,0
2020-04-14 14:00:00,1730.19,1737.91,1726.4,1736.69,0
2020-04-14 15:00:00,1736.69,1747.81,1729.83,1731.77,0
2020-04-14 16:00:00,1731.79,1736.98,1723.92,1733.79,0
2020-04-14 17:00:00,1733.81,1738.96,1729.36,1733.96,0
2020-04-14 18:00:00,1733.87,1738.67,1732.44,1738.21,0
2020-04-14 19:00:00,1738.21,1738.93,1732.72,1732.85,0
2020-04-14 20:00:00,1732.85,1732.93,1718.24,1727.87,0
2020-04-14 21:00:00,1727.84,1728.47,1723.85,1726.96,0
2020-04-14 23:00:00,1726.48,1730.57,1724.05,1725.12,0
2020-04-15 00:00:00,1725.12,1725.82,1721.51,1725.4,0
2020-04-15 01:00:00,1725.4,1729.89,1723.34,1727.79,0
2020-04-15 02:00:00,1727.79,1731.2,1721.08,1722.55,0
2020-04-15 03:00:00,1722.55,1723.23,1719.74,1721.39,0
2020-04-15 04:00:00,1721.39,1722.14,1719.53,1720.68,0
2020-04-15 05:00:00,1720.68,1725.48,1720.39,1723.83,0
2020-04-15 06:00:00,1723.79,1727.1,1723.15,1725.3,0
2020-04-15 07:00:00,1725.3,1727.57,1710.86,1713.62,0
2020-04-15 08:00:00,1713.62,1718.01,1707.52,1711.87,0
2020-04-15 09:00:00,1712.02,1716.32,1709.83,1712.51,0
2020-04-15 10:00:00,1712.51,1716.77,1709.63,1715.57,0
2020-04-15 11:00:00,1715.54,1723.34,1715.32,1721.38,0
2020-04-15 12:00:00,1721.38,1725.5,1719.58,1722.75,0
2020-04-15 13:00:00,1722.75,1724.53,1712.43,1716.44,0
2020-04-15 14:00:00,1716.44,1726.38,1714.53,1724.24,0
2020-04-15 15:00:00,1724.35,1725.15,1716.63,1721.02,0
2020-04-15 16:00:00,1720.85,1722.61,1710.95,1713.32,0
2020-04-15 17:00:00,1713.32,1716.88,1709.29,1713.7,0
2020-04-15 18:00:00,1713.58,1719.44,1711.46,1718.27,0
2020-04-15 19:00:00,1718.3,1721.33,1717.05,1718.19,0
2020-04-15 20:00:00,1718.19,1723.66,1716.83,1721.49,0
2020-04-15 21:00:00,1721.49,1722.03,1713.56,1716.59,0
2020-04-15 23:00:00,1716.3,1717.76,1713.04,1715.6,0
2020-04-16 00:00:00,1715.6,1719.85,1714.83,1716.0,0
2020-04-16 01:00:00,1715.87,1719.62,1714.97,1716.85,0
2020-04-16 02:00:00,1717.19,1718.89,1711.93,1716.41,0
2020-04-16 03:00:00,1716.41,1716.89,1713.66,1714.88,0
2020-04-16 04:00:00,1714.88,1716.1,1713.65,1714.37,0
2020-04-16 05:00:00,1714.4,1716.34,1713.43,1714.76,0
2020-04-16 06:00:00,1714.76,1716.81,1713.36,1715.35,0
2020-04-16 07:00:00,1715.35,1723.81,1714.12,1721.83,0
2020-04-16 08:00:00,1721.83,1725.93,1719.77,1723.0,0
2020-04-16 09:00:00,1722.96,1724.54,1719.94,1723.09,0
2020-04-16 10:00:00,1723.09,1724.72,1719.39,1722.99,0
2020-04-16 11:00:00,1722.99,1733.39,1720.81,1732.04,0
2020-04-16 12:00:00,1732.04,1737.05,1729.83,1736.8,0
2020-04-16 13:00:00,1736.8,1738.76,1724.16,1724.92,0
2020-04-16 14:00:00,1724.92,1730.61,1717.4,1724.79,0
2020-04-16 15:00:00,1724.9,1734.43,1724.85,1725.0,0
2020-04-16 16:00:00,1725.29,1727.72,1720.19,1722.43,0
2020-04-16 17:00:00,1722.43,1724.85,1708.12,1713.18,0
2020-04-16 18:00:00,1713.18,1718.35,1707.65,1712.37,0
2020-04-16 19:00:00,1712.56,1719.38,1709.93,1715.28,0
2020-04-16 20:00:00,1715.28,1719.36,1713.89,1718.16,0
2020-04-16 21:00:00,1718.16,1719.7,1716.39,1718.77,0
2020-04-16 23:00:00,1719.4,1719.4,1701.65,1708.59,0
2020-04-17 00:00:00,1708.59,1717.48,1707.44,1715.39,0
2020-04-17 01:00:00,1715.39,1718.48,1713.36,1717.51,0
2020-04-17 02:00:00,1717.51,1718.52,1708.45,1709.84,0
2020-04-17 03:00:00,1709.84,1710.79,1706.05,1708.95,0
2020-04-17 04:00:00,1709.12,1710.4,1703.46,1705.18,0
2020-04-17 05:00:00,1705.18,1708.2,1701.46,1707.66,0
2020-04-17 06:00:00,1707.66,1708.96,1692.85,1694.65,0
2020-04-17 07:00:00,1694.65,1705.78,1684.95,1703.52,0
2020-04-17 08:00:00,1703.52,1704.96,1689.65,1695.07,0
2020-04-17 09:00:00,1695.07,1697.44,1690.79,1696.89,0
2020-04-17 10:00:00,1696.89,1697.28,1689.96,1690.56,0
2020-04-17 11:00:00,1690.73,1692.15,1683.26,1687.21,0
2020-04-17 12:00:00,1687.21,1689.73,1683.35,1689.34,0
2020-04-17 13:00:00,1689.34,1699.54,1688.77,1694.36,0
2020-04-17 14:00:00,1694.36,1701.92,1692.13,1700.33,0
2020-04-17 15:00:00,1700.35,1701.34,1683.71,1689.48,0
2020-04-17 16:00:00,1689.48,1695.01,1687.04,1689.94,0
2020-04-17 17:00:00,1689.96,1690.28,1684.66,1686.72,0
2020-04-17 18:00:00,1686.72,1688.15,1682.44,1685.59,0
2020-04-17 19:00:00,1685.59,1686.43,1680.14,1683.36,0
2020-04-17 20:00:00,1683.36,1684.34,1679.49,1683.67,0
2020-04-17 21:00:00,1683.67,1685.12,1680.46,1681.46,0
2020-04-19 23:00:00,1678.93,1683.99,1674.52,1674.54,0
2020-04-20 00:00:00,1674.54,1677.89,1672.26,1675.94,0
2020-04-20 01:00:00,1676.01,1676.55,1671.49,1674.95,0
2020-04-20 02:00:00,1674.95,1680.36,1673.62,1677.73,0
2020-04-20 03:00:00,1677.74,1681.14,1676.26,1678.45,0
2020-04-20 04:00:00,1678.45,1683.41,1677.95,1681.84,0
2020-04-20 05:00:00,1681.82,1683.22,1680.91,1681.35,0
2020-04-20 06:00:00,1681.35,1683.91,1680.54,1682.19,0
2020-04-20 07:00:00,1681.55,1685.04,1672.4,1680.34,0
2020-04-20 08:00:00,1680.24,1681.44,1673.35,1674.16,0
2020-04-20 09:00:00,1674.16,1680.32,1673.22,1678.84,0
2020-04-20 10:00:00,1679.04,1684.06,1677.53,1680.43,0
2020-04-20 11:00:00,1680.43,1684.35,1674.24,1683.16,0
2020-04-20 12:00:00,1683.16,1689.74,1679.29,1686.99,0
2020-04-20 13:00:00,1686.99,1688.41,1684.36,1685.27,0
2020-04-20 14:00:00,1685.32,1692.53,1680.35,1689.67,0
2020-04-20 15:00:00,1689.61,1691.32,1682.41,1690.79,0
2020-04-20 16:00:00,1690.79,1699.74,1690.54,1699.13,0
2020-04-20 17:00:00,1699.13,1702.47,1692.38,1694.17,0
2020-04-20 18:00:00,1694.17,1697.65,1691.75,1692.59,0
2020-04-20 19:00:00,1692.59,1694.07,1685.41,1689.65,0
2020-04-20 20:00:00,1689.65,1696.97,1688.25,1695.86,0
2020-04-20 21:00:00,1695.82,1698.0,1694.05,1694.77,0
2020-04-20 23:00:00,1694.7,1695.51,1690.64,1691.68,0
2020-04-21 00:00:00,1691.68,1692.15,1688.96,1690.84,0
2020-04-21 01:00:00,1690.9,1692.42,1687.82,1689.89,0
2020-04-21 02:00:00,1689.89,1691.68,1687.85,1689.83,0
2020-04-21 03:00:00,1689.84,1691.73,1686.46,1688.63,0
2020-04-21 04:00:00,1688.66,1691.1,1687.0,1688.88,0
2020-04-21 05:00:00,1688.88,1689.83,1686.33,1686.84,0
2020-04-21 06:00:00,1686.84,1692.32,1685.82,1689.05,0
2020-04-21 07:00:00,1689.22,1695.24,1689.07,1694.7,0
2020-04-21 08:00:00,1694.46,1697.82,1693.33,1695.74,0
2020-04-21 09:00:00,1695.72,1696.24,1692.26,1693.42,0
2020-04-21 10:00:00,1693.41,1694.19,1670.13,1678.15,0
2020-04-21 11:00:00,1678.15,1682.36,1673.99,1679.07,0
2020-04-21 12:00:00,1679.07,1680.36,1659.45,1666.83,0
2020-04-21 13:00:00,1666.8,1675.62,1662.49,1665.44,0
2020-04-21 14:00:00,1665.48,1683.96,1663.37,1679.37,0
2020-04-21 15:00:00,1679.55,1691.72,1676.58,1683.48,0
2020-04-21 16:00:00,1683.01,1685.98,1675.19,1677.43,0
2020-04-21 17:00:00,1677.43,1681.44,1671.54,1673.17,0
2020-04-21 18:00:00,1673.19,1677.64,1671.46,1677.09,0
2020-04-21 19:00:00,1677.14,1681.74,1674.88,1680.56,0
2020-04-21 20:00:00,1680.56,1687.98,1679.45,1684.83,0
2020-04-21 21:00:00,1684.83,1686.05,1679.59,1683.43,0
2020-04-21 23:00:00,1687.59,1688.95,1683.56,1685.47,0
2020-04-22 00:00:00,1685.53,1689.7,1683.65,1687.93,0
2020-04-22 01:00:00,1687.81,1689.22,1683.64,1687.31,0
2020-04-22 02:00:00,1687.31,1691.86,1684.86,1687.54,0
2020-04-22 03:00:00,1687.54,1689.52,1682.95,1685.02,0
2020-04-22 04:00:00,1685.02,1685.82,1681.5,1682.85,0
2020-04-22 05:00:00,1682.85,1685.98,1680.28,1685.08,0
2020-04-22 06:00:00,1685.08,1686.99,1682.98,1684.41,0
2020-04-22 07:00:00,1684.42,1685.45,1680.72,1684.2,0
2020-04-22 08:00:00,1684.2,1699.58,1683.8,1692.59,0
2020-04-22 09:00:00,1692.6,1698.63,1691.93,1696.3,0
2020-04-22 10:00:00,1696.3,1707.24,1695.51,1702.04,0
2020-04-22 11:00:00,1702.04,1703.87,1699.42,1702.97,0
2020-04-22 12:00:00,1702.97,1703.16,1694.8,1695.28,0
2020-04-22 13:00:00,1695.28,1711.53,1693.38,1706.11,0
2020-04-22 14:00:00,1705.92,1711.2,1701.11,1708.34,0
2020-04-22 15:00:00,1708.39,1711.95,1704.47,1708.68,0
2020-04-22 16:00:00,1708.68,1711.6,1706.09,1710.07,0
2020-04-22 17:00:00,1710.07,1715.33,1708.03,1713.22,0
2020-04-22 18:00:00,1713.22,1718.32,1711.55,1713.41,0
2020-04-22 19:00:00,1713.38,1717.46,1712.58,1714.83,0
2020-04-22 20:00:00,1714.83,1718.11,1713.07,1717.85,0
2020-04-22 21:00:00,1717.66,1718.63,1712.72,1714.65,0
2020-04-22 23:00:00,1713.66,1715.45,1711.75,1712.15,0
2020-04-23 00:00:00,1712.28,1715.35,1709.71,1711.24,0
2020-04-23 01:00:00,1711.28,1713.34,1709.31,1711.84,0
2020-04-23 02:00:00,1711.84,1719.38,1708.82,1710.03,0
2020-04-23 03:00:00,1710.03,1712.23,1708.39,1708.92,0
2020-04-23 04:00:00,1708.78,1711.26,1706.93,1710.24,0
2020-04-23 05:00:00,1710.21,1714.02,1709.53,1713.69,0
2020-04-23 06:00:00,1713.69,1717.03,1712.39,1716.33,0
2020-04-23 07:00:00,1716.35,1718.76,1711.91,1715.8,0
2020-04-23 08:00:00,1715.74,1719.43,1710.45,1717.48,0
2020-04-23 09:00:00,1717.54,1727.63,1717.48,1725.75,0
2020-04-23 10:00:00,1725.75,1728.26,1723.7,1725.23,0
2020-04-23 11:00:00,1725.51,1728.33,1723.57,1727.71,0
2020-04-23 12:00:00,1727.71,1732.26,1727.03,1727.97,0
2020-04-23 13:00:00,1727.97,1729.31,1721.93,1724.04,0
2020-04-23 14:00:00,1724.11,1733.62,1719.79,1728.24,0
2020-04-23 15:00:00,1728.4,1737.74,1728.12,1734.69,0
2020-04-23 16:00:00,1734.69,1738.68,1727.51,1730.19,0
2020-04-23 17:00:00,1730.01,1732.75,1724.29,1725.64,0
2020-04-23 18:00:00,1725.64,1728.5,1720.98,1723.61,0
2020-04-23 19:00:00,1723.73,1729.84,1722.13,1729.05,0
2020-04-23 20:00:00,1729.05,1734.81,1727.66,1732.89,0
2020-04-23 21:00:00,1732.89,1734.38,1729.61,1730.39,0
2020-04-23 23:00:00,1730.24,1730.61,1728.27,1729.06,0
2020-04-24 00:00:00,1729.06,1730.86,1725.83,1728.37,0
2020-04-24 01:00:00,1728.37,1729.53,1721.76,1722.15,0
2020-04-24 02:00:00,1722.15,1724.31,1721.08,1723.36,0
2020-04-24 03:00:00,1723.36,1725.67,1721.69,1723.12,0
2020-04-24 04:00:00,1723.12,1724.18,1721.75,1723.66,0
2020-04-24 05:00:00,1723.72,1725.98,1723.43,1724.05,0
2020-04-24 06:00:00,1724.05,1725.19,1720.74,1724.61,0
2020-04-24 07:00:00,1724.56,1730.87,1722.55,1729.72,0
2020-04-24 08:00:00,1729.72,1731.18,1726.27,1729.49,0
2020-04-24 09:00:00,1729.49,1730.54,1725.21,1730.24,0
2020-04-24 10:00:00,1730.26,1732.05,1727.11,1728.71,0
2020-04-24 11:00:00,1728.73,1735.89,1727.65,1735.71,0
2020-04-24 12:00:00,1735.71,1736.29,1730.26,1730.64,0
2020-04-24 13:00:00,1730.64,1735.46,1729.56,1731.61,0
2020-04-24 14:00:00,1731.61,1736.27,1728.46,1728.46,0
2020-04-24 15:00:00,1728.87,1729.24,1715.52,1725.2,0
2020-04-24 16:00:00,1725.2,1725.29,1710.35,1712.61,0
2020-04-24 17:00:00,1712.62,1721.64,1712.31,1718.44,0
2020-04-24 18:00:00,1718.44,1725.26,1716.57,1723.88,0
2020-04-24 19:00:00,1723.88,1726.3,1721.94,1724.31,0
2020-04-24 20:00:00,1724.42,1728.25,1723.11,1728.17,0
2020-04-24 21:00:00,1728.19,1728.44,1724.73,1726.58,0
2020-04-26 23:00:00,1726.08,1726.75,1719.02,1722.44,0
2020-04-27 00:00:00,1722.44,1726.42,1721.98,1725.01,0
2020-04-27 01:00:00,1725.01,1727.27,1721.86,1724.03,0
2020-04-27 02:00:00,1724.03,1725.15,1720.79,1722.33,0
2020-04-27 03:00:00,1722.32,1723.74,1721.49,1722.44,0
2020-04-27 04:00:00,1722.44,1722.98,1721.42,1721.77,0
2020-04-27 05:00:00,1721.7,1723.17,1720.31,1720.46,0
2020-04-27 06:00:00,1720.46,1723.44,1720.15,1721.83,0
2020-04-27 07:00:00,1721.94,1723.6,1713.2,1714.59,0
2020-04-27 08:00:00,1714.59,1722.56,1713.1,1720.7,0
2020-04-27 09:00:00,1720.67,1723.8,1718.24,1722.31,0
2020-04-27 10:00:00,1722.31,1722.72,1716.02,1717.17,0
2020-04-27 11:00:00,1717.16,1718.94,1715.53,1717.37,0
2020-04-27 12:00:00,1717.47,1718.69,1714.55,1715.0,0
2020-04-27 13:00:00,1714.85,1721.34,1712.37,1719.59,0
2020-04-27 14:00:00,1719.44,1722.11,1713.29,1715.6,0
2020-04-27 15:00:00,1715.55,1716.95,1706.07,1712.33,0
2020-04-27 16:00:00,1712.36,1715.0,1708.78,1711.49,0
2020-04-27 17:00:00,1711.36,1714.29,1710.48,1712.1,0
2020-04-27 18:00:00,1712.1,1713.68,1709.54,1711.7,0
2020-04-27 19:00:00,1711.7,1713.58,1710.09,1713.19,0
2020-04-27 20:00:00,1713.19,1717.98,1712.42,1717.31,0
2020-04-27 21:00:00,1717.41,1717.53,1713.87,1715.13,0
2020-04-27 23:00:00,1713.73,1716.53,1710.54,1711.75,0
2020-04-28 00:00:00,1711.75,1712.0,1707.32,1709.48,0
2020-04-28 01:00:00,1709.48,1710.46,1704.48,1707.54,0
2020-04-28 02:00:00,1707.53,1707.87,1700.32,1703.73,0
2020-04-28 03:00:00,1703.73,1704.55,1701.69,1702.47,0
2020-04-28 04:00:00,1702.47,1702.8,1695.59,1698.25,0
2020-04-28 05:00:00,1698.25,1698.79,1695.74,1697.71,0
2020-04-28 06:00:00,1697.23,1697.57,1692.08,1695.33,0
2020-04-28 07:00:00,1695.31,1703.27,1693.42,1702.14,0
2020-04-28 08:00:00,1702.15,1704.69,1699.13,1701.89,0
2020-04-28 09:00:00,1701.99,1703.54,1699.43,1702.31,0
2020-04-28 10:00:00,1702.06,1714.73,1701.25,1707.99,0
2020-04-28 11:00:00,1707.99,1710.82,1705.86,1709.08,0
2020-04-28 12:00:00,1709.16,1712.31,1707.78,1709.52,0
2020-04-28 13:00:00,1709.48,1714.11,1706.15,1710.57,0
2020-04-28 14:00:00,1710.57,1713.04,1696.26,1697.94,0
2020-04-28 15:00:00,1697.94,1704.02,1691.74,1699.48,0
2020-04-28 16:00:00,1699.5,1708.99,1699.05,1704.3,0
2020-04-28 17:00:00,1704.17,1708.56,1703.12,1705.38,0
2020-04-28 18:00:00,1705.38,1711.08,1704.19,1707.95,0
2020-04-28 19:00:00,1708.06,1708.81,1705.67,1706.9,0
2020-04-28 20:00:00,1706.9,1709.35,1702.63,1708.75,0
2020-04-28 21:00:00,1708.75,1710.24,1706.89,1708.52,0
2020-04-28 23:00:00,1707.89,1708.57,1703.32,1704.64,0
2020-04-29 00:00:00,1704.65,1706.5,1703.9,1704.8,0
2020-04-29 01:00:00,1704.81,1707.42,1704.79,1706.13,0
2020-04-29 02:00:00,1706.13,1712.2,1706.09,1711.46,0
2020-04-29 03:00:00,1711.46,1712.12,1708.32,1709.05,0
2020-04-29 04:00:00,1709.05,1711.19,1709.02,1710.15,0
2020-04-29 05:00:00,1710.19,1711.1,1709.9,1710.24,0
2020-04-29 06:00:00,1710.24,1713.13,1709.92,1711.94,0
2020-04-29 07:00:00,1711.91,1712.34,1707.91,1708.91,0
2020-04-29 08:00:00,1709.01,1709.98,1704.12,1704.29,0
2020-04-29 09:00:00,1704.29,1708.26,1702.11,1704.49,0
2020-04-29 10:00:00,1704.49,1706.95,1704.12,1706.43,0
2020-04-29 11:00:00,1706.43,1708.68,1703.03,1703.22,0
2020-04-29 12:00:00,1703.22,1709.53,1702.11,1709.1,0
2020-04-29 13:00:00,1709.06,1712.3,1701.01,1705.06,0
2020-04-29 14:00:00,1705.06,1706.68,1697.85,1706.35,0
2020-04-29 15:00:00,1706.4,1706.4,1699.68,1701.09,0
2020-04-29 16:00:00,1701.09,1705.08,1699.6,1703.07,0
2020-04-29 17:00:00,1703.07,1704.24,1699.63,1699.83,0
2020-04-29 18:00:00,1699.83,1704.94,1698.48,1703.47,0
2020-04-29 19:00:00,1703.47,1708.5,1699.34,1704.41,0
2020-04-29 20:00:00,1704.43,1717.3,1703.31,1715.09,0
2020-04-29 21:00:00,1715.24,1717.2,1710.81,1712.81,0
2020-04-29 23:00:00,1712.62,1713.7,1710.04,1712.75,0
2020-04-30 00:00:00,1712.73,1715.75,1711.79,1713.73,0
2020-04-30 01:00:00,1713.71,1714.61,1709.66,1711.93,0
2020-04-30 02:00:00,1711.93,1712.33,1708.9,1711.61,0
2020-04-30 03:00:00,1711.61,1713.4,1709.11,1710.74,0
2020-04-30 04:00:00,1710.74,1713.08,1709.84,1712.6,0
2020-04-30 05:00:00,1712.6,1713.66,1710.62,1711.93,0
2020-04-30 06:00:00,1711.93,1716.26,1710.66,1715.3,0
2020-04-30 07:00:00,1715.3,1720.14,1712.48,1717.73,0
2020-04-30 08:00:00,1717.73,1721.76,1716.94,1717.23,0
2020-04-30 09:00:00,1717.46,1718.61,1715.23,1716.76,0
2020-04-30 10:00:00,1716.76,1719.65,1715.08,1715.73,0
2020-04-30 11:00:00,1715.52,1716.25,1713.85,1715.54,0
2020-04-30 12:00:00,1715.71,1717.43,1711.32,1716.41,0
2020-04-30 13:00:00,1716.41,1716.41,1693.83,1706.51,0
2020-04-30 14:00:00,1706.55,1706.84,1698.03,1703.13,0
2020-04-30 15:00:00,1703.13,1707.93,1701.23,1705.71,0
2020-04-30 16:00:00,1705.71,1708.87,1692.04,1693.61,0
2020-04-30 17:00:00,1694.44,1696.65,1681.51,1687.81,0
2020-04-30 18:00:00,1687.53,1691.35,1683.57,1683.83,0
2020-04-30 19:00:00,1683.83,1688.47,1681.41,1684.76,0
2020-04-30 20:00:00,1684.76,1690.49,1682.44,1686.5,0
2020-04-30 21:00:00,1686.62,1688.1,1681.88,1687.0,0
2020-04-30 23:00:00,1686.77,1689.47,1681.96,1689.0,0
2020-05-01 00:00:00,1689.0,1689.39,1686.05,1687.96,0
2020-05-01 01:00:00,1687.96,1688.82,1681.94,1687.4,0
2020-05-01 02:00:00,1687.4,1688.33,1684.63,1687.23,0
2020-05-01 03:00:00,1687.23,1690.42,1686.11,1689.46,0
2020-05-01 04:00:00,1689.46,1689.93,1687.27,1687.9,0
2020-05-01 05:00:00,1687.9,1688.94,1686.08,1687.39,0
2020-05-01 06:00:00,1687.39,1687.47,1672.04,1672.22,0
2020-05-01 07:00:00,1672.19,1677.48,1670.32,1676.55,0
2020-05-01 08:00:00,1676.55,1678.17,1671.03,1672.24,0
2020-05-01 09:00:00,1672.3,1677.65,1671.09,1672.55,0
2020-05-01 10:00:00,1672.74,1677.09,1672.02,1674.55,0
2020-05-01 11:00:00,1674.55,1680.97,1673.41,1677.31,0
2020-05-01 12:00:00,1677.31,1685.89,1676.92,1679.98,0
2020-05-01 13:00:00,1680.11,1682.4,1675.63,1680.26,0
2020-05-01 14:00:00,1680.0,1688.48,1677.13,1685.46,0
2020-05-01 15:00:00,1685.53,1690.0,1677.78,1688.5,0
2020-05-01 16:00:00,1688.46,1698.01,1686.41,1695.61,0
2020-05-01 17:00:00,1695.69,1699.88,1692.94,1697.5,0
2020-05-01 18:00:00,1697.5,1698.86,1692.09,1696.99,0
2020-05-01 19:00:00,1696.99,1703.98,1696.6,1702.64,0
2020-05-01 20:00:00,1702.66,1705.47,1698.58,1699.43,0
2020-05-01 21:00:00,1699.43,1700.25,1698.01,1699.2,0
2020-05-03 23:00:00,1697.67,1701.37,1691.6,1692.9,0
2020-05-04 00:00:00,1692.9,1699.55,1692.9,1699.41,0
2020-05-04 01:00:00,1699.41,1699.62,1695.43,1695.68,0
2020-05-04 02:00:00,1695.68,1700.21,1695.49,1698.6,0
2020-05-04 03:00:00,1698.6,1699.47,1695.78,1697.51,0
2020-05-04 04:00:00,1697.46,1701.39,1697.36,1700.17,0
2020-05-04 05:00:00,1700.17,1700.33,1697.08,1698.2,0
2020-05-04 06:00:00,1698.2,1700.85,1696.02,1698.94,0
2020-05-04 07:00:00,1698.89,1706.28,1698.4,1705.07,0
2020-05-04 08:00:00,1705.07,1707.18,1702.48,1703.92,0
2020-05-04 09:00:00,1703.95,1706.76,1702.5,1705.03,0
2020-05-04 10:00:00,1705.03,1708.23,1703.53,1707.17,0
2020-05-04 11:00:00,1707.14,1713.49,1703.74,1704.52,0
2020-05-04 12:00:00,1704.52,1709.48,1703.79,1706.84,0
2020-05-04 13:00:00,1706.84,1709.49,1696.36,1701.19,0
2020-05-04 14:00:00,1701.22,1710.13,1697.53,1704.84,0
2020-05-04 15:00:00,1704.79,1709.82,1699.71,1701.64,0
2020-05-04 16:00:00,1701.63,1708.63,1701.02,1707.95,0
2020-05-04 17:00:00,1707.87,1707.96,1703.93,1706.26,0
2020-05-04 18:00:00,1706.27,1708.48,1703.09,1708.06,0
2020-05-04 19:00:00,1707.98,1708.46,1701.73,1707.75,0
2020-05-04 20:00:00,1707.75,1707.97,1702.15,1703.87,0
2020-05-04 21:00:00,1703.91,1704.1,1700.63,1701.44,0
2020-05-04 23:00:00,1700.82,1702.24,1699.58,1701.96,0
2020-05-05 00:00:00,1701.96,1703.73,1701.68,1703.65,0
2020-05-05 01:00:00,1703.65,1703.68,1698.3,1698.82,0
2020-05-05 02:00:00,1698.82,1700.65,1696.45,1699.91,0
2020-05-05 03:00:00,1699.95,1699.97,1697.23,1697.59,0
2020-05-05 04:00:00,1697.59,1698.87,1697.39,1698.21,0
2020-05-05 05:00:00,1698.21,1699.24,1697.66,1699.08,0
2020-05-05 06:00:00,1699.08,1704.13,1699.05,1703.82,0
2020-05-05 07:00:00,1703.82,1704.31,1700.33,1700.41,0
2020-05-05 08:00:00,1700.41,1700.44,1689.92,1698.32,0
2020-05-05 09:00:00,1698.29,1708.28,1696.46,1699.76,0
2020-05-05 10:00:00,1699.76,1700.47,1695.85,1697.89,0
2020-05-05 11:00:00,1698.07,1700.7,1696.85,1698.41,0
2020-05-05 12:00:00,1698.44,1699.46,1694.91,1695.34,0
2020-05-05 13:00:00,1695.29,1700.18,1694.64,1696.09,0
2020-05-05 14:00:00,1696.09,1705.32,1693.32,1697.41,0
2020-05-05 15:00:00,1697.41,1700.18,1694.28,1697.2,0
2020-05-05 16:00:00,1697.19,1702.31,1696.96,1701.65,0
2020-05-05 17:00:00,1701.65,1703.41,1698.2,1702.26,0
2020-05-05 18:00:00,1702.29,1705.35,1701.35,1704.79,0
2020-05-05 19:00:00,1704.93,1709.62,1704.51,1707.56,0
2020-05-05 20:00:00,1707.56,1711.67,1704.6,1710.31,0
2020-05-05 21:00:00,1710.31,1710.31,1704.9,1705.55,0
2020-05-05 23:00:00,1705.44,1705.92,1703.18,1705.19,0
2020-05-06 00:00:00,1705.19,1706.3,1702.85,1703.74,0
2020-05-06 01:00:00,1703.74,1704.41,1700.65,1701.73,0
2020-05-06 02:00:00,1701.9,1707.66,1701.57,1704.48,0
2020-05-06 03:00:00,1704.48,1704.97,1702.16,1702.8,0
2020-05-06 04:00:00,1702.8,1703.09,1700.58,1702.55,0
2020-05-06 05:00:00,1702.56,1703.62,1701.33,1702.97,0
2020-05-06 06:00:00,1702.97,1704.2,1700.93,1704.03,0
2020-05-06 07:00:00,1704.05,1705.85,1701.11,1705.24,0
2020-05-06 08:00:00,1705.23,1707.93,1704.1,1706.49,0
2020-05-06 09:00:00,1706.44,1708.14,1700.36,1703.54,0
2020-05-06 10:00:00,1703.55,1703.61,1699.66,1701.09,0
2020-05-06 11:00:00,1701.0,1702.89,1699.31,1701.66,0
2020-05-06 12:00:00,1701.64,1702.45,1699.68,1701.85,0
2020-05-06 13:00:00,1701.85,1705.21,1694.2,1696.9,0
2020-05-06 14:00:00,1696.9,1698.06,1685.63,1696.65,0
2020-05-06 15:00:00,1696.63,1696.63,1684.0,1689.3,0
2020-05-06 16:00:00,1689.3,1690.3,1684.47,1689.34,0
2020-05-06 17:00:00,1689.34,1689.34,1682.05,1686.52,0
2020-05-06 18:00:00,1686.49,1687.91,1682.99,1685.01,0
2020-05-06 19:00:00,1685.01,1690.66,1684.64,1688.23,0
2020-05-06 20:00:00,1688.24,1690.99,1687.48,1688.99,0
2020-05-06 21:00:00,1689.04,1689.5,1683.5,1685.52,0
2020-05-06 23:00:00,1685.19,1689.13,1681.47,1687.78,0
2020-05-07 00:00:00,1687.83,1690.17,1686.35,1689.71,0
2020-05-07 01:00:00,1689.69,1693.87,1689.32,1692.69,0
2020-05-07 02:00:00,1692.69,1693.02,1690.23,1690.59,0
2020-05-07 03:00:00,1690.62,1692.55,1690.32,1691.63,0
2020-05-07 04:00:00,1691.5,1693.5,1689.66,1691.67,0
2020-05-07 05:00:00,1691.68,1692.68,1691.07,1691.86,0
2020-05-07 06:00:00,1691.79,1692.79,1687.32,1687.89,0
2020-05-07 07:00:00,1687.89,1688.33,1684.36,1686.77,0
2020-05-07 08:00:00,1686.77,1690.93,1686.72,1689.08,0
2020-05-07 09:00:00,1689.11,1693.55,1689.05,1691.32,0
2020-05-07 10:00:00,1691.32,1696.03,1690.85,1693.62,0
2020-05-07 11:00:00,1693.62,1695.8,1691.92,1693.72,0
2020-05-07 12:00:00,1693.75,1696.85,1692.14,1695.76,0
2020-05-07 13:00:00,1695.76,1699.22,1693.59,1698.12,0
2020-05-07 14:00:00,1698.18,1699.21,1693.9,1697.67,0
2020-05-07 15:00:00,1697.67,1700.91,1695.48,1696.31,0
2020-05-07 16:00:00,1696.31,1710.59,1696.31,1708.61,0
2020-05-07 17:00:00,1708.61,1716.36,1707.86,1715.41,0
2020-05-07 18:00:00,1715.36,1720.39,1714.9,1719.72,0
2020-05-07 19:00:00,1719.71,1722.01,1713.83,1719.17,0
2020-05-07 20:00:00,1719.17,1720.97,1713.56,1715.76,0
2020-05-07 21:00:00,1715.86,1719.33,1715.03,1716.19,0
2020-05-07 23:00:00,1715.98,1716.34,1712.41,1714.47,0
2020-05-08 00:00:00,1714.36,1715.38,1712.33,1714.22,0
2020-05-08 01:00:00,1714.22,1716.64,1711.2,1714.46,0
2020-05-08 02:00:00,1714.46,1720.67,1714.46,1717.03,0
2020-05-08 03:00:00,1717.03,1720.06,1715.59,1716.37,0
2020-05-08 04:00:00,1716.34,1717.14,1714.86,1715.54,0
2020-05-08 05:00:00,1715.53,1716.03,1713.52,1715.66,0
2020-05-08 06:00:00,1715.66,1718.93,1715.28,1716.08,0
2020-05-08 07:00:00,1716.08,1720.13,1714.72,1717.04,0
2020-05-08 08:00:00,1717.04,1720.12,1715.53,1719.69,0
2020-05-08 09:00:00,1719.69,1721.44,1716.47,1719.74,0
2020-05-08 10:00:00,1719.73,1723.35,1718.54,1721.67,0
2020-05-08 11:00:00,1721.67,1722.74,1719.71,1719.87,0
2020-05-08 12:00:00,1719.84,1721.15,1717.23,1718.67,0
2020-05-08 13:00:00,1718.72,1722.72,1706.15,1711.98,0
2020-05-08 14:00:00,1711.98,1720.19,1709.05,1717.09,0
2020-05-08 15:00:00,1717.1,1721.54,1711.1,1715.58,0
2020-05-08 16:00:00,1715.58,1717.96,1710.69,1715.21,0
2020-05-08 17:00:00,1715.21,1715.85,1708.28,1710.06,0
2020-05-08 18:00:00,1710.08,1711.38,1707.6,1709.07,0
2020-05-08 19:00:00,1709.07,1709.34,1703.73,1704.91,0
2020-05-08 20:00:00,1704.91,1707.17,1701.64,1706.89,0
2020-05-08 21:00:00,1706.77,1707.05,1701.0,1701.5,0
2020-05-10 23:00:00,1701.09,1706.36,1699.81,1704.26,0
2020-05-11 00:00:00,1704.26,1707.8,1703.54,1706.4,0
2020-05-11 01:00:00,1706.4,1707.8,1703.89,1704.42,0
2020-05-11 02:00:00,1704.22,1712.15,1702.67,1709.98,0
2020-05-11 03:00:00,1709.98,1710.49,1707.8,1709.52,0
2020-05-11 04:00:00,1709.52,1709.85,1706.85,1707.52,0
2020-05-11 05:00:00,1707.52,1708.26,1704.42,1705.51,0
2020-05-11 06:00:00,1705.51,1706.19,1702.25,1704.76,0
2020-05-11 07:00:00,1704.76,1708.05,1703.31,1707.12,0
2020-05-11 08:00:00,1707.12,1709.54,1704.58,1707.24,0
2020-05-11 09:00:00,1707.24,1708.44,1702.9,1703.92,0
2020-05-11 10:00:00,1703.92,1705.58,1700.04,1701.38,0
2020-05-11 11:00:00,1701.38,1701.87,1693.87,1699.66,0
2020-05-11 12:00:00,1699.7,1701.78,1696.92,1701.31,0
2020-05-11 13:00:00,1701.31,1708.24,1700.29,1705.54,0
2020-05-11 14:00:00,1705.53,1708.21,1702.26,1704.8,0
2020-05-11 15:00:00,1704.8,1705.19,1696.31,1697.41,0
2020-05-11 16:00:00,1697.44,1698.6,1691.99,1697.05,0
2020-05-11 17:00:00,1697.05,1697.85,1693.48,1697.15,0
2020-05-11 18:00:00,1697.12,1699.39,1694.96,1696.37,0
2020-05-11 19:00:00,1696.37,1698.06,1693.73,1697.34,0
2020-05-11 20:00:00,1697.34,1698.56,1696.28,1696.89,0
2020-05-11 21:00:00,1696.84,1698.67,1696.56,1697.49,0
2020-05-11 23:00:00,1697.53,1697.53,1695.62,1697.33,0
2020-05-12 00:00:00,1697.33,1698.92,1697.05,1697.85,0
2020-05-12 01:00:00,1697.64,1698.97,1693.75,1696.57,0
2020-05-12 02:00:00,1696.57,1698.07,1695.09,1696.34,0
2020-05-12 03:00:00,1696.34,1700.17,1696.18,1698.41,0
2020-05-12 04:00:00,1698.51,1702.07,1698.41,1700.47,0
2020-05-12 05:00:00,1700.47,1702.06,1699.79,1700.01,0
2020-05-12 06:00:00,1700.02,1703.18,1699.91,1701.27,0
2020-05-12 07:00:00,1701.27,1702.0,1697.96,1699.46,0
2020-05-12 08:00:00,1699.42,1705.78,1698.78,1703.55,0
2020-05-12 09:00:00,1703.52,1706.44,1702.7,1705.01,0
2020-05-12 10:00:00,1705.01,1706.07,1703.18,1705.05,0
2020-05-12 11:00:00,1704.94,1707.23,1701.63,1703.55,0
2020-05-12 12:00:00,1703.54,1706.09,1702.08,1704.52,0
2020-05-12 13:00:00,1704.52,1704.62,1698.75,1701.35,0
2020-05-12 14:00:00,1701.35,1709.63,1700.24,1708.47,0
2020-05-12 15:00:00,1708.48,1709.98,1702.17,1709.52,0
2020-05-12 16:00:00,1709.55,1711.01,1706.36,1706.4,0
2020-05-12 17:00:00,1706.37,1707.32,1701.44,1702.58,0
2020-05-12 18:00:00,1702.58,1705.09,1701.66,1703.79,0
2020-05-12 19:00:00,1703.79,1704.8,1701.86,1702.38,0
2020-05-12 20:00:00,1702.38,1703.17,1698.2,1701.84,0
2020-05-12 21:00:00,1701.87,1702.88,1699.42,1701.95,0
2020-05-12 23:00:00,1701.98,1705.38,1701.82,1704.05,0
2020-05-13 00:00:00,1704.06,1704.58,1700.77,1702.59,0
2020-05-13 01:00:00,1702.6,1706.03,1702.05,1705.56,0
2020-05-13 02:00:00,1705.61,1706.65,1701.65,1703.16,0
2020-05-13 03:00:00,1703.15,1703.82,1701.11,1702.43,0
2020-05-13 04:00:00,1702.4,1703.44,1700.19,1702.64,0
2020-05-13 05:00:00,1702.64,1703.71,1702.31,1703.28,0
2020-05-13 06:00:00,1703.28,1705.19,1702.76,1704.36,0
2020-05-13 07:00:00,1704.36,1705.93,1702.78,1703.8,0
2020-05-13 08:00:00,1703.72,1704.09,1700.56,1701.59,0
2020-05-13 09:00:00,1701.61,1702.3,1699.09,1702.1,0
2020-05-13 10:00:00,1702.12,1703.84,1699.67,1701.09,0
2020-05-13 11:00:00,1701.05,1705.21,1700.87,1704.97,0
2020-05-13 12:00:00,1704.97,1709.11,1703.82,1708.24,0
2020-05-13 13:00:00,1708.24,1713.59,1706.72,1712.2,0
2020-05-13 14:00:00,1712.21,1718.02,1702.29,1708.5,0
2020-05-13 15:00:00,1708.46,1714.89,1706.89,1712.05,0
2020-05-13 16:00:00,1712.05,1716.6,1711.31,1711.46,0
2020-05-13 17:00:00,1711.46,1712.94,1707.66,1711.74,0
2020-05-13 18:00:00,1711.74,1712.72,1709.21,1710.7,0
2020-05-13 19:00:00,1710.9,1713.12,1709.17,1712.53,0
2020-05-13 20:00:00,1712.53,1717.88,1712.23,1717.34,0
2020-05-13 21:00:00,1717.34,1717.62,1714.38,1715.87,0
2020-05-13 23:00:00,1716.02,1717.14,1715.03,1716.91,0
2020-05-14 00:00:00,1716.91,1719.81,1716.31,1718.34,0
2020-05-14 01:00:00,1718.36,1719.64,1716.41,1717.1,0
2020-05-14 02:00:00,1717.1,1717.1,1711.74,1714.35,0
2020-05-14 03:00:00,1714.38,1715.47,1712.89,1715.41,0
2020-05-14 04:00:00,1715.41,1715.46,1712.47,1713.6,0
2020-05-14 05:00:00,1713.43,1714.04,1710.87,1711.84,0
2020-05-14 06:00:00,1711.84,1714.74,1711.61,1714.57,0
2020-05-14 07:00:00,1714.57,1717.34,1714.34,1716.97,0
2020-05-14 08:00:00,1716.96,1719.34,1713.47,1715.12,0
2020-05-14 09:00:00,1715.09,1718.56,1713.8,1717.69,0
2020-05-14 10:00:00,1717.71,1719.09,1716.1,1718.53,0
2020-05-14 11:00:00,1718.53,1719.03,1714.98,1715.62,0
2020-05-14 12:00:00,1715.62,1718.11,1713.34,1715.9,0
2020-05-14 13:00:00,1716.01,1719.67,1711.25,1716.89,0
2020-05-14 14:00:00,1716.89,1732.52,1713.88,1732.04,0
2020-05-14 15:00:00,1732.1,1734.7,1728.4,1731.78,0
2020-05-14 16:00:00,1731.8,1734.72,1728.87,1733.14,0
2020-05-14 17:00:00,1733.28,1736.47,1730.99,1731.36,0
2020-05-14 18:00:00,1731.38,1732.94,1728.77,1729.81,0
2020-05-14 19:00:00,1729.9,1734.14,1728.85,1733.23,0
2020-05-14 20:00:00,1733.23,1733.72,1728.85,1732.52,0
2020-05-14 21:00:00,1732.52,1732.82,1729.55,1730.12,0
2020-05-14 23:00:00,1729.35,1731.48,1728.75,1730.18,0
2020-05-15 00:00:00,1730.18,1734.15,1729.81,1732.76,0
2020-05-15 01:00:00,1732.76,1732.77,1729.06,1729.39,0
2020-05-15 02:00:00,1729.39,1734.47,1728.51,1732.59,0
2020-05-15 03:00:00,1732.63,1734.31,1731.64,1732.58,0
2020-05-15 04:00:00,1732.57,1734.19,1731.62,1732.15,0
2020-05-15 05:00:00,1732.15,1732.16,1730.12,1730.97,0
2020-05-15 06:00:00,1730.97,1735.21,1730.24,1734.44,0
2020-05-15 07:00:00,1734.48,1738.49,1733.71,1735.34,0
2020-05-15 08:00:00,1735.35,1738.66,1733.53,1737.74,0
2020-05-15 09:00:00,1737.52,1737.52,1733.6,1735.44,0
2020-05-15 10:00:00,1735.44,1737.29,1734.29,1734.51,0
2020-05-15 11:00:00,1734.52,1736.32,1730.05,1732.77,0
2020-05-15 12:00:00,1732.77,1736.08,1730.68,1732.32,0
2020-05-15 13:00:00,1732.19,1745.13,1731.95,1742.85,0
2020-05-15 14:00:00,1742.87,1745.1,1737.17,1740.04,0
2020-05-15 15:00:00,1740.04,1743.14,1733.72,1742.8,0
2020-05-15 16:00:00,1742.8,1749.11,1741.4,1748.75,0
2020-05-15 17:00:00,1748.74,1750.27,1745.91,1748.7,0
2020-05-15 18:00:00,1748.7,1751.63,1746.4,1747.96,0
2020-05-15 19:00:00,1747.99,1748.61,1739.76,1743.68,0
2020-05-15 20:00:00,1743.68,1745.41,1742.26,1743.99,0
2020-05-15 21:00:00,1744.03,1744.43,1741.63,1742.73,0
2020-05-17 23:00:00,1744.29,1751.97,1740.71,1746.2,0
2020-05-18 00:00:00,1746.2,1759.96,1745.78,1758.13,0
2020-05-18 01:00:00,1758.13,1759.59,1753.75,1754.79,0
2020-05-18 02:00:00,1754.79,1758.97,1753.8,1758.75,0
2020-05-18 03:00:00,1758.73,1763.75,1757.58,1761.37,0
2020-05-18 04:00:00,1761.36,1762.22,1759.66,1761.04,0
2020-05-18 05:00:00,1760.99,1761.46,1758.58,1760.0,0
2020-05-18 06:00:00,1760.0,1764.77,1759.0,1764.11,0
2020-05-18 07:00:00,1764.11,1764.47,1760.58,1762.75,0
2020-05-18 08:00:00,1762.75,1763.39,1759.32,1762.0,0
2020-05-18 09:00:00,1762.0,1765.04,1760.67,1761.86,0
2020-05-18 10:00:00,1761.7,1763.52,1758.57,1763.26,0
2020-05-18 11:00:00,1763.27,1764.86,1761.67,1762.37,0
2020-05-18 12:00:00,1762.4,1765.31,1760.42,1763.91,0
2020-05-18 13:00:00,1763.91,1764.69,1748.32,1748.95,0
2020-05-18 14:00:00,1748.97,1751.83,1731.89,1735.54,0
2020-05-18 15:00:00,1735.54,1744.15,1732.26,1742.53,0
2020-05-18 16:00:00,1742.53,1742.75,1727.38,1734.71,0
2020-05-18 17:00:00,1734.71,1735.85,1727.7,1731.03,0
2020-05-18 18:00:00,1731.03,1732.36,1728.06,1732.16,0
2020-05-18 19:00:00,1732.16,1735.19,1730.94,1732.4,0
2020-05-18 20:00:00,1732.38,1735.01,1729.61,1731.63,0
2020-05-18 21:00:00,1731.7,1733.8,1730.35,1732.25,0
2020-05-18 23:00:00,1732.91,1735.81,1730.57,1733.51,0
2020-05-19 00:00:00,1733.57,1734.97,1732.88,1734.7,0
2020-05-19 01:00:00,1734.7,1737.64,1733.79,1737.06,0
2020-05-19 02:00:00,1737.08,1740.22,1734.83,1739.83,0
2020-05-19 03:00:00,1739.83,1740.37,1736.98,1737.09,0
2020-05-19 04:00:00,1737.09,1738.32,1735.88,1737.15,0
2020-05-19 05:00:00,1737.15,1738.94,1735.26,1735.49,0
2020-05-19 06:00:00,1735.5,1738.17,1734.9,1736.8,0
2020-05-19 07:00:00,1736.81,1737.24,1725.74,1728.9,0
2020-05-19 08:00:00,1728.9,1733.86,1726.32,1731.64,0
2020-05-19 09:00:00,1731.62,1737.64,1730.03,1736.72,0
2020-05-19 10:00:00,1736.63,1738.84,1734.56,1735.31,0
2020-05-19 11:00:00,1735.31,1736.15,1734.04,1735.08,0
2020-05-19 12:00:00,1735.14,1736.12,1731.6,1735.92,0
2020-05-19 13:00:00,1735.78,1736.25,1730.98,1735.43,0
2020-05-19 14:00:00,1735.43,1741.25,1733.22,1738.28,0
2020-05-19 15:00:00,1738.28,1745.82,1733.9,1743.84,0
2020-05-19 16:00:00,1743.84,1743.84,1737.51,1740.82,0
2020-05-19 17:00:00,1740.7,1742.65,1739.47,1742.29,0
2020-05-19 18:00:00,1742.26,1743.46,1740.49,1742.81,0
2020-05-19 19:00:00,1742.75,1746.03,1742.75,1745.62,0
2020-05-19 20:00:00,1745.63,1747.86,1743.45,1746.28,0
2020-05-19 21:00:00,1746.28,1747.01,1744.36,1744.61,0
2020-05-19 23:00:00,1744.64,1746.49,1743.37,1743.95,0
2020-05-20 00:00:00,1743.95,1746.14,1743.95,1746.09,0
2020-05-20 01:00:00,1746.09,1746.09,1743.99,1744.87,0
2020-05-20 02:00:00,1744.85,1751.06,1744.78,1750.06,0
2020-05-20 03:00:00,1750.05,1750.78,1746.7,1748.39,0
2020-05-20 04:00:00,1748.43,1749.99,1747.68,1749.21,0
2020-05-20 05:00:00,1749.21,1749.43,1746.24,1747.0,0
2020-05-20 06:00:00,1747.03,1749.31,1746.52,1748.29,0
2020-05-20 07:00:00,1748.3,1750.6,1746.44,1749.6,0
2020-05-20 08:00:00,1749.6,1753.15,1747.91,1749.49,0
2020-05-20 09:00:00,1749.53,1750.15,1747.92,1748.57,0
2020-05-20 10:00:00,1748.57,1750.47,1746.61,1749.22,0
2020-05-20 11:00:00,1749.19,1752.27,1748.04,1750.71,0
2020-05-20 12:00:00,1750.76,1751.59,1747.57,1751.37,0
2020-05-20 13:00:00,1751.36,1753.41,1742.42,1747.34,0
2020-05-20 14:00:00,1747.32,1752.22,1745.41,1749.98,0
2020-05-20 15:00:00,1749.98,1751.58,1742.88,1747.19,0
2020-05-20 16:00:00,1747.25,1750.95,1744.29,1747.64,0
2020-05-20 17:00:00,1747.64,1750.6,1746.3,1747.61,0
2020-05-20 18:00:00,1747.53,1751.12,1746.23,1749.42,0
2020-05-20 19:00:00,1749.42,1753.87,1748.47,1751.3,0
2020-05-20 20:00:00,1751.16,1751.16,1748.11,1749.39,0
2020-05-20 21:00:00,1749.48,1750.19,1746.02,1747.78,0
2020-05-20 23:00:00,1748.16,1748.16,1745.8,1746.86,0
2020-05-21 00:00:00,1746.96,1748.81,1746.7,1747.53,0
2020-05-21 01:00:00,1747.53,1747.53,1745.16,1745.27,0
2020-05-21 02:00:00,1745.27,1745.78,1742.26,1743.98,0
2020-05-21 03:00:00,1744.0,1745.35,1737.79,1740.27,0
2020-05-21 04:00:00,1740.25,1742.68,1739.58,1741.23,0
2020-05-21 05:00:00,1741.23,1743.22,1740.4,1742.46,0
2020-05-21 06:00:00,1742.37,1743.9,1739.76,1741.46,0
2020-05-21 07:00:00,1741.46,1741.77,1735.7,1735.97,0
2020-05-21 08:00:00,1735.89,1738.54,1735.1,1735.75,0
2020-05-21 09:00:00,1735.76,1738.82,1731.31,1734.3,0
2020-05-21 10:00:00,1734.31,1734.53,1731.2,1732.75,0
2020-05-21 11:00:00,1732.75,1735.27,1731.08,1734.72,0
2020-05-21 12:00:00,1734.68,1739.29,1733.37,1736.06,0
2020-05-21 13:00:00,1736.08,1741.74,1735.79,1737.3,0
2020-05-21 14:00:00,1737.3,1739.34,1732.18,1734.03,0
2020-05-21 15:00:00,1734.05,1734.05,1717.12,1721.39,0
2020-05-21 16:00:00,1721.44,1725.24,1720.07,1724.52,0
2020-05-21 17:00:00,1724.52,1726.42,1722.74,1724.11,0
2020-05-21 18:00:00,1724.1,1725.16,1721.37,1722.26,0
2020-05-21 19:00:00,1722.29,1724.93,1721.13,1724.49,0
2020-05-21 20:00:00,1724.43,1727.49,1723.52,1725.17,0
2020-05-21 21:00:00,1725.16,1727.27,1724.31,1727.03,0
2020-05-21 23:00:00,1725.7,1727.75,1725.17,1727.32,0
2020-05-22 00:00:00,1727.38,1727.57,1724.93,1725.91,0
2020-05-22 01:00:00,1725.91,1729.11,1725.91,1728.72,0
2020-05-22 02:00:00,1728.72,1730.51,1726.73,1727.39,0
2020-05-22 03:00:00,1727.36,1728.86,1724.75,1727.92,0
2020-05-22 04:00:00,1727.92,1728.42,1724.36,1727.49,0
2020-05-22 05:00:00,1727.49,1727.49,1725.63,1726.2,0
2020-05-22 06:00:00,1726.2,1729.58,1726.14,1729.57,0
2020-05-22 07:00:00,1729.57,1735.58,1729.47,1734.66,0
2020-05-22 08:00:00,1734.66,1737.22,1733.09,1736.12,0
2020-05-22 09:00:00,1736.12,1740.17,1735.77,1736.68,0
2020-05-22 10:00:00,1736.68,1737.1,1732.72,1735.23,0
2020-05-22 11:00:00,1735.23,1736.11,1733.31,1735.67,0
2020-05-22 12:00:00,1735.67,1736.46,1730.06,1730.38,0
2020-05-22 13:00:00,1730.38,1738.53,1727.39,1734.67,0
2020-05-22 14:00:00,1734.67,1737.82,1730.24,1734.81,0
2020-05-22 15:00:00,1734.76,1737.81,1732.93,1735.72,0
2020-05-22 16:00:00,1735.68,1736.32,1730.17,1731.48,0
2020-05-22 17:00:00,1731.48,1735.78,1731.35,1735.46,0
2020-05-22 18:00:00,1735.45,1736.54,1733.95,1734.4,0
2020-05-22 19:00:00,1734.37,1735.43,1733.2,1735.11,0
2020-05-22 20:00:00,1735.15,1735.84,1732.69,1735.2,0
2020-05-22 21:00:00,1735.18,1736.14,1734.02,1735.41,0
2020-05-24 23:00:00,1731.74,1734.85,1730.22,1731.78,0
2020-05-25 00:00:00,1731.76,1732.54,1730.06,1730.64,0
2020-05-25 01:00:00,1730.68,1731.39,1727.5,1729.13,0
2020-05-25 02:00:00,1729.13,1729.13,1725.91,1727.27,0
2020-05-25 03:00:00,1727.32,1729.22,1726.41,1729.16,0
2020-05-25 04:00:00,1729.16,1729.19,1727.81,1728.67,0
2020-05-25 05:00:00,1728.67,1728.85,1726.09,1726.88,0
2020-05-25 06:00:00,1726.86,1727.57,1723.71,1724.95,0
2020-05-25 07:00:00,1724.97,1728.24,1724.67,1725.82,0
2020-05-25 08:00:00,1725.77,1729.2,1725.37,1727.88,0
2020-05-25 09:00:00,1727.88,1730.38,1726.67,1728.99,0
2020-05-25 10:00:00,1729.02,1730.84,1728.65,1730.73,0
2020-05-25 11:00:00,1730.72,1730.83,1727.39,1728.22,0
2020-05-25 12:00:00,1728.22,1729.52,1726.93,1728.39,0
2020-05-25 13:00:00,1728.42,1730.04,1727.04,1728.11,0
2020-05-25 14:00:00,1728.11,1728.23,1721.39,1725.83,0
2020-05-25 15:00:00,1725.89,1733.11,1725.44,1731.83,0
2020-05-25 16:00:00,1731.83,1732.55,1728.71,1729.41,0
2020-05-25 17:00:00,1729.41,1730.57,1727.4,1727.65,0
2020-05-25 23:00:00,1727.16,1728.2,1725.3,1726.94,0
2020-05-26 00:00:00,1726.94,1727.98,1725.54,1726.67,0
2020-05-26 01:00:00,1726.6,1731.6,1726.48,1731.51,0
2020-05-26 02:00:00,1731.49,1733.45,1730.05,1731.93,0
2020-05-26 03:00:00,1731.93,1734.09,1730.69,1734.07,0
2020-05-26 04:00:00,1734.02,1735.5,1732.47,1734.78,0
2020-05-26 05:00:00,1734.78,1735.16,1731.66,1732.15,0
2020-05-26 06:00:00,1732.15,1734.54,1730.72,1734.49,0
2020-05-26 07:00:00,1734.49,1734.62,1729.93,1730.41,0
2020-05-26 08:00:00,1730.41,1731.23,1726.42,1730.03,0
2020-05-26 09:00:00,1730.03,1730.48,1724.86,1725.56,0
2020-05-26 10:00:00,1725.56,1726.34,1721.29,1721.78,0
2020-05-26 11:00:00,1721.75,1726.84,1720.23,1726.57,0
2020-05-26 12:00:00,1726.57,1726.92,1722.95,1726.05,0
2020-05-26 13:00:00,1726.23,1729.22,1723.56,1726.08,0
2020-05-26 14:00:00,1726.08,1728.41,1718.25,1718.35,0
2020-05-26 15:00:00,1718.39,1721.35,1710.46,1712.24,0
2020-05-26 16:00:00,1712.2,1716.0,1709.1,1714.12,0
2020-05-26 17:00:00,1714.11,1715.23,1711.59,1712.39,0
2020-05-26 18:00:00,1712.39,1712.96,1710.04,1712.54,0
2020-05-26 19:00:00,1712.53,1714.41,1711.64,1712.27,0
2020-05-26 20:00:00,1712.23,1713.54,1708.7,1711.61,0
2020-05-26 21:00:00,1711.61,1712.79,1708.98,1709.68,0
2020-05-26 23:00:00,1710.65,1712.46,1708.5,1711.11,0
2020-05-27 00:00:00,1711.11,1713.0,1710.95,1712.9,0
2020-05-27 01:00:00,1712.84,1713.86,1711.43,1713.4,0
2020-05-27 02:00:00,1713.4,1716.02,1712.94,1712.94,0
2020-05-27 03:00:00,1712.87,1712.94,1709.6,1711.24,0
2020-05-27 04:00:00,1711.24,1713.17,1707.1,1708.39,0
2020-05-27 05:00:00,1708.39,1708.86,1704.98,1706.36,0
2020-05-27 06:00:00,1706.39,1709.03,1705.61,1707.68,0
2020-05-27 07:00:00,1707.65,1708.3,1705.23,1705.69,0
2020-05-27 08:00:00,1705.69,1710.49,1705.37,1708.55,0
2020-05-27 09:00:00,1708.54,1710.36,1704.65,1705.56,0
2020-05-27 10:00:00,1705.56,1707.34,1704.43,1705.81,0
2020-05-27 11:00:00,1705.81,1708.94,1705.64,1706.55,0
2020-05-27 12:00:00,1706.51,1707.34,1697.52,1701.04,0
2020-05-27 13:00:00,1701.04,1702.64,1698.45,1699.62,0
2020-05-27 14:00:00,1699.62,1703.52,1693.7,1700.24,0
2020-05-27 15:00:00,1700.25,1704.61,1696.68,1698.88,0
2020-05-27 16:00:00,1698.87,1703.36,1698.44,1700.94,0
2020-05-27 17:00:00,1701.01,1710.25,1700.86,1707.97,0
2020-05-27 18:00:00,1708.0,1713.61,1707.96,1713.17,0
2020-05-27 19:00:00,1713.17,1715.31,1711.09,1713.67,0
2020-05-27 20:00:00,1713.67,1714.89,1711.53,1713.33,0
2020-05-27 21:00:00,1713.29,1713.9,1708.04,1709.22,0
2020-05-27 23:00:00,1710.46,1712.66,1704.36,1709.85,0
2020-05-28 00:00:00,1709.85,1711.25,1708.4,1711.07,0
2020-05-28 01:00:00,1711.08,1713.17,1708.97,1710.08,0
2020-05-28 02:00:00,1710.08,1715.29,1709.18,1714.6,0
2020-05-28 03:00:00,1714.52,1715.1,1713.11,1713.72,0
2020-05-28 04:00:00,1713.78,1714.83,1712.69,1714.43,0
2020-05-28 05:00:00,1714.43,1716.71,1714.24,1716.01,0
2020-05-28 06:00:00,1716.07,1719.63,1715.43,1718.78,0
2020-05-28 07:00:00,1718.77,1720.58,1718.03,1718.57,0
2020-05-28 08:00:00,1718.58,1721.65,1717.48,1719.0,0
2020-05-28 09:00:00,1719.0,1722.01,1718.19,1720.23,0
2020-05-28 10:00:00,1720.23,1724.77,1719.52,1724.27,0
2020-05-28 11:00:00,1724.25,1724.57,1721.14,1723.65,0
2020-05-28 12:00:00,1723.69,1726.18,1720.69,1720.97,0
2020-05-28 13:00:00,1720.97,1724.3,1719.66,1722.37,0
2020-05-28 14:00:00,1722.37,1727.52,1720.91,1721.99,0
2020-05-28 15:00:00,1722.03,1724.05,1719.49,1721.94,0
2020-05-28 16:00:00,1721.94,1724.14,1720.42,1723.65,0
2020-05-28 17:00:00,1723.66,1724.43,1717.87,1720.04,0
2020-05-28 18:00:00,1720.23,1720.82,1712.24,1712.85,0
2020-05-28 19:00:00,1712.91,1716.41,1711.09,1716.26,0
2020-05-28 20:00:00,1716.25,1720.28,1715.32,1719.48,0
2020-05-28 21:00:00,1719.49,1719.85,1717.6,1718.86,0
2020-05-28 23:00:00,1718.05,1720.26,1716.81,1719.34,0
2020-05-29 00:00:00,1719.34,1722.07,1719.24,1721.79,0
2020-05-29 01:00:00,1721.79,1722.09,1717.36,1718.87,0
2020-05-29 02:00:00,1718.83,1722.76,1712.67,1720.45,0
2020-05-29 03:00:00,1720.49,1721.23,1718.82,1719.5,0
2020-05-29 04:00:00,1719.5,1720.42,1718.87,1719.96,0
2020-05-29 05:00:00,1719.96,1721.79,1719.45,1721.51,0
2020-05-29 06:00:00,1721.51,1722.95,1720.5,1721.63,0
2020-05-29 07:00:00,1721.63,1722.53,1716.88,1721.38,0
2020-05-29 08:00:00,1721.34,1721.83,1717.87,1720.02,0
2020-05-29 09:00:00,1720.06,1726.8,1719.9,1726.17,0
2020-05-29 10:00:00,1726.17,1726.69,1724.07,1725.97,0
2020-05-29 11:00:00,1725.97,1728.48,1725.54,1727.75,0
2020-05-29 12:00:00,1727.75,1730.04,1726.52,1729.68,0
2020-05-29 13:00:00,1729.67,1733.07,1727.44,1730.67,0
2020-05-29 14:00:00,1730.64,1731.63,1726.31,1728.72,0
2020-05-29 15:00:00,1728.67,1735.54,1727.91,1734.67,0
2020-05-29 16:00:00,1734.67,1735.71,1731.04,1735.07,0
2020-05-29 17:00:00,1735.16,1736.11,1733.02,1733.68,0
2020-05-29 18:00:00,1733.69,1736.18,1733.49,1734.5,0
2020-05-29 19:00:00,1734.5,1737.72,1730.58,1731.19,0
2020-05-29 20:00:00,1731.19,1733.54,1727.25,1731.4,0
2020-05-29 21:00:00,1731.4,1732.63,1729.67,1729.81,0
2020-05-31 23:00:00,1735.05,1740.75,1727.63,1738.4,0
2020-06-01 00:00:00,1738.39,1740.37,1738.29,1739.79,0
2020-06-01 01:00:00,1739.79,1739.8,1734.49,1735.17,0
2020-06-01 02:00:00,1735.25,1738.72,1732.04,1737.14,0
2020-06-01 03:00:00,1737.15,1740.59,1736.84,1738.91,0
2020-06-01 04:00:00,1738.91,1739.28,1737.14,1738.81,0
2020-06-01 05:00:00,1738.81,1743.29,1738.71,1741.75,0
2020-06-01 06:00:00,1741.75,1744.6,1741.22,1743.62,0
2020-06-01 07:00:00,1743.62,1743.89,1741.19,1742.06,0
2020-06-01 08:00:00,1742.06,1742.23,1737.26,1740.2,0
2020-06-01 09:00:00,1740.21,1743.86,1734.66,1736.67,0
2020-06-01 10:00:00,1736.64,1738.45,1735.33,1736.06,0
2020-06-01 11:00:00,1736.01,1736.33,1732.08,1734.44,0
2020-06-01 12:00:00,1734.44,1734.66,1729.21,1734.46,0
2020-06-01 13:00:00,1734.49,1735.78,1730.98,1733.13,0
2020-06-01 14:00:00,1733.13,1735.92,1728.7,1732.58,0
2020-06-01 15:00:00,1732.58,1738.38,1727.15,1737.87,0
2020-06-01 16:00:00,1737.87,1741.31,1735.75,1740.47,0
2020-06-01 17:00:00,1740.47,1741.33,1738.05,1738.7,0
2020-06-01 18:00:00,1738.7,1738.86,1735.24,1736.75,0
2020-06-01 19:00:00,1736.8,1738.61,1734.85,1737.24,0
2020-06-01 20:00:00,1737.24,1740.44,1737.2,1739.81,0
2020-06-01 21:00:00,1739.81,1740.22,1738.45,1739.79,0
2020-06-01 23:00:00,1739.44,1740.69,1736.65,1740.06,0
2020-06-02 00:00:00,1740.08,1743.23,1739.83,1741.73,0
2020-06-02 01:00:00,1741.76,1742.63,1739.77,1740.15,0
2020-06-02 02:00:00,1740.12,1741.77,1736.4,1741.67,0
2020-06-02 03:00:00,1741.66,1742.25,1738.52,1739.17,0
2020-06-02 04:00:00,1739.17,1739.94,1738.65,1739.35,0
2020-06-02 05:00:00,1739.35,1739.5,1735.56,1736.51,0
2020-06-02 06:00:00,1736.53,1740.09,1735.6,1739.04,0
2020-06-02 07:00:00,1739.04,1739.45,1735.46,1736.91,0
2020-06-02 08:00:00,1737.03,1737.86,1734.89,1735.66,0
2020-06-02 09:00:00,1735.66,1739.21,1734.95,1738.65,0
2020-06-02 10:00:00,1738.65,1742.02,1737.54,1739.61,0
2020-06-02 11:00:00,1739.62,1740.83,1736.99,1740.1,0
2020-06-02 12:00:00,1740.1,1741.69,1738.6,1739.89,0
2020-06-02 13:00:00,1739.89,1741.89,1736.94,1741.32,0
2020-06-02 14:00:00,1741.31,1744.75,1741.09,1744.72,0
2020-06-02 15:00:00,1744.71,1745.17,1738.72,1740.23,0
2020-06-02 16:00:00,1740.21,1740.79,1727.44,1729.61,0
2020-06-02 17:00:00,1729.65,1731.19,1721.33,1724.76,0
2020-06-02 18:00:00,1724.75,1727.85,1724.4,1727.47,0
2020-06-02 19:00:00,1727.43,1728.1,1724.13,1727.79,0
2020-06-02 20:00:00,1727.77,1729.35,1726.96,1728.27,0
2020-06-02 21:00:00,1728.21,1728.67,1724.85,1727.44,0
2020-06-02 23:00:00,1726.05,1731.22,1724.74,1730.7,0
2020-06-03 00:00:00,1730.7,1731.8,1725.7,1726.65,0
2020-06-03 01:00:00,1726.53,1726.67,1720.53,1725.17,0
2020-06-03 02:00:00,1725.18,1728.66,1725.04,1728.62,0
2020-06-03 03:00:00,1728.62,1729.09,1725.27,1728.11,0
2020-06-03 04:00:00,1728.11,1729.46,1725.04,1725.27,0
2020-06-03 05:00:00,1725.27,1726.54,1724.72,1726.31,0
2020-06-03 06:00:00,1726.31,1726.58,1722.94,1724.52,0
2020-06-03 07:00:00,1724.52,1726.06,1720.67,1721.35,0
2020-06-03 08:00:00,1721.35,1724.66,1719.73,1720.53,0
2020-06-03 09:00:00,1720.58,1720.99,1713.08,1717.43,0
2020-06-03 10:00:00,1717.43,1720.16,1717.08,1718.14,0
2020-06-03 11:00:00,1718.14,1720.7,1717.15,1719.13,0
2020-06-03 12:00:00,1719.13,1722.26,1716.71,1722.07,0
2020-06-03 13:00:00,1722.07,1726.21,1705.81,1709.05,0
2020-06-03 14:00:00,1709.05,1711.44,1702.94,1705.9,0
2020-06-03 15:00:00,1705.76,1705.92,1689.42,1693.04,0
2020-06-03 16:00:00,1693.06,1700.63,1691.55,1699.84,0
2020-06-03 17:00:00,1699.84,1700.44,1696.81,1698.87,0
2020-06-03 18:00:00,1698.86,1700.75,1698.56,1698.98,0
2020-06-03 19:00:00,1698.95,1699.81,1694.0,1697.05,0
2020-06-03 20:00:00,1697.05,1699.58,1696.08,1697.5,0
2020-06-03 21:00:00,1697.5,1699.34,1697.1,1698.46,0
2020-06-03 23:00:00,1698.99,1700.49,1696.71,1699.04,0
2020-06-04 00:00:00,1699.06,1701.04,1697.38,1700.44,0
2020-06-04 01:00:00,1700.37,1701.21,1698.73,1700.18,0
2020-06-04 02:00:00,1700.05,1703.25,1697.46,1701.74,0
2020-06-04 03:00:00,1701.74,1705.52,1701.6,1704.76,0
2020-06-04 04:00:00,1704.76,1704.86,1702.68,1702.94,0
2020-06-04 05:00:00,1703.01,1705.3,1702.03,1704.01,0
2020-06-04 06:00:00,1704.01,1704.81,1700.84,1701.14,0
2020-06-04 07:00:00,1701.14,1701.65,1698.03,1700.62,0
2020-06-04 08:00:00,1700.62,1703.74,1699.11,1702.26,0
2020-06-04 09:00:00,1702.33,1705.31,1701.81,1704.8,0
2020-06-04 10:00:00,1704.78,1708.42,1704.43,1707.31,0
2020-06-04 11:00:00,1707.32,1715.58,1706.07,1712.37,0
2020-06-04 12:00:00,1712.37,1713.34,1705.44,1707.87,0
2020-06-04 13:00:00,1707.83,1718.26,1705.27,1717.09,0
2020-06-04 14:00:00,1717.01,1717.65,1702.71,1707.77,0
2020-06-04 15:00:00,1707.71,1708.56,1700.13,1706.67,0
2020-06-04 16:00:00,1706.67,1714.77,1705.75,1713.88,0
2020-06-04 17:00:00,1713.89,1718.06,1713.15,1716.84,0
2020-06-04 18:00:00,1716.84,1721.86,1715.81,1718.94,0
2020-06-04 19:00:00,1718.94,1720.04,1716.06,1716.78,0
2020-06-04 20:00:00,1716.78,1718.08,1713.51,1716.1,0
2020-06-04 21:00:00,1716.11,1717.31,1712.34,1713.35,0
2020-06-04 23:00:00,1712.71,1716.24,1712.71,1714.27,0
2020-06-05 00:00:00,1714.27,1715.95,1712.05,1712.46,0
2020-06-05 01:00:00,1712.46,1716.04,1712.14,1714.0,0
2020-06-05 02:00:00,1714.05,1715.81,1712.29,1712.64,0
2020-06-05 03:00:00,1712.64,1713.3,1710.59,1711.58,0
2020-06-05 04:00:00,1711.58,1711.69,1707.01,1708.65,0
2020-06-05 05:00:00,1708.65,1710.63,1708.43,1708.71,0
2020-06-05 06:00:00,1708.71,1712.58,1708.61,1709.6,0
2020-06-05 07:00:00,1709.6,1711.34,1707.5,1709.09,0
2020-06-05 08:00:00,1709.09,1710.78,1707.51,1709.49,0
2020-06-05 09:00:00,1709.49,1713.43,1707.1,1711.28,0
2020-06-05 10:00:00,1711.28,1711.7,1706.45,1707.69,0
2020-06-05 11:00:00,1707.69,1709.0,1701.96,1705.53,0
2020-06-05 12:00:00,1705.53,1707.27,1702.86,1705.83,0
2020-06-05 13:00:00,1705.77,1706.06,1682.01,1687.24,0
2020-06-05 14:00:00,1687.24,1691.45,1678.43,1680.03,0
2020-06-05 15:00:00,1680.02,1684.28,1670.72,1675.15,0
2020-06-05 16:00:00,1675.06,1681.91,1675.03,1678.03,0
2020-06-05 17:00:00,1678.09,1683.49,1677.27,1682.22,0
2020-06-05 18:00:00,1682.22,1682.68,1678.96,1681.21,0
2020-06-05 19:00:00,1681.21,1683.03,1678.96,1682.6,0
2020-06-05 20:00:00,1682.6,1684.08,1680.96,1681.41,0
2020-06-05 21:00:00,1681.43,1685.25,1681.01,1684.27,0
2020-06-07 23:00:00,1682.73,1685.0,1677.37,1679.11,0
2020-06-08 00:00:00,1679.11,1682.09,1677.82,1681.32,0
2020-06-08 01:00:00,1681.32,1684.55,1680.66,1682.26,0
2020-06-08 02:00:00,1682.27,1688.24,1681.72,1686.23,0
2020-06-08 03:00:00,1686.18,1688.96,1685.78,1687.46,0
2020-06-08 04:00:00,1687.46,1688.98,1687.32,1688.33,0
2020-06-08 05:00:00,1688.3,1689.95,1688.11,1689.14,0
2020-06-08 06:00:00,1689.24,1691.35,1687.1,1690.44,0
2020-06-08 07:00:00,1690.58,1694.94,1689.38,1692.86,0
2020-06-08 08:00:00,1692.89,1696.46,1691.7,1695.24,0
2020-06-08 09:00:00,1695.24,1697.36,1693.22,1693.3,0
2020-06-08 10:00:00,1693.32,1695.76,1691.97,1695.09,0
2020-06-08 11:00:00,1695.09,1696.94,1693.39,1695.25,0
2020-06-08 12:00:00,1695.26,1696.36,1691.56,1691.94,0
2020-06-08 13:00:00,1691.94,1694.53,1690.73,1691.48,0
2020-06-08 14:00:00,1691.35,1692.45,1686.08,1690.21,0
2020-06-08 15:00:00,1690.21,1695.73,1688.68,1692.97,0
2020-06-08 16:00:00,1692.96,1693.44,1689.52,1691.64,0
2020-06-08 17:00:00,1691.64,1698.71,1691.52,1697.47,0
2020-06-08 18:00:00,1697.57,1699.86,1696.05,1697.5,0
2020-06-08 19:00:00,1697.44,1699.87,1696.66,1699.18,0
2020-06-08 20:00:00,1699.18,1700.68,1696.93,1698.56,0
2020-06-08 21:00:00,1698.38,1700.06,1697.7,1698.2,0
2020-06-08 23:00:00,1697.99,1701.36,1696.99,1697.23,0
2020-06-09 00:00:00,1697.4,1699.6,1696.05,1697.37,0
2020-06-09 01:00:00,1697.37,1701.07,1697.04,1700.36,0
2020-06-09 02:00:00,1700.31,1704.78,1697.9,1698.02,0
2020-06-09 03:00:00,1698.02,1698.56,1694.81,1695.75,0
2020-06-09 04:00:00,1695.75,1697.2,1694.41,1695.39,0
2020-06-09 05:00:00,1695.37,1697.71,1693.74,1697.12,0
2020-06-09 06:00:00,1697.12,1699.53,1695.17,1698.42,0
2020-06-09 07:00:00,1698.4,1698.52,1692.26,1695.46,0
2020-06-09 08:00:00,1695.38,1702.2,1695.09,1701.9,0
2020-06-09 09:00:00,1701.9,1706.97,1701.33,1705.84,0
2020-06-09 10:00:00,1705.87,1709.67,1705.17,1708.83,0
2020-06-09 11:00:00,1708.8,1710.57,1707.62,1710.23,0
2020-06-09 12:00:00,1710.19,1711.2,1705.83,1707.73,0
2020-06-09 13:00:00,1707.77,1717.92,1704.5,1716.41,0
2020-06-09 14:00:00,1716.42,1719.85,1712.85,1718.9,0
2020-06-09 15:00:00,1718.87,1720.85,1715.67,1718.43,0
2020-06-09 16:00:00,1718.43,1719.37,1715.8,1716.1,0
2020-06-09 17:00:00,1716.1,1717.1,1714.14,1715.37,0
2020-06-09 18:00:00,1715.37,1716.3,1714.09,1715.32,0
2020-06-09 19:00:00,1715.29,1717.48,1712.52,1713.17,0
2020-06-09 20:00:00,1713.17,1715.9,1711.8,1715.11,0
2020-06-09 21:00:00,1715.08,1716.59,1713.61,1714.27,0
2020-06-09 23:00:00,1714.65,1716.49,1712.72,1714.52,0
2020-06-10 00:00:00,1714.51,1716.97,1712.11,1713.33,0
2020-06-10 01:00:00,1713.33,1717.3,1712.99,1716.36,0
2020-06-10 02:00:00,1716.36,1718.7,1714.72,1716.67,0
2020-06-10 03:00:00,1716.67,1718.1,1715.72,1716.25,0
2020-06-10 04:00:00,1716.09,1717.29,1714.96,1715.14,0
2020-06-10 05:00:00,1715.14,1716.82,1714.96,1716.3,0
2020-06-10 06:00:00,1716.3,1718.96,1715.9,1717.93,0
2020-06-10 07:00:00,1717.97,1720.02,1716.1,1717.22,0
2020-06-10 08:00:00,1717.22,1719.0,1715.72,1717.14,0
2020-06-10 09:00:00,1717.14,1720.78,1716.98,1719.64,0
2020-06-10 10:00:00,1719.64,1720.88,1717.13,1718.8,0
2020-06-10 11:00:00,1718.8,1719.59,1715.88,1719.59,0
2020-06-10 12:00:00,1719.59,1724.24,1718.79,1723.67,0
2020-06-10 13:00:00,1723.67,1725.09,1720.86,1722.78,0
2020-06-10 14:00:00,1722.71,1725.38,1720.79,1723.69,0
2020-06-10 15:00:00,1723.74,1727.2,1718.74,1718.76,0
2020-06-10 16:00:00,1718.76,1719.15,1713.33,1717.87,0
2020-06-10 17:00:00,1717.87,1719.07,1713.87,1714.41,0
2020-06-10 18:00:00,1714.36,1715.17,1712.74,1714.23,0
2020-06-10 19:00:00,1714.34,1731.11,1707.89,1727.94,0
2020-06-10 20:00:00,1727.94,1739.76,1726.44,1738.43,0
2020-06-10 21:00:00,1738.45,1739.65,1732.73,1738.19,0
2020-06-10 23:00:00,1738.57,1739.89,1735.38,1735.74,0
2020-06-11 00:00:00,1735.74,1737.79,1734.45,1735.52,0
2020-06-11 01:00:00,1735.57,1737.33,1734.69,1734.99,0
2020-06-11 02:00:00,1735.09,1735.1,1730.64,1732.11,0
2020-06-11 03:00:00,1732.12,1734.56,1731.02,1732.28,0
2020-06-11 04:00:00,1732.3,1733.87,1731.13,1731.61,0
2020-06-11 05:00:00,1731.64,1732.15,1729.78,1729.78,0
2020-06-11 06:00:00,1729.78,1730.36,1726.85,1728.21,0
2020-06-11 07:00:00,1728.15,1734.2,1727.07,1733.89,0
2020-06-11 08:00:00,1733.89,1737.44,1733.28,1735.82,0
2020-06-11 09:00:00,1735.82,1736.55,1730.71,1733.81,0
2020-06-11 10:00:00,1733.77,1734.69,1731.34,1733.5,0
2020-06-11 11:00:00,1733.5,1734.02,1730.53,1732.37,0
2020-06-11 12:00:00,1732.37,1733.12,1721.57,1727.79,0
2020-06-11 13:00:00,1727.79,1734.05,1723.8,1732.35,0
2020-06-11 14:00:00,1732.36,1739.29,1730.74,1738.11,0
2020-06-11 15:00:00,1738.11,1744.38,1737.42,1743.56,0
2020-06-11 16:00:00,1743.54,1744.67,1731.36,1735.61,0
2020-06-11 17:00:00,1735.61,1737.75,1726.28,1727.46,0
2020-06-11 18:00:00,1727.43,1735.12,1726.21,1732.11,0
2020-06-11 19:00:00,1732.12,1732.52,1728.22,1728.93,0
2020-06-11 20:00:00,1728.93,1730.36,1723.09,1727.88,0
2020-06-11 21:00:00,1727.89,1729.57,1726.23,1726.96,0
2020-06-11 23:00:00,1727.18,1730.7,1727.11,1729.3,0
2020-06-12 00:00:00,1729.2,1730.37,1726.54,1726.78,0
2020-06-12 01:00:00,1726.76,1729.0,1722.23,1727.3,0
2020-06-12 02:00:00,1727.3,1729.37,1723.78,1725.31,0
2020-06-12 03:00:00,1725.41,1727.92,1723.36,1725.45,0
2020-06-12 04:00:00,1725.51,1726.72,1724.1,1726.12,0
2020-06-12 05:00:00,1726.12,1728.04,1726.11,1728.04,0
2020-06-12 06:00:00,1728.04,1729.49,1726.39,1727.57,0
2020-06-12 07:00:00,1727.57,1732.3,1727.3,1731.83,0
2020-06-12 08:00:00,1731.83,1733.83,1731.15,1733.25,0
2020-06-12 09:00:00,1733.18,1736.06,1732.48,1734.79,0
2020-06-12 10:00:00,1734.79,1736.41,1731.18,1731.26,0
2020-06-12 11:00:00,1731.26,1737.55,1731.21,1737.1,0
2020-06-12 12:00:00,1737.12,1737.59,1734.39,1736.49,0
2020-06-12 13:00:00,1736.5,1740.16,1732.79,1737.41,0
2020-06-12 14:00:00,1737.4,1743.04,1736.12,1741.31,0
2020-06-12 15:00:00,1741.31,1742.0,1734.94,1738.63,0
2020-06-12 16:00:00,1738.52,1739.04,1730.71,1734.05,0
2020-06-12 17:00:00,1734.05,1734.99,1731.09,1733.87,0
2020-06-12 18:00:00,1733.88,1734.03,1729.63,1732.85,0
2020-06-12 19:00:00,1732.71,1733.26,1728.98,1732.18,0
2020-06-12 20:00:00,1732.18,1733.94,1730.15,1731.21,0
2020-06-12 21:00:00,1731.24,1732.41,1729.51,1729.83,0
2020-06-14 23:00:00,1726.8,1734.49,1726.8,1730.51,0
2020-06-15 00:00:00,1730.49,1733.63,1729.87,1732.87,0
2020-06-15 01:00:00,1732.88,1734.12,1731.7,1732.18,0
2020-06-15 02:00:00,1732.21,1733.79,1730.36,1733.16,0
2020-06-15 03:00:00,1733.2,1734.08,1726.69,1729.3,0
2020-06-15 04:00:00,1729.25,1730.1,1727.4,1729.16,0
2020-06-15 05:00:00,1729.15,1729.2,1728.01,1728.39,0
2020-06-15 06:00:00,1728.63,1728.92,1721.07,1722.22,0
2020-06-15 07:00:00,1722.22,1723.3,1719.28,1723.01,0
2020-06-15 08:00:00,1723.0,1723.68,1715.35,1721.5,0
2020-06-15 09:00:00,1721.45,1724.17,1719.28,1720.76,0
2020-06-15 10:00:00,1720.76,1722.91,1712.01,1714.02,0
2020-06-15 11:00:00,1714.02,1714.75,1707.81,1709.77,0
2020-06-15 12:00:00,1709.77,1713.66,1709.34,1712.17,0
2020-06-15 13:00:00,1712.39,1712.88,1704.8,1707.44,0
2020-06-15 14:00:00,1707.44,1709.99,1704.22,1708.08,0
2020-06-15 15:00:00,1708.1,1719.24,1707.72,1716.69,0
2020-06-15 16:00:00,1716.65,1722.87,1716.64,1720.62,0
2020-06-15 17:00:00,1720.62,1722.11,1717.9,1721.28,0
2020-06-15 18:00:00,1721.23,1724.25,1719.63,1722.32,0
2020-06-15 19:00:00,1722.32,1728.37,1722.3,1726.2,0
2020-06-15 20:00:00,1726.15,1728.17,1723.4,1726.23,0
2020-06-15 21:00:00,1726.14,1727.91,1724.45,1724.7,0
2020-06-15 23:00:00,1724.79,1728.12,1724.13,1727.15,0
2020-06-16 00:00:00,1727.11,1727.6,1724.01,1724.09,0
2020-06-16 01:00:00,1724.09,1727.88,1724.09,1727.5,0
2020-06-16 02:00:00,1727.52,1729.33,1725.4,1729.26,0
2020-06-16 03:00:00,1729.25,1732.81,1729.25,1729.62,0
2020-06-16 04:00:00,1729.61,1730.92,1728.07,1728.62,0
2020-06-16 05:00:00,1728.62,1728.72,1725.57,1725.97,0
2020-06-16 06:00:00,1725.97,1729.1,1725.39,1726.46,0
2020-06-16 07:00:00,1726.46,1727.78,1721.58,1726.44,0
2020-06-16 08:00:00,1726.41,1730.01,1722.65,1727.3,0
2020-06-16 09:00:00,1727.3,1732.81,1726.89,1729.37,0
2020-06-16 10:00:00,1729.37,1730.64,1727.36,1729.87,0
2020-06-16 11:00:00,1729.86,1732.02,1728.69,1730.46,0
2020-06-16 12:00:00,1730.46,1732.28,1725.84,1727.95,0
2020-06-16 13:00:00,1727.95,1729.18,1719.33,1726.08,0
2020-06-16 14:00:00,1726.09,1726.83,1716.88,1723.99,0
2020-06-16 15:00:00,1723.99,1730.22,1716.77,1729.97,0
2020-06-16 16:00:00,1729.97,1730.36,1723.59,1725.49,0
2020-06-16 17:00:00,1725.49,1729.94,1724.89,1728.99,0
2020-06-16 18:00:00,1728.99,1730.49,1726.65,1729.09,0
2020-06-16 19:00:00,1729.09,1729.28,1725.46,1725.85,0
2020-06-16 20:00:00,1725.74,1726.99,1724.11,1726.53,0
2020-06-16 21:00:00,1726.53,1727.66,1725.95,1727.44,0
2020-06-16 23:00:00,1726.37,1726.56,1723.52,1725.77,0
2020-06-17 00:00:00,1725.77,1727.78,1725.77,1726.5,0
2020-06-17 01:00:00,1726.5,1728.79,1726.16,1726.54,0
2020-06-17 02:00:00,1726.55,1726.82,1723.37,1724.42,0
2020-06-17 03:00:00,1724.42,1725.76,1722.82,1724.05,0
2020-06-17 04:00:00,1724.05,1727.1,1723.96,1726.42,0
2020-06-17 05:00:00,1726.42,1727.54,1725.13,1726.05,0
2020-06-17 06:00:00,1726.11,1729.11,1725.79,1728.24,0
2020-06-17 07:00:00,1728.24,1729.46,1726.9,1728.44,0
2020-06-17 08:00:00,1728.49,1728.69,1721.81,1724.02,0
2020-06-17 09:00:00,1724.02,1725.34,1719.28,1719.93,0
2020-06-17 10:00:00,1719.93,1720.93,1712.65,1715.27,0
2020-06-17 11:00:00,1715.25,1719.25,1713.02,1719.25,0
2020-06-17 12:00:00,1719.25,1720.4,1716.68,1717.44,0
2020-06-17 13:00:00,1717.44,1721.2,1715.88,1720.99,0
2020-06-17 14:00:00,1721.02,1725.55,1720.97,1724.66,0
2020-06-17 15:00:00,1724.66,1729.2,1722.37,1726.99,0
2020-06-17 16:00:00,1726.99,1727.59,1723.21,1724.53,0
2020-06-17 17:00:00,1724.54,1727.3,1723.65,1726.55,0
2020-06-17 18:00:00,1726.55,1728.51,1726.24,1726.39,0
2020-06-17 19:00:00,1726.38,1727.72,1726.26,1726.81,0
2020-06-17 20:00:00,1726.79,1730.32,1726.49,1729.19,0
2020-06-17 21:00:00,1729.14,1729.2,1726.29,1726.54,0
2020-06-17 23:00:00,1726.69,1728.37,1725.38,1727.11,0
2020-06-18 00:00:00,1727.11,1729.17,1727.01,1727.6,0
2020-06-18 01:00:00,1727.54,1730.21,1725.44,1727.97,0
2020-06-18 02:00:00,1727.97,1729.35,1724.32,1725.31,0
2020-06-18 03:00:00,1725.28,1726.98,1723.76,1726.26,0
2020-06-18 04:00:00,1726.29,1726.68,1724.87,1725.84,0
2020-06-18 05:00:00,1725.85,1727.94,1725.69,1726.92,0
2020-06-18 06:00:00,1726.92,1728.56,1726.64,1727.06,0
2020-06-18 07:00:00,1727.06,1728.85,1725.24,1726.14,0
2020-06-18 08:00:00,1726.14,1728.74,1724.58,1727.23,0
2020-06-18 09:00:00,1727.25,1734.4,1726.6,1732.98,0
2020-06-18 10:00:00,1733.02,1737.5,1720.35,1725.65,0
2020-06-18 11:00:00,1725.71,1727.89,1722.14,1726.55,0
2020-06-18 12:00:00,1726.55,1726.88,1717.95,1722.01,0
2020-06-18 13:00:00,1722.03,1726.49,1718.05,1725.37,0
2020-06-18 14:00:00,1725.37,1727.24,1722.08,1722.56,0
2020-06-18 15:00:00,1722.55,1723.11,1717.54,1722.04,0
2020-06-18 16:00:00,1722.1,1724.62,1720.71,1722.53,0
2020-06-18 17:00:00,1722.54,1724.3,1722.26,1723.26,0
2020-06-18 18:00:00,1723.26,1724.57,1722.61,1724.08,0
2020-06-18 19:00:00,1724.0,1725.42,1723.22,1725.11,0
2020-06-18 20:00:00,1725.11,1725.5,1722.75,1724.59,0
2020-06-18 21:00:00,1724.6,1725.41,1722.06,1722.12,0
2020-06-18 23:00:00,1722.67,1723.4,1720.97,1723.32,0
2020-06-19 00:00:00,1723.32,1723.71,1721.72,1723.25,0
2020-06-19 01:00:00,1723.25,1724.19,1722.25,1723.61,0
2020-06-19 02:00:00,1723.62,1726.11,1722.71,1725.87,0
2020-06-19 03:00:00,1725.94,1726.38,1724.79,1725.25,0
2020-06-19 04:00:00,1725.25,1727.1,1724.83,1725.91,0
2020-06-19 05:00:00,1725.91,1727.3,1725.7,1725.94,0
2020-06-19 06:00:00,1725.94,1728.08,1725.86,1727.95,0
2020-06-19 07:00:00,1727.95,1732.9,1727.23,1730.34,0
2020-06-19 08:00:00,1730.34,1732.46,1729.77,1731.96,0
2020-06-19 09:00:00,1731.96,1732.46,1728.09,1730.22,0
2020-06-19 10:00:00,1730.22,1731.65,1727.53,1731.36,0
2020-06-19 11:00:00,1731.44,1732.21,1729.57,1729.86,0
2020-06-19 12:00:00,1729.88,1734.08,1729.64,1733.88,0
2020-06-19 13:00:00,1733.83,1736.7,1731.34,1734.95,0
2020-06-19 14:00:00,1734.95,1737.31,1731.89,1734.42,0
2020-06-19 15:00:00,1734.43,1740.31,1733.32,1737.81,0
2020-06-19 16:00:00,1737.86,1745.19,1737.57,1742.19,0
2020-06-19 17:00:00,1742.2,1743.14,1739.11,1741.47,0
2020-06-19 18:00:00,1741.47,1742.41,1739.65,1741.08,0
2020-06-19 19:00:00,1741.08,1742.37,1739.84,1740.95,0
2020-06-19 20:00:00,1740.92,1744.2,1740.61,1744.0,0
2020-06-19 21:00:00,1744.0,1744.0,1741.04,1743.08,0
2020-06-21 23:00:00,1753.02,1753.02,1743.25,1745.2,0
2020-06-22 00:00:00,1745.2,1749.23,1744.85,1749.06,0
2020-06-22 01:00:00,1749.05,1751.19,1747.34,1748.36,0
2020-06-22 02:00:00,1748.36,1758.65,1746.34,1758.27,0
2020-06-22 03:00:00,1758.2,1758.48,1750.48,1751.35,0
2020-06-22 04:00:00,1751.35,1754.19,1749.13,1752.44,0
2020-06-22 05:00:00,1752.44,1752.73,1750.71,1752.34,0
2020-06-22 06:00:00,1752.34,1753.76,1751.09,1752.76,0
2020-06-22 07:00:00,1752.76,1753.55,1750.29,1751.4,0
2020-06-22 08:00:00,1751.2,1751.32,1742.78,1745.77,0
2020-06-22 09:00:00,1745.71,1749.67,1745.03,1749.18,0
2020-06-22 10:00:00,1749.12,1750.22,1746.02,1749.04,0
2020-06-22 11:00:00,1749.04,1749.28,1744.4,1748.19,0
2020-06-22 12:00:00,1748.19,1748.73,1746.86,1748.05,0
2020-06-22 13:00:00,1748.05,1758.41,1745.32,1756.42,0
2020-06-22 14:00:00,1756.42,1761.72,1753.49,1759.59,0
2020-06-22 15:00:00,1759.65,1763.07,1751.28,1751.71,0
2020-06-22 16:00:00,1751.7,1760.75,1749.49,1757.61,0
2020-06-22 17:00:00,1757.61,1759.07,1753.73,1755.07,0
2020-06-22 18:00:00,1755.07,1756.84,1752.99,1756.44,0
2020-06-22 19:00:00,1756.44,1758.57,1755.28,1755.79,0
2020-06-22 20:00:00,1755.79,1758.58,1751.78,1755.02,0
2020-06-22 21:00:00,1755.06,1756.87,1754.34,1754.7,0
2020-06-22 23:00:00,1753.74,1755.89,1752.29,1754.86,0
2020-06-23 00:00:00,1754.88,1757.01,1753.86,1755.21,0
2020-06-23 01:00:00,1755.23,1755.57,1752.6,1753.55,0
2020-06-23 02:00:00,1753.55,1760.38,1752.15,1755.55,0
2020-06-23 03:00:00,1755.54,1755.72,1747.72,1750.19,0
2020-06-23 04:00:00,1750.19,1753.34,1750.06,1751.42,0
2020-06-23 05:00:00,1751.43,1753.15,1751.07,1752.49,0
2020-06-23 06:00:00,1752.55,1755.19,1750.6,1752.61,0
2020-06-23 07:00:00,1752.42,1754.01,1748.58,1749.61,0
2020-06-23 08:00:00,1749.61,1756.31,1747.37,1755.86,0
2020-06-23 09:00:00,1755.82,1757.67,1753.84,1756.15,0
2020-06-23 10:00:00,1756.15,1757.92,1755.47,1757.26,0
2020-06-23 11:00:00,1757.26,1758.91,1754.77,1756.29,0
2020-06-23 12:00:00,1756.29,1758.46,1755.79,1757.87,0
2020-06-23 13:00:00,1757.8,1761.96,1756.74,1759.3,0
2020-06-23 14:00:00,1759.29,1767.4,1758.07,1765.25,0
2020-06-23 15:00:00,1765.24,1769.25,1762.19,1765.76,0
2020-06-23 16:00:00,1765.76,1768.0,1764.44,1766.15,0
2020-06-23 17:00:00,1766.15,1768.91,1764.76,1765.41,0
2020-06-23 18:00:00,1765.41,1766.99,1764.81,1766.91,0
2020-06-23 19:00:00,1766.91,1768.77,1765.69,1768.26,0
2020-06-23 20:00:00,1768.26,1770.67,1767.36,1770.04,0
2020-06-23 21:00:00,1770.04,1770.99,1766.58,1766.97,0
2020-06-23 23:00:00,1767.63,1770.14,1766.55,1767.04,0
2020-06-24 00:00:00,1767.04,1769.38,1766.14,1768.63,0
2020-06-24 01:00:00,1768.63,1773.35,1768.49,1770.35,0
2020-06-24 02:00:00,1770.34,1773.18,1768.74,1769.59,0
2020-06-24 03:00:00,1769.59,1770.44,1767.58,1767.86,0
2020-06-24 04:00:00,1767.86,1769.35,1767.48,1767.95,0
2020-06-24 05:00:00,1767.96,1769.46,1766.38,1768.85,0
2020-06-24 06:00:00,1768.81,1771.14,1767.92,1769.75,0
2020-06-24 07:00:00,1769.75,1770.59,1765.3,1769.9,0
2020-06-24 08:00:00,1769.93,1771.2,1767.86,1769.87,0
2020-06-24 09:00:00,1769.88,1775.46,1769.73,1775.04,0
2020-06-24 10:00:00,1775.04,1778.4,1774.03,1778.38,0
2020-06-24 11:00:00,1778.41,1779.22,1775.8,1775.82,0
2020-06-24 12:00:00,1775.79,1778.12,1772.77,1777.93,0
2020-06-24 13:00:00,1777.93,1778.77,1763.86,1766.66,0
2020-06-24 14:00:00,1766.68,1772.56,1761.66,1769.23,0
2020-06-24 15:00:00,1769.23,1774.72,1765.34,1773.97,0
2020-06-24 16:00:00,1773.97,1776.03,1763.27,1767.31,0
2020-06-24 17:00:00,1767.32,1767.32,1760.62,1766.38,0
2020-06-24 18:00:00,1766.45,1768.32,1763.05,1765.63,0
2020-06-24 19:00:00,1765.63,1767.75,1764.08,1765.1,0
2020-06-24 20:00:00,1765.1,1767.56,1763.69,1765.04,0
2020-06-24 21:00:00,1765.05,1766.46,1760.68,1761.4,0
2020-06-24 23:00:00,1760.31,1763.75,1753.34,1763.7,0
2020-06-25 00:00:00,1763.74,1765.08,1760.63,1762.0,0
2020-06-25 01:00:00,1762.0,1766.07,1761.64,1764.48,0
2020-06-25 02:00:00,1764.42,1765.49,1761.78,1763.64,0
2020-06-25 03:00:00,1763.58,1763.59,1758.34,1761.14,0
2020-06-25 04:00:00,1761.13,1763.99,1760.43,1763.77,0
2020-06-25 05:00:00,1763.77,1764.16,1761.52,1762.24,0
2020-06-25 06:00:00,1762.24,1762.97,1759.52,1761.94,0
2020-06-25 07:00:00,1761.94,1768.86,1761.94,1766.89,0
2020-06-25 08:00:00,1766.82,1768.57,1764.92,1765.77,0
2020-06-25 09:00:00,1765.77,1766.87,1762.25,1762.77,0
2020-06-25 10:00:00,1762.78,1764.52,1760.47,1761.71,0
2020-06-25 11:00:00,1761.73,1763.03,1758.44,1759.22,0
2020-06-25 12:00:00,1759.22,1763.12,1758.61,1759.23,0
2020-06-25 13:00:00,1759.21,1765.23,1755.37,1764.19,0
2020-06-25 14:00:00,1764.36,1766.54,1760.21,1762.0,0
2020-06-25 15:00:00,1762.0,1763.25,1757.19,1759.79,0
2020-06-25 16:00:00,1759.79,1762.89,1757.98,1761.1,0
2020-06-25 17:00:00,1761.16,1764.74,1761.16,1762.98,0
2020-06-25 18:00:00,1762.9,1764.07,1760.97,1762.56,0
2020-06-25 19:00:00,1762.56,1763.39,1761.31,1763.06,0
2020-06-25 20:00:00,1763.06,1764.08,1761.53,1763.56,0
2020-06-25 21:00:00,1763.54,1764.44,1762.0,1764.05,0
2020-06-25 23:00:00,1763.29,1765.15,1763.06,1764.01,0
2020-06-26 00:00:00,1764.01,1766.25,1763.72,1765.65,0
2020-06-26 01:00:00,1765.7,1766.08,1762.06,1763.06,0
2020-06-26 02:00:00,1763.07,1763.43,1760.57,1761.02,0
2020-06-26 03:00:00,1761.03,1762.52,1760.75,1762.05,0
2020-06-26 04:00:00,1762.05,1762.56,1760.39,1760.55,0
2020-06-26 05:00:00,1760.55,1761.26,1759.38,1761.17,0
2020-06-26 06:00:00,1761.17,1761.58,1757.97,1759.5,0
2020-06-26 07:00:00,1759.51,1761.92,1759.24,1760.15,0
2020-06-26 08:00:00,1760.13,1765.05,1759.91,1763.27,0
2020-06-26 09:00:00,1763.31,1766.71,1763.13,1764.13,0
2020-06-26 10:00:00,1764.15,1764.34,1761.02,1762.83,0
2020-06-26 11:00:00,1762.81,1763.45,1761.05,1762.26,0
2020-06-26 12:00:00,1762.26,1765.2,1761.1,1762.44,0
2020-06-26 13:00:00,1762.44,1763.83,1759.26,1761.2,0
2020-06-26 14:00:00,1761.05,1761.41,1749.42,1749.63,0
2020-06-26 15:00:00,1749.63,1755.82,1747.43,1755.49,0
2020-06-26 16:00:00,1755.6,1768.06,1754.96,1766.69,0
2020-06-26 17:00:00,1766.7,1769.04,1764.95,1767.52,0
2020-06-26 18:00:00,1767.6,1770.16,1765.66,1767.76,0
2020-06-26 19:00:00,1767.76,1768.45,1765.93,1767.17,0
2020-06-26 20:00:00,1767.19,1771.84,1766.59,1771.11,0
2020-06-26 21:00:00,1771.11,1771.24,1768.33,1770.38,0
2020-06-28 23:00:00,1775.42,1775.42,1768.94,1774.02,0
2020-06-29 00:00:00,1774.02,1774.67,1770.84,1771.49,0
2020-06-29 01:00:00,1771.49,1775.03,1770.2,1774.27,0
2020-06-29 02:00:00,1774.27,1775.08,1767.65,1769.01,0
2020-06-29 03:00:00,1769.01,1773.88,1767.62,1771.59,0
2020-06-29 04:00:00,1771.59,1773.97,1771.09,1772.4,0
2020-06-29 05:00:00,1772.4,1774.43,1771.79,1774.05,0
2020-06-29 06:00:00,1774.05,1775.0,1771.56,1773.05,0
2020-06-29 07:00:00,1772.98,1773.34,1770.47,1771.76,0
2020-06-29 08:00:00,1771.76,1771.76,1768.53,1769.05,0
2020-06-29 09:00:00,1769.07,1771.47,1766.98,1771.08,0
2020-06-29 10:00:00,1771.08,1771.39,1767.12,1769.33,0
2020-06-29 11:00:00,1769.33,1772.84,1768.64,1772.36,0
2020-06-29 12:00:00,1772.36,1773.35,1770.13,1770.52,0
2020-06-29 13:00:00,1770.53,1772.68,1765.57,1768.96,0
2020-06-29 14:00:00,1769.02,1772.89,1768.79,1771.78,0
2020-06-29 15:00:00,1771.78,1773.98,1768.92,1772.92,0
2020-06-29 16:00:00,1772.92,1774.16,1769.56,1771.3,0
2020-06-29 17:00:00,1771.3,1771.34,1767.44,1769.82,0
2020-06-29 18:00:00,1769.82,1770.48,1768.75,1769.84,0
2020-06-29 19:00:00,1769.79,1771.73,1768.77,1771.6,0
2020-06-29 20:00:00,1771.56,1772.87,1770.64,1771.72,0
2020-06-29 21:00:00,1771.72,1773.18,1770.72,1772.94,0
2020-06-29 23:00:00,1772.32,1773.45,1770.91,1773.43,0
2020-06-30 00:00:00,1773.44,1773.72,1772.58,1772.87,0
2020-06-30 01:00:00,1772.89,1773.09,1768.82,1769.28,0
2020-06-30 02:00:00,1769.28,1771.83,1768.79,1770.88,0
2020-06-30 03:00:00,1770.88,1772.15,1770.82,1771.96,0
2020-06-30 04:00:00,1771.99,1772.17,1770.08,1770.72,0
2020-06-30 05:00:00,1770.72,1772.1,1770.47,1771.31,0
2020-06-30 06:00:00,1771.31,1772.62,1769.14,1770.64,0
2020-06-30 07:00:00,1770.64,1773.76,1770.64,1772.87,0
2020-06-30 08:00:00,1772.95,1773.72,1771.31,1773.5,0
2020-06-30 09:00:00,1773.58,1773.78,1771.13,1771.67,0
2020-06-30 10:00:00,1771.67,1771.78,1769.37,1770.42,0
2020-06-30 11:00:00,1770.39,1771.72,1769.4,1769.81,0
2020-06-30 12:00:00,1769.84,1770.54,1764.67,1765.86,0
2020-06-30 13:00:00,1765.92,1769.65,1765.61,1769.1,0
2020-06-30 14:00:00,1769.17,1771.73,1766.21,1770.84,0
2020-06-30 15:00:00,1770.84,1784.18,1768.6,1781.08,0
2020-06-30 16:00:00,1781.13,1786.12,1779.48,1782.83,0
2020-06-30 17:00:00,1782.83,1784.65,1781.18,1783.53,0
2020-06-30 18:00:00,1783.53,1784.33,1779.89,1779.9,0
2020-06-30 19:00:00,1780.0,1783.18,1779.43,1782.41,0
2020-06-30 20:00:00,1782.4,1782.61,1779.6,1780.16,0
2020-06-30 21:00:00,1780.16,1781.9,1779.95,1780.44,0
2020-06-30 23:00:00,1780.44,1783.76,1780.2,1781.39,0
2020-07-01 00:00:00,1781.36,1784.4,1781.36,1783.02,0
2020-07-01 01:00:00,1783.01,1783.34,1780.07,1780.68,0
2020-07-01 02:00:00,1780.68,1783.58,1780.67,1781.62,0
2020-07-01 03:00:00,1781.63,1783.11,1781.0,1782.88,0
2020-07-01 04:00:00,1782.88,1784.38,1782.06,1783.85,0
2020-07-01 05:00:00,1783.84,1784.65,1782.05,1782.94,0
2020-07-01 06:00:00,1782.94,1785.15,1782.74,1783.7,0
2020-07-01 07:00:00,1783.7,1784.98,1783.14,1783.75,0
2020-07-01 08:00:00,1783.75,1789.08,1783.55,1787.88,0
2020-07-01 09:00:00,1787.89,1788.83,1785.55,1785.86,0
2020-07-01 10:00:00,1785.86,1788.77,1785.48,1787.16,0
2020-07-01 11:00:00,1787.08,1788.53,1779.89,1781.56,0
2020-07-01 12:00:00,1781.56,1782.74,1776.82,1781.5,0
2020-07-01 13:00:00,1781.5,1784.13,1775.87,1779.46,0
2020-07-01 14:00:00,1779.48,1779.56,1763.99,1767.36,0
2020-07-01 15:00:00,1767.38,1770.46,1761.63,1765.73,0
2020-07-01 16:00:00,1765.77,1766.89,1759.07,1766.86,0
2020-07-01 17:00:00,1766.86,1770.61,1765.27,1770.59,0
2020-07-01 18:00:00,1770.59,1771.62,1767.71,1768.74,0
2020-07-01 19:00:00,1768.72,1770.98,1766.55,1770.52,0
2020-07-01 20:00:00,1770.52,1773.02,1770.0,1772.5,0
2020-07-01 21:00:00,1772.5,1772.65,1769.61,1770.12,0
2020-07-01 23:00:00,1769.86,1772.17,1768.2,1769.6,0
2020-07-02 00:00:00,1769.6,1771.05,1767.68,1768.25,0
2020-07-02 01:00:00,1768.25,1769.05,1766.36,1768.49,0
2020-07-02 02:00:00,1768.48,1769.97,1765.77,1769.43,0
2020-07-02 03:00:00,1769.4,1770.42,1767.66,1768.09,0
2020-07-02 04:00:00,1768.09,1769.07,1767.1,1768.87,0
2020-07-02 05:00:00,1768.91,1769.02,1767.61,1767.64,0
2020-07-02 06:00:00,1767.64,1767.84,1764.31,1766.16,0
2020-07-02 07:00:00,1766.16,1768.59,1765.81,1767.95,0
2020-07-02 08:00:00,1767.94,1770.36,1767.25,1769.1,0
2020-07-02 09:00:00,1769.1,1772.52,1768.81,1772.26,0
2020-07-02 10:00:00,1772.27,1773.34,1770.83,1772.98,0
2020-07-02 11:00:00,1772.98,1774.49,1772.04,1772.19,0
2020-07-02 12:00:00,1772.14,1773.86,1771.69,1772.68,0
2020-07-02 13:00:00,1772.69,1772.94,1761.77,1761.8,0
2020-07-02 14:00:00,1761.8,1774.38,1757.44,1773.58,0
2020-07-02 15:00:00,1773.58,1778.9,1772.32,1775.56,0
2020-07-02 16:00:00,1775.56,1779.5,1774.97,1778.05,0
2020-07-02 17:00:00,1778.05,1778.26,1773.86,1776.53,0
2020-07-02 18:00:00,1776.48,1778.19,1776.08,1776.98,0
2020-07-02 19:00:00,1777.0,1777.46,1775.94,1777.13,0
2020-07-02 20:00:00,1777.13,1777.34,1774.81,1775.68,0
2020-07-02 21:00:00,1775.73,1776.33,1774.5,1775.32,0
2020-07-02 23:00:00,1774.25,1777.1,1774.25,1775.82,0
2020-07-03 00:00:00,1775.83,1776.36,1775.44,1775.64,0
2020-07-03 01:00:00,1775.64,1776.63,1773.13,1774.91,0
2020-07-03 02:00:00,1774.92,1777.11,1774.82,1775.82,0
2020-07-03 03:00:00,1775.83,1776.94,1774.53,1776.78,0
2020-07-03 04:00:00,1776.78,1777.06,1775.34,1775.63,0
2020-07-03 05:00:00,1775.57,1776.15,1772.79,1774.24,0
2020-07-03 06:00:00,1774.21,1775.6,1772.58,1774.33,0
2020-07-03 07:00:00,1774.27,1776.39,1772.75,1775.67,0
2020-07-03 08:00:00,1775.7,1776.87,1774.7,1775.62,0
2020-07-03 09:00:00,1775.63,1776.33,1773.5,1776.11,0
2020-07-03 10:00:00,1776.13,1776.32,1773.93,1774.73,0
2020-07-03 11:00:00,1774.65,1776.73,1774.01,1775.71,0
2020-07-03 12:00:00,1775.89,1777.1,1774.94,1775.84,0
2020-07-03 13:00:00,1775.84,1776.35,1774.64,1775.53,0
2020-07-03 14:00:00,1775.53,1776.16,1773.39,1773.91,0
2020-07-03 15:00:00,1773.91,1775.91,1773.17,1774.74,0
2020-07-03 16:00:00,1774.74,1775.89,1774.45,1775.07,0
2020-07-03 17:00:00,1775.07,1776.33,1774.15,1774.91,0
2020-07-03 18:00:00,1774.7,1774.7,1773.64,1773.64,0
2020-07-05 23:00:00,1773.42,1774.9,1772.45,1774.42,0
2020-07-06 00:00:00,1774.43,1776.09,1773.55,1775.38,0
2020-07-06 01:00:00,1775.37,1776.88,1775.05,1775.65,0
2020-07-06 02:00:00,1775.65,1776.3,1771.45,1772.78,0
2020-07-06 03:00:00,1772.77,1774.33,1770.0,1773.84,0
2020-07-06 04:00:00,1773.84,1774.37,1771.91,1772.16,0
2020-07-06 05:00:00,1772.16,1773.41,1771.41,1772.38,0
2020-07-06 06:00:00,1772.4,1773.83,1772.24,1772.64,0
2020-07-06 07:00:00,1772.6,1776.87,1772.26,1776.73,0
2020-07-06 08:00:00,1776.7,1777.89,1775.61,1776.02,0
2020-07-06 09:00:00,1776.02,1777.84,1775.08,1776.83,0
2020-07-06 10:00:00,1776.83,1778.88,1774.44,1775.28,0
2020-07-06 11:00:00,1775.3,1776.33,1774.13,1775.85,0
2020-07-06 12:00:00,1775.9,1779.67,1775.64,1779.31,0
2020-07-06 13:00:00,1779.32,1785.44,1777.29,1783.3,0
2020-07-06 14:00:00,1783.21,1786.99,1782.32,1784.27,0
2020-07-06 15:00:00,1784.3,1786.38,1779.12,1782.33,0
2020-07-06 16:00:00,1782.35,1785.26,1781.37,1783.72,0
2020-07-06 17:00:00,1783.72,1784.58,1781.62,1783.34,0
2020-07-06 18:00:00,1783.34,1784.62,1782.93,1783.58,0
2020-07-06 19:00:00,1783.58,1786.06,1783.03,1785.38,0
2020-07-06 20:00:00,1785.38,1786.98,1784.79,1786.44,0
2020-07-06 21:00:00,1786.44,1786.92,1784.1,1784.2,0
2020-07-06 23:00:00,1784.37,1786.44,1783.22,1786.22,0
2020-07-07 00:00:00,1786.22,1786.43,1784.61,1785.87,0
2020-07-07 01:00:00,1785.87,1786.35,1783.43,1785.71,0
2020-07-07 02:00:00,1785.71,1787.13,1783.53,1784.61,0
2020-07-07 03:00:00,1784.57,1785.38,1782.62,1782.9,0
2020-07-07 04:00:00,1782.85,1784.93,1782.65,1784.53,0
2020-07-07 05:00:00,1784.46,1784.98,1783.78,1783.78,0
2020-07-07 06:00:00,1783.8,1784.91,1782.47,1784.31,0
2020-07-07 07:00:00,1784.31,1785.15,1782.1,1782.73,0
2020-07-07 08:00:00,1782.81,1784.16,1780.29,1780.75,0
2020-07-07 09:00:00,1780.71,1781.31,1774.58,1778.16,0
2020-07-07 10:00:00,1778.16,1778.28,1773.52,1776.88,0
2020-07-07 11:00:00,1776.88,1777.38,1774.82,1776.37,0
2020-07-07 12:00:00,1776.35,1778.41,1775.65,1777.82,0
2020-07-07 13:00:00,1777.8,1780.29,1775.61,1778.67,0
2020-07-07 14:00:00,1778.64,1786.41,1778.45,1784.96,0
2020-07-07 15:00:00,1784.97,1796.37,1784.97,1793.98,0
2020-07-07 16:00:00,1793.98,1796.53,1792.72,1795.2,0
2020-07-07 17:00:00,1795.25,1796.58,1793.78,1796.01,0
2020-07-07 18:00:00,1796.01,1797.16,1794.94,1796.72,0
2020-07-07 19:00:00,1796.72,1796.84,1795.19,1795.67,0
2020-07-07 20:00:00,1795.66,1797.37,1794.81,1797.16,0
2020-07-07 21:00:00,1797.18,1797.27,1794.23,1794.74,0
2020-07-07 23:00:00,1795.32,1795.85,1793.34,1794.65,0
2020-07-08 00:00:00,1794.65,1795.48,1794.3,1794.37,0
2020-07-08 01:00:00,1794.37,1796.56,1792.58,1793.5,0
2020-07-08 02:00:00,1793.5,1795.13,1793.11,1794.3,0
2020-07-08 03:00:00,1794.3,1794.61,1791.48,1793.13,0
2020-07-08 04:00:00,1793.13,1795.13,1792.37,1794.33,0
2020-07-08 05:00:00,1794.32,1795.32,1792.46,1794.89,0
2020-07-08 06:00:00,1794.87,1795.41,1793.76,1794.34,0
2020-07-08 07:00:00,1794.34,1795.11,1792.48,1794.95,0
2020-07-08 08:00:00,1794.94,1796.22,1792.75,1796.19,0
2020-07-08 09:00:00,1796.21,1800.62,1796.13,1799.59,0
2020-07-08 10:00:00,1799.57,1802.98,1798.48,1802.78,0
2020-07-08 11:00:00,1802.78,1804.11,1800.71,1802.73,0
2020-07-08 12:00:00,1802.71,1804.78,1800.26,1804.48,0
2020-07-08 13:00:00,1804.49,1804.82,1801.88,1803.76,0
2020-07-08 14:00:00,1803.76,1815.24,1803.7,1810.36,0
2020-07-08 15:00:00,1810.46,1817.97,1809.27,1811.8,0
2020-07-08 16:00:00,1811.84,1813.85,1808.75,1811.28,0
2020-07-08 17:00:00,1811.27,1814.04,1811.26,1812.54,0
2020-07-08 18:00:00,1812.54,1813.94,1809.64,1810.55,0
2020-07-08 19:00:00,1810.54,1811.18,1806.7,1808.51,0
2020-07-08 20:00:00,1808.51,1810.74,1808.12,1809.37,0
2020-07-08 21:00:00,1809.39,1809.41,1808.27,1808.61,0
2020-07-08 23:00:00,1808.87,1810.67,1808.05,1809.38,0
2020-07-09 00:00:00,1809.38,1810.12,1808.1,1809.12,0
2020-07-09 01:00:00,1809.12,1809.83,1806.01,1806.92,0
2020-07-09 02:00:00,1806.92,1810.29,1806.28,1809.6,0
2020-07-09 03:00:00,1809.6,1810.17,1808.52,1809.0,0
2020-07-09 04:00:00,1808.99,1809.59,1807.91,1809.38,0
2020-07-09 05:00:00,1809.36,1812.09,1809.08,1811.73,0
2020-07-09 06:00:00,1811.73,1813.0,1810.82,1811.4,0
2020-07-09 07:00:00,1811.4,1814.21,1809.74,1813.87,0
2020-07-09 08:00:00,1813.87,1814.09,1810.11,1812.68,0
2020-07-09 09:00:00,1812.68,1815.95,1811.86,1814.66,0
2020-07-09 10:00:00,1814.64,1815.45,1812.3,1813.09,0
2020-07-09 11:00:00,1813.09,1815.06,1805.73,1808.44,0
2020-07-09 12:00:00,1808.44,1810.12,1805.89,1808.1,0
2020-07-09 13:00:00,1808.13,1812.67,1804.87,1811.4,0
2020-07-09 14:00:00,1811.39,1814.42,1808.94,1812.19,0
2020-07-09 15:00:00,1812.12,1815.42,1805.38,1806.11,0
2020-07-09 16:00:00,1806.11,1808.48,1795.48,1801.13,0
2020-07-09 17:00:00,1801.13,1801.41,1797.94,1800.01,0
2020-07-09 18:00:00,1800.05,1801.36,1798.4,1801.1,0
2020-07-09 19:00:00,1801.05,1804.93,1800.6,1804.46,0
2020-07-09 20:00:00,1804.46,1805.03,1801.87,1803.73,0
2020-07-09 21:00:00,1803.73,1803.88,1802.1,1802.86,0
2020-07-09 23:00:00,1803.27,1804.24,1800.82,1803.35,0
2020-07-10 00:00:00,1803.29,1804.25,1803.13,1803.83,0
2020-07-10 01:00:00,1803.83,1803.95,1801.04,1802.94,0
2020-07-10 02:00:00,1802.95,1804.18,1800.88,1803.28,0
2020-07-10 03:00:00,1803.36,1803.4,1800.05,1800.15,0
2020-07-10 04:00:00,1800.15,1801.58,1799.32,1801.24,0
2020-07-10 05:00:00,1801.24,1801.82,1800.78,1801.24,0
2020-07-10 06:00:00,1801.24,1801.53,1795.85,1796.19,0
2020-07-10 07:00:00,1796.19,1799.07,1795.93,1796.38,0
2020-07-10 08:00:00,1796.38,1800.44,1796.06,1799.42,0
2020-07-10 09:00:00,1799.47,1805.43,1799.47,1805.05,0
2020-07-10 10:00:00,1805.05,1807.07,1804.74,1806.67,0
2020-07-10 11:00:00,1806.67,1809.22,1805.96,1808.35,0
2020-07-10 12:00:00,1808.35,1808.93,1806.03,1806.43,0
2020-07-10 13:00:00,1806.49,1810.56,1805.78,1807.27,0
2020-07-10 14:00:00,1807.27,1810.17,1803.48,1803.48,0
2020-07-10 15:00:00,1803.48,1806.67,1801.43,1802.37,0
2020-07-10 16:00:00,1802.37,1802.76,1795.85,1797.98,0
2020-07-10 17:00:00,1797.98,1800.38,1794.07,1794.45,0
2020-07-10 18:00:00,1794.45,1800.29,1794.24,1799.42,0
2020-07-10 19:00:00,1799.42,1799.91,1796.61,1799.78,0
2020-07-10 20:00:00,1799.78,1800.63,1797.59,1799.32,0
2020-07-10 21:00:00,1799.38,1799.4,1798.14,1798.51,0
2020-07-12 23:00:00,1795.97,1801.21,1795.97,1800.66,0
2020-07-13 00:00:00,1800.61,1801.43,1799.7,1800.05,0
2020-07-13 01:00:00,1800.03,1801.83,1799.85,1801.04,0
2020-07-13 02:00:00,1801.04,1803.92,1800.04,1802.29,0
2020-07-13 03:00:00,1802.29,1804.67,1802.29,1804.25,0
2020-07-13 04:00:00,1804.25,1804.9,1803.3,1803.3,0
2020-07-13 05:00:00,1803.3,1804.52,1802.54,1804.22,0
2020-07-13 06:00:00,1804.22,1807.43,1804.12,1807.24,0
2020-07-13 07:00:00,1807.24,1807.72,1806.21,1807.02,0
2020-07-13 08:00:00,1807.02,1808.19,1804.8,1805.04,0
2020-07-13 09:00:00,1805.04,1808.51,1803.93,1807.64,0
2020-07-13 10:00:00,1807.64,1810.01,1807.62,1808.29,0
2020-07-13 11:00:00,1808.29,1809.6,1807.42,1808.82,0
2020-07-13 12:00:00,1808.82,1810.03,1808.18,1809.12,0
2020-07-13 13:00:00,1809.12,1810.02,1806.06,1807.54,0
2020-07-13 14:00:00,1807.53,1813.31,1806.25,1809.61,0
2020-07-13 15:00:00,1809.71,1810.4,1801.9,1807.68,0
2020-07-13 16:00:00,1807.66,1809.4,1804.64,1807.32,0
2020-07-13 17:00:00,1807.35,1810.34,1806.8,1809.85,0
2020-07-13 18:00:00,1809.84,1811.63,1809.03,1810.79,0
2020-07-13 19:00:00,1810.79,1810.88,1804.76,1808.23,0
2020-07-13 20:00:00,1808.23,1808.23,1800.41,1802.31,0
2020-07-13 21:00:00,1802.44,1804.2,1801.14,1802.49,0
2020-07-13 23:00:00,1802.08,1803.13,1801.43,1802.51,0
2020-07-14 00:00:00,1802.49,1802.54,1801.02,1802.35,0
2020-07-14 01:00:00,1802.35,1802.49,1797.46,1797.46,0
2020-07-14 02:00:00,1797.42,1799.58,1795.85,1798.55,0
2020-07-14 03:00:00,1798.48,1799.31,1796.48,1798.69,0
2020-07-14 04:00:00,1798.69,1799.1,1797.49,1797.67,0
2020-07-14 05:00:00,1797.67,1799.08,1797.46,1798.23,0
2020-07-14 06:00:00,1798.25,1798.71,1796.17,1797.15,0
2020-07-14 07:00:00,1797.15,1802.36,1796.78,1801.21,0
2020-07-14 08:00:00,1801.2,1801.32,1796.74,1800.51,0
2020-07-14 09:00:00,1800.54,1802.0,1798.47,1801.22,0
2020-07-14 10:00:00,1801.22,1801.59,1798.52,1799.16,0
2020-07-14 11:00:00,1799.16,1799.85,1790.6,1793.8,0
2020-07-14 12:00:00,1793.8,1801.05,1793.04,1800.54,0
2020-07-14 13:00:00,1800.55,1805.19,1798.34,1801.38,0
2020-07-14 14:00:00,1801.38,1803.69,1795.25,1800.59,0
2020-07-14 15:00:00,1800.49,1807.89,1800.23,1807.74,0
2020-07-14 16:00:00,1807.75,1809.63,1806.21,1807.45,0
2020-07-14 17:00:00,1807.45,1809.41,1806.62,1808.93,0
2020-07-14 18:00:00,1808.94,1810.04,1807.43,1809.71,0
2020-07-14 19:00:00,1809.7,1810.86,1807.62,1808.08,0
2020-07-14 20:00:00,1808.08,1810.85,1807.08,1810.29,0
2020-07-14 21:00:00,1810.29,1810.49,1808.31,1809.31,0
2020-07-14 23:00:00,1809.19,1809.19,1807.12,1808.01,0
2020-07-15 00:00:00,1808.03,1809.87,1808.0,1809.3,0
2020-07-15 01:00:00,1809.3,1811.28,1807.29,1808.03,0
2020-07-15 02:00:00,1808.03,1810.11,1807.56,1809.14,0
2020-07-15 03:00:00,1809.14,1810.15,1808.21,1809.61,0
2020-07-15 04:00:00,1809.6,1809.96,1807.96,1808.96,0
2020-07-15 05:00:00,1808.96,1808.96,1805.83,1805.83,0
2020-07-15 06:00:00,1805.83,1808.97,1805.71,1808.54,0
2020-07-15 07:00:00,1808.54,1809.21,1805.85,1806.66,0
2020-07-15 08:00:00,1806.75,1811.93,1806.55,1811.8,0
2020-07-15 09:00:00,1811.8,1815.06,1810.99,1812.54,0
2020-07-15 10:00:00,1812.54,1812.81,1807.84,1808.61,0
2020-07-15 11:00:00,1808.58,1809.14,1806.4,1807.72,0
2020-07-15 12:00:00,1807.72,1807.98,1803.56,1805.24,0
2020-07-15 13:00:00,1805.24,1808.12,1805.11,1807.08,0
2020-07-15 14:00:00,1807.08,1808.5,1802.46,1804.0,0
2020-07-15 15:00:00,1804.0,1812.6,1803.79,1808.22,0
2020-07-15 16:00:00,1808.24,1811.85,1806.32,1810.47,0
2020-07-15 17:00:00,1810.53,1813.28,1810.4,1812.48,0
2020-07-15 18:00:00,1812.48,1812.74,1810.89,1811.25,0
2020-07-15 19:00:00,1811.25,1812.42,1810.48,1811.8,0
2020-07-15 20:00:00,1811.78,1812.37,1810.24,1812.26,0
2020-07-15 21:00:00,1812.26,1812.47,1810.14,1810.25,0
2020-07-15 23:00:00,1810.23,1811.64,1809.55,1811.52,0
2020-07-16 00:00:00,1811.52,1813.13,1810.96,1813.06,0
2020-07-16 01:00:00,1813.06,1813.26,1809.97,1810.39,0
2020-07-16 02:00:00,1810.39,1811.0,1808.16,1810.04,0
2020-07-16 03:00:00,1810.03,1810.83,1808.1,1809.68,0
2020-07-16 04:00:00,1809.69,1809.97,1808.87,1809.82,0
2020-07-16 05:00:00,1809.82,1811.42,1809.35,1811.19,0
2020-07-16 06:00:00,1811.18,1811.2,1807.58,1808.24,0
2020-07-16 07:00:00,1808.24,1808.99,1805.5,1807.0,0
2020-07-16 08:00:00,1807.0,1808.28,1805.61,1806.0,0
2020-07-16 09:00:00,1806.0,1806.9,1804.58,1806.63,0
2020-07-16 10:00:00,1806.63,1808.16,1802.99,1804.72,0
2020-07-16 11:00:00,1804.72,1806.96,1803.99,1806.36,0
2020-07-16 12:00:00,1806.36,1807.84,1805.02,1805.5,0
2020-07-16 13:00:00,1805.51,1808.96,1803.55,1805.33,0
2020-07-16 14:00:00,1805.23,1807.93,1803.24,1806.54,0
2020-07-16 15:00:00,1806.55,1808.78,1805.47,1808.11,0
2020-07-16 16:00:00,1808.13,1808.44,1804.29,1806.38,0
2020-07-16 17:00:00,1806.38,1807.64,1800.85,1801.15,0
2020-07-16 18:00:00,1801.14,1801.43,1796.29,1797.23,0
2020-07-16 19:00:00,1797.22,1797.84,1795.7,1796.82,0
2020-07-16 20:00:00,1796.81,1797.99,1794.92,1795.3,0
2020-07-16 21:00:00,1795.3,1797.39,1795.26,1796.49,0
2020-07-16 23:00:00,1796.86,1798.32,1796.61,1797.56,0
2020-07-17 00:00:00,1797.56,1798.78,1796.6,1798.3,0
2020-07-17 01:00:00,1798.3,1799.3,1797.36,1797.98,0
2020-07-17 02:00:00,1797.98,1799.47,1795.82,1796.79,0
2020-07-17 03:00:00,1796.71,1799.17,1796.0,1797.87,0
2020-07-17 04:00:00,1797.87,1799.14,1797.74,1799.05,0
2020-07-17 05:00:00,1799.05,1799.18,1798.22,1798.51,0
2020-07-17 06:00:00,1798.51,1800.06,1798.26,1799.77,0
2020-07-17 07:00:00,1799.76,1800.25,1798.82,1799.23,0
2020-07-17 08:00:00,1799.23,1801.37,1798.67,1800.77,0
2020-07-17 09:00:00,1800.77,1802.82,1800.72,1802.52,0
2020-07-17 10:00:00,1802.52,1803.7,1801.25,1803.61,0
2020-07-17 11:00:00,1803.61,1805.18,1803.01,1804.83,0
2020-07-17 12:00:00,1804.81,1806.32,1804.26,1805.91,0
2020-07-17 13:00:00,1805.94,1807.66,1805.3,1805.44,0
2020-07-17 14:00:00,1805.44,1809.85,1805.24,1807.35,0
2020-07-17 15:00:00,1807.35,1810.28,1805.59,1808.85,0
2020-07-17 16:00:00,1808.85,1811.77,1808.4,1810.39,0
2020-07-17 17:00:00,1810.39,1811.99,1807.53,1807.89,0
2020-07-17 18:00:00,1807.89,1811.07,1807.46,1810.99,0
2020-07-17 19:00:00,1810.99,1811.16,1809.31,1810.92,0
2020-07-17 20:00:00,1810.89,1811.43,1810.03,1810.2,0
2020-07-17 21:00:00,1810.26,1811.33,1809.15,1809.38,0
2020-07-19 23:00:00,1808.99,1810.05,1807.11,1809.67,0
2020-07-20 00:00:00,1809.67,1810.64,1808.85,1808.93,0
2020-07-20 01:00:00,1808.93,1809.67,1806.93,1808.01,0
2020-07-20 02:00:00,1808.03,1808.63,1805.71,1807.35,0
2020-07-20 03:00:00,1807.36,1808.74,1806.57,1807.84,0
2020-07-20 04:00:00,1807.84,1808.46,1807.14,1807.74,0
2020-07-20 05:00:00,1807.74,1808.98,1807.34,1808.97,0
2020-07-20 06:00:00,1808.97,1810.26,1808.54,1809.14,0
2020-07-20 07:00:00,1809.14,1810.95,1808.13,1810.71,0
2020-07-20 08:00:00,1810.7,1810.98,1807.6,1810.12,0
2020-07-20 09:00:00,1810.13,1812.13,1809.32,1811.95,0
2020-07-20 10:00:00,1811.95,1812.44,1809.93,1810.68,0
2020-07-20 11:00:00,1810.64,1811.59,1809.63,1810.95,0
2020-07-20 12:00:00,1810.97,1815.31,1810.81,1815.23,0
2020-07-20 13:00:00,1815.23,1818.13,1813.59,1814.04,0
2020-07-20 14:00:00,1814.06,1817.65,1811.9,1815.02,0
2020-07-20 15:00:00,1815.02,1820.57,1814.99,1817.27,0
2020-07-20 16:00:00,1817.27,1817.76,1814.79,1816.54,0
2020-07-20 17:00:00,1816.54,1816.99,1815.26,1816.09,0
2020-07-20 18:00:00,1816.09,1816.62,1815.29,1816.09,0
2020-07-20 19:00:00,1816.09,1817.97,1815.48,1817.57,0
2020-07-20 20:00:00,1817.57,1818.62,1816.84,1818.25,0
2020-07-20 21:00:00,1818.36,1818.57,1817.09,1817.24,0
2020-07-20 23:00:00,1817.42,1818.28,1816.93,1817.73,0
2020-07-21 00:00:00,1817.73,1818.74,1817.1,1817.95,0
2020-07-21 01:00:00,1817.95,1818.45,1816.45,1816.67,0
2020-07-21 02:00:00,1816.67,1818.49,1815.84,1816.85,0
2020-07-21 03:00:00,1816.84,1818.04,1816.51,1817.56,0
2020-07-21 04:00:00,1817.56,1820.19,1817.56,1819.77,0
2020-07-21 05:00:00,1819.74,1819.98,1817.29,1817.83,0
2020-07-21 06:00:00,1817.83,1819.68,1817.24,1818.87,0
2020-07-21 07:00:00,1818.8,1823.61,1817.51,1822.89,0
2020-07-21 08:00:00,1822.89,1824.09,1821.18,1822.29,0
2020-07-21 09:00:00,1822.32,1824.65,1821.49,1823.92,0
2020-07-21 10:00:00,1823.88,1824.48,1822.37,1824.05,0
2020-07-21 11:00:00,1824.05,1827.54,1823.63,1826.3,0
2020-07-21 12:00:00,1826.32,1828.36,1825.45,1828.09,0
2020-07-21 13:00:00,1828.02,1841.49,1827.69,1839.22,0
2020-07-21 14:00:00,1839.24,1839.91,1834.04,1838.86,0
2020-07-21 15:00:00,1838.86,1841.1,1835.2,1836.33,0
2020-07-21 16:00:00,1836.33,1840.26,1836.32,1839.67,0
2020-07-21 17:00:00,1839.67,1841.92,1838.22,1841.83,0
2020-07-21 18:00:00,1841.83,1843.48,1841.4,1842.7,0
2020-07-21 19:00:00,1842.71,1843.16,1841.05,1841.73,0
2020-07-21 20:00:00,1841.72,1841.93,1838.95,1841.0,0
2020-07-21 21:00:00,1840.94,1842.13,1839.89,1841.49,0
2020-07-21 23:00:00,1841.68,1843.05,1839.61,1842.47,0
2020-07-22 00:00:00,1842.42,1847.66,1841.43,1843.18,0
2020-07-22 01:00:00,1843.18,1845.51,1842.62,1843.48,0
2020-07-22 02:00:00,1843.52,1865.74,1842.76,1860.89,0
2020-07-22 03:00:00,1860.91,1860.93,1857.04,1858.22,0
2020-07-22 04:00:00,1858.22,1859.36,1856.69,1857.13,0
2020-07-22 05:00:00,1857.13,1857.14,1854.33,1856.33,0
2020-07-22 06:00:00,1856.33,1860.82,1855.58,1860.46,0
2020-07-22 07:00:00,1860.43,1860.63,1856.19,1859.89,0
2020-07-22 08:00:00,1859.9,1861.18,1851.1,1854.34,0
2020-07-22 09:00:00,1854.34,1854.95,1846.45,1846.55,0
2020-07-22 10:00:00,1846.55,1856.19,1846.35,1856.17,0
2020-07-22 11:00:00,1856.17,1859.48,1854.64,1858.92,0
2020-07-22 12:00:00,1858.92,1860.14,1857.68,1859.76,0
2020-07-22 13:00:00,1859.75,1863.11,1852.38,1855.06,0
2020-07-22 14:00:00,1855.06,1856.73,1847.4,1856.05,0
2020-07-22 15:00:00,1855.96,1859.57,1851.93,1855.81,0
2020-07-22 16:00:00,1855.78,1864.72,1853.52,1864.21,0
2020-07-22 17:00:00,1864.21,1870.32,1861.8,1865.16,0
2020-07-22 18:00:00,1865.23,1867.79,1862.93,1864.58,0
2020-07-22 19:00:00,1864.57,1867.21,1863.03,1866.63,0
2020-07-22 20:00:00,1866.63,1870.5,1865.26,1868.5,0
2020-07-22 21:00:00,1868.44,1872.0,1867.41,1871.91,0
2020-07-22 23:00:00,1871.52,1874.31,1867.59,1869.04,0
2020-07-23 00:00:00,1869.04,1870.17,1867.97,1870.02,0
2020-07-23 01:00:00,1870.02,1876.52,1869.15,1872.92,0
2020-07-23 02:00:00,1872.91,1872.91,1866.18,1866.54,0
2020-07-23 03:00:00,1866.54,1866.96,1863.71,1865.64,0
2020-07-23 04:00:00,1865.56,1868.87,1865.39,1868.47,0
2020-07-23 05:00:00,1868.47,1870.84,1867.74,1868.43,0
2020-07-23 06:00:00,1868.38,1871.04,1867.94,1869.45,0
2020-07-23 07:00:00,1869.45,1876.34,1869.45,1875.64,0
2020-07-23 08:00:00,1875.64,1876.32,1872.7,1875.99,0
2020-07-23 09:00:00,1875.99,1888.64,1875.71,1882.4,0
2020-07-23 10:00:00,1882.4,1883.64,1879.65,1882.67,0
2020-07-23 11:00:00,1882.67,1884.4,1880.55,1882.38,0
2020-07-23 12:00:00,1882.38,1882.55,1875.47,1878.2,0
2020-07-23 13:00:00,1878.19,1880.06,1871.84,1872.08,0
2020-07-23 14:00:00,1872.06,1881.48,1869.82,1881.17,0
2020-07-23 15:00:00,1881.16,1889.66,1877.59,1886.38,0
2020-07-23 16:00:00,1886.36,1898.38,1884.47,1896.73,0
2020-07-23 17:00:00,1896.67,1896.84,1890.59,1893.69,0
2020-07-23 18:00:00,1893.69,1894.82,1885.21,1888.48,0
2020-07-23 19:00:00,1888.48,1889.52,1879.1,1888.89,0
2020-07-23 20:00:00,1888.89,1889.68,1883.83,1886.17,0
2020-07-23 21:00:00,1886.16,1887.03,1882.54,1887.01,0
2020-07-23 23:00:00,1887.21,1890.45,1885.68,1888.26,0
2020-07-24 00:00:00,1888.26,1888.42,1884.1,1885.83,0
2020-07-24 01:00:00,1885.74,1887.38,1881.37,1887.07,0
2020-07-24 02:00:00,1887.07,1888.31,1883.5,1884.08,0
2020-07-24 03:00:00,1884.08,1889.77,1883.49,1889.62,0
2020-07-24 04:00:00,1889.62,1890.16,1885.78,1889.92,0
2020-07-24 05:00:00,1889.89,1890.24,1885.77,1886.47,0
2020-07-24 06:00:00,1886.47,1887.25,1882.3,1884.94,0
2020-07-24 07:00:00,1884.94,1889.73,1884.88,1888.6,0
2020-07-24 08:00:00,1888.62,1897.04,1887.03,1896.49,0
2020-07-24 09:00:00,1896.49,1897.96,1891.79,1895.43,0
2020-07-24 10:00:00,1895.43,1895.46,1891.83,1893.48,0
2020-07-24 11:00:00,1893.48,1893.61,1887.18,1890.61,0
2020-07-24 12:00:00,1890.6,1897.2,1890.12,1894.38,0
2020-07-24 13:00:00,1894.38,1897.08,1891.98,1896.88,0
2020-07-24 14:00:00,1896.81,1906.54,1894.96,1902.0,0
2020-07-24 15:00:00,1902.02,1903.99,1899.87,1903.12,0
2020-07-24 16:00:00,1903.12,1903.78,1897.37,1900.26,0
2020-07-24 17:00:00,1900.25,1901.02,1898.88,1900.42,0
2020-07-24 18:00:00,1900.39,1900.86,1899.53,1900.19,0
2020-07-24 19:00:00,1900.19,1901.56,1899.45,1901.42,0
2020-07-24 20:00:00,1901.4,1902.63,1899.75,1902.51,0
2020-07-24 21:00:00,1902.44,1902.5,1901.07,1901.48,0
2020-07-26 23:00:00,1901.38,1910.31,1899.57,1906.59,0
2020-07-27 00:00:00,1906.61,1915.32,1905.35,1913.63,0
2020-07-27 01:00:00,1913.63,1918.58,1912.44,1915.15,0
2020-07-27 02:00:00,1915.14,1920.88,1913.39,1919.83,0
2020-07-27 03:00:00,1919.83,1930.41,1919.19,1928.9,0
2020-07-27 04:00:00,1928.91,1944.54,1927.19,1931.72,0
2020-07-27 05:00:00,1931.72,1932.92,1929.71,1931.89,0
2020-07-27 06:00:00,1931.89,1935.63,1930.88,1934.94,0
2020-07-27 07:00:00,1934.93,1937.96,1931.15,1933.0,0
2020-07-27 08:00:00,1933.0,1936.7,1931.93,1933.44,0
2020-07-27 09:00:00,1933.46,1943.04,1933.15,1940.22,0
2020-07-27 10:00:00,1940.22,1941.73,1936.99,1941.49,0
2020-07-27 11:00:00,1941.49,1945.16,1939.31,1944.79,0
2020-07-27 12:00:00,1944.78,1945.18,1938.48,1940.27,0
2020-07-27 13:00:00,1940.27,1940.39,1931.21,1931.99,0
2020-07-27 14:00:00,1931.95,1943.85,1931.04,1939.94,0
2020-07-27 15:00:00,1939.84,1945.64,1935.93,1943.4,0
2020-07-27 16:00:00,1943.38,1943.91,1935.17,1938.38,0
2020-07-27 17:00:00,1938.38,1939.71,1931.88,1935.14,0
2020-07-27 18:00:00,1935.14,1940.39,1933.62,1940.19,0
2020-07-27 19:00:00,1940.2,1941.02,1933.7,1935.32,0
2020-07-27 20:00:00,1935.3,1939.14,1933.44,1938.87,0
2020-07-27 21:00:00,1938.79,1942.56,1937.06,1941.54,0
2020-07-27 23:00:00,1941.3,1949.77,1939.76,1948.61,0
2020-07-28 00:00:00,1948.61,1967.29,1947.99,1965.01,0
2020-07-28 01:00:00,1965.01,1967.17,1959.69,1963.87,0
2020-07-28 02:00:00,1963.88,1981.14,1962.43,1971.64,0
2020-07-28 03:00:00,1971.63,1977.4,1965.18,1965.99,0
2020-07-28 04:00:00,1966.0,1966.04,1932.98,1943.65,0
2020-07-28 05:00:00,1943.65,1947.39,1942.03,1944.39,0
2020-07-28 06:00:00,1944.39,1945.71,1933.4,1939.77,0
2020-07-28 07:00:00,1939.63,1944.18,1936.63,1939.31,0
2020-07-28 08:00:00,1939.31,1941.76,1906.62,1913.13,0
2020-07-28 09:00:00,1913.13,1931.79,1912.53,1930.88,0
2020-07-28 10:00:00,1930.89,1935.74,1927.73,1929.75,0
2020-07-28 11:00:00,1929.75,1932.66,1922.73,1928.11,0
2020-07-28 12:00:00,1928.09,1933.4,1925.0,1929.33,0
2020-07-28 13:00:00,1929.33,1939.59,1923.46,1939.19,0
2020-07-28 14:00:00,1939.19,1941.71,1931.17,1934.96,0
2020-07-28 15:00:00,1935.0,1956.58,1934.47,1955.81,0
2020-07-28 16:00:00,1955.83,1955.89,1946.21,1953.57,0
2020-07-28 17:00:00,1953.57,1953.99,1945.95,1946.78,0
2020-07-28 18:00:00,1946.78,1954.88,1946.58,1953.85,0
2020-07-28 19:00:00,1953.85,1956.96,1949.45,1955.57,0
2020-07-28 20:00:00,1955.57,1961.05,1953.64,1955.53,0
2020-07-28 21:00:00,1955.53,1961.79,1953.48,1960.85,0
2020-07-28 23:00:00,1958.86,1962.12,1949.15,1950.13,0
2020-07-29 00:00:00,1950.13,1956.7,1950.13,1956.08,0
2020-07-29 01:00:00,1956.08,1963.99,1953.93,1957.19,0
2020-07-29 02:00:00,1957.19,1961.83,1954.32,1956.09,0
2020-07-29 03:00:00,1956.09,1956.88,1950.0,1950.6,0
2020-07-29 04:00:00,1950.6,1956.78,1947.77,1952.97,0
2020-07-29 05:00:00,1952.97,1954.86,1950.8,1952.0,0
2020-07-29 06:00:00,1951.98,1954.21,1951.15,1952.69,0
2020-07-29 07:00:00,1952.69,1958.32,1949.68,1958.04,0
2020-07-29 08:00:00,1958.05,1961.09,1956.22,1957.38,0
2020-07-29 09:00:00,1957.39,1959.49,1956.8,1959.26,0
2020-07-29 10:00:00,1959.26,1959.41,1954.38,1956.74,0
2020-07-29 11:00:00,1956.65,1957.52,1953.74,1955.9,0
2020-07-29 12:00:00,1955.9,1958.01,1953.78,1956.43,0
2020-07-29 13:00:00,1956.43,1960.05,1952.62,1959.99,0
2020-07-29 14:00:00,1959.99,1961.92,1949.64,1953.05,0
2020-07-29 15:00:00,1953.07,1956.97,1941.45,1956.36,0
2020-07-29 16:00:00,1956.36,1960.68,1954.79,1958.39,0
2020-07-29 17:00:00,1958.39,1960.89,1956.36,1960.37,0
2020-07-29 18:00:00,1960.37,1962.94,1959.15,1959.28,0
2020-07-29 19:00:00,1959.24,1980.91,1954.07,1967.14,0
2020-07-29 20:00:00,1967.14,1971.11,1951.07,1969.54,0
2020-07-29 21:00:00,1969.33,1971.31,1966.99,1970.38,0
2020-07-29 23:00:00,1970.27,1971.58,1966.12,1969.07,0
2020-07-30 00:00:00,1969.11,1970.42,1965.63,1966.52,0
2020-07-30 01:00:00,1966.52,1969.21,1964.54,1966.59,0
2020-07-30 02:00:00,1966.59,1970.7,1960.71,1961.78,0
2020-07-30 03:00:00,1961.78,1966.93,1960.75,1966.36,0
2020-07-30 04:00:00,1966.4,1967.98,1963.04,1965.05,0
2020-07-30 05:00:00,1965.05,1965.2,1959.1,1962.27,0
2020-07-30 06:00:00,1962.27,1962.44,1955.82,1958.59,0
2020-07-30 07:00:00,1958.59,1962.28,1951.56,1955.5,0
2020-07-30 08:00:00,1955.5,1957.68,1947.25,1955.88,0
2020-07-30 09:00:00,1955.89,1959.41,1951.16,1952.97,0
2020-07-30 10:00:00,1952.97,1955.07,1944.94,1954.9,0
2020-07-30 11:00:00,1954.82,1956.04,1951.5,1953.12,0
2020-07-30 12:00:00,1953.07,1956.65,1952.76,1953.38,0
2020-07-30 13:00:00,1953.39,1955.16,1944.91,1953.37,0
2020-07-30 14:00:00,1953.35,1961.9,1951.32,1955.43,0
2020-07-30 15:00:00,1955.46,1958.25,1939.83,1944.62,0
2020-07-30 16:00:00,1944.57,1950.34,1939.52,1948.69,0
2020-07-30 17:00:00,1948.68,1950.5,1945.8,1949.64,0
2020-07-30 18:00:00,1949.56,1954.83,1949.04,1954.19,0
2020-07-30 19:00:00,1954.19,1954.93,1952.21,1953.95,0
2020-07-30 20:00:00,1953.95,1956.25,1952.49,1956.02,0
2020-07-30 21:00:00,1955.91,1958.07,1953.12,1957.0,0
2020-07-30 23:00:00,1956.12,1960.24,1954.75,1956.37,0
2020-07-31 00:00:00,1956.37,1958.29,1955.43,1956.89,0
2020-07-31 01:00:00,1956.89,1961.55,1955.89,1958.43,0
2020-07-31 02:00:00,1958.43,1966.93,1958.26,1965.14,0
2020-07-31 03:00:00,1965.15,1970.34,1964.56,1966.64,0
2020-07-31 04:00:00,1966.64,1971.46,1966.1,1969.37,0
2020-07-31 05:00:00,1969.32,1971.28,1966.47,1967.21,0
2020-07-31 06:00:00,1967.21,1974.15,1966.81,1972.27,0
2020-07-31 07:00:00,1972.27,1977.39,1970.36,1976.49,0
2020-07-31 08:00:00,1976.53,1983.07,1969.07,1976.5,0
2020-07-31 09:00:00,1976.5,1978.25,1973.94,1976.88,0
2020-07-31 10:00:00,1976.93,1977.5,1973.84,1974.68,0
2020-07-31 11:00:00,1974.66,1977.08,1973.25,1974.09,0
2020-07-31 12:00:00,1974.09,1975.17,1970.5,1974.9,0
2020-07-31 13:00:00,1974.9,1978.32,1972.7,1973.29,0
2020-07-31 14:00:00,1973.34,1975.31,1959.9,1967.25,0
2020-07-31 15:00:00,1967.2,1974.48,1963.96,1972.85,0
2020-07-31 16:00:00,1972.86,1977.01,1969.26,1972.79,0
2020-07-31 17:00:00,1972.79,1975.05,1965.92,1973.17,0
2020-07-31 18:00:00,1973.17,1973.6,1966.73,1970.61,0
2020-07-31 19:00:00,1970.61,1973.57,1970.2,1971.61,0
2020-07-31 20:00:00,1971.61,1974.46,1970.29,1974.1,0
2020-07-31 21:00:00,1974.1,1975.64,1971.99,1975.24,0
2020-08-02 23:00:00,1978.48,1987.68,1977.45,1983.9,0
2020-08-03 00:00:00,1983.9,1984.44,1977.1,1981.95,0
2020-08-03 01:00:00,1981.95,1982.35,1972.72,1976.12,0
2020-08-03 02:00:00,1976.12,1977.36,1969.73,1972.78,0
2020-08-03 03:00:00,1972.79,1975.61,1970.15,1974.7,0
2020-08-03 04:00:00,1974.74,1974.9,1972.24,1973.8,0
2020-08-03 05:00:00,1973.8,1974.13,1972.26,1973.73,0
2020-08-03 06:00:00,1973.71,1977.13,1973.7,1976.89,0
2020-08-03 07:00:00,1976.89,1977.58,1970.72,1972.65,0
2020-08-03 08:00:00,1972.65,1974.89,1970.15,1973.06,0
2020-08-03 09:00:00,1973.18,1974.91,1971.69,1973.35,0
2020-08-03 10:00:00,1973.36,1974.49,1971.05,1971.16,0
2020-08-03 11:00:00,1971.16,1971.26,1965.59,1967.78,0
2020-08-03 12:00:00,1967.78,1972.19,1967.56,1970.32,0
2020-08-03 13:00:00,1970.31,1972.59,1965.97,1967.76,0
2020-08-03 14:00:00,1967.68,1971.31,1961.77,1964.15,0
2020-08-03 15:00:00,1964.15,1974.39,1960.49,1974.08,0
2020-08-03 16:00:00,1974.08,1976.55,1967.95,1968.38,0
2020-08-03 17:00:00,1968.37,1971.03,1966.51,1970.64,0
2020-08-03 18:00:00,1970.66,1974.39,1970.36,1973.82,0
2020-08-03 19:00:00,1973.82,1976.07,1972.87,1974.49,0
2020-08-03 20:00:00,1974.49,1977.62,1974.44,1976.39,0
2020-08-03 21:00:00,1976.58,1977.01,1973.76,1976.76,0
2020-08-03 23:00:00,1976.35,1977.82,1971.58,1973.45,0
2020-08-04 00:00:00,1973.38,1975.65,1972.62,1975.35,0
2020-08-04 01:00:00,1975.32,1975.89,1972.71,1972.85,0
2020-08-04 02:00:00,1972.76,1978.62,1971.84,1975.08,0
2020-08-04 03:00:00,1975.08,1977.28,1974.99,1976.15,0
2020-08-04 04:00:00,1976.12,1976.72,1973.42,1973.95,0
2020-08-04 05:00:00,1973.95,1975.3,1971.4,1974.63,0
2020-08-04 06:00:00,1974.63,1976.6,1973.06,1976.09,0
2020-08-04 07:00:00,1976.19,1977.04,1971.52,1973.04,0
2020-08-04 08:00:00,1973.04,1978.95,1972.74,1977.72,0
2020-08-04 09:00:00,1977.8,1977.92,1974.6,1976.58,0
2020-08-04 10:00:00,1976.65,1977.31,1973.27,1974.75,0
2020-08-04 11:00:00,1974.74,1976.35,1973.5,1974.39,0
2020-08-04 12:00:00,1974.39,1974.92,1967.41,1971.99,0
2020-08-04 13:00:00,1971.99,1977.78,1971.48,1972.27,0
2020-08-04 14:00:00,1972.27,1977.12,1971.38,1976.14,0
2020-08-04 15:00:00,1976.13,1994.32,1975.26,1991.81,0
2020-08-04 16:00:00,1991.84,1996.66,1989.95,1995.15,0
2020-08-04 17:00:00,1995.17,2000.43,1992.54,1999.64,0
2020-08-04 18:00:00,1999.62,2006.63,1998.53,2005.91,0
2020-08-04 19:00:00,2005.87,2009.39,2000.5,2004.95,0
2020-08-04 20:00:00,2004.92,2017.67,2004.23,2016.99,0
2020-08-04 21:00:00,2016.99,2019.95,2014.31,2018.53,0
2020-08-04 23:00:00,2019.23,2026.22,2017.19,2021.13,0
2020-08-05 00:00:00,2021.13,2030.92,2020.3,2030.92,0
2020-08-05 01:00:00,2030.92,2030.92,2012.86,2020.67,0
2020-08-05 02:00:00,2020.67,2021.09,2014.85,2016.51,0
2020-08-05 03:00:00,2016.51,2016.89,2009.51,2015.34,0
2020-08-05 04:00:00,2015.34,2015.67,2011.57,2013.17,0
2020-08-05 05:00:00,2013.17,2022.71,2011.62,2022.69,0
2020-08-05 06:00:00,2022.69,2025.9,2021.29,2021.52,0
2020-08-05 07:00:00,2021.54,2036.74,2021.42,2033.63,0
2020-08-05 08:00:00,2033.55,2039.93,2027.49,2033.6,0
2020-08-05 09:00:00,2033.6,2037.85,2028.85,2037.64,0
2020-08-05 10:00:00,2037.71,2040.98,2034.09,2040.23,0
2020-08-05 11:00:00,2040.12,2044.8,2039.28,2041.18,0
2020-08-05 12:00:00,2041.19,2044.26,2038.7,2042.76,0
2020-08-05 13:00:00,2042.77,2043.64,2030.35,2035.13,0
2020-08-05 14:00:00,2035.13,2048.1,2033.04,2046.62,0
2020-08-05 15:00:00,2046.32,2055.58,2041.38,2042.79,0
2020-08-05 16:00:00,2042.79,2049.69,2041.2,2043.62,0
2020-08-05 17:00:00,2043.62,2045.21,2028.74,2032.13,0
2020-08-05 18:00:00,2032.12,2038.54,2030.4,2037.05,0
2020-08-05 19:00:00,2037.05,2040.4,2035.6,2039.92,0
2020-08-05 20:00:00,2039.95,2044.59,2036.6,2036.6,0
2020-08-05 21:00:00,2036.56,2039.35,2036.39,2038.14,0
2020-08-05 23:00:00,2037.56,2041.43,2037.23,2038.0,0
2020-08-06 00:00:00,2038.0,2038.73,2035.39,2036.47,0
2020-08-06 01:00:00,2036.44,2042.27,2034.52,2041.93,0
2020-08-06 02:00:00,2041.93,2044.69,2039.89,2041.21,0
2020-08-06 03:00:00,2041.19,2041.64,2037.31,2039.93,0
2020-08-06 04:00:00,2039.93,2043.46,2039.86,2043.09,0
2020-08-06 05:00:00,2043.09,2045.03,2041.19,2044.9,0
2020-08-06 06:00:00,2044.85,2050.12,2043.12,2049.05,0
2020-08-06 07:00:00,2049.05,2054.03,2045.57,2051.43,0
2020-08-06 08:00:00,2051.43,2052.08,2043.14,2043.42,0
2020-08-06 09:00:00,2043.39,2051.95,2040.75,2046.54,0
2020-08-06 10:00:00,2046.54,2051.49,2046.43,2048.77,0
2020-08-06 11:00:00,2048.77,2050.63,2046.44,2050.4,0
2020-08-06 12:00:00,2050.4,2059.54,2048.3,2059.13,0
2020-08-06 13:00:00,2059.35,2064.91,2052.3,2054.79,0
2020-08-06 14:00:00,2054.77,2067.91,2053.86,2066.82,0
2020-08-06 15:00:00,2066.81,2069.67,2053.88,2060.82,0
2020-08-06 16:00:00,2060.82,2060.82,2049.32,2057.91,0
2020-08-06 17:00:00,2057.91,2062.64,2055.98,2060.42,0
2020-08-06 18:00:00,2060.46,2061.29,2055.3,2056.65,0
2020-08-06 19:00:00,2056.63,2060.88,2053.56,2060.5,0
2020-08-06 20:00:00,2060.49,2063.86,2059.46,2063.05,0
2020-08-06 21:00:00,2063.04,2066.68,2061.84,2063.14,0
2020-08-06 23:00:00,2062.54,2075.24,2062.54,2070.28,0
2020-08-07 00:00:00,2070.35,2071.4,2068.33,2069.23,0
2020-08-07 01:00:00,2069.3,2071.1,2065.36,2067.38,0
2020-08-07 02:00:00,2067.37,2072.76,2062.28,2067.96,0
2020-08-07 03:00:00,2067.98,2068.55,2063.94,2067.67,0
2020-08-07 04:00:00,2067.68,2070.38,2053.33,2056.57,0
2020-08-07 05:00:00,2056.57,2062.66,2049.11,2059.92,0
2020-08-07 06:00:00,2059.92,2062.12,2053.8,2061.12,0
2020-08-07 07:00:00,2061.12,2064.53,2054.77,2057.25,0
2020-08-07 08:00:00,2057.26,2064.56,2056.85,2064.53,0
2020-08-07 09:00:00,2064.52,2064.58,2058.39,2060.66,0
2020-08-07 10:00:00,2060.68,2062.07,2057.05,2058.38,0
2020-08-07 11:00:00,2058.38,2059.99,2055.75,2058.97,0
2020-08-07 12:00:00,2058.97,2059.25,2051.25,2052.46,0
2020-08-07 13:00:00,2052.46,2063.69,2041.72,2060.52,0
2020-08-07 14:00:00,2060.52,2062.13,2043.44,2046.18,0
2020-08-07 15:00:00,2046.18,2046.4,2023.12,2038.91,0
2020-08-07 16:00:00,2038.91,2040.8,2024.29,2028.15,0
2020-08-07 17:00:00,2028.15,2032.32,2022.64,2024.96,0
2020-08-07 18:00:00,2024.97,2026.99,2015.49,2022.33,0
2020-08-07 19:00:00,2022.27,2037.08,2021.84,2032.16,0
2020-08-07 20:00:00,2032.16,2037.08,2030.34,2030.86,0
2020-08-07 21:00:00,2030.87,2035.8,2029.75,2035.12,0
2020-08-09 23:00:00,2033.77,2036.09,2018.99,2025.51,0
2020-08-10 00:00:00,2025.51,2030.87,2025.35,2027.11,0
2020-08-10 01:00:00,2027.11,2035.33,2025.88,2034.23,0
2020-08-10 02:00:00,2034.22,2036.24,2029.41,2030.47,0
2020-08-10 03:00:00,2030.47,2032.63,2027.63,2028.3,0
2020-08-10 04:00:00,2028.3,2030.76,2027.78,2029.57,0
2020-08-10 05:00:00,2029.57,2030.04,2027.04,2029.04,0
2020-08-10 06:00:00,2029.05,2033.5,2028.25,2032.68,0
2020-08-10 07:00:00,2032.68,2035.16,2030.02,2030.07,0
2020-08-10 08:00:00,2030.07,2035.18,2028.43,2032.24,0
2020-08-10 09:00:00,2032.17,2035.05,2030.72,2033.23,0
2020-08-10 10:00:00,2033.23,2035.59,2028.0,2030.23,0
2020-08-10 11:00:00,2030.2,2031.8,2028.7,2029.36,0
2020-08-10 12:00:00,2029.34,2031.79,2027.79,2031.07,0
2020-08-10 13:00:00,2031.07,2035.68,2028.41,2032.99,0
2020-08-10 14:00:00,2032.99,2047.84,2030.63,2047.13,0
2020-08-10 15:00:00,2047.13,2049.91,2036.18,2036.34,0
2020-08-10 16:00:00,2036.35,2038.99,2030.67,2034.99,0
2020-08-10 17:00:00,2034.99,2035.65,2027.18,2030.99,0
2020-08-10 18:00:00,2030.99,2032.22,2028.39,2031.6,0
2020-08-10 19:00:00,2031.59,2031.97,2019.35,2024.4,0
2020-08-10 20:00:00,2024.39,2027.65,2022.45,2024.84,0
2020-08-10 21:00:00,2024.82,2028.2,2024.61,2027.82,0
2020-08-10 23:00:00,2027.37,2029.31,2026.53,2028.13,0
2020-08-11 00:00:00,2028.13,2030.01,2026.14,2028.14,0
2020-08-11 01:00:00,2028.11,2028.16,2015.82,2019.68,0
2020-08-11 02:00:00,2019.71,2024.47,2014.4,2021.7,0
2020-08-11 03:00:00,2021.7,2022.75,2016.67,2019.55,0
2020-08-11 04:00:00,2019.55,2020.51,2014.72,2020.32,0
2020-08-11 05:00:00,2020.32,2021.46,2015.76,2018.7,0
2020-08-11 06:00:00,2018.74,2018.79,2005.17,2008.79,0
2020-08-11 07:00:00,2008.79,2011.23,1990.17,1999.68,0
2020-08-11 08:00:00,1999.68,2006.64,1994.0,1995.23,0
2020-08-11 09:00:00,1995.23,1996.24,1983.35,1989.36,0
2020-08-11 10:00:00,1989.36,1997.72,1987.71,1989.01,0
2020-08-11 11:00:00,1989.02,1992.19,1984.09,1988.57,0
2020-08-11 12:00:00,1988.59,1988.75,1974.11,1978.08,0
2020-08-11 13:00:00,1978.08,1981.52,1953.45,1963.24,0
2020-08-11 14:00:00,1963.24,1963.56,1937.97,1943.15,0
2020-08-11 15:00:00,1943.15,1955.89,1939.99,1949.81,0
2020-08-11 16:00:00,1949.81,1953.68,1937.73,1943.08,0
2020-08-11 17:00:00,1943.09,1950.12,1940.99,1941.88,0
2020-08-11 18:00:00,1941.9,1944.59,1922.51,1925.48,0
2020-08-11 19:00:00,1925.34,1925.88,1909.99,1922.39,0
2020-08-11 20:00:00,1922.43,1928.22,1915.76,1916.16,0
2020-08-11 21:00:00,1916.16,1917.29,1901.32,1911.83,0
2020-08-11 23:00:00,1911.17,1929.6,1909.57,1927.01,0
2020-08-12 00:00:00,1927.0,1927.94,1905.4,1909.08,0
2020-08-12 01:00:00,1909.08,1925.66,1909.0,1923.77,0
2020-08-12 02:00:00,1923.76,1924.69,1887.89,1890.79,0
2020-08-12 03:00:00,1890.79,1898.81,1872.13,1887.13,0
2020-08-12 04:00:00,1886.89,1894.11,1885.14,1885.2,0
2020-08-12 05:00:00,1885.16,1887.12,1862.6,1881.64,0
2020-08-12 06:00:00,1881.64,1883.79,1873.04,1880.34,0
2020-08-12 07:00:00,1880.24,1921.92,1880.22,1913.72,0
2020-08-12 08:00:00,1913.85,1939.94,1912.78,1936.56,0
2020-08-12 09:00:00,1936.56,1949.3,1917.07,1930.67,0
2020-08-12 10:00:00,1930.67,1936.78,1925.41,1932.16,0
2020-08-12 11:00:00,1932.16,1934.94,1928.33,1932.41,0
2020-08-12 12:00:00,1932.41,1944.43,1922.12,1929.24,0
2020-08-12 13:00:00,1929.24,1939.69,1922.37,1937.17,0
2020-08-12 14:00:00,1937.17,1945.38,1932.1,1937.66,0
2020-08-12 15:00:00,1937.71,1947.98,1927.58,1947.57,0
2020-08-12 16:00:00,1947.57,1948.05,1938.0,1941.36,0
2020-08-12 17:00:00,1941.33,1949.27,1941.31,1946.91,0
2020-08-12 18:00:00,1946.91,1948.81,1932.12,1937.16,0
2020-08-12 19:00:00,1937.16,1940.18,1927.49,1928.14,0
2020-08-12 20:00:00,1928.16,1931.57,1906.78,1908.07,0
2020-08-12 21:00:00,1908.09,1923.62,1907.77,1916.36,0
2020-08-12 23:00:00,1916.43,1921.54,1912.83,1915.7,0
2020-08-13 00:00:00,1915.7,1923.39,1912.81,1921.82,0
2020-08-13 01:00:00,1921.73,1933.1,1920.01,1930.97,0
2020-08-13 02:00:00,1930.97,1942.66,1930.81,1936.95,0
2020-08-13 03:00:00,1936.95,1939.13,1934.64,1937.04,0
2020-08-13 04:00:00,1937.05,1938.92,1934.86,1935.34,0
2020-08-13 05:00:00,1935.09,1935.63,1921.62,1925.44,0
2020-08-13 06:00:00,1925.39,1934.64,1924.54,1928.76,0
2020-08-13 07:00:00,1928.76,1935.74,1927.97,1933.76,0
2020-08-13 08:00:00,1933.76,1934.2,1924.87,1930.04,0
2020-08-13 09:00:00,1929.98,1937.15,1927.42,1933.84,0
2020-08-13 10:00:00,1933.83,1935.54,1928.27,1930.09,0
2020-08-13 11:00:00,1930.09,1933.89,1927.72,1933.23,0
2020-08-13 12:00:00,1933.22,1939.56,1930.09,1931.76,0
2020-08-13 13:00:00,1931.76,1933.95,1920.25,1931.93,0
2020-08-13 14:00:00,1931.93,1942.32,1926.7,1940.76,0
2020-08-13 15:00:00,1940.76,1950.73,1938.81,1947.26,0
2020-08-13 16:00:00,1947.26,1949.79,1942.99,1945.01,0
2020-08-13 17:00:00,1944.92,1955.27,1943.63,1953.82,0
2020-08-13 18:00:00,1953.82,1966.3,1951.62,1957.84,0
2020-08-13 19:00:00,1957.82,1957.99,1937.59,1949.78,0
2020-08-13 20:00:00,1949.78,1954.73,1944.14,1952.58,0
2020-08-13 21:00:00,1952.54,1955.49,1950.26,1953.24,0
2020-08-13 23:00:00,1953.39,1961.55,1946.78,1958.89,0
2020-08-14 00:00:00,1958.89,1962.19,1956.56,1957.35,0
2020-08-14 01:00:00,1957.36,1961.37,1954.35,1956.57,0
2020-08-14 02:00:00,1956.57,1959.41,1951.29,1953.25,0
2020-08-14 03:00:00,1953.25,1955.24,1944.76,1949.02,0
2020-08-14 04:00:00,1949.02,1953.37,1946.59,1948.77,0
2020-08-14 05:00:00,1948.82,1953.52,1948.53,1952.94,0
2020-08-14 06:00:00,1952.95,1956.96,1950.06,1951.22,0
2020-08-14 07:00:00,1951.13,1954.21,1938.77,1942.6,0
2020-08-14 08:00:00,1942.6,1949.27,1941.79,1947.89,0
2020-08-14 09:00:00,1947.69,1953.24,1945.33,1948.76,0
2020-08-14 10:00:00,1948.74,1950.65,1940.92,1945.49,0
2020-08-14 11:00:00,1945.49,1950.79,1944.57,1947.09,0
2020-08-14 12:00:00,1947.1,1948.96,1941.99,1948.4,0
2020-08-14 13:00:00,1948.4,1952.46,1941.84,1945.65,0
2020-08-14 14:00:00,1945.65,1956.36,1944.31,1947.92,0
2020-08-14 15:00:00,1947.89,1948.89,1942.03,1947.4,0
2020-08-14 16:00:00,1947.4,1949.15,1939.73,1943.53,0
2020-08-14 17:00:00,1943.53,1945.55,1933.29,1933.97,0
2020-08-14 18:00:00,1933.94,1945.04,1932.17,1942.15,0
2020-08-14 19:00:00,1942.15,1947.08,1940.79,1942.99,0
2020-08-14 20:00:00,1942.99,1944.18,1940.63,1943.0,0
2020-08-14 21:00:00,1943.0,1946.03,1942.76,1943.98,0
2020-08-16 23:00:00,1946.27,1951.33,1942.35,1949.21,0
2020-08-17 00:00:00,1949.22,1949.37,1931.96,1932.53,0
2020-08-17 01:00:00,1932.46,1938.55,1929.39,1937.82,0
2020-08-17 02:00:00,1937.82,1940.65,1932.81,1940.08,0
2020-08-17 03:00:00,1940.08,1943.19,1938.65,1940.62,0
2020-08-17 04:00:00,1940.62,1943.13,1940.15,1941.04,0
2020-08-17 05:00:00,1941.05,1945.4,1941.04,1943.23,0
2020-08-17 06:00:00,1943.22,1945.62,1942.3,1942.74,0
2020-08-17 07:00:00,1942.74,1951.45,1942.58,1951.24,0
2020-08-17 08:00:00,1951.31,1957.12,1950.81,1954.44,0
2020-08-17 09:00:00,1954.44,1955.45,1948.71,1950.83,0
2020-08-17 10:00:00,1950.83,1952.61,1947.73,1951.27,0
2020-08-17 11:00:00,1951.27,1954.76,1949.91,1953.46,0
2020-08-17 12:00:00,1953.46,1955.44,1951.08,1954.98,0
2020-08-17 13:00:00,1954.98,1962.42,1953.21,1958.19,0
2020-08-17 14:00:00,1958.19,1973.33,1957.19,1972.77,0
2020-08-17 15:00:00,1972.76,1989.1,1972.51,1980.8,0
2020-08-17 16:00:00,1980.79,1986.54,1978.09,1985.59,0
2020-08-17 17:00:00,1985.59,1988.93,1983.7,1987.39,0
2020-08-17 18:00:00,1987.4,1990.69,1981.57,1982.59,0
2020-08-17 19:00:00,1982.61,1983.68,1980.02,1980.12,0
2020-08-17 20:00:00,1980.12,1985.26,1979.58,1984.13,0
2020-08-17 21:00:00,1984.1,1985.61,1983.37,1984.25,0
2020-08-17 23:00:00,1985.0,1985.55,1980.65,1981.45,0
2020-08-18 00:00:00,1981.48,1984.65,1981.05,1983.82,0
2020-08-18 01:00:00,1983.82,1985.84,1980.7,1984.75,0
2020-08-18 02:00:00,1984.75,1995.36,1983.29,1993.44,0
2020-08-18 03:00:00,1993.44,1995.95,1990.55,1992.09,0
2020-08-18 04:00:00,1992.1,1993.57,1987.51,1990.87,0
2020-08-18 05:00:00,1990.89,1994.35,1989.43,1991.1,0
2020-08-18 06:00:00,1991.1,1999.42,1990.56,1997.77,0
2020-08-18 07:00:00,1997.77,2007.42,1994.74,2003.82,0
2020-08-18 08:00:00,2003.78,2010.08,1997.23,2005.33,0
2020-08-18 09:00:00,2005.33,2009.09,2004.45,2006.65,0
2020-08-18 10:00:00,2006.65,2009.7,2006.07,2007.21,0
2020-08-18 11:00:00,2007.21,2009.07,2003.86,2007.76,0
2020-08-18 12:00:00,2007.76,2008.09,2001.24,2007.1,0
2020-08-18 13:00:00,2007.12,2014.82,2005.23,2013.3,0
2020-08-18 14:00:00,2013.33,2015.7,2004.35,2004.97,0
2020-08-18 15:00:00,2004.96,2008.41,1976.01,1992.49,0
2020-08-18 16:00:00,1992.55,2005.49,1991.43,2002.35,0
2020-08-18 17:00:00,2002.29,2010.12,2001.0,2006.89,0
2020-08-18 18:00:00,2006.84,2007.65,2001.0,2005.83,0
2020-08-18 19:00:00,2005.84,2007.79,2002.54,2004.06,0
2020-08-18 20:00:00,2004.07,2007.08,1999.45,2003.79,0
2020-08-18 21:00:00,2003.62,2004.7,1999.82,2001.8,0
2020-08-18 23:00:00,2001.7,2006.45,2001.7,2006.13,0
2020-08-19 00:00:00,2006.14,2006.18,2003.3,2005.24,0
2020-08-19 01:00:00,2005.24,2005.96,1993.51,2000.45,0
2020-08-19 02:00:00,2000.45,2004.73,1995.09,1996.44,0
2020-08-19 03:00:00,1996.44,1997.54,1989.8,1994.88,0
2020-08-19 04:00:00,1994.9,1997.37,1992.09,1994.02,0
2020-08-19 05:00:00,1994.02,1994.12,1990.65,1993.86,0
2020-08-19 06:00:00,1993.81,1994.25,1984.17,1987.17,0
2020-08-19 07:00:00,1987.17,1994.47,1985.78,1986.63,0
2020-08-19 08:00:00,1986.6,1990.51,1980.09,1987.9,0
2020-08-19 09:00:00,1987.9,1998.09,1984.79,1995.37,0
2020-08-19 10:00:00,1995.37,1996.96,1985.39,1986.89,0
2020-08-19 11:00:00,1986.88,1990.79,1986.56,1987.56,0
2020-08-19 12:00:00,1987.56,1988.21,1981.26,1985.88,0
2020-08-19 13:00:00,1985.88,1993.22,1983.19,1991.94,0
2020-08-19 14:00:00,1991.97,1995.35,1982.67,1984.93,0
2020-08-19 15:00:00,1984.97,1990.18,1961.09,1964.59,0
2020-08-19 16:00:00,1964.55,1968.55,1953.86,1963.1,0
2020-08-19 17:00:00,1963.13,1967.5,1958.57,1963.76,0
2020-08-19 18:00:00,1963.73,1968.32,1959.3,1965.92,0
2020-08-19 19:00:00,1965.88,1974.48,1934.68,1946.25,0
2020-08-19 20:00:00,1946.25,1948.32,1935.98,1940.2,0
2020-08-19 21:00:00,1940.2,1941.11,1924.69,1928.4,0
2020-08-19 23:00:00,1928.92,1940.09,1927.64,1939.51,0
2020-08-20 00:00:00,1939.48,1939.48,1926.02,1927.69,0
2020-08-20 01:00:00,1927.65,1943.1,1924.91,1942.81,0
2020-08-20 02:00:00,1942.81,1946.39,1933.51,1941.83,0
2020-08-20 03:00:00,1941.78,1948.25,1938.22,1946.5,0
2020-08-20 04:00:00,1946.5,1952.31,1944.81,1949.63,0
2020-08-20 05:00:00,1949.63,1955.23,1945.67,1947.75,0
2020-08-20 06:00:00,1947.75,1948.35,1940.63,1943.32,0
2020-08-20 07:00:00,1943.32,1950.77,1938.63,1942.23,0
2020-08-20 08:00:00,1942.03,1947.04,1932.83,1934.44,0
2020-08-20 09:00:00,1934.44,1936.24,1927.18,1935.15,0
2020-08-20 10:00:00,1935.15,1936.55,1927.13,1930.88,0
2020-08-20 11:00:00,1930.88,1932.47,1924.77,1931.23,0
2020-08-20 12:00:00,1931.35,1942.77,1928.55,1937.59,0
2020-08-20 13:00:00,1937.59,1947.55,1930.58,1934.1,0
2020-08-20 14:00:00,1934.21,1936.13,1926.12,1931.78,0
2020-08-20 15:00:00,1931.77,1947.39,1927.46,1944.64,0
2020-08-20 16:00:00,1944.63,1951.58,1938.79,1946.56,0
2020-08-20 17:00:00,1946.56,1949.17,1941.9,1944.0,0
2020-08-20 18:00:00,1944.0,1946.69,1937.35,1940.18,0
2020-08-20 19:00:00,1940.18,1950.29,1937.56,1949.44,0
2020-08-20 20:00:00,1949.45,1955.05,1947.63,1952.57,0
2020-08-20 21:00:00,1952.56,1953.34,1944.99,1945.62,0
2020-08-20 23:00:00,1946.7,1950.25,1945.84,1948.69,0
2020-08-21 00:00:00,1948.69,1953.45,1948.18,1952.75,0
2020-08-21 01:00:00,1952.75,1955.88,1950.09,1951.13,0
2020-08-21 02:00:00,1950.89,1951.83,1940.58,1945.58,0
2020-08-21 03:00:00,1945.58,1948.68,1944.94,1946.62,0
2020-08-21 04:00:00,1946.62,1950.49,1946.5,1949.83,0
2020-08-21 05:00:00,1949.81,1951.58,1946.39,1947.83,0
2020-08-21 06:00:00,1947.8,1949.97,1945.59,1947.46,0
2020-08-21 07:00:00,1947.46,1949.53,1941.26,1948.72,0
2020-08-21 08:00:00,1948.73,1949.17,1933.84,1940.94,0
2020-08-21 09:00:00,1941.06,1941.18,1928.24,1934.58,0
2020-08-21 10:00:00,1934.58,1935.6,1930.81,1935.54,0
2020-08-21 11:00:00,1935.54,1937.45,1929.02,1934.67,0
2020-08-21 12:00:00,1934.65,1934.75,1914.88,1916.24,0
2020-08-21 13:00:00,1916.24,1941.07,1911.47,1938.4,0
2020-08-21 14:00:00,1938.47,1940.68,1926.43,1927.7,0
2020-08-21 15:00:00,1927.7,1945.49,1921.55,1944.84,0
2020-08-21 16:00:00,1944.84,1945.68,1935.67,1939.29,0
2020-08-21 17:00:00,1939.29,1939.29,1932.04,1936.88,0
2020-08-21 18:00:00,1936.85,1942.04,1935.58,1938.96,0
2020-08-21 19:00:00,1938.98,1940.32,1936.08,1940.22,0
2020-08-21 20:00:00,1940.2,1940.35,1936.65,1938.29,0
2020-08-21 21:00:00,1938.29,1941.25,1936.55,1940.27,0
2020-08-23 23:00:00,1940.19,1941.62,1929.95,1937.22,0
2020-08-24 00:00:00,1937.24,1937.88,1934.3,1935.11,0
2020-08-24 01:00:00,1935.14,1936.53,1931.14,1934.77,0
2020-08-24 02:00:00,1934.87,1935.84,1930.27,1934.75,0
2020-08-24 03:00:00,1934.74,1936.89,1931.41,1935.44,0
2020-08-24 04:00:00,1935.44,1936.11,1931.3,1931.73,0
2020-08-24 05:00:00,1931.73,1934.19,1930.57,1933.31,0
2020-08-24 06:00:00,1933.31,1934.93,1931.22,1933.47,0
2020-08-24 07:00:00,1933.45,1937.9,1931.08,1934.8,0
2020-08-24 08:00:00,1934.85,1949.5,1933.83,1944.48,0
2020-08-24 09:00:00,1944.48,1950.52,1944.33,1946.43,0
2020-08-24 10:00:00,1946.43,1949.2,1944.1,1947.52,0
2020-08-24 11:00:00,1947.52,1950.99,1946.2,1950.1,0
2020-08-24 12:00:00,1950.03,1950.79,1948.08,1950.12,0
2020-08-24 13:00:00,1950.13,1961.77,1946.15,1949.17,0
2020-08-24 14:00:00,1949.15,1952.24,1937.98,1938.12,0
2020-08-24 15:00:00,1938.12,1946.19,1929.06,1930.61,0
2020-08-24 16:00:00,1930.62,1934.77,1927.45,1930.18,0
2020-08-24 17:00:00,1930.18,1934.35,1927.17,1931.48,0
2020-08-24 18:00:00,1931.48,1933.95,1928.46,1929.13,0
2020-08-24 19:00:00,1929.03,1930.77,1925.55,1927.81,0
2020-08-24 20:00:00,1927.8,1928.52,1923.71,1927.06,0
2020-08-24 21:00:00,1927.07,1928.93,1924.51,1928.72,0
2020-08-24 23:00:00,1928.62,1931.16,1927.46,1928.79,0
2020-08-25 00:00:00,1928.79,1930.67,1927.01,1929.68,0
2020-08-25 01:00:00,1929.68,1931.92,1926.47,1930.21,0
2020-08-25 02:00:00,1930.11,1934.98,1928.83,1934.39,0
2020-08-25 03:00:00,1934.58,1936.24,1932.99,1934.69,0
2020-08-25 04:00:00,1934.69,1937.51,1934.4,1936.13,0
2020-08-25 05:00:00,1936.13,1937.3,1932.91,1933.21,0
2020-08-25 06:00:00,1933.21,1934.42,1929.44,1931.02,0
2020-08-25 07:00:00,1931.02,1933.52,1929.88,1930.53,0
2020-08-25 08:00:00,1930.53,1935.9,1929.96,1935.01,0
2020-08-25 09:00:00,1934.95,1935.55,1924.91,1925.55,0
2020-08-25 10:00:00,1925.55,1927.65,1921.32,1923.63,0
2020-08-25 11:00:00,1923.64,1929.66,1922.12,1924.29,0
2020-08-25 12:00:00,1924.24,1931.74,1924.15,1925.55,0
2020-08-25 13:00:00,1925.55,1928.59,1919.86,1926.12,0
2020-08-25 14:00:00,1926.09,1930.86,1921.7,1923.37,0
2020-08-25 15:00:00,1923.37,1925.1,1915.17,1917.95,0
2020-08-25 16:00:00,1917.95,1921.16,1914.27,1919.39,0
2020-08-25 17:00:00,1919.39,1921.84,1914.59,1916.16,0
2020-08-25 18:00:00,1916.12,1921.68,1915.13,1921.43,0
2020-08-25 19:00:00,1921.45,1928.75,1919.82,1928.66,0
2020-08-25 20:00:00,1928.66,1929.5,1926.19,1929.23,0
2020-08-25 21:00:00,1929.23,1929.57,1926.49,1928.09,0
2020-08-25 23:00:00,1927.78,1931.97,1927.43,1928.18,0
2020-08-26 00:00:00,1928.19,1930.29,1927.65,1929.64,0
2020-08-26 01:00:00,1929.64,1930.24,1925.73,1926.48,0
2020-08-26 02:00:00,1926.52,1929.94,1924.05,1929.12,0
2020-08-26 03:00:00,1929.12,1931.47,1928.01,1929.1,0
2020-08-26 04:00:00,1929.1,1929.29,1925.19,1925.4,0
2020-08-26 05:00:00,1925.4,1927.75,1922.51,1923.29,0
2020-08-26 06:00:00,1923.29,1925.04,1917.87,1918.83,0
2020-08-26 07:00:00,1918.83,1921.1,1915.36,1917.3,0
2020-08-26 08:00:00,1917.3,1920.52,1913.84,1917.32,0
2020-08-26 09:00:00,1917.32,1924.06,1916.36,1923.15,0
2020-08-26 10:00:00,1923.06,1923.88,1917.31,1919.84,0
2020-08-26 11:00:00,1919.84,1920.4,1917.71,1918.62,0
2020-08-26 12:00:00,1918.62,1920.28,1914.05,1917.71,0
2020-08-26 13:00:00,1917.71,1918.8,1902.78,1911.61,0
2020-08-26 14:00:00,1911.61,1936.06,1910.21,1935.17,0
2020-08-26 15:00:00,1935.17,1943.81,1927.28,1938.44,0
2020-08-26 16:00:00,1938.44,1946.23,1937.14,1940.29,0
2020-08-26 17:00:00,1940.34,1946.27,1940.07,1943.37,0
2020-08-26 18:00:00,1943.37,1949.87,1943.37,1946.36,0
2020-08-26 19:00:00,1946.38,1949.67,1944.67,1946.31,0
2020-08-26 20:00:00,1946.31,1954.24,1945.16,1952.24,0
2020-08-26 21:00:00,1952.24,1954.84,1951.42,1953.47,0
2020-08-26 23:00:00,1953.93,1955.05,1950.86,1953.23,0
2020-08-27 00:00:00,1953.23,1954.04,1950.08,1953.46,0
2020-08-27 01:00:00,1953.4,1953.91,1947.82,1950.13,0
2020-08-27 02:00:00,1950.15,1950.2,1942.34,1943.88,0
2020-08-27 03:00:00,1943.88,1945.33,1938.32,1941.12,0
2020-08-27 04:00:00,1941.12,1943.83,1940.55,1942.68,0
2020-08-27 05:00:00,1942.68,1944.37,1940.18,1943.43,0
2020-08-27 06:00:00,1943.43,1945.2,1939.42,1939.84,0
2020-08-27 07:00:00,1939.84,1944.3,1936.95,1941.84,0
2020-08-27 08:00:00,1941.8,1948.67,1938.43,1946.33,0
2020-08-27 09:00:00,1946.33,1946.65,1941.98,1942.49,0
2020-08-27 10:00:00,1942.49,1943.44,1939.11,1942.16,0
2020-08-27 11:00:00,1942.17,1943.95,1938.66,1940.05,0
2020-08-27 12:00:00,1940.05,1943.59,1937.33,1940.81,0
2020-08-27 13:00:00,1940.81,1943.84,1932.17,1939.79,0
2020-08-27 14:00:00,1939.82,1976.71,1931.72,1941.04,0
2020-08-27 15:00:00,1941.06,1941.06,1909.93,1919.77,0
2020-08-27 16:00:00,1919.76,1932.22,1916.48,1928.77,0
2020-08-27 17:00:00,1928.74,1931.63,1919.5,1920.65,0
2020-08-27 18:00:00,1920.62,1931.99,1919.2,1930.81,0
2020-08-27 19:00:00,1930.81,1935.09,1928.29,1930.45,0
2020-08-27 20:00:00,1930.45,1933.82,1928.25,1929.8,0
2020-08-27 21:00:00,1929.8,1931.23,1927.15,1929.03,0
2020-08-27 23:00:00,1929.19,1931.24,1927.11,1927.32,0
2020-08-28 00:00:00,1927.32,1929.9,1926.46,1927.98,0
2020-08-28 01:00:00,1927.96,1930.08,1923.14,1929.48,0
2020-08-28 02:00:00,1929.49,1936.59,1928.86,1935.67,0
2020-08-28 03:00:00,1935.66,1937.94,1933.03,1935.66,0
2020-08-28 04:00:00,1935.66,1941.16,1935.51,1940.84,0
2020-08-28 05:00:00,1940.84,1943.02,1938.83,1942.65,0
2020-08-28 06:00:00,1942.61,1945.42,1940.22,1941.12,0
2020-08-28 07:00:00,1941.12,1948.83,1940.07,1944.97,0
2020-08-28 08:00:00,1944.96,1952.13,1942.26,1948.24,0
2020-08-28 09:00:00,1948.26,1958.52,1945.88,1955.9,0
2020-08-28 10:00:00,1955.9,1959.95,1953.0,1955.96,0
2020-08-28 11:00:00,1955.96,1958.89,1948.15,1957.83,0
2020-08-28 12:00:00,1957.83,1964.24,1956.45,1962.26,0
2020-08-28 13:00:00,1962.27,1964.72,1952.41,1955.34,0
2020-08-28 14:00:00,1955.28,1961.03,1950.81,1959.4,0
2020-08-28 15:00:00,1959.42,1964.34,1952.67,1961.58,0
2020-08-28 16:00:00,1961.58,1973.04,1959.67,1968.45,0
2020-08-28 17:00:00,1968.42,1973.83,1967.8,1969.59,0
2020-08-28 18:00:00,1969.59,1970.27,1961.72,1962.89,0
2020-08-28 19:00:00,1962.91,1967.03,1960.39,1966.95,0
2020-08-28 20:00:00,1966.95,1967.26,1963.1,1963.39,0
2020-08-28 21:00:00,1963.39,1965.18,1962.44,1963.99,0
2020-08-30 23:00:00,1965.47,1975.25,1964.66,1973.04,0
2020-08-31 00:00:00,1973.04,1976.64,1970.37,1973.08,0
2020-08-31 01:00:00,1973.07,1976.48,1970.38,1972.84,0
2020-08-31 02:00:00,1972.9,1973.07,1967.43,1971.97,0
2020-08-31 03:00:00,1971.97,1972.52,1969.25,1970.77,0
2020-08-31 04:00:00,1970.77,1971.23,1969.67,1970.22,0
2020-08-31 05:00:00,1970.22,1971.65,1970.01,1970.34,0
2020-08-31 06:00:00,1970.34,1970.47,1965.68,1969.61,0
2020-08-31 07:00:00,1969.6,1969.76,1961.55,1965.29,0
2020-08-31 08:00:00,1965.28,1965.28,1954.24,1958.56,0
2020-08-31 09:00:00,1958.45,1960.69,1956.44,1959.86,0
2020-08-31 10:00:00,1959.79,1966.45,1959.79,1964.74,0
2020-08-31 11:00:00,1964.73,1967.41,1962.31,1966.37,0
2020-08-31 12:00:00,1966.35,1969.0,1964.97,1965.83,0
2020-08-31 13:00:00,1965.83,1968.66,1960.22,1967.44,0
2020-08-31 14:00:00,1967.58,1972.29,1965.99,1968.97,0
2020-08-31 15:00:00,1968.97,1974.07,1962.78,1965.21,0
2020-08-31 16:00:00,1965.13,1970.76,1962.06,1969.0,0
2020-08-31 17:00:00,1969.05,1975.1,1967.82,1971.66,0
2020-08-31 18:00:00,1971.66,1973.47,1969.37,1972.68,0
2020-08-31 19:00:00,1972.67,1972.86,1966.27,1971.2,0
2020-08-31 20:00:00,1971.17,1972.01,1966.8,1967.85,0
2020-08-31 21:00:00,1967.85,1969.45,1966.36,1967.63,0
2020-08-31 23:00:00,1967.06,1969.02,1965.18,1965.99,0
2020-09-01 00:00:00,1965.99,1968.65,1965.24,1968.0,0
2020-09-01 01:00:00,1968.0,1970.53,1967.34,1968.1,0
2020-09-01 02:00:00,1968.1,1978.08,1968.01,1976.41,0
2020-09-01 03:00:00,1976.41,1988.15,1976.41,1987.81,0
2020-09-01 04:00:00,1987.81,1989.5,1983.45,1984.12,0
2020-09-01 05:00:00,1984.07,1987.58,1984.06,1986.21,0
2020-09-01 06:00:00,1986.22,1989.89,1986.18,1987.88,0
2020-09-01 07:00:00,1987.86,1988.83,1982.14,1988.35,0
2020-09-01 08:00:00,1988.37,1992.41,1987.01,1992.05,0
2020-09-01 09:00:00,1992.04,1992.04,1987.11,1989.31,0
2020-09-01 10:00:00,1989.31,1989.68,1985.85,1987.94,0
2020-09-01 11:00:00,1987.91,1990.43,1984.01,1989.89,0
2020-09-01 12:00:00,1989.88,1990.36,1987.91,1989.2,0
2020-09-01 13:00:00,1989.19,1991.65,1985.31,1989.05,0
2020-09-01 14:00:00,1989.05,1991.31,1979.04,1982.95,0
2020-09-01 15:00:00,1982.95,1982.95,1964.23,1977.05,0
2020-09-01 16:00:00,1977.09,1979.36,1971.59,1973.24,0
2020-09-01 17:00:00,1973.24,1976.78,1970.93,1974.96,0
2020-09-01 18:00:00,1974.95,1974.98,1969.21,1970.63,0
2020-09-01 19:00:00,1970.61,1971.88,1963.12,1965.63,0
2020-09-01 20:00:00,1965.6,1970.78,1964.91,1970.18,0
2020-09-01 21:00:00,1970.24,1971.01,1968.33,1970.88,0
2020-09-01 23:00:00,1970.24,1972.35,1967.59,1971.33,0
2020-09-02 00:00:00,1971.4,1973.04,1969.33,1972.59,0
2020-09-02 01:00:00,1972.6,1973.25,1965.31,1967.04,0
2020-09-02 02:00:00,1967.04,1969.02,1958.85,1963.11,0
2020-09-02 03:00:00,1963.11,1967.59,1960.98,1964.85,0
2020-09-02 04:00:00,1964.86,1965.3,1962.12,1964.84,0
2020-09-02 05:00:00,1964.84,1966.87,1962.16,1962.89,0
2020-09-02 06:00:00,1962.89,1965.25,1960.93,1964.33,0
2020-09-02 07:00:00,1964.29,1966.62,1961.47,1965.67,0
2020-09-02 08:00:00,1965.67,1967.61,1956.0,1961.89,0
2020-09-02 09:00:00,1961.93,1967.51,1961.09,1965.29,0
2020-09-02 10:00:00,1965.34,1971.89,1964.57,1970.28,0
2020-09-02 11:00:00,1970.25,1970.84,1965.13,1965.33,0
2020-09-02 12:00:00,1965.33,1967.21,1956.93,1959.04,0
2020-09-02 13:00:00,1959.23,1968.92,1953.59,1964.84,0
2020-09-02 14:00:00,1964.84,1965.55,1946.57,1949.06,0
2020-09-02 15:00:00,1949.05,1952.67,1938.55,1943.2,0
2020-09-02 16:00:00,1943.14,1944.32,1937.32,1944.01,0
2020-09-02 17:00:00,1943.98,1943.98,1932.6,1936.23,0
2020-09-02 18:00:00,1936.23,1942.34,1934.1,1938.43,0
2020-09-02 19:00:00,1938.38,1941.95,1937.02,1941.42,0
2020-09-02 20:00:00,1941.29,1945.59,1940.67,1943.75,0
2020-09-02 21:00:00,1943.75,1944.56,1941.24,1943.51,0
2020-09-02 23:00:00,1942.91,1942.91,1939.7,1941.64,0
2020-09-03 00:00:00,1941.64,1945.43,1940.36,1944.68,0
2020-09-03 01:00:00,1944.67,1946.13,1943.49,1944.53,0
2020-09-03 02:00:00,1944.54,1948.13,1941.73,1947.95,0
2020-09-03 03:00:00,1947.95,1951.03,1945.55,1946.57,0
2020-09-03 04:00:00,1946.59,1947.21,1944.55,1945.72,0
2020-09-03 05:00:00,1945.74,1946.52,1937.5,1937.5,0
2020-09-03 06:00:00,1937.5,1940.71,1932.08,1932.37,0
2020-09-03 07:00:00,1932.37,1937.18,1927.7,1929.87,0
2020-09-03 08:00:00,1929.85,1938.67,1927.22,1935.79,0
2020-09-03 09:00:00,1935.79,1937.66,1932.93,1935.88,0
2020-09-03 10:00:00,1935.88,1937.22,1929.99,1931.0,0
2020-09-03 11:00:00,1931.0,1933.36,1929.63,1930.66,0
2020-09-03 12:00:00,1930.64,1935.11,1927.3,1934.71,0
2020-09-03 13:00:00,1934.71,1936.95,1929.39,1934.32,0
2020-09-03 14:00:00,1934.3,1945.91,1932.49,1943.25,0
2020-09-03 15:00:00,1943.25,1945.7,1934.33,1941.69,0
2020-09-03 16:00:00,1941.69,1942.43,1921.71,1926.33,0
2020-09-03 17:00:00,1926.32,1932.73,1924.57,1927.81,0
2020-09-03 18:00:00,1927.81,1932.59,1926.79,1930.54,0
2020-09-03 19:00:00,1930.54,1938.41,1929.77,1933.33,0
2020-09-03 20:00:00,1933.33,1936.53,1928.94,1929.17,0
2020-09-03 21:00:00,1929.17,1932.25,1929.17,1930.7,0
2020-09-03 23:00:00,1930.05,1933.06,1929.33,1931.09,0
2020-09-04 00:00:00,1931.14,1932.25,1925.59,1927.94,0
2020-09-04 01:00:00,1927.94,1936.99,1927.91,1934.79,0
2020-09-04 02:00:00,1934.79,1941.01,1934.13,1939.63,0
2020-09-04 03:00:00,1939.58,1942.25,1934.46,1934.63,0
2020-09-04 04:00:00,1934.62,1939.3,1934.59,1936.59,0
2020-09-04 05:00:00,1936.59,1939.88,1934.74,1936.63,0
2020-09-04 06:00:00,1936.65,1936.79,1931.87,1934.58,0
2020-09-04 07:00:00,1934.58,1936.57,1930.73,1934.59,0
2020-09-04 08:00:00,1934.5,1938.29,1933.08,1935.74,0
2020-09-04 09:00:00,1935.74,1939.96,1933.53,1939.86,0
2020-09-04 10:00:00,1939.86,1941.66,1935.87,1939.16,0
2020-09-04 11:00:00,1939.14,1939.99,1937.3,1938.44,0
2020-09-04 12:00:00,1938.4,1940.75,1937.21,1939.79,0
2020-09-04 13:00:00,1939.77,1947.67,1925.15,1927.28,0
2020-09-04 14:00:00,1927.28,1931.79,1916.36,1926.41,0
2020-09-04 15:00:00,1926.39,1929.65,1918.69,1924.57,0
2020-09-04 16:00:00,1924.59,1925.6,1917.27,1920.82,0
2020-09-04 17:00:00,1920.81,1929.31,1918.81,1927.02,0
2020-09-04 18:00:00,1927.02,1931.17,1923.62,1930.26,0
2020-09-04 19:00:00,1930.27,1938.7,1928.78,1935.9,0
2020-09-04 20:00:00,1935.91,1937.25,1933.33,1934.89,0
2020-09-04 21:00:00,1934.88,1935.05,1931.56,1933.06,0
2020-09-06 23:00:00,1929.84,1937.59,1929.84,1936.71,0
2020-09-07 00:00:00,1936.68,1937.15,1933.94,1934.32,0
2020-09-07 01:00:00,1934.32,1936.27,1932.94,1933.0,0
2020-09-07 02:00:00,1933.0,1940.9,1931.92,1939.41,0
2020-09-07 03:00:00,1939.43,1941.32,1936.85,1937.94,0
2020-09-07 04:00:00,1937.94,1938.95,1934.82,1935.54,0
2020-09-07 05:00:00,1935.54,1936.78,1934.16,1935.09,0
2020-09-07 06:00:00,1935.14,1935.99,1927.8,1929.75,0
2020-09-07 07:00:00,1929.75,1932.01,1928.29,1930.42,0
2020-09-07 08:00:00,1930.38,1933.99,1928.32,1931.42,0
2020-09-07 09:00:00,1931.42,1934.17,1930.39,1931.3,0
2020-09-07 10:00:00,1931.31,1931.32,1926.71,1928.89,0
2020-09-07 11:00:00,1928.75,1929.9,1924.3,1927.02,0
2020-09-07 12:00:00,1927.02,1931.09,1926.7,1928.36,0
2020-09-07 13:00:00,1928.38,1931.03,1927.22,1929.38,0
2020-09-07 14:00:00,1929.38,1932.66,1927.76,1929.24,0
2020-09-07 15:00:00,1929.24,1931.04,1924.58,1929.26,0
2020-09-07 16:00:00,1929.31,1931.32,1927.38,1930.75,0
2020-09-07 17:00:00,1930.75,1930.75,1927.67,1928.21,0
2020-09-07 23:00:00,1928.2,1931.49,1928.2,1930.72,0
2020-09-08 00:00:00,1930.79,1931.51,1929.13,1930.59,0
2020-09-08 01:00:00,1930.59,1932.11,1925.39,1928.51,0
2020-09-08 02:00:00,1928.51,1929.65,1924.76,1925.95,0
2020-09-08 03:00:00,1925.93,1927.29,1924.93,1926.23,0
2020-09-08 04:00:00,1926.23,1926.39,1922.73,1923.75,0
2020-09-08 05:00:00,1923.75,1926.42,1923.48,1926.15,0
2020-09-08 06:00:00,1926.12,1931.52,1925.21,1931.5,0
2020-09-08 07:00:00,1931.5,1935.52,1930.21,1931.6,0
2020-09-08 08:00:00,1931.62,1933.38,1929.47,1931.41,0
2020-09-08 09:00:00,1931.43,1932.33,1923.25,1923.5,0
2020-09-08 10:00:00,1923.5,1925.46,1917.08,1919.84,0
2020-09-08 11:00:00,1919.76,1920.74,1911.01,1916.36,0
2020-09-08 12:00:00,1916.45,1919.31,1907.79,1915.85,0
2020-09-08 13:00:00,1915.85,1920.67,1911.53,1914.1,0
2020-09-08 14:00:00,1914.1,1916.37,1906.41,1913.27,0
2020-09-08 15:00:00,1913.23,1926.64,1910.0,1921.25,0
2020-09-08 16:00:00,1921.25,1929.22,1919.5,1927.66,0
2020-09-08 17:00:00,1927.68,1939.19,1926.7,1939.0,0
2020-09-08 18:00:00,1939.0,1940.89,1935.4,1939.99,0
2020-09-08 19:00:00,1939.99,1940.38,1930.16,1931.82,0
2020-09-08 20:00:00,1931.77,1934.3,1928.12,1930.83,0
2020-09-08 21:00:00,1930.98,1932.92,1927.81,1931.4,0
2020-09-08 23:00:00,1931.47,1932.62,1929.81,1930.85,0
2020-09-09 00:00:00,1930.85,1931.65,1929.79,1930.25,0
2020-09-09 01:00:00,1930.25,1930.8,1928.27,1928.73,0
2020-09-09 02:00:00,1928.73,1929.51,1923.16,1928.27,0
2020-09-09 03:00:00,1928.31,1928.85,1924.37,1925.78,0
2020-09-09 04:00:00,1925.78,1930.24,1925.51,1930.17,0
2020-09-09 05:00:00,1930.17,1930.4,1929.14,1929.33,0
2020-09-09 06:00:00,1929.33,1934.38,1927.87,1928.04,0
2020-09-09 07:00:00,1928.04,1928.93,1923.94,1926.99,0
2020-09-09 08:00:00,1927.02,1933.81,1926.14,1931.91,0
2020-09-09 09:00:00,1931.89,1934.28,1926.95,1931.8,0
2020-09-09 10:00:00,1931.8,1932.14,1927.31,1929.15,0
2020-09-09 11:00:00,1929.15,1929.15,1921.04,1922.44,0
2020-09-09 12:00:00,1922.44,1925.98,1920.04,1925.78,0
2020-09-09 13:00:00,1925.86,1937.72,1924.64,1935.49,0
2020-09-09 14:00:00,1935.49,1948.37,1933.99,1947.43,0
2020-09-09 15:00:00,1947.43,1948.95,1940.9,1945.6,0
2020-09-09 16:00:00,1945.6,1947.51,1942.76,1943.48,0
2020-09-09 17:00:00,1943.48,1949.07,1943.14,1948.26,0
2020-09-09 18:00:00,1948.27,1949.08,1945.54,1945.96,0
2020-09-09 19:00:00,1945.96,1949.92,1944.53,1949.6,0
2020-09-09 20:00:00,1949.6,1950.86,1947.77,1948.39,0
2020-09-09 21:00:00,1948.39,1949.01,1946.18,1946.97,0
2020-09-09 23:00:00,1946.57,1947.21,1944.18,1946.45,0
2020-09-10 00:00:00,1946.5,1950.12,1946.34,1947.49,0
2020-09-10 01:00:00,1947.48,1947.82,1945.35,1946.73,0
2020-09-10 02:00:00,1946.74,1950.86,1944.72,1945.74,0
2020-09-10 03:00:00,1945.76,1947.53,1943.59,1946.83,0
2020-09-10 04:00:00,1946.83,1947.12,1944.96,1946.7,0
2020-09-10 05:00:00,1946.7,1947.36,1944.64,1946.6,0
2020-09-10 06:00:00,1946.6,1948.71,1946.07,1947.75,0
2020-09-10 07:00:00,1947.73,1949.2,1942.71,1943.98,0
2020-09-10 08:00:00,1943.98,1947.02,1942.35,1944.18,0
2020-09-10 09:00:00,1944.19,1948.16,1942.67,1946.29,0
2020-09-10 10:00:00,1946.3,1949.95,1944.71,1949.07,0
2020-09-10 11:00:00,1949.09,1951.04,1948.61,1950.14,0
2020-09-10 12:00:00,1950.14,1952.76,1945.79,1947.42,0
2020-09-10 13:00:00,1947.4,1958.51,1945.05,1956.18,0
2020-09-10 14:00:00,1956.13,1964.71,1955.95,1962.49,0
2020-09-10 15:00:00,1962.45,1966.6,1953.35,1955.14,0
2020-09-10 16:00:00,1955.14,1961.79,1953.91,1959.12,0
2020-09-10 17:00:00,1959.09,1960.49,1951.04,1953.96,0
2020-09-10 18:00:00,1953.96,1957.88,1953.36,1956.25,0
2020-09-10 19:00:00,1956.23,1956.8,1947.06,1950.32,0
2020-09-10 20:00:00,1950.36,1951.19,1941.39,1942.67,0
2020-09-10 21:00:00,1942.77,1946.26,1941.73,1946.11,0
2020-09-10 23:00:00,1945.88,1947.14,1943.81,1945.37,0
2020-09-11 00:00:00,1945.33,1946.16,1943.68,1943.98,0
2020-09-11 01:00:00,1943.91,1949.21,1942.99,1948.94,0
2020-09-11 02:00:00,1948.95,1949.4,1944.37,1945.85,0
2020-09-11 03:00:00,1945.9,1947.47,1938.53,1940.52,0
2020-09-11 04:00:00,1940.52,1941.37,1937.19,1940.51,0
2020-09-11 05:00:00,1940.54,1941.64,1938.51,1940.16,0
2020-09-11 06:00:00,1940.16,1943.21,1937.74,1942.33,0
2020-09-11 07:00:00,1942.33,1944.73,1940.11,1944.72,0
2020-09-11 08:00:00,1944.72,1945.07,1940.25,1941.29,0
2020-09-11 09:00:00,1941.29,1946.25,1941.09,1945.23,0
2020-09-11 10:00:00,1945.23,1947.22,1943.86,1946.61,0
2020-09-11 11:00:00,1946.61,1946.75,1944.15,1946.55,0
2020-09-11 12:00:00,1946.55,1948.14,1943.96,1944.63,0
2020-09-11 13:00:00,1944.65,1946.77,1941.51,1945.83,0
2020-09-11 14:00:00,1945.83,1954.76,1942.99,1951.54,0
2020-09-11 15:00:00,1951.55,1952.63,1946.71,1948.96,0
2020-09-11 16:00:00,1948.96,1950.23,1947.19,1949.97,0
2020-09-11 17:00:00,1949.98,1950.05,1942.26,1942.67,0
2020-09-11 18:00:00,1942.67,1943.98,1938.22,1939.82,0
2020-09-11 19:00:00,1939.82,1943.19,1939.54,1941.03,0
2020-09-11 20:00:00,1941.03,1943.02,1939.84,1942.35,0
2020-09-11 21:00:00,1942.32,1942.74,1940.14,1940.2,0
2020-09-13 23:00:00,1940.43,1942.61,1936.52,1941.49,0
2020-09-14 00:00:00,1941.54,1943.18,1941.21,1942.8,0
2020-09-14 01:00:00,1942.8,1943.23,1939.94,1940.09,0
2020-09-14 02:00:00,1940.09,1948.61,1940.09,1948.61,0
2020-09-14 03:00:00,1948.49,1950.64,1947.85,1949.96,0
2020-09-14 04:00:00,1949.96,1951.7,1948.64,1949.12,0
2020-09-14 05:00:00,1949.12,1949.39,1945.56,1946.52,0
2020-09-14 06:00:00,1946.52,1947.95,1944.94,1947.55,0
2020-09-14 07:00:00,1947.55,1949.16,1943.28,1944.64,0
2020-09-14 08:00:00,1944.68,1947.73,1944.64,1945.51,0
2020-09-14 09:00:00,1945.54,1947.19,1944.55,1945.91,0
2020-09-14 10:00:00,1945.91,1946.95,1940.68,1941.76,0
2020-09-14 11:00:00,1941.76,1945.32,1941.08,1944.56,0
2020-09-14 12:00:00,1944.57,1944.99,1939.93,1944.04,0
2020-09-14 13:00:00,1944.09,1956.27,1943.98,1956.13,0
2020-09-14 14:00:00,1956.11,1959.44,1953.8,1958.28,0
2020-09-14 15:00:00,1958.3,1960.15,1956.52,1958.34,0
2020-09-14 16:00:00,1958.34,1962.75,1958.24,1958.62,0
2020-09-14 17:00:00,1958.62,1959.1,1954.99,1956.32,0
2020-09-14 18:00:00,1956.31,1956.53,1953.14,1955.2,0
2020-09-14 19:00:00,1955.19,1957.03,1954.33,1956.77,0
2020-09-14 20:00:00,1956.82,1959.19,1956.68,1957.68,0
2020-09-14 21:00:00,1957.62,1958.75,1956.18,1956.46,0
2020-09-14 23:00:00,1956.74,1957.84,1956.34,1957.14,0
2020-09-15 00:00:00,1957.08,1957.7,1956.48,1957.23,0
2020-09-15 01:00:00,1957.23,1958.01,1955.13,1956.26,0
2020-09-15 02:00:00,1956.26,1962.63,1955.35,1961.26,0
2020-09-15 03:00:00,1961.26,1965.95,1961.08,1963.13,0
2020-09-15 04:00:00,1963.15,1967.07,1963.15,1964.65,0
2020-09-15 05:00:00,1964.63,1966.24,1963.72,1965.89,0
2020-09-15 06:00:00,1965.89,1969.3,1965.85,1967.62,0
2020-09-15 07:00:00,1967.81,1967.95,1961.73,1963.16,0
2020-09-15 08:00:00,1963.16,1965.76,1960.26,1962.1,0
2020-09-15 09:00:00,1962.13,1964.08,1961.84,1963.77,0
2020-09-15 10:00:00,1963.77,1966.2,1962.79,1964.32,0
2020-09-15 11:00:00,1964.32,1971.57,1964.27,1970.73,0
2020-09-15 12:00:00,1970.67,1972.17,1966.93,1968.18,0
2020-09-15 13:00:00,1968.18,1970.57,1964.8,1967.44,0
2020-09-15 14:00:00,1967.43,1969.58,1953.42,1956.08,0
2020-09-15 15:00:00,1956.08,1956.19,1948.36,1952.84,0
2020-09-15 16:00:00,1952.84,1953.92,1950.61,1951.73,0
2020-09-15 17:00:00,1951.73,1958.27,1951.62,1957.97,0
2020-09-15 18:00:00,1957.97,1958.85,1954.06,1954.44,0
2020-09-15 19:00:00,1954.44,1956.38,1953.09,1956.33,0
2020-09-15 20:00:00,1956.33,1956.46,1951.43,1953.56,0
2020-09-15 21:00:00,1953.63,1954.89,1952.93,1953.66,0
2020-09-15 23:00:00,1952.82,1955.88,1952.82,1954.72,0
2020-09-16 00:00:00,1954.65,1955.12,1952.76,1953.92,0
2020-09-16 01:00:00,1953.92,1954.81,1951.49,1952.96,0
2020-09-16 02:00:00,1952.96,1956.48,1949.85,1956.12,0
2020-09-16 03:00:00,1956.14,1959.85,1956.14,1958.08,0
2020-09-16 04:00:00,1958.08,1960.16,1957.62,1959.38,0
2020-09-16 05:00:00,1959.38,1961.52,1959.33,1959.69,0
2020-09-16 06:00:00,1959.69,1963.06,1958.9,1959.63,0
2020-09-16 07:00:00,1959.63,1961.65,1957.01,1961.47,0
2020-09-16 08:00:00,1961.47,1966.17,1960.82,1964.46,0
2020-09-16 09:00:00,1964.46,1968.78,1963.58,1965.3,0
2020-09-16 10:00:00,1965.27,1966.42,1963.65,1964.6,0
2020-09-16 11:00:00,1964.6,1967.32,1963.69,1965.83,0
2020-09-16 12:00:00,1965.83,1966.14,1961.62,1963.24,0
2020-09-16 13:00:00,1963.22,1970.78,1963.04,1967.6,0
2020-09-16 14:00:00,1967.6,1973.58,1962.54,1963.58,0
2020-09-16 15:00:00,1963.58,1966.41,1956.58,1964.75,0
2020-09-16 16:00:00,1964.71,1969.99,1963.76,1966.94,0
2020-09-16 17:00:00,1966.94,1967.42,1963.57,1965.32,0
2020-09-16 18:00:00,1965.32,1965.75,1960.12,1962.57,0
2020-09-16 19:00:00,1962.57,1970.18,1952.75,1958.2,0
2020-09-16 20:00:00,1958.33,1960.94,1953.57,1958.39,0
2020-09-16 21:00:00,1958.38,1959.9,1957.42,1959.86,0
2020-09-16 23:00:00,1958.94,1960.16,1958.32,1959.3,0
2020-09-17 00:00:00,1959.3,1960.95,1958.29,1959.81,0
2020-09-17 01:00:00,1959.81,1960.1,1954.25,1957.26,0
2020-09-17 02:00:00,1957.29,1959.57,1946.7,1946.71,0
2020-09-17 03:00:00,1946.71,1948.76,1942.58,1946.89,0
2020-09-17 04:00:00,1946.88,1946.89,1937.74,1939.64,0
2020-09-17 05:00:00,1939.6,1941.58,1937.82,1940.47,0
2020-09-17 06:00:00,1940.47,1946.89,1939.16,1943.93,0
2020-09-17 07:00:00,1943.93,1947.32,1940.59,1944.75,0
2020-09-17 08:00:00,1944.79,1946.69,1943.31,1944.72,0
2020-09-17 09:00:00,1944.75,1945.77,1941.63,1944.92,0
2020-09-17 10:00:00,1944.92,1945.31,1936.84,1941.36,0
2020-09-17 11:00:00,1941.32,1943.54,1940.0,1941.56,0
2020-09-17 12:00:00,1941.58,1948.81,1940.17,1948.0,0
2020-09-17 13:00:00,1948.0,1948.14,1941.06,1943.04,0
2020-09-17 14:00:00,1943.04,1944.64,1932.84,1940.26,0
2020-09-17 15:00:00,1940.22,1946.58,1937.71,1944.26,0
2020-09-17 16:00:00,1944.26,1949.55,1942.78,1943.89,0
2020-09-17 17:00:00,1943.86,1946.57,1942.18,1944.76,0
2020-09-17 18:00:00,1944.87,1945.62,1942.75,1944.18,0
2020-09-17 19:00:00,1944.19,1946.71,1943.3,1944.54,0
2020-09-17 20:00:00,1944.52,1948.57,1943.1,1948.16,0
2020-09-17 21:00:00,1948.11,1949.02,1943.91,1944.29,0
2020-09-17 23:00:00,1944.09,1946.35,1943.64,1946.06,0
2020-09-18 00:00:00,1946.09,1948.38,1945.89,1947.15,0
2020-09-18 01:00:00,1947.15,1951.85,1946.82,1951.02,0
2020-09-18 02:00:00,1951.02,1955.54,1949.56,1952.45,0
2020-09-18 03:00:00,1952.42,1953.07,1950.69,1952.0,0
2020-09-18 04:00:00,1952.01,1953.77,1951.5,1951.93,0
2020-09-18 05:00:00,1951.93,1952.95,1951.0,1951.97,0
2020-09-18 06:00:00,1951.97,1954.39,1951.61,1954.33,0
2020-09-18 07:00:00,1954.34,1955.05,1950.75,1954.12,0
2020-09-18 08:00:00,1954.13,1955.2,1951.84,1953.86,0
2020-09-18 09:00:00,1953.85,1956.12,1953.41,1955.36,0
2020-09-18 10:00:00,1955.36,1956.0,1953.7,1954.56,0
2020-09-18 11:00:00,1954.56,1955.15,1951.17,1951.66,0
2020-09-18 12:00:00,1951.66,1953.87,1948.81,1950.73,0
2020-09-18 13:00:00,1950.73,1952.43,1946.9,1951.47,0
2020-09-18 14:00:00,1951.48,1952.79,1945.08,1946.84,0
2020-09-18 15:00:00,1946.84,1955.28,1945.92,1954.38,0
2020-09-18 16:00:00,1954.35,1955.58,1951.27,1952.79,0
2020-09-18 17:00:00,1952.79,1959.94,1952.76,1958.84,0
2020-09-18 18:00:00,1958.82,1960.06,1951.92,1954.51,0
2020-09-18 19:00:00,1954.53,1954.77,1950.32,1951.48,0
2020-09-18 20:00:00,1951.56,1951.99,1949.69,1950.71,0
2020-09-18 21:00:00,1950.71,1951.52,1948.82,1950.04,0
2020-09-20 23:00:00,1949.45,1951.61,1941.84,1950.06,0
2020-09-21 00:00:00,1950.09,1951.11,1947.91,1948.48,0
2020-09-21 01:00:00,1948.44,1951.51,1947.0,1950.84,0
2020-09-21 02:00:00,1950.84,1955.58,1950.34,1951.11,0
2020-09-21 03:00:00,1951.15,1954.39,1951.15,1952.57,0
2020-09-21 04:00:00,1952.61,1954.74,1951.65,1953.26,0
2020-09-21 05:00:00,1953.28,1954.89,1953.13,1953.37,0
2020-09-21 06:00:00,1953.37,1953.83,1950.65,1952.29,0
2020-09-21 07:00:00,1952.29,1952.52,1949.25,1950.83,0
2020-09-21 08:00:00,1950.83,1954.75,1947.7,1948.2,0
2020-09-21 09:00:00,1948.15,1948.54,1934.89,1939.0,0
2020-09-21 10:00:00,1939.0,1939.0,1927.99,1931.72,0
2020-09-21 11:00:00,1931.71,1934.12,1928.49,1931.64,0
2020-09-21 12:00:00,1931.64,1933.08,1928.97,1933.03,0
2020-09-21 13:00:00,1932.97,1934.54,1919.26,1922.01,0
2020-09-21 14:00:00,1922.04,1923.91,1911.63,1912.29,0
2020-09-21 15:00:00,1912.31,1915.05,1882.19,1896.85,0
2020-09-21 16:00:00,1896.74,1905.16,1886.25,1899.84,0
2020-09-21 17:00:00,1899.83,1906.58,1899.01,1902.79,0
2020-09-21 18:00:00,1902.77,1909.6,1901.51,1909.36,0
2020-09-21 19:00:00,1909.36,1910.2,1904.86,1908.53,0
2020-09-21 20:00:00,1908.47,1912.05,1908.27,1911.23,0
2020-09-21 21:00:00,1911.04,1913.51,1910.4,1912.4,0
2020-09-21 23:00:00,1912.36,1914.8,1910.25,1913.2,0
2020-09-22 00:00:00,1913.2,1918.22,1912.9,1917.13,0
2020-09-22 01:00:00,1917.13,1920.03,1914.31,1918.0,0
2020-09-22 02:00:00,1918.0,1918.81,1907.13,1911.51,0
2020-09-22 03:00:00,1911.49,1912.69,1906.69,1908.9,0
2020-09-22 04:00:00,1908.87,1912.85,1907.93,1911.63,0
2020-09-22 05:00:00,1911.63,1916.23,1910.31,1915.85,0
2020-09-22 06:00:00,1915.86,1916.12,1908.62,1910.7,0
2020-09-22 07:00:00,1910.7,1914.64,1898.58,1906.35,0
2020-09-22 08:00:00,1906.35,1909.68,1894.57,1900.03,0
2020-09-22 09:00:00,1900.03,1906.89,1899.98,1903.58,0
2020-09-22 10:00:00,1903.62,1905.57,1902.93,1903.65,0
2020-09-22 11:00:00,1903.63,1908.09,1902.69,1906.96,0
2020-09-22 12:00:00,1907.03,1907.88,1903.09,1906.33,0
2020-09-22 13:00:00,1906.26,1912.71,1902.68,1912.18,0
2020-09-22 14:00:00,1912.16,1917.66,1906.9,1908.34,0
2020-09-22 15:00:00,1908.36,1916.2,1902.91,1904.68,0
2020-09-22 16:00:00,1904.74,1906.13,1896.8,1899.93,0
2020-09-22 17:00:00,1899.93,1904.41,1898.52,1899.23,0
2020-09-22 18:00:00,1899.23,1905.8,1899.16,1904.19,0
2020-09-22 19:00:00,1904.19,1907.08,1903.11,1904.37,0
2020-09-22 20:00:00,1904.37,1905.74,1901.12,1902.48,0
2020-09-22 21:00:00,1902.48,1902.8,1900.08,1900.39,0
2020-09-22 23:00:00,1900.03,1901.47,1898.09,1898.76,0
2020-09-23 00:00:00,1898.75,1905.02,1897.66,1904.23,0
2020-09-23 01:00:00,1904.23,1905.31,1900.32,1902.61,0
2020-09-23 02:00:00,1902.61,1904.67,1899.04,1902.96,0
2020-09-23 03:00:00,1902.96,1905.05,1899.11,1899.93,0
2020-09-23 04:00:00,1899.96,1900.03,1892.89,1893.07,0
2020-09-23 05:00:00,1893.07,1893.08,1882.22,1887.52,0
2020-09-23 06:00:00,1887.52,1890.13,1884.08,1885.16,0
2020-09-23 07:00:00,1885.21,1885.43,1874.53,1881.37,0
2020-09-23 08:00:00,1881.37,1883.27,1874.73,1877.47,0
2020-09-23 09:00:00,1877.47,1881.75,1873.18,1881.54,0
2020-09-23 10:00:00,1881.5,1891.37,1881.24,1888.87,0
2020-09-23 11:00:00,1888.86,1894.96,1886.13,1892.15,0
2020-09-23 12:00:00,1892.15,1893.58,1882.38,1883.41,0
2020-09-23 13:00:00,1883.41,1885.36,1877.62,1881.7,0
2020-09-23 14:00:00,1881.7,1888.0,1877.49,1878.54,0
2020-09-23 15:00:00,1878.54,1880.14,1864.93,1866.0,0
2020-09-23 16:00:00,1866.0,1872.24,1864.01,1864.22,0
2020-09-23 17:00:00,1864.18,1868.59,1862.25,1866.38,0
2020-09-23 18:00:00,1866.38,1866.76,1862.2,1862.4,0
2020-09-23 19:00:00,1862.4,1867.96,1860.96,1863.08,0
2020-09-23 20:00:00,1863.08,1864.36,1855.78,1862.05,0
2020-09-23 21:00:00,1862.05,1863.48,1859.15,1863.4,0
2020-09-23 23:00:00,1863.22,1864.8,1855.1,1858.62,0
2020-09-24 00:00:00,1858.62,1860.51,1853.64,1854.96,0
2020-09-24 01:00:00,1854.95,1861.44,1854.89,1861.41,0
2020-09-24 02:00:00,1861.47,1868.91,1859.81,1861.99,0
2020-09-24 03:00:00,1861.97,1864.98,1858.08,1860.04,0
2020-09-24 04:00:00,1860.04,1860.94,1854.81,1856.08,0
2020-09-24 05:00:00,1856.08,1858.38,1850.43,1851.65,0
2020-09-24 06:00:00,1851.65,1856.0,1848.98,1851.55,0
2020-09-24 07:00:00,1851.57,1855.76,1848.93,1852.98,0
2020-09-24 08:00:00,1852.98,1861.12,1852.56,1860.81,0
2020-09-24 09:00:00,1860.81,1861.27,1852.51,1853.78,0
2020-09-24 10:00:00,1853.78,1854.79,1848.73,1852.19,0
2020-09-24 11:00:00,1852.17,1857.51,1852.08,1857.13,0
2020-09-24 12:00:00,1857.14,1859.57,1854.79,1858.18,0
2020-09-24 13:00:00,1858.13,1861.56,1851.76,1855.49,0
2020-09-24 14:00:00,1855.57,1861.22,1851.41,1860.71,0
2020-09-24 15:00:00,1860.68,1864.06,1854.08,1860.27,0
2020-09-24 16:00:00,1860.27,1871.03,1858.41,1871.03,0
2020-09-24 17:00:00,1871.0,1873.24,1867.85,1870.58,0
2020-09-24 18:00:00,1870.58,1877.08,1869.57,1872.74,0
2020-09-24 19:00:00,1872.74,1874.04,1861.8,1862.47,0
2020-09-24 20:00:00,1862.47,1869.5,1861.63,1868.61,0
2020-09-24 21:00:00,1868.6,1871.39,1867.88,1868.41,0
2020-09-24 23:00:00,1868.06,1871.35,1867.29,1867.57,0
2020-09-25 00:00:00,1867.55,1869.38,1866.5,1867.83,0
2020-09-25 01:00:00,1867.82,1869.35,1864.89,1867.82,0
2020-09-25 02:00:00,1867.86,1869.61,1861.84,1863.91,0
2020-09-25 03:00:00,1863.91,1868.97,1863.24,1867.46,0
2020-09-25 04:00:00,1867.47,1870.69,1867.47,1869.2,0
2020-09-25 05:00:00,1869.17,1873.41,1868.52,1872.98,0
2020-09-25 06:00:00,1872.98,1873.9,1866.63,1867.04,0
2020-09-25 07:00:00,1867.02,1873.78,1866.04,1873.69,0
2020-09-25 08:00:00,1873.75,1875.17,1868.77,1873.43,0
2020-09-25 09:00:00,1873.5,1873.86,1869.07,1871.19,0
2020-09-25 10:00:00,1871.19,1872.74,1864.33,1866.21,0
2020-09-25 11:00:00,1866.25,1866.29,1854.08,1855.12,0
2020-09-25 12:00:00,1855.12,1860.45,1852.82,1858.56,0
2020-09-25 13:00:00,1858.56,1862.23,1854.98,1860.68,0
2020-09-25 14:00:00,1860.67,1864.23,1857.01,1863.23,0
2020-09-25 15:00:00,1863.17,1865.32,1852.41,1862.57,0
2020-09-25 16:00:00,1862.61,1865.8,1859.74,1860.04,0
2020-09-25 17:00:00,1860.1,1863.0,1858.21,1862.02,0
2020-09-25 18:00:00,1862.02,1865.65,1860.39,1864.84,0
2020-09-25 19:00:00,1864.85,1866.54,1863.57,1864.7,0
2020-09-25 20:00:00,1864.66,1866.75,1861.96,1862.75,0
2020-09-25 21:00:00,1862.75,1863.83,1859.71,1860.28,0
2020-09-27 23:00:00,1857.97,1866.02,1857.97,1864.98,0
2020-09-28 00:00:00,1864.96,1865.05,1862.14,1862.56,0
2020-09-28 01:00:00,1862.56,1862.56,1859.09,1859.57,0
2020-09-28 02:00:00,1859.58,1863.31,1857.64,1862.34,0
2020-09-28 03:00:00,1862.38,1863.35,1859.79,1860.66,0
2020-09-28 04:00:00,1860.65,1862.75,1859.96,1861.24,0
2020-09-28 05:00:00,1861.34,1863.93,1861.05,1861.6,0
2020-09-28 06:00:00,1861.6,1861.9,1856.13,1857.02,0
2020-09-28 07:00:00,1857.06,1860.59,1855.86,1859.64,0
2020-09-28 08:00:00,1859.64,1861.66,1858.03,1858.44,0
2020-09-28 09:00:00,1858.44,1859.3,1848.41,1852.33,0
2020-09-28 10:00:00,1852.33,1854.57,1850.04,1852.15,0
2020-09-28 11:00:00,1852.15,1861.32,1851.01,1857.79,0
2020-09-28 12:00:00,1857.79,1865.67,1856.72,1865.1,0
2020-09-28 13:00:00,1865.1,1872.44,1862.67,1867.97,0
2020-09-28 14:00:00,1868.11,1877.01,1865.56,1867.5,0
2020-09-28 15:00:00,1867.5,1872.67,1864.75,1866.25,0
2020-09-28 16:00:00,1866.18,1873.45,1866.13,1873.0,0
2020-09-28 17:00:00,1873.0,1876.29,1872.5,1874.54,0
2020-09-28 18:00:00,1874.56,1880.25,1874.46,1878.34,0
2020-09-28 19:00:00,1878.35,1882.99,1877.93,1881.71,0
2020-09-28 20:00:00,1881.72,1882.23,1877.38,1881.32,0
2020-09-28 21:00:00,1881.35,1883.05,1880.76,1881.78,0
2020-09-28 23:00:00,1880.94,1882.52,1878.98,1880.3,0
2020-09-29 00:00:00,1880.31,1883.78,1880.21,1882.62,0
2020-09-29 01:00:00,1882.57,1886.2,1881.81,1883.32,0
2020-09-29 02:00:00,1883.34,1887.1,1881.08,1884.77,0
2020-09-29 03:00:00,1884.79,1887.24,1882.68,1883.31,0
2020-09-29 04:00:00,1883.33,1884.27,1881.79,1882.86,0
2020-09-29 05:00:00,1882.9,1883.91,1880.5,1881.38,0
2020-09-29 06:00:00,1881.38,1881.9,1875.44,1878.58,0
2020-09-29 07:00:00,1878.51,1884.32,1877.25,1884.0,0
2020-09-29 08:00:00,1884.0,1884.66,1878.96,1883.17,0
2020-09-29 09:00:00,1883.18,1883.25,1880.43,1881.91,0
2020-09-29 10:00:00,1881.91,1886.26,1881.39,1886.09,0
2020-09-29 11:00:00,1886.09,1886.24,1881.86,1886.04,0
2020-09-29 12:00:00,1886.04,1890.39,1885.55,1886.82,0
2020-09-29 13:00:00,1886.82,1886.82,1877.32,1884.07,0
2020-09-29 14:00:00,1884.08,1889.3,1881.03,1886.39,0
2020-09-29 15:00:00,1886.38,1892.14,1884.37,1886.84,0
2020-09-29 16:00:00,1886.79,1893.01,1885.29,1890.09,0
2020-09-29 17:00:00,1890.09,1895.69,1889.39,1895.52,0
2020-09-29 18:00:00,1895.55,1899.16,1893.82,1896.79,0
2020-09-29 19:00:00,1896.79,1897.79,1895.58,1896.45,0
2020-09-29 20:00:00,1896.44,1898.0,1894.36,1897.46,0
2020-09-29 21:00:00,1897.48,1898.69,1896.7,1897.02,0
2020-09-29 23:00:00,1898.0,1899.04,1897.08,1898.72,0
2020-09-30 00:00:00,1898.72,1899.33,1896.75,1896.82,0
2020-09-30 01:00:00,1896.82,1897.03,1894.34,1894.82,0
2020-09-30 02:00:00,1894.82,1897.55,1892.68,1894.4,0
2020-09-30 03:00:00,1894.43,1896.77,1892.31,1892.61,0
2020-09-30 04:00:00,1892.61,1892.71,1887.78,1889.29,0
2020-09-30 05:00:00,1889.29,1890.87,1887.14,1890.34,0
2020-09-30 06:00:00,1890.33,1892.04,1887.62,1887.62,0
2020-09-30 07:00:00,1887.62,1889.4,1883.68,1889.19,0
2020-09-30 08:00:00,1889.19,1890.2,1883.79,1887.56,0
2020-09-30 09:00:00,1887.56,1888.95,1882.45,1883.73,0
2020-09-30 10:00:00,1883.73,1884.94,1881.36,1884.8,0
2020-09-30 11:00:00,1884.8,1887.95,1882.5,1885.12,0
2020-09-30 12:00:00,1885.12,1886.85,1882.85,1883.91,0
2020-09-30 13:00:00,1883.9,1900.26,1881.94,1895.31,0
2020-09-30 14:00:00,1895.39,1896.87,1881.72,1885.61,0
2020-09-30 15:00:00,1885.6,1892.17,1884.05,1892.17,0
2020-09-30 16:00:00,1892.17,1902.26,1890.86,1896.11,0
2020-09-30 17:00:00,1896.11,1898.27,1893.43,1898.02,0
2020-09-30 18:00:00,1898.02,1898.02,1887.47,1892.98,0
2020-09-30 19:00:00,1892.98,1895.28,1887.12,1890.11,0
2020-09-30 20:00:00,1890.09,1890.8,1885.26,1886.44,0
2020-09-30 21:00:00,1886.51,1888.08,1884.68,1885.55,0
2020-09-30 23:00:00,1885.26,1888.9,1885.26,1888.8,0
2020-10-01 00:00:00,1888.8,1888.82,1887.05,1887.64,0
2020-10-01 01:00:00,1887.64,1888.29,1884.69,1885.11,0
2020-10-01 02:00:00,1885.14,1891.24,1885.1,1887.81,0
2020-10-01 03:00:00,1887.82,1892.46,1887.79,1892.36,0
2020-10-01 04:00:00,1892.35,1892.82,1890.89,1892.43,0
2020-10-01 05:00:00,1892.43,1895.52,1892.09,1894.39,0
2020-10-01 06:00:00,1894.39,1894.55,1892.39,1892.98,0
2020-10-01 07:00:00,1892.98,1900.02,1892.87,1896.88,0
2020-10-01 08:00:00,1896.88,1900.27,1894.6,1897.0,0
2020-10-01 09:00:00,1897.0,1897.32,1893.28,1894.34,0
2020-10-01 10:00:00,1894.29,1898.28,1893.24,1897.56,0
2020-10-01 11:00:00,1897.46,1898.23,1895.28,1896.54,0
2020-10-01 12:00:00,1896.44,1902.34,1895.48,1900.6,0
2020-10-01 13:00:00,1900.55,1909.29,1897.07,1903.66,0
2020-10-01 14:00:00,1903.69,1906.7,1900.54,1902.47,0
2020-10-01 15:00:00,1902.45,1905.33,1896.24,1904.11,0
2020-10-01 16:00:00,1904.11,1911.97,1904.11,1910.7,0
2020-10-01 17:00:00,1910.63,1911.11,1906.31,1908.49,0
2020-10-01 18:00:00,1908.5,1911.67,1906.02,1906.37,0
2020-10-01 19:00:00,1906.44,1909.89,1904.87,1909.6,0
2020-10-01 20:00:00,1909.58,1910.53,1903.79,1903.9,0
2020-10-01 21:00:00,1903.9,1906.68,1903.71,1904.96,0
2020-10-01 23:00:00,1905.15,1907.53,1904.62,1905.72,0
2020-10-02 00:00:00,1905.69,1905.78,1902.68,1903.19,0
2020-10-02 01:00:00,1903.2,1903.58,1899.81,1900.59,0
2020-10-02 02:00:00,1900.59,1901.33,1897.25,1897.92,0
2020-10-02 03:00:00,1897.89,1898.17,1891.27,1893.26,0
2020-10-02 04:00:00,1893.24,1896.06,1892.02,1894.53,0
2020-10-02 05:00:00,1894.52,1895.66,1890.31,1891.22,0
2020-10-02 06:00:00,1891.22,1909.02,1889.76,1905.28,0
2020-10-02 07:00:00,1905.28,1917.07,1905.28,1912.59,0
2020-10-02 08:00:00,1912.59,1915.46,1907.69,1909.63,0
2020-10-02 09:00:00,1909.62,1912.77,1905.19,1906.02,0
2020-10-02 10:00:00,1906.02,1910.18,1905.38,1907.58,0
2020-10-02 11:00:00,1907.58,1909.55,1906.07,1907.92,0
2020-10-02 12:00:00,1907.92,1910.52,1906.48,1908.17,0
2020-10-02 13:00:00,1908.2,1911.95,1905.71,1911.57,0
2020-10-02 14:00:00,1911.57,1911.85,1898.18,1903.04,0
2020-10-02 15:00:00,1902.99,1907.33,1900.56,1903.7,0
2020-10-02 16:00:00,1903.77,1909.8,1899.58,1900.55,0
2020-10-02 17:00:00,1900.51,1905.62,1898.51,1901.44,0
2020-10-02 18:00:00,1901.44,1903.29,1898.75,1901.09,0
2020-10-02 19:00:00,1900.97,1903.72,1900.75,1903.22,0
2020-10-02 20:00:00,1903.22,1904.54,1901.45,1901.68,0
2020-10-02 21:00:00,1901.68,1902.06,1899.06,1899.24,0
2020-10-04 23:00:00,1904.97,1904.97,1897.95,1900.29,0
2020-10-05 00:00:00,1900.29,1904.33,1899.64,1903.0,0
2020-10-05 01:00:00,1903.0,1903.1,1898.72,1900.78,0
2020-10-05 02:00:00,1900.78,1901.1,1897.8,1900.74,0
2020-10-05 03:00:00,1900.73,1901.07,1897.53,1899.31,0
2020-10-05 04:00:00,1899.31,1899.37,1891.78,1892.68,0
2020-10-05 05:00:00,1892.68,1894.02,1891.54,1893.14,0
2020-10-05 06:00:00,1893.14,1894.79,1892.34,1894.62,0
2020-10-05 07:00:00,1894.6,1894.61,1890.99,1893.03,0
2020-10-05 08:00:00,1893.02,1893.37,1887.01,1892.27,0
2020-10-05 09:00:00,1892.26,1898.38,1891.88,1898.02,0
2020-10-05 10:00:00,1898.02,1901.5,1897.39,1900.71,0
2020-10-05 11:00:00,1900.69,1900.8,1897.75,1900.13,0
2020-10-05 12:00:00,1900.1,1903.14,1898.56,1902.04,0
2020-10-05 13:00:00,1901.99,1908.38,1901.96,1906.66,0
2020-10-05 14:00:00,1906.66,1910.53,1905.56,1908.97,0
2020-10-05 15:00:00,1908.95,1918.81,1908.06,1916.89,0
2020-10-05 16:00:00,1916.91,1917.36,1912.36,1914.12,0
2020-10-05 17:00:00,1914.09,1917.32,1911.86,1916.33,0
2020-10-05 18:00:00,1916.33,1916.53,1913.91,1915.52,0
2020-10-05 19:00:00,1915.5,1915.5,1913.17,1913.97,0
2020-10-05 20:00:00,1913.94,1914.14,1910.84,1910.97,0
2020-10-05 21:00:00,1911.0,1914.7,1911.0,1913.35,0
2020-10-05 23:00:00,1912.67,1913.34,1911.53,1912.46,0
2020-10-06 00:00:00,1912.47,1913.42,1911.28,1912.81,0
2020-10-06 01:00:00,1912.83,1914.18,1911.56,1914.08,0
2020-10-06 02:00:00,1914.08,1914.57,1909.57,1910.83,0
2020-10-06 03:00:00,1910.84,1911.35,1908.2,1909.9,0
2020-10-06 04:00:00,1909.89,1912.36,1909.32,1912.11,0
2020-10-06 05:00:00,1912.08,1912.48,1909.76,1912.22,0
2020-10-06 06:00:00,1912.19,1912.43,1910.14,1910.93,0
2020-10-06 07:00:00,1910.93,1912.23,1909.16,1911.25,0
2020-10-06 08:00:00,1911.25,1914.58,1908.13,1909.54,0
2020-10-06 09:00:00,1909.51,1910.74,1906.62,1909.57,0
2020-10-06 10:00:00,1909.57,1913.85,1909.09,1912.46,0
2020-10-06 11:00:00,1912.46,1913.59,1911.47,1913.12,0
2020-10-06 12:00:00,1913.13,1918.05,1912.55,1917.58,0
2020-10-06 13:00:00,1917.59,1919.12,1912.32,1915.73,0
2020-10-06 14:00:00,1915.77,1921.02,1911.94,1915.06,0
2020-10-06 15:00:00,1915.2,1918.13,1911.02,1911.27,0
2020-10-06 16:00:00,1911.33,1913.41,1901.63,1902.11,0
2020-10-06 17:00:00,1902.11,1906.01,1900.62,1903.88,0
2020-10-06 18:00:00,1903.88,1904.5,1898.36,1900.75,0
2020-10-06 19:00:00,1900.75,1906.47,1892.07,1897.53,0
2020-10-06 20:00:00,1897.32,1897.44,1886.86,1887.83,0
2020-10-06 21:00:00,1887.83,1889.01,1874.61,1875.0,0
2020-10-06 23:00:00,1878.44,1881.16,1874.74,1876.04,0
2020-10-07 00:00:00,1876.04,1880.64,1875.83,1880.06,0
2020-10-07 01:00:00,1880.16,1880.85,1876.59,1878.47,0
2020-10-07 02:00:00,1878.52,1880.87,1872.86,1879.5,0
2020-10-07 03:00:00,1879.49,1882.08,1878.53,1881.06,0
2020-10-07 04:00:00,1881.06,1884.13,1879.58,1882.91,0
2020-10-07 05:00:00,1882.99,1883.86,1882.0,1882.71,0
2020-10-07 06:00:00,1882.71,1887.26,1881.92,1885.73,0
2020-10-07 07:00:00,1885.73,1894.41,1884.79,1894.29,0
2020-10-07 08:00:00,1894.26,1898.05,1889.7,1892.86,0
2020-10-07 09:00:00,1892.86,1894.78,1889.34,1890.0,0
2020-10-07 10:00:00,1890.0,1890.37,1886.58,1888.27,0
2020-10-07 11:00:00,1888.22,1889.25,1885.41,1885.7,0
2020-10-07 12:00:00,1885.7,1888.97,1882.46,1888.53,0
2020-10-07 13:00:00,1888.55,1891.83,1886.17,1889.75,0
2020-10-07 14:00:00,1889.75,1890.41,1883.11,1883.19,0
2020-10-07 15:00:00,1883.19,1885.71,1879.14,1883.74,0
2020-10-07 16:00:00,1883.76,1888.74,1883.52,1885.75,0
2020-10-07 17:00:00,1885.75,1887.11,1880.97,1886.42,0
2020-10-07 18:00:00,1886.37,1888.66,1884.98,1885.42,0
2020-10-07 19:00:00,1885.42,1887.71,1885.26,1885.59,0
2020-10-07 20:00:00,1885.56,1887.74,1885.23,1887.07,0
2020-10-07 21:00:00,1887.17,1888.7,1886.24,1887.93,0
2020-10-07 23:00:00,1886.93,1888.34,1886.88,1887.43,0
2020-10-08 00:00:00,1887.41,1888.06,1886.77,1886.98,0
2020-10-08 01:00:00,1886.98,1887.07,1884.25,1886.35,0
2020-10-08 02:00:00,1886.35,1889.2,1883.86,1888.43,0
2020-10-08 03:00:00,1888.43,1888.59,1885.67,1887.46,0
2020-10-08 04:00:00,1887.46,1887.6,1883.33,1885.25,0
2020-10-08 05:00:00,1885.25,1886.28,1884.38,1885.54,0
2020-10-08 06:00:00,1885.62,1890.31,1885.53,1888.75,0
2020-10-08 07:00:00,1888.74,1894.53,1886.82,1894.25,0
2020-10-08 08:00:00,1894.44,1895.33,1890.04,1890.95,0
2020-10-08 09:00:00,1890.95,1893.12,1890.14,1891.88,0
2020-10-08 10:00:00,1891.88,1892.84,1890.18,1892.54,0
2020-10-08 11:00:00,1892.54,1894.57,1890.95,1893.5,0
2020-10-08 12:00:00,1893.56,1893.79,1890.16,1892.55,0
2020-10-08 13:00:00,1892.54,1900.02,1891.09,1898.24,0
2020-10-08 14:00:00,1898.24,1900.68,1894.29,1894.6,0
2020-10-08 15:00:00,1894.58,1894.69,1883.33,1885.93,0
2020-10-08 16:00:00,1885.93,1890.2,1885.6,1888.77,0
2020-10-08 17:00:00,1888.76,1890.27,1884.95,1885.32,0
2020-10-08 18:00:00,1885.34,1892.56,1881.92,1891.97,0
2020-10-08 19:00:00,1892.03,1893.01,1890.23,1892.61,0
2020-10-08 20:00:00,1892.61,1894.4,1891.85,1894.33,0
2020-10-08 21:00:00,1894.26,1894.87,1893.06,1893.53,0
2020-10-08 23:00:00,1893.54,1896.61,1893.54,1896.3,0
2020-10-09 00:00:00,1896.34,1896.79,1895.12,1895.24,0
2020-10-09 01:00:00,1895.24,1899.35,1894.96,1899.32,0
2020-10-09 02:00:00,1899.32,1906.62,1899.2,1906.55,0
2020-10-09 03:00:00,1906.55,1910.02,1905.34,1909.86,0
2020-10-09 04:00:00,1909.87,1912.9,1909.8,1910.85,0
2020-10-09 05:00:00,1910.84,1911.73,1909.01,1909.09,0
2020-10-09 06:00:00,1909.06,1911.89,1908.25,1908.47,0
2020-10-09 07:00:00,1908.47,1908.71,1905.72,1907.64,0
2020-10-09 08:00:00,1907.64,1913.63,1907.63,1913.15,0
2020-10-09 09:00:00,1913.15,1916.55,1913.15,1915.13,0
2020-10-09 10:00:00,1915.12,1915.41,1911.79,1913.85,0
2020-10-09 11:00:00,1913.85,1918.16,1913.05,1916.06,0
2020-10-09 12:00:00,1916.08,1917.61,1912.29,1913.05,0
2020-10-09 13:00:00,1913.05,1921.76,1912.95,1920.76,0
2020-10-09 14:00:00,1920.76,1924.84,1916.63,1923.33,0
2020-10-09 15:00:00,1923.25,1929.32,1922.35,1926.34,0
2020-10-09 16:00:00,1926.34,1927.74,1919.96,1920.39,0
2020-10-09 17:00:00,1920.36,1925.76,1919.61,1923.47,0
2020-10-09 18:00:00,1923.48,1925.73,1920.65,1925.11,0
2020-10-09 19:00:00,1925.07,1929.62,1924.74,1928.18,0
2020-10-09 20:00:00,1928.15,1929.09,1926.18,1928.84,0
2020-10-09 21:00:00,1928.84,1930.44,1927.91,1930.16,0
2020-10-11 23:00:00,1928.75,1930.72,1926.04,1929.44,0
2020-10-12 00:00:00,1929.39,1933.19,1928.53,1929.13,0
2020-10-12 01:00:00,1929.13,1929.13,1922.45,1925.06,0
2020-10-12 02:00:00,1925.06,1930.33,1921.41,1927.2,0
2020-10-12 03:00:00,1927.23,1927.7,1924.02,1927.52,0
2020-10-12 04:00:00,1927.52,1929.66,1925.67,1927.29,0
2020-10-12 05:00:00,1927.27,1930.47,1926.95,1928.63,0
2020-10-12 06:00:00,1928.63,1931.9,1928.15,1930.48,0
2020-10-12 07:00:00,1930.47,1931.73,1925.25,1926.09,0
2020-10-12 08:00:00,1926.09,1928.01,1923.93,1926.21,0
2020-10-12 09:00:00,1926.2,1926.6,1922.46,1923.68,0
2020-10-12 10:00:00,1923.67,1923.83,1919.08,1922.31,0
2020-10-12 11:00:00,1922.31,1923.61,1920.03,1920.03,0
2020-10-12 12:00:00,1920.0,1925.0,1918.35,1924.59,0
2020-10-12 13:00:00,1924.59,1928.45,1922.06,1925.16,0
2020-10-12 14:00:00,1925.14,1925.14,1919.72,1924.1,0
2020-10-12 15:00:00,1924.1,1925.82,1919.24,1924.4,0
2020-10-12 16:00:00,1924.4,1924.64,1920.25,1923.08,0
2020-10-12 17:00:00,1923.08,1925.81,1921.98,1924.86,0
2020-10-12 18:00:00,1924.86,1925.43,1922.01,1923.51,0
2020-10-12 19:00:00,1923.5,1923.87,1920.26,1923.06,0
2020-10-12 20:00:00,1923.06,1924.33,1922.08,1923.3,0
2020-10-12 21:00:00,1923.31,1923.45,1921.65,1922.48,0
2020-10-12 23:00:00,1922.7,1924.46,1922.52,1924.11,0
2020-10-13 00:00:00,1924.11,1925.44,1923.65,1925.11,0
2020-10-13 01:00:00,1925.11,1925.11,1918.51,1921.77,0
2020-10-13 02:00:00,1921.77,1921.77,1916.67,1916.78,0
2020-10-13 03:00:00,1916.78,1917.26,1911.2,1913.17,0
2020-10-13 04:00:00,1913.13,1913.2,1910.57,1911.48,0
2020-10-13 05:00:00,1911.48,1912.46,1910.29,1912.16,0
2020-10-13 06:00:00,1912.16,1916.87,1911.21,1914.94,0
2020-10-13 07:00:00,1914.95,1918.67,1913.63,1916.4,0
2020-10-13 08:00:00,1916.41,1920.7,1914.48,1918.57,0
2020-10-13 09:00:00,1918.58,1925.1,1918.01,1922.78,0
2020-10-13 10:00:00,1922.77,1924.17,1920.66,1921.14,0
2020-10-13 11:00:00,1921.08,1922.18,1919.97,1921.11,0
2020-10-13 12:00:00,1921.14,1922.6,1918.45,1920.32,0
2020-10-13 13:00:00,1920.33,1924.09,1909.22,1909.56,0
2020-10-13 14:00:00,1909.54,1909.86,1893.26,1895.97,0
2020-10-13 15:00:00,1895.96,1896.06,1886.51,1892.56,0
2020-10-13 16:00:00,1892.54,1895.54,1890.09,1894.65,0
2020-10-13 17:00:00,1894.65,1894.68,1890.38,1891.32,0
2020-10-13 18:00:00,1891.32,1893.19,1888.72,1890.47,0
2020-10-13 19:00:00,1890.47,1895.08,1889.34,1894.61,0
2020-10-13 20:00:00,1894.59,1895.23,1892.46,1893.09,0
2020-10-13 21:00:00,1893.0,1893.83,1890.99,1891.28,0
2020-10-13 23:00:00,1891.69,1893.46,1891.35,1892.17,0
2020-10-14 00:00:00,1892.17,1893.4,1891.05,1893.35,0
2020-10-14 01:00:00,1892.91,1894.39,1890.19,1891.85,0
2020-10-14 02:00:00,1891.89,1892.85,1882.5,1890.3,0
2020-10-14 03:00:00,1890.29,1895.73,1890.0,1895.66,0
2020-10-14 04:00:00,1895.66,1897.93,1894.42,1896.21,0
2020-10-14 05:00:00,1896.21,1897.65,1894.1,1894.48,0
2020-10-14 06:00:00,1894.48,1895.78,1892.52,1895.22,0
2020-10-14 07:00:00,1895.22,1897.96,1894.12,1897.22,0
2020-10-14 08:00:00,1897.22,1897.77,1893.05,1895.56,0
2020-10-14 09:00:00,1895.56,1899.99,1895.56,1899.08,0
2020-10-14 10:00:00,1899.02,1900.44,1895.26,1898.02,0
2020-10-14 11:00:00,1898.02,1899.87,1894.4,1898.64,0
2020-10-14 12:00:00,1898.63,1902.78,1898.06,1900.36,0
2020-10-14 13:00:00,1900.36,1909.37,1898.83,1907.78,0
2020-10-14 14:00:00,1907.72,1912.94,1904.88,1912.28,0
2020-10-14 15:00:00,1912.28,1912.69,1906.03,1907.16,0
2020-10-14 16:00:00,1907.17,1912.18,1902.67,1903.18,0
2020-10-14 17:00:00,1903.18,1904.54,1899.81,1901.27,0
2020-10-14 18:00:00,1901.28,1904.11,1900.99,1902.65,0
2020-10-14 19:00:00,1902.65,1903.51,1900.36,1902.72,0
2020-10-14 20:00:00,1902.71,1904.56,1899.46,1899.67,0
2020-10-14 21:00:00,1899.67,1902.2,1899.15,1900.9,0
2020-10-14 23:00:00,1901.65,1902.6,1898.59,1899.29,0
2020-10-15 00:00:00,1899.33,1900.39,1896.92,1898.29,0
2020-10-15 01:00:00,1898.29,1900.34,1894.63,1895.93,0
2020-10-15 02:00:00,1895.92,1897.79,1891.99,1897.14,0
2020-10-15 03:00:00,1897.18,1898.43,1893.57,1894.9,0
2020-10-15 04:00:00,1894.9,1898.31,1893.29,1898.26,0
2020-10-15 05:00:00,1898.26,1902.03,1896.98,1901.21,0
2020-10-15 06:00:00,1901.21,1902.01,1898.17,1898.52,0
2020-10-15 07:00:00,1898.57,1900.34,1896.0,1898.01,0
2020-10-15 08:00:00,1898.01,1903.69,1896.35,1902.39,0
2020-10-15 09:00:00,1902.44,1902.76,1892.76,1894.92,0
2020-10-15 10:00:00,1894.92,1897.02,1889.82,1896.71,0
2020-10-15 11:00:00,1896.71,1897.6,1892.54,1896.68,0
2020-10-15 12:00:00,1896.68,1897.33,1891.41,1891.61,0
2020-10-15 13:00:00,1891.61,1896.56,1889.6,1895.32,0
2020-10-15 14:00:00,1895.32,1902.24,1891.62,1895.68,0
2020-10-15 15:00:00,1895.68,1901.28,1891.87,1899.72,0
2020-10-15 16:00:00,1899.72,1906.91,1899.22,1903.66,0
2020-10-15 17:00:00,1903.63,1904.86,1901.7,1903.67,0
2020-10-15 18:00:00,1903.67,1907.66,1902.72,1905.23,0
2020-10-15 19:00:00,1905.23,1907.17,1904.27,1905.9,0
2020-10-15 20:00:00,1905.9,1908.61,1905.06,1906.59,0
2020-10-15 21:00:00,1906.6,1908.95,1906.42,1908.02,0
2020-10-15 23:00:00,1908.39,1908.95,1907.2,1907.49,0
2020-10-16 00:00:00,1907.53,1908.81,1905.66,1906.36,0
2020-10-16 01:00:00,1906.36,1907.52,1904.89,1907.52,0
2020-10-16 02:00:00,1907.52,1910.7,1906.3,1907.81,0
2020-10-16 03:00:00,1907.81,1909.14,1905.76,1908.49,0
2020-10-16 04:00:00,1908.49,1909.18,1905.05,1905.92,0
2020-10-16 05:00:00,1905.92,1906.22,1904.03,1905.76,0
2020-10-16 06:00:00,1905.76,1909.02,1904.88,1905.75,0
2020-10-16 07:00:00,1905.75,1906.68,1902.89,1905.85,0
2020-10-16 08:00:00,1905.85,1909.88,1904.6,1909.31,0
2020-10-16 09:00:00,1909.31,1912.58,1908.58,1909.94,0
2020-10-16 10:00:00,1909.94,1910.66,1906.59,1907.43,0
2020-10-16 11:00:00,1907.5,1910.11,1905.91,1908.42,0
2020-10-16 12:00:00,1908.42,1911.34,1907.92,1909.39,0
2020-10-16 13:00:00,1909.41,1913.94,1905.1,1906.91,0
2020-10-16 14:00:00,1906.88,1910.58,1903.95,1905.91,0
2020-10-16 15:00:00,1905.93,1909.47,1898.84,1902.2,0
2020-10-16 16:00:00,1902.2,1903.7,1897.8,1901.52,0
2020-10-16 17:00:00,1901.52,1903.23,1899.7,1902.96,0
2020-10-16 18:00:00,1902.9,1904.44,1901.31,1901.99,0
2020-10-16 19:00:00,1901.99,1903.75,1901.33,1903.62,0
2020-10-16 20:00:00,1903.62,1903.62,1899.12,1899.5,0
2020-10-16 21:00:00,1899.5,1900.18,1897.89,1898.62,0
2020-10-18 23:00:00,1899.67,1903.03,1898.63,1900.67,0
2020-10-19 00:00:00,1900.68,1901.33,1898.63,1900.75,0
2020-10-19 01:00:00,1900.81,1902.16,1899.03,1901.21,0
2020-10-19 02:00:00,1901.24,1902.91,1897.0,1901.71,0
2020-10-19 03:00:00,1901.74,1902.29,1900.45,1902.12,0
2020-10-19 04:00:00,1902.11,1902.41,1899.65,1901.03,0
2020-10-19 05:00:00,1901.06,1903.39,1900.25,1903.03,0
2020-10-19 06:00:00,1903.03,1909.13,1902.51,1907.99,0
2020-10-19 07:00:00,1907.99,1910.92,1907.79,1908.82,0
2020-10-19 08:00:00,1908.82,1911.83,1908.47,1909.26,0
2020-10-19 09:00:00,1909.26,1912.34,1908.38,1911.27,0
2020-10-19 10:00:00,1911.28,1912.7,1909.78,1911.22,0
2020-10-19 11:00:00,1911.22,1913.95,1910.92,1913.61,0
2020-10-19 12:00:00,1913.67,1913.84,1911.47,1912.27,0
2020-10-19 13:00:00,1912.3,1918.48,1909.29,1911.86,0
2020-10-19 14:00:00,1911.86,1912.43,1906.94,1907.27,0
2020-10-19 15:00:00,1907.12,1910.13,1902.88,1908.53,0
2020-10-19 16:00:00,1908.54,1909.68,1903.95,1908.3,0
2020-10-19 17:00:00,1908.29,1910.18,1907.41,1909.72,0
2020-10-19 18:00:00,1909.72,1910.44,1905.17,1905.69,0
2020-10-19 19:00:00,1905.69,1907.17,1902.51,1903.0,0
2020-10-19 20:00:00,1903.01,1904.2,1900.6,1900.85,0
2020-10-19 21:00:00,1900.96,1903.97,1900.84,1903.79,0
2020-10-19 23:00:00,1903.35,1904.72,1902.89,1903.46,0
2020-10-20 00:00:00,1903.46,1903.59,1901.89,1903.01,0
2020-10-20 01:00:00,1903.01,1904.17,1901.69,1903.44,0
2020-10-20 02:00:00,1903.37,1904.18,1896.42,1896.56,0
2020-10-20 03:00:00,1896.57,1901.3,1894.6,1901.02,0
2020-10-20 04:00:00,1900.99,1904.08,1899.94,1901.04,0
2020-10-20 05:00:00,1901.01,1902.35,1900.41,1901.31,0
2020-10-20 06:00:00,1901.31,1902.93,1899.62,1901.74,0
2020-10-20 07:00:00,1901.74,1904.11,1898.79,1901.95,0
2020-10-20 08:00:00,1901.95,1903.59,1899.5,1900.57,0
2020-10-20 09:00:00,1900.59,1903.14,1899.67,1901.68,0
2020-10-20 10:00:00,1901.68,1908.15,1901.26,1906.11,0
2020-10-20 11:00:00,1906.11,1908.13,1904.44,1905.57,0
2020-10-20 12:00:00,1905.57,1906.08,1903.56,1905.25,0
2020-10-20 13:00:00,1905.25,1907.42,1900.25,1905.26,0
2020-10-20 14:00:00,1905.28,1905.87,1899.38,1900.89,0
2020-10-20 15:00:00,1900.89,1912.42,1897.55,1908.94,0
2020-10-20 16:00:00,1908.94,1911.99,1905.69,1910.99,0
2020-10-20 17:00:00,1910.99,1911.92,1907.82,1908.78,0
2020-10-20 18:00:00,1908.78,1913.65,1908.78,1913.01,0
2020-10-20 19:00:00,1913.0,1914.1,1910.18,1910.44,0
2020-10-20 20:00:00,1910.44,1912.35,1908.99,1909.77,0
2020-10-20 21:00:00,1909.74,1910.57,1906.64,1907.45,0
2020-10-20 23:00:00,1907.72,1911.62,1907.72,1910.98,0
2020-10-21 00:00:00,1911.02,1912.52,1910.4,1910.79,0
2020-10-21 01:00:00,1910.7,1915.7,1910.08,1914.6,0
2020-10-21 02:00:00,1914.62,1916.93,1913.55,1915.08,0
2020-10-21 03:00:00,1915.08,1920.45,1915.08,1918.59,0
2020-10-21 04:00:00,1918.59,1919.35,1917.63,1917.63,0
2020-10-21 05:00:00,1917.63,1919.7,1917.34,1919.06,0
2020-10-21 06:00:00,1919.06,1919.85,1915.66,1916.25,0
2020-10-21 07:00:00,1916.25,1920.3,1914.93,1917.73,0
2020-10-21 08:00:00,1917.73,1920.93,1916.44,1920.47,0
2020-10-21 09:00:00,1920.48,1922.81,1915.22,1915.62,0
2020-10-21 10:00:00,1915.6,1918.26,1914.51,1916.51,0
2020-10-21 11:00:00,1916.55,1919.23,1916.29,1918.14,0
2020-10-21 12:00:00,1918.19,1919.7,1914.8,1916.23,0
2020-10-21 13:00:00,1916.33,1926.26,1916.33,1924.85,0
2020-10-21 14:00:00,1924.85,1926.54,1921.98,1926.11,0
2020-10-21 15:00:00,1926.06,1931.38,1924.49,1927.48,0
2020-10-21 16:00:00,1927.48,1928.18,1920.12,1925.17,0
2020-10-21 17:00:00,1925.18,1929.37,1923.86,1924.95,0
2020-10-21 18:00:00,1924.95,1926.24,1922.92,1924.64,0
2020-10-21 19:00:00,1924.67,1925.76,1922.87,1923.08,0
2020-10-21 20:00:00,1923.08,1924.61,1921.64,1924.55,0
2020-10-21 21:00:00,1924.54,1925.01,1923.37,1924.42,0
2020-10-21 23:00:00,1923.87,1926.0,1922.27,1924.21,0
2020-10-22 00:00:00,1924.2,1924.68,1920.31,1921.37,0
2020-10-22 01:00:00,1921.36,1922.09,1919.62,1921.29,0
2020-10-22 02:00:00,1921.29,1922.24,1915.68,1916.22,0
2020-10-22 03:00:00,1916.24,1916.72,1910.77,1914.83,0
2020-10-22 04:00:00,1914.81,1915.77,1912.76,1913.71,0
2020-10-22 05:00:00,1913.71,1914.01,1913.13,1913.62,0
2020-10-22 06:00:00,1913.62,1916.02,1913.57,1914.6,0
2020-10-22 07:00:00,1914.62,1918.05,1913.49,1917.8,0
2020-10-22 08:00:00,1917.8,1920.42,1914.95,1919.25,0
2020-10-22 09:00:00,1919.24,1919.83,1916.66,1917.04,0
2020-10-22 10:00:00,1917.01,1918.46,1916.52,1917.95,0
2020-10-22 11:00:00,1917.95,1918.87,1915.6,1917.02,0
2020-10-22 12:00:00,1917.02,1917.21,1913.32,1914.23,0
2020-10-22 13:00:00,1914.23,1914.83,1902.32,1905.72,0
2020-10-22 14:00:00,1905.7,1907.93,1900.88,1901.62,0
2020-10-22 15:00:00,1901.61,1903.72,1894.62,1899.1,0
2020-10-22 16:00:00,1899.1,1902.79,1897.36,1900.32,0
2020-10-22 17:00:00,1900.33,1902.42,1899.41,1900.55,0
2020-10-22 18:00:00,1900.55,1905.63,1899.86,1903.59,0
2020-10-22 19:00:00,1903.59,1904.61,1903.2,1904.19,0
2020-10-22 20:00:00,1904.19,1905.4,1902.65,1905.11,0
2020-10-22 21:00:00,1905.15,1905.41,1903.72,1903.83,0
2020-10-22 23:00:00,1903.84,1907.49,1903.79,1906.43,0
2020-10-23 00:00:00,1906.43,1906.52,1904.55,1905.02,0
2020-10-23 01:00:00,1905.02,1905.04,1901.34,1903.17,0
2020-10-23 02:00:00,1903.16,1905.06,1901.66,1904.31,0
2020-10-23 03:00:00,1904.32,1907.08,1904.25,1906.85,0
2020-10-23 04:00:00,1906.85,1907.72,1905.16,1906.44,0
2020-10-23 05:00:00,1906.43,1906.74,1904.45,1905.81,0
2020-10-23 06:00:00,1905.81,1906.37,1904.48,1904.8,0
2020-10-23 07:00:00,1904.87,1906.72,1902.65,1906.51,0
2020-10-23 08:00:00,1906.51,1909.31,1905.81,1908.85,0
2020-10-23 09:00:00,1908.85,1912.23,1907.66,1910.97,0
2020-10-23 10:00:00,1910.95,1911.54,1908.99,1909.24,0
2020-10-23 11:00:00,1909.24,1911.15,1908.39,1910.54,0
2020-10-23 12:00:00,1910.55,1912.84,1909.58,1910.52,0
2020-10-23 13:00:00,1910.52,1914.2,1909.2,1910.25,0
2020-10-23 14:00:00,1910.22,1911.58,1903.15,1903.27,0
2020-10-23 15:00:00,1903.27,1906.94,1894.28,1897.93,0
2020-10-23 16:00:00,1897.89,1901.41,1895.87,1898.78,0
2020-10-23 17:00:00,1898.78,1901.36,1895.81,1900.97,0
2020-10-23 18:00:00,1900.97,1905.54,1900.76,1903.19,0
2020-10-23 19:00:00,1903.19,1904.73,1902.0,1902.15,0
2020-10-23 20:00:00,1902.14,1903.86,1901.16,1903.78,0
2020-10-23 21:00:00,1903.78,1903.81,1901.44,1901.67,0
2020-10-25 23:00:00,1902.64,1903.91,1891.24,1893.46,0
2020-10-26 00:00:00,1893.47,1899.68,1893.43,1898.57,0
2020-10-26 01:00:00,1898.57,1900.79,1897.76,1900.2,0
2020-10-26 02:00:00,1900.22,1902.44,1896.38,1897.65,0
2020-10-26 03:00:00,1897.65,1901.04,1897.11,1899.17,0
2020-10-26 04:00:00,1899.17,1900.04,1897.22,1898.29,0
2020-10-26 05:00:00,1898.3,1899.05,1897.28,1897.53,0
2020-10-26 06:00:00,1897.51,1898.52,1894.9,1896.94,0
2020-10-26 07:00:00,1897.01,1898.82,1896.13,1897.79,0
2020-10-26 08:00:00,1897.76,1902.1,1896.8,1900.39,0
2020-10-26 09:00:00,1900.32,1901.97,1896.18,1898.42,0
2020-10-26 10:00:00,1898.4,1902.96,1897.63,1902.84,0
2020-10-26 11:00:00,1902.84,1905.25,1901.19,1904.63,0
2020-10-26 12:00:00,1904.61,1905.46,1902.71,1903.85,0
2020-10-26 13:00:00,1903.73,1906.18,1900.03,1901.68,0
2020-10-26 14:00:00,1901.66,1906.72,1899.97,1905.18,0
2020-10-26 15:00:00,1905.18,1908.62,1902.41,1903.89,0
2020-10-26 16:00:00,1903.92,1905.83,1898.88,1904.41,0
2020-10-26 17:00:00,1904.44,1906.2,1903.04,1904.14,0
2020-10-26 18:00:00,1904.16,1905.14,1900.33,1902.54,0
2020-10-26 19:00:00,1902.54,1904.12,1902.32,1903.38,0
2020-10-26 20:00:00,1903.38,1904.09,1900.74,1902.52,0
2020-10-26 21:00:00,1902.49,1903.07,1900.75,1902.2,0
2020-10-26 23:00:00,1901.77,1902.92,1901.42,1902.48,0
2020-10-27 00:00:00,1902.48,1903.4,1902.02,1902.26,0
2020-10-27 01:00:00,1902.33,1905.5,1901.84,1905.22,0
2020-10-27 02:00:00,1905.22,1908.61,1905.22,1906.84,0
2020-10-27 03:00:00,1906.84,1910.34,1906.84,1908.82,0
2020-10-27 04:00:00,1908.82,1909.15,1907.41,1907.63,0
2020-10-27 05:00:00,1907.63,1908.47,1906.92,1907.65,0
2020-10-27 06:00:00,1907.65,1908.98,1906.83,1907.73,0
2020-10-27 07:00:00,1907.73,1910.41,1907.73,1908.69,0
2020-10-27 08:00:00,1908.68,1908.68,1903.25,1904.19,0
2020-10-27 09:00:00,1904.16,1905.06,1900.11,1901.25,0
2020-10-27 10:00:00,1901.25,1901.65,1897.81,1900.96,0
2020-10-27 11:00:00,1900.96,1902.03,1898.36,1900.82,0
2020-10-27 12:00:00,1900.83,1903.14,1900.57,1902.95,0
2020-10-27 13:00:00,1902.95,1905.85,1900.77,1905.69,0
2020-10-27 14:00:00,1905.69,1907.6,1902.08,1906.68,0
2020-10-27 15:00:00,1906.68,1908.04,1905.2,1905.81,0
2020-10-27 16:00:00,1905.78,1911.36,1904.68,1908.55,0
2020-10-27 17:00:00,1908.55,1910.23,1907.62,1909.3,0
2020-10-27 18:00:00,1909.24,1911.01,1908.63,1908.66,0
2020-10-27 19:00:00,1908.66,1909.86,1907.8,1907.96,0
2020-10-27 20:00:00,1907.96,1908.74,1906.37,1907.71,0
2020-10-27 21:00:00,1907.69,1908.21,1906.45,1907.58,0
2020-10-27 23:00:00,1907.9,1908.45,1904.29,1904.68,0
2020-10-28 00:00:00,1904.68,1905.65,1904.27,1905.25,0
2020-10-28 01:00:00,1905.25,1907.72,1902.5,1906.71,0
2020-10-28 02:00:00,1906.71,1908.26,1904.78,1906.72,0
2020-10-28 03:00:00,1906.72,1907.38,1905.53,1905.67,0
2020-10-28 04:00:00,1905.67,1907.08,1904.5,1906.8,0
2020-10-28 05:00:00,1906.8,1908.83,1906.6,1908.23,0
2020-10-28 06:00:00,1908.23,1909.2,1907.27,1908.34,0
2020-10-28 07:00:00,1908.34,1910.88,1905.29,1906.36,0
2020-10-28 08:00:00,1906.38,1907.82,1905.59,1906.21,0
2020-10-28 09:00:00,1906.04,1906.82,1902.0,1904.06,0
2020-10-28 10:00:00,1904.06,1904.33,1899.35,1899.93,0
2020-10-28 11:00:00,1899.93,1900.97,1895.83,1896.56,0
2020-10-28 12:00:00,1896.55,1896.76,1890.67,1891.66,0
2020-10-28 13:00:00,1891.64,1891.77,1876.66,1882.34,0
2020-10-28 14:00:00,1882.32,1882.44,1873.13,1876.27,0
2020-10-28 15:00:00,1876.26,1878.59,1870.52,1871.95,0
2020-10-28 16:00:00,1871.94,1883.4,1869.25,1882.33,0
2020-10-28 17:00:00,1882.33,1884.23,1879.92,1880.69,0
2020-10-28 18:00:00,1880.69,1881.68,1877.09,1881.06,0
2020-10-28 19:00:00,1881.07,1881.18,1876.74,1876.9,0
2020-10-28 20:00:00,1876.9,1879.17,1876.04,1877.03,0
2020-10-28 21:00:00,1877.03,1877.86,1875.09,1877.37,0
2020-10-28 23:00:00,1876.72,1878.82,1876.01,1877.89,0
2020-10-29 00:00:00,1877.89,1879.83,1876.93,1879.64,0
2020-10-29 01:00:00,1879.64,1880.19,1877.89,1878.32,0
2020-10-29 02:00:00,1878.32,1879.5,1875.78,1878.32,0
2020-10-29 03:00:00,1878.29,1879.55,1876.88,1878.38,0
2020-10-29 04:00:00,1878.38,1881.96,1878.15,1881.79,0
2020-10-29 05:00:00,1881.79,1882.62,1880.98,1881.84,0
2020-10-29 06:00:00,1881.98,1883.28,1881.15,1882.7,0
2020-10-29 07:00:00,1882.7,1884.97,1882.02,1882.83,0
2020-10-29 08:00:00,1882.77,1883.87,1880.39,1881.29,0
2020-10-29 09:00:00,1881.27,1882.45,1877.16,1877.6,0
2020-10-29 10:00:00,1877.6,1881.73,1876.94,1877.33,0
2020-10-29 11:00:00,1877.31,1879.54,1875.16,1878.04,0
2020-10-29 12:00:00,1878.04,1879.01,1871.75,1872.04,0
2020-10-29 13:00:00,1872.15,1874.22,1862.54,1864.19,0
2020-10-29 14:00:00,1864.17,1873.84,1859.94,1871.62,0
2020-10-29 15:00:00,1871.81,1876.73,1869.82,1873.83,0
2020-10-29 16:00:00,1873.8,1873.95,1865.58,1867.89,0
2020-10-29 17:00:00,1867.89,1872.32,1867.56,1868.35,0
2020-10-29 18:00:00,1868.35,1869.22,1866.73,1867.78,0
2020-10-29 19:00:00,1867.78,1869.98,1866.02,1869.14,0
2020-10-29 20:00:00,1869.09,1871.5,1868.73,1869.25,0
2020-10-29 21:00:00,1869.23,1870.58,1865.82,1867.73,0
2020-10-29 23:00:00,1867.13,1869.21,1865.97,1866.62,0
2020-10-30 00:00:00,1866.64,1869.13,1866.24,1868.43,0
2020-10-30 01:00:00,1868.43,1868.5,1865.1,1867.17,0
2020-10-30 02:00:00,1867.17,1875.36,1864.38,1874.61,0
2020-10-30 03:00:00,1874.56,1876.37,1873.34,1874.55,0
2020-10-30 04:00:00,1874.55,1878.1,1873.94,1876.21,0
2020-10-30 05:00:00,1876.22,1877.1,1873.54,1873.62,0
2020-10-30 06:00:00,1873.61,1875.21,1868.48,1868.93,0
2020-10-30 07:00:00,1868.81,1872.08,1866.68,1870.34,0
2020-10-30 08:00:00,1870.33,1873.5,1868.51,1871.43,0
2020-10-30 09:00:00,1871.47,1874.42,1868.93,1869.43,0
2020-10-30 10:00:00,1869.41,1876.34,1869.1,1873.79,0
2020-10-30 11:00:00,1873.88,1876.63,1871.95,1876.25,0
2020-10-30 12:00:00,1876.24,1880.2,1874.07,1879.32,0
2020-10-30 13:00:00,1879.32,1889.6,1876.52,1887.43,0
2020-10-30 14:00:00,1887.43,1889.81,1883.32,1885.14,0
2020-10-30 15:00:00,1885.15,1885.61,1877.63,1879.55,0
2020-10-30 16:00:00,1879.55,1885.1,1874.7,1879.37,0
2020-10-30 17:00:00,1879.35,1882.74,1879.14,1881.6,0
2020-10-30 18:00:00,1881.6,1881.65,1877.51,1879.59,0
2020-10-30 19:00:00,1879.59,1881.5,1879.22,1879.96,0
2020-10-30 20:00:00,1879.98,1880.69,1877.4,1877.7,0
2020-10-30 21:00:00,1877.7,1879.12,1877.18,1878.38,0
2020-11-01 23:00:00,1877.02,1880.0,1875.37,1877.15,0
2020-11-02 00:00:00,1877.13,1877.96,1873.8,1875.17,0
2020-11-02 01:00:00,1875.15,1882.51,1873.44,1881.27,0
2020-11-02 02:00:00,1881.27,1885.65,1880.9,1883.81,0
2020-11-02 03:00:00,1883.81,1884.46,1881.75,1882.43,0
2020-11-02 04:00:00,1882.43,1882.55,1879.83,1880.52,0
2020-11-02 05:00:00,1880.52,1885.0,1880.36,1884.22,0
2020-11-02 06:00:00,1884.19,1885.45,1882.5,1884.01,0
2020-11-02 07:00:00,1884.03,1886.79,1881.35,1884.88,0
2020-11-02 08:00:00,1884.88,1885.94,1880.86,1884.47,0
2020-11-02 09:00:00,1884.45,1890.59,1884.29,1886.96,0
2020-11-02 10:00:00,1886.96,1888.96,1886.31,1888.37,0
2020-11-02 11:00:00,1888.38,1889.77,1887.11,1888.62,0
2020-11-02 12:00:00,1888.62,1892.63,1887.09,1888.4,0
2020-11-02 13:00:00,1888.43,1893.02,1888.42,1889.53,0
2020-11-02 14:00:00,1889.53,1892.1,1885.81,1890.28,0
2020-11-02 15:00:00,1890.11,1892.4,1887.55,1891.17,0
2020-11-02 16:00:00,1891.17,1895.03,1890.15,1893.15,0
2020-11-02 17:00:00,1893.15,1894.59,1891.59,1893.62,0
2020-11-02 18:00:00,1893.62,1894.06,1891.25,1892.57,0
2020-11-02 19:00:00,1892.57,1895.12,1892.22,1894.27,0
2020-11-02 20:00:00,1894.25,1895.74,1893.55,1895.46,0
2020-11-02 21:00:00,1895.46,1896.04,1894.83,1895.68,0
2020-11-02 23:00:00,1895.29,1896.16,1894.57,1894.78,0
2020-11-03 00:00:00,1894.78,1895.58,1893.1,1893.45,0
2020-11-03 01:00:00,1893.43,1898.1,1891.79,1897.65,0
2020-11-03 02:00:00,1897.62,1898.66,1894.88,1895.74,0
2020-11-03 03:00:00,1895.74,1895.77,1890.7,1893.0,0
2020-11-03 04:00:00,1893.0,1893.79,1891.51,1891.71,0
2020-11-03 05:00:00,1891.71,1893.87,1891.71,1892.1,0
2020-11-03 06:00:00,1892.1,1893.65,1890.55,1893.54,0
2020-11-03 07:00:00,1893.54,1894.21,1886.95,1890.7,0
2020-11-03 08:00:00,1890.7,1896.02,1889.42,1895.76,0
2020-11-03 09:00:00,1895.76,1900.86,1894.9,1899.28,0
2020-11-03 10:00:00,1899.28,1899.77,1896.88,1897.02,0
2020-11-03 11:00:00,1897.04,1900.48,1896.97,1899.17,0
2020-11-03 12:00:00,1899.2,1902.06,1898.97,1900.07,0
2020-11-03 13:00:00,1900.02,1908.03,1899.21,1906.65,0
2020-11-03 14:00:00,1906.62,1908.07,1899.83,1900.5,0
2020-11-03 15:00:00,1900.59,1909.12,1900.56,1907.37,0
2020-11-03 16:00:00,1907.37,1908.03,1904.32,1906.51,0
2020-11-03 17:00:00,1906.51,1910.53,1906.22,1908.98,0
2020-11-03 18:00:00,1908.98,1910.57,1905.79,1906.17,0
2020-11-03 19:00:00,1906.13,1907.54,1904.42,1906.87,0
2020-11-03 20:00:00,1906.9,1907.59,1905.54,1906.21,0
2020-11-03 21:00:00,1906.16,1909.99,1905.74,1909.57,0
2020-11-03 23:00:00,1908.85,1916.18,1907.63,1914.45,0
2020-11-04 00:00:00,1914.45,1916.43,1899.79,1899.83,0
2020-11-04 01:00:00,1899.83,1906.08,1886.42,1901.47,0
2020-11-04 02:00:00,1901.51,1904.14,1883.03,1893.58,0
2020-11-04 03:00:00,1893.58,1902.33,1892.41,1896.84,0
2020-11-04 04:00:00,1896.84,1903.53,1894.15,1898.86,0
2020-11-04 05:00:00,1898.86,1903.04,1895.83,1896.43,0
2020-11-04 06:00:00,1896.39,1901.17,1894.71,1899.45,0
2020-11-04 07:00:00,1899.45,1900.0,1887.93,1891.81,0
2020-11-04 08:00:00,1891.81,1895.58,1888.13,1893.37,0
2020-11-04 09:00:00,1893.37,1895.29,1888.91,1890.52,0
2020-11-04 10:00:00,1890.52,1892.43,1887.04,1889.34,0
2020-11-04 11:00:00,1889.32,1902.58,1887.52,1902.37,0
2020-11-04 12:00:00,1902.36,1910.95,1900.62,1908.63,0
2020-11-04 13:00:00,1908.66,1912.21,1904.56,1905.91,0
2020-11-04 14:00:00,1905.91,1909.33,1896.27,1902.64,0
2020-11-04 15:00:00,1902.64,1909.75,1900.05,1902.36,0
2020-11-04 16:00:00,1902.39,1903.17,1898.44,1901.54,0
2020-11-04 17:00:00,1901.58,1903.01,1893.19,1894.54,0
2020-11-04 18:00:00,1894.54,1898.39,1893.2,1898.36,0
2020-11-04 19:00:00,1898.36,1899.57,1896.14,1899.52,0
2020-11-04 20:00:00,1899.48,1905.85,1897.41,1904.67,0
2020-11-04 21:00:00,1904.77,1904.93,1902.42,1903.0,0
2020-11-04 23:00:00,1903.05,1905.93,1902.2,1904.81,0
2020-11-05 00:00:00,1904.75,1908.19,1903.76,1904.82,0
2020-11-05 01:00:00,1904.82,1909.74,1902.48,1907.37,0
2020-11-05 02:00:00,1907.37,1909.31,1903.08,1908.39,0
2020-11-05 03:00:00,1908.39,1909.25,1906.65,1907.31,0
2020-11-05 04:00:00,1907.31,1908.58,1905.67,1906.25,0
2020-11-05 05:00:00,1906.25,1910.49,1905.5,1909.56,0
2020-11-05 06:00:00,1909.55,1910.56,1907.31,1909.44,0
2020-11-05 07:00:00,1909.47,1913.52,1908.0,1911.07,0
2020-11-05 08:00:00,1911.05,1918.4,1908.88,1917.99,0
2020-11-05 09:00:00,1917.99,1919.25,1915.91,1917.16,0
2020-11-05 10:00:00,1917.16,1919.15,1916.06,1918.19,0
2020-11-05 11:00:00,1918.19,1920.8,1914.62,1919.23,0
2020-11-05 12:00:00,1919.25,1928.59,1916.94,1927.36,0
2020-11-05 13:00:00,1927.37,1932.97,1926.21,1931.59,0
2020-11-05 14:00:00,1931.6,1934.09,1926.96,1932.49,0
2020-11-05 15:00:00,1932.46,1948.32,1932.46,1945.46,0
2020-11-05 16:00:00,1945.46,1952.76,1943.44,1946.51,0
2020-11-05 17:00:00,1946.51,1948.77,1942.49,1947.63,0
2020-11-05 18:00:00,1947.75,1948.45,1944.94,1946.85,0
2020-11-05 19:00:00,1946.8,1952.47,1945.23,1949.67,0
2020-11-05 20:00:00,1949.71,1952.12,1947.92,1949.08,0
2020-11-05 21:00:00,1949.24,1951.49,1946.7,1949.46,0
2020-11-05 23:00:00,1948.39,1949.32,1944.27,1946.16,0
2020-11-06 00:00:00,1946.17,1947.36,1942.19,1942.33,0
2020-11-06 01:00:00,1942.33,1945.06,1938.53,1944.2,0
2020-11-06 02:00:00,1944.2,1945.85,1941.79,1942.58,0
2020-11-06 03:00:00,1942.62,1942.8,1937.35,1937.87,0
2020-11-06 04:00:00,1937.87,1939.36,1935.61,1936.9,0
2020-11-06 05:00:00,1936.91,1942.19,1936.35,1938.96,0
2020-11-06 06:00:00,1938.96,1941.48,1936.86,1941.01,0
2020-11-06 07:00:00,1941.0,1948.13,1939.31,1947.69,0
2020-11-06 08:00:00,1947.69,1950.74,1945.1,1945.5,0
2020-11-06 09:00:00,1945.53,1949.09,1943.96,1948.31,0
2020-11-06 10:00:00,1948.32,1952.36,1946.34,1951.33,0
2020-11-06 11:00:00,1951.32,1958.1,1950.79,1955.63,0
2020-11-06 12:00:00,1955.63,1956.89,1948.04,1949.65,0
2020-11-06 13:00:00,1949.62,1960.35,1949.06,1958.65,0
2020-11-06 14:00:00,1958.65,1960.36,1941.49,1941.9,0
2020-11-06 15:00:00,1941.9,1950.56,1941.19,1948.52,0
2020-11-06 16:00:00,1948.54,1953.9,1948.35,1952.0,0
2020-11-06 17:00:00,1952.0,1954.43,1950.43,1951.6,0
2020-11-06 18:00:00,1951.6,1953.78,1950.05,1953.65,0
2020-11-06 19:00:00,1953.68,1955.24,1951.67,1951.94,0
2020-11-06 20:00:00,1952.0,1954.01,1951.11,1952.45,0
2020-11-06 21:00:00,1952.44,1953.01,1950.7,1951.23,0
2020-11-08 23:00:00,1954.98,1959.94,1953.62,1958.59,0
2020-11-09 00:00:00,1958.59,1958.59,1952.65,1953.98,0
2020-11-09 01:00:00,1953.98,1957.38,1952.94,1955.72,0
2020-11-09 02:00:00,1955.72,1957.28,1954.75,1957.26,0
2020-11-09 03:00:00,1957.26,1961.24,1955.65,1960.86,0
2020-11-09 04:00:00,1960.86,1964.7,1960.28,1962.61,0
2020-11-09 05:00:00,1962.61,1965.51,1961.21,1961.88,0
2020-11-09 06:00:00,1961.84,1963.01,1955.61,1956.79,0
2020-11-09 07:00:00,1956.89,1958.85,1953.52,1956.93,0
2020-11-09 08:00:00,1956.93,1963.26,1955.98,1959.72,0
2020-11-09 09:00:00,1959.72,1961.18,1958.28,1958.69,0
2020-11-09 10:00:00,1958.6,1960.41,1957.62,1958.82,0
2020-11-09 11:00:00,1958.78,1958.82,1934.83,1938.37,0
2020-11-09 12:00:00,1938.37,1938.69,1900.96,1911.59,0
2020-11-09 13:00:00,1911.49,1911.61,1868.94,1880.65,0
2020-11-09 14:00:00,1880.59,1885.8,1859.77,1863.28,0
2020-11-09 15:00:00,1863.28,1870.77,1853.71,1860.8,0
2020-11-09 16:00:00,1860.85,1861.84,1850.53,1858.54,0
2020-11-09 17:00:00,1858.5,1868.15,1858.06,1862.21,0
2020-11-09 18:00:00,1862.15,1862.31,1855.31,1861.14,0
2020-11-09 19:00:00,1861.14,1867.65,1860.49,1866.71,0
2020-11-09 20:00:00,1866.71,1869.73,1863.43,1865.52,0
2020-11-09 21:00:00,1865.5,1869.06,1861.56,1862.13,0
2020-11-09 23:00:00,1863.71,1871.42,1860.31,1870.9,0
2020-11-10 00:00:00,1870.91,1875.12,1868.79,1873.67,0
2020-11-10 01:00:00,1873.64,1874.39,1867.47,1874.35,0
2020-11-10 02:00:00,1874.35,1878.03,1874.08,1876.94,0
2020-11-10 03:00:00,1876.96,1881.86,1876.8,1881.22,0
2020-11-10 04:00:00,1881.22,1884.97,1880.93,1883.59,0
2020-11-10 05:00:00,1883.59,1883.71,1878.86,1881.58,0
2020-11-10 06:00:00,1881.62,1889.52,1880.79,1888.15,0
2020-11-10 07:00:00,1888.14,1890.39,1883.61,1885.37,0
2020-11-10 08:00:00,1885.37,1890.26,1884.94,1887.5,0
2020-11-10 09:00:00,1887.5,1887.7,1875.16,1878.87,0
2020-11-10 10:00:00,1878.75,1879.05,1868.11,1868.76,0
2020-11-10 11:00:00,1868.76,1880.93,1867.44,1878.54,0
2020-11-10 12:00:00,1878.53,1880.75,1876.98,1880.55,0
2020-11-10 13:00:00,1880.55,1883.43,1873.57,1877.52,0
2020-11-10 14:00:00,1877.48,1884.54,1875.97,1881.74,0
2020-11-10 15:00:00,1881.74,1885.3,1878.07,1882.32,0
2020-11-10 16:00:00,1882.31,1885.09,1881.14,1881.7,0
2020-11-10 17:00:00,1881.7,1884.59,1881.7,1881.9,0
2020-11-10 18:00:00,1881.9,1882.54,1874.69,1877.12,0
2020-11-10 19:00:00,1877.12,1879.1,1876.25,1877.29,0
2020-11-10 20:00:00,1877.23,1877.57,1872.24,1872.81,0
2020-11-10 21:00:00,1872.72,1878.27,1872.01,1877.24,0
2020-11-10 23:00:00,1876.93,1879.47,1874.35,1876.73,0
2020-11-11 00:00:00,1876.73,1880.89,1876.43,1878.93,0
2020-11-11 01:00:00,1878.9,1881.63,1877.16,1879.63,0
2020-11-11 02:00:00,1879.64,1883.1,1879.22,1882.43,0
2020-11-11 03:00:00,1882.43,1882.93,1878.3,1880.71,0
2020-11-11 04:00:00,1880.71,1880.93,1878.82,1880.03,0
2020-11-11 05:00:00,1880.03,1883.37,1880.03,1882.04,0
2020-11-11 06:00:00,1882.07,1884.47,1881.05,1883.12,0
2020-11-11 07:00:00,1883.05,1883.28,1874.6,1876.56,0
2020-11-11 08:00:00,1876.65,1879.56,1874.68,1878.43,0
2020-11-11 09:00:00,1878.45,1881.54,1875.22,1881.26,0
2020-11-11 10:00:00,1881.26,1881.94,1875.9,1876.05,0
2020-11-11 11:00:00,1876.05,1877.33,1869.92,1876.95,0
2020-11-11 12:00:00,1876.95,1878.92,1870.64,1870.74,0
2020-11-11 13:00:00,1870.75,1873.55,1858.21,1858.59,0
2020-11-11 14:00:00,1858.59,1867.9,1856.45,1861.55,0
2020-11-11 15:00:00,1861.55,1866.44,1858.89,1862.64,0
2020-11-11 16:00:00,1862.63,1866.71,1861.88,1864.61,0
2020-11-11 17:00:00,1864.61,1864.74,1860.7,1862.39,0
2020-11-11 18:00:00,1862.39,1865.65,1861.99,1864.67,0
2020-11-11 19:00:00,1864.67,1865.49,1862.71,1863.54,0
2020-11-11 20:00:00,1863.56,1864.61,1862.8,1863.76,0
2020-11-11 21:00:00,1863.76,1866.01,1863.62,1865.25,0
2020-11-11 23:00:00,1865.52,1868.3,1863.95,1865.56,0
2020-11-12 00:00:00,1865.59,1866.08,1862.69,1865.21,0
2020-11-12 01:00:00,1865.21,1871.48,1863.01,1870.99,0
2020-11-12 02:00:00,1870.99,1871.8,1868.27,1870.4,0
2020-11-12 03:00:00,1870.37,1872.24,1869.42,1870.53,0
2020-11-12 04:00:00,1870.53,1871.19,1869.48,1869.96,0
2020-11-12 05:00:00,1869.96,1872.68,1868.75,1870.04,0
2020-11-12 06:00:00,1870.04,1871.42,1867.3,1869.56,0
2020-11-12 07:00:00,1869.56,1871.78,1867.49,1868.73,0
2020-11-12 08:00:00,1868.77,1870.31,1863.31,1867.49,0
2020-11-12 09:00:00,1867.49,1873.07,1864.83,1870.79,0
2020-11-12 10:00:00,1870.79,1871.47,1867.26,1868.44,0
2020-11-12 11:00:00,1868.44,1872.61,1868.37,1870.48,0
2020-11-12 12:00:00,1870.49,1872.56,1870.16,1870.61,0
2020-11-12 13:00:00,1870.63,1879.78,1867.52,1876.99,0
2020-11-12 14:00:00,1876.99,1880.37,1874.67,1879.56,0
2020-11-12 15:00:00,1879.56,1883.87,1875.79,1878.94,0
2020-11-12 16:00:00,1878.95,1882.13,1877.14,1880.34,0
2020-11-12 17:00:00,1880.34,1883.09,1877.28,1877.39,0
2020-11-12 18:00:00,1877.39,1877.99,1874.28,1877.88,0
2020-11-12 19:00:00,1877.88,1877.9,1875.72,1876.97,0
2020-11-12 20:00:00,1876.93,1877.17,1874.11,1875.62,0
2020-11-12 21:00:00,1875.62,1877.49,1875.2,1876.85,0
2020-11-12 23:00:00,1877.01,1877.37,1875.05,1875.8,0
2020-11-13 00:00:00,1875.8,1878.43,1874.03,1877.7,0
2020-11-13 01:00:00,1877.69,1881.97,1876.63,1879.24,0
2020-11-13 02:00:00,1879.24,1880.92,1878.34,1879.15,0
2020-11-13 03:00:00,1879.05,1879.62,1875.97,1876.98,0
2020-11-13 04:00:00,1876.98,1878.23,1876.36,1877.32,0
2020-11-13 05:00:00,1877.3,1879.97,1876.59,1879.8,0
2020-11-13 06:00:00,1879.8,1880.4,1878.41,1879.23,0
2020-11-13 07:00:00,1879.23,1879.66,1878.09,1878.98,0
2020-11-13 08:00:00,1878.99,1880.92,1877.08,1879.1,0
2020-11-13 09:00:00,1879.13,1880.84,1875.77,1880.58,0
2020-11-13 10:00:00,1880.6,1881.12,1878.15,1878.97,0
2020-11-13 11:00:00,1878.94,1880.31,1877.31,1879.4,0
2020-11-13 12:00:00,1879.4,1887.05,1878.27,1885.87,0
2020-11-13 13:00:00,1885.84,1895.47,1885.77,1894.87,0
2020-11-13 14:00:00,1894.87,1896.82,1890.74,1891.34,0
2020-11-13 15:00:00,1891.4,1893.71,1887.78,1891.81,0
2020-11-13 16:00:00,1891.83,1894.66,1890.0,1891.12,0
2020-11-13 17:00:00,1891.12,1892.47,1889.11,1890.56,0
2020-11-13 18:00:00,1890.56,1890.83,1884.77,1885.39,0
2020-11-13 19:00:00,1885.4,1886.78,1884.69,1886.71,0
2020-11-13 20:00:00,1886.71,1888.32,1886.25,1888.17,0
2020-11-13 21:00:00,1888.17,1889.68,1886.67,1889.44,0
2020-11-15 23:00:00,1888.53,1891.59,1886.79,1890.48,0
2020-11-16 00:00:00,1890.46,1891.33,1888.44,1889.38,0
2020-11-16 01:00:00,1889.41,1898.33,1887.59,1896.39,0
2020-11-16 02:00:00,1896.4,1899.06,1894.85,1895.35,0
2020-11-16 03:00:00,1895.35,1898.21,1894.66,1895.7,0
2020-11-16 04:00:00,1895.7,1896.84,1894.94,1895.66,0
2020-11-16 05:00:00,1895.66,1895.76,1891.11,1892.01,0
2020-11-16 06:00:00,1892.01,1892.52,1888.87,1890.3,0
2020-11-16 07:00:00,1890.29,1892.52,1887.51,1891.65,0
2020-11-16 08:00:00,1891.65,1895.01,1890.93,1894.03,0
2020-11-16 09:00:00,1894.08,1895.21,1893.36,1894.29,0
2020-11-16 10:00:00,1894.24,1894.46,1890.03,1891.55,0
2020-11-16 11:00:00,1891.55,1893.13,1864.5,1869.45,0
2020-11-16 12:00:00,1869.45,1878.69,1865.42,1876.61,0
2020-11-16 13:00:00,1876.6,1886.93,1871.82,1886.07,0
2020-11-16 14:00:00,1886.05,1891.43,1885.2,1887.82,0
2020-11-16 15:00:00,1887.79,1890.85,1886.35,1890.06,0
2020-11-16 16:00:00,1890.06,1896.02,1889.33,1895.31,0
2020-11-16 17:00:00,1895.26,1896.01,1889.06,1889.35,0
2020-11-16 18:00:00,1889.38,1889.64,1886.5,1886.8,0
2020-11-16 19:00:00,1886.8,1888.11,1886.04,1886.23,0
2020-11-16 20:00:00,1886.23,1888.2,1885.2,1887.54,0
2020-11-16 21:00:00,1887.54,1889.88,1886.84,1888.83,0
2020-11-16 23:00:00,1888.97,1890.63,1887.47,1889.88,0
2020-11-17 00:00:00,1889.88,1891.54,1886.94,1888.43,0
2020-11-17 01:00:00,1888.41,1890.79,1887.46,1888.76,0
2020-11-17 02:00:00,1888.76,1891.9,1888.52,1891.13,0
2020-11-17 03:00:00,1891.11,1892.44,1889.7,1890.44,0
2020-11-17 04:00:00,1890.44,1890.53,1887.15,1888.58,0
2020-11-17 05:00:00,1888.58,1888.89,1884.9,1886.85,0
2020-11-17 06:00:00,1886.85,1889.38,1884.25,1888.93,0
2020-11-17 07:00:00,1888.92,1890.26,1886.17,1887.23,0
2020-11-17 08:00:00,1887.22,1892.02,1884.25,1890.77,0
2020-11-17 09:00:00,1890.75,1892.72,1888.25,1890.27,0
2020-11-17 10:00:00,1890.27,1890.93,1885.86,1888.66,0
2020-11-17 11:00:00,1888.66,1889.13,1887.36,1888.76,0
2020-11-17 12:00:00,1888.76,1889.61,1886.53,1886.77,0
2020-11-17 13:00:00,1886.83,1893.44,1886.35,1891.21,0
2020-11-17 14:00:00,1891.16,1892.32,1886.18,1890.73,0
2020-11-17 15:00:00,1890.73,1890.87,1884.68,1888.69,0
2020-11-17 16:00:00,1888.69,1889.05,1885.34,1885.76,0
2020-11-17 17:00:00,1885.76,1887.65,1885.0,1886.91,0
2020-11-17 18:00:00,1886.91,1887.95,1885.23,1885.68,0
2020-11-17 19:00:00,1885.68,1887.09,1885.26,1886.81,0
2020-11-17 20:00:00,1886.81,1887.37,1876.85,1881.22,0
2020-11-17 21:00:00,1881.21,1881.99,1878.78,1880.21,0
2020-11-17 23:00:00,1880.45,1883.17,1880.15,1882.66,0
2020-11-18 00:00:00,1882.61,1883.23,1879.28,1881.22,0
2020-11-18 01:00:00,1881.19,1882.05,1876.37,1878.92,0
2020-11-18 02:00:00,1878.86,1879.73,1877.48,1878.48,0
2020-11-18 03:00:00,1878.48,1879.0,1875.66,1878.33,0
2020-11-18 04:00:00,1878.33,1880.26,1878.33,1879.51,0
2020-11-18 05:00:00,1879.51,1881.44,1878.6,1879.75,0
2020-11-18 06:00:00,1879.74,1880.5,1876.58,1879.96,0
2020-11-18 07:00:00,1879.96,1882.64,1879.86,1882.38,0
2020-11-18 08:00:00,1882.6,1884.84,1880.72,1883.5,0
2020-11-18 09:00:00,1883.53,1884.45,1876.41,1879.46,0
2020-11-18 10:00:00,1879.46,1879.98,1871.6,1874.83,0
2020-11-18 11:00:00,1874.82,1876.44,1869.52,1871.74,0
2020-11-18 12:00:00,1871.73,1872.49,1863.76,1870.52,0
2020-11-18 13:00:00,1870.52,1876.18,1868.96,1875.92,0
2020-11-18 14:00:00,1875.92,1880.19,1875.65,1875.76,0
2020-11-18 15:00:00,1875.76,1884.83,1875.32,1881.77,0
2020-11-18 16:00:00,1881.77,1882.79,1879.34,1880.12,0
2020-11-18 17:00:00,1880.12,1881.9,1874.65,1875.25,0
2020-11-18 18:00:00,1875.25,1876.14,1872.34,1873.07,0
2020-11-18 19:00:00,1873.07,1874.82,1871.24,1874.23,0
2020-11-18 20:00:00,1874.23,1874.23,1868.99,1870.3,0
2020-11-18 21:00:00,1870.3,1872.57,1869.54,1872.31,0
2020-11-18 23:00:00,1872.6,1874.08,1870.15,1871.33,0
2020-11-19 00:00:00,1871.33,1872.89,1868.45,1869.43,0
2020-11-19 01:00:00,1869.41,1872.65,1868.89,1870.31,0
2020-11-19 02:00:00,1870.36,1871.66,1870.16,1870.91,0
2020-11-19 03:00:00,1870.91,1870.91,1866.05,1867.98,0
2020-11-19 04:00:00,1867.98,1868.64,1866.79,1866.86,0
2020-11-19 05:00:00,1866.9,1868.35,1857.98,1862.47,0
2020-11-19 06:00:00,1862.47,1864.06,1860.21,1863.6,0
2020-11-19 07:00:00,1863.57,1864.99,1861.1,1863.72,0
2020-11-19 08:00:00,1863.72,1864.09,1855.73,1857.22,0
2020-11-19 09:00:00,1857.22,1865.64,1855.19,1861.47,0
2020-11-19 10:00:00,1861.47,1863.51,1856.3,1858.98,0
2020-11-19 11:00:00,1859.0,1864.59,1856.83,1862.61,0
2020-11-19 12:00:00,1862.61,1865.0,1860.36,1862.84,0
2020-11-19 13:00:00,1862.84,1863.39,1852.72,1860.61,0
2020-11-19 14:00:00,1860.67,1861.47,1855.79,1858.57,0
2020-11-19 15:00:00,1858.55,1863.86,1857.13,1860.09,0
2020-11-19 16:00:00,1860.1,1862.3,1858.5,1859.7,0
2020-11-19 17:00:00,1859.7,1863.37,1859.43,1862.84,0
2020-11-19 18:00:00,1862.84,1865.31,1862.59,1863.83,0
2020-11-19 19:00:00,1863.83,1867.63,1863.71,1865.39,0
2020-11-19 20:00:00,1865.32,1867.4,1863.4,1866.63,0
2020-11-19 21:00:00,1866.63,1867.71,1866.02,1866.02,0
2020-11-19 23:00:00,1865.55,1865.84,1860.86,1863.09,0
2020-11-20 00:00:00,1863.12,1865.0,1861.21,1863.04,0
2020-11-20 01:00:00,1863.04,1867.72,1862.32,1864.94,0
2020-11-20 02:00:00,1864.94,1865.48,1862.15,1864.02,0
2020-11-20 03:00:00,1864.02,1865.12,1862.71,1864.9,0
2020-11-20 04:00:00,1864.9,1868.01,1864.8,1867.62,0
2020-11-20 05:00:00,1867.62,1869.27,1866.38,1868.95,0
2020-11-20 06:00:00,1868.95,1869.8,1865.6,1867.1,0
2020-11-20 07:00:00,1867.15,1868.34,1860.88,1866.02,0
2020-11-20 08:00:00,1866.02,1869.44,1865.8,1867.35,0
2020-11-20 09:00:00,1867.35,1868.68,1865.63,1867.09,0
2020-11-20 10:00:00,1867.1,1868.6,1865.34,1865.59,0
2020-11-20 11:00:00,1865.59,1867.36,1863.42,1866.0,0
2020-11-20 12:00:00,1866.0,1867.82,1864.01,1867.16,0
2020-11-20 13:00:00,1867.14,1868.69,1865.66,1867.37,0
2020-11-20 14:00:00,1867.37,1879.39,1867.36,1875.51,0
2020-11-20 15:00:00,1875.51,1879.73,1873.85,1874.43,0
2020-11-20 16:00:00,1874.44,1875.28,1871.4,1872.7,0
2020-11-20 17:00:00,1872.68,1873.42,1871.36,1872.3,0
2020-11-20 18:00:00,1872.29,1874.67,1871.68,1873.77,0
2020-11-20 19:00:00,1873.78,1874.81,1872.95,1873.65,0
2020-11-20 20:00:00,1873.7,1874.03,1872.07,1872.93,0
2020-11-20 21:00:00,1872.93,1873.1,1869.85,1870.91,0
2020-11-22 23:00:00,1868.92,1872.16,1868.67,1872.11,0
2020-11-23 00:00:00,1872.11,1873.6,1871.48,1873.27,0
2020-11-23 01:00:00,1873.26,1876.03,1871.69,1873.22,0
2020-11-23 02:00:00,1873.19,1873.4,1870.48,1873.07,0
2020-11-23 03:00:00,1873.09,1873.87,1872.64,1873.21,0
2020-11-23 04:00:00,1873.21,1873.72,1872.46,1873.67,0
2020-11-23 05:00:00,1873.67,1874.76,1873.08,1873.73,0
2020-11-23 06:00:00,1873.73,1876.12,1873.26,1873.96,0
2020-11-23 07:00:00,1873.95,1875.61,1871.92,1874.74,0
2020-11-23 08:00:00,1874.79,1875.19,1868.61,1869.05,0
2020-11-23 09:00:00,1869.05,1870.85,1866.69,1868.99,0
2020-11-23 10:00:00,1868.99,1869.88,1864.3,1865.61,0
2020-11-23 11:00:00,1865.61,1867.38,1863.47,1866.29,0
2020-11-23 12:00:00,1866.29,1868.96,1865.65,1868.5,0
2020-11-23 13:00:00,1868.48,1869.13,1862.5,1867.02,0
2020-11-23 14:00:00,1867.02,1868.21,1841.04,1841.63,0
2020-11-23 15:00:00,1841.66,1843.34,1833.82,1834.67,0
2020-11-23 16:00:00,1834.67,1839.18,1830.97,1839.09,0
2020-11-23 17:00:00,1839.07,1840.64,1837.11,1839.76,0
2020-11-23 18:00:00,1839.76,1841.1,1838.8,1839.48,0
2020-11-23 19:00:00,1839.47,1839.48,1837.37,1838.08,0
2020-11-23 20:00:00,1838.08,1840.43,1835.48,1836.13,0
2020-11-23 21:00:00,1836.08,1838.32,1835.62,1837.83,0
2020-11-23 23:00:00,1838.52,1839.0,1835.04,1835.66,0
2020-11-24 00:00:00,1835.66,1836.01,1830.81,1834.82,0
2020-11-24 01:00:00,1834.81,1836.37,1826.43,1827.88,0
2020-11-24 02:00:00,1827.77,1829.08,1821.42,1822.41,0
2020-11-24 03:00:00,1822.49,1827.62,1821.32,1825.59,0
2020-11-24 04:00:00,1825.62,1826.24,1823.54,1824.49,0
2020-11-24 05:00:00,1824.49,1829.1,1822.62,1826.49,0
2020-11-24 06:00:00,1826.57,1829.7,1825.76,1828.54,0
2020-11-24 07:00:00,1828.4,1832.95,1827.5,1827.6,0
2020-11-24 08:00:00,1827.59,1830.8,1823.54,1824.79,0
2020-11-24 09:00:00,1824.79,1827.13,1824.57,1825.59,0
2020-11-24 10:00:00,1825.59,1826.02,1811.83,1812.72,0
2020-11-24 11:00:00,1812.83,1815.36,1805.73,1810.29,0
2020-11-24 12:00:00,1810.26,1815.96,1809.34,1810.2,0
2020-11-24 13:00:00,1810.25,1812.86,1804.4,1805.81,0
2020-11-24 14:00:00,1805.82,1808.59,1801.66,1805.37,0
2020-11-24 15:00:00,1805.31,1806.74,1800.21,1805.59,0
2020-11-24 16:00:00,1805.57,1808.1,1802.87,1803.42,0
2020-11-24 17:00:00,1803.42,1806.69,1802.94,1805.03,0
2020-11-24 18:00:00,1805.03,1808.35,1804.66,1805.78,0
2020-11-24 19:00:00,1805.78,1806.2,1803.47,1803.92,0
2020-11-24 20:00:00,1803.88,1808.21,1803.5,1807.42,0
2020-11-24 21:00:00,1807.37,1808.74,1806.04,1807.37,0
2020-11-24 23:00:00,1807.98,1811.01,1805.6,1809.13,0
2020-11-25 00:00:00,1809.16,1810.28,1805.37,1806.52,0
2020-11-25 01:00:00,1806.58,1812.13,1806.58,1810.57,0
2020-11-25 02:00:00,1810.57,1811.2,1808.0,1809.14,0
2020-11-25 03:00:00,1809.14,1809.41,1803.27,1803.83,0
2020-11-25 04:00:00,1803.83,1805.5,1801.62,1804.71,0
2020-11-25 05:00:00,1804.71,1806.33,1802.68,1804.26,0
2020-11-25 06:00:00,1804.22,1806.59,1803.69,1805.64,0
2020-11-25 07:00:00,1805.62,1811.04,1804.87,1810.11,0
2020-11-25 08:00:00,1810.09,1815.2,1809.19,1810.74,0
2020-11-25 09:00:00,1810.75,1814.25,1810.46,1813.29,0
2020-11-25 10:00:00,1813.29,1813.63,1808.06,1808.64,0
2020-11-25 11:00:00,1808.69,1814.1,1806.49,1812.63,0
2020-11-25 12:00:00,1812.63,1814.8,1810.48,1813.39,0
2020-11-25 13:00:00,1813.39,1816.67,1810.53,1814.19,0
2020-11-25 14:00:00,1814.16,1817.73,1810.49,1813.21,0
2020-11-25 15:00:00,1813.24,1813.82,1809.88,1810.53,0
2020-11-25 16:00:00,1810.53,1813.13,1810.04,1810.06,0
2020-11-25 17:00:00,1810.08,1811.06,1808.6,1808.66,0
2020-11-25 18:00:00,1808.66,1809.48,1805.99,1806.15,0
2020-11-25 19:00:00,1806.31,1809.1,1804.05,1806.8,0
2020-11-25 20:00:00,1806.8,1808.77,1806.18,1806.71,0
2020-11-25 21:00:00,1806.7,1807.91,1804.89,1807.74,0
2020-11-25 23:00:00,1808.31,1809.72,1806.71,1808.3,0
2020-11-26 00:00:00,1808.35,1812.13,1807.2,1809.13,0
2020-11-26 01:00:00,1809.13,1812.68,1808.16,1811.22,0
2020-11-26 02:00:00,1811.27,1812.15,1808.65,1811.29,0
2020-11-26 03:00:00,1811.29,1811.86,1810.44,1810.89,0
2020-11-26 04:00:00,1810.94,1811.47,1809.77,1810.68,0
2020-11-26 05:00:00,1810.68,1811.27,1806.8,1808.5,0
2020-11-26 06:00:00,1808.48,1813.51,1808.48,1812.22,0
2020-11-26 07:00:00,1812.19,1818.24,1811.05,1815.01,0
2020-11-26 08:00:00,1815.01,1817.97,1813.84,1816.05,0
2020-11-26 09:00:00,1816.05,1817.44,1813.04,1814.1,0
2020-11-26 10:00:00,1814.09,1814.98,1811.04,1814.7,0
2020-11-26 11:00:00,1814.68,1815.09,1813.48,1814.29,0
2020-11-26 12:00:00,1814.34,1814.88,1812.18,1813.2,0
2020-11-26 13:00:00,1813.2,1815.25,1812.84,1814.14,0
2020-11-26 14:00:00,1814.15,1814.41,1805.78,1807.55,0
2020-11-26 15:00:00,1807.55,1810.58,1806.56,1809.8,0
2020-11-26 16:00:00,1809.8,1812.0,1808.37,1808.58,0
2020-11-26 17:00:00,1808.58,1810.82,1807.86,1810.26,0
2020-11-26 23:00:00,1811.31,1811.31,1808.88,1809.21,0
2020-11-27 00:00:00,1809.21,1813.15,1808.45,1812.9,0
2020-11-27 01:00:00,1812.9,1813.83,1809.48,1809.71,0
2020-11-27 02:00:00,1809.71,1810.29,1807.76,1809.01,0
2020-11-27 03:00:00,1809.01,1809.68,1807.31,1809.15,0
2020-11-27 04:00:00,1809.15,1809.49,1806.92,1807.9,0
2020-11-27 05:00:00,1807.9,1811.08,1802.92,1810.14,0
2020-11-27 06:00:00,1810.14,1810.47,1808.34,1808.92,0
2020-11-27 07:00:00,1808.92,1810.49,1806.92,1810.03,0
2020-11-27 08:00:00,1810.03,1811.47,1807.73,1809.27,0
2020-11-27 09:00:00,1809.27,1810.74,1807.27,1808.52,0
2020-11-27 10:00:00,1808.52,1809.79,1807.24,1807.45,0
2020-11-27 11:00:00,1807.45,1808.09,1805.39,1806.3,0
2020-11-27 12:00:00,1806.27,1807.9,1804.33,1806.63,0
2020-11-27 13:00:00,1806.69,1807.08,1774.45,1778.49,0
2020-11-27 14:00:00,1778.63,1783.87,1774.33,1778.96,0
2020-11-27 15:00:00,1778.98,1785.38,1777.96,1782.03,0
2020-11-27 16:00:00,1781.98,1788.76,1781.77,1784.66,0
2020-11-27 17:00:00,1784.67,1788.59,1784.22,1787.86,0
2020-11-27 18:00:00,1787.86,1788.38,1785.88,1786.71,0
2020-11-29 23:00:00,1789.41,1789.89,1785.39,1786.78,0
2020-11-30 00:00:00,1786.78,1787.51,1780.8,1783.07,0
2020-11-30 01:00:00,1783.08,1785.66,1781.4,1783.04,0
2020-11-30 02:00:00,1783.04,1783.04,1764.23,1766.71,0
2020-11-30 03:00:00,1766.75,1774.25,1765.81,1770.81,0
2020-11-30 04:00:00,1770.81,1772.38,1769.3,1769.88,0
2020-11-30 05:00:00,1769.93,1771.77,1765.38,1770.54,0
2020-11-30 06:00:00,1770.54,1776.75,1768.84,1774.17,0
2020-11-30 07:00:00,1774.17,1783.75,1773.87,1781.16,0
2020-11-30 08:00:00,1781.61,1782.19,1775.19,1775.92,0
2020-11-30 09:00:00,1775.92,1777.81,1772.67,1774.07,0
2020-11-30 10:00:00,1774.05,1775.48,1764.64,1767.59,0
2020-11-30 11:00:00,1767.64,1772.76,1766.68,1771.84,0
2020-11-30 12:00:00,1771.82,1772.99,1765.47,1768.73,0
2020-11-30 13:00:00,1768.72,1772.92,1766.9,1772.59,0
2020-11-30 14:00:00,1772.58,1778.68,1769.49,1778.08,0
2020-11-30 15:00:00,1778.08,1778.08,1770.47,1773.11,0
2020-11-30 16:00:00,1773.11,1782.63,1771.46,1781.64,0
2020-11-30 17:00:00,1781.63,1784.49,1777.69,1777.98,0
2020-11-30 18:00:00,1777.99,1780.52,1775.79,1779.42,0
2020-11-30 19:00:00,1779.42,1781.52,1779.38,1780.99,0
2020-11-30 20:00:00,1780.99,1781.32,1775.96,1776.52,0
2020-11-30 21:00:00,1776.52,1777.79,1775.44,1776.72,0
2020-11-30 23:00:00,1777.9,1779.33,1775.74,1778.73,0
2020-12-01 00:00:00,1778.73,1779.58,1776.79,1778.15,0
2020-12-01 01:00:00,1778.15,1780.72,1777.63,1778.93,0
2020-12-01 02:00:00,1778.93,1783.48,1778.91,1783.0,0
2020-12-01 03:00:00,1783.0,1785.97,1782.78,1784.57,0
2020-12-01 04:00:00,1784.57,1787.11,1783.38,1784.24,0
2020-12-01 05:00:00,1784.24,1788.27,1783.65,1787.06,0
2020-12-01 06:00:00,1787.06,1788.04,1784.64,1786.21,0
2020-12-01 07:00:00,1786.2,1791.89,1785.63,1791.11,0
2020-12-01 08:00:00,1791.05,1794.77,1789.41,1793.86,0
2020-12-01 09:00:00,1793.86,1795.19,1790.98,1794.98,0
2020-12-01 10:00:00,1794.97,1799.55,1794.76,1799.15,0
2020-12-01 11:00:00,1799.15,1810.12,1799.14,1806.56,0
2020-12-01 12:00:00,1806.55,1808.84,1803.07,1808.1,0
2020-12-01 13:00:00,1808.12,1813.35,1806.55,1812.81,0
2020-12-01 14:00:00,1812.85,1815.19,1807.39,1808.96,0
2020-12-01 15:00:00,1808.96,1812.3,1804.93,1810.37,0
2020-12-01 16:00:00,1810.36,1812.08,1807.42,1810.44,0
2020-12-01 17:00:00,1810.44,1815.17,1810.35,1812.95,0
2020-12-01 18:00:00,1812.96,1817.3,1812.8,1814.41,0
2020-12-01 19:00:00,1814.4,1815.76,1813.28,1813.6,0
2020-12-01 20:00:00,1813.6,1815.09,1813.4,1814.46,0
2020-12-01 21:00:00,1814.46,1815.57,1814.03,1815.04,0
2020-12-01 23:00:00,1813.52,1813.52,1810.52,1811.19,0
2020-12-02 00:00:00,1811.17,1814.69,1810.98,1814.05,0
2020-12-02 01:00:00,1814.05,1815.46,1811.67,1812.99,0
2020-12-02 02:00:00,1812.98,1814.31,1808.76,1808.89,0
2020-12-02 03:00:00,1808.88,1811.08,1808.82,1810.21,0
2020-12-02 04:00:00,1810.21,1811.17,1809.34,1809.5,0
2020-12-02 05:00:00,1809.5,1811.71,1807.46,1809.97,0
2020-12-02 06:00:00,1810.02,1814.33,1809.81,1812.89,0
2020-12-02 07:00:00,1812.89,1816.88,1810.72,1815.72,0
2020-12-02 08:00:00,1815.72,1826.4,1813.85,1825.05,0
2020-12-02 09:00:00,1825.05,1827.27,1821.96,1825.05,0
2020-12-02 10:00:00,1825.05,1832.41,1824.0,1829.85,0
2020-12-02 11:00:00,1829.85,1830.29,1825.59,1825.67,0
2020-12-02 12:00:00,1825.67,1825.95,1816.49,1820.49,0
2020-12-02 13:00:00,1820.49,1826.3,1812.72,1815.83,0
2020-12-02 14:00:00,1815.83,1820.9,1813.85,1818.47,0
2020-12-02 15:00:00,1818.47,1826.97,1818.46,1826.56,0
2020-12-02 16:00:00,1826.56,1829.56,1825.86,1826.79,0
2020-12-02 17:00:00,1826.79,1827.29,1824.82,1826.0,0
2020-12-02 18:00:00,1826.0,1829.45,1825.48,1829.25,0
2020-12-02 19:00:00,1829.25,1830.61,1827.96,1829.53,0
2020-12-02 20:00:00,1829.53,1830.23,1827.74,1828.34,0
2020-12-02 21:00:00,1828.34,1831.75,1828.09,1830.51,0
2020-12-02 23:00:00,1830.51,1831.85,1829.15,1830.6,0
2020-12-03 00:00:00,1830.6,1830.81,1827.77,1828.67,0
2020-12-03 01:00:00,1828.67,1830.97,1826.16,1826.52,0
2020-12-03 02:00:00,1826.52,1829.99,1826.47,1829.31,0
2020-12-03 03:00:00,1829.35,1837.28,1829.07,1835.36,0
2020-12-03 04:00:00,1835.36,1836.37,1832.81,1835.95,0
2020-12-03 05:00:00,1835.95,1836.07,1832.68,1834.32,0
2020-12-03 06:00:00,1834.32,1835.74,1830.59,1833.17,0
2020-12-03 07:00:00,1833.17,1842.73,1833.04,1842.44,0
2020-12-03 08:00:00,1842.44,1843.51,1837.63,1840.69,0
2020-12-03 09:00:00,1840.68,1841.71,1834.86,1837.84,0
2020-12-03 10:00:00,1837.84,1840.32,1834.81,1839.27,0
2020-12-03 11:00:00,1839.33,1842.61,1837.82,1842.58,0
2020-12-03 12:00:00,1842.58,1843.95,1839.84,1841.37,0
2020-12-03 13:00:00,1841.36,1842.01,1834.77,1836.24,0
2020-12-03 14:00:00,1836.23,1843.36,1830.54,1831.53,0
2020-12-03 15:00:00,1831.53,1837.46,1829.33,1831.11,0
2020-12-03 16:00:00,1831.11,1834.48,1823.76,1834.37,0
2020-12-03 17:00:00,1834.37,1838.33,1832.63,1837.96,0
2020-12-03 18:00:00,1837.96,1838.97,1835.41,1837.59,0
2020-12-03 19:00:00,1837.59,1840.52,1837.56,1840.26,0
2020-12-03 20:00:00,1840.26,1842.25,1838.83,1842.25,0
2020-12-03 21:00:00,1842.25,1842.33,1840.23,1840.92,0
2020-12-03 23:00:00,1841.15,1841.84,1839.65,1839.84,0
2020-12-04 00:00:00,1839.84,1842.61,1839.37,1841.32,0
2020-12-04 01:00:00,1841.27,1841.47,1837.94,1839.33,0
2020-12-04 02:00:00,1839.33,1844.46,1838.0,1844.41,0
2020-12-04 03:00:00,1844.41,1844.81,1841.77,1842.57,0
2020-12-04 04:00:00,1842.57,1842.96,1840.34,1840.75,0
2020-12-04 05:00:00,1840.8,1841.51,1838.52,1838.55,0
2020-12-04 06:00:00,1838.55,1843.75,1837.9,1843.63,0
2020-12-04 07:00:00,1843.64,1844.24,1839.5,1839.94,0
2020-12-04 08:00:00,1839.87,1843.3,1837.82,1840.63,0
2020-12-04 09:00:00,1840.63,1843.72,1839.61,1842.23,0
2020-12-04 10:00:00,1842.23,1844.38,1838.75,1839.81,0
2020-12-04 11:00:00,1839.81,1843.05,1838.52,1841.47,0
2020-12-04 12:00:00,1841.48,1842.83,1840.77,1841.54,0
2020-12-04 13:00:00,1841.54,1847.77,1833.18,1837.5,0
2020-12-04 14:00:00,1837.71,1848.23,1837.71,1842.88,0
2020-12-04 15:00:00,1842.88,1843.24,1829.16,1832.06,0
2020-12-04 16:00:00,1832.04,1834.17,1830.61,1833.28,0
2020-12-04 17:00:00,1833.28,1835.75,1832.5,1834.19,0
2020-12-04 18:00:00,1834.19,1836.63,1833.77,1835.51,0
2020-12-04 19:00:00,1835.51,1837.41,1834.81,1836.83,0
2020-12-04 20:00:00,1836.83,1837.58,1835.63,1836.66,0
2020-12-04 21:00:00,1836.66,1839.16,1836.44,1838.84,0
2020-12-06 23:00:00,1837.42,1837.96,1832.94,1835.37,0
2020-12-07 00:00:00,1835.36,1839.37,1835.09,1836.93,0
2020-12-07 01:00:00,1836.93,1839.15,1834.75,1837.62,0
2020-12-07 02:00:00,1837.62,1839.36,1836.86,1839.15,0
2020-12-07 03:00:00,1839.15,1839.69,1836.12,1837.71,0
2020-12-07 04:00:00,1837.71,1839.66,1836.78,1838.95,0
2020-12-07 05:00:00,1838.95,1842.23,1838.86,1842.05,0
2020-12-07 06:00:00,1842.05,1842.42,1838.99,1839.41,0
2020-12-07 07:00:00,1839.41,1841.84,1837.72,1838.0,0
2020-12-07 08:00:00,1837.99,1838.85,1822.07,1828.03,0
2020-12-07 09:00:00,1828.03,1832.92,1826.78,1831.79,0
2020-12-07 10:00:00,1831.79,1834.1,1830.82,1831.73,0
2020-12-07 11:00:00,1831.73,1831.87,1827.52,1830.45,0
2020-12-07 12:00:00,1830.45,1834.37,1829.13,1833.73,0
2020-12-07 13:00:00,1833.73,1840.19,1830.46,1839.36,0
2020-12-07 14:00:00,1839.36,1857.45,1838.04,1856.68,0
2020-12-07 15:00:00,1856.68,1867.15,1856.68,1864.33,0
2020-12-07 16:00:00,1864.31,1868.54,1863.45,1864.35,0
2020-12-07 17:00:00,1864.36,1866.45,1863.58,1865.47,0
2020-12-07 18:00:00,1865.47,1865.65,1860.59,1862.04,0
2020-12-07 19:00:00,1862.04,1862.04,1859.1,1859.55,0
2020-12-07 20:00:00,1859.55,1864.05,1858.05,1863.92,0
2020-12-07 21:00:00,1863.92,1865.53,1861.57,1862.19,0
2020-12-07 23:00:00,1862.7,1865.34,1862.51,1863.85,0
2020-12-08 00:00:00,1863.85,1864.66,1862.35,1863.77,0
2020-12-08 01:00:00,1863.77,1866.42,1861.04,1863.86,0
2020-12-08 02:00:00,1863.87,1869.36,1863.54,1867.58,0
2020-12-08 03:00:00,1867.55,1870.31,1867.15,1869.45,0
2020-12-08 04:00:00,1869.45,1871.84,1867.68,1870.14,0
2020-12-08 05:00:00,1870.14,1870.73,1866.75,1867.37,0
2020-12-08 06:00:00,1867.37,1869.71,1866.55,1867.11,0
2020-12-08 07:00:00,1867.12,1867.79,1864.72,1865.2,0
2020-12-08 08:00:00,1865.25,1867.15,1861.3,1864.99,0
2020-12-08 09:00:00,1864.99,1866.24,1862.46,1864.54,0
2020-12-08 10:00:00,1864.52,1866.59,1862.57,1863.42,0
2020-12-08 11:00:00,1863.42,1863.67,1860.23,1861.39,0
2020-12-08 12:00:00,1861.47,1865.83,1861.46,1865.68,0
2020-12-08 13:00:00,1865.68,1872.62,1861.38,1864.74,0
2020-12-08 14:00:00,1864.74,1875.29,1864.74,1870.03,0
2020-12-08 15:00:00,1870.03,1870.91,1862.06,1866.56,0
2020-12-08 16:00:00,1866.56,1870.34,1865.59,1869.33,0
2020-12-08 17:00:00,1869.33,1873.42,1869.08,1872.83,0
2020-12-08 18:00:00,1872.83,1873.34,1869.71,1871.8,0
2020-12-08 19:00:00,1871.8,1873.19,1870.03,1870.32,0
2020-12-08 20:00:00,1870.32,1870.81,1869.08,1870.58,0
2020-12-08 21:00:00,1870.58,1871.72,1869.6,1870.24,0
2020-12-08 23:00:00,1869.92,1870.39,1869.03,1870.08,0
2020-12-09 00:00:00,1870.08,1870.52,1867.49,1867.8,0
2020-12-09 01:00:00,1867.77,1869.06,1865.31,1867.34,0
2020-12-09 02:00:00,1867.34,1868.54,1864.73,1866.22,0
2020-12-09 03:00:00,1866.22,1866.29,1859.68,1861.07,0
2020-12-09 04:00:00,1861.07,1861.07,1855.61,1860.47,0
2020-12-09 05:00:00,1860.45,1861.38,1857.74,1859.15,0
2020-12-09 06:00:00,1859.14,1863.86,1858.93,1860.13,0
2020-12-09 07:00:00,1860.13,1861.85,1858.16,1860.09,0
2020-12-09 08:00:00,1860.09,1865.35,1858.05,1864.81,0
2020-12-09 09:00:00,1864.81,1866.19,1858.27,1860.91,0
2020-12-09 10:00:00,1860.88,1862.21,1856.04,1858.29,0
2020-12-09 11:00:00,1858.29,1860.81,1851.51,1853.69,0
2020-12-09 12:00:00,1853.71,1858.94,1853.71,1856.97,0
2020-12-09 13:00:00,1856.97,1864.16,1855.97,1859.09,0
2020-12-09 14:00:00,1859.09,1859.19,1839.82,1839.82,0
2020-12-09 15:00:00,1839.77,1848.71,1837.31,1848.16,0
2020-12-09 16:00:00,1848.16,1851.13,1842.61,1842.88,0
2020-12-09 17:00:00,1842.9,1843.7,1838.94,1841.86,0
2020-12-09 18:00:00,1841.86,1841.94,1825.41,1825.49,0
2020-12-09 19:00:00,1825.52,1833.56,1825.52,1833.31,0
2020-12-09 20:00:00,1833.31,1839.07,1832.7,1838.09,0
2020-12-09 21:00:00,1838.09,1840.34,1838.08,1839.87,0
2020-12-09 23:00:00,1838.7,1839.16,1833.7,1834.42,0
2020-12-10 00:00:00,1834.42,1838.27,1834.28,1835.82,0
2020-12-10 01:00:00,1835.81,1839.95,1834.32,1839.43,0
2020-12-10 02:00:00,1839.43,1842.5,1838.23,1840.83,0
2020-12-10 03:00:00,1840.83,1841.72,1838.09,1838.13,0
2020-12-10 04:00:00,1838.11,1842.39,1838.11,1840.19,0
2020-12-10 05:00:00,1840.19,1841.56,1838.48,1839.36,0
2020-12-10 06:00:00,1839.37,1839.53,1834.68,1834.95,0
2020-12-10 07:00:00,1835.0,1840.05,1834.15,1837.55,0
2020-12-10 08:00:00,1837.55,1837.88,1831.75,1833.4,0
2020-12-10 09:00:00,1833.4,1833.74,1828.65,1831.94,0
2020-12-10 10:00:00,1831.94,1838.73,1830.8,1835.9,0
2020-12-10 11:00:00,1835.9,1837.13,1834.26,1835.03,0
2020-12-10 12:00:00,1835.03,1838.56,1832.63,1836.12,0
2020-12-10 13:00:00,1836.12,1846.83,1834.16,1845.44,0
2020-12-10 14:00:00,1845.46,1850.01,1840.59,1847.7,0
2020-12-10 15:00:00,1847.68,1849.26,1833.8,1835.44,0
2020-12-10 16:00:00,1835.49,1837.51,1831.33,1837.28,0
2020-12-10 17:00:00,1837.28,1838.12,1830.5,1830.66,0
2020-12-10 18:00:00,1830.68,1835.36,1830.21,1833.63,0
2020-12-10 19:00:00,1833.61,1835.99,1831.8,1835.57,0
2020-12-10 20:00:00,1835.57,1836.91,1834.38,1835.48,0
2020-12-10 21:00:00,1835.48,1836.69,1834.64,1836.64,0
2020-12-10 23:00:00,1836.55,1837.78,1835.36,1836.67,0
2020-12-11 00:00:00,1836.69,1839.42,1836.43,1837.21,0
2020-12-11 01:00:00,1837.21,1840.33,1836.02,1840.15,0
2020-12-11 02:00:00,1840.12,1840.72,1836.77,1838.33,0
2020-12-11 03:00:00,1838.33,1838.51,1834.74,1837.2,0
2020-12-11 04:00:00,1837.2,1838.14,1836.37,1837.54,0
2020-12-11 05:00:00,1837.57,1838.65,1834.27,1834.73,0
2020-12-11 06:00:00,1834.73,1837.29,1833.39,1834.75,0
2020-12-11 07:00:00,1834.74,1836.87,1832.65,1833.97,0
2020-12-11 08:00:00,1834.02,1836.98,1831.55,1831.95,0
2020-12-11 09:00:00,1831.94,1837.69,1831.51,1836.99,0
2020-12-11 10:00:00,1836.96,1839.58,1831.71,1832.03,0
2020-12-11 11:00:00,1832.07,1833.67,1824.01,1833.04,0
2020-12-11 12:00:00,1833.04,1835.33,1830.68,1834.68,0
2020-12-11 13:00:00,1834.64,1841.06,1831.71,1839.98,0
2020-12-11 14:00:00,1839.98,1842.56,1834.85,1841.33,0
2020-12-11 15:00:00,1841.33,1847.71,1839.0,1844.55,0
2020-12-11 16:00:00,1844.55,1846.69,1841.58,1842.41,0
2020-12-11 17:00:00,1842.4,1843.31,1841.98,1841.98,0
2020-12-11 18:00:00,1841.98,1842.61,1838.69,1840.68,0
2020-12-11 19:00:00,1840.68,1841.0,1838.42,1838.79,0
2020-12-11 20:00:00,1838.75,1839.54,1837.83,1839.29,0
2020-12-11 21:00:00,1839.29,1840.16,1838.54,1839.55,0
2020-12-13 23:00:00,1836.17,1838.08,1835.0,1838.0,0
2020-12-14 00:00:00,1838.04,1838.04,1835.29,1835.67,0
2020-12-14 01:00:00,1835.61,1838.11,1834.29,1835.39,0
2020-12-14 02:00:00,1835.35,1837.59,1834.86,1837.13,0
2020-12-14 03:00:00,1837.12,1837.27,1835.07,1836.44,0
2020-12-14 04:00:00,1836.44,1836.73,1834.87,1835.81,0
2020-12-14 05:00:00,1835.81,1835.83,1832.89,1834.48,0
2020-12-14 06:00:00,1834.48,1835.19,1832.27,1833.58,0
2020-12-14 07:00:00,1833.58,1834.43,1831.89,1833.17,0
2020-12-14 08:00:00,1833.22,1834.2,1826.28,1828.18,0
2020-12-14 09:00:00,1828.18,1830.82,1825.41,1828.94,0
2020-12-14 10:00:00,1828.93,1829.15,1819.51,1824.37,0
2020-12-14 11:00:00,1824.37,1830.11,1823.43,1827.39,0
2020-12-14 12:00:00,1827.41,1828.32,1823.56,1823.84,0
2020-12-14 13:00:00,1823.84,1834.32,1822.19,1832.67,0
2020-12-14 14:00:00,1832.62,1839.03,1830.3,1833.19,0
2020-12-14 15:00:00,1833.17,1834.09,1823.7,1826.41,0
2020-12-14 16:00:00,1826.46,1827.32,1822.19,1825.5,0
2020-12-14 17:00:00,1825.5,1829.56,1824.71,1828.85,0
2020-12-14 18:00:00,1828.85,1830.28,1826.35,1827.72,0
2020-12-14 19:00:00,1827.72,1828.88,1825.18,1825.33,0
2020-12-14 20:00:00,1825.3,1828.95,1824.55,1828.15,0
2020-12-14 21:00:00,1828.13,1829.41,1826.83,1827.0,0
2020-12-14 23:00:00,1827.24,1829.23,1826.67,1827.35,0
2020-12-15 00:00:00,1827.35,1828.13,1825.84,1826.67,0
2020-12-15 01:00:00,1826.65,1829.96,1825.5,1829.7,0
2020-12-15 02:00:00,1829.7,1833.62,1829.07,1832.28,0
2020-12-15 03:00:00,1832.28,1835.1,1831.49,1833.96,0
2020-12-15 04:00:00,1833.96,1835.84,1833.94,1835.76,0
2020-12-15 05:00:00,1835.76,1840.87,1834.98,1838.58,0
2020-12-15 06:00:00,1838.58,1840.74,1837.81,1840.12,0
2020-12-15 07:00:00,1840.12,1843.68,1839.32,1842.7,0
2020-12-15 08:00:00,1842.7,1847.51,1839.85,1844.87,0
2020-12-15 09:00:00,1844.87,1847.4,1843.46,1845.65,0
2020-12-15 10:00:00,1845.64,1847.26,1844.72,1846.29,0
2020-12-15 11:00:00,1846.29,1846.56,1842.99,1845.39,0
2020-12-15 12:00:00,1845.37,1848.13,1842.46,1842.94,0
2020-12-15 13:00:00,1842.95,1855.39,1842.95,1852.79,0
2020-12-15 14:00:00,1852.74,1854.39,1846.98,1851.0,0
2020-12-15 15:00:00,1851.02,1853.87,1847.44,1848.32,0
2020-12-15 16:00:00,1848.32,1849.35,1844.66,1849.19,0
2020-12-15 17:00:00,1849.19,1850.69,1848.1,1850.44,0
2020-12-15 18:00:00,1850.44,1853.72,1850.39,1852.06,0
2020-12-15 19:00:00,1852.0,1853.23,1851.46,1851.85,0
2020-12-15 20:00:00,1851.93,1854.75,1850.65,1854.48,0
2020-12-15 21:00:00,1854.46,1854.67,1853.0,1853.27,0
2020-12-15 23:00:00,1853.23,1854.08,1852.27,1852.38,0
2020-12-16 00:00:00,1852.38,1853.01,1850.95,1851.89,0
2020-12-16 01:00:00,1851.89,1854.13,1851.25,1851.79,0
2020-12-16 02:00:00,1851.79,1858.37,1851.75,1857.01,0
2020-12-16 03:00:00,1857.01,1858.3,1855.47,1857.56,0
2020-12-16 04:00:00,1857.54,1858.04,1856.74,1856.95,0
2020-12-16 05:00:00,1856.95,1857.59,1853.89,1855.45,0
2020-12-16 06:00:00,1855.45,1858.57,1854.68,1857.18,0
2020-12-16 07:00:00,1857.17,1857.86,1853.88,1854.27,0
2020-12-16 08:00:00,1854.27,1862.64,1853.11,1861.79,0
2020-12-16 09:00:00,1861.77,1865.4,1860.63,1864.99,0
2020-12-16 10:00:00,1864.99,1865.41,1860.52,1863.18,0
2020-12-16 11:00:00,1863.15,1865.76,1861.99,1862.25,0
2020-12-16 12:00:00,1862.14,1862.23,1855.65,1857.64,0
2020-12-16 13:00:00,1857.61,1859.67,1849.31,1851.77,0
2020-12-16 14:00:00,1851.75,1858.68,1850.93,1854.31,0
2020-12-16 15:00:00,1854.31,1858.06,1849.42,1857.29,0
2020-12-16 16:00:00,1857.31,1858.08,1852.15,1854.58,0
2020-12-16 17:00:00,1854.57,1855.0,1852.01,1854.91,0
2020-12-16 18:00:00,1854.9,1857.0,1854.3,1855.67,0
2020-12-16 19:00:00,1855.67,1861.68,1844.74,1861.29,0
2020-12-16 20:00:00,1861.35,1865.59,1860.21,1864.28,0
2020-12-16 21:00:00,1864.27,1865.36,1862.34,1864.55,0
2020-12-16 23:00:00,1862.87,1865.33,1862.42,1864.49,0
2020-12-17 00:00:00,1864.47,1865.67,1862.53,1865.48,0
2020-12-17 01:00:00,1865.46,1867.51,1863.02,1864.46,0
2020-12-17 02:00:00,1864.46,1865.82,1862.0,1864.09,0
2020-12-17 03:00:00,1864.09,1865.22,1863.26,1864.1,0
2020-12-17 04:00:00,1864.1,1868.58,1863.72,1868.32,0
2020-12-17 05:00:00,1868.32,1870.43,1866.13,1869.58,0
2020-12-17 06:00:00,1869.58,1871.3,1868.35,1869.21,0
2020-12-17 07:00:00,1869.25,1874.89,1869.19,1874.78,0
2020-12-17 08:00:00,1874.82,1883.14,1874.26,1878.77,0
2020-12-17 09:00:00,1878.77,1879.63,1874.57,1878.7,0
2020-12-17 10:00:00,1878.7,1879.0,1871.9,1874.94,0
2020-12-17 11:00:00,1874.94,1879.67,1873.9,1879.63,0
2020-12-17 12:00:00,1879.63,1883.25,1876.77,1883.13,0
2020-12-17 13:00:00,1883.16,1890.09,1874.58,1887.87,0
2020-12-17 14:00:00,1887.87,1896.21,1885.74,1892.32,0
2020-12-17 15:00:00,1892.32,1895.58,1888.18,1891.04,0
2020-12-17 16:00:00,1891.02,1891.44,1884.17,1884.47,0
2020-12-17 17:00:00,1884.57,1888.17,1883.52,1887.39,0
2020-12-17 18:00:00,1887.39,1888.98,1882.59,1884.34,0
2020-12-17 19:00:00,1884.34,1886.37,1883.4,1884.12,0
2020-12-17 20:00:00,1884.12,1885.58,1882.97,1884.38,0
2020-12-17 21:00:00,1884.37,1887.02,1883.95,1885.42,0
2020-12-17 23:00:00,1884.55,1885.58,1883.54,1883.62,0
2020-12-18 00:00:00,1883.62,1885.06,1881.9,1882.54,0
2020-12-18 01:00:00,1882.49,1882.73,1878.48,1880.0,0
2020-12-18 02:00:00,1880.0,1881.05,1878.96,1880.01,0
2020-12-18 03:00:00,1880.02,1883.39,1879.96,1883.37,0
2020-12-18 04:00:00,1883.32,1885.37,1881.26,1884.75,0
2020-12-18 05:00:00,1884.76,1886.73,1882.27,1882.75,0
2020-12-18 06:00:00,1882.75,1883.36,1879.42,1882.97,0
2020-12-18 07:00:00,1882.97,1883.37,1880.54,1880.83,0
2020-12-18 08:00:00,1880.83,1882.08,1877.42,1881.62,0
2020-12-18 09:00:00,1881.62,1882.55,1878.75,1879.63,0
2020-12-18 10:00:00,1879.64,1880.61,1878.07,1878.93,0
2020-12-18 11:00:00,1878.93,1884.29,1878.09,1884.27,0
2020-12-18 12:00:00,1884.26,1888.6,1883.56,1885.2,0
2020-12-18 13:00:00,1885.14,1889.65,1883.5,1885.22,0
2020-12-18 14:00:00,1885.22,1888.28,1877.57,1881.9,0
2020-12-18 15:00:00,1882.02,1886.17,1879.39,1886.1,0
2020-12-18 16:00:00,1886.05,1886.67,1881.16,1884.27,0
2020-12-18 17:00:00,1884.26,1884.49,1881.94,1884.15,0
2020-12-18 18:00:00,1884.15,1884.84,1881.12,1882.06,0
2020-12-18 19:00:00,1882.06,1882.42,1878.82,1879.18,0
2020-12-18 20:00:00,1879.14,1881.53,1878.46,1881.19,0
2020-12-18 21:00:00,1881.18,1881.54,1879.96,1880.89,0
2020-12-20 23:00:00,1882.89,1885.0,1881.84,1883.09,0
2020-12-21 00:00:00,1883.07,1889.61,1882.92,1888.69,0
2020-12-21 01:00:00,1888.69,1899.4,1888.45,1896.7,0
2020-12-21 02:00:00,1896.7,1898.5,1894.4,1897.09,0
2020-12-21 03:00:00,1897.09,1897.11,1893.43,1895.23,0
2020-12-21 04:00:00,1895.23,1900.08,1895.16,1899.85,0
2020-12-21 05:00:00,1899.85,1903.13,1898.99,1902.77,0
2020-12-21 06:00:00,1902.74,1906.74,1896.67,1899.56,0
2020-12-21 07:00:00,1899.54,1902.75,1892.99,1894.13,0
2020-12-21 08:00:00,1894.15,1899.03,1891.44,1896.49,0
2020-12-21 09:00:00,1896.49,1898.63,1880.22,1886.51,0
2020-12-21 10:00:00,1886.51,1886.52,1855.04,1870.3,0
2020-12-21 11:00:00,1870.3,1883.05,1869.23,1878.45,0
2020-12-21 12:00:00,1878.49,1884.33,1877.91,1879.52,0
2020-12-21 13:00:00,1879.52,1884.36,1870.7,1882.13,0
2020-12-21 14:00:00,1882.19,1885.73,1877.01,1880.49,0
2020-12-21 15:00:00,1880.49,1884.23,1877.38,1877.58,0
2020-12-21 16:00:00,1877.53,1881.72,1874.58,1880.32,0
2020-12-21 17:00:00,1880.33,1882.96,1877.41,1877.99,0
2020-12-21 18:00:00,1877.99,1879.21,1875.31,1877.05,0
2020-12-21 19:00:00,1877.05,1879.87,1876.63,1878.06,0
2020-12-21 20:00:00,1878.05,1878.79,1873.93,1875.53,0
2020-12-21 21:00:00,1875.53,1876.96,1875.49,1876.48,0
2020-12-21 23:00:00,1878.14,1881.15,1878.14,1879.09,0
2020-12-22 00:00:00,1879.08,1880.33,1878.03,1879.28,0
2020-12-22 01:00:00,1879.26,1882.87,1875.74,1881.56,0
2020-12-22 02:00:00,1881.56,1884.28,1880.64,1883.4,0
2020-12-22 03:00:00,1883.4,1884.23,1879.84,1880.26,0
2020-12-22 04:00:00,1880.26,1882.93,1880.13,1880.67,0
2020-12-22 05:00:00,1880.66,1881.06,1874.46,1875.97,0
2020-12-22 06:00:00,1875.97,1878.82,1867.98,1869.94,0
2020-12-22 07:00:00,1869.94,1872.16,1866.61,1869.07,0
2020-12-22 08:00:00,1869.07,1873.87,1868.42,1871.37,0
2020-12-22 09:00:00,1871.29,1873.15,1869.57,1872.04,0
2020-12-22 10:00:00,1872.04,1875.04,1871.93,1872.8,0
2020-12-22 11:00:00,1872.82,1874.27,1870.17,1872.47,0
2020-12-22 12:00:00,1872.47,1875.47,1871.06,1872.85,0
2020-12-22 13:00:00,1872.85,1879.08,1872.48,1878.77,0
2020-12-22 14:00:00,1878.77,1881.5,1872.92,1874.17,0
2020-12-22 15:00:00,1874.17,1877.38,1861.08,1861.68,0
2020-12-22 16:00:00,1861.68,1868.2,1860.69,1865.0,0
2020-12-22 17:00:00,1865.0,1867.97,1863.95,1867.6,0
2020-12-22 18:00:00,1867.71,1868.01,1861.62,1862.22,0
2020-12-22 19:00:00,1862.22,1864.74,1860.32,1864.69,0
2020-12-22 20:00:00,1864.69,1864.76,1858.93,1861.33,0
2020-12-22 21:00:00,1861.35,1862.22,1859.43,1859.92,0
2020-12-22 23:00:00,1860.32,1865.16,1860.32,1864.2,0
2020-12-23 00:00:00,1864.21,1864.67,1861.47,1864.04,0
2020-12-23 01:00:00,1864.04,1867.52,1863.48,1866.04,0
2020-12-23 02:00:00,1866.02,1867.12,1861.75,1865.66,0
2020-12-23 03:00:00,1865.66,1866.51,1863.93,1864.8,0
2020-12-23 04:00:00,1864.8,1867.34,1864.7,1866.86,0
2020-12-23 05:00:00,1866.81,1868.0,1865.03,1866.44,0
2020-12-23 06:00:00,1866.43,1866.51,1863.17,1865.59,0
2020-12-23 07:00:00,1865.59,1868.33,1865.1,1866.49,0
2020-12-23 08:00:00,1866.48,1869.78,1864.65,1869.37,0
2020-12-23 09:00:00,1869.37,1872.33,1868.56,1868.69,0
2020-12-23 10:00:00,1868.69,1869.57,1863.83,1865.66,0
2020-12-23 11:00:00,1865.66,1866.63,1863.35,1864.92,0
2020-12-23 12:00:00,1864.92,1864.96,1857.02,1861.33,0
2020-12-23 13:00:00,1861.33,1870.51,1861.23,1868.6,0
2020-12-23 14:00:00,1868.6,1878.51,1866.57,1876.52,0
2020-12-23 15:00:00,1876.52,1877.43,1870.41,1871.58,0
2020-12-23 16:00:00,1871.57,1875.27,1869.95,1874.38,0
2020-12-23 17:00:00,1874.38,1875.25,1871.4,1873.01,0
2020-12-23 18:00:00,1873.01,1874.44,1872.86,1873.29,0
2020-12-23 19:00:00,1873.29,1874.01,1870.33,1871.59,0
2020-12-23 20:00:00,1871.61,1872.97,1869.85,1872.47,0
2020-12-23 21:00:00,1872.47,1873.18,1871.73,1873.15,0
2020-12-23 23:00:00,1873.59,1873.66,1871.03,1872.63,0
2020-12-24 00:00:00,1872.68,1873.78,1871.73,1873.27,0
2020-12-24 01:00:00,1873.25,1877.58,1872.48,1876.59,0
2020-12-24 02:00:00,1876.64,1879.99,1876.64,1876.98,0
2020-12-24 03:00:00,1876.98,1877.67,1873.86,1876.27,0
2020-12-24 04:00:00,1876.27,1876.3,1874.18,1875.32,0
2020-12-24 05:00:00,1875.32,1877.17,1874.92,1875.81,0
2020-12-24 06:00:00,1875.81,1877.4,1874.82,1877.35,0
2020-12-24 07:00:00,1877.3,1877.81,1875.26,1876.43,0
2020-12-24 08:00:00,1876.42,1880.54,1875.75,1879.39,0
2020-12-24 09:00:00,1879.39,1880.36,1876.42,1878.04,0
2020-12-24 10:00:00,1878.08,1878.13,1871.12,1872.67,0
2020-12-24 11:00:00,1872.67,1877.28,1872.24,1876.31,0
2020-12-24 12:00:00,1876.31,1876.36,1872.26,1874.52,0
2020-12-24 13:00:00,1874.52,1876.4,1872.29,1873.86,0
2020-12-24 14:00:00,1873.81,1877.83,1869.53,1876.8,0
2020-12-24 15:00:00,1876.8,1879.41,1876.5,1877.47,0
2020-12-24 16:00:00,1877.47,1879.73,1877.42,1878.81,0
2020-12-24 17:00:00,1878.81,1879.93,1878.03,1879.61,0
2020-12-24 18:00:00,1879.62,1883.15,1878.64,1879.51,0
2020-12-27 23:00:00,1882.99,1889.29,1875.22,1888.15,0
2020-12-28 00:00:00,1888.14,1888.93,1885.72,1887.15,0
2020-12-28 01:00:00,1887.21,1898.95,1887.21,1898.3,0
2020-12-28 02:00:00,1898.3,1900.24,1896.34,1896.71,0
2020-12-28 03:00:00,1896.71,1896.85,1893.72,1895.19,0
2020-12-28 04:00:00,1895.21,1895.4,1893.76,1894.69,0
2020-12-28 05:00:00,1894.69,1895.65,1887.45,1890.21,0
2020-12-28 06:00:00,1890.17,1890.62,1877.29,1886.87,0
2020-12-28 07:00:00,1886.85,1887.53,1884.09,1885.11,0
2020-12-28 08:00:00,1885.11,1886.53,1881.92,1883.36,0
2020-12-28 09:00:00,1883.36,1885.7,1881.33,1885.51,0
2020-12-28 10:00:00,1885.51,1885.97,1876.97,1879.37,0
2020-12-28 11:00:00,1879.37,1879.55,1869.17,1872.79,0
2020-12-28 12:00:00,1872.79,1878.04,1872.07,1876.45,0
2020-12-28 13:00:00,1876.42,1887.99,1875.94,1887.74,0
2020-12-28 14:00:00,1887.74,1895.2,1887.18,1893.76,0
2020-12-28 15:00:00,1893.8,1896.48,1878.62,1881.08,0
2020-12-28 16:00:00,1881.08,1882.93,1877.47,1879.65,0
2020-12-28 17:00:00,1879.66,1880.0,1875.68,1876.54,0
2020-12-28 18:00:00,1876.54,1879.14,1872.53,1876.0,0
2020-12-28 19:00:00,1876.0,1877.88,1873.3,1876.12,0
2020-12-28 20:00:00,1876.15,1876.17,1872.56,1873.53,0
2020-12-28 21:00:00,1873.47,1873.82,1871.14,1873.46,0
2020-12-28 23:00:00,1872.24,1877.21,1871.52,1876.7,0
2020-12-29 00:00:00,1876.7,1880.0,1876.36,1878.56,0
2020-12-29 01:00:00,1878.56,1882.71,1877.33,1878.45,0
2020-12-29 02:00:00,1878.43,1879.77,1875.09,1878.03,0
2020-12-29 03:00:00,1878.03,1882.05,1875.26,1879.61,0
2020-12-29 04:00:00,1879.62,1880.8,1877.17,1877.21,0
2020-12-29 05:00:00,1877.21,1879.73,1875.5,1876.97,0
2020-12-29 06:00:00,1876.97,1879.62,1875.52,1878.6,0
2020-12-29 07:00:00,1878.6,1879.7,1876.92,1879.63,0
2020-12-29 08:00:00,1879.63,1883.5,1877.52,1877.77,0
2020-12-29 09:00:00,1877.77,1883.19,1876.63,1881.92,0
2020-12-29 10:00:00,1881.92,1883.01,1874.26,1877.62,0
2020-12-29 11:00:00,1877.62,1880.28,1876.87,1877.25,0
2020-12-29 12:00:00,1877.25,1879.98,1875.73,1878.35,0
2020-12-29 13:00:00,1878.35,1881.34,1874.36,1879.81,0
2020-12-29 14:00:00,1879.81,1881.14,1877.06,1878.41,0
2020-12-29 15:00:00,1878.41,1880.32,1871.71,1879.17,0
2020-12-29 16:00:00,1879.17,1886.38,1878.31,1880.78,0
2020-12-29 17:00:00,1880.82,1881.58,1877.4,1879.06,0
2020-12-29 18:00:00,1879.04,1879.5,1876.96,1877.86,0
2020-12-29 19:00:00,1877.86,1878.95,1876.62,1878.65,0
2020-12-29 20:00:00,1878.65,1879.95,1877.82,1878.97,0
2020-12-29 21:00:00,1878.97,1879.2,1877.04,1878.27,0
2020-12-29 23:00:00,1877.98,1878.91,1876.95,1878.75,0
2020-12-30 00:00:00,1878.75,1880.52,1877.59,1879.77,0
2020-12-30 01:00:00,1879.77,1884.37,1879.43,1883.01,0
2020-12-30 02:00:00,1883.01,1884.08,1882.39,1883.19,0
2020-12-30 03:00:00,1883.19,1885.23,1883.13,1884.21,0
2020-12-30 04:00:00,1884.21,1886.13,1884.13,1885.45,0
2020-12-30 05:00:00,1885.45,1885.55,1881.37,1881.69,0
2020-12-30 06:00:00,1881.65,1882.41,1879.68,1882.11,0
2020-12-30 07:00:00,1882.11,1882.46,1878.38,1878.69,0
2020-12-30 08:00:00,1878.72,1880.47,1877.51,1878.18,0
2020-12-30 09:00:00,1878.18,1879.93,1877.69,1878.25,0
2020-12-30 10:00:00,1878.26,1879.52,1877.52,1879.14,0
2020-12-30 11:00:00,1879.14,1881.21,1877.23,1878.44,0
2020-12-30 12:00:00,1878.44,1880.34,1877.51,1880.22,0
2020-12-30 13:00:00,1880.22,1883.78,1876.07,1883.42,0
2020-12-30 14:00:00,1883.41,1887.72,1879.1,1887.4,0
2020-12-30 15:00:00,1887.4,1888.07,1883.55,1885.33,0
2020-12-30 16:00:00,1885.38,1887.28,1884.42,1886.9,0
2020-12-30 17:00:00,1886.9,1889.09,1884.98,1888.84,0
2020-12-30 18:00:00,1888.84,1891.05,1888.37,1890.62,0
2020-12-30 19:00:00,1890.62,1891.99,1889.49,1889.77,0
2020-12-30 20:00:00,1889.82,1893.52,1889.54,1893.19,0
2020-12-30 21:00:00,1893.19,1894.51,1891.96,1894.47,0
2020-12-30 23:00:00,1893.68,1895.4,1892.81,1895.08,0
2020-12-31 00:00:00,1895.08,1896.12,1893.64,1895.77,0
2020-12-31 01:00:00,1895.77,1899.84,1894.15,1896.85,0
2020-12-31 02:00:00,1896.86,1898.53,1889.56,1891.22,0
2020-12-31 03:00:00,1891.24,1892.19,1887.0,1889.06,0
2020-12-31 04:00:00,1889.06,1890.02,1887.78,1888.87,0
2020-12-31 05:00:00,1888.87,1891.32,1885.3,1890.17,0
2020-12-31 06:00:00,1890.23,1891.87,1885.98,1887.51,0
2020-12-31 07:00:00,1887.51,1894.42,1887.1,1892.64,0
2020-12-31 08:00:00,1892.65,1894.69,1890.38,1893.81,0
2020-12-31 09:00:00,1893.82,1896.1,1892.09,1894.63,0
2020-12-31 10:00:00,1894.56,1895.32,1891.15,1893.01,0
2020-12-31 11:00:00,1893.01,1895.27,1892.78,1894.03,0
2020-12-31 12:00:00,1894.03,1895.17,1893.03,1894.1,0
2020-12-31 13:00:00,1894.08,1898.84,1893.48,1898.08,0
2020-12-31 14:00:00,1898.08,1899.72,1891.75,1892.91,0
2020-12-31 15:00:00,1892.94,1900.33,1892.04,1898.84,0
2020-12-31 16:00:00,1898.83,1900.41,1894.25,1895.84,0
2020-12-31 17:00:00,1895.84,1896.27,1892.62,1894.36,0
2020-12-31 18:00:00,1894.36,1894.87,1890.25,1893.7,0
2021-01-03 23:00:00,1908.61,1914.98,1907.2,1913.1,0
2021-01-04 00:00:00,1913.06,1913.67,1910.0,1913.44,0
2021-01-04 01:00:00,1913.44,1918.71,1912.31,1916.69,0
2021-01-04 02:00:00,1916.69,1921.85,1915.55,1921.73,0
2021-01-04 03:00:00,1921.73,1925.27,1920.78,1923.3,0
2021-01-04 04:00:00,1923.3,1923.81,1920.27,1922.65,0
2021-01-04 05:00:00,1922.65,1923.03,1919.04,1921.67,0
2021-01-04 06:00:00,1921.67,1925.54,1921.49,1922.9,0
2021-01-04 07:00:00,1922.9,1925.51,1922.43,1924.82,0
2021-01-04 08:00:00,1924.85,1935.19,1924.59,1932.16,0
2021-01-04 09:00:00,1932.14,1933.94,1930.57,1932.19,0
2021-01-04 10:00:00,1932.18,1934.57,1927.93,1933.56,0
2021-01-04 11:00:00,1933.57,1936.51,1932.36,1933.54,0
2021-01-04 12:00:00,1933.54,1934.87,1930.1,1931.93,0
2021-01-04 13:00:00,1931.98,1942.07,1929.79,1939.86,0
2021-01-04 14:00:00,1939.86,1943.72,1936.69,1941.42,0
2021-01-04 15:00:00,1941.42,1944.44,1929.33,1943.0,0
2021-01-04 16:00:00,1943.0,1943.7,1937.33,1940.01,0
2021-01-04 17:00:00,1940.01,1941.6,1932.64,1937.13,0
2021-01-04 18:00:00,1937.13,1943.73,1936.29,1943.68,0
2021-01-04 19:00:00,1943.68,1943.74,1939.3,1942.52,0
2021-01-04 20:00:00,1942.53,1944.13,1940.97,1943.71,0
2021-01-04 21:00:00,1943.69,1944.02,1941.77,1942.85,0
2021-01-04 23:00:00,1941.8,1945.64,1940.5,1941.74,0
2021-01-05 00:00:00,1941.64,1941.64,1937.84,1938.55,0
2021-01-05 01:00:00,1938.55,1939.69,1934.33,1937.48,0
2021-01-05 02:00:00,1937.5,1940.12,1936.75,1939.33,0
2021-01-05 03:00:00,1939.33,1943.98,1939.12,1941.16,0
2021-01-05 04:00:00,1941.16,1941.85,1936.7,1939.68,0
2021-01-05 05:00:00,1939.68,1940.82,1937.71,1938.38,0
2021-01-05 06:00:00,1938.44,1942.36,1936.99,1940.69,0
2021-01-05 07:00:00,1940.67,1943.99,1939.09,1939.67,0
2021-01-05 08:00:00,1939.62,1943.67,1939.45,1942.4,0
2021-01-05 09:00:00,1942.42,1948.32,1941.73,1945.62,0
2021-01-05 10:00:00,1945.62,1947.62,1943.55,1946.9,0
2021-01-05 11:00:00,1946.9,1950.29,1946.26,1949.93,0
2021-01-05 12:00:00,1949.93,1950.54,1945.52,1949.13,0
2021-01-05 13:00:00,1949.04,1951.9,1946.25,1949.45,0
2021-01-05 14:00:00,1949.45,1952.59,1941.46,1945.7,0
2021-01-05 15:00:00,1945.48,1948.91,1939.04,1943.5,0
2021-01-05 16:00:00,1943.5,1951.54,1942.79,1950.66,0
2021-01-05 17:00:00,1950.7,1951.81,1947.68,1950.11,0
2021-01-05 18:00:00,1950.17,1952.23,1948.98,1951.23,0
2021-01-05 19:00:00,1951.23,1953.03,1949.95,1951.44,0
2021-01-05 20:00:00,1951.4,1952.16,1948.1,1949.41,0
2021-01-05 21:00:00,1949.41,1950.91,1947.68,1950.0,0
2021-01-05 23:00:00,1950.44,1953.24,1948.5,1950.28,0
2021-01-06 00:00:00,1950.34,1953.25,1948.76,1952.18,0
2021-01-06 01:00:00,1952.16,1955.38,1946.68,1947.92,0
2021-01-06 02:00:00,1947.9,1950.03,1942.26,1944.01,0
2021-01-06 03:00:00,1943.99,1948.43,1942.08,1942.16,0
2021-01-06 04:00:00,1942.16,1948.72,1941.28,1944.65,0
2021-01-06 05:00:00,1944.65,1946.79,1943.05,1943.82,0
2021-01-06 06:00:00,1943.77,1946.47,1943.23,1945.03,0
2021-01-06 07:00:00,1945.03,1949.49,1943.37,1947.83,0
2021-01-06 08:00:00,1947.83,1956.5,1946.19,1952.88,0
2021-01-06 09:00:00,1952.88,1957.91,1952.78,1957.75,0
2021-01-06 10:00:00,1957.75,1959.35,1954.36,1956.64,0
2021-01-06 11:00:00,1956.63,1957.89,1945.38,1945.38,0
2021-01-06 12:00:00,1945.28,1948.57,1925.21,1934.0,0
2021-01-06 13:00:00,1933.93,1943.55,1930.72,1932.98,0
2021-01-06 14:00:00,1932.98,1938.14,1927.41,1932.44,0
2021-01-06 15:00:00,1932.43,1933.77,1904.13,1909.76,0
2021-01-06 16:00:00,1909.79,1909.99,1900.8,1908.03,0
2021-01-06 17:00:00,1908.06,1908.15,1902.55,1907.6,0
2021-01-06 18:00:00,1907.6,1911.51,1906.06,1911.38,0
2021-01-06 19:00:00,1911.37,1921.39,1908.57,1918.47,0
2021-01-06 20:00:00,1918.47,1924.27,1915.33,1918.28,0
2021-01-06 21:00:00,1918.28,1921.18,1915.93,1918.8,0
2021-01-06 23:00:00,1919.94,1924.48,1919.5,1924.07,0
2021-01-07 00:00:00,1924.06,1924.67,1918.65,1919.0,0
2021-01-07 01:00:00,1919.0,1921.66,1915.64,1918.09,0
2021-01-07 02:00:00,1918.09,1919.07,1914.71,1916.17,0
2021-01-07 03:00:00,1916.17,1918.85,1914.8,1917.9,0
2021-01-07 04:00:00,1917.9,1918.5,1916.65,1917.77,0
2021-01-07 05:00:00,1917.77,1921.15,1916.04,1920.83,0
2021-01-07 06:00:00,1920.82,1927.67,1919.73,1926.43,0
2021-01-07 07:00:00,1926.43,1927.49,1919.28,1920.79,0
2021-01-07 08:00:00,1920.7,1922.61,1916.2,1917.96,0
2021-01-07 09:00:00,1917.96,1922.03,1914.99,1915.8,0
2021-01-07 10:00:00,1915.8,1918.05,1908.9,1912.02,0
2021-01-07 11:00:00,1911.99,1921.14,1911.3,1918.39,0
2021-01-07 12:00:00,1918.46,1918.74,1914.56,1917.71,0
2021-01-07 13:00:00,1917.86,1919.57,1910.3,1913.28,0
2021-01-07 14:00:00,1913.3,1919.82,1906.82,1910.07,0
2021-01-07 15:00:00,1910.07,1918.18,1908.69,1913.61,0
2021-01-07 16:00:00,1913.61,1917.93,1912.13,1913.12,0
2021-01-07 17:00:00,1913.12,1913.64,1909.1,1911.11,0
2021-01-07 18:00:00,1911.11,1916.18,1910.4,1915.54,0
2021-01-07 19:00:00,1915.54,1917.78,1914.32,1917.09,0
2021-01-07 20:00:00,1917.09,1918.09,1912.88,1913.59,0
2021-01-07 21:00:00,1913.59,1915.08,1912.72,1913.57,0
2021-01-07 23:00:00,1915.21,1917.51,1914.85,1916.67,0
2021-01-08 00:00:00,1916.64,1916.71,1912.83,1913.3,0
2021-01-08 01:00:00,1913.28,1913.95,1910.39,1910.87,0
2021-01-08 02:00:00,1910.87,1912.69,1909.86,1912.22,0
2021-01-08 03:00:00,1912.22,1912.24,1908.58,1910.59,0
2021-01-08 04:00:00,1910.58,1910.73,1906.57,1909.31,0
2021-01-08 05:00:00,1909.31,1911.56,1907.22,1908.17,0
2021-01-08 06:00:00,1908.17,1909.38,1905.94,1907.29,0
2021-01-08 07:00:00,1907.29,1911.66,1904.4,1904.86,0
2021-01-08 08:00:00,1904.86,1904.9,1878.69,1888.97,0
2021-01-08 09:00:00,1888.97,1892.91,1886.41,1891.95,0
2021-01-08 10:00:00,1891.89,1894.03,1889.89,1891.03,0
2021-01-08 11:00:00,1891.02,1894.12,1890.16,1894.09,0
2021-01-08 12:00:00,1894.09,1894.52,1886.48,1889.16,0
2021-01-08 13:00:00,1889.16,1890.91,1876.3,1890.91,0
2021-01-08 14:00:00,1890.89,1892.78,1858.03,1865.03,0
2021-01-08 15:00:00,1865.05,1866.45,1849.88,1862.88,0
2021-01-08 16:00:00,1862.88,1865.63,1852.65,1855.52,0
2021-01-08 17:00:00,1855.52,1857.11,1839.54,1843.97,0
2021-01-08 18:00:00,1843.92,1845.81,1828.2,1838.12,0
2021-01-08 19:00:00,1838.12,1847.47,1837.49,1846.67,0
2021-01-08 20:00:00,1846.51,1849.35,1844.4,1847.82,0
2021-01-08 21:00:00,1847.83,1849.56,1845.44,1849.02,0
2021-01-10 23:00:00,1851.61,1856.58,1841.51,1844.67,0
2021-01-11 00:00:00,1844.67,1849.49,1841.38,1841.43,0
2021-01-11 01:00:00,1841.43,1841.66,1816.86,1828.75,0
2021-01-11 02:00:00,1828.7,1838.45,1826.43,1835.49,0
2021-01-11 03:00:00,1835.49,1835.69,1828.55,1830.68,0
2021-01-11 04:00:00,1830.68,1834.36,1827.07,1834.08,0
2021-01-11 05:00:00,1834.12,1842.13,1832.9,1840.55,0
2021-01-11 06:00:00,1840.55,1849.12,1838.92,1846.52,0
2021-01-11 07:00:00,1846.48,1850.27,1843.04,1846.11,0
2021-01-11 08:00:00,1846.11,1855.46,1846.11,1849.26,0
2021-01-11 09:00:00,1849.25,1852.55,1846.59,1848.58,0
2021-01-11 10:00:00,1848.54,1852.09,1846.89,1851.99,0
2021-01-11 11:00:00,1851.94,1852.43,1848.97,1849.45,0
2021-01-11 12:00:00,1849.4,1850.41,1841.31,1842.68,0
2021-01-11 13:00:00,1842.69,1842.96,1831.86,1834.45,0
2021-01-11 14:00:00,1834.45,1842.92,1829.06,1842.28,0
2021-01-11 15:00:00,1842.15,1850.48,1840.72,1848.89,0
2021-01-11 16:00:00,1848.66,1850.7,1844.49,1849.03,0
2021-01-11 17:00:00,1849.03,1850.01,1846.85,1848.68,0
2021-01-11 18:00:00,1848.68,1851.68,1845.93,1847.05,0
2021-01-11 19:00:00,1847.05,1849.05,1846.6,1846.87,0
2021-01-11 20:00:00,1847.06,1847.51,1844.67,1845.12,0
2021-01-11 21:00:00,1845.22,1845.94,1843.3,1843.37,0
2021-01-11 23:00:00,1845.06,1848.51,1844.25,1847.23,0
2021-01-12 00:00:00,1847.23,1848.21,1843.79,1845.04,0
2021-01-12 01:00:00,1845.03,1847.06,1841.25,1845.95,0
2021-01-12 02:00:00,1845.95,1849.25,1845.14,1847.35,0
2021-01-12 03:00:00,1847.35,1851.88,1847.21,1849.84,0
2021-01-12 04:00:00,1849.84,1851.64,1848.71,1850.67,0
2021-01-12 05:00:00,1850.67,1858.25,1849.4,1858.17,0
2021-01-12 06:00:00,1858.11,1860.62,1855.34,1860.05,0
2021-01-12 07:00:00,1859.99,1861.74,1857.77,1859.47,0
2021-01-12 08:00:00,1859.47,1861.79,1853.79,1855.69,0
2021-01-12 09:00:00,1855.69,1863.45,1855.12,1862.71,0
2021-01-12 10:00:00,1862.71,1863.8,1859.26,1859.84,0
2021-01-12 11:00:00,1859.83,1862.83,1859.48,1860.12,0
2021-01-12 12:00:00,1860.11,1861.59,1857.24,1859.72,0
2021-01-12 13:00:00,1859.72,1860.86,1842.84,1844.4,0
2021-01-12 14:00:00,1844.4,1848.25,1836.63,1841.45,0
2021-01-12 15:00:00,1841.45,1846.58,1838.39,1841.77,0
2021-01-12 16:00:00,1841.77,1846.68,1840.93,1843.52,0
2021-01-12 17:00:00,1843.53,1843.55,1837.59,1839.55,0
2021-01-12 18:00:00,1839.54,1849.82,1839.45,1847.31,0
2021-01-12 19:00:00,1847.32,1857.32,1846.97,1854.26,0
2021-01-12 20:00:00,1854.26,1856.57,1852.38,1855.85,0
2021-01-12 21:00:00,1856.07,1856.71,1854.07,1854.61,0
2021-01-12 23:00:00,1854.98,1858.84,1853.77,1858.81,0
2021-01-13 00:00:00,1858.81,1860.06,1856.4,1856.9,0
2021-01-13 01:00:00,1856.86,1863.04,1854.6,1862.07,0
2021-01-13 02:00:00,1862.11,1862.44,1857.29,1859.86,0
2021-01-13 03:00:00,1859.86,1861.75,1858.62,1859.25,0
2021-01-13 04:00:00,1859.25,1861.12,1858.82,1859.69,0
2021-01-13 05:00:00,1859.69,1860.55,1857.29,1858.38,0
2021-01-13 06:00:00,1858.38,1861.94,1857.11,1859.34,0
2021-01-13 07:00:00,1859.35,1862.72,1857.52,1857.53,0
2021-01-13 08:00:00,1857.51,1858.14,1854.31,1857.16,0
2021-01-13 09:00:00,1857.16,1857.44,1849.37,1855.36,0
2021-01-13 10:00:00,1855.26,1857.1,1852.21,1854.34,0
2021-01-13 11:00:00,1854.34,1856.36,1852.39,1852.57,0
2021-01-13 12:00:00,1852.57,1855.8,1851.78,1854.66,0
2021-01-13 13:00:00,1854.75,1859.23,1849.66,1857.91,0
2021-01-13 14:00:00,1857.91,1861.21,1851.93,1858.52,0
2021-01-13 15:00:00,1858.52,1860.32,1856.68,1858.03,0
2021-01-13 16:00:00,1858.03,1859.78,1856.57,1857.39,0
2021-01-13 17:00:00,1857.39,1857.98,1852.79,1855.77,0
2021-01-13 18:00:00,1855.87,1859.13,1854.18,1854.75,0
2021-01-13 19:00:00,1854.75,1855.87,1853.02,1853.54,0
2021-01-13 20:00:00,1853.54,1854.17,1845.75,1848.8,0
2021-01-13 21:00:00,1848.8,1849.28,1841.87,1844.95,0
2021-01-13 23:00:00,1846.8,1848.98,1846.42,1848.35,0
2021-01-14 00:00:00,1848.35,1848.97,1844.62,1848.9,0
2021-01-14 01:00:00,1848.89,1852.19,1847.91,1849.17,0
2021-01-14 02:00:00,1849.17,1849.25,1829.45,1839.77,0
2021-01-14 03:00:00,1839.77,1840.17,1834.09,1839.14,0
2021-01-14 04:00:00,1839.18,1841.57,1838.85,1840.22,0
2021-01-14 05:00:00,1840.22,1846.98,1839.81,1844.46,0
2021-01-14 06:00:00,1844.46,1844.55,1839.12,1841.44,0
2021-01-14 07:00:00,1841.43,1842.46,1836.13,1842.22,0
2021-01-14 08:00:00,1842.21,1845.23,1839.38,1843.17,0
2021-01-14 09:00:00,1843.17,1843.78,1839.05,1841.36,0
2021-01-14 10:00:00,1841.34,1841.72,1837.85,1838.82,0
2021-01-14 11:00:00,1838.82,1843.23,1836.67,1842.32,0
2021-01-14 12:00:00,1842.42,1844.77,1838.36,1840.77,0
2021-01-14 13:00:00,1840.81,1844.32,1837.51,1843.82,0
2021-01-14 14:00:00,1843.82,1852.14,1842.99,1844.81,0
2021-01-14 15:00:00,1844.73,1848.38,1841.36,1847.77,0
2021-01-14 16:00:00,1847.72,1850.88,1846.35,1848.08,0
2021-01-14 17:00:00,1847.97,1855.99,1845.35,1855.33,0
2021-01-14 18:00:00,1855.29,1857.53,1848.84,1849.52,0
2021-01-14 19:00:00,1849.57,1850.95,1843.78,1844.32,0
2021-01-14 20:00:00,1844.32,1848.29,1844.26,1847.24,0
2021-01-14 21:00:00,1847.29,1848.9,1845.73,1846.07,0
2021-01-14 23:00:00,1847.22,1848.71,1845.38,1846.86,0
2021-01-15 00:00:00,1846.91,1852.72,1846.84,1851.75,0
2021-01-15 01:00:00,1851.75,1855.64,1850.66,1852.16,0
2021-01-15 02:00:00,1852.16,1853.13,1850.18,1852.5,0
2021-01-15 03:00:00,1852.45,1853.01,1849.91,1851.96,0
2021-01-15 04:00:00,1851.99,1854.05,1851.14,1853.34,0
2021-01-15 05:00:00,1853.34,1853.41,1847.35,1849.93,0
2021-01-15 06:00:00,1849.93,1851.11,1846.74,1849.4,0
2021-01-15 07:00:00,1849.31,1853.54,1848.51,1852.49,0
2021-01-15 08:00:00,1852.48,1853.73,1850.43,1851.1,0
2021-01-15 09:00:00,1851.1,1857.02,1851.05,1855.2,0
2021-01-15 10:00:00,1855.18,1855.9,1853.1,1853.98,0
2021-01-15 11:00:00,1853.98,1854.71,1847.11,1849.08,0
2021-01-15 12:00:00,1849.08,1849.87,1845.51,1847.92,0
2021-01-15 13:00:00,1847.85,1850.54,1836.5,1838.61,0
2021-01-15 14:00:00,1838.64,1845.49,1837.5,1839.36,0
2021-01-15 15:00:00,1839.38,1841.6,1824.79,1829.51,0
2021-01-15 16:00:00,1829.6,1833.54,1823.27,1831.36,0
2021-01-15 17:00:00,1831.31,1832.62,1828.43,1831.51,0
2021-01-15 18:00:00,1831.51,1832.45,1827.1,1828.47,0
2021-01-15 19:00:00,1828.61,1829.56,1827.79,1828.5,0
2021-01-15 20:00:00,1828.44,1828.78,1825.1,1825.7,0
2021-01-15 21:00:00,1825.7,1828.11,1825.32,1827.42,0
2021-01-17 23:00:00,1828.66,1829.39,1803.58,1810.39,0
2021-01-18 00:00:00,1810.65,1822.24,1810.39,1821.04,0
2021-01-18 01:00:00,1821.06,1826.81,1818.81,1825.24,0
2021-01-18 02:00:00,1825.23,1832.42,1824.54,1828.73,0
2021-01-18 03:00:00,1828.73,1829.62,1826.7,1828.17,0
2021-01-18 04:00:00,1828.17,1829.2,1826.84,1828.93,0
2021-01-18 05:00:00,1828.93,1840.01,1828.22,1838.52,0
2021-01-18 06:00:00,1838.49,1840.79,1836.08,1838.32,0
2021-01-18 07:00:00,1838.31,1838.86,1833.13,1834.83,0
2021-01-18 08:00:00,1834.77,1837.17,1833.31,1833.79,0
2021-01-18 09:00:00,1833.71,1834.33,1829.97,1831.72,0
2021-01-18 10:00:00,1831.72,1834.44,1831.54,1832.67,0
2021-01-18 11:00:00,1832.67,1838.43,1832.3,1833.75,0
2021-01-18 12:00:00,1833.75,1835.91,1829.62,1835.74,0
2021-01-18 13:00:00,1835.74,1836.18,1832.79,1835.21,0
2021-01-18 14:00:00,1835.2,1837.94,1832.6,1833.77,0
2021-01-18 15:00:00,1833.77,1837.07,1832.89,1836.9,0
2021-01-18 16:00:00,1836.89,1839.3,1836.12,1838.05,0
2021-01-18 17:00:00,1838.05,1838.71,1835.87,1837.63,0
2021-01-18 18:00:00,1837.63,1837.64,1837.3,1837.58,0
2021-01-18 23:00:00,1838.88,1839.06,1836.04,1837.26,0
2021-01-19 00:00:00,1837.26,1839.81,1836.31,1839.4,0
2021-01-19 01:00:00,1839.4,1843.63,1839.27,1840.63,0
2021-01-19 02:00:00,1840.63,1841.96,1838.46,1839.46,0
2021-01-19 03:00:00,1839.46,1839.5,1836.36,1837.4,0
2021-01-19 04:00:00,1837.4,1840.17,1837.12,1839.69,0
2021-01-19 05:00:00,1839.68,1840.63,1836.22,1837.77,0
2021-01-19 06:00:00,1837.77,1841.7,1836.64,1840.82,0
2021-01-19 07:00:00,1840.8,1841.2,1837.62,1837.82,0
2021-01-19 08:00:00,1837.84,1845.1,1837.82,1843.57,0
2021-01-19 09:00:00,1843.57,1844.58,1842.4,1843.31,0
2021-01-19 10:00:00,1843.31,1845.5,1842.4,1844.77,0
2021-01-19 11:00:00,1844.75,1845.25,1842.44,1842.78,0
2021-01-19 12:00:00,1842.78,1843.03,1836.02,1837.85,0
2021-01-19 13:00:00,1837.87,1840.37,1832.99,1840.07,0
2021-01-19 14:00:00,1840.03,1843.35,1834.24,1835.93,0
2021-01-19 15:00:00,1835.93,1839.81,1833.4,1839.36,0
2021-01-19 16:00:00,1839.38,1842.95,1838.79,1841.38,0
2021-01-19 17:00:00,1841.36,1843.58,1839.95,1842.68,0
2021-01-19 18:00:00,1842.68,1842.86,1839.98,1840.87,0
2021-01-19 19:00:00,1840.87,1841.33,1837.1,1839.31,0
2021-01-19 20:00:00,1839.27,1841.09,1838.52,1840.29,0
2021-01-19 21:00:00,1840.29,1840.3,1838.54,1840.02,0
2021-01-19 23:00:00,1840.18,1841.75,1839.98,1840.97,0
2021-01-20 00:00:00,1840.97,1843.68,1839.45,1843.6,0
2021-01-20 01:00:00,1843.58,1847.42,1843.51,1846.33,0
2021-01-20 02:00:00,1846.35,1850.46,1846.32,1849.86,0
2021-01-20 03:00:00,1849.82,1850.43,1847.7,1848.76,0
2021-01-20 04:00:00,1848.76,1850.9,1848.35,1849.58,0
2021-01-20 05:00:00,1849.58,1851.78,1848.14,1851.36,0
2021-01-20 06:00:00,1851.36,1854.55,1850.51,1852.78,0
2021-01-20 07:00:00,1852.74,1857.35,1851.83,1855.98,0
2021-01-20 08:00:00,1855.95,1856.24,1853.92,1855.4,0
2021-01-20 09:00:00,1855.4,1857.35,1854.42,1854.68,0
2021-01-20 10:00:00,1854.68,1855.23,1851.78,1853.73,0
2021-01-20 11:00:00,1853.73,1854.23,1848.55,1848.62,0
2021-01-20 12:00:00,1848.61,1851.57,1840.89,1843.01,0
2021-01-20 13:00:00,1843.02,1849.54,1832.45,1848.93,0
2021-01-20 14:00:00,1848.9,1864.82,1848.64,1855.57,0
2021-01-20 15:00:00,1855.57,1870.44,1854.64,1866.81,0
2021-01-20 16:00:00,1866.81,1869.36,1862.91,1866.81,0
2021-01-20 17:00:00,1866.81,1867.45,1862.12,1863.16,0
2021-01-20 18:00:00,1863.17,1869.17,1863.17,1868.44,0
2021-01-20 19:00:00,1868.44,1868.65,1867.0,1868.14,0
2021-01-20 20:00:00,1868.14,1870.94,1867.56,1869.81,0
2021-01-20 21:00:00,1869.83,1871.73,1868.84,1871.4,0
2021-01-20 23:00:00,1871.7,1872.36,1869.67,1869.92,0
2021-01-21 00:00:00,1869.95,1870.25,1867.93,1868.06,0
2021-01-21 01:00:00,1868.06,1870.89,1866.98,1869.02,0
2021-01-21 02:00:00,1869.0,1872.39,1867.97,1871.53,0
2021-01-21 03:00:00,1871.53,1872.73,1869.77,1872.31,0
2021-01-21 04:00:00,1872.31,1872.42,1870.09,1871.05,0
2021-01-21 05:00:00,1871.05,1874.78,1870.82,1874.17,0
2021-01-21 06:00:00,1874.17,1875.13,1870.75,1874.11,0
2021-01-21 07:00:00,1874.12,1874.75,1866.12,1867.57,0
2021-01-21 08:00:00,1867.54,1873.61,1866.61,1871.89,0
2021-01-21 09:00:00,1871.89,1872.84,1869.36,1871.77,0
2021-01-21 10:00:00,1871.79,1872.52,1867.02,1870.26,0
2021-01-21 11:00:00,1870.26,1872.47,1868.8,1871.23,0
2021-01-21 12:00:00,1871.19,1872.44,1866.11,1867.22,0
2021-01-21 13:00:00,1867.22,1870.7,1859.84,1860.92,0
2021-01-21 14:00:00,1860.92,1868.14,1858.34,1864.24,0
2021-01-21 15:00:00,1864.24,1867.09,1860.74,1864.07,0
2021-01-21 16:00:00,1864.07,1865.87,1862.0,1863.78,0
2021-01-21 17:00:00,1863.78,1865.07,1862.26,1864.86,0
2021-01-21 18:00:00,1864.86,1868.05,1864.58,1867.57,0
2021-01-21 19:00:00,1867.57,1869.71,1867.05,1869.35,0
2021-01-21 20:00:00,1869.38,1871.51,1867.94,1868.97,0
2021-01-21 21:00:00,1869.0,1870.64,1868.94,1869.61,0
2021-01-21 23:00:00,1870.14,1870.82,1869.23,1869.63,0
2021-01-22 00:00:00,1869.63,1869.94,1866.51,1866.85,0
2021-01-22 01:00:00,1866.85,1866.85,1862.9,1864.44,0
2021-01-22 02:00:00,1864.44,1865.33,1860.54,1860.82,0
2021-01-22 03:00:00,1860.81,1863.19,1859.87,1861.64,0
2021-01-22 04:00:00,1861.65,1864.22,1861.45,1864.0,0
2021-01-22 05:00:00,1864.0,1864.0,1861.29,1862.5,0
2021-01-22 06:00:00,1862.51,1862.87,1857.27,1861.47,0
2021-01-22 07:00:00,1861.47,1862.75,1858.49,1861.11,0
2021-01-22 08:00:00,1861.13,1862.52,1858.97,1862.08,0
2021-01-22 09:00:00,1862.03,1863.9,1857.15,1858.88,0
2021-01-22 10:00:00,1858.84,1859.19,1850.06,1851.95,0
2021-01-22 11:00:00,1851.95,1852.58,1845.41,1849.55,0
2021-01-22 12:00:00,1849.55,1852.15,1840.62,1843.43,0
2021-01-22 13:00:00,1843.44,1844.92,1837.31,1843.22,0
2021-01-22 14:00:00,1843.22,1850.66,1838.21,1850.63,0
2021-01-22 15:00:00,1850.5,1857.16,1850.47,1856.02,0
2021-01-22 16:00:00,1856.02,1858.41,1852.51,1854.97,0
2021-01-22 17:00:00,1854.99,1856.63,1853.2,1855.63,0
2021-01-22 18:00:00,1855.7,1857.77,1854.56,1856.12,0
2021-01-22 19:00:00,1856.21,1858.03,1855.7,1855.7,0
2021-01-22 20:00:00,1855.7,1856.63,1853.85,1854.26,0
2021-01-22 21:00:00,1854.28,1856.11,1852.52,1856.11,0
2021-01-24 23:00:00,1856.38,1859.37,1856.38,1856.95,0
2021-01-25 00:00:00,1856.95,1860.01,1855.33,1858.27,0
2021-01-25 01:00:00,1858.27,1860.01,1852.81,1854.93,0
2021-01-25 02:00:00,1854.91,1856.1,1853.74,1854.46,0
2021-01-25 03:00:00,1854.49,1855.73,1853.4,1853.85,0
2021-01-25 04:00:00,1853.85,1854.93,1853.57,1854.35,0
2021-01-25 05:00:00,1854.35,1856.63,1851.22,1853.29,0
2021-01-25 06:00:00,1853.29,1853.82,1849.39,1850.65,0
2021-01-25 07:00:00,1850.66,1854.15,1849.82,1853.7,0
2021-01-25 08:00:00,1853.69,1853.75,1850.82,1852.14,0
2021-01-25 09:00:00,1852.11,1856.55,1850.14,1855.93,0
2021-01-25 10:00:00,1855.93,1863.43,1854.53,1862.78,0
2021-01-25 11:00:00,1862.78,1865.99,1861.5,1863.09,0
2021-01-25 12:00:00,1863.09,1864.79,1860.41,1863.07,0
2021-01-25 13:00:00,1863.07,1867.88,1861.2,1864.95,0
2021-01-25 14:00:00,1864.95,1866.35,1855.01,1855.84,0
2021-01-25 15:00:00,1855.86,1858.03,1849.79,1851.95,0
2021-01-25 16:00:00,1851.94,1855.82,1847.12,1855.28,0
2021-01-25 17:00:00,1855.27,1859.21,1854.58,1858.29,0
2021-01-25 18:00:00,1858.29,1858.9,1855.11,1857.01,0
2021-01-25 19:00:00,1857.01,1857.59,1854.07,1855.01,0
2021-01-25 20:00:00,1855.01,1856.08,1853.54,1855.81,0
2021-01-25 21:00:00,1855.82,1856.02,1854.97,1855.93,0
2021-01-25 23:00:00,1855.33,1856.98,1854.37,1855.45,0
2021-01-26 00:00:00,1855.45,1855.45,1853.23,1854.74,0
2021-01-26 01:00:00,1854.71,1858.79,1853.39,1858.35,0
2021-01-26 02:00:00,1858.32,1860.7,1858.07,1860.52,0
2021-01-26 03:00:00,1860.52,1861.4,1859.58,1860.27,0
2021-01-26 04:00:00,1860.27,1861.71,1856.27,1856.39,0
2021-01-26 05:00:00,1856.39,1857.77,1854.34,1857.26,0
2021-01-26 06:00:00,1857.24,1857.3,1853.87,1855.04,0
2021-01-26 07:00:00,1855.12,1855.9,1850.06,1851.03,0
2021-01-26 08:00:00,1851.11,1857.36,1851.1,1854.54,0
2021-01-26 09:00:00,1854.54,1854.79,1851.65,1852.59,0
2021-01-26 10:00:00,1852.59,1854.27,1848.38,1849.25,0
2021-01-26 11:00:00,1849.25,1854.72,1848.83,1852.81,0
2021-01-26 12:00:00,1852.8,1856.32,1852.71,1855.45,0
2021-01-26 13:00:00,1855.45,1860.06,1852.11,1857.09,0
2021-01-26 14:00:00,1857.1,1858.25,1849.97,1856.38,0
2021-01-26 15:00:00,1856.38,1858.05,1851.42,1853.04,0
2021-01-26 16:00:00,1853.0,1855.12,1851.24,1852.35,0
2021-01-26 17:00:00,1852.35,1854.02,1851.89,1852.66,0
2021-01-26 18:00:00,1852.66,1853.65,1850.93,1851.75,0
2021-01-26 19:00:00,1851.75,1852.13,1849.53,1851.6,0
2021-01-26 20:00:00,1851.66,1852.98,1850.88,1851.28,0
2021-01-26 21:00:00,1851.21,1851.95,1850.35,1850.67,0
2021-01-26 23:00:00,1850.72,1851.63,1848.23,1851.34,0
2021-01-27 00:00:00,1851.33,1851.38,1847.59,1848.97,0
2021-01-27 01:00:00,1848.97,1849.06,1843.27,1846.09,0
2021-01-27 02:00:00,1846.09,1848.35,1844.42,1847.92,0
2021-01-27 03:00:00,1847.92,1848.18,1845.22,1845.48,0
2021-01-27 04:00:00,1845.48,1847.63,1845.45,1847.56,0
2021-01-27 05:00:00,1847.56,1851.2,1845.81,1851.1,0
2021-01-27 06:00:00,1851.1,1851.32,1847.78,1848.55,0
2021-01-27 07:00:00,1848.55,1851.1,1847.95,1850.96,0
2021-01-27 08:00:00,1850.96,1853.13,1845.44,1847.43,0
2021-01-27 09:00:00,1847.43,1848.25,1844.37,1845.84,0
2021-01-27 10:00:00,1845.84,1847.76,1845.24,1846.7,0
2021-01-27 11:00:00,1846.7,1846.71,1838.39,1841.42,0
2021-01-27 12:00:00,1841.4,1842.67,1837.51,1840.97,0
2021-01-27 13:00:00,1840.97,1844.19,1837.79,1843.03,0
2021-01-27 14:00:00,1843.11,1844.93,1831.37,1837.27,0
2021-01-27 15:00:00,1837.25,1849.48,1834.82,1849.03,0
2021-01-27 16:00:00,1849.03,1850.63,1845.24,1845.26,0
2021-01-27 17:00:00,1845.26,1846.66,1843.33,1845.58,0
2021-01-27 18:00:00,1845.58,1847.48,1844.1,1845.47,0
2021-01-27 19:00:00,1845.45,1849.04,1840.7,1841.61,0
2021-01-27 20:00:00,1841.61,1845.2,1839.22,1840.75,0
2021-01-27 21:00:00,1840.74,1844.84,1839.88,1844.1,0
2021-01-27 23:00:00,1844.48,1844.55,1838.95,1839.99,0
2021-01-28 00:00:00,1839.99,1840.57,1836.71,1839.97,0
2021-01-28 01:00:00,1839.97,1840.56,1834.01,1836.12,0
2021-01-28 02:00:00,1836.04,1839.07,1835.34,1837.59,0
2021-01-28 03:00:00,1837.59,1838.32,1836.32,1837.91,0
2021-01-28 04:00:00,1837.91,1838.83,1837.08,1837.17,0
2021-01-28 05:00:00,1837.17,1839.32,1836.37,1836.96,0
2021-01-28 06:00:00,1836.96,1838.03,1835.15,1837.31,0
2021-01-28 07:00:00,1837.27,1837.47,1834.13,1836.26,0
2021-01-28 08:00:00,1836.38,1841.62,1834.53,1838.23,0
2021-01-28 09:00:00,1838.23,1841.55,1838.05,1840.92,0
2021-01-28 10:00:00,1840.92,1843.35,1839.68,1841.72,0
2021-01-28 11:00:00,1841.65,1843.71,1839.65,1840.66,0
2021-01-28 12:00:00,1840.66,1842.4,1838.8,1840.44,0
2021-01-28 13:00:00,1840.44,1858.23,1837.63,1857.02,0
2021-01-28 14:00:00,1857.02,1863.32,1853.42,1854.6,0
2021-01-28 15:00:00,1854.6,1864.05,1852.79,1857.52,0
2021-01-28 16:00:00,1857.55,1859.83,1845.51,1845.78,0
2021-01-28 17:00:00,1845.78,1847.91,1837.67,1839.32,0
2021-01-28 18:00:00,1839.31,1842.68,1834.97,1840.7,0
2021-01-28 19:00:00,1840.7,1845.0,1840.23,1843.84,0
2021-01-28 20:00:00,1843.84,1844.73,1840.93,1842.21,0
2021-01-28 21:00:00,1842.19,1843.46,1840.6,1842.54,0
2021-01-28 23:00:00,1843.2,1844.89,1841.48,1843.84,0
2021-01-29 00:00:00,1843.88,1845.35,1839.79,1840.61,0
2021-01-29 01:00:00,1840.61,1844.45,1839.58,1843.1,0
2021-01-29 02:00:00,1843.1,1843.99,1841.93,1842.23,0
2021-01-29 03:00:00,1842.23,1843.41,1841.57,1841.97,0
2021-01-29 04:00:00,1841.97,1843.39,1841.02,1842.93,0
2021-01-29 05:00:00,1842.92,1846.28,1842.21,1845.9,0
2021-01-29 06:00:00,1845.9,1851.76,1844.25,1850.17,0
2021-01-29 07:00:00,1850.12,1850.65,1843.56,1845.68,0
2021-01-29 08:00:00,1845.71,1847.14,1842.28,1845.93,0
2021-01-29 09:00:00,1845.93,1854.12,1845.85,1851.64,0
2021-01-29 10:00:00,1851.65,1860.15,1849.59,1857.59,0
2021-01-29 11:00:00,1857.61,1863.23,1856.15,1862.14,0
2021-01-29 12:00:00,1862.2,1869.01,1860.45,1865.25,0
2021-01-29 13:00:00,1865.26,1874.06,1863.58,1871.92,0
2021-01-29 14:00:00,1871.94,1875.66,1852.63,1865.08,0
2021-01-29 15:00:00,1865.1,1866.31,1855.64,1858.5,0
2021-01-29 16:00:00,1858.49,1860.05,1855.88,1857.76,0
2021-01-29 17:00:00,1857.74,1860.6,1850.14,1852.18,0
2021-01-29 18:00:00,1852.16,1853.39,1847.67,1851.59,0
2021-01-29 19:00:00,1851.58,1853.6,1849.33,1849.98,0
2021-01-29 20:00:00,1849.96,1851.36,1841.8,1841.82,0
2021-01-29 21:00:00,1841.83,1849.54,1841.63,1848.69,0
2021-01-31 23:00:00,1859.64,1861.35,1851.46,1855.88,0
2021-02-01 00:00:00,1855.82,1856.36,1850.62,1854.35,0
2021-02-01 01:00:00,1854.32,1855.98,1849.13,1852.27,0
2021-02-01 02:00:00,1852.25,1862.08,1852.21,1861.53,0
2021-02-01 03:00:00,1861.53,1863.91,1860.2,1861.01,0
2021-02-01 04:00:00,1861.01,1862.87,1860.27,1860.4,0
2021-02-01 05:00:00,1860.4,1862.01,1857.0,1859.78,0
2021-02-01 06:00:00,1859.78,1867.24,1859.14,1865.51,0
2021-02-01 07:00:00,1865.52,1866.17,1860.51,1861.5,0
2021-02-01 08:00:00,1861.57,1871.82,1859.93,1862.65,0
2021-02-01 09:00:00,1862.64,1866.75,1859.35,1861.67,0
2021-02-01 10:00:00,1861.65,1862.28,1856.43,1859.98,0
2021-02-01 11:00:00,1859.98,1866.1,1857.87,1864.32,0
2021-02-01 12:00:00,1864.32,1869.52,1860.77,1861.24,0
2021-02-01 13:00:00,1861.3,1868.71,1859.98,1864.09,0
2021-02-01 14:00:00,1864.09,1869.26,1861.45,1863.57,0
2021-02-01 15:00:00,1863.61,1868.17,1856.73,1860.18,0
2021-02-01 16:00:00,1860.22,1865.09,1857.77,1862.63,0
2021-02-01 17:00:00,1862.62,1866.07,1860.22,1864.87,0
2021-02-01 18:00:00,1864.87,1866.71,1858.09,1860.54,0
2021-02-01 19:00:00,1860.5,1862.01,1858.16,1859.49,0
2021-02-01 20:00:00,1859.5,1862.68,1858.57,1858.87,0
2021-02-01 21:00:00,1858.87,1862.25,1858.73,1860.58,0
2021-02-01 23:00:00,1859.87,1860.65,1856.96,1857.68,0
2021-02-02 00:00:00,1857.68,1858.02,1854.13,1857.0,0
2021-02-02 01:00:00,1857.01,1864.08,1855.77,1862.79,0
2021-02-02 02:00:00,1862.76,1863.51,1858.83,1858.85,0
2021-02-02 03:00:00,1858.85,1859.8,1854.08,1857.12,0
2021-02-02 04:00:00,1857.12,1857.46,1852.77,1854.07,0
2021-02-02 05:00:00,1854.07,1856.81,1853.83,1856.34,0
2021-02-02 06:00:00,1856.33,1857.21,1853.89,1855.26,0
2021-02-02 07:00:00,1855.26,1855.32,1844.84,1848.29,0
2021-02-02 08:00:00,1848.29,1850.61,1845.18,1849.95,0
2021-02-02 09:00:00,1849.95,1851.49,1846.74,1850.24,0
2021-02-02 10:00:00,1850.21,1853.51,1846.53,1849.46,0
2021-02-02 11:00:00,1849.44,1850.02,1841.52,1842.23,0
2021-02-02 12:00:00,1842.23,1847.41,1839.37,1843.2,0
2021-02-02 13:00:00,1843.19,1844.59,1829.89,1838.02,0
2021-02-02 14:00:00,1838.02,1840.64,1829.54,1834.19,0
2021-02-02 15:00:00,1834.21,1836.62,1830.4,1833.09,0
2021-02-02 16:00:00,1833.07,1839.76,1832.54,1838.38,0
2021-02-02 17:00:00,1837.18,1839.78,1834.42,1835.16,0
2021-02-02 18:00:00,1835.15,1836.22,1831.7,1835.07,0
2021-02-02 19:00:00,1835.07,1838.79,1834.75,1836.83,0
2021-02-02 20:00:00,1836.83,1837.34,1834.55,1835.88,0
2021-02-02 21:00:00,1835.88,1838.12,1835.07,1837.97,0
2021-02-02 23:00:00,1837.59,1839.26,1836.2,1836.4,0
2021-02-03 00:00:00,1836.4,1840.53,1836.4,1839.31,0
2021-02-03 01:00:00,1839.31,1841.68,1838.45,1841.65,0
2021-02-03 02:00:00,1841.66,1844.98,1840.25,1842.16,0
2021-02-03 03:00:00,1842.18,1842.4,1840.14,1841.57,0
2021-02-03 04:00:00,1841.57,1842.04,1840.41,1840.69,0
2021-02-03 05:00:00,1840.67,1842.88,1838.64,1839.19,0
2021-02-03 06:00:00,1839.19,1839.25,1836.58,1838.41,0
2021-02-03 07:00:00,1838.38,1840.3,1834.82,1837.09,0
2021-02-03 08:00:00,1837.09,1837.48,1834.47,1835.68,0
2021-02-03 09:00:00,1835.68,1837.49,1833.27,1835.59,0
2021-02-03 10:00:00,1835.65,1836.78,1832.59,1834.83,0
2021-02-03 11:00:00,1834.83,1836.75,1833.22,1834.92,0
2021-02-03 12:00:00,1834.92,1839.46,1834.13,1837.12,0
2021-02-03 13:00:00,1837.1,1842.34,1835.86,1838.23,0
2021-02-03 14:00:00,1838.23,1840.79,1831.85,1836.19,0
2021-02-03 15:00:00,1836.21,1836.36,1829.75,1833.64,0
2021-02-03 16:00:00,1833.64,1838.04,1833.28,1835.61,0
2021-02-03 17:00:00,1835.6,1837.02,1833.22,1835.96,0
2021-02-03 18:00:00,1835.96,1836.25,1832.54,1833.93,0
2021-02-03 19:00:00,1833.93,1834.91,1833.17,1833.19,0
2021-02-03 20:00:00,1833.27,1834.18,1831.97,1832.93,0
2021-02-03 21:00:00,1832.85,1834.5,1832.83,1834.08,0
2021-02-03 23:00:00,1834.03,1834.74,1833.28,1834.28,0
2021-02-04 00:00:00,1834.25,1834.68,1832.36,1832.93,0
2021-02-04 01:00:00,1832.92,1834.17,1823.98,1827.08,0
2021-02-04 02:00:00,1827.07,1827.14,1822.21,1822.87,0
2021-02-04 03:00:00,1822.86,1823.56,1821.06,1823.07,0
2021-02-04 04:00:00,1823.1,1824.37,1821.86,1822.32,0
2021-02-04 05:00:00,1822.32,1822.33,1815.96,1817.72,0
2021-02-04 06:00:00,1817.67,1824.43,1816.21,1823.77,0
2021-02-04 07:00:00,1823.76,1827.22,1822.25,1825.2,0
2021-02-04 08:00:00,1825.2,1826.51,1820.62,1821.93,0
2021-02-04 09:00:00,1821.93,1821.95,1810.33,1814.46,0
2021-02-04 10:00:00,1814.44,1814.44,1810.53,1811.87,0
2021-02-04 11:00:00,1811.87,1813.63,1810.55,1812.7,0
2021-02-04 12:00:00,1812.7,1818.26,1812.7,1816.86,0
2021-02-04 13:00:00,1816.86,1819.54,1806.42,1808.48,0
2021-02-04 14:00:00,1808.48,1808.73,1785.37,1785.86,0
2021-02-04 15:00:00,1785.85,1795.57,1785.03,1786.64,0
2021-02-04 16:00:00,1786.69,1793.21,1785.9,1792.59,0
2021-02-04 17:00:00,1792.59,1792.59,1786.66,1789.45,0
2021-02-04 18:00:00,1789.44,1793.21,1788.6,1792.41,0
2021-02-04 19:00:00,1792.41,1795.87,1791.32,1795.07,0
2021-02-04 20:00:00,1795.06,1795.7,1793.4,1793.53,0
2021-02-04 21:00:00,1793.52,1794.61,1792.06,1793.95,0
2021-02-04 23:00:00,1795.94,1795.94,1794.14,1795.94,0
2021-02-05 00:00:00,1795.94,1797.69,1794.43,1795.1,0
2021-02-05 01:00:00,1795.05,1797.24,1792.01,1796.54,0
2021-02-05 02:00:00,1796.53,1797.83,1793.12,1794.72,0
2021-02-05 03:00:00,1794.72,1796.68,1794.11,1795.06,0
2021-02-05 04:00:00,1795.06,1795.77,1794.06,1795.37,0
2021-02-05 05:00:00,1795.37,1799.11,1795.12,1797.82,0
2021-02-05 06:00:00,1797.85,1798.19,1796.21,1797.15,0
2021-02-05 07:00:00,1797.21,1800.18,1796.48,1798.74,0
2021-02-05 08:00:00,1798.74,1811.33,1798.22,1808.45,0
2021-02-05 09:00:00,1808.45,1808.98,1804.0,1807.76,0
2021-02-05 10:00:00,1807.76,1809.04,1805.8,1807.46,0
2021-02-05 11:00:00,1807.46,1808.04,1802.62,1802.86,0
2021-02-05 12:00:00,1802.91,1804.39,1800.75,1802.25,0
2021-02-05 13:00:00,1802.25,1806.7,1793.47,1799.91,0
2021-02-05 14:00:00,1799.93,1805.36,1795.63,1802.76,0
2021-02-05 15:00:00,1802.76,1808.67,1802.37,1805.88,0
2021-02-05 16:00:00,1805.88,1814.21,1805.88,1812.99,0
2021-02-05 17:00:00,1812.97,1815.17,1811.01,1811.81,0
2021-02-05 18:00:00,1811.85,1813.28,1809.97,1810.34,0
2021-02-05 19:00:00,1810.34,1812.33,1809.81,1810.0,0
2021-02-05 20:00:00,1810.0,1812.49,1809.48,1811.17,0
2021-02-05 21:00:00,1811.17,1813.99,1810.03,1813.68,0
2021-02-07 23:00:00,1815.62,1818.78,1815.27,1818.04,0
2021-02-08 00:00:00,1818.03,1818.88,1812.63,1813.03,0
2021-02-08 01:00:00,1813.03,1815.78,1812.57,1815.45,0
2021-02-08 02:00:00,1815.43,1815.5,1808.4,1810.85,0
2021-02-08 03:00:00,1810.84,1812.0,1810.13,1810.77,0
2021-02-08 04:00:00,1810.77,1811.35,1810.33,1810.81,0
2021-02-08 05:00:00,1810.81,1815.95,1810.67,1813.01,0
2021-02-08 06:00:00,1812.97,1816.02,1812.95,1815.68,0
2021-02-08 07:00:00,1815.68,1817.88,1814.78,1815.0,0
2021-02-08 08:00:00,1814.97,1816.04,1807.75,1809.22,0
2021-02-08 09:00:00,1809.22,1814.03,1808.94,1813.81,0
2021-02-08 10:00:00,1813.81,1815.88,1811.88,1815.43,0
2021-02-08 11:00:00,1815.43,1823.15,1815.43,1820.78,0
2021-02-08 12:00:00,1820.78,1826.51,1818.6,1825.38,0
2021-02-08 13:00:00,1825.35,1831.5,1821.51,1829.87,0
2021-02-08 14:00:00,1829.87,1834.98,1829.6,1832.07,0
2021-02-08 15:00:00,1832.07,1839.13,1831.94,1836.69,0
2021-02-08 16:00:00,1836.65,1838.38,1834.07,1837.67,0
2021-02-08 17:00:00,1837.67,1838.18,1831.71,1832.76,0
2021-02-08 18:00:00,1832.76,1833.6,1830.93,1831.26,0
2021-02-08 19:00:00,1831.25,1833.02,1830.36,1832.16,0
2021-02-08 20:00:00,1832.16,1834.7,1829.68,1829.96,0
2021-02-08 21:00:00,1829.89,1831.59,1829.61,1830.53,0
2021-02-08 23:00:00,1830.4,1831.24,1828.86,1830.58,0
2021-02-09 00:00:00,1830.58,1834.41,1830.0,1834.05,0
2021-02-09 01:00:00,1834.05,1838.57,1833.83,1836.94,0
2021-02-09 02:00:00,1836.94,1841.84,1836.7,1841.39,0
2021-02-09 03:00:00,1841.39,1842.46,1839.5,1839.62,0
2021-02-09 04:00:00,1839.62,1843.31,1839.0,1841.22,0
2021-02-09 05:00:00,1841.22,1841.84,1838.15,1840.12,0
2021-02-09 06:00:00,1840.12,1840.28,1838.23,1839.89,0
2021-02-09 07:00:00,1839.88,1843.74,1838.15,1842.98,0
2021-02-09 08:00:00,1842.96,1845.17,1838.58,1844.26,0
2021-02-09 09:00:00,1844.26,1848.59,1842.75,1846.53,0
2021-02-09 10:00:00,1846.51,1847.45,1841.45,1841.82,0
2021-02-09 11:00:00,1841.82,1844.97,1841.38,1843.63,0
2021-02-09 12:00:00,1843.65,1844.14,1841.39,1842.72,0
2021-02-09 13:00:00,1842.71,1847.12,1839.09,1846.91,0
2021-02-09 14:00:00,1846.94,1847.56,1832.22,1836.95,0
2021-02-09 15:00:00,1836.95,1845.82,1836.95,1839.38,0
2021-02-09 16:00:00,1839.37,1839.89,1835.56,1836.01,0
2021-02-09 17:00:00,1836.01,1838.97,1835.53,1837.93,0
2021-02-09 18:00:00,1837.87,1838.66,1834.32,1834.87,0
2021-02-09 19:00:00,1834.81,1837.59,1834.76,1837.54,0
2021-02-09 20:00:00,1837.54,1837.59,1834.96,1835.93,0
2021-02-09 21:00:00,1835.93,1838.66,1834.96,1838.44,0
2021-02-09 23:00:00,1838.61,1839.52,1835.97,1836.18,0
2021-02-10 00:00:00,1836.18,1838.19,1835.37,1836.56,0
2021-02-10 01:00:00,1836.56,1840.17,1834.06,1839.69,0
2021-02-10 02:00:00,1839.65,1842.41,1838.91,1841.49,0
2021-02-10 03:00:00,1841.49,1845.27,1841.12,1843.26,0
2021-02-10 04:00:00,1843.26,1844.27,1841.97,1843.84,0
2021-02-10 05:00:00,1843.84,1845.46,1842.14,1842.76,0
2021-02-10 06:00:00,1842.76,1843.91,1840.95,1843.54,0
2021-02-10 07:00:00,1843.53,1846.98,1843.12,1845.81,0
2021-02-10 08:00:00,1845.75,1846.34,1841.99,1845.0,0
2021-02-10 09:00:00,1845.0,1845.9,1839.12,1839.42,0
2021-02-10 10:00:00,1839.44,1843.5,1839.4,1841.6,0
2021-02-10 11:00:00,1841.6,1842.98,1839.07,1840.87,0
2021-02-10 12:00:00,1840.89,1841.59,1837.8,1838.48,0
2021-02-10 13:00:00,1838.43,1855.39,1837.74,1851.16,0
2021-02-10 14:00:00,1851.19,1853.74,1840.78,1841.65,0
2021-02-10 15:00:00,1841.59,1845.51,1835.75,1841.19,0
2021-02-10 16:00:00,1841.18,1841.66,1834.91,1841.15,0
2021-02-10 17:00:00,1841.12,1842.92,1837.82,1842.23,0
2021-02-10 18:00:00,1842.23,1843.67,1841.34,1842.95,0
2021-02-10 19:00:00,1842.95,1846.32,1842.23,1843.3,0
2021-02-10 20:00:00,1843.15,1843.34,1840.82,1842.53,0
2021-02-10 21:00:00,1842.53,1843.27,1842.03,1843.27,0
2021-02-10 23:00:00,1843.04,1844.31,1841.67,1842.06,0
2021-02-11 00:00:00,1842.06,1842.15,1839.65,1839.76,0
2021-02-11 01:00:00,1839.72,1841.23,1837.33,1838.8,0
2021-02-11 02:00:00,1838.8,1838.81,1835.07,1837.93,0
2021-02-11 03:00:00,1837.93,1838.49,1834.25,1837.53,0
2021-02-11 04:00:00,1837.53,1838.36,1835.61,1835.92,0
2021-02-11 05:00:00,1835.92,1837.47,1835.17,1837.01,0
2021-02-11 06:00:00,1837.01,1843.97,1836.37,1842.56,0
2021-02-11 07:00:00,1842.56,1843.99,1841.29,1843.11,0
2021-02-11 08:00:00,1843.11,1845.91,1841.09,1842.29,0
2021-02-11 09:00:00,1842.29,1844.69,1841.53,1842.61,0
2021-02-11 10:00:00,1842.61,1843.09,1840.42,1840.56,0
2021-02-11 11:00:00,1840.55,1842.84,1839.57,1841.79,0
2021-02-11 12:00:00,1841.79,1843.78,1840.8,1843.36,0
2021-02-11 13:00:00,1843.36,1847.55,1842.98,1843.48,0
2021-02-11 14:00:00,1843.46,1844.36,1838.82,1842.47,0
2021-02-11 15:00:00,1842.48,1842.74,1837.67,1838.57,0
2021-02-11 16:00:00,1838.61,1839.43,1828.57,1830.01,0
2021-02-11 17:00:00,1830.03,1831.24,1823.04,1826.53,0
2021-02-11 18:00:00,1826.53,1827.37,1823.81,1825.44,0
2021-02-11 19:00:00,1825.44,1825.62,1821.18,1824.45,0
2021-02-11 20:00:00,1824.5,1826.56,1823.45,1826.28,0
2021-02-11 21:00:00,1826.29,1826.71,1825.2,1825.54,0
2021-02-11 23:00:00,1826.24,1827.27,1825.14,1826.74,0
2021-02-12 00:00:00,1826.74,1827.91,1823.76,1824.14,0
2021-02-12 01:00:00,1823.97,1825.34,1821.76,1823.55,0
2021-02-12 02:00:00,1823.55,1823.55,1819.39,1819.74,0
2021-02-12 03:00:00,1819.74,1822.73,1819.63,1822.0,0
2021-02-12 04:00:00,1822.0,1823.55,1821.59,1822.56,0
2021-02-12 05:00:00,1822.58,1824.33,1821.67,1823.93,0
2021-02-12 06:00:00,1823.93,1824.01,1818.77,1818.79,0
2021-02-12 07:00:00,1818.81,1820.8,1816.48,1817.44,0
2021-02-12 08:00:00,1817.44,1817.86,1812.56,1817.05,0
2021-02-12 09:00:00,1817.03,1819.29,1815.83,1817.91,0
2021-02-12 10:00:00,1817.89,1821.96,1815.44,1820.66,0
2021-02-12 11:00:00,1820.66,1820.78,1817.55,1818.78,0
2021-02-12 12:00:00,1818.77,1819.37,1815.42,1818.09,0
2021-02-12 13:00:00,1818.03,1819.26,1810.53,1815.65,0
2021-02-12 14:00:00,1815.65,1820.77,1812.23,1814.62,0
2021-02-12 15:00:00,1814.6,1830.7,1814.16,1828.25,0
2021-02-12 16:00:00,1828.26,1829.44,1824.0,1824.27,0
2021-02-12 17:00:00,1824.26,1825.11,1819.16,1819.54,0
2021-02-12 18:00:00,1819.54,1824.21,1818.99,1822.36,0
2021-02-12 19:00:00,1822.36,1823.11,1818.36,1819.32,0
2021-02-12 20:00:00,1819.32,1821.45,1817.37,1821.45,0
2021-02-12 21:00:00,1821.42,1824.85,1820.97,1824.5,0
2021-02-14 23:00:00,1825.87,1826.33,1820.1,1820.95,0
2021-02-15 00:00:00,1820.97,1823.39,1820.05,1822.93,0
2021-02-15 01:00:00,1822.93,1827.01,1821.63,1826.98,0
2021-02-15 02:00:00,1826.99,1827.02,1824.24,1825.07,0
2021-02-15 03:00:00,1825.08,1826.61,1823.84,1826.18,0
2021-02-15 04:00:00,1826.18,1826.55,1821.53,1822.59,0
2021-02-15 05:00:00,1822.59,1825.22,1821.83,1824.94,0
2021-02-15 06:00:00,1824.95,1825.06,1817.71,1818.73,0
2021-02-15 07:00:00,1818.72,1819.72,1816.52,1817.14,0
2021-02-15 08:00:00,1817.14,1820.29,1816.72,1818.32,0
2021-02-15 09:00:00,1818.32,1819.52,1817.56,1818.19,0
2021-02-15 10:00:00,1818.19,1820.13,1816.06,1818.5,0
2021-02-15 11:00:00,1818.48,1821.56,1818.0,1820.54,0
2021-02-15 12:00:00,1820.51,1824.25,1819.33,1821.34,0
2021-02-15 13:00:00,1821.32,1822.27,1817.08,1817.79,0
2021-02-15 14:00:00,1817.79,1820.69,1816.06,1818.51,0
2021-02-15 15:00:00,1818.51,1818.58,1816.35,1818.06,0
2021-02-15 16:00:00,1818.07,1820.86,1817.68,1820.15,0
2021-02-15 17:00:00,1820.15,1820.36,1817.0,1818.81,0
2021-02-15 23:00:00,1818.32,1819.59,1817.51,1818.71,0
2021-02-16 00:00:00,1818.71,1822.21,1818.08,1821.73,0
2021-02-16 01:00:00,1821.73,1825.54,1820.59,1824.78,0
2021-02-16 02:00:00,1824.78,1826.15,1823.23,1823.79,0
2021-02-16 03:00:00,1823.79,1826.45,1823.72,1826.31,0
2021-02-16 04:00:00,1826.32,1826.42,1824.0,1824.58,0
2021-02-16 05:00:00,1824.58,1825.71,1820.46,1821.14,0
2021-02-16 06:00:00,1821.15,1824.12,1819.95,1823.52,0
2021-02-16 07:00:00,1823.52,1824.09,1818.88,1820.64,0
2021-02-16 08:00:00,1820.64,1824.29,1819.47,1823.74,0
2021-02-16 09:00:00,1823.74,1825.51,1822.23,1824.09,0
2021-02-16 10:00:00,1824.09,1825.64,1822.81,1822.87,0
2021-02-16 11:00:00,1822.87,1823.6,1815.13,1816.16,0
2021-02-16 12:00:00,1816.16,1818.8,1806.82,1807.46,0
2021-02-16 13:00:00,1807.46,1812.72,1796.34,1796.81,0
2021-02-16 14:00:00,1796.81,1798.9,1789.45,1791.59,0
2021-02-16 15:00:00,1791.59,1814.35,1790.94,1813.69,0
2021-02-16 16:00:00,1813.69,1814.08,1796.3,1796.7,0
2021-02-16 17:00:00,1796.7,1797.5,1793.2,1796.62,0
2021-02-16 18:00:00,1796.62,1800.77,1796.41,1796.72,0
2021-02-16 19:00:00,1796.71,1797.11,1793.79,1795.28,0
2021-02-16 20:00:00,1795.28,1796.26,1793.91,1795.22,0
2021-02-16 21:00:00,1795.22,1795.92,1793.67,1794.36,0
2021-02-16 23:00:00,1793.88,1793.88,1786.8,1788.27,0
2021-02-17 00:00:00,1788.31,1789.41,1786.58,1789.12,0
2021-02-17 01:00:00,1789.12,1792.44,1787.78,1791.12,0
2021-02-17 02:00:00,1791.07,1794.21,1791.03,1794.12,0
2021-02-17 03:00:00,1794.08,1795.16,1791.88,1793.45,0
2021-02-17 04:00:00,1793.45,1793.8,1791.87,1792.94,0
2021-02-17 05:00:00,1792.94,1793.57,1789.34,1791.85,0
2021-02-17 06:00:00,1791.86,1793.91,1788.7,1792.8,0
2021-02-17 07:00:00,1792.82,1793.63,1788.44,1789.99,0
2021-02-17 08:00:00,1789.96,1790.89,1783.9,1787.72,0
2021-02-17 09:00:00,1787.72,1789.45,1783.7,1786.0,0
2021-02-17 10:00:00,1786.0,1789.62,1785.36,1789.41,0
2021-02-17 11:00:00,1789.41,1791.18,1786.7,1790.82,0
2021-02-17 12:00:00,1790.8,1793.28,1788.92,1792.21,0
2021-02-17 13:00:00,1792.21,1793.46,1773.98,1779.05,0
2021-02-17 14:00:00,1779.03,1785.07,1775.74,1781.53,0
2021-02-17 15:00:00,1781.52,1782.6,1770.9,1773.77,0
2021-02-17 16:00:00,1773.77,1780.15,1769.54,1777.97,0
2021-02-17 17:00:00,1777.98,1780.25,1775.4,1775.79,0
2021-02-17 18:00:00,1775.79,1776.69,1771.46,1775.4,0
2021-02-17 19:00:00,1775.4,1775.97,1771.12,1771.93,0
2021-02-17 20:00:00,1771.92,1775.43,1771.78,1774.59,0
2021-02-17 21:00:00,1774.6,1777.28,1774.6,1776.16,0
2021-02-17 23:00:00,1776.07,1778.64,1776.03,1778.15,0
2021-02-18 00:00:00,1778.15,1780.96,1777.03,1780.93,0
2021-02-18 01:00:00,1780.91,1783.01,1777.8,1780.75,0
2021-02-18 02:00:00,1780.75,1783.39,1778.31,1783.13,0
2021-02-18 03:00:00,1783.13,1785.79,1782.69,1783.31,0
2021-02-18 04:00:00,1783.31,1784.03,1782.54,1782.72,0
2021-02-18 05:00:00,1782.71,1784.55,1782.13,1783.86,0
2021-02-18 06:00:00,1783.86,1784.29,1781.87,1782.55,0
2021-02-18 07:00:00,1782.62,1784.06,1779.67,1782.04,0
2021-02-18 08:00:00,1782.05,1789.0,1778.93,1787.8,0
2021-02-18 09:00:00,1787.8,1788.63,1785.03,1787.48,0
2021-02-18 10:00:00,1787.48,1787.48,1781.33,1785.07,0
2021-02-18 11:00:00,1785.07,1786.84,1783.64,1784.14,0
2021-02-18 12:00:00,1784.14,1785.47,1778.91,1784.12,0
2021-02-18 13:00:00,1784.12,1789.66,1781.91,1786.12,0
2021-02-18 14:00:00,1786.13,1786.17,1773.16,1775.71,0
2021-02-18 15:00:00,1775.71,1779.44,1768.39,1778.49,0
2021-02-18 16:00:00,1778.48,1780.16,1774.0,1776.57,0
2021-02-18 17:00:00,1776.57,1778.2,1774.15,1776.01,0
2021-02-18 18:00:00,1776.01,1776.57,1772.84,1774.32,0
2021-02-18 19:00:00,1774.32,1776.1,1774.04,1775.33,0
2021-02-18 20:00:00,1775.33,1775.4,1773.95,1774.64,0
2021-02-18 21:00:00,1774.6,1776.85,1774.12,1775.73,0
2021-02-18 23:00:00,1776.96,1777.07,1770.06,1771.65,0
2021-02-19 00:00:00,1771.65,1773.06,1766.47,1769.5,0
2021-02-19 01:00:00,1769.53,1770.69,1760.64,1767.15,0
2021-02-19 02:00:00,1767.15,1770.67,1764.1,1770.15,0
2021-02-19 03:00:00,1770.09,1770.15,1767.63,1767.93,0
2021-02-19 04:00:00,1767.93,1768.31,1764.96,1767.87,0
2021-02-19 05:00:00,1767.87,1773.7,1767.72,1772.54,0
2021-02-19 06:00:00,1772.54,1777.58,1770.31,1772.08,0
2021-02-19 07:00:00,1772.08,1774.26,1769.16,1773.97,0
2021-02-19 08:00:00,1773.97,1775.35,1771.24,1774.48,0
2021-02-19 09:00:00,1774.45,1775.14,1770.34,1771.11,0
2021-02-19 10:00:00,1771.05,1774.02,1769.39,1772.13,0
2021-02-19 11:00:00,1772.13,1772.77,1767.91,1768.9,0
2021-02-19 12:00:00,1768.9,1774.57,1768.71,1773.86,0
2021-02-19 13:00:00,1773.86,1784.3,1769.37,1783.31,0
2021-02-19 14:00:00,1783.33,1791.63,1778.05,1786.94,0
2021-02-19 15:00:00,1786.9,1787.35,1779.53,1785.91,0
2021-02-19 16:00:00,1785.9,1787.95,1782.84,1783.49,0
2021-02-19 17:00:00,1783.49,1785.04,1778.49,1783.15,0
2021-02-19 18:00:00,1783.15,1783.25,1777.37,1780.41,0
2021-02-19 19:00:00,1780.42,1781.31,1778.97,1780.25,0
2021-02-19 20:00:00,1780.25,1782.71,1779.6,1781.96,0
2021-02-19 21:00:00,1781.96,1783.51,1781.1,1783.36,0
2021-02-21 23:00:00,1784.18,1788.16,1781.31,1783.38,0
2021-02-22 00:00:00,1783.38,1786.41,1782.45,1785.38,0
2021-02-22 01:00:00,1785.39,1789.74,1785.06,1786.72,0
2021-02-22 02:00:00,1786.72,1787.95,1783.42,1783.51,0
2021-02-22 03:00:00,1783.51,1786.13,1780.66,1783.73,0
2021-02-22 04:00:00,1783.73,1785.31,1783.52,1784.87,0
2021-02-22 05:00:00,1784.87,1790.37,1784.87,1789.48,0
2021-02-22 06:00:00,1789.48,1795.04,1788.93,1790.87,0
2021-02-22 07:00:00,1790.81,1795.07,1788.83,1794.59,0
2021-02-22 08:00:00,1794.58,1795.41,1790.24,1794.35,0
2021-02-22 09:00:00,1794.33,1799.24,1793.47,1797.44,0
2021-02-22 10:00:00,1797.44,1798.46,1795.86,1796.21,0
2021-02-22 11:00:00,1796.22,1798.25,1794.49,1795.21,0
2021-02-22 12:00:00,1795.27,1797.54,1793.43,1794.67,0
2021-02-22 13:00:00,1794.69,1802.54,1793.78,1797.43,0
2021-02-22 14:00:00,1797.43,1808.39,1793.85,1804.79,0
2021-02-22 15:00:00,1804.81,1810.19,1803.2,1809.01,0
2021-02-22 16:00:00,1808.98,1812.58,1807.38,1811.5,0
2021-02-22 17:00:00,1811.5,1812.66,1807.28,1809.14,0
2021-02-22 18:00:00,1809.21,1810.67,1808.06,1808.56,0
2021-02-22 19:00:00,1808.56,1809.53,1806.53,1808.11,0
2021-02-22 20:00:00,1808.11,1809.91,1806.23,1808.48,0
2021-02-22 21:00:00,1808.48,1809.73,1807.44,1809.69,0
2021-02-22 23:00:00,1810.4,1811.41,1808.66,1810.43,0
2021-02-23 00:00:00,1810.43,1810.53,1808.0,1809.63,0
2021-02-23 01:00:00,1809.63,1814.24,1806.24,1813.18,0
2021-02-23 02:00:00,1813.17,1815.76,1810.85,1815.27,0
2021-02-23 03:00:00,1815.27,1815.99,1811.5,1813.15,0
2021-02-23 04:00:00,1813.15,1813.32,1811.54,1812.73,0
2021-02-23 05:00:00,1812.73,1813.42,1809.78,1812.72,0
2021-02-23 06:00:00,1812.73,1814.7,1810.95,1812.09,0
2021-02-23 07:00:00,1812.09,1813.2,1808.25,1808.5,0
2021-02-23 08:00:00,1808.58,1811.54,1806.6,1810.2,0
2021-02-23 09:00:00,1810.2,1810.33,1803.87,1804.29,0
2021-02-23 10:00:00,1804.29,1809.54,1803.65,1805.79,0
2021-02-23 11:00:00,1805.81,1809.57,1805.34,1809.15,0
2021-02-23 12:00:00,1809.06,1812.84,1808.55,1810.05,0
2021-02-23 13:00:00,1810.09,1811.7,1806.98,1809.65,0
2021-02-23 14:00:00,1809.74,1810.14,1795.59,1801.55,0
2021-02-23 15:00:00,1801.54,1810.83,1799.15,1806.96,0
2021-02-23 16:00:00,1806.96,1807.7,1802.33,1807.21,0
2021-02-23 17:00:00,1807.16,1809.4,1806.25,1806.9,0
2021-02-23 18:00:00,1806.85,1807.75,1801.77,1803.89,0
2021-02-23 19:00:00,1803.89,1805.34,1803.23,1803.71,0
2021-02-23 20:00:00,1803.71,1806.2,1803.68,1804.75,0
2021-02-23 21:00:00,1804.71,1805.9,1804.55,1805.53,0
2021-02-23 23:00:00,1806.15,1807.83,1804.8,1805.81,0
2021-02-24 00:00:00,1805.81,1808.04,1805.14,1807.42,0
2021-02-24 01:00:00,1807.42,1813.61,1807.25,1812.03,0
2021-02-24 02:00:00,1812.03,1813.85,1809.91,1810.27,0
2021-02-24 03:00:00,1810.27,1811.13,1808.38,1808.81,0
2021-02-24 04:00:00,1808.83,1809.46,1807.23,1809.2,0
2021-02-24 05:00:00,1809.19,1810.12,1807.48,1809.53,0
2021-02-24 06:00:00,1809.53,1809.58,1806.0,1808.32,0
2021-02-24 07:00:00,1808.32,1808.68,1804.47,1805.97,0
2021-02-24 08:00:00,1805.98,1810.11,1805.53,1806.02,0
2021-02-24 09:00:00,1806.0,1808.52,1803.09,1804.31,0
2021-02-24 10:00:00,1804.31,1808.93,1804.03,1807.12,0
2021-02-24 11:00:00,1807.15,1809.98,1806.47,1808.53,0
2021-02-24 12:00:00,1808.56,1810.27,1805.35,1806.57,0
2021-02-24 13:00:00,1806.56,1808.64,1787.84,1790.61,0
2021-02-24 14:00:00,1790.61,1794.31,1783.62,1785.68,0
2021-02-24 15:00:00,1785.66,1796.21,1783.74,1795.05,0
2021-02-24 16:00:00,1795.05,1802.39,1790.61,1802.03,0
2021-02-24 17:00:00,1802.04,1804.42,1798.23,1798.31,0
2021-02-24 18:00:00,1798.31,1799.82,1795.2,1797.64,0
2021-02-24 19:00:00,1797.64,1799.44,1796.62,1797.28,0
2021-02-24 20:00:00,1797.28,1803.32,1797.2,1802.54,0
2021-02-24 21:00:00,1802.54,1805.67,1802.34,1804.8,0
2021-02-24 23:00:00,1803.98,1804.3,1802.76,1803.09,0
2021-02-25 00:00:00,1803.08,1804.22,1798.32,1798.39,0
2021-02-25 01:00:00,1798.36,1802.94,1796.84,1796.99,0
2021-02-25 02:00:00,1796.99,1800.18,1794.52,1796.46,0
2021-02-25 03:00:00,1796.47,1797.7,1793.92,1796.72,0
2021-02-25 04:00:00,1796.72,1799.08,1795.97,1798.01,0
2021-02-25 05:00:00,1797.98,1801.12,1796.24,1800.72,0
2021-02-25 06:00:00,1800.8,1801.21,1793.35,1796.7,0
2021-02-25 07:00:00,1796.71,1796.71,1790.47,1794.49,0
2021-02-25 08:00:00,1794.48,1794.52,1787.84,1790.45,0
2021-02-25 09:00:00,1790.45,1794.75,1787.25,1794.42,0
2021-02-25 10:00:00,1794.44,1795.25,1791.79,1794.79,0
2021-02-25 11:00:00,1794.77,1795.25,1781.45,1786.72,0
2021-02-25 12:00:00,1786.76,1790.67,1784.7,1787.62,0
2021-02-25 13:00:00,1787.63,1790.4,1779.15,1781.43,0
2021-02-25 14:00:00,1781.51,1788.94,1778.34,1781.29,0
2021-02-25 15:00:00,1781.29,1781.64,1769.93,1775.69,0
2021-02-25 16:00:00,1775.7,1783.13,1774.37,1780.56,0
2021-02-25 17:00:00,1780.56,1781.45,1771.61,1773.27,0
2021-02-25 18:00:00,1773.27,1779.16,1765.48,1778.44,0
2021-02-25 19:00:00,1778.43,1779.52,1772.2,1773.34,0
2021-02-25 20:00:00,1773.34,1773.86,1769.28,1769.59,0
2021-02-25 21:00:00,1769.58,1774.78,1769.11,1769.94,0
2021-02-25 23:00:00,1770.49,1772.66,1769.32,1769.89,0
2021-02-26 00:00:00,1769.93,1773.13,1765.18,1772.75,0
2021-02-26 01:00:00,1772.72,1773.13,1767.29,1771.27,0
2021-02-26 02:00:00,1771.23,1775.78,1770.62,1772.92,0
2021-02-26 03:00:00,1772.92,1774.84,1772.3,1772.84,0
2021-02-26 04:00:00,1772.84,1773.39,1766.12,1767.87,0
2021-02-26 05:00:00,1767.86,1769.38,1758.08,1760.59,0
2021-02-26 06:00:00,1760.59,1764.59,1759.24,1762.76,0
2021-02-26 07:00:00,1762.69,1763.8,1755.34,1759.43,0
2021-02-26 08:00:00,1759.48,1769.1,1758.34,1768.37,0
2021-02-26 09:00:00,1768.26,1770.16,1762.5,1763.2,0
2021-02-26 10:00:00,1763.21,1766.99,1762.15,1764.48,0
2021-02-26 11:00:00,1764.48,1765.31,1757.63,1759.77,0
2021-02-26 12:00:00,1759.77,1763.14,1758.39,1758.7,0
2021-02-26 13:00:00,1758.67,1767.1,1757.63,1761.6,0
2021-02-26 14:00:00,1761.6,1763.52,1744.99,1745.03,0
2021-02-26 15:00:00,1745.07,1745.96,1724.68,1729.92,0
2021-02-26 16:00:00,1729.94,1731.91,1717.22,1718.09,0
2021-02-26 17:00:00,1718.03,1727.52,1717.91,1726.4,0
2021-02-26 18:00:00,1726.4,1731.33,1725.82,1729.82,0
2021-02-26 19:00:00,1729.82,1732.43,1726.94,1727.15,0
2021-02-26 20:00:00,1727.24,1732.16,1726.72,1726.8,0
2021-02-26 21:00:00,1726.83,1735.31,1726.83,1734.28,0
2021-02-28 23:00:00,1735.92,1739.86,1735.33,1739.18,0
2021-03-01 00:00:00,1739.18,1741.65,1737.24,1738.15,0
2021-03-01 01:00:00,1738.12,1745.11,1738.06,1745.02,0
2021-03-01 02:00:00,1745.01,1748.8,1744.59,1747.64,0
2021-03-01 03:00:00,1747.64,1751.64,1747.52,1751.01,0
2021-03-01 04:00:00,1751.01,1751.26,1747.7,1749.93,0
2021-03-01 05:00:00,1749.93,1752.64,1748.86,1750.73,0
2021-03-01 06:00:00,1750.73,1756.28,1749.76,1753.86,0
2021-03-01 07:00:00,1753.86,1759.83,1753.2,1753.69,0
2021-03-01 08:00:00,1753.65,1754.89,1748.48,1749.18,0
2021-03-01 09:00:00,1749.18,1750.01,1745.0,1746.87,0
2021-03-01 10:00:00,1746.91,1747.71,1743.7,1745.62,0
2021-03-01 11:00:00,1745.6,1747.11,1741.88,1743.5,0
2021-03-01 12:00:00,1743.5,1747.55,1735.89,1739.13,0
2021-03-01 13:00:00,1739.09,1740.1,1730.87,1736.0,0
2021-03-01 14:00:00,1735.99,1742.99,1732.9,1735.88,0
2021-03-01 15:00:00,1735.88,1741.46,1732.87,1738.84,0
2021-03-01 16:00:00,1738.85,1742.54,1731.05,1732.04,0
2021-03-01 17:00:00,1732.04,1734.58,1726.29,1726.96,0
2021-03-01 18:00:00,1726.96,1727.39,1720.63,1722.96,0
2021-03-01 19:00:00,1722.96,1725.13,1720.5,1724.46,0
2021-03-01 20:00:00,1724.48,1724.54,1719.71,1723.6,0
2021-03-01 21:00:00,1723.63,1726.82,1723.2,1724.6,0
2021-03-01 23:00:00,1723.74,1725.33,1721.32,1724.98,0
2021-03-02 00:00:00,1724.97,1728.44,1723.89,1727.25,0
2021-03-02 01:00:00,1727.22,1728.34,1710.51,1711.73,0
2021-03-02 02:00:00,1711.73,1716.98,1710.47,1712.7,0
2021-03-02 03:00:00,1712.69,1714.03,1707.21,1713.35,0
2021-03-02 04:00:00,1713.35,1715.94,1713.08,1713.43,0
2021-03-02 05:00:00,1713.43,1717.17,1710.78,1714.82,0
2021-03-02 06:00:00,1714.82,1722.4,1713.57,1721.9,0
2021-03-02 07:00:00,1721.94,1724.3,1716.76,1717.88,0
2021-03-02 08:00:00,1717.91,1722.37,1715.55,1721.81,0
2021-03-02 09:00:00,1721.81,1725.31,1720.79,1722.94,0
2021-03-02 10:00:00,1722.94,1730.93,1722.94,1727.83,0
2021-03-02 11:00:00,1727.83,1733.34,1726.79,1727.29,0
2021-03-02 12:00:00,1727.34,1734.43,1726.9,1733.63,0
2021-03-02 13:00:00,1733.63,1736.27,1724.1,1727.4,0
2021-03-02 14:00:00,1727.4,1730.44,1721.37,1725.78,0
2021-03-02 15:00:00,1725.76,1727.52,1720.36,1725.35,0
2021-03-02 16:00:00,1725.34,1734.44,1724.04,1731.57,0
2021-03-02 17:00:00,1731.57,1738.4,1731.21,1736.68,0
2021-03-02 18:00:00,1736.72,1738.46,1733.65,1736.95,0
2021-03-02 19:00:00,1736.95,1738.17,1733.67,1734.75,0
2021-03-02 20:00:00,1734.75,1737.96,1732.89,1733.08,0
2021-03-02 21:00:00,1733.08,1739.14,1733.08,1738.14,0
2021-03-02 23:00:00,1738.31,1740.55,1734.76,1736.54,0
2021-03-03 00:00:00,1736.58,1737.49,1734.15,1735.1,0
2021-03-03 01:00:00,1735.13,1737.0,1730.01,1734.23,0
2021-03-03 02:00:00,1734.23,1734.32,1731.46,1732.88,0
2021-03-03 03:00:00,1732.9,1735.58,1732.72,1734.8,0
2021-03-03 04:00:00,1734.77,1735.62,1734.53,1735.23,0
2021-03-03 05:00:00,1735.23,1735.71,1732.16,1733.16,0
2021-03-03 06:00:00,1733.14,1734.1,1730.49,1732.79,0
2021-03-03 07:00:00,1732.79,1735.97,1731.98,1733.41,0
2021-03-03 08:00:00,1733.41,1733.7,1726.53,1727.37,0
2021-03-03 09:00:00,1727.37,1730.26,1725.62,1728.2,0
2021-03-03 10:00:00,1728.2,1728.26,1723.96,1726.56,0
2021-03-03 11:00:00,1726.56,1726.72,1721.45,1724.11,0
2021-03-03 12:00:00,1724.11,1726.71,1723.61,1726.06,0
2021-03-03 13:00:00,1726.06,1726.07,1708.39,1712.4,0
2021-03-03 14:00:00,1712.39,1717.26,1708.51,1711.41,0
2021-03-03 15:00:00,1711.43,1717.05,1701.93,1716.06,0
2021-03-03 16:00:00,1716.04,1725.15,1715.61,1718.65,0
2021-03-03 17:00:00,1718.66,1719.76,1716.05,1717.22,0
2021-03-03 18:00:00,1717.23,1720.29,1715.83,1719.04,0
2021-03-03 19:00:00,1719.04,1719.56,1712.05,1715.68,0
2021-03-03 20:00:00,1715.67,1717.15,1713.97,1714.26,0
2021-03-03 21:00:00,1714.27,1715.83,1709.45,1710.78,0
2021-03-03 23:00:00,1711.9,1711.96,1708.17,1710.47,0
2021-03-04 00:00:00,1710.47,1715.68,1708.83,1715.03,0
2021-03-04 01:00:00,1715.0,1716.78,1711.02,1715.23,0
2021-03-04 02:00:00,1715.23,1716.19,1710.55,1712.39,0
2021-03-04 03:00:00,1712.39,1712.77,1709.43,1709.57,0
2021-03-04 04:00:00,1709.54,1715.4,1706.57,1715.05,0
2021-03-04 05:00:00,1715.05,1720.18,1714.27,1718.2,0
2021-03-04 06:00:00,1718.2,1718.2,1714.8,1716.6,0
2021-03-04 07:00:00,1716.59,1721.31,1716.25,1717.91,0
2021-03-04 08:00:00,1717.91,1718.98,1712.21,1712.9,0
2021-03-04 09:00:00,1712.91,1718.64,1706.4,1715.26,0
2021-03-04 10:00:00,1715.28,1716.64,1708.55,1715.26,0
2021-03-04 11:00:00,1715.33,1717.0,1713.25,1715.69,0
2021-03-04 12:00:00,1715.69,1720.3,1714.96,1718.73,0
2021-03-04 13:00:00,1718.74,1723.23,1713.09,1715.89,0
2021-03-04 14:00:00,1715.89,1717.57,1712.35,1714.71,0
2021-03-04 15:00:00,1714.66,1721.26,1709.51,1718.69,0
2021-03-04 16:00:00,1718.68,1722.28,1714.39,1714.64,0
2021-03-04 17:00:00,1714.64,1717.94,1698.4,1700.41,0
2021-03-04 18:00:00,1700.39,1704.23,1690.59,1691.13,0
2021-03-04 19:00:00,1691.13,1700.78,1691.13,1699.09,0
2021-03-04 20:00:00,1699.11,1699.31,1695.36,1697.44,0
2021-03-04 21:00:00,1697.43,1700.56,1697.37,1697.78,0
2021-03-04 23:00:00,1697.93,1698.71,1693.27,1694.3,0
2021-03-05 00:00:00,1694.3,1695.24,1689.15,1694.74,0
2021-03-05 01:00:00,1694.74,1694.76,1687.32,1692.66,0
2021-03-05 02:00:00,1692.66,1694.95,1689.61,1694.38,0
2021-03-05 03:00:00,1694.38,1697.92,1693.45,1694.37,0
2021-03-05 04:00:00,1694.37,1694.52,1691.66,1692.1,0
2021-03-05 05:00:00,1692.1,1697.33,1692.08,1696.89,0
2021-03-05 06:00:00,1696.89,1699.45,1695.41,1696.81,0
2021-03-05 07:00:00,1696.81,1700.45,1694.9,1696.66,0
2021-03-05 08:00:00,1696.66,1696.82,1691.0,1693.85,0
2021-03-05 09:00:00,1693.85,1695.97,1691.15,1694.58,0
2021-03-05 10:00:00,1694.58,1697.59,1693.51,1694.8,0
2021-03-05 11:00:00,1694.65,1698.9,1693.67,1694.85,0
2021-03-05 12:00:00,1694.85,1699.06,1694.2,1698.69,0
2021-03-05 13:00:00,1698.69,1701.19,1687.28,1693.49,0
2021-03-05 14:00:00,1693.48,1707.71,1691.85,1694.51,0
2021-03-05 15:00:00,1694.51,1703.84,1694.35,1697.04,0
2021-03-05 16:00:00,1697.07,1699.57,1694.42,1697.35,0
2021-03-05 17:00:00,1697.35,1703.57,1696.54,1702.81,0
2021-03-05 18:00:00,1702.81,1705.24,1698.19,1698.85,0
2021-03-05 19:00:00,1698.85,1700.01,1696.99,1699.11,0
2021-03-05 20:00:00,1699.11,1700.55,1697.61,1698.15,0
2021-03-05 21:00:00,1698.13,1701.72,1697.99,1700.35,0
2021-03-07 23:00:00,1705.95,1713.96,1705.41,1707.68,0
2021-03-08 00:00:00,1707.68,1708.17,1705.06,1706.93,0
2021-03-08 01:00:00,1706.93,1713.77,1706.7,1713.25,0
2021-03-08 02:00:00,1713.25,1714.3,1706.85,1709.08,0
2021-03-08 03:00:00,1709.09,1709.5,1705.28,1705.66,0
2021-03-08 04:00:00,1705.68,1707.8,1704.32,1707.7,0
2021-03-08 05:00:00,1707.71,1709.54,1705.81,1707.77,0
2021-03-08 06:00:00,1707.77,1709.18,1703.93,1704.44,0
2021-03-08 07:00:00,1704.44,1704.44,1697.07,1699.26,0
2021-03-08 08:00:00,1699.26,1700.64,1691.75,1696.34,0
2021-03-08 09:00:00,1696.32,1696.87,1689.73,1690.57,0
2021-03-08 10:00:00,1690.58,1694.68,1690.09,1692.55,0
2021-03-08 11:00:00,1692.6,1694.2,1685.63,1685.72,0
2021-03-08 12:00:00,1685.72,1691.88,1684.74,1690.55,0
2021-03-08 13:00:00,1690.55,1696.05,1684.81,1693.83,0
2021-03-08 14:00:00,1693.91,1696.52,1686.63,1686.97,0
2021-03-08 15:00:00,1686.92,1690.84,1679.44,1681.64,0
2021-03-08 16:00:00,1681.65,1684.2,1678.26,1679.91,0
2021-03-08 17:00:00,1679.89,1683.0,1676.81,1680.81,0
2021-03-08 18:00:00,1680.81,1682.54,1680.42,1680.56,0
2021-03-08 19:00:00,1680.54,1685.21,1680.25,1685.14,0
2021-03-08 20:00:00,1685.14,1685.42,1680.46,1680.51,0
2021-03-08 21:00:00,1680.51,1683.41,1680.5,1683.33,0
2021-03-08 23:00:00,1683.68,1685.69,1683.52,1684.67,0
2021-03-09 00:00:00,1684.67,1685.49,1681.66,1684.6,0
2021-03-09 01:00:00,1684.6,1685.79,1680.11,1683.44,0
2021-03-09 02:00:00,1683.44,1689.01,1683.42,1687.45,0
2021-03-09 03:00:00,1687.45,1691.59,1686.32,1689.36,0
2021-03-09 04:00:00,1689.39,1690.58,1687.36,1687.57,0
2021-03-09 05:00:00,1687.59,1690.71,1687.18,1688.84,0
2021-03-09 06:00:00,1688.82,1694.46,1688.14,1692.93,0
2021-03-09 07:00:00,1692.93,1698.45,1691.77,1697.41,0
2021-03-09 08:00:00,1697.33,1702.77,1694.99,1702.68,0
2021-03-09 09:00:00,1702.68,1703.83,1701.19,1702.68,0
2021-03-09 10:00:00,1702.68,1705.0,1700.46,1702.75,0
2021-03-09 11:00:00,1702.73,1711.56,1701.72,1709.07,0
2021-03-09 12:00:00,1709.07,1709.07,1702.66,1702.87,0
2021-03-09 13:00:00,1702.87,1715.15,1702.87,1713.43,0
2021-03-09 14:00:00,1713.43,1720.66,1713.36,1717.77,0
2021-03-09 15:00:00,1717.8,1719.78,1711.77,1713.11,0
2021-03-09 16:00:00,1713.11,1717.21,1712.54,1715.33,0
2021-03-09 17:00:00,1715.34,1718.04,1715.22,1716.62,0
2021-03-09 18:00:00,1716.75,1719.7,1716.15,1716.2,0
2021-03-09 19:00:00,1716.18,1717.96,1715.7,1717.11,0
2021-03-09 20:00:00,1717.11,1718.2,1714.38,1716.05,0
2021-03-09 21:00:00,1716.14,1717.62,1714.73,1715.73,0
2021-03-09 23:00:00,1715.55,1716.34,1714.07,1715.88,0
2021-03-10 00:00:00,1715.89,1717.38,1712.77,1715.29,0
2021-03-10 01:00:00,1715.44,1719.58,1712.92,1713.63,0
2021-03-10 02:00:00,1713.61,1713.88,1710.82,1713.42,0
2021-03-10 03:00:00,1713.47,1713.48,1711.44,1712.56,0
2021-03-10 04:00:00,1712.59,1714.22,1712.48,1713.14,0
2021-03-10 05:00:00,1713.15,1714.02,1711.51,1712.9,0
2021-03-10 06:00:00,1712.85,1715.3,1709.65,1715.09,0
2021-03-10 07:00:00,1715.02,1716.68,1713.86,1715.33,0
2021-03-10 08:00:00,1715.31,1715.54,1710.12,1714.73,0
2021-03-10 09:00:00,1714.73,1715.41,1712.53,1714.32,0
2021-03-10 10:00:00,1714.32,1715.49,1711.09,1711.11,0
2021-03-10 11:00:00,1711.12,1712.25,1708.19,1711.86,0
2021-03-10 12:00:00,1711.86,1713.68,1710.6,1712.81,0
2021-03-10 13:00:00,1712.81,1723.65,1711.4,1720.07,0
2021-03-10 14:00:00,1720.07,1722.2,1715.65,1718.53,0
2021-03-10 15:00:00,1718.52,1720.19,1714.41,1719.13,0
2021-03-10 16:00:00,1719.09,1720.4,1714.58,1719.36,0
2021-03-10 17:00:00,1719.38,1720.55,1718.04,1719.34,0
2021-03-10 18:00:00,1719.33,1724.14,1716.29,1723.35,0
2021-03-10 19:00:00,1723.35,1726.06,1722.45,1723.98,0
2021-03-10 20:00:00,1723.98,1726.28,1723.45,1725.45,0
2021-03-10 21:00:00,1725.45,1726.78,1724.42,1726.64,0
2021-03-10 23:00:00,1726.38,1727.19,1726.28,1726.74,0
2021-03-11 00:00:00,1726.77,1727.95,1724.12,1724.95,0
2021-03-11 01:00:00,1724.95,1727.55,1723.23,1726.12,0
2021-03-11 02:00:00,1726.12,1732.27,1726.12,1730.11,0
2021-03-11 03:00:00,1730.11,1734.64,1729.85,1731.78,0
2021-03-11 04:00:00,1731.78,1732.91,1730.79,1732.25,0
2021-03-11 05:00:00,1732.25,1735.85,1731.6,1735.62,0
2021-03-11 06:00:00,1735.62,1735.7,1732.28,1732.38,0
2021-03-11 07:00:00,1732.38,1737.99,1731.38,1736.82,0
2021-03-11 08:00:00,1736.78,1739.75,1735.76,1738.93,0
2021-03-11 09:00:00,1738.95,1739.86,1733.43,1733.7,0
2021-03-11 10:00:00,1733.72,1736.71,1732.47,1736.0,0
2021-03-11 11:00:00,1736.0,1736.52,1731.48,1733.43,0
2021-03-11 12:00:00,1733.43,1737.05,1730.24,1736.01,0
2021-03-11 13:00:00,1736.02,1737.21,1727.33,1730.04,0
2021-03-11 14:00:00,1730.03,1731.54,1719.26,1722.98,0
2021-03-11 15:00:00,1722.98,1727.46,1719.73,1725.47,0
2021-03-11 16:00:00,1725.47,1726.03,1721.07,1724.39,0
2021-03-11 17:00:00,1724.4,1726.12,1721.84,1723.68,0
2021-03-11 18:00:00,1723.7,1728.36,1722.33,1724.48,0
2021-03-11 19:00:00,1724.48,1725.42,1722.7,1724.74,0
2021-03-11 20:00:00,1724.74,1724.78,1722.47,1723.64,0
2021-03-11 21:00:00,1723.64,1725.07,1721.54,1722.59,0
2021-03-11 23:00:00,1722.03,1723.58,1721.34,1722.69,0
2021-03-12 00:00:00,1722.69,1725.71,1722.64,1724.45,0
2021-03-12 01:00:00,1724.45,1727.97,1723.34,1724.96,0
2021-03-12 02:00:00,1724.94,1724.97,1718.81,1719.58,0
2021-03-12 03:00:00,1719.55,1719.73,1716.91,1718.34,0
2021-03-12 04:00:00,1718.34,1719.81,1717.95,1718.9,0
2021-03-12 05:00:00,1718.9,1719.71,1716.28,1718.13,0
2021-03-12 06:00:00,1718.13,1718.28,1709.73,1711.98,0
2021-03-12 07:00:00,1711.98,1712.38,1707.57,1710.53,0
2021-03-12 08:00:00,1710.52,1711.35,1705.94,1706.55,0
2021-03-12 09:00:00,1706.51,1706.94,1699.22,1701.42,0
2021-03-12 10:00:00,1701.42,1705.52,1700.25,1703.32,0
2021-03-12 11:00:00,1703.34,1704.12,1699.61,1703.35,0
2021-03-12 12:00:00,1703.37,1706.83,1702.25,1706.77,0
2021-03-12 13:00:00,1706.77,1707.34,1699.48,1705.05,0
2021-03-12 14:00:00,1705.07,1708.24,1700.61,1706.31,0
2021-03-12 15:00:00,1706.27,1708.8,1702.02,1707.25,0
2021-03-12 16:00:00,1707.21,1720.31,1706.18,1718.17,0
2021-03-12 17:00:00,1718.17,1722.7,1717.42,1719.69,0
2021-03-12 18:00:00,1719.69,1725.16,1719.4,1724.53,0
2021-03-12 19:00:00,1724.53,1725.37,1722.61,1722.63,0
2021-03-12 20:00:00,1722.57,1724.72,1721.35,1723.54,0
2021-03-12 21:00:00,1723.59,1729.26,1723.5,1728.03,0
2021-03-14 23:00:00,1729.75,1730.43,1725.73,1727.75,0
2021-03-15 00:00:00,1727.89,1728.11,1724.26,1725.35,0
2021-03-15 01:00:00,1725.28,1727.64,1724.91,1727.22,0
2021-03-15 02:00:00,1727.21,1734.04,1725.8,1729.5,0
2021-03-15 03:00:00,1729.5,1731.18,1725.27,1726.24,0
2021-03-15 04:00:00,1726.25,1728.04,1725.69,1727.8,0
2021-03-15 05:00:00,1727.82,1727.97,1725.78,1726.79,0
2021-03-15 06:00:00,1726.79,1726.93,1721.68,1724.0,0
2021-03-15 07:00:00,1724.01,1725.9,1722.31,1723.71,0
2021-03-15 08:00:00,1723.71,1726.62,1722.2,1722.74,0
2021-03-15 09:00:00,1722.73,1728.38,1722.73,1727.94,0
2021-03-15 10:00:00,1727.95,1732.64,1727.84,1729.06,0
2021-03-15 11:00:00,1729.05,1730.29,1727.22,1729.22,0
2021-03-15 12:00:00,1729.22,1732.21,1728.19,1729.85,0
2021-03-15 13:00:00,1730.0,1733.11,1728.52,1731.25,0
2021-03-15 14:00:00,1731.25,1734.54,1728.83,1734.02,0
2021-03-15 15:00:00,1734.04,1734.57,1723.41,1723.97,0
2021-03-15 16:00:00,1723.87,1728.65,1722.8,1727.16,0
2021-03-15 17:00:00,1727.08,1730.63,1726.71,1729.1,0
2021-03-15 18:00:00,1729.11,1731.24,1728.04,1729.3,0
2021-03-15 19:00:00,1729.3,1731.72,1728.21,1728.84,0
2021-03-15 20:00:00,1728.84,1732.1,1728.23,1730.98,0
2021-03-15 21:00:00,1730.99,1732.18,1730.79,1731.74,0
2021-03-15 23:00:00,1731.75,1732.19,1730.3,1730.67,0
2021-03-16 00:00:00,1730.67,1731.68,1730.29,1730.75,0
2021-03-16 01:00:00,1730.68,1732.03,1730.18,1730.57,0
2021-03-16 02:00:00,1730.57,1734.16,1729.59,1732.13,0
2021-03-16 03:00:00,1732.13,1732.39,1730.1,1731.85,0
2021-03-16 04:00:00,1731.87,1733.9,1731.56,1733.61,0
2021-03-16 05:00:00,1733.61,1735.05,1733.01,1734.18,0
2021-03-16 06:00:00,1734.18,1737.24,1733.55,1736.38,0
2021-03-16 07:00:00,1736.36,1736.8,1730.82,1731.18,0
2021-03-16 08:00:00,1731.14,1731.4,1726.15,1730.19,0
2021-03-16 09:00:00,1730.19,1732.76,1728.88,1732.44,0
2021-03-16 10:00:00,1732.4,1733.32,1730.26,1731.22,0
2021-03-16 11:00:00,1731.2,1734.84,1730.91,1734.32,0
2021-03-16 12:00:00,1734.32,1735.73,1730.91,1731.38,0
2021-03-16 13:00:00,1731.39,1736.17,1730.86,1732.53,0
2021-03-16 14:00:00,1732.54,1735.61,1730.29,1734.48,0
2021-03-16 15:00:00,1734.46,1741.22,1732.95,1734.05,0
2021-03-16 16:00:00,1734.05,1735.24,1726.74,1728.88,0
2021-03-16 17:00:00,1728.85,1731.63,1727.86,1730.59,0
2021-03-16 18:00:00,1730.55,1733.36,1728.91,1729.16,0
2021-03-16 19:00:00,1729.16,1731.25,1728.94,1730.48,0
2021-03-16 20:00:00,1730.46,1733.13,1730.38,1732.64,0
2021-03-16 21:00:00,1732.61,1732.73,1731.27,1731.57,0
2021-03-16 23:00:00,1731.93,1732.56,1730.48,1731.87,0
2021-03-17 00:00:00,1731.87,1732.63,1730.95,1731.65,0
2021-03-17 01:00:00,1731.64,1732.74,1730.59,1732.52,0
2021-03-17 02:00:00,1732.53,1735.11,1729.68,1733.57,0
2021-03-17 03:00:00,1733.57,1734.82,1732.2,1733.64,0
2021-03-17 04:00:00,1733.66,1736.14,1733.52,1735.94,0
2021-03-17 05:00:00,1735.91,1737.63,1735.03,1736.91,0
2021-03-17 06:00:00,1736.86,1737.52,1735.11,1735.41,0
2021-03-17 07:00:00,1735.41,1737.94,1735.25,1737.08,0
2021-03-17 08:00:00,1737.08,1737.08,1734.16,1735.36,0
2021-03-17 09:00:00,1735.36,1736.31,1733.54,1734.55,0
2021-03-17 10:00:00,1734.55,1737.09,1734.15,1736.09,0
2021-03-17 11:00:00,1736.09,1737.16,1734.47,1735.12,0
2021-03-17 12:00:00,1735.13,1735.3,1727.92,1729.42,0
2021-03-17 13:00:00,1729.48,1731.98,1728.24,1729.2,0
2021-03-17 14:00:00,1729.2,1731.98,1727.35,1728.33,0
2021-03-17 15:00:00,1728.33,1734.67,1724.02,1732.03,0
2021-03-17 16:00:00,1732.03,1732.16,1726.88,1727.27,0
2021-03-17 17:00:00,1727.26,1728.5,1725.85,1728.03,0
2021-03-17 18:00:00,1728.0,1730.23,1726.58,1729.93,0
2021-03-17 19:00:00,1729.85,1749.94,1729.85,1749.64,0
2021-03-17 20:00:00,1749.69,1751.63,1743.5,1745.23,0
2021-03-17 21:00:00,1745.12,1745.76,1743.75,1745.18,0
2021-03-17 23:00:00,1747.91,1749.64,1746.78,1747.46,0
2021-03-18 00:00:00,1747.46,1749.27,1746.92,1748.47,0
2021-03-18 01:00:00,1748.47,1751.6,1747.58,1749.87,0
2021-03-18 02:00:00,1749.87,1753.91,1749.02,1753.08,0
2021-03-18 03:00:00,1753.1,1755.04,1750.12,1754.47,0
2021-03-18 04:00:00,1754.46,1755.51,1748.26,1748.98,0
2021-03-18 05:00:00,1748.98,1750.5,1747.47,1750.0,0
2021-03-18 06:00:00,1750.0,1752.46,1749.48,1750.02,0
2021-03-18 07:00:00,1750.03,1752.47,1749.1,1750.96,0
2021-03-18 08:00:00,1750.96,1752.88,1735.49,1739.51,0
2021-03-18 09:00:00,1739.52,1740.89,1732.69,1736.36,0
2021-03-18 10:00:00,1736.36,1739.6,1735.03,1736.68,0
2021-03-18 11:00:00,1736.68,1737.71,1732.92,1734.1,0
2021-03-18 12:00:00,1734.15,1736.07,1727.76,1731.18,0
2021-03-18 13:00:00,1731.31,1733.5,1726.19,1729.82,0
2021-03-18 14:00:00,1729.83,1730.07,1719.23,1723.03,0
2021-03-18 15:00:00,1723.06,1729.48,1721.49,1728.48,0
2021-03-18 16:00:00,1728.47,1731.24,1726.7,1730.58,0
2021-03-18 17:00:00,1730.59,1736.2,1730.51,1731.13,0
2021-03-18 18:00:00,1731.16,1735.2,1730.09,1734.7,0
2021-03-18 19:00:00,1734.72,1735.53,1732.28,1734.78,0
2021-03-18 20:00:00,1734.78,1737.29,1733.12,1734.85,0
2021-03-18 21:00:00,1734.78,1736.71,1734.19,1736.44,0
2021-03-18 23:00:00,1735.16,1737.75,1734.37,1734.99,0
2021-03-19 00:00:00,1734.99,1736.66,1732.37,1735.19,0
2021-03-19 01:00:00,1735.17,1735.78,1730.65,1730.73,0
2021-03-19 02:00:00,1730.76,1731.54,1728.53,1731.25,0
2021-03-19 03:00:00,1731.23,1731.86,1728.4,1730.97,0
2021-03-19 04:00:00,1730.93,1735.04,1730.33,1731.69,0
2021-03-19 05:00:00,1731.66,1734.37,1730.01,1734.14,0
2021-03-19 06:00:00,1734.14,1734.8,1730.82,1734.49,0
2021-03-19 07:00:00,1734.51,1743.55,1734.12,1740.42,0
2021-03-19 08:00:00,1740.4,1745.4,1739.93,1741.75,0
2021-03-19 09:00:00,1741.71,1744.24,1738.64,1743.68,0
2021-03-19 10:00:00,1743.68,1744.63,1736.81,1737.0,0
2021-03-19 11:00:00,1737.01,1738.22,1735.1,1736.93,0
2021-03-19 12:00:00,1736.91,1742.58,1734.97,1740.64,0
2021-03-19 13:00:00,1740.66,1743.72,1737.66,1739.18,0
2021-03-19 14:00:00,1739.18,1740.06,1733.26,1736.09,0
2021-03-19 15:00:00,1736.06,1738.12,1734.45,1735.58,0
2021-03-19 16:00:00,1735.59,1741.01,1734.43,1740.06,0
2021-03-19 17:00:00,1740.06,1742.41,1738.45,1742.36,0
2021-03-19 18:00:00,1742.36,1743.47,1740.87,1742.9,0
2021-03-19 19:00:00,1742.9,1744.19,1742.38,1742.5,0
2021-03-19 20:00:00,1742.46,1743.28,1740.56,1742.57,0
2021-03-19 21:00:00,1742.58,1746.72,1741.74,1745.36,0
2021-03-21 23:00:00,1743.95,1744.41,1738.04,1738.08,0
2021-03-22 00:00:00,1738.08,1740.85,1737.95,1738.22,0
2021-03-22 01:00:00,1738.16,1740.99,1737.22,1739.64,0
2021-03-22 02:00:00,1739.64,1739.66,1732.52,1735.48,0
2021-03-22 03:00:00,1735.48,1739.1,1735.27,1738.93,0
2021-03-22 04:00:00,1738.93,1741.3,1738.45,1740.68,0
2021-03-22 05:00:00,1740.72,1743.17,1740.08,1742.69,0
2021-03-22 06:00:00,1742.69,1742.69,1736.8,1737.0,0
2021-03-22 07:00:00,1737.04,1737.88,1729.58,1730.58,0
2021-03-22 08:00:00,1730.54,1732.44,1727.35,1729.29,0
2021-03-22 09:00:00,1729.32,1732.45,1728.18,1729.94,0
2021-03-22 10:00:00,1729.9,1731.74,1728.12,1731.51,0
2021-03-22 11:00:00,1731.51,1733.75,1731.1,1733.38,0
2021-03-22 12:00:00,1733.39,1739.13,1733.36,1736.28,0
2021-03-22 13:00:00,1736.28,1736.99,1730.67,1732.18,0
2021-03-22 14:00:00,1732.18,1735.49,1730.66,1733.25,0
2021-03-22 15:00:00,1733.23,1738.44,1732.94,1738.04,0
2021-03-22 16:00:00,1738.07,1738.71,1733.74,1738.28,0
2021-03-22 17:00:00,1738.31,1740.48,1737.48,1740.41,0
2021-03-22 18:00:00,1740.41,1740.98,1738.01,1740.62,0
2021-03-22 19:00:00,1740.62,1741.08,1739.25,1739.41,0
2021-03-22 20:00:00,1739.39,1740.78,1739.3,1739.53,0
2021-03-22 21:00:00,1739.54,1739.58,1738.13,1738.9,0
2021-03-22 23:00:00,1739.58,1739.89,1738.39,1739.58,0
2021-03-23 00:00:00,1739.58,1739.87,1738.61,1739.34,0
2021-03-23 01:00:00,1739.33,1740.49,1736.5,1737.13,0
2021-03-23 02:00:00,1737.13,1737.66,1733.02,1733.44,0
2021-03-23 03:00:00,1733.51,1734.43,1731.03,1734.4,0
2021-03-23 04:00:00,1734.4,1735.72,1733.82,1735.72,0
2021-03-23 05:00:00,1735.72,1737.17,1735.38,1735.84,0
2021-03-23 06:00:00,1735.84,1738.46,1735.2,1737.67,0
2021-03-23 07:00:00,1737.72,1739.58,1736.78,1738.33,0
2021-03-23 08:00:00,1738.33,1740.02,1736.6,1737.56,0
2021-03-23 09:00:00,1737.58,1740.12,1736.29,1739.37,0
2021-03-23 10:00:00,1739.38,1740.18,1736.2,1738.01,0
2021-03-23 11:00:00,1738.01,1742.56,1737.61,1740.44,0
2021-03-23 12:00:00,1740.39,1741.98,1738.98,1739.04,0
2021-03-23 13:00:00,1739.02,1741.04,1737.72,1739.32,0
2021-03-23 14:00:00,1739.29,1740.19,1727.38,1731.13,0
2021-03-23 15:00:00,1731.09,1731.8,1725.67,1730.0,0
2021-03-23 16:00:00,1730.01,1730.42,1725.0,1730.31,0
2021-03-23 17:00:00,1730.28,1730.31,1726.2,1726.95,0
2021-03-23 18:00:00,1726.95,1728.41,1724.69,1727.92,0
2021-03-23 19:00:00,1727.92,1728.54,1726.35,1727.07,0
2021-03-23 20:00:00,1727.07,1728.81,1726.42,1727.24,0
2021-03-23 21:00:00,1727.28,1728.09,1726.59,1726.96,0
2021-03-23 23:00:00,1727.11,1727.78,1726.75,1726.88,0
2021-03-24 00:00:00,1726.88,1728.15,1726.21,1727.15,0
2021-03-24 01:00:00,1727.15,1727.97,1725.75,1727.61,0
2021-03-24 02:00:00,1727.66,1731.43,1724.01,1730.51,0
2021-03-24 03:00:00,1730.51,1734.46,1730.43,1732.12,0
2021-03-24 04:00:00,1732.1,1732.9,1731.29,1731.82,0
2021-03-24 05:00:00,1731.78,1733.6,1731.47,1733.52,0
2021-03-24 06:00:00,1733.47,1733.87,1731.05,1731.35,0
2021-03-24 07:00:00,1731.35,1732.12,1729.56,1731.0,0
2021-03-24 08:00:00,1730.97,1732.13,1727.18,1728.89,0
2021-03-24 09:00:00,1728.88,1731.25,1728.07,1731.1,0
2021-03-24 10:00:00,1731.09,1735.0,1730.75,1734.76,0
2021-03-24 11:00:00,1734.73,1735.91,1730.2,1731.25,0
2021-03-24 12:00:00,1731.28,1732.09,1729.2,1730.24,0
2021-03-24 13:00:00,1730.21,1733.32,1729.71,1732.19,0
2021-03-24 14:00:00,1732.19,1734.06,1728.36,1730.22,0
2021-03-24 15:00:00,1730.22,1732.64,1728.35,1732.21,0
2021-03-24 16:00:00,1732.31,1734.06,1729.26,1733.74,0
2021-03-24 17:00:00,1733.74,1738.52,1733.74,1734.16,0
2021-03-24 18:00:00,1734.16,1735.19,1731.94,1735.14,0
2021-03-24 19:00:00,1735.14,1735.71,1733.44,1734.46,0
2021-03-24 20:00:00,1734.48,1735.06,1732.93,1733.05,0
2021-03-24 21:00:00,1733.0,1734.3,1733.0,1734.14,0
2021-03-24 23:00:00,1734.42,1735.07,1733.49,1734.02,0
2021-03-25 00:00:00,1734.09,1735.12,1733.73,1734.62,0
2021-03-25 01:00:00,1734.62,1735.0,1733.12,1733.91,0
2021-03-25 02:00:00,1733.97,1735.38,1732.28,1733.17,0
2021-03-25 03:00:00,1733.17,1735.16,1731.94,1735.16,0
2021-03-25 04:00:00,1735.25,1739.15,1735.11,1735.32,0
2021-03-25 05:00:00,1735.32,1735.94,1734.02,1735.64,0
2021-03-25 06:00:00,1735.64,1737.77,1733.88,1734.07,0
2021-03-25 07:00:00,1734.07,1735.53,1733.28,1733.73,0
2021-03-25 08:00:00,1733.73,1734.67,1730.73,1733.13,0
2021-03-25 09:00:00,1733.14,1734.09,1731.04,1732.19,0
2021-03-25 10:00:00,1732.19,1732.74,1731.6,1732.09,0
2021-03-25 11:00:00,1732.1,1732.48,1729.91,1731.47,0
2021-03-25 12:00:00,1731.47,1733.46,1727.71,1728.43,0
2021-03-25 13:00:00,1728.43,1730.7,1724.96,1730.02,0
2021-03-25 14:00:00,1730.02,1745.5,1728.7,1738.93,0
2021-03-25 15:00:00,1738.89,1741.15,1733.17,1736.99,0
2021-03-25 16:00:00,1736.97,1737.55,1730.29,1730.89,0
2021-03-25 17:00:00,1730.88,1732.59,1727.77,1728.25,0
2021-03-25 18:00:00,1728.2,1728.96,1721.77,1727.63,0
2021-03-25 19:00:00,1727.65,1730.86,1726.41,1730.68,0
2021-03-25 20:00:00,1730.69,1731.28,1726.19,1726.75,0
2021-03-25 21:00:00,1726.79,1728.0,1726.36,1726.53,0
2021-03-25 23:00:00,1727.37,1729.08,1727.3,1727.95,0
2021-03-26 00:00:00,1727.94,1728.21,1726.48,1727.34,0
2021-03-26 01:00:00,1727.34,1729.27,1726.97,1728.43,0
2021-03-26 02:00:00,1728.43,1729.29,1726.07,1728.57,0
2021-03-26 03:00:00,1728.55,1729.72,1723.89,1723.89,0
2021-03-26 04:00:00,1723.89,1725.19,1723.25,1724.94,0
2021-03-26 05:00:00,1724.93,1726.44,1723.89,1726.37,0
2021-03-26 06:00:00,1726.37,1729.25,1725.83,1728.01,0
2021-03-26 07:00:00,1728.0,1729.68,1726.79,1728.24,0
2021-03-26 08:00:00,1728.2,1728.71,1725.75,1727.45,0
2021-03-26 09:00:00,1727.42,1729.08,1725.44,1727.8,0
2021-03-26 10:00:00,1727.78,1732.05,1726.8,1730.15,0
2021-03-26 11:00:00,1730.15,1730.42,1725.11,1725.74,0
2021-03-26 12:00:00,1725.74,1726.19,1721.55,1725.15,0
2021-03-26 13:00:00,1725.15,1728.93,1723.99,1724.91,0
2021-03-26 14:00:00,1724.83,1728.9,1724.24,1728.74,0
2021-03-26 15:00:00,1728.73,1732.42,1728.41,1731.15,0
2021-03-26 16:00:00,1731.19,1736.75,1731.0,1733.96,0
2021-03-26 17:00:00,1733.96,1734.63,1732.16,1732.33,0
2021-03-26 18:00:00,1732.33,1734.32,1730.69,1731.84,0
2021-03-26 19:00:00,1731.84,1732.5,1730.24,1731.41,0
2021-03-26 20:00:00,1731.41,1732.71,1730.81,1731.77,0
2021-03-26 21:00:00,1731.77,1732.88,1731.57,1732.47,0
2021-03-28 23:00:00,1732.55,1732.69,1730.66,1731.15,0
2021-03-29 00:00:00,1731.15,1731.84,1730.62,1731.05,0
2021-03-29 01:00:00,1731.01,1732.65,1730.17,1731.25,0
2021-03-29 02:00:00,1731.23,1731.93,1726.35,1731.65,0
2021-03-29 03:00:00,1731.65,1732.89,1730.31,1731.9,0
2021-03-29 04:00:00,1731.9,1732.2,1729.26,1729.4,0
2021-03-29 05:00:00,1729.4,1729.81,1727.58,1727.86,0
2021-03-29 06:00:00,1727.91,1729.23,1726.18,1728.62,0
2021-03-29 07:00:00,1728.57,1728.91,1725.06,1725.36,0
2021-03-29 08:00:00,1725.32,1728.19,1724.95,1726.32,0
2021-03-29 09:00:00,1726.33,1727.01,1723.8,1724.86,0
2021-03-29 10:00:00,1724.86,1725.96,1723.99,1724.67,0
2021-03-29 11:00:00,1724.67,1728.24,1723.88,1727.05,0
2021-03-29 12:00:00,1727.06,1727.53,1725.08,1726.18,0
2021-03-29 13:00:00,1726.19,1728.05,1721.95,1723.87,0
2021-03-29 14:00:00,1723.87,1726.34,1706.09,1711.22,0
2021-03-29 15:00:00,1711.16,1712.71,1705.75,1711.04,0
2021-03-29 16:00:00,1711.04,1712.39,1708.68,1711.71,0
2021-03-29 17:00:00,1711.71,1715.86,1711.48,1713.28,0
2021-03-29 18:00:00,1713.28,1714.59,1711.63,1711.66,0
2021-03-29 19:00:00,1711.66,1711.73,1709.78,1710.61,0
2021-03-29 20:00:00,1710.61,1711.77,1710.13,1711.47,0
2021-03-29 21:00:00,1711.47,1712.31,1710.37,1711.92,0
2021-03-29 23:00:00,1712.67,1713.14,1711.68,1711.71,0
2021-03-30 00:00:00,1711.71,1712.71,1710.6,1711.99,0
2021-03-30 01:00:00,1711.99,1714.21,1710.82,1713.2,0
2021-03-30 02:00:00,1713.18,1714.43,1708.72,1710.3,0
2021-03-30 03:00:00,1710.3,1710.7,1704.67,1706.1,0
2021-03-30 04:00:00,1706.1,1708.19,1705.84,1707.43,0
2021-03-30 05:00:00,1707.43,1708.04,1706.12,1707.81,0
2021-03-30 06:00:00,1707.81,1708.18,1704.61,1705.19,0
2021-03-30 07:00:00,1705.1,1708.55,1702.21,1703.13,0
2021-03-30 08:00:00,1703.13,1705.11,1695.45,1697.48,0
2021-03-30 09:00:00,1697.48,1700.7,1696.17,1698.03,0
2021-03-30 10:00:00,1698.03,1700.98,1696.11,1696.25,0
2021-03-30 11:00:00,1696.25,1696.72,1692.94,1693.27,0
2021-03-30 12:00:00,1693.26,1693.6,1686.31,1688.38,0
2021-03-30 13:00:00,1688.35,1690.52,1678.77,1683.77,0
2021-03-30 14:00:00,1683.82,1688.54,1681.62,1688.15,0
2021-03-30 15:00:00,1688.21,1688.21,1682.02,1684.32,0
2021-03-30 16:00:00,1684.32,1687.67,1682.9,1687.0,0
2021-03-30 17:00:00,1686.95,1687.22,1683.84,1685.51,0
2021-03-30 18:00:00,1685.55,1686.73,1684.11,1684.15,0
2021-03-30 19:00:00,1684.17,1684.69,1681.68,1681.7,0
2021-03-30 20:00:00,1681.73,1684.39,1681.58,1682.23,0
2021-03-30 21:00:00,1682.28,1685.28,1682.25,1684.85,0
2021-03-30 23:00:00,1684.9,1685.9,1682.81,1683.4,0
2021-03-31 00:00:00,1683.35,1685.6,1682.96,1685.52,0
2021-03-31 01:00:00,1685.52,1686.47,1683.5,1684.16,0
2021-03-31 02:00:00,1684.16,1686.39,1678.65,1682.3,0
2021-03-31 03:00:00,1682.26,1683.05,1677.89,1678.34,0
2021-03-31 04:00:00,1678.37,1680.72,1677.93,1679.47,0
2021-03-31 05:00:00,1679.47,1680.48,1678.62,1679.39,0
2021-03-31 06:00:00,1679.39,1683.83,1678.56,1683.71,0
2021-03-31 07:00:00,1683.69,1688.82,1681.83,1686.5,0
2021-03-31 08:00:00,1686.5,1688.13,1683.81,1684.2,0
2021-03-31 09:00:00,1684.22,1686.85,1682.65,1686.1,0
2021-03-31 10:00:00,1686.06,1686.92,1684.79,1685.83,0
2021-03-31 11:00:00,1685.83,1689.13,1685.41,1687.13,0
2021-03-31 12:00:00,1687.13,1688.75,1684.53,1684.84,0
2021-03-31 13:00:00,1684.86,1689.59,1682.3,1687.48,0
2021-03-31 14:00:00,1687.48,1697.99,1686.89,1697.28,0
2021-03-31 15:00:00,1697.31,1706.2,1693.82,1704.01,0
2021-03-31 16:00:00,1704.01,1708.74,1701.83,1708.12,0
2021-03-31 17:00:00,1708.11,1712.46,1707.25,1711.95,0
2021-03-31 18:00:00,1711.97,1715.31,1710.64,1710.89,0
2021-03-31 19:00:00,1710.89,1711.17,1707.23,1707.91,0
2021-03-31 20:00:00,1707.91,1709.38,1706.49,1707.86,0
2021-03-31 21:00:00,1707.92,1708.39,1705.95,1707.39,0
2021-03-31 23:00:00,1707.04,1708.77,1706.82,1707.91,0
2021-04-01 00:00:00,1707.91,1709.13,1707.24,1707.45,0
2021-04-01 01:00:00,1707.42,1708.18,1705.83,1706.88,0
2021-04-01 02:00:00,1706.87,1710.96,1705.76,1710.67,0
2021-04-01 03:00:00,1710.72,1712.19,1709.26,1712.1,0
2021-04-01 04:00:00,1712.1,1714.16,1712.0,1712.82,0
2021-04-01 05:00:00,1712.82,1713.27,1710.71,1711.25,0
2021-04-01 06:00:00,1711.17,1715.04,1710.14,1714.57,0
2021-04-01 07:00:00,1714.57,1717.68,1711.74,1715.37,0
2021-04-01 08:00:00,1715.37,1719.96,1714.73,1718.52,0
2021-04-01 09:00:00,1718.52,1719.71,1715.61,1716.23,0
2021-04-01 10:00:00,1716.22,1717.0,1713.11,1714.8,0
2021-04-01 11:00:00,1714.83,1715.87,1713.02,1713.16,0
2021-04-01 12:00:00,1713.16,1717.39,1710.43,1716.92,0
2021-04-01 13:00:00,1716.95,1720.16,1715.6,1718.84,0
2021-04-01 14:00:00,1718.84,1728.16,1718.84,1724.68,0
2021-04-01 15:00:00,1724.68,1729.42,1721.52,1728.74,0
2021-04-01 16:00:00,1728.74,1730.14,1727.68,1728.35,0
2021-04-01 17:00:00,1728.35,1728.35,1725.23,1725.96,0
2021-04-01 18:00:00,1725.95,1729.73,1725.72,1728.19,0
2021-04-01 19:00:00,1728.22,1728.4,1726.4,1726.66,0
2021-04-01 20:00:00,1726.66,1730.17,1726.34,1729.11,0
2021-04-01 21:00:00,1729.11,1730.5,1728.11,1729.77,0
2021-04-04 23:00:00,1727.63,1729.89,1727.6,1728.28,0
2021-04-05 00:00:00,1728.28,1729.6,1726.88,1728.1,0
2021-04-05 01:00:00,1728.07,1728.59,1726.58,1727.89,0
2021-04-05 02:00:00,1727.89,1729.91,1727.73,1727.76,0
2021-04-05 03:00:00,1727.76,1728.6,1724.48,1725.4,0
2021-04-05 04:00:00,1725.4,1725.99,1724.42,1724.96,0
2021-04-05 05:00:00,1724.96,1725.02,1723.75,1724.52,0
2021-04-05 06:00:00,1724.51,1725.62,1722.25,1722.57,0
2021-04-05 07:00:00,1722.51,1726.52,1721.31,1726.11,0
2021-04-05 08:00:00,1726.12,1728.05,1724.74,1726.58,0
2021-04-05 09:00:00,1726.58,1728.57,1725.02,1725.46,0
2021-04-05 10:00:00,1725.46,1726.13,1724.5,1725.7,0
2021-04-05 11:00:00,1725.7,1726.11,1723.26,1724.32,0
2021-04-05 12:00:00,1724.32,1727.39,1724.32,1724.95,0
2021-04-05 13:00:00,1724.99,1729.72,1721.88,1723.26,0
2021-04-05 14:00:00,1723.26,1727.67,1722.42,1727.19,0
2021-04-05 15:00:00,1727.06,1729.98,1725.92,1728.98,0
2021-04-05 16:00:00,1728.98,1733.56,1725.58,1730.42,0
2021-04-05 17:00:00,1730.42,1730.69,1727.97,1728.15,0
2021-04-05 18:00:00,1728.15,1728.49,1725.31,1725.37,0
2021-04-05 19:00:00,1725.37,1728.05,1725.03,1725.9,0
2021-04-05 20:00:00,1725.89,1728.51,1725.86,1728.11,0
2021-04-05 21:00:00,1728.11,1728.58,1727.36,1728.27,0
2021-04-05 23:00:00,1728.26,1728.86,1727.17,1727.26,0
2021-04-06 00:00:00,1727.26,1729.65,1727.24,1729.39,0
2021-04-06 01:00:00,1729.31,1730.84,1727.57,1729.17,0
2021-04-06 02:00:00,1729.17,1735.44,1728.46,1734.27,0
2021-04-06 03:00:00,1734.32,1734.9,1733.15,1734.43,0
2021-04-06 04:00:00,1734.43,1734.62,1732.63,1733.52,0
2021-04-06 05:00:00,1733.52,1736.05,1733.22,1735.77,0
2021-04-06 06:00:00,1735.74,1737.68,1734.97,1737.58,0
2021-04-06 07:00:00,1737.6,1738.65,1729.77,1730.16,0
2021-04-06 08:00:00,1730.16,1733.47,1727.78,1733.47,0
2021-04-06 09:00:00,1733.48,1734.48,1729.53,1732.6,0
2021-04-06 10:00:00,1732.6,1733.71,1730.34,1732.07,0
2021-04-06 11:00:00,1732.07,1733.06,1731.01,1732.85,0
2021-04-06 12:00:00,1732.85,1737.01,1732.53,1736.3,0
2021-04-06 13:00:00,1736.35,1739.04,1734.2,1735.83,0
2021-04-06 14:00:00,1735.94,1742.03,1734.15,1740.71,0
2021-04-06 15:00:00,1740.66,1744.55,1739.7,1743.51,0
2021-04-06 16:00:00,1743.51,1745.5,1742.22,1745.24,0
2021-04-06 17:00:00,1745.26,1745.42,1742.64,1743.3,0
2021-04-06 18:00:00,1743.31,1743.89,1740.03,1743.8,0
2021-04-06 19:00:00,1743.8,1744.36,1742.41,1743.41,0
2021-04-06 20:00:00,1743.41,1744.53,1741.11,1742.54,0
2021-04-06 21:00:00,1742.52,1744.19,1742.18,1743.36,0
2021-04-06 23:00:00,1742.81,1744.34,1742.62,1743.01,0
2021-04-07 00:00:00,1743.01,1743.87,1742.42,1743.25,0
2021-04-07 01:00:00,1743.25,1743.35,1740.55,1741.09,0
2021-04-07 02:00:00,1741.09,1741.73,1737.1,1737.27,0
2021-04-07 03:00:00,1737.28,1738.61,1735.81,1736.5,0
2021-04-07 04:00:00,1736.5,1738.42,1736.24,1738.22,0
2021-04-07 05:00:00,1738.22,1739.22,1738.12,1739.19,0
2021-04-07 06:00:00,1739.17,1739.26,1737.03,1737.77,0
2021-04-07 07:00:00,1737.81,1742.36,1736.21,1741.3,0
2021-04-07 08:00:00,1741.3,1741.99,1739.43,1740.99,0
2021-04-07 09:00:00,1740.99,1741.18,1736.5,1738.0,0
2021-04-07 10:00:00,1738.0,1738.4,1736.21,1737.78,0
2021-04-07 11:00:00,1737.78,1739.28,1735.87,1738.27,0
2021-04-07 12:00:00,1738.29,1738.36,1733.8,1734.59,0
2021-04-07 13:00:00,1734.7,1739.0,1730.62,1737.87,0
2021-04-07 14:00:00,1737.85,1740.15,1734.62,1740.0,0
2021-04-07 15:00:00,1740.07,1742.1,1737.14,1741.25,0
2021-04-07 16:00:00,1741.19,1743.25,1738.84,1741.4,0
2021-04-07 17:00:00,1741.4,1741.69,1740.0,1740.49,0
2021-04-07 18:00:00,1740.49,1742.02,1739.22,1740.31,0
2021-04-07 19:00:00,1740.31,1742.57,1738.57,1739.19,0
2021-04-07 20:00:00,1739.19,1739.59,1735.57,1737.41,0
2021-04-07 21:00:00,1737.38,1738.13,1736.17,1737.61,0
2021-04-07 23:00:00,1738.24,1738.32,1736.24,1736.67,0
2021-04-08 00:00:00,1736.71,1737.47,1735.34,1736.87,0
2021-04-08 01:00:00,1736.84,1737.3,1736.18,1736.28,0
2021-04-08 02:00:00,1736.28,1737.73,1733.15,1736.3,0
2021-04-08 03:00:00,1736.28,1737.01,1734.74,1736.86,0
2021-04-08 04:00:00,1736.89,1739.84,1736.72,1738.66,0
2021-04-08 05:00:00,1738.66,1740.26,1738.66,1739.97,0
2021-04-08 06:00:00,1739.97,1745.47,1739.57,1743.12,0
2021-04-08 07:00:00,1743.12,1744.85,1741.86,1743.28,0
2021-04-08 08:00:00,1743.28,1747.65,1742.45,1745.24,0
2021-04-08 09:00:00,1745.23,1745.78,1741.56,1743.27,0
2021-04-08 10:00:00,1743.26,1744.27,1742.23,1743.29,0
2021-04-08 11:00:00,1743.29,1747.56,1743.29,1745.87,0
2021-04-08 12:00:00,1745.88,1751.27,1745.86,1749.74,0
2021-04-08 13:00:00,1749.78,1750.26,1746.34,1747.52,0
2021-04-08 14:00:00,1747.52,1757.61,1747.43,1753.83,0
2021-04-08 15:00:00,1753.81,1758.7,1753.68,1756.4,0
2021-04-08 16:00:00,1756.41,1757.08,1753.66,1755.79,0
2021-04-08 17:00:00,1755.77,1757.64,1755.27,1757.04,0
2021-04-08 18:00:00,1757.04,1757.58,1754.77,1754.87,0
2021-04-08 19:00:00,1754.87,1755.47,1754.53,1754.96,0
2021-04-08 20:00:00,1754.96,1755.95,1754.19,1755.88,0
2021-04-08 21:00:00,1755.88,1757.66,1755.48,1755.48,0
2021-04-08 23:00:00,1755.54,1755.96,1754.1,1754.84,0
2021-04-09 00:00:00,1754.84,1755.72,1753.98,1754.19,0
2021-04-09 01:00:00,1754.19,1755.22,1753.2,1755.18,0
2021-04-09 02:00:00,1755.18,1757.35,1753.94,1756.63,0
2021-04-09 03:00:00,1756.62,1756.62,1752.51,1752.7,0
2021-04-09 04:00:00,1752.7,1753.38,1751.4,1753.16,0
2021-04-09 05:00:00,1753.17,1753.61,1751.64,1752.16,0
2021-04-09 06:00:00,1752.17,1752.68,1749.4,1750.45,0
2021-04-09 07:00:00,1750.44,1750.8,1747.66,1748.9,0
2021-04-09 08:00:00,1748.9,1748.9,1744.08,1747.53,0
2021-04-09 09:00:00,1747.53,1747.62,1744.04,1745.49,0
2021-04-09 10:00:00,1745.49,1747.58,1745.02,1745.95,0
2021-04-09 11:00:00,1745.95,1746.87,1743.59,1745.6,0
2021-04-09 12:00:00,1745.6,1748.96,1744.64,1744.79,0
2021-04-09 13:00:00,1744.79,1745.14,1735.76,1738.2,0
2021-04-09 14:00:00,1738.31,1741.85,1731.23,1739.75,0
2021-04-09 15:00:00,1739.75,1746.84,1739.42,1745.07,0
2021-04-09 16:00:00,1745.07,1746.07,1742.43,1744.73,0
2021-04-09 17:00:00,1744.73,1746.38,1744.11,1745.05,0
2021-04-09 18:00:00,1745.05,1745.73,1743.73,1743.75,0
2021-04-09 19:00:00,1743.75,1743.93,1741.4,1743.18,0
2021-04-09 20:00:00,1743.18,1743.81,1741.89,1743.0,0
2021-04-09 21:00:00,1743.0,1744.02,1742.51,1743.86,0
2021-04-11 23:00:00,1743.59,1743.64,1741.44,1741.59,0
2021-04-12 00:00:00,1741.63,1742.64,1740.52,1741.69,0
2021-04-12 01:00:00,1741.64,1742.65,1740.51,1741.74,0
2021-04-12 02:00:00,1741.89,1743.45,1738.69,1739.34,0
2021-04-12 03:00:00,1739.34,1739.68,1736.78,1739.44,0
2021-04-12 04:00:00,1739.43,1740.21,1737.3,1738.69,0
2021-04-12 05:00:00,1738.69,1739.1,1737.73,1738.54,0
2021-04-12 06:00:00,1738.54,1738.71,1735.24,1738.45,0
2021-04-12 07:00:00,1738.46,1742.08,1738.14,1740.91,0
2021-04-12 08:00:00,1740.91,1742.14,1738.24,1739.15,0
2021-04-12 09:00:00,1739.15,1739.74,1737.13,1737.9,0
2021-04-12 10:00:00,1737.9,1743.26,1737.83,1741.39,0
2021-04-12 11:00:00,1741.39,1742.37,1740.28,1740.65,0
2021-04-12 12:00:00,1740.65,1744.18,1740.43,1742.38,0
2021-04-12 13:00:00,1742.38,1745.08,1738.83,1738.87,0
2021-04-12 14:00:00,1738.87,1740.3,1732.12,1733.46,0
2021-04-12 15:00:00,1733.46,1736.6,1730.5,1734.04,0
2021-04-12 16:00:00,1734.04,1736.2,1731.44,1732.19,0
2021-04-12 17:00:00,1732.19,1733.39,1730.71,1732.98,0
2021-04-12 18:00:00,1732.99,1733.98,1731.6,1731.76,0
2021-04-12 19:00:00,1731.76,1732.42,1727.39,1730.4,0
2021-04-12 20:00:00,1730.4,1732.57,1729.89,1732.51,0
2021-04-12 21:00:00,1732.52,1733.01,1731.79,1732.81,0
2021-04-12 23:00:00,1733.06,1733.65,1732.04,1732.66,0
2021-04-13 00:00:00,1732.66,1733.25,1731.88,1731.98,0
2021-04-13 01:00:00,1732.01,1732.13,1729.7,1730.59,0
2021-04-13 02:00:00,1730.59,1733.91,1728.07,1733.25,0
2021-04-13 03:00:00,1733.25,1736.45,1733.08,1735.87,0
2021-04-13 04:00:00,1735.87,1736.06,1731.32,1731.79,0
2021-04-13 05:00:00,1731.79,1732.22,1728.53,1729.94,0
2021-04-13 06:00:00,1729.95,1730.75,1724.99,1727.64,0
2021-04-13 07:00:00,1727.7,1727.81,1723.78,1724.45,0
2021-04-13 08:00:00,1724.43,1728.46,1723.73,1727.68,0
2021-04-13 09:00:00,1727.68,1728.93,1726.07,1728.37,0
2021-04-13 10:00:00,1728.38,1730.21,1725.99,1726.43,0
2021-04-13 11:00:00,1726.43,1727.6,1724.65,1725.98,0
2021-04-13 12:00:00,1725.98,1730.33,1725.68,1729.17,0
2021-04-13 13:00:00,1729.16,1742.21,1728.6,1736.43,0
2021-04-13 14:00:00,1736.44,1748.95,1736.4,1748.14,0
2021-04-13 15:00:00,1748.13,1748.75,1740.28,1743.03,0
2021-04-13 16:00:00,1743.03,1744.27,1741.0,1743.82,0
2021-04-13 17:00:00,1743.82,1745.37,1741.78,1742.58,0
2021-04-13 18:00:00,1742.6,1747.67,1742.58,1745.04,0
2021-04-13 19:00:00,1745.04,1746.64,1744.04,1745.28,0
2021-04-13 20:00:00,1745.28,1746.17,1744.11,1744.96,0
2021-04-13 21:00:00,1744.94,1745.94,1744.56,1745.39,0
2021-04-13 23:00:00,1746.05,1746.47,1744.17,1745.19,0
2021-04-14 00:00:00,1745.19,1747.0,1745.11,1746.68,0
2021-04-14 01:00:00,1746.68,1747.31,1745.16,1747.05,0
2021-04-14 02:00:00,1747.1,1749.38,1744.51,1745.75,0
2021-04-14 03:00:00,1745.78,1746.62,1743.89,1745.15,0
2021-04-14 04:00:00,1745.15,1745.26,1743.58,1743.95,0
2021-04-14 05:00:00,1743.94,1744.4,1742.81,1742.88,0
2021-04-14 06:00:00,1742.86,1744.35,1740.8,1743.74,0
2021-04-14 07:00:00,1743.94,1748.33,1743.27,1747.18,0
2021-04-14 08:00:00,1747.17,1748.76,1743.8,1744.75,0
2021-04-14 09:00:00,1744.75,1748.19,1744.5,1745.7,0
2021-04-14 10:00:00,1745.71,1746.68,1742.07,1743.34,0
2021-04-14 11:00:00,1743.34,1744.87,1741.78,1742.36,0
2021-04-14 12:00:00,1742.36,1745.3,1741.71,1744.79,0
2021-04-14 13:00:00,1744.79,1747.11,1744.22,1744.39,0
2021-04-14 14:00:00,1744.38,1744.8,1733.99,1736.53,0
2021-04-14 15:00:00,1736.55,1740.47,1732.61,1737.17,0
2021-04-14 16:00:00,1737.12,1737.97,1733.83,1736.5,0
2021-04-14 17:00:00,1736.5,1737.9,1735.54,1736.55,0
2021-04-14 18:00:00,1736.55,1736.78,1734.99,1735.6,0
2021-04-14 19:00:00,1735.57,1736.8,1734.06,1736.31,0
2021-04-14 20:00:00,1736.3,1737.67,1735.89,1736.99,0
2021-04-14 21:00:00,1736.94,1737.05,1736.08,1736.34,0
2021-04-14 23:00:00,1736.58,1736.86,1735.69,1735.99,0
2021-04-15 00:00:00,1735.99,1736.67,1735.33,1736.67,0
2021-04-15 01:00:00,1736.66,1739.57,1736.46,1738.73,0
2021-04-15 02:00:00,1738.71,1740.51,1734.35,1735.22,0
2021-04-15 03:00:00,1735.22,1738.93,1734.73,1738.35,0
2021-04-15 04:00:00,1738.35,1739.81,1737.81,1738.5,0
2021-04-15 05:00:00,1738.5,1740.25,1737.88,1739.81,0
2021-04-15 06:00:00,1739.81,1743.06,1739.81,1741.72,0
2021-04-15 07:00:00,1741.63,1746.0,1741.56,1745.87,0
2021-04-15 08:00:00,1745.87,1747.93,1745.37,1745.67,0
2021-04-15 09:00:00,1745.64,1747.92,1744.27,1747.92,0
2021-04-15 10:00:00,1747.91,1749.22,1746.75,1747.37,0
2021-04-15 11:00:00,1747.37,1747.59,1745.54,1746.66,0
2021-04-15 12:00:00,1746.66,1747.6,1744.54,1744.75,0
2021-04-15 13:00:00,1744.75,1752.29,1744.75,1746.84,0
2021-04-15 14:00:00,1746.84,1756.72,1745.89,1754.58,0
2021-04-15 15:00:00,1754.59,1766.82,1754.59,1764.84,0
2021-04-15 16:00:00,1764.84,1769.68,1764.68,1766.51,0
2021-04-15 17:00:00,1766.61,1769.33,1766.61,1767.5,0
2021-04-15 18:00:00,1767.5,1768.14,1765.12,1766.45,0
2021-04-15 19:00:00,1766.45,1768.09,1765.75,1767.03,0
2021-04-15 20:00:00,1767.03,1767.15,1763.8,1764.94,0
2021-04-15 21:00:00,1764.93,1765.07,1763.06,1763.63,0
2021-04-15 23:00:00,1763.73,1764.83,1763.37,1763.75,0
2021-04-16 00:00:00,1763.75,1764.45,1762.93,1763.93,0
2021-04-16 01:00:00,1763.91,1766.11,1762.37,1762.67,0
2021-04-16 02:00:00,1762.69,1764.01,1761.51,1762.12,0
2021-04-16 03:00:00,1762.14,1762.4,1759.81,1761.42,0
2021-04-16 04:00:00,1761.42,1763.36,1760.9,1763.19,0
2021-04-16 05:00:00,1763.19,1765.02,1762.95,1764.91,0
2021-04-16 06:00:00,1764.91,1766.27,1764.07,1766.1,0
2021-04-16 07:00:00,1766.12,1766.2,1761.53,1762.58,0
2021-04-16 08:00:00,1762.58,1765.82,1761.58,1764.2,0
2021-04-16 09:00:00,1764.13,1767.25,1762.72,1766.08,0
2021-04-16 10:00:00,1766.07,1771.34,1765.43,1771.14,0
2021-04-16 11:00:00,1771.14,1778.87,1770.31,1778.29,0
2021-04-16 12:00:00,1778.29,1779.39,1776.11,1778.65,0
2021-04-16 13:00:00,1778.57,1783.87,1778.07,1780.8,0
2021-04-16 14:00:00,1780.8,1782.37,1772.01,1772.7,0
2021-04-16 15:00:00,1772.76,1780.73,1772.63,1779.31,0
2021-04-16 16:00:00,1779.38,1780.08,1777.46,1778.88,0
2021-04-16 17:00:00,1778.88,1780.08,1776.8,1779.98,0
2021-04-16 18:00:00,1779.98,1780.33,1777.72,1778.16,0
2021-04-16 19:00:00,1778.16,1778.63,1777.38,1778.14,0
2021-04-16 20:00:00,1778.13,1779.02,1774.52,1775.96,0
2021-04-16 21:00:00,1775.92,1777.0,1774.82,1776.93,0
2021-04-18 23:00:00,1776.91,1776.91,1775.29,1775.34,0
2021-04-19 00:00:00,1775.36,1778.13,1774.82,1776.75,0
2021-04-19 01:00:00,1776.75,1783.63,1776.26,1782.13,0
2021-04-19 02:00:00,1782.2,1783.29,1773.13,1775.15,0
2021-04-19 03:00:00,1775.15,1779.07,1775.12,1779.07,0
2021-04-19 04:00:00,1779.04,1779.65,1777.21,1777.34,0
2021-04-19 05:00:00,1777.33,1778.25,1776.56,1777.91,0
2021-04-19 06:00:00,1777.91,1779.67,1776.75,1777.81,0
2021-04-19 07:00:00,1777.81,1781.39,1775.36,1779.91,0
2021-04-19 08:00:00,1779.82,1787.3,1777.78,1787.05,0
2021-04-19 09:00:00,1787.07,1788.62,1784.76,1787.05,0
2021-04-19 10:00:00,1787.06,1789.95,1786.36,1788.62,0
2021-04-19 11:00:00,1788.58,1790.06,1786.88,1787.51,0
2021-04-19 12:00:00,1787.51,1788.07,1778.65,1782.15,0
2021-04-19 13:00:00,1782.18,1782.36,1774.91,1776.19,0
2021-04-19 14:00:00,1776.1,1776.96,1766.75,1773.72,0
2021-04-19 15:00:00,1773.66,1775.99,1770.92,1775.84,0
2021-04-19 16:00:00,1775.84,1776.74,1771.91,1772.2,0
2021-04-19 17:00:00,1772.17,1772.87,1769.0,1771.46,0
2021-04-19 18:00:00,1771.5,1772.09,1769.59,1771.59,0
2021-04-19 19:00:00,1771.59,1771.82,1769.79,1771.62,0
2021-04-19 20:00:00,1771.52,1771.52,1769.79,1770.91,0
2021-04-19 21:00:00,1770.85,1771.42,1769.96,1771.38,0
2021-04-19 23:00:00,1771.06,1771.46,1770.33,1771.39,0
2021-04-20 00:00:00,1771.39,1772.56,1770.52,1772.15,0
2021-04-20 01:00:00,1772.15,1772.76,1768.42,1768.75,0
2021-04-20 02:00:00,1768.75,1772.17,1767.55,1770.48,0
2021-04-20 03:00:00,1770.48,1770.48,1765.59,1768.69,0
2021-04-20 04:00:00,1768.7,1775.68,1768.32,1773.28,0
2021-04-20 05:00:00,1773.3,1773.53,1771.23,1772.36,0
2021-04-20 06:00:00,1772.34,1772.62,1768.99,1771.49,0
2021-04-20 07:00:00,1771.49,1772.11,1767.25,1770.25,0
2021-04-20 08:00:00,1770.25,1774.32,1767.27,1771.91,0
2021-04-20 09:00:00,1771.91,1771.91,1765.25,1768.22,0
2021-04-20 10:00:00,1768.23,1770.28,1763.65,1770.16,0
2021-04-20 11:00:00,1770.22,1772.01,1767.38,1770.98,0
2021-04-20 12:00:00,1770.97,1775.63,1770.67,1773.31,0
2021-04-20 13:00:00,1773.28,1773.89,1766.13,1769.54,0
2021-04-20 14:00:00,1769.55,1773.81,1766.09,1773.57,0
2021-04-20 15:00:00,1773.62,1778.32,1773.06,1775.62,0
2021-04-20 16:00:00,1775.62,1779.99,1773.51,1778.78,0
2021-04-20 17:00:00,1778.76,1780.47,1777.25,1778.02,0
2021-04-20 18:00:00,1778.04,1779.72,1777.37,1777.63,0
2021-04-20 19:00:00,1777.64,1778.73,1776.96,1777.83,0
2021-04-20 20:00:00,1777.83,1779.53,1777.32,1777.4,0
2021-04-20 21:00:00,1777.38,1779.26,1777.21,1778.75,0
2021-04-20 23:00:00,1778.07,1778.91,1777.6,1778.31,0
2021-04-21 00:00:00,1778.31,1778.41,1776.24,1776.77,0
2021-04-21 01:00:00,1776.77,1780.06,1776.54,1777.39,0
2021-04-21 02:00:00,1777.38,1782.5,1777.06,1780.95,0
2021-04-21 03:00:00,1780.92,1782.8,1779.72,1782.72,0
2021-04-21 04:00:00,1782.72,1784.73,1781.81,1782.07,0
2021-04-21 05:00:00,1782.07,1782.55,1780.36,1781.17,0
2021-04-21 06:00:00,1781.17,1785.73,1780.78,1784.75,0
2021-04-21 07:00:00,1784.77,1788.16,1783.23,1787.97,0
2021-04-21 08:00:00,1787.97,1788.4,1780.71,1782.07,0
2021-04-21 09:00:00,1782.07,1783.95,1777.98,1778.61,0
2021-04-21 10:00:00,1778.56,1779.74,1777.91,1779.31,0
2021-04-21 11:00:00,1779.34,1781.54,1777.78,1780.14,0
2021-04-21 12:00:00,1780.15,1784.29,1780.1,1782.93,0
2021-04-21 13:00:00,1782.93,1787.88,1781.82,1786.42,0
2021-04-21 14:00:00,1786.42,1797.68,1783.45,1795.97,0
2021-04-21 15:00:00,1795.87,1797.65,1789.31,1791.19,0
2021-04-21 16:00:00,1791.19,1794.94,1789.2,1792.96,0
2021-04-21 17:00:00,1792.95,1794.66,1789.98,1790.82,0
2021-04-21 18:00:00,1790.84,1793.41,1790.79,1792.06,0
2021-04-21 19:00:00,1792.06,1793.37,1791.0,1793.18,0
2021-04-21 20:00:00,1793.14,1795.28,1792.38,1794.52,0
2021-04-21 21:00:00,1794.51,1794.66,1793.5,1793.69,0
2021-04-21 23:00:00,1794.08,1794.28,1793.69,1794.06,0
2021-04-22 00:00:00,1794.06,1795.1,1793.57,1793.59,0
2021-04-22 01:00:00,1793.59,1794.32,1792.43,1793.96,0
2021-04-22 02:00:00,1793.96,1797.87,1793.14,1796.19,0
2021-04-22 03:00:00,1796.19,1796.19,1792.96,1793.93,0
2021-04-22 04:00:00,1793.93,1795.23,1792.88,1793.43,0
2021-04-22 05:00:00,1793.43,1793.63,1790.3,1793.36,0
2021-04-22 06:00:00,1793.36,1794.71,1790.7,1791.35,0
2021-04-22 07:00:00,1791.35,1792.77,1788.22,1791.82,0
2021-04-22 08:00:00,1791.85,1793.74,1790.93,1791.37,0
2021-04-22 09:00:00,1791.37,1792.28,1789.3,1789.82,0
2021-04-22 10:00:00,1789.78,1790.69,1785.68,1787.34,0
2021-04-22 11:00:00,1787.4,1789.95,1783.76,1785.05,0
2021-04-22 12:00:00,1785.04,1789.06,1783.82,1786.22,0
2021-04-22 13:00:00,1786.22,1787.45,1782.24,1785.23,0
2021-04-22 14:00:00,1785.15,1787.97,1779.31,1787.17,0
2021-04-22 15:00:00,1787.17,1788.32,1783.23,1784.99,0
2021-04-22 16:00:00,1784.99,1785.58,1779.3,1780.8,0
2021-04-22 17:00:00,1780.8,1781.86,1777.41,1781.83,0
2021-04-22 18:00:00,1781.83,1783.74,1780.47,1782.39,0
2021-04-22 19:00:00,1782.39,1783.02,1778.73,1782.62,0
2021-04-22 20:00:00,1782.62,1783.95,1781.4,1783.51,0
2021-04-22 21:00:00,1783.52,1784.49,1783.11,1784.1,0
2021-04-22 23:00:00,1783.85,1786.15,1783.5,1783.86,0
2021-04-23 00:00:00,1783.86,1785.64,1783.0,1783.14,0
2021-04-23 01:00:00,1783.14,1784.52,1782.91,1784.01,0
2021-04-23 02:00:00,1784.01,1789.68,1783.23,1788.76,0
2021-04-23 03:00:00,1788.67,1788.83,1786.76,1787.27,0
2021-04-23 04:00:00,1787.27,1787.48,1785.97,1786.01,0
2021-04-23 05:00:00,1786.01,1787.02,1784.21,1784.89,0
2021-04-23 06:00:00,1784.88,1785.28,1782.72,1784.8,0
2021-04-23 07:00:00,1784.8,1786.76,1782.69,1785.01,0
2021-04-23 08:00:00,1785.01,1786.91,1781.61,1783.06,0
2021-04-23 09:00:00,1783.03,1785.38,1781.9,1784.66,0
2021-04-23 10:00:00,1784.66,1787.26,1783.99,1786.51,0
2021-04-23 11:00:00,1786.35,1788.38,1785.37,1787.5,0
2021-04-23 12:00:00,1787.5,1791.78,1785.29,1791.15,0
2021-04-23 13:00:00,1791.12,1795.19,1790.68,1793.58,0
2021-04-23 14:00:00,1793.58,1796.03,1781.07,1781.65,0
2021-04-23 15:00:00,1781.64,1782.47,1769.99,1774.19,0
2021-04-23 16:00:00,1774.12,1778.0,1773.61,1776.49,0
2021-04-23 17:00:00,1776.47,1778.29,1775.56,1777.6,0
2021-04-23 18:00:00,1777.58,1779.34,1776.86,1777.58,0
2021-04-23 19:00:00,1777.58,1778.05,1775.97,1776.74,0
2021-04-23 20:00:00,1776.63,1776.88,1775.48,1776.37,0
2021-04-23 21:00:00,1776.37,1777.03,1775.85,1776.56,0
2021-04-25 23:00:00,1775.4,1776.02,1774.51,1774.69,0
2021-04-26 00:00:00,1774.71,1775.7,1773.88,1774.86,0
2021-04-26 01:00:00,1774.9,1779.17,1774.83,1778.36,0
2021-04-26 02:00:00,1778.39,1781.2,1778.0,1780.64,0
2021-04-26 03:00:00,1780.61,1781.85,1779.1,1780.74,0
2021-04-26 04:00:00,1780.74,1782.93,1779.76,1781.1,0
2021-04-26 05:00:00,1781.1,1781.37,1780.25,1780.34,0
2021-04-26 06:00:00,1780.34,1783.54,1779.91,1779.95,0
2021-04-26 07:00:00,1779.94,1780.13,1774.97,1776.22,0
2021-04-26 08:00:00,1776.19,1779.38,1775.8,1778.62,0
2021-04-26 09:00:00,1778.63,1781.79,1778.47,1779.62,0
2021-04-26 10:00:00,1779.61,1782.22,1778.93,1781.17,0
2021-04-26 11:00:00,1781.18,1782.28,1778.83,1779.48,0
2021-04-26 12:00:00,1779.47,1779.75,1774.92,1776.56,0
2021-04-26 13:00:00,1776.54,1777.97,1768.72,1776.62,0
2021-04-26 14:00:00,1776.62,1780.09,1774.31,1776.09,0
2021-04-26 15:00:00,1776.33,1780.27,1772.59,1777.75,0
2021-04-26 16:00:00,1777.74,1779.57,1777.06,1778.95,0
2021-04-26 17:00:00,1778.94,1780.06,1777.9,1778.81,0
2021-04-26 18:00:00,1778.81,1780.81,1778.81,1779.66,0
2021-04-26 19:00:00,1779.67,1780.41,1779.26,1779.79,0
2021-04-26 20:00:00,1779.79,1781.32,1779.78,1780.93,0
2021-04-26 21:00:00,1780.93,1782.51,1780.54,1781.33,0
2021-04-26 23:00:00,1781.19,1781.89,1780.69,1781.54,0
2021-04-27 00:00:00,1781.56,1781.86,1780.01,1780.04,0
2021-04-27 01:00:00,1780.05,1782.38,1779.81,1781.33,0
2021-04-27 02:00:00,1781.33,1784.03,1773.72,1775.15,0
2021-04-27 03:00:00,1775.14,1778.14,1774.56,1778.05,0
2021-04-27 04:00:00,1778.05,1780.17,1777.8,1779.85,0
2021-04-27 05:00:00,1779.85,1781.79,1779.5,1781.51,0
2021-04-27 06:00:00,1781.51,1783.24,1780.14,1783.07,0
2021-04-27 07:00:00,1783.07,1783.42,1779.63,1780.15,0
2021-04-27 08:00:00,1780.17,1781.93,1777.85,1778.26,0
2021-04-27 09:00:00,1778.26,1780.26,1776.07,1779.25,0
2021-04-27 10:00:00,1779.25,1781.77,1778.38,1781.48,0
2021-04-27 11:00:00,1781.48,1782.06,1779.48,1781.66,0
2021-04-27 12:00:00,1781.66,1783.22,1779.91,1782.55,0
2021-04-27 13:00:00,1782.58,1785.56,1780.55,1783.05,0
2021-04-27 14:00:00,1783.08,1785.46,1777.86,1782.93,0
2021-04-27 15:00:00,1783.13,1784.52,1779.01,1781.09,0
2021-04-27 16:00:00,1781.09,1781.79,1777.64,1778.14,0
2021-04-27 17:00:00,1778.13,1779.92,1777.74,1778.23,0
2021-04-27 18:00:00,1778.24,1779.9,1776.85,1777.21,0
2021-04-27 19:00:00,1777.21,1777.53,1775.65,1776.73,0
2021-04-27 20:00:00,1776.74,1777.73,1775.46,1776.6,0
2021-04-27 21:00:00,1776.59,1777.14,1775.51,1776.57,0
2021-04-27 23:00:00,1776.69,1777.08,1775.46,1775.5,0
2021-04-28 00:00:00,1775.58,1776.34,1775.34,1775.47,0
2021-04-28 01:00:00,1775.45,1775.48,1769.88,1771.83,0
2021-04-28 02:00:00,1771.78,1771.78,1766.43,1769.63,0
2021-04-28 03:00:00,1769.63,1773.08,1769.24,1771.61,0
2021-04-28 04:00:00,1771.51,1772.27,1771.0,1771.86,0
2021-04-28 05:00:00,1771.86,1772.1,1771.02,1771.04,0
2021-04-28 06:00:00,1771.04,1771.88,1768.75,1769.51,0
2021-04-28 07:00:00,1769.53,1770.46,1767.65,1768.53,0
2021-04-28 08:00:00,1768.53,1769.74,1766.22,1769.46,0
2021-04-28 09:00:00,1769.45,1770.6,1768.13,1769.78,0
2021-04-28 10:00:00,1769.79,1770.0,1763.4,1766.33,0
2021-04-28 11:00:00,1766.19,1767.73,1764.43,1765.77,0
2021-04-28 12:00:00,1765.77,1769.05,1765.66,1766.77,0
2021-04-28 13:00:00,1766.77,1769.86,1762.6,1769.55,0
2021-04-28 14:00:00,1769.52,1773.97,1766.95,1773.72,0
2021-04-28 15:00:00,1773.82,1774.86,1771.38,1772.1,0
2021-04-28 16:00:00,1772.09,1775.81,1771.48,1774.51,0
2021-04-28 17:00:00,1774.53,1775.74,1773.84,1774.66,0
2021-04-28 18:00:00,1774.68,1775.11,1772.46,1773.73,0
2021-04-28 19:00:00,1773.73,1782.4,1770.34,1781.62,0
2021-04-28 20:00:00,1781.62,1782.17,1779.1,1781.93,0
2021-04-28 21:00:00,1781.93,1782.59,1781.17,1781.73,0
2021-04-28 23:00:00,1781.56,1783.2,1781.12,1782.91,0
2021-04-29 00:00:00,1782.91,1784.04,1782.51,1783.91,0
2021-04-29 01:00:00,1783.85,1785.69,1783.46,1784.68,0
2021-04-29 02:00:00,1784.68,1789.66,1784.06,1788.93,0
2021-04-29 03:00:00,1788.93,1789.97,1786.06,1786.67,0
2021-04-29 04:00:00,1786.67,1787.22,1784.5,1784.62,0
2021-04-29 05:00:00,1784.65,1785.24,1783.71,1785.16,0
2021-04-29 06:00:00,1785.06,1785.98,1783.4,1785.03,0
2021-04-29 07:00:00,1785.04,1785.3,1777.17,1778.45,0
2021-04-29 08:00:00,1778.44,1781.65,1777.84,1781.24,0
2021-04-29 09:00:00,1781.24,1781.44,1775.6,1777.36,0
2021-04-29 10:00:00,1777.37,1777.93,1774.7,1774.87,0
2021-04-29 11:00:00,1774.79,1775.48,1772.19,1774.48,0
2021-04-29 12:00:00,1774.48,1777.4,1774.26,1775.9,0
2021-04-29 13:00:00,1775.96,1781.43,1774.86,1780.06,0
2021-04-29 14:00:00,1780.05,1780.33,1757.38,1757.51,0
2021-04-29 15:00:00,1757.75,1770.11,1756.09,1768.66,0
2021-04-29 16:00:00,1768.68,1769.72,1766.12,1767.03,0
2021-04-29 17:00:00,1766.94,1769.31,1766.54,1768.7,0
2021-04-29 18:00:00,1768.7,1769.66,1767.65,1768.16,0
2021-04-29 19:00:00,1768.14,1774.13,1768.08,1773.4,0
2021-04-29 20:00:00,1773.4,1774.84,1772.61,1774.81,0
2021-04-29 21:00:00,1774.73,1774.94,1771.7,1771.96,0
2021-04-29 23:00:00,1772.42,1772.62,1770.9,1771.94,0
2021-04-30 00:00:00,1771.95,1773.63,1771.95,1773.24,0
2021-04-30 01:00:00,1773.24,1773.24,1768.61,1769.76,0
2021-04-30 02:00:00,1769.76,1770.18,1766.52,1768.75,0
2021-04-30 03:00:00,1768.66,1769.25,1766.69,1767.64,0
2021-04-30 04:00:00,1767.62,1767.65,1765.47,1766.33,0
2021-04-30 05:00:00,1766.33,1769.37,1766.21,1768.8,0
2021-04-30 06:00:00,1768.8,1769.45,1766.97,1768.88,0
2021-04-30 07:00:00,1768.9,1773.26,1768.33,1772.11,0
2021-04-30 08:00:00,1772.05,1772.64,1768.32,1768.95,0
2021-04-30 09:00:00,1768.99,1772.22,1767.83,1769.62,0
2021-04-30 10:00:00,1769.62,1770.22,1767.01,1767.37,0
2021-04-30 11:00:00,1767.35,1770.34,1766.66,1770.02,0
2021-04-30 12:00:00,1770.01,1772.52,1768.63,1770.48,0
2021-04-30 13:00:00,1770.48,1771.12,1765.61,1769.38,0
2021-04-30 14:00:00,1769.42,1771.96,1766.08,1769.06,0
2021-04-30 15:00:00,1769.06,1772.05,1764.25,1770.4,0
2021-04-30 16:00:00,1770.42,1772.28,1766.4,1767.21,0
2021-04-30 17:00:00,1767.19,1768.3,1765.69,1767.83,0
2021-04-30 18:00:00,1767.82,1770.52,1766.41,1769.74,0
2021-04-30 19:00:00,1769.75,1770.37,1767.11,1768.38,0
2021-04-30 20:00:00,1768.38,1769.42,1766.55,1768.4,0
2021-04-30 21:00:00,1768.36,1769.27,1767.07,1768.88,0
2021-05-02 23:00:00,1766.81,1768.49,1766.04,1767.98,0
2021-05-03 00:00:00,1767.99,1769.1,1767.57,1769.08,0
2021-05-03 01:00:00,1769.08,1770.84,1767.36,1770.78,0
2021-05-03 02:00:00,1770.78,1772.13,1770.08,1771.63,0
2021-05-03 03:00:00,1771.64,1773.83,1771.64,1771.79,0
2021-05-03 04:00:00,1771.79,1775.68,1771.77,1774.88,0
2021-05-03 05:00:00,1774.88,1774.97,1773.51,1774.2,0
2021-05-03 06:00:00,1774.2,1774.58,1772.33,1774.26,0
2021-05-03 07:00:00,1774.26,1780.08,1772.51,1779.79,0
2021-05-03 08:00:00,1779.79,1781.52,1775.93,1776.14,0
2021-05-03 09:00:00,1776.14,1776.92,1774.56,1775.7,0
2021-05-03 10:00:00,1775.68,1779.01,1775.31,1777.74,0
2021-05-03 11:00:00,1777.65,1782.61,1777.01,1778.14,0
2021-05-03 12:00:00,1778.14,1781.79,1777.48,1781.01,0
2021-05-03 13:00:00,1781.02,1787.06,1779.27,1784.65,0
2021-05-03 14:00:00,1784.65,1792.96,1784.64,1792.11,0
2021-05-03 15:00:00,1793.12,1797.92,1792.48,1794.37,0
2021-05-03 16:00:00,1794.39,1796.06,1790.55,1792.54,0
2021-05-03 17:00:00,1792.54,1794.48,1791.87,1792.87,0
2021-05-03 18:00:00,1792.89,1793.12,1790.67,1792.08,0
2021-05-03 19:00:00,1792.08,1793.89,1791.09,1792.2,0
2021-05-03 20:00:00,1792.2,1793.12,1790.8,1791.74,0
2021-05-03 21:00:00,1791.77,1793.42,1791.56,1793.0,0
2021-05-03 23:00:00,1792.2,1793.2,1791.91,1792.02,0
2021-05-04 00:00:00,1792.06,1793.02,1791.36,1792.58,0
2021-05-04 01:00:00,1792.58,1793.2,1790.71,1791.17,0
2021-05-04 02:00:00,1791.16,1791.64,1788.82,1790.12,0
2021-05-04 03:00:00,1790.12,1791.48,1789.91,1790.4,0
2021-05-04 04:00:00,1790.4,1790.55,1788.97,1789.74,0
2021-05-04 05:00:00,1789.7,1789.84,1788.43,1788.74,0
2021-05-04 06:00:00,1788.74,1788.94,1783.96,1787.2,0
2021-05-04 07:00:00,1787.23,1787.26,1784.56,1786.41,0
2021-05-04 08:00:00,1786.4,1787.44,1784.56,1787.11,0
2021-05-04 09:00:00,1786.99,1790.54,1785.87,1785.87,0
2021-05-04 10:00:00,1785.87,1786.65,1782.71,1782.96,0
2021-05-04 11:00:00,1782.96,1784.48,1781.55,1783.73,0
2021-05-04 12:00:00,1783.73,1786.75,1780.72,1783.74,0
2021-05-04 13:00:00,1783.68,1789.17,1782.18,1788.39,0
2021-05-04 14:00:00,1788.4,1795.08,1788.4,1794.96,0
2021-05-04 15:00:00,1794.97,1799.11,1789.9,1794.66,0
2021-05-04 16:00:00,1794.68,1795.45,1773.77,1775.59,0
2021-05-04 17:00:00,1775.61,1778.53,1770.89,1775.98,0
2021-05-04 18:00:00,1775.98,1780.07,1775.82,1778.42,0
2021-05-04 19:00:00,1778.42,1779.91,1777.6,1777.6,0
2021-05-04 20:00:00,1777.6,1778.64,1776.02,1778.22,0
2021-05-04 21:00:00,1778.22,1779.93,1778.09,1778.71,0
2021-05-04 23:00:00,1778.19,1778.69,1777.45,1778.69,0
2021-05-05 00:00:00,1778.69,1779.55,1777.87,1778.59,0
2021-05-05 01:00:00,1778.59,1779.22,1776.75,1778.66,0
2021-05-05 02:00:00,1778.66,1779.77,1778.01,1779.24,0
2021-05-05 03:00:00,1779.26,1782.67,1779.16,1781.07,0
2021-05-05 04:00:00,1781.18,1783.39,1780.65,1782.67,0
2021-05-05 05:00:00,1782.67,1782.91,1780.46,1780.71,0
2021-05-05 06:00:00,1780.73,1780.87,1777.63,1778.34,0
2021-05-05 07:00:00,1778.29,1779.17,1775.45,1776.13,0
2021-05-05 08:00:00,1776.13,1778.6,1775.42,1777.82,0
2021-05-05 09:00:00,1777.82,1777.82,1774.26,1775.17,0
2021-05-05 10:00:00,1775.17,1780.13,1774.56,1778.47,0
2021-05-05 11:00:00,1778.47,1778.8,1777.0,1777.01,0
2021-05-05 12:00:00,1776.93,1780.18,1776.32,1778.34,0
2021-05-05 13:00:00,1778.34,1782.67,1770.36,1781.77,0
2021-05-05 14:00:00,1781.82,1783.31,1778.7,1781.41,0
2021-05-05 15:00:00,1781.38,1784.95,1779.31,1783.0,0
2021-05-05 16:00:00,1783.02,1784.18,1781.17,1784.18,0
2021-05-05 17:00:00,1784.18,1785.32,1782.03,1784.26,0
2021-05-05 18:00:00,1784.26,1785.7,1783.19,1784.27,0
2021-05-05 19:00:00,1784.18,1785.05,1783.02,1784.62,0
2021-05-05 20:00:00,1784.62,1786.27,1784.17,1786.17,0
2021-05-05 21:00:00,1786.17,1788.0,1785.86,1786.91,0
2021-05-05 23:00:00,1787.09,1787.42,1785.81,1785.88,0
2021-05-06 00:00:00,1785.88,1786.9,1784.61,1785.26,0
2021-05-06 01:00:00,1785.26,1786.41,1783.07,1783.39,0
2021-05-06 02:00:00,1783.4,1787.41,1781.98,1786.69,0
2021-05-06 03:00:00,1786.71,1789.94,1785.67,1789.9,0
2021-05-06 04:00:00,1789.89,1790.16,1788.6,1789.76,0
2021-05-06 05:00:00,1789.76,1789.93,1787.9,1788.63,0
2021-05-06 06:00:00,1788.54,1792.41,1788.52,1792.21,0
2021-05-06 07:00:00,1792.2,1795.05,1790.76,1793.49,0
2021-05-06 08:00:00,1793.59,1795.58,1791.31,1791.87,0
2021-05-06 09:00:00,1791.87,1795.78,1791.46,1795.19,0
2021-05-06 10:00:00,1795.19,1795.75,1792.36,1793.46,0
2021-05-06 11:00:00,1793.46,1793.51,1790.67,1791.98,0
2021-05-06 12:00:00,1791.98,1794.56,1788.28,1793.71,0
2021-05-06 13:00:00,1793.78,1796.57,1791.95,1793.66,0
2021-05-06 14:00:00,1793.66,1813.17,1790.82,1812.8,0
2021-05-06 15:00:00,1812.76,1815.56,1809.82,1815.56,0
2021-05-06 16:00:00,1815.59,1818.11,1812.68,1814.27,0
2021-05-06 17:00:00,1814.27,1816.54,1814.05,1815.77,0
2021-05-06 18:00:00,1815.8,1816.23,1813.96,1814.84,0
2021-05-06 19:00:00,1814.85,1815.36,1813.04,1813.95,0
2021-05-06 20:00:00,1813.97,1815.35,1812.82,1815.33,0
2021-05-06 21:00:00,1815.33,1816.05,1814.03,1814.91,0
2021-05-06 23:00:00,1814.64,1815.01,1813.99,1814.15,0
2021-05-07 00:00:00,1814.15,1815.71,1814.13,1814.82,0
2021-05-07 01:00:00,1814.82,1815.38,1813.3,1814.56,0
2021-05-07 02:00:00,1814.56,1816.66,1812.84,1814.68,0
2021-05-07 03:00:00,1814.68,1817.95,1813.51,1817.89,0
2021-05-07 04:00:00,1817.81,1822.27,1817.73,1820.59,0
2021-05-07 05:00:00,1820.6,1821.25,1818.54,1819.34,0
2021-05-07 06:00:00,1819.34,1821.63,1817.43,1818.1,0
2021-05-07 07:00:00,1818.1,1820.33,1817.32,1817.87,0
2021-05-07 08:00:00,1817.91,1821.51,1817.63,1819.07,0
2021-05-07 09:00:00,1819.06,1823.07,1818.59,1820.78,0
2021-05-07 10:00:00,1820.69,1820.88,1819.81,1820.26,0
2021-05-07 11:00:00,1820.26,1821.13,1819.26,1820.76,0
2021-05-07 12:00:00,1820.84,1821.31,1818.98,1820.11,0
2021-05-07 13:00:00,1820.11,1843.36,1817.3,1838.61,0
2021-05-07 14:00:00,1838.74,1841.27,1825.65,1838.54,0
2021-05-07 15:00:00,1838.55,1842.2,1828.72,1832.26,0
2021-05-07 16:00:00,1832.28,1836.57,1830.89,1835.16,0
2021-05-07 17:00:00,1835.16,1835.32,1828.94,1832.66,0
2021-05-07 18:00:00,1832.7,1832.79,1829.32,1830.55,0
2021-05-07 19:00:00,1830.55,1832.03,1829.66,1830.87,0
2021-05-07 20:00:00,1830.87,1832.27,1829.78,1832.16,0
2021-05-07 21:00:00,1832.12,1832.22,1829.94,1831.38,0
2021-05-09 23:00:00,1833.15,1833.98,1832.09,1832.8,0
2021-05-10 00:00:00,1832.82,1836.91,1832.21,1836.51,0
2021-05-10 01:00:00,1836.31,1836.38,1830.52,1833.1,0
2021-05-10 02:00:00,1833.11,1835.07,1830.02,1830.94,0
2021-05-10 03:00:00,1830.94,1834.12,1830.94,1832.94,0
2021-05-10 04:00:00,1832.94,1833.07,1831.11,1832.61,0
2021-05-10 05:00:00,1832.62,1834.9,1831.9,1834.23,0
2021-05-10 06:00:00,1834.23,1839.18,1833.84,1838.59,0
2021-05-10 07:00:00,1838.63,1839.07,1834.57,1835.39,0
2021-05-10 08:00:00,1835.39,1836.11,1833.49,1834.84,0
2021-05-10 09:00:00,1834.85,1837.25,1834.18,1836.31,0
2021-05-10 10:00:00,1836.21,1837.08,1834.64,1836.54,0
2021-05-10 11:00:00,1836.54,1840.24,1835.76,1840.09,0
2021-05-10 12:00:00,1840.01,1842.08,1837.12,1841.17,0
2021-05-10 13:00:00,1841.15,1842.98,1838.79,1842.36,0
2021-05-10 14:00:00,1842.33,1845.54,1837.73,1840.38,0
2021-05-10 15:00:00,1840.4,1842.93,1836.82,1839.51,0
2021-05-10 16:00:00,1839.4,1841.78,1835.48,1841.73,0
2021-05-10 17:00:00,1841.73,1841.96,1836.11,1837.63,0
2021-05-10 18:00:00,1837.65,1837.74,1835.5,1836.67,0
2021-05-10 19:00:00,1836.67,1837.93,1833.95,1836.05,0
2021-05-10 20:00:00,1836.05,1838.73,1834.69,1838.07,0
2021-05-10 21:00:00,1838.05,1838.72,1835.21,1835.7,0
2021-05-10 23:00:00,1836.02,1836.37,1834.72,1835.39,0
2021-05-11 00:00:00,1835.39,1836.76,1834.89,1836.19,0
2021-05-11 01:00:00,1836.16,1836.23,1832.57,1833.93,0
2021-05-11 02:00:00,1833.94,1838.42,1831.35,1836.64,0
2021-05-11 03:00:00,1836.64,1837.9,1834.86,1836.92,0
2021-05-11 04:00:00,1836.92,1837.18,1834.59,1834.81,0
2021-05-11 05:00:00,1834.81,1836.62,1834.67,1836.16,0
2021-05-11 06:00:00,1836.19,1838.12,1835.63,1836.95,0
2021-05-11 07:00:00,1836.95,1837.61,1833.23,1833.6,0
2021-05-11 08:00:00,1833.6,1835.8,1832.66,1835.2,0
2021-05-11 09:00:00,1835.2,1837.38,1834.37,1836.18,0
2021-05-11 10:00:00,1836.18,1838.71,1834.35,1838.43,0
2021-05-11 11:00:00,1838.51,1841.43,1837.81,1839.58,0
2021-05-11 12:00:00,1839.58,1841.86,1839.12,1839.63,0
2021-05-11 13:00:00,1839.57,1841.74,1825.94,1826.67,0
2021-05-11 14:00:00,1826.65,1830.19,1818.07,1829.31,0
2021-05-11 15:00:00,1829.31,1832.98,1826.5,1829.56,0
2021-05-11 16:00:00,1829.56,1833.62,1827.99,1833.38,0
2021-05-11 17:00:00,1833.41,1836.05,1832.88,1835.16,0
2021-05-11 18:00:00,1835.14,1835.99,1833.72,1835.35,0
2021-05-11 19:00:00,1835.35,1836.14,1833.48,1835.54,0
2021-05-11 20:00:00,1835.55,1838.07,1835.08,1837.78,0
2021-05-11 21:00:00,1837.77,1838.33,1836.66,1837.42,0
2021-05-11 23:00:00,1836.96,1837.3,1836.08,1837.22,0
2021-05-12 00:00:00,1837.22,1837.24,1835.45,1835.49,0
2021-05-12 01:00:00,1835.55,1836.9,1833.41,1834.4,0
2021-05-12 02:00:00,1834.36,1834.51,1829.07,1830.24,0
2021-05-12 03:00:00,1830.25,1830.51,1826.37,1826.51,0
2021-05-12 04:00:00,1826.51,1828.92,1825.95,1827.02,0
2021-05-12 05:00:00,1827.04,1830.39,1826.85,1830.06,0
2021-05-12 06:00:00,1830.05,1831.18,1828.62,1829.81,0
2021-05-12 07:00:00,1829.75,1834.48,1828.75,1834.42,0
2021-05-12 08:00:00,1834.42,1835.65,1832.57,1833.18,0
2021-05-12 09:00:00,1833.18,1833.61,1830.11,1833.4,0
2021-05-12 10:00:00,1833.42,1835.28,1832.45,1835.26,0
2021-05-12 11:00:00,1835.17,1835.7,1833.56,1834.49,0
2021-05-12 12:00:00,1834.48,1834.98,1832.92,1833.78,0
2021-05-12 13:00:00,1833.78,1840.79,1821.39,1839.92,0
2021-05-12 14:00:00,1839.91,1843.64,1828.06,1833.48,0
2021-05-12 15:00:00,1833.48,1834.1,1822.71,1827.24,0
2021-05-12 16:00:00,1827.15,1827.24,1820.87,1824.3,0
2021-05-12 17:00:00,1824.38,1824.38,1818.99,1820.38,0
2021-05-12 18:00:00,1820.4,1825.13,1820.12,1822.26,0
2021-05-12 19:00:00,1822.24,1822.55,1819.85,1820.87,0
2021-05-12 20:00:00,1820.88,1821.51,1819.09,1819.97,0
2021-05-12 21:00:00,1819.97,1820.64,1813.25,1815.42,0
2021-05-12 23:00:00,1815.35,1817.08,1814.78,1817.02,0
2021-05-13 00:00:00,1816.99,1817.87,1816.32,1817.59,0
2021-05-13 01:00:00,1817.59,1819.16,1813.28,1818.58,0
2021-05-13 02:00:00,1818.58,1823.0,1816.69,1822.06,0
2021-05-13 03:00:00,1822.05,1822.57,1818.52,1819.93,0
2021-05-13 04:00:00,1819.93,1820.38,1816.63,1817.44,0
2021-05-13 05:00:00,1817.44,1819.44,1816.48,1819.21,0
2021-05-13 06:00:00,1819.21,1819.53,1816.02,1817.26,0
2021-05-13 07:00:00,1817.26,1822.1,1817.24,1821.72,0
2021-05-13 08:00:00,1821.69,1822.31,1814.19,1814.82,0
2021-05-13 09:00:00,1814.77,1818.36,1812.62,1815.17,0
2021-05-13 10:00:00,1815.19,1815.58,1810.84,1811.51,0
2021-05-13 11:00:00,1811.46,1814.19,1808.78,1814.0,0
2021-05-13 12:00:00,1814.0,1816.47,1813.44,1815.09,0
2021-05-13 13:00:00,1815.09,1821.17,1813.75,1817.02,0
2021-05-13 14:00:00,1817.0,1822.38,1815.76,1821.92,0
2021-05-13 15:00:00,1821.92,1827.14,1819.62,1824.07,0
2021-05-13 16:00:00,1824.07,1825.97,1821.51,1825.36,0
2021-05-13 17:00:00,1825.36,1828.77,1824.67,1826.17,0
2021-05-13 18:00:00,1826.1,1826.77,1822.07,1822.16,0
2021-05-13 19:00:00,1822.16,1826.38,1821.7,1825.34,0
2021-05-13 20:00:00,1825.5,1827.92,1824.39,1827.37,0
2021-05-13 21:00:00,1827.41,1828.43,1825.78,1826.46,0
2021-05-13 23:00:00,1826.41,1827.19,1825.72,1825.93,0
2021-05-14 00:00:00,1825.84,1826.54,1825.07,1825.09,0
2021-05-14 01:00:00,1825.19,1826.48,1823.92,1825.75,0
2021-05-14 02:00:00,1825.77,1826.48,1822.45,1824.04,0
2021-05-14 03:00:00,1824.05,1824.44,1820.7,1822.24,0
2021-05-14 04:00:00,1822.24,1822.69,1819.77,1822.41,0
2021-05-14 05:00:00,1822.43,1823.67,1822.09,1823.67,0
2021-05-14 06:00:00,1823.67,1826.83,1822.47,1826.63,0
2021-05-14 07:00:00,1826.7,1836.32,1825.25,1834.84,0
2021-05-14 08:00:00,1834.82,1834.96,1831.58,1833.25,0
2021-05-14 09:00:00,1833.3,1835.79,1831.81,1834.88,0
2021-05-14 10:00:00,1834.88,1837.36,1833.06,1833.52,0
2021-05-14 11:00:00,1833.52,1835.71,1832.99,1835.49,0
2021-05-14 12:00:00,1835.5,1837.3,1833.64,1834.9,0
2021-05-14 13:00:00,1834.9,1839.59,1833.31,1837.03,0
2021-05-14 14:00:00,1837.14,1841.24,1834.29,1838.8,0
2021-05-14 15:00:00,1838.7,1839.93,1834.78,1838.11,0
2021-05-14 16:00:00,1838.02,1840.46,1836.09,1839.65,0
2021-05-14 17:00:00,1839.67,1840.72,1837.77,1839.33,0
2021-05-14 18:00:00,1839.29,1839.69,1837.79,1839.63,0
2021-05-14 19:00:00,1839.63,1841.9,1839.57,1841.71,0
2021-05-14 20:00:00,1841.72,1843.59,1841.1,1843.43,0
2021-05-14 21:00:00,1843.49,1845.74,1841.77,1843.34,0
2021-05-16 23:00:00,1842.58,1847.98,1842.1,1845.54,0
2021-05-17 00:00:00,1845.52,1847.9,1844.76,1847.08,0
2021-05-17 01:00:00,1847.08,1847.1,1843.58,1844.15,0
2021-05-17 02:00:00,1844.14,1853.05,1843.56,1851.21,0
2021-05-17 03:00:00,1851.19,1852.09,1848.56,1851.14,0
2021-05-17 04:00:00,1851.14,1853.09,1850.33,1851.34,0
2021-05-17 05:00:00,1851.31,1853.29,1851.31,1852.77,0
2021-05-17 06:00:00,1852.78,1855.39,1852.43,1852.5,0
2021-05-17 07:00:00,1852.49,1855.36,1852.26,1853.42,0
2021-05-17 08:00:00,1853.44,1854.49,1852.19,1852.85,0
2021-05-17 09:00:00,1852.86,1853.71,1852.32,1853.16,0
2021-05-17 10:00:00,1853.15,1853.29,1848.49,1850.04,0
2021-05-17 11:00:00,1850.03,1851.21,1848.79,1848.98,0
2021-05-17 12:00:00,1848.98,1849.5,1846.28,1847.31,0
2021-05-17 13:00:00,1847.33,1850.63,1845.01,1845.85,0
2021-05-17 14:00:00,1845.78,1856.54,1844.07,1854.44,0
2021-05-17 15:00:00,1854.44,1864.98,1852.99,1864.68,0
2021-05-17 16:00:00,1864.65,1866.98,1862.4,1866.33,0
2021-05-17 17:00:00,1866.34,1868.17,1864.54,1868.08,0
2021-05-17 18:00:00,1868.08,1868.49,1866.31,1867.36,0
2021-05-17 19:00:00,1867.36,1868.34,1865.95,1866.93,0
2021-05-17 20:00:00,1866.93,1866.99,1865.47,1865.6,0
2021-05-17 21:00:00,1865.62,1866.86,1865.4,1866.8,0
2021-05-17 23:00:00,1866.19,1866.85,1865.46,1865.79,0
2021-05-18 00:00:00,1865.76,1869.06,1865.36,1868.97,0
2021-05-18 01:00:00,1868.97,1869.89,1868.1,1869.14,0
2021-05-18 02:00:00,1869.14,1873.77,1867.37,1871.82,0
2021-05-18 03:00:00,1871.8,1873.32,1867.62,1868.08,0
2021-05-18 04:00:00,1868.08,1870.52,1867.31,1868.19,0
2021-05-18 05:00:00,1868.19,1868.85,1866.76,1867.97,0
2021-05-18 06:00:00,1867.97,1871.35,1867.89,1871.26,0
2021-05-18 07:00:00,1871.28,1871.58,1867.83,1870.47,0
2021-05-18 08:00:00,1870.47,1870.75,1868.66,1870.04,0
2021-05-18 09:00:00,1870.04,1870.49,1867.35,1869.55,0
2021-05-18 10:00:00,1869.55,1870.24,1867.69,1867.83,0
2021-05-18 11:00:00,1867.85,1869.18,1867.77,1868.52,0
2021-05-18 12:00:00,1868.52,1870.26,1865.31,1870.13,0
2021-05-18 13:00:00,1870.14,1875.03,1868.49,1871.22,0
2021-05-18 14:00:00,1871.23,1873.45,1863.71,1863.97,0
2021-05-18 15:00:00,1863.97,1868.3,1863.26,1866.87,0
2021-05-18 16:00:00,1866.92,1868.98,1864.59,1864.89,0
2021-05-18 17:00:00,1864.89,1867.44,1864.01,1867.44,0
2021-05-18 18:00:00,1867.39,1869.11,1867.08,1869.06,0
2021-05-18 19:00:00,1868.99,1869.74,1867.75,1868.87,0
2021-05-18 20:00:00,1868.88,1870.03,1868.54,1868.95,0
2021-05-18 21:00:00,1868.95,1870.12,1868.42,1869.52,0
2021-05-18 23:00:00,1869.02,1869.36,1868.27,1869.03,0
2021-05-19 00:00:00,1868.89,1871.09,1868.62,1870.15,0
2021-05-19 01:00:00,1870.15,1871.35,1868.06,1869.69,0
2021-05-19 02:00:00,1869.74,1871.54,1866.48,1867.76,0
2021-05-19 03:00:00,1867.78,1868.21,1864.55,1867.64,0
2021-05-19 04:00:00,1867.64,1869.62,1866.45,1868.72,0
2021-05-19 05:00:00,1868.72,1869.48,1867.28,1867.98,0
2021-05-19 06:00:00,1867.97,1872.45,1867.36,1871.5,0
2021-05-19 07:00:00,1871.5,1873.98,1870.64,1873.02,0
2021-05-19 08:00:00,1873.01,1873.09,1865.98,1867.93,0
2021-05-19 09:00:00,1867.93,1869.91,1859.98,1863.23,0
2021-05-19 10:00:00,1863.24,1864.75,1857.85,1858.91,0
2021-05-19 11:00:00,1858.98,1860.07,1854.94,1857.59,0
2021-05-19 12:00:00,1857.54,1858.4,1852.21,1855.88,0
2021-05-19 13:00:00,1855.84,1872.62,1855.23,1872.53,0
2021-05-19 14:00:00,1872.51,1890.04,1864.81,1889.09,0
2021-05-19 15:00:00,1889.11,1889.74,1877.24,1883.79,0
2021-05-19 16:00:00,1883.79,1885.77,1881.9,1885.3,0
2021-05-19 17:00:00,1885.3,1885.33,1879.61,1882.01,0
2021-05-19 18:00:00,1882.01,1882.66,1878.18,1879.44,0
2021-05-19 19:00:00,1879.42,1882.15,1863.04,1863.18,0
2021-05-19 20:00:00,1863.18,1871.77,1862.01,1870.74,0
2021-05-19 21:00:00,1870.74,1871.53,1869.09,1869.35,0
2021-05-19 23:00:00,1870.38,1870.38,1868.09,1868.19,0
2021-05-20 00:00:00,1868.19,1870.11,1864.74,1865.85,0
2021-05-20 01:00:00,1865.92,1872.09,1863.83,1871.73,0
2021-05-20 02:00:00,1871.76,1872.63,1865.23,1871.68,0
2021-05-20 03:00:00,1871.68,1875.85,1870.83,1874.52,0
2021-05-20 04:00:00,1874.56,1877.6,1874.22,1875.84,0
2021-05-20 05:00:00,1875.83,1876.66,1875.18,1875.53,0
2021-05-20 06:00:00,1875.52,1879.05,1873.23,1873.61,0
2021-05-20 07:00:00,1873.55,1876.12,1870.61,1871.05,0
2021-05-20 08:00:00,1871.05,1874.94,1870.59,1874.12,0
2021-05-20 09:00:00,1874.12,1876.51,1870.9,1872.28,0
2021-05-20 10:00:00,1872.29,1872.42,1866.21,1867.83,0
2021-05-20 11:00:00,1867.83,1868.95,1865.28,1868.88,0
2021-05-20 12:00:00,1868.88,1872.8,1868.88,1871.27,0
2021-05-20 13:00:00,1871.3,1872.91,1867.53,1871.42,0
2021-05-20 14:00:00,1871.46,1878.48,1869.72,1877.19,0
2021-05-20 15:00:00,1877.19,1880.88,1875.93,1877.93,0
2021-05-20 16:00:00,1877.91,1880.48,1876.77,1880.07,0
2021-05-20 17:00:00,1880.08,1883.82,1878.34,1882.65,0
2021-05-20 18:00:00,1882.65,1883.84,1876.57,1876.73,0
2021-05-20 19:00:00,1876.73,1877.3,1873.26,1874.49,0
2021-05-20 20:00:00,1874.5,1878.81,1874.3,1878.54,0
2021-05-20 21:00:00,1878.55,1878.55,1876.58,1877.05,0
2021-05-20 23:00:00,1877.23,1878.41,1876.0,1876.0,0
2021-05-21 00:00:00,1875.98,1876.31,1873.92,1874.08,0
2021-05-21 01:00:00,1874.08,1876.67,1873.66,1874.64,0
2021-05-21 02:00:00,1874.64,1874.93,1871.22,1871.25,0
2021-05-21 03:00:00,1871.21,1872.65,1870.36,1872.39,0
2021-05-21 04:00:00,1872.4,1874.62,1871.97,1874.47,0
2021-05-21 05:00:00,1874.5,1877.03,1873.84,1876.1,0
2021-05-21 06:00:00,1876.13,1877.02,1874.73,1875.89,0
2021-05-21 07:00:00,1875.94,1876.81,1872.67,1873.56,0
2021-05-21 08:00:00,1873.53,1875.87,1873.09,1875.72,0
2021-05-21 09:00:00,1875.75,1878.08,1875.0,1876.2,0
2021-05-21 10:00:00,1876.18,1880.12,1876.07,1878.26,0
2021-05-21 11:00:00,1878.26,1880.16,1877.59,1878.35,0
2021-05-21 12:00:00,1878.35,1880.19,1878.06,1878.67,0
2021-05-21 13:00:00,1878.68,1888.16,1877.7,1887.09,0
2021-05-21 14:00:00,1887.09,1889.41,1875.45,1877.13,0
2021-05-21 15:00:00,1877.18,1878.75,1870.37,1874.03,0
2021-05-21 16:00:00,1874.1,1876.95,1872.77,1875.39,0
2021-05-21 17:00:00,1875.38,1876.54,1870.09,1872.88,0
2021-05-21 18:00:00,1872.88,1877.65,1872.78,1877.47,0
2021-05-21 19:00:00,1877.47,1879.9,1877.12,1879.35,0
2021-05-21 20:00:00,1879.36,1881.85,1878.96,1879.57,0
2021-05-21 21:00:00,1879.57,1881.89,1879.09,1881.34,0
2021-05-23 23:00:00,1881.34,1882.39,1880.16,1880.87,0
2021-05-24 00:00:00,1880.9,1883.82,1880.66,1883.51,0
2021-05-24 01:00:00,1883.51,1884.39,1880.89,1880.99,0
2021-05-24 02:00:00,1881.0,1887.03,1879.8,1886.03,0
2021-05-24 03:00:00,1886.04,1886.86,1883.01,1883.28,0
2021-05-24 04:00:00,1883.28,1884.81,1883.1,1883.53,0
2021-05-24 05:00:00,1883.53,1884.76,1883.45,1884.6,0
2021-05-24 06:00:00,1884.6,1886.3,1883.74,1885.53,0
2021-05-24 07:00:00,1885.53,1885.63,1881.38,1881.85,0
2021-05-24 08:00:00,1881.76,1883.14,1880.85,1881.9,0
2021-05-24 09:00:00,1881.9,1882.87,1875.25,1877.61,0
2021-05-24 10:00:00,1877.62,1881.29,1877.1,1881.25,0
2021-05-24 11:00:00,1881.26,1882.63,1880.38,1881.81,0
2021-05-24 12:00:00,1881.8,1882.3,1879.44,1880.88,0
2021-05-24 13:00:00,1880.95,1886.27,1879.67,1880.03,0
2021-05-24 14:00:00,1880.03,1885.59,1877.98,1880.85,0
2021-05-24 15:00:00,1880.9,1885.6,1877.9,1884.75,0
2021-05-24 16:00:00,1884.75,1885.48,1882.02,1884.57,0
2021-05-24 17:00:00,1884.51,1884.62,1882.96,1883.92,0
2021-05-24 18:00:00,1883.92,1884.75,1882.85,1883.02,0
2021-05-24 19:00:00,1883.04,1883.99,1882.69,1883.21,0
2021-05-24 20:00:00,1883.21,1883.29,1881.82,1883.27,0
2021-05-24 21:00:00,1883.26,1883.65,1880.81,1880.83,0
2021-05-24 23:00:00,1880.91,1881.56,1880.57,1880.77,0
2021-05-25 00:00:00,1880.83,1880.94,1877.37,1877.5,0
2021-05-25 01:00:00,1877.49,1879.04,1876.24,1878.75,0
2021-05-25 02:00:00,1878.78,1879.97,1872.74,1873.44,0
2021-05-25 03:00:00,1873.46,1877.69,1872.8,1877.44,0
2021-05-25 04:00:00,1877.42,1880.04,1877.34,1879.29,0
2021-05-25 05:00:00,1879.29,1880.01,1878.78,1879.61,0
2021-05-25 06:00:00,1879.61,1880.03,1873.31,1874.97,0
2021-05-25 07:00:00,1874.97,1886.43,1874.5,1884.86,0
2021-05-25 08:00:00,1884.86,1887.25,1882.48,1883.14,0
2021-05-25 09:00:00,1883.16,1883.99,1880.03,1882.65,0
2021-05-25 10:00:00,1882.65,1884.55,1881.97,1883.66,0
2021-05-25 11:00:00,1883.65,1884.85,1881.89,1883.11,0
2021-05-25 12:00:00,1883.11,1884.33,1879.91,1882.11,0
2021-05-25 13:00:00,1882.07,1884.81,1881.63,1883.33,0
2021-05-25 14:00:00,1883.3,1886.64,1879.93,1884.32,0
2021-05-25 15:00:00,1884.32,1896.03,1884.23,1890.69,0
2021-05-25 16:00:00,1890.69,1893.96,1890.5,1892.23,0
2021-05-25 17:00:00,1892.23,1895.45,1890.94,1895.35,0
2021-05-25 18:00:00,1895.35,1898.56,1895.11,1898.04,0
2021-05-25 19:00:00,1898.05,1899.71,1897.28,1899.48,0
2021-05-25 20:00:00,1899.48,1900.12,1898.38,1900.07,0
2021-05-25 21:00:00,1899.98,1900.28,1899.05,1899.15,0
2021-05-25 23:00:00,1898.61,1899.05,1898.28,1898.69,0
2021-05-26 00:00:00,1898.71,1899.13,1897.29,1898.3,0
2021-05-26 01:00:00,1898.32,1900.14,1897.03,1897.95,0
2021-05-26 02:00:00,1897.96,1904.5,1897.95,1902.96,0
2021-05-26 03:00:00,1902.95,1907.6,1902.88,1906.56,0
2021-05-26 04:00:00,1906.55,1907.77,1905.27,1905.27,0
2021-05-26 05:00:00,1905.32,1906.9,1905.27,1906.51,0
2021-05-26 06:00:00,1906.52,1907.43,1902.96,1903.46,0
2021-05-26 07:00:00,1903.46,1906.49,1900.53,1905.71,0
2021-05-26 08:00:00,1905.73,1910.21,1904.38,1909.28,0
2021-05-26 09:00:00,1909.28,1910.04,1905.37,1906.48,0
2021-05-26 10:00:00,1906.53,1908.4,1903.66,1907.1,0
2021-05-26 11:00:00,1907.1,1908.54,1905.94,1908.19,0
2021-05-26 12:00:00,1908.18,1908.94,1904.65,1905.49,0
2021-05-26 13:00:00,1905.49,1912.75,1904.54,1908.06,0
2021-05-26 14:00:00,1908.06,1908.12,1899.1,1899.24,0
2021-05-26 15:00:00,1899.19,1905.2,1899.14,1900.04,0
2021-05-26 16:00:00,1900.03,1904.83,1899.92,1902.55,0
2021-05-26 17:00:00,1902.55,1904.08,1901.79,1902.28,0
2021-05-26 18:00:00,1902.3,1903.05,1890.69,1893.31,0
2021-05-26 19:00:00,1893.31,1896.13,1892.23,1895.9,0
2021-05-26 20:00:00,1895.9,1896.79,1893.93,1896.65,0
2021-05-26 21:00:00,1896.64,1896.82,1895.8,1896.64,0
2021-05-26 23:00:00,1896.47,1896.83,1895.87,1896.45,0
2021-05-27 00:00:00,1896.45,1897.73,1895.37,1896.21,0
2021-05-27 01:00:00,1896.13,1896.23,1893.78,1894.59,0
2021-05-27 02:00:00,1894.59,1896.04,1892.12,1894.47,0
2021-05-27 03:00:00,1894.47,1897.39,1893.23,1896.47,0
2021-05-27 04:00:00,1896.47,1897.51,1895.34,1896.63,0
2021-05-27 05:00:00,1896.63,1899.63,1896.57,1899.31,0
2021-05-27 06:00:00,1899.3,1902.24,1897.41,1901.81,0
2021-05-27 07:00:00,1901.79,1903.65,1898.25,1901.47,0
2021-05-27 08:00:00,1901.47,1902.34,1897.72,1899.78,0
2021-05-27 09:00:00,1899.79,1900.52,1894.17,1896.47,0
2021-05-27 10:00:00,1896.46,1897.56,1895.28,1896.6,0
2021-05-27 11:00:00,1896.6,1896.94,1894.18,1895.87,0
2021-05-27 12:00:00,1895.87,1896.84,1891.66,1894.74,0
2021-05-27 13:00:00,1894.74,1898.78,1889.58,1897.42,0
2021-05-27 14:00:00,1897.42,1898.81,1888.29,1891.79,0
2021-05-27 15:00:00,1891.79,1895.19,1888.36,1889.64,0
2021-05-27 16:00:00,1889.65,1893.78,1889.57,1893.32,0
2021-05-27 17:00:00,1893.34,1893.47,1890.24,1891.6,0
2021-05-27 18:00:00,1891.64,1898.18,1891.51,1896.59,0
2021-05-27 19:00:00,1896.56,1897.8,1895.43,1897.78,0
2021-05-27 20:00:00,1897.78,1898.87,1897.39,1898.08,0
2021-05-27 21:00:00,1897.99,1898.03,1896.02,1896.54,0
2021-05-27 23:00:00,1896.96,1897.47,1896.2,1896.29,0
2021-05-28 00:00:00,1896.31,1898.59,1896.31,1898.06,0
2021-05-28 01:00:00,1898.06,1898.25,1896.16,1896.84,0
2021-05-28 02:00:00,1896.84,1898.19,1893.83,1894.01,0
2021-05-28 03:00:00,1893.95,1895.86,1893.04,1893.09,0
2021-05-28 04:00:00,1893.12,1894.25,1892.96,1893.7,0
2021-05-28 05:00:00,1893.7,1894.3,1892.56,1893.01,0
2021-05-28 06:00:00,1893.03,1893.14,1889.7,1891.16,0
2021-05-28 07:00:00,1891.16,1892.08,1887.96,1889.63,0
2021-05-28 08:00:00,1889.62,1890.93,1888.63,1890.67,0
2021-05-28 09:00:00,1890.67,1894.9,1890.24,1893.54,0
2021-05-28 10:00:00,1893.55,1894.18,1892.0,1892.66,0
2021-05-28 11:00:00,1892.66,1894.34,1892.35,1892.86,0
2021-05-28 12:00:00,1892.87,1894.1,1890.35,1891.26,0
2021-05-28 13:00:00,1891.25,1896.33,1882.32,1892.91,0
2021-05-28 14:00:00,1892.91,1900.0,1890.22,1898.26,0
2021-05-28 15:00:00,1898.28,1900.51,1892.83,1894.88,0
2021-05-28 16:00:00,1894.9,1896.79,1893.25,1895.74,0
2021-05-28 17:00:00,1895.72,1900.38,1895.72,1899.96,0
2021-05-28 18:00:00,1899.97,1903.4,1899.95,1902.16,0
2021-05-28 19:00:00,1902.12,1902.51,1899.88,1901.49,0
2021-05-28 20:00:00,1901.51,1905.1,1901.24,1903.91,0
2021-05-28 21:00:00,1903.87,1905.9,1903.07,1903.83,0
2021-05-30 23:00:00,1903.81,1904.78,1902.94,1903.83,0
2021-05-31 00:00:00,1903.79,1904.84,1903.26,1903.86,0
2021-05-31 01:00:00,1903.89,1905.6,1902.65,1904.83,0
2021-05-31 02:00:00,1904.84,1908.77,1904.63,1907.85,0
2021-05-31 03:00:00,1907.91,1910.55,1907.21,1910.22,0
2021-05-31 04:00:00,1910.21,1910.64,1908.1,1908.47,0
2021-05-31 05:00:00,1908.46,1908.53,1906.34,1906.82,0
2021-05-31 06:00:00,1906.82,1908.05,1905.06,1906.82,0
2021-05-31 07:00:00,1906.84,1907.89,1903.46,1905.09,0
2021-05-31 08:00:00,1905.05,1906.19,1903.99,1904.91,0
2021-05-31 09:00:00,1904.92,1906.75,1904.2,1906.45,0
2021-05-31 10:00:00,1906.45,1907.08,1904.15,1904.65,0
2021-05-31 11:00:00,1904.65,1904.82,1902.78,1904.64,0
2021-05-31 12:00:00,1904.64,1905.32,1902.07,1904.67,0
2021-05-31 13:00:00,1904.7,1906.23,1904.08,1905.33,0
2021-05-31 14:00:00,1905.33,1906.48,1903.67,1906.14,0
2021-05-31 15:00:00,1906.14,1906.93,1904.32,1905.23,0
2021-05-31 16:00:00,1905.27,1906.07,1904.75,1905.16,0
2021-05-31 17:00:00,1905.16,1906.75,1904.93,1906.64,0
2021-05-31 23:00:00,1907.39,1908.22,1906.39,1907.61,0
2021-06-01 00:00:00,1907.63,1908.39,1907.05,1908.11,0
2021-06-01 01:00:00,1908.11,1908.7,1906.24,1908.07,0
2021-06-01 02:00:00,1908.06,1913.89,1906.19,1912.06,0
2021-06-01 03:00:00,1912.06,1914.5,1910.87,1911.17,0
2021-06-01 04:00:00,1911.17,1913.24,1911.12,1911.48,0
2021-06-01 05:00:00,1911.48,1912.31,1910.33,1910.62,0
2021-06-01 06:00:00,1910.63,1912.75,1909.86,1912.41,0
2021-06-01 07:00:00,1912.41,1916.59,1912.11,1915.35,0
2021-06-01 08:00:00,1915.34,1915.49,1911.61,1912.76,0
2021-06-01 09:00:00,1912.8,1912.96,1905.16,1911.49,0
2021-06-01 10:00:00,1911.51,1911.93,1905.52,1905.52,0
2021-06-01 11:00:00,1905.52,1908.22,1904.49,1906.26,0
2021-06-01 12:00:00,1906.29,1909.04,1904.65,1909.03,0
2021-06-01 13:00:00,1909.04,1911.28,1907.55,1910.21,0
2021-06-01 14:00:00,1910.21,1912.02,1902.24,1903.7,0
2021-06-01 15:00:00,1903.76,1909.02,1892.38,1895.06,0
2021-06-01 16:00:00,1895.04,1899.92,1893.77,1899.78,0
2021-06-01 17:00:00,1899.78,1903.96,1899.34,1903.32,0
2021-06-01 18:00:00,1903.33,1903.71,1901.82,1903.22,0
2021-06-01 19:00:00,1903.17,1903.58,1900.63,1900.89,0
2021-06-01 20:00:00,1900.91,1900.93,1898.88,1899.92,0
2021-06-01 21:00:00,1899.97,1900.37,1899.21,1900.37,0
2021-06-01 23:00:00,1900.14,1900.23,1898.52,1899.29,0
2021-06-02 00:00:00,1899.28,1899.97,1898.31,1898.87,0
2021-06-02 01:00:00,1898.87,1899.74,1897.72,1898.91,0
2021-06-02 02:00:00,1898.95,1902.24,1898.09,1898.31,0
2021-06-02 03:00:00,1898.26,1900.94,1898.05,1899.34,0
2021-06-02 04:00:00,1899.34,1899.43,1896.12,1897.93,0
2021-06-02 05:00:00,1897.93,1898.01,1896.04,1896.26,0
2021-06-02 06:00:00,1896.29,1900.59,1895.16,1898.43,0
2021-06-02 07:00:00,1898.44,1899.35,1895.18,1897.49,0
2021-06-02 08:00:00,1897.43,1900.79,1896.92,1898.41,0
2021-06-02 09:00:00,1898.41,1900.49,1895.75,1896.37,0
2021-06-02 10:00:00,1896.43,1897.68,1895.26,1897.27,0
2021-06-02 11:00:00,1897.27,1897.66,1895.67,1895.89,0
2021-06-02 12:00:00,1895.89,1901.26,1894.4,1901.16,0
2021-06-02 13:00:00,1901.14,1906.97,1900.8,1904.62,0
2021-06-02 14:00:00,1904.66,1908.81,1902.97,1903.16,0
2021-06-02 15:00:00,1903.19,1905.88,1900.55,1901.51,0
2021-06-02 16:00:00,1901.51,1906.31,1901.01,1905.48,0
2021-06-02 17:00:00,1905.48,1906.97,1905.38,1906.49,0
2021-06-02 18:00:00,1906.49,1907.6,1905.5,1906.87,0
2021-06-02 19:00:00,1906.87,1908.34,1906.84,1907.81,0
2021-06-02 20:00:00,1907.81,1909.01,1907.29,1908.93,0
2021-06-02 21:00:00,1908.93,1909.0,1908.09,1908.29,0
2021-06-02 23:00:00,1908.25,1908.83,1908.16,1908.8,0
2021-06-03 00:00:00,1908.79,1909.55,1907.45,1907.81,0
2021-06-03 01:00:00,1907.86,1908.48,1907.4,1908.35,0
2021-06-03 02:00:00,1908.35,1909.63,1905.59,1907.92,0
2021-06-03 03:00:00,1907.82,1908.32,1904.38,1905.81,0
2021-06-03 04:00:00,1905.79,1906.05,1904.18,1905.05,0
2021-06-03 05:00:00,1905.05,1905.05,1903.54,1903.71,0
2021-06-03 06:00:00,1903.67,1904.11,1900.5,1901.55,0
2021-06-03 07:00:00,1901.55,1902.22,1895.46,1897.46,0
2021-06-03 08:00:00,1897.47,1897.96,1890.69,1893.63,0
2021-06-03 09:00:00,1893.69,1895.42,1891.95,1894.31,0
2021-06-03 10:00:00,1894.31,1895.03,1892.13,1893.1,0
2021-06-03 11:00:00,1893.1,1898.16,1892.9,1894.15,0
2021-06-03 12:00:00,1894.18,1895.88,1891.73,1892.56,0
2021-06-03 13:00:00,1892.48,1894.11,1882.16,1882.26,0
2021-06-03 14:00:00,1882.26,1883.73,1865.32,1867.85,0
2021-06-03 15:00:00,1867.81,1873.78,1865.43,1870.97,0
2021-06-03 16:00:00,1870.98,1873.3,1868.46,1869.42,0
2021-06-03 17:00:00,1869.4,1871.41,1868.46,1870.99,0
2021-06-03 18:00:00,1870.99,1872.75,1870.24,1872.75,0
2021-06-03 19:00:00,1872.77,1874.05,1872.03,1872.31,0
2021-06-03 20:00:00,1872.29,1873.22,1870.95,1871.49,0
2021-06-03 21:00:00,1871.49,1871.55,1870.36,1870.5,0
2021-06-03 23:00:00,1871.47,1871.7,1870.8,1871.66,0
2021-06-04 00:00:00,1871.65,1872.08,1870.8,1870.97,0
2021-06-04 01:00:00,1870.94,1871.67,1868.67,1869.36,0
2021-06-04 02:00:00,1869.38,1872.01,1855.83,1859.88,0
2021-06-04 03:00:00,1859.79,1867.39,1859.38,1866.79,0
2021-06-04 04:00:00,1866.82,1870.97,1866.75,1870.09,0
2021-06-04 05:00:00,1870.09,1870.71,1868.31,1868.34,0
2021-06-04 06:00:00,1868.34,1871.12,1865.64,1866.88,0
2021-06-04 07:00:00,1866.88,1873.72,1866.32,1872.9,0
2021-06-04 08:00:00,1872.9,1875.1,1870.72,1871.21,0
2021-06-04 09:00:00,1871.22,1871.48,1868.29,1869.57,0
2021-06-04 10:00:00,1869.57,1871.39,1868.78,1871.09,0
2021-06-04 11:00:00,1871.04,1872.03,1869.56,1870.38,0
2021-06-04 12:00:00,1870.37,1872.22,1868.76,1871.21,0
2021-06-04 13:00:00,1871.21,1885.97,1868.73,1884.66,0
2021-06-04 14:00:00,1884.66,1891.74,1884.61,1891.37,0
2021-06-04 15:00:00,1891.33,1896.19,1890.03,1893.91,0
2021-06-04 16:00:00,1893.91,1894.64,1892.19,1893.03,0
2021-06-04 17:00:00,1893.03,1893.22,1889.02,1889.35,0
2021-06-04 18:00:00,1889.35,1890.25,1888.28,1890.18,0
2021-06-04 19:00:00,1890.18,1891.73,1890.16,1891.55,0
2021-06-04 20:00:00,1891.55,1892.21,1890.66,1891.93,0
2021-06-04 21:00:00,1891.93,1892.03,1890.89,1891.5,0
2021-06-06 23:00:00,1890.52,1890.7,1889.28,1889.85,0
2021-06-07 00:00:00,1889.85,1890.32,1888.72,1889.4,0
2021-06-07 01:00:00,1889.4,1891.74,1888.83,1890.76,0
2021-06-07 02:00:00,1890.76,1891.83,1886.95,1887.16,0
2021-06-07 03:00:00,1887.16,1887.6,1884.97,1887.17,0
2021-06-07 04:00:00,1887.17,1888.73,1886.36,1887.29,0
2021-06-07 05:00:00,1887.29,1887.54,1885.63,1885.92,0
2021-06-07 06:00:00,1885.92,1887.36,1883.49,1883.54,0
2021-06-07 07:00:00,1883.58,1885.29,1882.18,1884.43,0
2021-06-07 08:00:00,1884.41,1885.04,1881.56,1884.56,0
2021-06-07 09:00:00,1884.56,1886.43,1882.14,1884.68,0
2021-06-07 10:00:00,1884.64,1885.51,1882.83,1884.34,0
2021-06-07 11:00:00,1884.34,1887.07,1884.05,1884.86,0
2021-06-07 12:00:00,1884.86,1888.29,1884.73,1887.26,0
2021-06-07 13:00:00,1887.26,1887.39,1884.64,1887.23,0
2021-06-07 14:00:00,1887.21,1891.13,1885.97,1888.74,0
2021-06-07 15:00:00,1888.76,1893.28,1887.73,1891.95,0
2021-06-07 16:00:00,1891.98,1894.7,1891.8,1893.91,0
2021-06-07 17:00:00,1894.09,1895.65,1894.09,1895.07,0
2021-06-07 18:00:00,1895.07,1898.13,1894.73,1897.63,0
2021-06-07 19:00:00,1897.66,1899.97,1897.66,1898.91,0
2021-06-07 20:00:00,1898.91,1900.08,1897.84,1899.83,0
2021-06-07 21:00:00,1899.83,1900.13,1898.64,1899.0,0
2021-06-07 23:00:00,1899.28,1899.35,1898.44,1898.63,0
2021-06-08 00:00:00,1898.65,1899.57,1898.35,1898.76,0
2021-06-08 01:00:00,1898.76,1901.54,1898.69,1901.54,0
2021-06-08 02:00:00,1901.53,1903.35,1897.97,1898.06,0
2021-06-08 03:00:00,1898.06,1898.98,1896.07,1896.23,0
2021-06-08 04:00:00,1896.25,1897.43,1895.63,1896.08,0
2021-06-08 05:00:00,1896.09,1897.16,1895.22,1897.13,0
2021-06-08 06:00:00,1897.13,1898.41,1894.89,1895.11,0
2021-06-08 07:00:00,1895.11,1897.49,1894.53,1896.44,0
2021-06-08 08:00:00,1896.44,1898.34,1892.56,1892.66,0
2021-06-08 09:00:00,1892.66,1893.48,1889.71,1892.59,0
2021-06-08 10:00:00,1892.58,1893.8,1890.61,1892.53,0
2021-06-08 11:00:00,1892.55,1895.7,1891.26,1894.4,0
2021-06-08 12:00:00,1894.41,1900.18,1894.01,1899.98,0
2021-06-08 13:00:00,1899.95,1903.64,1889.89,1893.06,0
2021-06-08 14:00:00,1893.06,1895.83,1883.77,1888.0,0
2021-06-08 15:00:00,1887.95,1896.26,1887.04,1894.72,0
2021-06-08 16:00:00,1894.74,1895.02,1890.85,1891.24,0
2021-06-08 17:00:00,1891.24,1893.33,1890.84,1892.4,0
2021-06-08 18:00:00,1892.4,1893.42,1891.6,1892.72,0
2021-06-08 19:00:00,1892.72,1893.98,1891.88,1893.26,0
2021-06-08 20:00:00,1893.26,1893.82,1892.22,1893.48,0
2021-06-08 21:00:00,1893.49,1893.61,1892.66,1892.86,0
2021-06-08 23:00:00,1892.05,1893.5,1891.63,1892.68,0
2021-06-09 00:00:00,1892.68,1894.93,1892.18,1893.37,0
2021-06-09 01:00:00,1893.36,1895.07,1893.17,1895.07,0
2021-06-09 02:00:00,1895.05,1896.0,1892.45,1893.04,0
2021-06-09 03:00:00,1893.09,1894.98,1891.43,1894.77,0
2021-06-09 04:00:00,1894.78,1896.29,1893.87,1894.52,0
2021-06-09 05:00:00,1894.52,1894.55,1893.25,1893.91,0
2021-06-09 06:00:00,1893.91,1895.64,1892.22,1893.24,0
2021-06-09 07:00:00,1893.24,1893.79,1890.5,1891.5,0
2021-06-09 08:00:00,1891.5,1892.86,1889.57,1892.19,0
2021-06-09 09:00:00,1892.23,1893.68,1888.32,1889.38,0
2021-06-09 10:00:00,1889.33,1890.86,1887.35,1890.1,0
2021-06-09 11:00:00,1890.1,1890.55,1888.93,1889.47,0
2021-06-09 12:00:00,1889.47,1892.45,1888.45,1891.42,0
2021-06-09 13:00:00,1891.52,1895.81,1888.77,1893.75,0
2021-06-09 14:00:00,1893.76,1898.92,1893.1,1894.57,0
2021-06-09 15:00:00,1894.55,1895.41,1887.95,1891.09,0
2021-06-09 16:00:00,1891.11,1893.21,1889.81,1891.47,0
2021-06-09 17:00:00,1891.46,1891.85,1890.59,1891.21,0
2021-06-09 18:00:00,1891.21,1893.21,1890.87,1891.27,0
2021-06-09 19:00:00,1891.29,1892.04,1890.66,1890.76,0
2021-06-09 20:00:00,1890.76,1891.16,1888.72,1889.78,0
2021-06-09 21:00:00,1889.87,1889.96,1888.57,1888.6,0
2021-06-09 23:00:00,1888.87,1889.23,1888.25,1889.04,0
2021-06-10 00:00:00,1889.04,1889.17,1888.22,1888.73,0
2021-06-10 01:00:00,1888.73,1889.34,1885.23,1886.04,0
2021-06-10 02:00:00,1886.04,1888.87,1884.35,1887.87,0
2021-06-10 03:00:00,1887.87,1887.87,1884.32,1886.98,0
2021-06-10 04:00:00,1887.02,1887.99,1886.75,1887.25,0
2021-06-10 05:00:00,1887.25,1887.26,1885.11,1885.44,0
2021-06-10 06:00:00,1885.44,1887.68,1882.73,1884.18,0
2021-06-10 07:00:00,1884.04,1887.95,1883.17,1883.78,0
2021-06-10 08:00:00,1883.73,1885.22,1876.58,1877.5,0
2021-06-10 09:00:00,1877.52,1882.36,1876.98,1882.3,0
2021-06-10 10:00:00,1882.3,1883.69,1879.69,1880.76,0
2021-06-10 11:00:00,1880.76,1881.12,1879.37,1880.06,0
2021-06-10 12:00:00,1880.06,1880.13,1876.07,1876.13,0
2021-06-10 13:00:00,1876.15,1891.25,1869.87,1891.0,0
2021-06-10 14:00:00,1891.0,1894.04,1884.94,1889.54,0
2021-06-10 15:00:00,1889.45,1892.91,1887.79,1888.91,0
2021-06-10 16:00:00,1888.86,1894.09,1888.74,1893.71,0
2021-06-10 17:00:00,1893.69,1894.75,1891.86,1893.72,0
2021-06-10 18:00:00,1893.72,1895.09,1892.74,1894.65,0
2021-06-10 19:00:00,1894.59,1896.12,1894.35,1895.97,0
2021-06-10 20:00:00,1895.97,1899.34,1895.63,1898.1,0
2021-06-10 21:00:00,1898.07,1899.88,1897.94,1898.44,0
2021-06-10 23:00:00,1898.09,1899.46,1897.38,1898.63,0
2021-06-11 00:00:00,1898.63,1898.85,1897.54,1898.39,0
2021-06-11 01:00:00,1898.31,1899.68,1897.4,1899.56,0
2021-06-11 02:00:00,1899.56,1900.13,1897.63,1899.84,0
2021-06-11 03:00:00,1899.84,1900.73,1899.02,1899.41,0
2021-06-11 04:00:00,1899.41,1900.91,1898.87,1898.88,0
2021-06-11 05:00:00,1898.88,1900.45,1898.61,1900.27,0
2021-06-11 06:00:00,1900.25,1900.67,1898.67,1900.33,0
2021-06-11 07:00:00,1900.41,1902.02,1898.35,1900.9,0
2021-06-11 08:00:00,1900.9,1903.04,1899.28,1899.38,0
2021-06-11 09:00:00,1899.38,1899.38,1893.77,1895.2,0
2021-06-11 10:00:00,1895.2,1896.12,1889.22,1892.68,0
2021-06-11 11:00:00,1892.68,1895.15,1890.79,1891.31,0
2021-06-11 12:00:00,1891.31,1891.44,1887.41,1889.16,0
2021-06-11 13:00:00,1889.27,1891.73,1883.7,1884.18,0
2021-06-11 14:00:00,1884.26,1886.71,1881.06,1881.09,0
2021-06-11 15:00:00,1881.09,1884.23,1878.52,1883.69,0
2021-06-11 16:00:00,1883.6,1884.45,1875.29,1880.3,0
2021-06-11 17:00:00,1880.28,1880.54,1876.1,1879.05,0
2021-06-11 18:00:00,1879.05,1879.15,1875.0,1875.42,0
2021-06-11 19:00:00,1875.39,1877.33,1874.51,1877.18,0
2021-06-11 20:00:00,1877.17,1877.21,1875.26,1876.58,0
2021-06-11 21:00:00,1876.57,1876.98,1875.62,1876.19,0
2021-06-13 23:00:00,1876.6,1877.66,1873.34,1875.56,0
2021-06-14 00:00:00,1875.37,1875.65,1873.24,1873.68,0
2021-06-14 01:00:00,1873.64,1873.88,1870.52,1870.86,0
2021-06-14 02:00:00,1870.9,1871.71,1863.92,1864.77,0
2021-06-14 03:00:00,1864.77,1866.58,1863.24,1866.37,0
2021-06-14 04:00:00,1866.35,1866.45,1863.56,1865.55,0
2021-06-14 05:00:00,1865.55,1865.61,1860.29,1865.49,0
2021-06-14 06:00:00,1865.49,1865.81,1863.57,1863.75,0
2021-06-14 07:00:00,1863.67,1866.14,1858.73,1861.22,0
2021-06-14 08:00:00,1861.25,1862.57,1856.88,1858.47,0
2021-06-14 09:00:00,1858.47,1858.82,1854.89,1858.14,0
2021-06-14 10:00:00,1858.14,1861.53,1856.91,1858.21,0
2021-06-14 11:00:00,1858.21,1858.33,1852.82,1854.71,0
2021-06-14 12:00:00,1854.7,1857.12,1853.46,1853.82,0
2021-06-14 13:00:00,1853.82,1854.55,1844.76,1848.32,0
2021-06-14 14:00:00,1848.36,1866.79,1847.5,1865.05,0
2021-06-14 15:00:00,1865.04,1869.76,1862.37,1866.18,0
2021-06-14 16:00:00,1866.31,1866.85,1862.63,1864.21,0
2021-06-14 17:00:00,1864.21,1864.96,1862.9,1864.23,0
2021-06-14 18:00:00,1864.23,1864.85,1863.21,1863.28,0
2021-06-14 19:00:00,1863.28,1865.68,1863.28,1864.66,0
2021-06-14 20:00:00,1864.59,1866.2,1864.47,1866.12,0
2021-06-14 21:00:00,1866.12,1866.45,1865.48,1866.09,0
2021-06-14 23:00:00,1866.32,1867.57,1866.19,1867.21,0
2021-06-15 00:00:00,1867.2,1867.7,1865.84,1866.85,0
2021-06-15 01:00:00,1866.85,1867.59,1865.7,1866.43,0
2021-06-15 02:00:00,1866.43,1867.84,1858.68,1860.51,0
2021-06-15 03:00:00,1860.5,1863.83,1859.57,1862.18,0
2021-06-15 04:00:00,1862.18,1863.68,1860.38,1863.52,0
2021-06-15 05:00:00,1863.52,1865.93,1863.43,1864.51,0
2021-06-15 06:00:00,1864.51,1866.92,1863.86,1866.13,0
2021-06-15 07:00:00,1866.04,1869.16,1865.43,1866.76,0
2021-06-15 08:00:00,1866.81,1868.13,1865.9,1865.91,0
2021-06-15 09:00:00,1865.91,1866.47,1862.26,1864.07,0
2021-06-15 10:00:00,1864.06,1865.99,1862.76,1863.86,0
2021-06-15 11:00:00,1863.86,1866.02,1863.07,1864.79,0
2021-06-15 12:00:00,1864.83,1865.31,1862.92,1864.59,0
2021-06-15 13:00:00,1864.41,1867.67,1861.15,1865.58,0
2021-06-15 14:00:00,1865.58,1868.12,1863.74,1865.28,0
2021-06-15 15:00:00,1865.2,1865.5,1857.68,1859.84,0
2021-06-15 16:00:00,1859.84,1861.51,1856.81,1856.98,0
2021-06-15 17:00:00,1856.98,1856.98,1851.65,1852.38,0
2021-06-15 18:00:00,1852.36,1856.83,1852.22,1856.65,0
2021-06-15 19:00:00,1856.65,1858.12,1856.28,1857.49,0
2021-06-15 20:00:00,1857.48,1859.36,1856.68,1859.27,0
2021-06-15 21:00:00,1859.27,1859.33,1858.34,1858.75,0
2021-06-15 23:00:00,1859.33,1860.75,1858.55,1859.91,0
2021-06-16 00:00:00,1859.91,1859.92,1857.19,1857.85,0
2021-06-16 01:00:00,1857.85,1858.04,1854.54,1854.59,0
2021-06-16 02:00:00,1854.59,1856.29,1853.54,1853.7,0
2021-06-16 03:00:00,1853.7,1856.57,1853.16,1856.34,0
2021-06-16 04:00:00,1856.39,1858.42,1855.67,1857.94,0
2021-06-16 05:00:00,1857.92,1860.45,1857.38,1860.0,0
2021-06-16 06:00:00,1860.0,1861.01,1858.87,1859.87,0
2021-06-16 07:00:00,1859.87,1861.61,1858.21,1860.53,0
2021-06-16 08:00:00,1860.53,1861.03,1856.97,1860.3,0
2021-06-16 09:00:00,1860.3,1860.59,1858.6,1859.99,0
2021-06-16 10:00:00,1859.99,1860.6,1857.92,1860.43,0
2021-06-16 11:00:00,1860.43,1860.55,1855.06,1855.31,0
2021-06-16 12:00:00,1855.34,1856.12,1852.82,1854.95,0
2021-06-16 13:00:00,1854.97,1859.41,1854.1,1857.8,0
2021-06-16 14:00:00,1857.81,1859.77,1856.0,1858.96,0
2021-06-16 15:00:00,1858.97,1861.66,1855.07,1856.48,0
2021-06-16 16:00:00,1856.5,1859.99,1855.53,1859.88,0
2021-06-16 17:00:00,1859.88,1860.91,1857.72,1859.32,0
2021-06-16 18:00:00,1859.32,1863.03,1857.57,1862.31,0
2021-06-16 19:00:00,1862.16,1862.21,1830.87,1835.15,0
2021-06-16 20:00:00,1835.16,1840.24,1827.22,1828.14,0
2021-06-16 21:00:00,1828.14,1830.72,1803.47,1811.95,0
2021-06-16 23:00:00,1812.73,1819.25,1809.79,1818.88,0
2021-06-17 00:00:00,1818.88,1819.75,1816.7,1818.88,0
2021-06-17 01:00:00,1818.88,1819.08,1814.44,1817.75,0
2021-06-17 02:00:00,1817.75,1822.0,1815.99,1821.75,0
2021-06-17 03:00:00,1821.73,1825.3,1821.33,1824.24,0
2021-06-17 04:00:00,1824.25,1824.53,1821.76,1822.27,0
2021-06-17 05:00:00,1822.27,1822.27,1820.73,1821.58,0
2021-06-17 06:00:00,1821.58,1821.59,1817.16,1818.17,0
2021-06-17 07:00:00,1818.17,1818.36,1809.81,1815.2,0
2021-06-17 08:00:00,1815.24,1815.37,1805.33,1810.36,0
2021-06-17 09:00:00,1810.35,1811.67,1802.82,1804.84,0
2021-06-17 10:00:00,1804.84,1808.46,1804.47,1806.09,0
2021-06-17 11:00:00,1806.09,1806.48,1795.29,1798.64,0
2021-06-17 12:00:00,1798.62,1800.28,1785.85,1788.53,0
2021-06-17 13:00:00,1788.48,1790.2,1776.02,1785.63,0
2021-06-17 14:00:00,1785.63,1790.52,1779.78,1783.23,0
2021-06-17 15:00:00,1783.21,1783.48,1775.11,1778.63,0
2021-06-17 16:00:00,1778.63,1779.8,1767.19,1776.62,0
2021-06-17 17:00:00,1776.52,1776.7,1769.54,1770.46,0
2021-06-17 18:00:00,1770.49,1779.23,1770.36,1778.64,0
2021-06-17 19:00:00,1778.64,1781.97,1778.02,1778.17,0
2021-06-17 20:00:00,1778.33,1778.85,1771.39,1772.14,0
2021-06-17 21:00:00,1772.13,1774.69,1769.51,1773.15,0
2021-06-17 23:00:00,1774.99,1777.03,1774.84,1775.89,0
2021-06-18 00:00:00,1775.92,1776.86,1773.73,1776.78,0
2021-06-18 01:00:00,1776.87,1779.69,1776.05,1779.21,0
2021-06-18 02:00:00,1779.2,1785.93,1777.27,1784.69,0
2021-06-18 03:00:00,1784.64,1785.05,1781.43,1784.51,0
2021-06-18 04:00:00,1784.51,1786.39,1783.21,1785.84,0
2021-06-18 05:00:00,1785.86,1787.18,1783.79,1784.55,0
2021-06-18 06:00:00,1784.63,1785.9,1782.11,1785.25,0
2021-06-18 07:00:00,1785.21,1786.7,1782.72,1783.63,0
2021-06-18 08:00:00,1783.67,1793.6,1783.6,1793.16,0
2021-06-18 09:00:00,1793.12,1794.57,1790.24,1791.18,0
2021-06-18 10:00:00,1791.17,1797.13,1790.37,1794.39,0
2021-06-18 11:00:00,1794.37,1794.96,1791.28,1791.68,0
2021-06-18 12:00:00,1791.67,1794.54,1790.64,1794.15,0
2021-06-18 13:00:00,1794.05,1794.31,1775.34,1777.29,0
2021-06-18 14:00:00,1777.29,1779.07,1772.51,1773.18,0
2021-06-18 15:00:00,1773.13,1780.87,1769.09,1777.93,0
2021-06-18 16:00:00,1777.94,1778.7,1773.53,1774.24,0
2021-06-18 17:00:00,1774.18,1776.49,1771.86,1772.09,0
2021-06-18 18:00:00,1771.97,1774.23,1768.48,1773.04,0
2021-06-18 19:00:00,1773.06,1774.7,1769.54,1770.68,0
2021-06-18 20:00:00,1770.74,1772.59,1761.64,1761.82,0
2021-06-18 21:00:00,1761.97,1765.67,1760.87,1764.2,0
2021-06-20 23:00:00,1768.08,1769.88,1767.29,1768.51,0
2021-06-21 00:00:00,1768.51,1770.08,1767.64,1769.34,0
2021-06-21 01:00:00,1769.15,1773.26,1768.55,1773.19,0
2021-06-21 02:00:00,1773.14,1773.93,1770.71,1771.43,0
2021-06-21 03:00:00,1771.43,1776.08,1771.17,1775.88,0
2021-06-21 04:00:00,1775.86,1776.8,1773.71,1774.5,0
2021-06-21 05:00:00,1774.5,1775.47,1772.82,1773.2,0
2021-06-21 06:00:00,1773.21,1773.51,1766.42,1773.19,0
2021-06-21 07:00:00,1773.19,1780.07,1772.47,1778.42,0
2021-06-21 08:00:00,1778.54,1779.97,1774.2,1778.69,0
2021-06-21 09:00:00,1778.65,1785.67,1777.92,1784.93,0
2021-06-21 10:00:00,1784.93,1785.86,1782.2,1783.95,0
2021-06-21 11:00:00,1783.95,1784.85,1781.84,1782.98,0
2021-06-21 12:00:00,1782.98,1784.52,1782.04,1782.64,0
2021-06-21 13:00:00,1782.66,1782.98,1773.85,1775.02,0
2021-06-21 14:00:00,1775.02,1779.78,1773.69,1775.14,0
2021-06-21 15:00:00,1775.13,1783.63,1773.56,1782.58,0
2021-06-21 16:00:00,1782.56,1786.54,1781.67,1783.41,0
2021-06-21 17:00:00,1783.41,1784.12,1782.05,1783.16,0
2021-06-21 18:00:00,1783.17,1783.6,1782.11,1782.84,0
2021-06-21 19:00:00,1782.84,1784.38,1782.36,1783.78,0
2021-06-21 20:00:00,1783.78,1785.1,1782.53,1783.09,0
2021-06-21 21:00:00,1783.16,1783.61,1782.56,1782.97,0
2021-06-21 23:00:00,1783.77,1787.69,1783.28,1785.25,0
2021-06-22 00:00:00,1785.27,1786.63,1783.33,1783.54,0
2021-06-22 01:00:00,1783.51,1786.01,1783.01,1785.98,0
2021-06-22 02:00:00,1785.92,1786.41,1782.83,1785.36,0
2021-06-22 03:00:00,1785.36,1787.37,1784.35,1786.53,0
2021-06-22 04:00:00,1786.53,1790.1,1786.18,1788.93,0
2021-06-22 05:00:00,1788.88,1789.15,1787.59,1788.03,0
2021-06-22 06:00:00,1788.06,1788.12,1779.36,1781.12,0
2021-06-22 07:00:00,1781.11,1784.55,1780.0,1783.22,0
2021-06-22 08:00:00,1783.27,1783.27,1776.99,1777.95,0
2021-06-22 09:00:00,1777.97,1778.94,1776.47,1778.61,0
2021-06-22 10:00:00,1778.66,1780.25,1777.65,1779.81,0
2021-06-22 11:00:00,1779.8,1786.42,1779.14,1784.83,0
2021-06-22 12:00:00,1784.83,1787.52,1780.62,1780.67,0
2021-06-22 13:00:00,1780.65,1783.34,1772.42,1774.72,0
2021-06-22 14:00:00,1774.65,1781.0,1773.06,1775.85,0
2021-06-22 15:00:00,1775.85,1780.1,1774.31,1779.82,0
2021-06-22 16:00:00,1779.89,1781.44,1774.74,1776.65,0
2021-06-22 17:00:00,1776.62,1780.29,1776.25,1778.28,0
2021-06-22 18:00:00,1778.28,1779.54,1776.94,1778.36,0
2021-06-22 19:00:00,1778.37,1783.15,1777.67,1780.2,0
2021-06-22 20:00:00,1780.2,1780.86,1775.92,1776.4,0
2021-06-22 21:00:00,1776.4,1778.78,1775.15,1778.76,0
2021-06-22 23:00:00,1779.47,1779.72,1778.64,1779.08,0
2021-06-23 00:00:00,1779.08,1779.61,1777.49,1777.59,0
2021-06-23 01:00:00,1777.59,1779.05,1777.23,1778.66,0
2021-06-23 02:00:00,1778.7,1782.0,1777.78,1779.15,0
2021-06-23 03:00:00,1779.22,1782.7,1778.79,1782.62,0
2021-06-23 04:00:00,1782.63,1783.9,1781.13,1781.63,0
2021-06-23 05:00:00,1781.72,1782.48,1780.97,1781.96,0
2021-06-23 06:00:00,1781.94,1782.46,1777.64,1781.45,0
2021-06-23 07:00:00,1781.45,1783.02,1779.61,1782.68,0
2021-06-23 08:00:00,1782.68,1783.41,1779.19,1781.85,0
2021-06-23 09:00:00,1781.83,1784.62,1781.59,1782.74,0
2021-06-23 10:00:00,1782.74,1785.52,1781.69,1782.51,0
2021-06-23 11:00:00,1782.51,1784.17,1781.76,1783.0,0
2021-06-23 12:00:00,1783.03,1784.39,1780.97,1783.2,0
2021-06-23 13:00:00,1783.11,1786.98,1780.03,1782.6,0
2021-06-23 14:00:00,1782.48,1794.72,1781.36,1794.4,0
2021-06-23 15:00:00,1794.41,1794.97,1789.51,1789.87,0
2021-06-23 16:00:00,1789.87,1790.74,1785.75,1786.75,0
2021-06-23 17:00:00,1786.77,1787.62,1782.36,1783.31,0
2021-06-23 18:00:00,1783.34,1783.87,1781.13,1782.76,0
2021-06-23 19:00:00,1782.78,1782.85,1777.64,1778.81,0
2021-06-23 20:00:00,1778.81,1778.84,1773.32,1775.3,0
2021-06-23 21:00:00,1775.28,1778.89,1775.06,1778.86,0
2021-06-23 23:00:00,1778.63,1780.14,1778.2,1779.61,0
2021-06-24 00:00:00,1779.63,1779.65,1774.27,1777.34,0
2021-06-24 01:00:00,1777.34,1779.34,1776.66,1778.78,0
2021-06-24 02:00:00,1778.78,1780.03,1774.29,1777.5,0
2021-06-24 03:00:00,1777.5,1778.17,1774.85,1775.99,0
2021-06-24 04:00:00,1775.99,1776.75,1774.7,1775.95,0
2021-06-24 05:00:00,1775.93,1775.93,1772.9,1775.06,0
2021-06-24 06:00:00,1775.07,1777.36,1773.92,1776.62,0
2021-06-24 07:00:00,1776.6,1778.1,1775.14,1776.96,0
2021-06-24 08:00:00,1776.87,1778.26,1775.13,1777.2,0
2021-06-24 09:00:00,1777.2,1782.34,1776.83,1779.73,0
2021-06-24 10:00:00,1779.73,1782.3,1779.47,1781.56,0
2021-06-24 11:00:00,1781.56,1783.48,1780.27,1782.18,0
2021-06-24 12:00:00,1782.19,1787.71,1781.98,1787.57,0
2021-06-24 13:00:00,1787.57,1788.06,1782.57,1783.35,0
2021-06-24 14:00:00,1783.36,1786.79,1781.57,1783.66,0
2021-06-24 15:00:00,1783.68,1785.36,1775.82,1778.58,0
2021-06-24 16:00:00,1778.58,1782.2,1778.3,1778.44,0
2021-06-24 17:00:00,1778.4,1779.8,1776.43,1776.74,0
2021-06-24 18:00:00,1776.73,1777.85,1774.55,1775.54,0
2021-06-24 19:00:00,1775.55,1777.84,1775.51,1776.61,0
2021-06-24 20:00:00,1776.6,1776.79,1773.84,1774.01,0
2021-06-24 21:00:00,1774.02,1775.43,1773.66,1774.95,0
2021-06-24 23:00:00,1776.32,1777.19,1775.94,1776.17,0
2021-06-25 00:00:00,1776.17,1776.22,1774.59,1775.22,0
2021-06-25 01:00:00,1775.27,1775.71,1773.7,1774.04,0
2021-06-25 02:00:00,1774.08,1778.98,1773.71,1777.66,0
2021-06-25 03:00:00,1777.72,1779.67,1777.07,1777.48,0
2021-06-25 04:00:00,1777.46,1778.76,1776.95,1777.82,0
2021-06-25 05:00:00,1777.8,1778.02,1775.87,1776.29,0
2021-06-25 06:00:00,1776.3,1780.79,1775.74,1780.76,0
2021-06-25 07:00:00,1780.66,1781.23,1777.01,1779.79,0
2021-06-25 08:00:00,1779.79,1783.37,1779.5,1782.63,0
2021-06-25 09:00:00,1782.6,1783.71,1781.77,1782.7,0
2021-06-25 10:00:00,1782.67,1784.91,1782.14,1782.6,0
2021-06-25 11:00:00,1782.6,1783.46,1781.35,1783.15,0
2021-06-25 12:00:00,1783.16,1785.41,1782.28,1785.08,0
2021-06-25 13:00:00,1785.08,1790.44,1783.33,1785.41,0
2021-06-25 14:00:00,1785.41,1789.66,1785.26,1788.19,0
2021-06-25 15:00:00,1788.19,1788.2,1781.37,1781.98,0
2021-06-25 16:00:00,1781.98,1782.2,1778.36,1779.13,0
2021-06-25 17:00:00,1779.13,1779.29,1776.34,1777.1,0
2021-06-25 18:00:00,1777.1,1778.35,1776.63,1777.12,0
2021-06-25 19:00:00,1777.14,1778.7,1776.9,1778.18,0
2021-06-25 20:00:00,1778.18,1779.66,1777.71,1779.45,0
2021-06-25 21:00:00,1779.38,1781.43,1779.15,1781.26,0
2021-06-27 23:00:00,1781.86,1782.83,1780.68,1782.83,0
2021-06-28 00:00:00,1782.81,1782.86,1781.45,1781.96,0
2021-06-28 01:00:00,1781.97,1781.97,1779.93,1780.62,0
2021-06-28 02:00:00,1780.5,1781.65,1770.63,1773.37,0
2021-06-28 03:00:00,1773.38,1779.87,1771.76,1779.24,0
2021-06-28 04:00:00,1779.25,1780.28,1778.55,1779.19,0
2021-06-28 05:00:00,1779.21,1781.63,1778.93,1780.83,0
2021-06-28 06:00:00,1780.83,1785.77,1780.43,1785.74,0
2021-06-28 07:00:00,1785.68,1785.84,1782.17,1782.56,0
2021-06-28 08:00:00,1782.56,1784.65,1781.58,1783.39,0
2021-06-28 09:00:00,1783.3,1783.38,1774.17,1779.22,0
2021-06-28 10:00:00,1779.22,1779.53,1774.31,1776.09,0
2021-06-28 11:00:00,1776.08,1779.03,1775.83,1778.14,0
2021-06-28 12:00:00,1778.14,1778.71,1773.73,1774.67,0
2021-06-28 13:00:00,1774.65,1778.56,1773.43,1777.64,0
2021-06-28 14:00:00,1777.64,1782.87,1776.99,1780.15,0
2021-06-28 15:00:00,1780.16,1782.7,1777.05,1777.84,0
2021-06-28 16:00:00,1777.85,1782.49,1777.85,1780.9,0
2021-06-28 17:00:00,1780.88,1781.19,1779.47,1779.55,0
2021-06-28 18:00:00,1779.55,1780.61,1777.72,1779.75,0
2021-06-28 19:00:00,1779.75,1780.19,1778.06,1779.01,0
2021-06-28 20:00:00,1779.01,1779.51,1777.85,1779.36,0
2021-06-28 21:00:00,1779.36,1779.49,1778.08,1778.08,0
2021-06-28 23:00:00,1778.51,1778.9,1777.73,1777.77,0
2021-06-29 00:00:00,1777.77,1778.36,1776.95,1778.16,0
2021-06-29 01:00:00,1778.13,1778.21,1775.27,1775.8,0
2021-06-29 02:00:00,1775.82,1777.59,1774.43,1774.52,0
2021-06-29 03:00:00,1774.52,1776.46,1774.1,1775.85,0
2021-06-29 04:00:00,1775.85,1776.19,1774.13,1775.15,0
2021-06-29 05:00:00,1775.18,1775.45,1773.82,1774.58,0
2021-06-29 06:00:00,1774.58,1778.92,1774.31,1778.29,0
2021-06-29 07:00:00,1778.3,1778.43,1773.88,1776.41,0
2021-06-29 08:00:00,1776.31,1776.78,1772.48,1773.39,0
2021-06-29 09:00:00,1773.39,1773.39,1767.57,1769.48,0
2021-06-29 10:00:00,1769.47,1772.3,1768.23,1772.02,0
2021-06-29 11:00:00,1772.01,1772.49,1768.45,1769.06,0
2021-06-29 12:00:00,1769.06,1773.23,1764.35,1770.58,0
2021-06-29 13:00:00,1770.59,1776.0,1750.67,1754.76,0
2021-06-29 14:00:00,1754.76,1759.23,1751.44,1756.5,0
2021-06-29 15:00:00,1756.5,1757.01,1752.48,1754.63,0
2021-06-29 16:00:00,1754.63,1764.04,1754.6,1762.68,0
2021-06-29 17:00:00,1762.7,1765.93,1761.77,1763.1,0
2021-06-29 18:00:00,1763.05,1764.38,1761.46,1762.0,0
2021-06-29 19:00:00,1761.99,1765.44,1761.65,1763.9,0
2021-06-29 20:00:00,1763.9,1764.02,1760.21,1761.13,0
2021-06-29 21:00:00,1761.03,1761.84,1760.52,1761.12,0
2021-06-29 23:00:00,1762.04,1762.39,1760.91,1761.6,0
2021-06-30 00:00:00,1761.56,1761.98,1760.85,1761.48,0
2021-06-30 01:00:00,1761.52,1762.93,1761.18,1762.53,0
2021-06-30 02:00:00,1762.5,1764.09,1759.03,1763.37,0
2021-06-30 03:00:00,1763.35,1764.69,1762.9,1763.79,0
2021-06-30 04:00:00,1763.79,1763.96,1760.9,1761.14,0
2021-06-30 05:00:00,1761.14,1762.59,1757.64,1759.01,0
2021-06-30 06:00:00,1759.01,1760.28,1756.62,1756.79,0
2021-06-30 07:00:00,1756.79,1761.05,1755.82,1760.11,0
2021-06-30 08:00:00,1760.11,1760.44,1755.6,1755.61,0
2021-06-30 09:00:00,1755.52,1757.41,1753.38,1756.62,0
2021-06-30 10:00:00,1756.62,1759.28,1755.86,1757.04,0
2021-06-30 11:00:00,1757.04,1760.1,1756.43,1756.87,0
2021-06-30 12:00:00,1756.77,1761.88,1756.52,1760.58,0
2021-06-30 13:00:00,1760.7,1761.53,1755.11,1757.12,0
2021-06-30 14:00:00,1757.12,1762.4,1754.96,1760.25,0
2021-06-30 15:00:00,1760.25,1767.74,1760.23,1765.72,0
2021-06-30 16:00:00,1765.62,1767.75,1763.87,1765.46,0
2021-06-30 17:00:00,1765.46,1774.37,1765.39,1772.27,0
2021-06-30 18:00:00,1772.27,1772.89,1768.81,1769.46,0
2021-06-30 19:00:00,1769.46,1770.02,1768.21,1769.33,0
2021-06-30 20:00:00,1769.39,1771.97,1768.66,1769.89,0
2021-06-30 21:00:00,1769.87,1770.62,1769.43,1770.37,0
2021-06-30 23:00:00,1770.04,1770.33,1768.64,1769.36,0
2021-07-01 00:00:00,1769.35,1770.21,1767.69,1768.25,0
2021-07-01 01:00:00,1768.25,1768.6,1766.34,1766.46,0
2021-07-01 02:00:00,1766.55,1772.1,1765.73,1771.4,0
2021-07-01 03:00:00,1771.38,1775.3,1770.32,1774.43,0
2021-07-01 04:00:00,1774.42,1776.18,1773.53,1776.08,0
2021-07-01 05:00:00,1775.99,1776.61,1774.31,1774.54,0
2021-07-01 06:00:00,1774.54,1777.28,1773.16,1776.86,0
2021-07-01 07:00:00,1776.89,1779.07,1776.02,1777.84,0
2021-07-01 08:00:00,1777.89,1778.38,1774.77,1776.9,0
2021-07-01 09:00:00,1776.94,1778.18,1773.79,1774.58,0
2021-07-01 10:00:00,1774.48,1775.72,1773.09,1775.64,0
2021-07-01 11:00:00,1775.67,1777.0,1774.14,1776.96,0
2021-07-01 12:00:00,1776.94,1779.74,1775.13,1776.85,0
2021-07-01 13:00:00,1776.86,1779.49,1772.48,1777.77,0
2021-07-01 14:00:00,1777.79,1782.8,1777.3,1779.8,0
2021-07-01 15:00:00,1779.8,1782.85,1772.98,1774.31,0
2021-07-01 16:00:00,1774.27,1775.48,1768.37,1771.0,0
2021-07-01 17:00:00,1770.98,1772.17,1768.72,1771.84,0
2021-07-01 18:00:00,1771.77,1776.82,1771.68,1773.33,0
2021-07-01 19:00:00,1773.33,1775.82,1772.71,1774.85,0
2021-07-01 20:00:00,1774.71,1776.19,1774.45,1776.13,0
2021-07-01 21:00:00,1776.1,1777.02,1775.29,1776.73,0
2021-07-01 23:00:00,1776.88,1776.91,1775.68,1776.23,0
2021-07-02 00:00:00,1776.23,1776.49,1775.21,1775.6,0
2021-07-02 01:00:00,1775.6,1778.37,1775.03,1777.34,0
2021-07-02 02:00:00,1777.25,1779.83,1776.42,1778.26,0
2021-07-02 03:00:00,1778.26,1778.9,1777.16,1778.39,0
2021-07-02 04:00:00,1778.36,1779.38,1778.12,1778.9,0
2021-07-02 05:00:00,1778.9,1779.0,1777.86,1778.17,0
2021-07-02 06:00:00,1778.18,1779.7,1777.35,1778.2,0
2021-07-02 07:00:00,1778.2,1778.88,1775.85,1775.85,0
2021-07-02 08:00:00,1775.85,1778.53,1774.29,1778.02,0
2021-07-02 09:00:00,1778.0,1784.2,1777.76,1781.99,0
2021-07-02 10:00:00,1781.99,1783.96,1781.27,1781.92,0
2021-07-02 11:00:00,1781.91,1788.05,1781.72,1787.22,0
2021-07-02 12:00:00,1787.2,1788.73,1785.0,1785.94,0
2021-07-02 13:00:00,1785.96,1793.87,1776.19,1789.65,0
2021-07-02 14:00:00,1789.56,1795.08,1780.16,1785.54,0
2021-07-02 15:00:00,1785.52,1786.66,1778.14,1782.88,0
2021-07-02 16:00:00,1782.88,1785.74,1781.55,1782.91,0
2021-07-02 17:00:00,1782.89,1783.11,1781.52,1781.98,0
2021-07-02 18:00:00,1781.98,1788.3,1781.77,1788.0,0
2021-07-02 19:00:00,1788.0,1791.79,1787.99,1789.98,0
2021-07-02 20:00:00,1789.92,1791.35,1786.49,1787.86,0
2021-07-02 21:00:00,1787.84,1788.58,1786.09,1787.47,0
2021-07-04 23:00:00,1787.49,1787.58,1785.53,1785.53,0
2021-07-05 00:00:00,1785.53,1786.98,1785.53,1786.23,0
2021-07-05 01:00:00,1786.23,1786.23,1784.48,1785.92,0
2021-07-05 02:00:00,1785.94,1789.88,1785.04,1789.43,0
2021-07-05 03:00:00,1789.43,1789.7,1787.27,1788.02,0
2021-07-05 04:00:00,1788.02,1788.42,1785.4,1785.47,0
2021-07-05 05:00:00,1785.5,1787.87,1785.27,1787.37,0
2021-07-05 06:00:00,1787.37,1788.29,1785.95,1786.15,0
2021-07-05 07:00:00,1786.15,1791.18,1784.69,1790.51,0
2021-07-05 08:00:00,1790.46,1793.11,1789.01,1792.67,0
2021-07-05 09:00:00,1792.67,1794.44,1790.98,1792.76,0
2021-07-05 10:00:00,1792.76,1793.57,1790.08,1791.39,0
2021-07-05 11:00:00,1791.39,1793.23,1790.69,1793.08,0
2021-07-05 12:00:00,1793.12,1793.14,1789.25,1789.7,0
2021-07-05 13:00:00,1789.72,1792.69,1789.68,1791.89,0
2021-07-05 14:00:00,1791.89,1793.17,1790.97,1791.2,0
2021-07-05 15:00:00,1791.19,1792.0,1790.24,1791.08,0
2021-07-05 16:00:00,1791.08,1791.94,1789.9,1790.93,0
2021-07-05 17:00:00,1790.93,1791.95,1790.02,1791.76,0
2021-07-05 23:00:00,1791.54,1792.76,1791.41,1791.88,0
2021-07-06 00:00:00,1791.88,1792.14,1790.88,1791.27,0
2021-07-06 01:00:00,1791.27,1792.75,1790.98,1791.9,0
2021-07-06 02:00:00,1791.9,1796.24,1790.98,1795.56,0
2021-07-06 03:00:00,1795.56,1799.79,1794.49,1797.52,0
2021-07-06 04:00:00,1797.51,1799.19,1796.85,1797.39,0
2021-07-06 05:00:00,1797.39,1800.81,1797.39,1800.81,0
2021-07-06 06:00:00,1800.83,1804.32,1800.12,1803.92,0
2021-07-06 07:00:00,1803.94,1806.74,1803.94,1804.95,0
2021-07-06 08:00:00,1804.88,1809.16,1804.83,1807.43,0
2021-07-06 09:00:00,1807.44,1807.84,1802.36,1805.89,0
2021-07-06 10:00:00,1805.88,1808.55,1805.6,1807.45,0
2021-07-06 11:00:00,1807.58,1809.33,1806.27,1807.42,0
2021-07-06 12:00:00,1807.42,1810.85,1806.74,1809.87,0
2021-07-06 13:00:00,1809.87,1815.0,1807.56,1809.29,0
2021-07-06 14:00:00,1809.15,1811.4,1806.52,1810.69,0
2021-07-06 15:00:00,1810.69,1812.64,1803.91,1804.59,0
2021-07-06 16:00:00,1804.62,1805.67,1795.78,1796.7,0
2021-07-06 17:00:00,1796.67,1796.67,1790.1,1794.34,0
2021-07-06 18:00:00,1794.33,1796.47,1793.08,1795.55,0
2021-07-06 19:00:00,1795.49,1797.59,1794.34,1796.78,0
2021-07-06 20:00:00,1796.68,1797.76,1796.36,1796.59,0
2021-07-06 21:00:00,1796.6,1797.41,1796.32,1797.13,0
2021-07-06 23:00:00,1796.16,1796.88,1795.08,1795.53,0
2021-07-07 00:00:00,1795.5,1796.67,1795.1,1795.52,0
2021-07-07 01:00:00,1795.51,1796.12,1793.86,1795.28,0
2021-07-07 02:00:00,1795.28,1802.93,1794.47,1802.47,0
2021-07-07 03:00:00,1802.48,1802.82,1799.37,1800.03,0
2021-07-07 04:00:00,1800.03,1801.22,1798.44,1801.07,0
2021-07-07 05:00:00,1801.05,1801.75,1797.33,1797.92,0
2021-07-07 06:00:00,1797.92,1802.48,1797.42,1801.88,0
2021-07-07 07:00:00,1801.91,1804.65,1800.36,1803.19,0
2021-07-07 08:00:00,1803.19,1806.72,1800.9,1805.49,0
2021-07-07 09:00:00,1805.49,1807.68,1803.36,1804.41,0
2021-07-07 10:00:00,1804.41,1806.6,1803.32,1806.52,0
2021-07-07 11:00:00,1806.5,1808.43,1806.04,1806.74,0
2021-07-07 12:00:00,1806.74,1808.56,1806.13,1806.59,0
2021-07-07 13:00:00,1806.55,1809.84,1803.67,1804.54,0
2021-07-07 14:00:00,1804.55,1807.67,1800.73,1806.74,0
2021-07-07 15:00:00,1806.73,1807.15,1797.03,1805.64,0
2021-07-07 16:00:00,1805.59,1806.98,1800.71,1803.56,0
2021-07-07 17:00:00,1803.54,1805.48,1801.24,1801.8,0
2021-07-07 18:00:00,1801.75,1804.17,1800.64,1803.24,0
2021-07-07 19:00:00,1803.22,1808.26,1802.64,1804.04,0
2021-07-07 20:00:00,1804.04,1804.79,1802.46,1803.51,0
2021-07-07 21:00:00,1803.53,1804.04,1802.47,1803.66,0
2021-07-07 23:00:00,1803.69,1805.53,1803.37,1805.33,0
2021-07-08 00:00:00,1805.21,1805.52,1803.37,1803.37,0
2021-07-08 01:00:00,1803.37,1804.94,1802.8,1804.45,0
2021-07-08 02:00:00,1804.48,1805.02,1799.23,1799.76,0
2021-07-08 03:00:00,1799.76,1800.67,1796.37,1798.34,0
2021-07-08 04:00:00,1798.34,1799.57,1797.33,1797.54,0
2021-07-08 05:00:00,1797.54,1798.42,1796.29,1797.85,0
2021-07-08 06:00:00,1797.83,1799.29,1796.48,1798.07,0
2021-07-08 07:00:00,1798.07,1799.56,1796.4,1797.61,0
2021-07-08 08:00:00,1797.59,1810.98,1797.28,1807.35,0
2021-07-08 09:00:00,1807.39,1815.2,1805.31,1813.47,0
2021-07-08 10:00:00,1813.47,1814.28,1809.3,1812.94,0
2021-07-08 11:00:00,1812.94,1817.86,1806.65,1817.43,0
2021-07-08 12:00:00,1817.43,1817.43,1812.82,1814.11,0
2021-07-08 13:00:00,1814.14,1818.34,1811.82,1813.59,0
2021-07-08 14:00:00,1813.56,1816.97,1807.31,1808.5,0
2021-07-08 15:00:00,1808.5,1810.55,1801.6,1801.6,0
2021-07-08 16:00:00,1801.6,1802.41,1794.68,1796.76,0
2021-07-08 17:00:00,1796.76,1798.8,1796.28,1797.59,0
2021-07-08 18:00:00,1797.59,1800.8,1797.59,1799.73,0
2021-07-08 19:00:00,1799.74,1800.29,1798.39,1800.21,0
2021-07-08 20:00:00,1800.21,1802.87,1796.68,1802.29,0
2021-07-08 21:00:00,1802.3,1803.73,1801.78,1802.36,0
2021-07-08 23:00:00,1802.87,1803.44,1802.54,1803.03,0
2021-07-09 00:00:00,1803.12,1804.55,1802.66,1803.73,0
2021-07-09 01:00:00,1803.75,1804.21,1800.66,1800.72,0
2021-07-09 02:00:00,1800.72,1807.21,1799.34,1806.25,0
2021-07-09 03:00:00,1806.25,1807.74,1803.51,1806.43,0
2021-07-09 04:00:00,1806.43,1806.66,1804.54,1805.28,0
2021-07-09 05:00:00,1805.28,1805.38,1801.21,1801.29,0
2021-07-09 06:00:00,1801.28,1803.2,1799.72,1800.28,0
2021-07-09 07:00:00,1800.28,1801.74,1796.67,1798.48,0
2021-07-09 08:00:00,1798.48,1806.01,1796.92,1804.62,0
2021-07-09 09:00:00,1804.63,1805.92,1800.67,1802.62,0
2021-07-09 10:00:00,1802.56,1805.65,1801.43,1804.44,0
2021-07-09 11:00:00,1804.49,1805.23,1802.75,1803.06,0
2021-07-09 12:00:00,1802.97,1803.23,1798.29,1800.28,0
2021-07-09 13:00:00,1800.28,1804.01,1798.47,1802.42,0
2021-07-09 14:00:00,1802.42,1805.14,1801.16,1803.94,0
2021-07-09 15:00:00,1803.94,1808.67,1803.71,1808.41,0
2021-07-09 16:00:00,1808.45,1811.62,1807.4,1807.92,0
2021-07-09 17:00:00,1807.92,1810.58,1807.91,1810.39,0
2021-07-09 18:00:00,1810.39,1811.44,1809.23,1810.6,0
2021-07-09 19:00:00,1810.58,1812.37,1810.05,1812.16,0
2021-07-09 20:00:00,1812.16,1812.35,1807.8,1808.13,0
2021-07-09 21:00:00,1808.13,1808.96,1807.26,1808.28,0
2021-07-11 23:00:00,1807.69,1808.51,1807.45,1807.9,0
2021-07-12 00:00:00,1807.9,1808.52,1806.36,1806.5,0
2021-07-12 01:00:00,1806.5,1809.49,1805.57,1808.94,0
2021-07-12 02:00:00,1808.94,1810.82,1804.36,1805.57,0
2021-07-12 03:00:00,1805.57,1807.46,1805.06,1805.32,0
2021-07-12 04:00:00,1805.33,1805.64,1802.36,1802.99,0
2021-07-12 05:00:00,1803.0,1803.89,1801.95,1803.04,0
2021-07-12 06:00:00,1803.04,1803.04,1800.36,1802.38,0
2021-07-12 07:00:00,1802.42,1802.44,1798.94,1800.9,0
2021-07-12 08:00:00,1800.82,1806.25,1798.98,1804.03,0
2021-07-12 09:00:00,1804.05,1805.06,1801.91,1803.21,0
2021-07-12 10:00:00,1803.24,1805.09,1800.59,1801.9,0
2021-07-12 11:00:00,1801.9,1802.4,1798.62,1800.4,0
2021-07-12 12:00:00,1800.4,1801.72,1798.28,1800.12,0
2021-07-12 13:00:00,1800.12,1804.07,1799.06,1802.8,0
2021-07-12 14:00:00,1802.8,1805.17,1792.09,1792.42,0
2021-07-12 15:00:00,1792.41,1807.53,1791.68,1805.36,0
2021-07-12 16:00:00,1805.36,1806.59,1803.4,1805.19,0
2021-07-12 17:00:00,1805.19,1806.16,1804.45,1805.75,0
2021-07-12 18:00:00,1805.75,1806.38,1804.07,1805.84,0
2021-07-12 19:00:00,1805.82,1806.65,1805.27,1806.54,0
2021-07-12 20:00:00,1806.54,1807.58,1805.29,1806.42,0
2021-07-12 21:00:00,1806.32,1806.32,1805.1,1806.12,0
2021-07-12 23:00:00,1806.3,1807.08,1806.09,1806.95,0
2021-07-13 00:00:00,1807.03,1807.57,1806.43,1807.16,0
2021-07-13 01:00:00,1807.12,1808.58,1806.75,1807.26,0
2021-07-13 02:00:00,1807.28,1811.04,1806.78,1810.73,0
2021-07-13 03:00:00,1810.73,1812.75,1809.55,1811.86,0
2021-07-13 04:00:00,1811.86,1811.96,1808.82,1809.47,0
2021-07-13 05:00:00,1809.47,1810.4,1808.65,1809.76,0
2021-07-13 06:00:00,1809.68,1809.92,1806.12,1806.64,0
2021-07-13 07:00:00,1806.73,1812.37,1806.46,1810.68,0
2021-07-13 08:00:00,1810.68,1812.2,1809.67,1810.0,0
2021-07-13 09:00:00,1810.01,1810.04,1805.87,1808.99,0
2021-07-13 10:00:00,1808.99,1809.51,1806.47,1808.37,0
2021-07-13 11:00:00,1808.38,1810.07,1807.35,1808.68,0
2021-07-13 12:00:00,1808.67,1809.56,1807.13,1809.45,0
2021-07-13 13:00:00,1809.45,1817.05,1798.67,1800.33,0
2021-07-13 14:00:00,1800.33,1815.26,1799.01,1813.86,0
2021-07-13 15:00:00,1813.86,1814.41,1808.85,1812.85,0
2021-07-13 16:00:00,1812.86,1814.93,1810.7,1813.28,0
2021-07-13 17:00:00,1813.28,1814.02,1811.32,1811.62,0
2021-07-13 18:00:00,1811.62,1811.7,1807.23,1807.44,0
2021-07-13 19:00:00,1807.44,1809.67,1805.24,1807.56,0
2021-07-13 20:00:00,1807.56,1809.59,1806.45,1808.52,0
2021-07-13 21:00:00,1808.54,1808.86,1807.02,1807.6,0
2021-07-13 23:00:00,1808.06,1808.27,1807.55,1807.66,0
2021-07-14 00:00:00,1807.66,1807.66,1805.64,1806.09,0
2021-07-14 01:00:00,1806.09,1807.91,1804.56,1807.4,0
2021-07-14 02:00:00,1807.42,1810.43,1806.9,1809.01,0
2021-07-14 03:00:00,1809.01,1812.48,1808.69,1811.76,0
2021-07-14 04:00:00,1811.78,1813.57,1811.78,1812.7,0
2021-07-14 05:00:00,1812.68,1813.89,1811.29,1811.76,0
2021-07-14 06:00:00,1811.77,1813.86,1811.67,1813.05,0
2021-07-14 07:00:00,1813.01,1815.1,1812.0,1812.38,0
2021-07-14 08:00:00,1812.36,1813.9,1809.87,1812.64,0
2021-07-14 09:00:00,1812.64,1815.33,1811.54,1814.08,0
2021-07-14 10:00:00,1814.08,1815.04,1812.79,1813.95,0
2021-07-14 11:00:00,1813.95,1817.53,1813.29,1815.23,0
2021-07-14 12:00:00,1815.23,1817.81,1814.81,1816.88,0
2021-07-14 13:00:00,1816.95,1829.74,1816.52,1828.63,0
2021-07-14 14:00:00,1828.63,1829.75,1820.66,1823.33,0
2021-07-14 15:00:00,1823.23,1825.7,1819.52,1820.56,0
2021-07-14 16:00:00,1820.56,1824.28,1819.9,1822.62,0
2021-07-14 17:00:00,1822.68,1823.34,1820.15,1821.95,0
2021-07-14 18:00:00,1821.85,1825.37,1821.8,1823.86,0
2021-07-14 19:00:00,1823.86,1826.02,1823.59,1825.13,0
2021-07-14 20:00:00,1825.13,1827.38,1825.08,1827.38,0
2021-07-14 21:00:00,1827.48,1828.26,1827.01,1827.42,0
2021-07-14 23:00:00,1827.29,1828.64,1825.64,1826.34,0
2021-07-15 00:00:00,1826.34,1827.78,1825.44,1826.39,0
2021-07-15 01:00:00,1826.39,1827.62,1824.8,1825.04,0
2021-07-15 02:00:00,1825.07,1829.12,1824.32,1827.67,0
2021-07-15 03:00:00,1827.6,1828.12,1825.3,1825.95,0
2021-07-15 04:00:00,1825.95,1826.21,1823.67,1825.6,0
2021-07-15 05:00:00,1825.6,1827.14,1825.53,1826.29,0
2021-07-15 06:00:00,1826.29,1829.89,1825.93,1829.04,0
2021-07-15 07:00:00,1829.06,1832.67,1828.89,1831.21,0
2021-07-15 08:00:00,1831.21,1834.14,1830.82,1830.83,0
2021-07-15 09:00:00,1830.83,1832.54,1829.5,1832.29,0
2021-07-15 10:00:00,1832.29,1833.07,1831.44,1832.0,0
2021-07-15 11:00:00,1832.0,1832.24,1823.47,1824.21,0
2021-07-15 12:00:00,1824.24,1826.72,1822.85,1825.85,0
2021-07-15 13:00:00,1825.85,1828.69,1822.52,1823.37,0
2021-07-15 14:00:00,1823.37,1827.16,1822.34,1825.38,0
2021-07-15 15:00:00,1825.29,1825.57,1820.55,1821.18,0
2021-07-15 16:00:00,1821.19,1826.02,1820.29,1825.52,0
2021-07-15 17:00:00,1825.51,1827.4,1824.76,1827.09,0
2021-07-15 18:00:00,1827.07,1829.85,1826.12,1829.62,0
2021-07-15 19:00:00,1829.62,1829.82,1827.81,1828.91,0
2021-07-15 20:00:00,1828.88,1830.3,1827.75,1828.48,0
2021-07-15 21:00:00,1828.47,1829.78,1828.29,1829.5,0
2021-07-15 23:00:00,1829.69,1830.2,1829.11,1829.87,0
2021-07-16 00:00:00,1829.91,1832.06,1829.52,1829.54,0
2021-07-16 01:00:00,1829.54,1831.23,1829.17,1829.35,0
2021-07-16 02:00:00,1829.35,1831.5,1826.14,1826.39,0
2021-07-16 03:00:00,1826.44,1827.29,1825.7,1826.85,0
2021-07-16 04:00:00,1826.85,1829.1,1826.64,1827.45,0
2021-07-16 05:00:00,1827.46,1827.91,1826.21,1826.46,0
2021-07-16 06:00:00,1826.48,1827.31,1824.56,1824.65,0
2021-07-16 07:00:00,1824.64,1826.15,1823.63,1823.9,0
2021-07-16 08:00:00,1823.9,1826.37,1820.98,1822.78,0
2021-07-16 09:00:00,1822.73,1824.71,1821.74,1822.83,0
2021-07-16 10:00:00,1822.84,1824.22,1821.64,1823.83,0
2021-07-16 11:00:00,1823.86,1824.24,1817.36,1819.57,0
2021-07-16 12:00:00,1819.47,1820.25,1815.49,1817.91,0
2021-07-16 13:00:00,1817.87,1825.41,1817.3,1822.83,0
2021-07-16 14:00:00,1822.82,1826.68,1821.67,1825.02,0
2021-07-16 15:00:00,1825.03,1826.12,1811.93,1812.74,0
2021-07-16 16:00:00,1812.72,1814.8,1809.61,1812.79,0
2021-07-16 17:00:00,1812.73,1817.21,1812.48,1815.25,0
2021-07-16 18:00:00,1815.24,1816.5,1812.73,1812.83,0
2021-07-16 19:00:00,1812.83,1813.98,1811.66,1813.38,0
2021-07-16 20:00:00,1813.38,1813.62,1808.43,1810.42,0
2021-07-16 21:00:00,1810.54,1811.78,1810.1,1811.55,0
2021-07-18 23:00:00,1811.64,1812.18,1810.37,1811.97,0
2021-07-19 00:00:00,1811.96,1815.92,1811.83,1815.72,0
2021-07-19 01:00:00,1815.72,1817.28,1814.37,1814.85,0
2021-07-19 02:00:00,1814.87,1816.24,1812.43,1812.66,0
2021-07-19 03:00:00,1812.64,1814.05,1811.85,1811.97,0
2021-07-19 04:00:00,1811.97,1814.02,1811.14,1813.07,0
2021-07-19 05:00:00,1813.07,1815.39,1812.08,1812.38,0
2021-07-19 06:00:00,1812.38,1813.25,1810.55,1811.08,0
2021-07-19 07:00:00,1811.09,1811.43,1803.42,1803.52,0
2021-07-19 08:00:00,1803.58,1807.6,1802.66,1806.02,0
2021-07-19 09:00:00,1805.91,1806.04,1802.57,1804.37,0
2021-07-19 10:00:00,1804.36,1804.89,1801.86,1802.97,0
2021-07-19 11:00:00,1802.97,1804.09,1801.83,1803.86,0
2021-07-19 12:00:00,1803.86,1806.65,1799.31,1800.59,0
2021-07-19 13:00:00,1800.61,1810.2,1795.0,1809.08,0
2021-07-19 14:00:00,1809.12,1815.46,1808.28,1815.28,0
2021-07-19 15:00:00,1815.31,1815.55,1810.78,1811.37,0
2021-07-19 16:00:00,1811.42,1811.63,1804.88,1808.29,0
2021-07-19 17:00:00,1808.29,1809.12,1805.72,1808.88,0
2021-07-19 18:00:00,1808.86,1809.58,1807.35,1807.6,0
2021-07-19 19:00:00,1807.6,1808.39,1807.17,1807.56,0
2021-07-19 20:00:00,1807.56,1812.17,1806.92,1812.12,0
2021-07-19 21:00:00,1812.13,1813.3,1811.1,1812.76,0
2021-07-19 23:00:00,1812.88,1812.94,1811.9,1812.1,0
2021-07-20 00:00:00,1812.1,1812.52,1810.79,1811.5,0
2021-07-20 01:00:00,1811.5,1814.12,1811.49,1813.42,0
2021-07-20 02:00:00,1813.42,1818.32,1813.36,1817.61,0
2021-07-20 03:00:00,1817.51,1819.08,1816.58,1816.8,0
2021-07-20 04:00:00,1816.8,1818.1,1815.51,1817.29,0
2021-07-20 05:00:00,1817.29,1818.13,1816.53,1817.75,0
2021-07-20 06:00:00,1817.75,1818.14,1814.56,1815.31,0
2021-07-20 07:00:00,1815.3,1817.73,1814.82,1815.19,0
2021-07-20 08:00:00,1815.18,1817.42,1813.56,1813.95,0
2021-07-20 09:00:00,1813.9,1813.96,1811.66,1813.14,0
2021-07-20 10:00:00,1813.14,1817.94,1812.63,1816.16,0
2021-07-20 11:00:00,1816.16,1819.06,1814.92,1815.23,0
2021-07-20 12:00:00,1815.23,1819.0,1815.02,1817.77,0
2021-07-20 13:00:00,1817.68,1824.05,1815.67,1822.77,0
2021-07-20 14:00:00,1822.75,1824.94,1819.6,1824.0,0
2021-07-20 15:00:00,1824.02,1824.37,1806.59,1809.65,0
2021-07-20 16:00:00,1809.58,1810.71,1805.07,1807.53,0
2021-07-20 17:00:00,1807.57,1812.02,1807.12,1812.01,0
2021-07-20 18:00:00,1812.01,1812.02,1809.79,1809.97,0
2021-07-20 19:00:00,1809.93,1810.9,1808.78,1809.08,0
2021-07-20 20:00:00,1809.08,1810.14,1808.26,1809.92,0
2021-07-20 21:00:00,1809.93,1810.73,1809.54,1810.33,0
2021-07-20 23:00:00,1810.43,1811.08,1809.54,1809.55,0
2021-07-21 00:00:00,1809.55,1809.86,1809.01,1809.77,0
2021-07-21 01:00:00,1809.7,1809.85,1808.04,1808.64,0
2021-07-21 02:00:00,1808.71,1808.77,1805.14,1806.87,0
2021-07-21 03:00:00,1806.91,1808.36,1805.45,1806.87,0
2021-07-21 04:00:00,1806.85,1808.93,1806.29,1808.66,0
2021-07-21 05:00:00,1808.62,1809.46,1806.35,1808.01,0
2021-07-21 06:00:00,1808.02,1809.79,1807.05,1808.57,0
2021-07-21 07:00:00,1808.5,1813.75,1807.93,1812.46,0
2021-07-21 08:00:00,1812.47,1812.62,1806.09,1807.41,0
2021-07-21 09:00:00,1807.41,1808.19,1803.34,1807.38,0
2021-07-21 10:00:00,1807.38,1808.99,1802.67,1804.97,0
2021-07-21 11:00:00,1804.97,1806.03,1801.26,1801.94,0
2021-07-21 12:00:00,1801.88,1803.27,1799.98,1800.63,0
2021-07-21 13:00:00,1800.63,1802.68,1794.68,1799.02,0
2021-07-21 14:00:00,1799.01,1805.77,1796.96,1805.13,0
2021-07-21 15:00:00,1805.12,1805.51,1799.28,1800.77,0
2021-07-21 16:00:00,1800.72,1805.48,1800.47,1804.18,0
2021-07-21 17:00:00,1804.19,1804.85,1802.51,1803.07,0
2021-07-21 18:00:00,1803.11,1804.21,1802.36,1802.65,0
2021-07-21 19:00:00,1802.63,1804.54,1801.93,1804.39,0
2021-07-21 20:00:00,1804.32,1805.44,1803.61,1803.66,0
2021-07-21 21:00:00,1803.61,1804.42,1803.03,1803.41,0
2021-07-21 23:00:00,1803.65,1804.12,1803.15,1803.75,0
2021-07-22 00:00:00,1803.75,1803.87,1802.16,1802.6,0
2021-07-22 01:00:00,1802.62,1802.78,1801.63,1802.34,0
2021-07-22 02:00:00,1802.34,1803.14,1799.73,1802.17,0
2021-07-22 03:00:00,1802.17,1802.23,1798.85,1798.88,0
2021-07-22 04:00:00,1798.85,1799.4,1797.38,1798.55,0
2021-07-22 05:00:00,1798.55,1799.6,1797.29,1799.09,0
2021-07-22 06:00:00,1799.09,1800.82,1798.11,1798.78,0
2021-07-22 07:00:00,1798.84,1802.44,1798.2,1801.66,0
2021-07-22 08:00:00,1801.66,1803.29,1800.43,1800.58,0
2021-07-22 09:00:00,1800.58,1800.58,1792.77,1797.17,0
2021-07-22 10:00:00,1797.16,1798.1,1795.75,1796.59,0
2021-07-22 11:00:00,1796.58,1796.92,1794.73,1795.0,0
2021-07-22 12:00:00,1795.01,1798.09,1794.86,1796.63,0
2021-07-22 13:00:00,1796.57,1806.19,1794.12,1802.88,0
2021-07-22 14:00:00,1802.88,1803.94,1795.95,1799.09,0
2021-07-22 15:00:00,1799.1,1804.43,1799.01,1803.72,0
2021-07-22 16:00:00,1803.7,1808.08,1802.8,1807.21,0
2021-07-22 17:00:00,1807.19,1808.08,1804.73,1805.17,0
2021-07-22 18:00:00,1805.17,1806.95,1804.41,1806.81,0
2021-07-22 19:00:00,1806.83,1807.95,1806.43,1806.86,0
2021-07-22 20:00:00,1806.86,1807.71,1806.49,1807.17,0
2021-07-22 21:00:00,1807.16,1807.62,1806.16,1806.62,0
2021-07-22 23:00:00,1806.9,1807.58,1806.81,1807.5,0
2021-07-23 00:00:00,1807.53,1808.41,1807.15,1807.2,0
2021-07-23 01:00:00,1807.2,1808.14,1806.82,1807.02,0
2021-07-23 02:00:00,1806.93,1808.57,1804.21,1804.25,0
2021-07-23 03:00:00,1804.27,1804.79,1803.01,1803.91,0
2021-07-23 04:00:00,1803.91,1804.35,1802.28,1803.13,0
2021-07-23 05:00:00,1803.25,1803.91,1802.42,1803.32,0
2021-07-23 06:00:00,1803.35,1805.26,1802.18,1802.36,0
2021-07-23 07:00:00,1802.39,1808.13,1801.34,1807.58,0
2021-07-23 08:00:00,1807.58,1810.32,1805.73,1809.27,0
2021-07-23 09:00:00,1809.28,1809.74,1803.84,1804.43,0
2021-07-23 10:00:00,1804.43,1805.33,1800.81,1802.49,0
2021-07-23 11:00:00,1802.49,1802.59,1797.03,1797.84,0
2021-07-23 12:00:00,1797.84,1798.41,1790.11,1795.78,0
2021-07-23 13:00:00,1795.69,1804.97,1792.89,1802.99,0
2021-07-23 14:00:00,1802.99,1804.15,1797.11,1802.24,0
2021-07-23 15:00:00,1802.24,1802.58,1794.93,1798.38,0
2021-07-23 16:00:00,1798.38,1802.8,1797.82,1802.74,0
2021-07-23 17:00:00,1802.74,1804.53,1801.55,1802.1,0
2021-07-23 18:00:00,1802.13,1803.26,1800.87,1802.77,0
2021-07-23 19:00:00,1802.77,1804.69,1801.28,1801.81,0
2021-07-23 20:00:00,1801.86,1802.6,1800.69,1801.38,0
2021-07-23 21:00:00,1801.35,1802.19,1801.25,1802.04,0
2021-07-25 23:00:00,1802.25,1802.86,1800.56,1800.85,0
2021-07-26 00:00:00,1800.85,1801.57,1800.05,1800.34,0
2021-07-26 01:00:00,1800.34,1800.74,1798.43,1799.35,0
2021-07-26 02:00:00,1799.35,1806.83,1798.57,1806.55,0
2021-07-26 03:00:00,1806.56,1807.3,1804.45,1804.95,0
2021-07-26 04:00:00,1804.96,1807.32,1804.91,1806.7,0
2021-07-26 05:00:00,1806.72,1807.29,1805.81,1806.39,0
2021-07-26 06:00:00,1806.4,1809.26,1805.98,1808.21,0
2021-07-26 07:00:00,1808.18,1808.51,1804.55,1807.41,0
2021-07-26 08:00:00,1807.37,1811.49,1806.17,1807.89,0
2021-07-26 09:00:00,1807.94,1809.61,1806.35,1808.57,0
2021-07-26 10:00:00,1808.58,1809.43,1807.41,1808.42,0
2021-07-26 11:00:00,1808.33,1809.94,1807.02,1807.87,0
2021-07-26 12:00:00,1807.87,1809.69,1807.23,1807.88,0
2021-07-26 13:00:00,1807.88,1808.31,1801.12,1803.23,0
2021-07-26 14:00:00,1803.25,1804.63,1799.48,1802.44,0
2021-07-26 15:00:00,1802.42,1802.65,1796.78,1801.54,0
2021-07-26 16:00:00,1801.59,1802.41,1798.18,1799.53,0
2021-07-26 17:00:00,1799.53,1800.79,1798.31,1799.48,0
2021-07-26 18:00:00,1799.48,1800.0,1798.36,1798.5,0
2021-07-26 19:00:00,1798.5,1798.6,1796.41,1797.21,0
2021-07-26 20:00:00,1797.21,1798.48,1796.97,1797.53,0
2021-07-26 21:00:00,1797.53,1798.62,1797.19,1797.47,0
2021-07-26 23:00:00,1798.07,1798.16,1797.45,1797.6,0
2021-07-27 00:00:00,1797.6,1797.95,1796.56,1797.74,0
2021-07-27 01:00:00,1797.74,1798.52,1796.61,1798.52,0
2021-07-27 02:00:00,1798.52,1799.94,1795.03,1795.03,0
2021-07-27 03:00:00,1795.01,1799.65,1794.72,1799.26,0
2021-07-27 04:00:00,1799.26,1799.81,1797.84,1799.35,0
2021-07-27 05:00:00,1799.34,1799.6,1797.42,1798.04,0
2021-07-27 06:00:00,1798.04,1798.04,1794.61,1796.26,0
2021-07-27 07:00:00,1796.2,1797.21,1793.68,1794.57,0
2021-07-27 08:00:00,1794.57,1801.18,1793.82,1798.89,0
2021-07-27 09:00:00,1798.89,1799.6,1794.87,1796.23,0
2021-07-27 10:00:00,1796.23,1798.94,1795.42,1797.1,0
2021-07-27 11:00:00,1797.09,1798.17,1796.22,1796.78,0
2021-07-27 12:00:00,1796.78,1799.27,1795.14,1798.55,0
2021-07-27 13:00:00,1798.61,1805.27,1797.85,1802.95,0
2021-07-27 14:00:00,1802.94,1804.94,1800.12,1800.53,0
2021-07-27 15:00:00,1800.37,1803.23,1794.66,1797.57,0
2021-07-27 16:00:00,1797.52,1803.23,1795.92,1798.6,0
2021-07-27 17:00:00,1798.63,1800.56,1797.75,1800.1,0
2021-07-27 18:00:00,1800.09,1802.02,1799.67,1801.72,0
2021-07-27 19:00:00,1801.72,1802.12,1799.79,1799.99,0
2021-07-27 20:00:00,1799.99,1800.83,1799.23,1800.33,0
2021-07-27 21:00:00,1800.33,1800.68,1798.5,1798.92,0
2021-07-27 23:00:00,1800.04,1800.62,1798.99,1799.33,0
2021-07-28 00:00:00,1799.4,1800.8,1799.3,1799.93,0
2021-07-28 01:00:00,1799.93,1800.25,1798.14,1798.81,0
2021-07-28 02:00:00,1798.83,1803.67,1798.02,1802.58,0
2021-07-28 03:00:00,1802.58,1804.88,1800.85,1804.88,0
2021-07-28 04:00:00,1804.88,1807.42,1804.67,1806.27,0
2021-07-28 05:00:00,1806.27,1806.57,1804.69,1804.98,0
2021-07-28 06:00:00,1804.98,1805.75,1803.56,1805.5,0
2021-07-28 07:00:00,1805.52,1807.08,1803.76,1804.07,0
2021-07-28 08:00:00,1804.07,1805.85,1801.86,1801.86,0
2021-07-28 09:00:00,1801.92,1802.56,1799.34,1801.05,0
2021-07-28 10:00:00,1801.05,1801.81,1798.14,1799.39,0
2021-07-28 11:00:00,1799.35,1801.45,1798.78,1799.69,0
2021-07-28 12:00:00,1799.69,1799.97,1795.36,1796.62,0
2021-07-28 13:00:00,1796.59,1800.25,1796.12,1798.86,0
2021-07-28 14:00:00,1798.93,1800.42,1794.69,1795.3,0
2021-07-28 15:00:00,1795.27,1800.26,1794.51,1800.2,0
2021-07-28 16:00:00,1800.2,1802.23,1799.42,1801.02,0
2021-07-28 17:00:00,1801.02,1802.57,1800.58,1802.36,0
2021-07-28 18:00:00,1802.35,1802.84,1798.36,1798.92,0
2021-07-28 19:00:00,1798.91,1804.96,1792.44,1802.16,0
2021-07-28 20:00:00,1802.18,1809.79,1801.55,1808.77,0
2021-07-28 21:00:00,1808.85,1809.58,1806.64,1806.96,0
2021-07-28 23:00:00,1807.31,1808.95,1807.12,1808.76,0
2021-07-29 00:00:00,1808.73,1810.24,1808.47,1809.37,0
2021-07-29 01:00:00,1809.28,1810.35,1808.61,1809.52,0
2021-07-29 02:00:00,1809.61,1817.51,1809.53,1815.57,0
2021-07-29 03:00:00,1815.57,1817.25,1814.37,1816.43,0
2021-07-29 04:00:00,1816.37,1816.91,1814.87,1815.04,0
2021-07-29 05:00:00,1815.03,1816.12,1814.54,1815.69,0
2021-07-29 06:00:00,1815.69,1818.26,1815.29,1816.32,0
2021-07-29 07:00:00,1816.32,1819.2,1815.48,1818.81,0
2021-07-29 08:00:00,1818.81,1819.85,1816.07,1816.17,0
2021-07-29 09:00:00,1816.17,1822.18,1815.17,1821.58,0
2021-07-29 10:00:00,1821.62,1822.11,1819.59,1821.68,0
2021-07-29 11:00:00,1821.68,1823.75,1821.58,1821.89,0
2021-07-29 12:00:00,1821.98,1828.19,1821.68,1825.09,0
2021-07-29 13:00:00,1825.17,1827.31,1823.29,1825.76,0
2021-07-29 14:00:00,1825.76,1828.1,1823.41,1827.09,0
2021-07-29 15:00:00,1827.09,1828.61,1825.84,1827.92,0
2021-07-29 16:00:00,1827.9,1831.9,1827.07,1831.07,0
2021-07-29 17:00:00,1831.07,1832.66,1829.92,1831.15,0
2021-07-29 18:00:00,1831.16,1831.68,1830.37,1831.05,0
2021-07-29 19:00:00,1831.03,1831.37,1829.7,1831.21,0
2021-07-29 20:00:00,1831.21,1831.31,1828.25,1828.7,0
2021-07-29 21:00:00,1828.7,1828.82,1827.77,1827.97,0
2021-07-29 23:00:00,1828.52,1829.55,1828.39,1829.34,0
2021-07-30 00:00:00,1829.34,1831.22,1829.17,1830.26,0
2021-07-30 01:00:00,1830.26,1830.32,1827.06,1827.45,0
2021-07-30 02:00:00,1827.45,1830.46,1826.74,1828.2,0
2021-07-30 03:00:00,1828.2,1829.26,1827.2,1827.49,0
2021-07-30 04:00:00,1827.49,1829.81,1827.39,1828.61,0
2021-07-30 05:00:00,1828.6,1828.92,1827.01,1827.63,0
2021-07-30 06:00:00,1827.63,1829.05,1825.93,1828.43,0
2021-07-30 07:00:00,1828.41,1828.91,1826.63,1828.44,0
2021-07-30 08:00:00,1828.47,1831.34,1827.85,1829.31,0
2021-07-30 09:00:00,1829.31,1830.0,1827.98,1829.75,0
2021-07-30 10:00:00,1829.75,1829.91,1828.02,1828.37,0
2021-07-30 11:00:00,1828.37,1829.28,1827.13,1828.97,0
2021-07-30 12:00:00,1828.96,1829.08,1826.63,1827.67,0
2021-07-30 13:00:00,1827.69,1829.85,1821.85,1822.85,0
2021-07-30 14:00:00,1822.92,1827.22,1821.76,1824.42,0
2021-07-30 15:00:00,1824.42,1825.65,1820.89,1822.84,0
2021-07-30 16:00:00,1822.8,1823.9,1821.44,1822.7,0
2021-07-30 17:00:00,1822.7,1822.78,1814.3,1814.42,0
2021-07-30 18:00:00,1814.43,1816.55,1812.49,1814.65,0
2021-07-30 19:00:00,1814.63,1815.02,1810.3,1812.08,0
2021-07-30 20:00:00,1812.08,1814.95,1811.45,1814.47,0
2021-07-30 21:00:00,1814.52,1814.65,1813.24,1814.09,0
2021-08-01 23:00:00,1813.83,1815.28,1813.38,1814.16,0
2021-08-02 00:00:00,1814.14,1814.14,1812.11,1813.93,0
2021-08-02 01:00:00,1813.92,1816.58,1812.65,1816.51,0
2021-08-02 02:00:00,1816.57,1816.95,1808.51,1811.01,0
2021-08-02 03:00:00,1811.01,1812.47,1808.74,1812.16,0
2021-08-02 04:00:00,1812.16,1812.34,1810.24,1812.06,0
2021-08-02 05:00:00,1812.06,1812.22,1810.14,1810.7,0
2021-08-02 06:00:00,1810.7,1813.36,1809.35,1811.52,0
2021-08-02 07:00:00,1811.54,1811.54,1807.09,1808.42,0
2021-08-02 08:00:00,1808.43,1809.93,1806.73,1808.12,0
2021-08-02 09:00:00,1808.11,1809.35,1806.35,1807.38,0
2021-08-02 10:00:00,1807.38,1810.42,1806.83,1810.32,0
2021-08-02 11:00:00,1810.33,1810.79,1808.13,1808.8,0
2021-08-02 12:00:00,1808.76,1811.66,1807.7,1811.41,0
2021-08-02 13:00:00,1811.42,1811.64,1805.8,1806.79,0
2021-08-02 14:00:00,1806.78,1812.58,1806.16,1808.82,0
2021-08-02 15:00:00,1809.55,1816.44,1808.13,1814.77,0
2021-08-02 16:00:00,1814.75,1815.9,1813.1,1814.56,0
2021-08-02 17:00:00,1814.58,1818.53,1814.52,1817.92,0
2021-08-02 18:00:00,1817.95,1819.56,1815.47,1815.94,0
2021-08-02 19:00:00,1815.94,1816.46,1814.12,1816.41,0
2021-08-02 20:00:00,1816.47,1816.51,1812.69,1813.19,0
2021-08-02 21:00:00,1813.16,1814.32,1812.71,1813.48,0
2021-08-02 23:00:00,1813.11,1813.72,1812.87,1813.04,0
2021-08-03 00:00:00,1813.04,1813.22,1812.32,1812.51,0
2021-08-03 01:00:00,1812.69,1814.02,1810.99,1811.4,0
2021-08-03 02:00:00,1811.4,1812.85,1809.46,1812.37,0
2021-08-03 03:00:00,1812.38,1813.58,1810.55,1811.24,0
2021-08-03 04:00:00,1811.24,1811.66,1809.64,1810.87,0
2021-08-03 05:00:00,1810.87,1812.56,1810.77,1811.83,0
2021-08-03 06:00:00,1811.79,1812.08,1809.99,1811.27,0
2021-08-03 07:00:00,1811.28,1811.48,1808.29,1809.14,0
2021-08-03 08:00:00,1809.14,1811.81,1809.05,1809.74,0
2021-08-03 09:00:00,1809.74,1812.15,1808.97,1810.75,0
2021-08-03 10:00:00,1810.73,1810.83,1808.48,1810.34,0
2021-08-03 11:00:00,1810.43,1811.55,1809.56,1811.01,0
2021-08-03 12:00:00,1811.01,1811.05,1809.08,1810.15,0
2021-08-03 13:00:00,1810.12,1813.5,1807.14,1812.67,0
2021-08-03 14:00:00,1812.67,1815.03,1809.64,1813.73,0
2021-08-03 15:00:00,1813.74,1814.37,1809.3,1811.44,0
2021-08-03 16:00:00,1811.46,1811.93,1808.75,1809.3,0
2021-08-03 17:00:00,1809.36,1811.04,1808.81,1810.77,0
2021-08-03 18:00:00,1810.77,1811.65,1810.11,1810.11,0
2021-08-03 19:00:00,1810.14,1810.98,1809.86,1809.99,0
2021-08-03 20:00:00,1809.99,1811.37,1809.8,1811.21,0
2021-08-03 21:00:00,1811.1,1811.21,1810.09,1810.31,0
2021-08-03 23:00:00,1810.31,1810.74,1810.1,1810.72,0
2021-08-04 00:00:00,1810.78,1811.26,1810.57,1811.15,0
2021-08-04 01:00:00,1811.15,1811.22,1809.87,1810.49,0
2021-08-04 02:00:00,1810.49,1813.31,1808.98,1812.94,0
2021-08-04 03:00:00,1812.94,1813.81,1812.35,1813.71,0
2021-08-04 04:00:00,1813.71,1814.84,1813.15,1813.23,0
2021-08-04 05:00:00,1813.24,1813.33,1812.29,1812.48,0
2021-08-04 06:00:00,1812.48,1814.32,1812.03,1813.74,0
2021-08-04 07:00:00,1813.74,1814.59,1812.29,1814.18,0
2021-08-04 08:00:00,1814.18,1815.19,1812.97,1814.58,0
2021-08-04 09:00:00,1814.58,1815.14,1811.05,1811.4,0
2021-08-04 10:00:00,1811.4,1814.96,1810.81,1814.94,0
2021-08-04 11:00:00,1814.93,1814.98,1813.17,1813.72,0
2021-08-04 12:00:00,1813.72,1819.22,1813.22,1817.89,0
2021-08-04 13:00:00,1817.91,1828.11,1817.91,1827.13,0
2021-08-04 14:00:00,1827.25,1831.72,1826.56,1828.96,0
2021-08-04 15:00:00,1827.48,1829.55,1809.03,1811.68,0
2021-08-04 16:00:00,1811.8,1812.36,1806.43,1811.22,0
2021-08-04 17:00:00,1811.22,1812.1,1810.13,1811.82,0
2021-08-04 18:00:00,1811.82,1813.12,1810.56,1812.36,0
2021-08-04 19:00:00,1812.38,1812.47,1810.47,1811.19,0
2021-08-04 20:00:00,1811.2,1812.5,1810.85,1811.95,0
2021-08-04 21:00:00,1811.97,1812.42,1810.92,1811.88,0
2021-08-04 23:00:00,1812.05,1812.21,1811.46,1811.98,0
2021-08-05 00:00:00,1811.97,1812.48,1811.48,1811.67,0
2021-08-05 01:00:00,1811.67,1811.77,1809.6,1809.82,0
2021-08-05 02:00:00,1809.81,1811.93,1809.06,1810.48,0
2021-08-05 03:00:00,1810.58,1810.65,1809.07,1810.65,0
2021-08-05 04:00:00,1810.65,1811.75,1810.09,1811.07,0
2021-08-05 05:00:00,1811.05,1811.51,1810.18,1811.02,0
2021-08-05 06:00:00,1811.02,1811.1,1808.62,1808.72,0
2021-08-05 07:00:00,1808.72,1811.08,1808.45,1809.9,0
2021-08-05 08:00:00,1809.9,1814.62,1809.45,1813.73,0
2021-08-05 09:00:00,1813.71,1814.15,1808.43,1810.99,0
2021-08-05 10:00:00,1810.99,1811.7,1809.65,1810.52,0
2021-08-05 11:00:00,1810.47,1813.46,1809.93,1813.43,0
2021-08-05 12:00:00,1813.59,1814.88,1812.01,1813.2,0
2021-08-05 13:00:00,1813.04,1813.78,1808.61,1809.25,0
2021-08-05 14:00:00,1809.25,1812.16,1797.84,1803.77,0
2021-08-05 15:00:00,1803.74,1805.7,1800.44,1802.97,0
2021-08-05 16:00:00,1803.0,1804.64,1801.49,1804.26,0
2021-08-05 17:00:00,1804.26,1808.28,1803.91,1806.97,0
2021-08-05 18:00:00,1806.99,1807.38,1804.39,1804.89,0
2021-08-05 19:00:00,1804.89,1805.02,1803.36,1803.72,0
2021-08-05 20:00:00,1803.72,1805.76,1803.45,1804.49,0
2021-08-05 21:00:00,1804.53,1804.98,1803.76,1804.03,0
2021-08-05 23:00:00,1804.62,1804.77,1804.05,1804.06,0
2021-08-06 00:00:00,1804.14,1804.18,1803.41,1803.52,0
2021-08-06 01:00:00,1803.51,1803.73,1801.55,1801.9,0
2021-08-06 02:00:00,1801.85,1802.46,1800.36,1800.93,0
2021-08-06 03:00:00,1800.93,1801.47,1799.88,1800.54,0
2021-08-06 04:00:00,1800.54,1801.29,1799.29,1801.15,0
2021-08-06 05:00:00,1801.06,1801.31,1799.06,1800.61,0
2021-08-06 06:00:00,1800.71,1801.02,1798.93,1800.51,0
2021-08-06 07:00:00,1800.51,1802.01,1799.77,1800.13,0
2021-08-06 08:00:00,1800.13,1801.23,1797.29,1800.11,0
2021-08-06 09:00:00,1800.04,1800.8,1798.95,1799.73,0
2021-08-06 10:00:00,1799.73,1800.16,1798.04,1798.83,0
2021-08-06 11:00:00,1798.83,1799.06,1794.52,1795.0,0
2021-08-06 12:00:00,1795.01,1800.18,1794.71,1799.71,0
2021-08-06 13:00:00,1799.71,1801.45,1775.52,1776.58,0
2021-08-06 14:00:00,1776.58,1776.58,1763.26,1763.67,0
2021-08-06 15:00:00,1763.67,1768.1,1761.32,1761.57,0
2021-08-06 16:00:00,1760.84,1765.05,1758.68,1762.01,0
2021-08-06 17:00:00,1762.01,1762.61,1758.69,1759.54,0
2021-08-06 18:00:00,1759.61,1764.66,1759.61,1764.18,0
2021-08-06 19:00:00,1764.24,1765.76,1763.08,1763.61,0
2021-08-06 20:00:00,1763.59,1764.33,1759.85,1760.28,0
2021-08-06 21:00:00,1760.25,1763.54,1760.06,1763.44,0
2021-08-08 23:00:00,1764.43,1764.52,1709.48,1712.48,0
2021-08-09 00:00:00,1694.6,1725.86,1677.77,1718.62,0
2021-08-09 01:00:00,1718.67,1728.74,1705.81,1727.65,0
2021-08-09 02:00:00,1727.65,1741.87,1727.61,1734.59,0
2021-08-09 03:00:00,1734.59,1741.85,1733.39,1740.04,0
2021-08-09 04:00:00,1740.04,1740.36,1736.25,1738.13,0
2021-08-09 05:00:00,1738.13,1740.95,1737.43,1738.6,0
2021-08-09 06:00:00,1738.61,1746.67,1737.68,1742.47,0
2021-08-09 07:00:00,1742.47,1747.97,1741.95,1745.53,0
2021-08-09 08:00:00,1745.53,1752.57,1743.68,1749.17,0
2021-08-09 09:00:00,1749.17,1749.67,1745.02,1746.69,0
2021-08-09 10:00:00,1746.64,1747.57,1738.98,1743.79,0
2021-08-09 11:00:00,1743.79,1744.31,1739.05,1740.33,0
2021-08-09 12:00:00,1740.47,1748.81,1739.46,1744.19,0
2021-08-09 13:00:00,1744.31,1748.45,1737.88,1738.18,0
2021-08-09 14:00:00,1738.22,1745.41,1738.22,1738.65,0
2021-08-09 15:00:00,1738.55,1741.06,1729.53,1729.78,0
2021-08-09 16:00:00,1729.78,1732.49,1726.23,1728.49,0
2021-08-09 17:00:00,1728.49,1728.6,1723.81,1726.14,0
2021-08-09 18:00:00,1726.13,1729.93,1724.66,1729.93,0
2021-08-09 19:00:00,1729.86,1731.69,1727.97,1728.22,0
2021-08-09 20:00:00,1728.34,1730.66,1728.29,1728.79,0
2021-08-09 21:00:00,1728.79,1730.64,1728.51,1729.47,0
2021-08-09 23:00:00,1729.68,1732.32,1728.71,1731.08,0
2021-08-10 00:00:00,1731.23,1733.18,1730.54,1731.5,0
2021-08-10 01:00:00,1731.5,1732.93,1730.24,1732.48,0
2021-08-10 02:00:00,1732.44,1735.6,1731.07,1734.49,0
2021-08-10 03:00:00,1734.48,1735.32,1733.15,1734.77,0
2021-08-10 04:00:00,1734.77,1737.51,1734.15,1737.35,0
2021-08-10 05:00:00,1737.34,1737.76,1735.61,1735.84,0
2021-08-10 06:00:00,1735.84,1736.44,1732.74,1734.01,0
2021-08-10 07:00:00,1734.01,1738.31,1733.36,1736.58,0
2021-08-10 08:00:00,1736.58,1737.19,1733.65,1735.88,0
2021-08-10 09:00:00,1735.88,1735.89,1728.77,1731.62,0
2021-08-10 10:00:00,1731.58,1731.7,1728.63,1729.77,0
2021-08-10 11:00:00,1729.77,1730.99,1727.51,1730.83,0
2021-08-10 12:00:00,1730.83,1732.58,1728.59,1732.45,0
2021-08-10 13:00:00,1732.42,1733.75,1726.29,1727.66,0
2021-08-10 14:00:00,1727.66,1729.94,1720.98,1721.97,0
2021-08-10 15:00:00,1721.98,1727.29,1717.74,1726.6,0
2021-08-10 16:00:00,1726.59,1732.79,1725.61,1731.52,0
2021-08-10 17:00:00,1731.52,1732.45,1729.22,1729.46,0
2021-08-10 18:00:00,1729.46,1732.03,1729.35,1731.09,0
2021-08-10 19:00:00,1731.11,1732.1,1729.83,1730.23,0
2021-08-10 20:00:00,1730.22,1730.36,1728.44,1729.24,0
2021-08-10 21:00:00,1729.2,1729.21,1728.24,1729.1,0
2021-08-10 23:00:00,1729.43,1729.84,1728.18,1728.82,0
2021-08-11 00:00:00,1728.86,1728.98,1726.85,1726.89,0
2021-08-11 01:00:00,1726.89,1727.82,1725.12,1726.36,0
2021-08-11 02:00:00,1726.19,1731.15,1724.03,1730.97,0
2021-08-11 03:00:00,1730.92,1733.59,1729.94,1733.24,0
2021-08-11 04:00:00,1733.24,1735.18,1732.96,1733.88,0
2021-08-11 05:00:00,1733.9,1734.7,1731.98,1732.62,0
2021-08-11 06:00:00,1732.62,1734.35,1731.86,1734.29,0
2021-08-11 07:00:00,1734.32,1734.61,1729.92,1732.11,0
2021-08-11 08:00:00,1731.94,1733.51,1729.07,1732.72,0
2021-08-11 09:00:00,1732.72,1733.79,1730.93,1733.19,0
2021-08-11 10:00:00,1733.2,1734.58,1732.53,1733.42,0
2021-08-11 11:00:00,1733.35,1738.55,1733.21,1737.59,0
2021-08-11 12:00:00,1737.59,1738.43,1736.56,1737.65,0
2021-08-11 13:00:00,1737.64,1747.42,1734.84,1744.81,0
2021-08-11 14:00:00,1744.71,1746.5,1738.61,1740.05,0
2021-08-11 15:00:00,1739.92,1746.07,1739.88,1745.89,0
2021-08-11 16:00:00,1745.88,1752.07,1745.81,1751.64,0
2021-08-11 17:00:00,1751.67,1751.67,1747.67,1749.87,0
2021-08-11 18:00:00,1749.87,1754.42,1748.87,1752.74,0
2021-08-11 19:00:00,1752.74,1754.22,1751.12,1751.49,0
2021-08-11 20:00:00,1751.54,1752.96,1751.18,1752.84,0
2021-08-11 21:00:00,1752.77,1752.94,1751.3,1751.54,0
2021-08-11 23:00:00,1751.26,1751.75,1750.62,1750.93,0
2021-08-12 00:00:00,1750.97,1752.48,1750.97,1752.35,0
2021-08-12 01:00:00,1752.34,1753.62,1751.13,1751.26,0
2021-08-12 02:00:00,1751.26,1752.16,1749.01,1750.67,0
2021-08-12 03:00:00,1750.68,1751.2,1748.92,1749.94,0
2021-08-12 04:00:00,1749.94,1751.39,1749.21,1750.67,0
2021-08-12 05:00:00,1750.67,1752.44,1750.56,1751.8,0
2021-08-12 06:00:00,1751.8,1753.16,1751.09,1751.47,0
2021-08-12 07:00:00,1751.47,1755.92,1750.59,1752.92,0
2021-08-12 08:00:00,1752.91,1758.18,1751.81,1756.81,0
2021-08-12 09:00:00,1756.81,1757.64,1753.83,1755.8,0
2021-08-12 10:00:00,1755.76,1756.4,1753.58,1753.87,0
2021-08-12 11:00:00,1753.87,1753.87,1750.94,1751.03,0
2021-08-12 12:00:00,1751.03,1752.6,1749.41,1749.48,0
2021-08-12 13:00:00,1749.45,1751.68,1743.89,1749.37,0
2021-08-12 14:00:00,1749.37,1750.38,1741.64,1747.64,0
2021-08-12 15:00:00,1747.68,1749.92,1745.56,1748.19,0
2021-08-12 16:00:00,1748.19,1752.29,1746.43,1751.74,0
2021-08-12 17:00:00,1751.77,1754.0,1750.35,1751.47,0
2021-08-12 18:00:00,1751.47,1752.26,1749.62,1751.6,0
2021-08-12 19:00:00,1751.59,1753.42,1751.57,1751.77,0
2021-08-12 20:00:00,1751.77,1753.91,1751.74,1753.51,0
2021-08-12 21:00:00,1753.51,1753.68,1752.63,1752.64,0
2021-08-12 23:00:00,1752.99,1753.73,1752.68,1753.73,0
2021-08-13 00:00:00,1753.88,1754.19,1752.92,1753.53,0
2021-08-13 01:00:00,1753.53,1753.58,1752.01,1753.12,0
2021-08-13 02:00:00,1753.12,1755.88,1751.71,1754.11,0
2021-08-13 03:00:00,1754.11,1756.82,1753.92,1755.35,0
2021-08-13 04:00:00,1755.35,1756.32,1754.83,1755.24,0
2021-08-13 05:00:00,1755.24,1755.58,1754.48,1755.36,0
2021-08-13 06:00:00,1755.36,1757.05,1754.62,1755.92,0
2021-08-13 07:00:00,1755.92,1759.37,1755.45,1756.87,0
2021-08-13 08:00:00,1756.87,1760.33,1756.87,1757.67,0
2021-08-13 09:00:00,1757.56,1758.41,1755.71,1756.11,0
2021-08-13 10:00:00,1756.11,1759.17,1756.01,1758.44,0
2021-08-13 11:00:00,1758.44,1761.71,1758.41,1759.77,0
2021-08-13 12:00:00,1759.85,1761.12,1758.4,1759.31,0
2021-08-13 13:00:00,1759.32,1763.08,1756.95,1762.95,0
2021-08-13 14:00:00,1762.95,1765.77,1762.3,1764.9,0
2021-08-13 15:00:00,1764.8,1774.41,1764.5,1773.34,0
2021-08-13 16:00:00,1773.34,1778.0,1772.73,1776.67,0
2021-08-13 17:00:00,1776.67,1779.27,1776.31,1776.63,0
2021-08-13 18:00:00,1776.62,1777.87,1775.9,1777.71,0
2021-08-13 19:00:00,1777.71,1778.89,1776.62,1776.89,0
2021-08-13 20:00:00,1776.95,1778.8,1775.92,1778.8,0
2021-08-13 21:00:00,1778.78,1779.93,1777.96,1779.38,0
2021-08-15 23:00:00,1779.9,1779.97,1778.46,1779.1,0
2021-08-16 00:00:00,1779.1,1779.97,1778.48,1778.96,0
2021-08-16 01:00:00,1778.91,1780.67,1778.13,1780.56,0
2021-08-16 02:00:00,1780.66,1782.61,1777.19,1777.19,0
2021-08-16 03:00:00,1777.19,1780.27,1777.09,1779.27,0
2021-08-16 04:00:00,1779.27,1779.29,1776.69,1776.8,0
2021-08-16 05:00:00,1776.82,1777.62,1775.53,1777.09,0
2021-08-16 06:00:00,1777.09,1777.23,1772.92,1774.39,0
2021-08-16 07:00:00,1774.4,1775.48,1771.87,1773.32,0
2021-08-16 08:00:00,1773.32,1777.45,1772.9,1774.66,0
2021-08-16 09:00:00,1774.66,1776.73,1773.69,1776.0,0
2021-08-16 10:00:00,1776.05,1776.37,1773.76,1776.18,0
2021-08-16 11:00:00,1776.18,1776.82,1774.62,1774.78,0
2021-08-16 12:00:00,1774.8,1774.99,1770.81,1772.2,0
2021-08-16 13:00:00,1772.29,1781.3,1771.97,1778.34,0
2021-08-16 14:00:00,1778.34,1786.85,1777.58,1786.65,0
2021-08-16 15:00:00,1786.65,1789.27,1782.45,1788.5,0
2021-08-16 16:00:00,1788.52,1789.13,1783.98,1786.11,0
2021-08-16 17:00:00,1786.12,1786.85,1785.48,1786.7,0
2021-08-16 18:00:00,1786.68,1788.21,1785.81,1786.99,0
2021-08-16 19:00:00,1786.99,1787.6,1785.89,1787.5,0
2021-08-16 20:00:00,1787.5,1788.46,1787.32,1787.44,0
2021-08-16 21:00:00,1787.46,1787.85,1786.56,1787.11,0
2021-08-16 23:00:00,1787.16,1787.78,1786.82,1787.55,0
2021-08-17 00:00:00,1787.63,1788.49,1786.97,1787.57,0
2021-08-17 01:00:00,1787.47,1787.7,1786.27,1786.89,0
2021-08-17 02:00:00,1786.89,1788.73,1784.48,1784.87,0
2021-08-17 03:00:00,1784.87,1787.8,1784.84,1786.66,0
2021-08-17 04:00:00,1786.66,1787.69,1785.85,1785.99,0
2021-08-17 05:00:00,1785.99,1786.89,1785.49,1786.11,0
2021-08-17 06:00:00,1786.11,1792.47,1786.09,1791.53,0
2021-08-17 07:00:00,1791.59,1793.05,1791.01,1791.09,0
2021-08-17 08:00:00,1791.1,1795.32,1790.82,1792.92,0
2021-08-17 09:00:00,1792.92,1794.8,1791.03,1794.59,0
2021-08-17 10:00:00,1794.58,1795.06,1792.67,1793.93,0
2021-08-17 11:00:00,1793.93,1795.31,1793.59,1794.97,0
2021-08-17 12:00:00,1794.98,1795.52,1791.31,1791.41,0
2021-08-17 13:00:00,1791.41,1794.6,1787.97,1789.55,0
2021-08-17 14:00:00,1789.53,1792.99,1786.8,1789.73,0
2021-08-17 15:00:00,1789.8,1790.5,1781.07,1783.42,0
2021-08-17 16:00:00,1783.42,1784.05,1780.56,1782.74,0
2021-08-17 17:00:00,1782.74,1784.19,1782.17,1782.49,0
2021-08-17 18:00:00,1782.49,1786.31,1782.27,1784.3,0
2021-08-17 19:00:00,1784.25,1784.87,1782.82,1783.16,0
2021-08-17 20:00:00,1783.16,1785.6,1782.48,1785.2,0
2021-08-17 21:00:00,1785.18,1786.05,1784.75,1785.93,0
2021-08-17 23:00:00,1785.87,1786.94,1785.5,1786.37,0
2021-08-18 00:00:00,1786.37,1786.67,1785.38,1786.21,0
2021-08-18 01:00:00,1786.19,1786.91,1785.11,1785.96,0
2021-08-18 02:00:00,1785.95,1789.88,1785.45,1789.86,0
2021-08-18 03:00:00,1789.86,1791.28,1788.36,1791.27,0
2021-08-18 04:00:00,1791.27,1792.29,1789.66,1790.27,0
2021-08-18 05:00:00,1790.27,1790.45,1788.78,1789.46,0
2021-08-18 06:00:00,1789.46,1790.89,1787.92,1790.69,0
2021-08-18 07:00:00,1790.71,1793.38,1790.19,1791.77,0
2021-08-18 08:00:00,1791.77,1793.81,1790.08,1790.29,0
2021-08-18 09:00:00,1790.26,1790.38,1786.36,1787.8,0
2021-08-18 10:00:00,1787.8,1788.89,1786.87,1788.12,0
2021-08-18 11:00:00,1788.13,1788.78,1785.57,1785.58,0
2021-08-18 12:00:00,1785.61,1787.51,1782.97,1787.05,0
2021-08-18 13:00:00,1787.07,1791.24,1786.42,1788.24,0
2021-08-18 14:00:00,1788.25,1790.65,1784.47,1786.04,0
2021-08-18 15:00:00,1786.06,1786.11,1779.61,1781.96,0
2021-08-18 16:00:00,1781.91,1784.03,1777.39,1783.89,0
2021-08-18 17:00:00,1783.89,1785.24,1782.07,1783.04,0
2021-08-18 18:00:00,1783.11,1784.02,1780.54,1781.0,0
2021-08-18 19:00:00,1781.0,1790.44,1780.89,1785.61,0
2021-08-18 20:00:00,1785.73,1788.27,1784.81,1786.58,0
2021-08-18 21:00:00,1786.47,1788.33,1785.46,1787.45,0
2021-08-18 23:00:00,1787.79,1788.47,1787.17,1788.32,0
2021-08-19 00:00:00,1788.32,1788.9,1787.16,1787.5,0
2021-08-19 01:00:00,1787.5,1787.55,1784.16,1784.48,0
2021-08-19 02:00:00,1784.48,1785.49,1781.55,1781.83,0
2021-08-19 03:00:00,1781.86,1782.44,1780.58,1780.97,0
2021-08-19 04:00:00,1780.97,1780.97,1774.52,1780.0,0
2021-08-19 05:00:00,1780.0,1780.03,1776.95,1777.5,0
2021-08-19 06:00:00,1777.5,1780.03,1777.41,1778.88,0
2021-08-19 07:00:00,1778.85,1782.23,1775.72,1782.08,0
2021-08-19 08:00:00,1782.16,1782.84,1779.46,1781.51,0
2021-08-19 09:00:00,1781.52,1787.72,1777.85,1785.36,0
2021-08-19 10:00:00,1785.36,1789.81,1784.83,1789.08,0
2021-08-19 11:00:00,1789.08,1790.19,1787.68,1789.11,0
2021-08-19 12:00:00,1789.11,1789.94,1786.85,1786.97,0
2021-08-19 13:00:00,1786.97,1789.91,1783.8,1788.88,0
2021-08-19 14:00:00,1788.85,1792.4,1782.12,1784.2,0
2021-08-19 15:00:00,1784.19,1784.43,1777.18,1780.59,0
2021-08-19 16:00:00,1780.59,1784.13,1780.11,1783.11,0
2021-08-19 17:00:00,1783.11,1783.17,1780.74,1782.62,0
2021-08-19 18:00:00,1782.75,1783.05,1780.2,1780.82,0
2021-08-19 19:00:00,1780.82,1780.94,1777.67,1780.07,0
2021-08-19 20:00:00,1780.08,1781.44,1776.45,1781.03,0
2021-08-19 21:00:00,1781.06,1781.36,1779.85,1779.9,0
2021-08-19 23:00:00,1780.08,1781.51,1779.63,1780.94,0
2021-08-20 00:00:00,1780.93,1781.8,1778.7,1779.05,0
2021-08-20 01:00:00,1779.05,1781.37,1778.98,1781.04,0
2021-08-20 02:00:00,1781.01,1785.25,1780.87,1782.99,0
2021-08-20 03:00:00,1782.98,1784.05,1782.27,1783.86,0
2021-08-20 04:00:00,1783.86,1785.64,1783.17,1785.27,0
2021-08-20 05:00:00,1785.25,1786.59,1785.03,1785.93,0
2021-08-20 06:00:00,1785.93,1786.97,1784.03,1786.48,0
2021-08-20 07:00:00,1786.49,1788.46,1785.17,1787.52,0
2021-08-20 08:00:00,1787.52,1788.4,1785.25,1785.43,0
2021-08-20 09:00:00,1785.46,1787.19,1780.57,1782.61,0
2021-08-20 10:00:00,1782.61,1783.42,1781.37,1781.79,0
2021-08-20 11:00:00,1781.8,1785.17,1779.88,1784.91,0
2021-08-20 12:00:00,1784.93,1786.1,1783.13,1784.72,0
2021-08-20 13:00:00,1784.63,1786.66,1782.02,1782.17,0
2021-08-20 14:00:00,1782.17,1785.94,1779.26,1781.54,0
2021-08-20 15:00:00,1781.65,1783.6,1778.34,1782.49,0
2021-08-20 16:00:00,1782.46,1784.95,1781.1,1784.91,0
2021-08-20 17:00:00,1784.91,1786.74,1783.53,1783.89,0
2021-08-20 18:00:00,1783.88,1784.47,1781.81,1782.78,0
2021-08-20 19:00:00,1782.78,1783.2,1781.91,1782.77,0
2021-08-20 20:00:00,1782.8,1783.27,1782.05,1782.47,0
2021-08-20 21:00:00,1782.47,1782.56,1780.33,1780.96,0
2021-08-22 23:00:00,1781.15,1782.38,1778.18,1778.25,0
2021-08-23 00:00:00,1778.25,1779.29,1777.36,1778.65,0
2021-08-23 01:00:00,1778.65,1779.76,1777.16,1779.14,0
2021-08-23 02:00:00,1779.14,1786.28,1776.45,1785.57,0
2021-08-23 03:00:00,1785.57,1788.0,1785.13,1787.96,0
2021-08-23 04:00:00,1787.95,1788.69,1786.28,1786.96,0
2021-08-23 05:00:00,1786.93,1788.48,1786.83,1787.71,0
2021-08-23 06:00:00,1787.71,1788.19,1786.27,1786.3,0
2021-08-23 07:00:00,1786.3,1786.94,1784.84,1785.93,0
2021-08-23 08:00:00,1785.93,1787.32,1784.25,1785.4,0
2021-08-23 09:00:00,1785.4,1788.68,1784.69,1788.0,0
2021-08-23 10:00:00,1787.94,1788.68,1786.87,1788.16,0
2021-08-23 11:00:00,1788.14,1790.47,1787.8,1790.4,0
2021-08-23 12:00:00,1790.41,1793.05,1790.04,1790.93,0
2021-08-23 13:00:00,1790.95,1800.06,1789.81,1799.96,0
2021-08-23 14:00:00,1799.96,1806.44,1799.87,1803.24,0
2021-08-23 15:00:00,1803.5,1805.42,1795.5,1804.23,0
2021-08-23 16:00:00,1804.23,1804.82,1801.53,1804.58,0
2021-08-23 17:00:00,1804.58,1805.56,1802.87,1803.15,0
2021-08-23 18:00:00,1803.15,1804.51,1802.53,1804.33,0
2021-08-23 19:00:00,1804.33,1804.99,1803.98,1804.97,0
2021-08-23 20:00:00,1804.99,1805.23,1803.07,1803.7,0
2021-08-23 21:00:00,1803.71,1805.45,1803.48,1805.31,0
2021-08-23 23:00:00,1804.92,1805.94,1804.8,1804.82,0
2021-08-24 00:00:00,1804.83,1805.83,1804.73,1804.82,0
2021-08-24 01:00:00,1804.78,1805.02,1801.96,1801.99,0
2021-08-24 02:00:00,1802.0,1804.67,1801.26,1804.14,0
2021-08-24 03:00:00,1804.14,1804.64,1801.25,1802.84,0
2021-08-24 04:00:00,1802.85,1802.95,1800.86,1801.15,0
2021-08-24 05:00:00,1801.07,1802.0,1800.76,1802.0,0
2021-08-24 06:00:00,1802.0,1804.0,1801.24,1803.55,0
2021-08-24 07:00:00,1803.38,1805.09,1802.52,1803.54,0
2021-08-24 08:00:00,1803.55,1804.93,1800.75,1801.96,0
2021-08-24 09:00:00,1801.96,1802.44,1800.69,1802.02,0
2021-08-24 10:00:00,1802.03,1803.77,1801.46,1802.98,0
2021-08-24 11:00:00,1802.98,1805.1,1802.88,1804.43,0
2021-08-24 12:00:00,1804.4,1805.71,1803.53,1804.31,0
2021-08-24 13:00:00,1804.3,1809.48,1801.79,1807.8,0
2021-08-24 14:00:00,1807.87,1809.44,1801.51,1806.74,0
2021-08-24 15:00:00,1806.68,1809.55,1804.21,1804.62,0
2021-08-24 16:00:00,1804.67,1807.27,1803.88,1806.68,0
2021-08-24 17:00:00,1806.68,1807.4,1805.19,1806.31,0
2021-08-24 18:00:00,1806.34,1807.03,1805.26,1805.6,0
2021-08-24 19:00:00,1805.6,1806.43,1804.63,1805.94,0
2021-08-24 20:00:00,1805.95,1806.26,1803.14,1803.24,0
2021-08-24 21:00:00,1803.24,1804.0,1802.7,1802.97,0
2021-08-24 23:00:00,1802.51,1802.85,1802.37,1802.5,0
2021-08-25 00:00:00,1802.52,1802.52,1801.19,1801.81,0
2021-08-25 01:00:00,1801.81,1802.65,1793.88,1795.95,0
2021-08-25 02:00:00,1795.95,1797.84,1794.18,1794.58,0
2021-08-25 03:00:00,1794.58,1796.38,1793.55,1795.94,0
2021-08-25 04:00:00,1795.9,1795.99,1793.83,1794.89,0
2021-08-25 05:00:00,1794.87,1795.13,1791.81,1794.25,0
2021-08-25 06:00:00,1794.25,1796.8,1793.62,1795.08,0
2021-08-25 07:00:00,1795.13,1797.52,1793.27,1793.57,0
2021-08-25 08:00:00,1793.57,1796.18,1791.84,1794.45,0
2021-08-25 09:00:00,1794.45,1796.32,1792.5,1793.81,0
2021-08-25 10:00:00,1793.82,1795.3,1792.45,1794.16,0
2021-08-25 11:00:00,1794.16,1794.94,1792.94,1794.32,0
2021-08-25 12:00:00,1794.32,1795.34,1790.33,1794.25,0
2021-08-25 13:00:00,1794.25,1797.68,1790.48,1795.75,0
2021-08-25 14:00:00,1795.75,1797.81,1785.57,1789.34,0
2021-08-25 15:00:00,1789.35,1789.79,1782.6,1784.41,0
2021-08-25 16:00:00,1784.43,1789.16,1784.14,1789.09,0
2021-08-25 17:00:00,1789.09,1791.9,1789.04,1789.91,0
2021-08-25 18:00:00,1789.91,1790.5,1788.31,1789.28,0
2021-08-25 19:00:00,1789.28,1793.03,1789.28,1792.26,0
2021-08-25 20:00:00,1792.26,1792.47,1790.33,1790.92,0
2021-08-25 21:00:00,1790.88,1791.07,1789.78,1790.45,0
2021-08-25 23:00:00,1791.04,1791.24,1790.49,1790.83,0
2021-08-26 00:00:00,1790.83,1791.65,1790.83,1791.65,0
2021-08-26 01:00:00,1791.65,1792.02,1790.02,1790.22,0
2021-08-26 02:00:00,1790.22,1791.13,1787.63,1790.29,0
2021-08-26 03:00:00,1790.3,1790.42,1787.32,1788.75,0
2021-08-26 04:00:00,1788.78,1789.14,1787.68,1787.88,0
2021-08-26 05:00:00,1787.88,1788.22,1786.72,1787.06,0
2021-08-26 06:00:00,1787.06,1788.27,1786.07,1786.44,0
2021-08-26 07:00:00,1786.42,1787.31,1783.72,1784.59,0
2021-08-26 08:00:00,1784.54,1787.99,1784.3,1787.07,0
2021-08-26 09:00:00,1787.15,1787.15,1783.35,1784.5,0
2021-08-26 10:00:00,1784.5,1786.08,1784.0,1785.53,0
2021-08-26 11:00:00,1785.53,1788.85,1785.28,1788.0,0
2021-08-26 12:00:00,1787.97,1790.25,1787.8,1788.55,0
2021-08-26 13:00:00,1788.55,1790.93,1780.92,1784.01,0
2021-08-26 14:00:00,1784.14,1788.67,1780.08,1786.09,0
2021-08-26 15:00:00,1785.97,1795.0,1785.5,1791.64,0
2021-08-26 16:00:00,1791.71,1798.21,1791.71,1793.15,0
2021-08-26 17:00:00,1793.15,1793.49,1791.24,1792.23,0
2021-08-26 18:00:00,1792.23,1794.23,1790.79,1791.53,0
2021-08-26 19:00:00,1791.53,1791.97,1790.21,1791.05,0
2021-08-26 20:00:00,1791.05,1792.79,1790.82,1792.7,0
2021-08-26 21:00:00,1792.7,1792.77,1791.4,1791.92,0
2021-08-26 23:00:00,1792.31,1793.26,1792.13,1792.89,0
2021-08-27 00:00:00,1792.87,1793.8,1792.66,1793.56,0
2021-08-27 01:00:00,1793.56,1794.57,1792.9,1793.95,0
2021-08-27 02:00:00,1794.06,1795.66,1793.59,1794.76,0
2021-08-27 03:00:00,1794.75,1799.01,1794.74,1797.29,0
2021-08-27 04:00:00,1797.29,1799.23,1797.2,1798.08,0
2021-08-27 05:00:00,1798.06,1800.01,1797.68,1799.92,0
2021-08-27 06:00:00,1799.91,1802.72,1799.42,1801.77,0
2021-08-27 07:00:00,1801.76,1805.16,1801.76,1803.3,0
2021-08-27 08:00:00,1803.3,1804.23,1800.21,1801.57,0
2021-08-27 09:00:00,1801.57,1801.76,1794.91,1797.08,0
2021-08-27 10:00:00,1797.08,1797.49,1795.29,1796.93,0
2021-08-27 11:00:00,1796.93,1796.96,1793.99,1794.58,0
2021-08-27 12:00:00,1794.5,1796.66,1792.54,1796.66,0
2021-08-27 13:00:00,1796.66,1800.63,1794.09,1798.57,0
2021-08-27 14:00:00,1798.62,1799.24,1787.74,1792.27,0
2021-08-27 15:00:00,1792.2,1808.99,1785.02,1807.75,0
2021-08-27 16:00:00,1807.69,1813.36,1805.56,1812.97,0
2021-08-27 17:00:00,1812.96,1817.13,1812.75,1816.92,0
2021-08-27 18:00:00,1816.92,1818.72,1815.29,1818.03,0
2021-08-27 19:00:00,1818.03,1818.44,1815.99,1817.67,0
2021-08-27 20:00:00,1817.67,1819.28,1817.28,1819.03,0
2021-08-27 21:00:00,1819.03,1819.11,1817.5,1818.13,0
2021-08-29 23:00:00,1817.9,1819.21,1817.22,1817.87,0
2021-08-30 00:00:00,1817.85,1818.9,1817.59,1818.45,0
2021-08-30 01:00:00,1818.45,1821.31,1817.44,1820.99,0
2021-08-30 02:00:00,1820.99,1823.17,1816.35,1817.59,0
2021-08-30 03:00:00,1817.59,1818.76,1813.49,1813.61,0
2021-08-30 04:00:00,1813.62,1815.66,1813.41,1815.13,0
2021-08-30 05:00:00,1815.13,1816.39,1814.45,1816.12,0
2021-08-30 06:00:00,1816.12,1818.18,1814.83,1815.1,0
2021-08-30 07:00:00,1815.12,1815.72,1812.79,1814.48,0
2021-08-30 08:00:00,1814.45,1815.12,1812.95,1815.12,0
2021-08-30 09:00:00,1815.12,1815.78,1813.72,1814.99,0
2021-08-30 10:00:00,1814.99,1816.03,1814.31,1815.93,0
2021-08-30 11:00:00,1815.93,1816.84,1814.89,1816.37,0
2021-08-30 12:00:00,1816.38,1817.83,1815.32,1817.13,0
2021-08-30 13:00:00,1817.15,1817.8,1814.44,1814.61,0
2021-08-30 14:00:00,1814.61,1815.65,1812.06,1812.35,0
2021-08-30 15:00:00,1812.36,1815.7,1810.05,1811.74,0
2021-08-30 16:00:00,1811.74,1812.39,1809.1,1810.22,0
2021-08-30 17:00:00,1810.22,1810.88,1809.62,1810.65,0
2021-08-30 18:00:00,1810.65,1811.03,1809.16,1809.94,0
2021-08-30 19:00:00,1809.93,1811.02,1807.79,1811.02,0
2021-08-30 20:00:00,1811.02,1811.39,1810.12,1810.63,0
2021-08-30 21:00:00,1810.61,1810.99,1809.39,1810.26,0
2021-08-30 23:00:00,1809.86,1810.5,1809.66,1810.14,0
2021-08-31 00:00:00,1810.15,1811.23,1809.94,1810.46,0
2021-08-31 01:00:00,1810.46,1812.93,1809.75,1812.7,0
2021-08-31 02:00:00,1812.7,1814.39,1811.65,1812.77,0
2021-08-31 03:00:00,1812.77,1814.03,1812.17,1812.72,0
2021-08-31 04:00:00,1812.69,1815.92,1812.61,1815.84,0
2021-08-31 05:00:00,1815.85,1816.02,1814.56,1814.81,0
2021-08-31 06:00:00,1814.75,1817.43,1814.7,1817.24,0
2021-08-31 07:00:00,1817.24,1819.21,1814.41,1814.89,0
2021-08-31 08:00:00,1814.79,1816.7,1814.72,1815.4,0
2021-08-31 09:00:00,1815.4,1816.44,1813.85,1815.07,0
2021-08-31 10:00:00,1815.07,1815.85,1813.82,1814.39,0
2021-08-31 11:00:00,1814.39,1817.04,1811.95,1812.35,0
2021-08-31 12:00:00,1812.35,1814.78,1812.06,1812.73,0
2021-08-31 13:00:00,1812.73,1814.07,1809.06,1809.56,0
2021-08-31 14:00:00,1809.58,1815.25,1801.61,1810.55,0
2021-08-31 15:00:00,1810.53,1815.83,1805.0,1807.04,0
2021-08-31 16:00:00,1807.04,1808.96,1804.21,1807.87,0
2021-08-31 17:00:00,1807.86,1814.3,1807.57,1814.05,0
2021-08-31 18:00:00,1814.03,1816.4,1813.6,1814.51,0
2021-08-31 19:00:00,1814.51,1815.75,1813.99,1815.14,0
2021-08-31 20:00:00,1815.14,1815.59,1813.96,1814.85,0
2021-08-31 21:00:00,1814.85,1815.67,1813.53,1813.74,0
2021-08-31 23:00:00,1814.36,1814.69,1813.68,1814.01,0
2021-09-01 00:00:00,1813.98,1815.01,1813.77,1814.54,0
2021-09-01 01:00:00,1814.48,1814.66,1812.02,1812.37,0
2021-09-01 02:00:00,1812.33,1815.46,1810.42,1812.16,0
2021-09-01 03:00:00,1812.13,1814.19,1811.62,1813.97,0
2021-09-01 04:00:00,1813.97,1815.59,1813.18,1815.3,0
2021-09-01 05:00:00,1815.21,1815.99,1814.17,1815.05,0
2021-09-01 06:00:00,1815.05,1815.63,1812.67,1815.41,0
2021-09-01 07:00:00,1815.41,1817.03,1814.96,1816.29,0
2021-09-01 08:00:00,1816.26,1816.84,1811.07,1811.32,0
2021-09-01 09:00:00,1811.35,1812.11,1809.39,1810.82,0
2021-09-01 10:00:00,1810.82,1814.56,1810.56,1813.03,0
2021-09-01 11:00:00,1813.08,1814.08,1812.72,1813.61,0
2021-09-01 12:00:00,1813.61,1814.33,1811.33,1812.94,0
2021-09-01 13:00:00,1813.01,1820.03,1811.96,1819.39,0
2021-09-01 14:00:00,1819.34,1820.09,1811.12,1813.07,0
2021-09-01 15:00:00,1813.2,1814.96,1809.69,1809.88,0
2021-09-01 16:00:00,1809.88,1815.48,1808.7,1815.47,0
2021-09-01 17:00:00,1815.47,1816.57,1813.11,1813.36,0
2021-09-01 18:00:00,1813.37,1813.96,1812.01,1812.73,0
2021-09-01 19:00:00,1812.71,1813.51,1812.25,1813.25,0
2021-09-01 20:00:00,1813.14,1815.17,1812.96,1814.78,0
2021-09-01 21:00:00,1814.78,1814.78,1813.61,1814.18,0
2021-09-01 23:00:00,1813.64,1814.12,1813.64,1813.93,0
2021-09-02 00:00:00,1813.95,1814.12,1812.81,1813.11,0
2021-09-02 01:00:00,1813.08,1815.26,1812.94,1814.4,0
2021-09-02 02:00:00,1814.42,1816.07,1813.08,1813.58,0
2021-09-02 03:00:00,1813.58,1814.6,1813.06,1813.28,0
2021-09-02 04:00:00,1813.28,1813.49,1811.2,1811.25,0
2021-09-02 05:00:00,1811.25,1812.0,1810.75,1810.99,0
2021-09-02 06:00:00,1810.99,1814.54,1810.81,1814.37,0
2021-09-02 07:00:00,1814.38,1815.36,1813.63,1814.95,0
2021-09-02 08:00:00,1814.95,1815.18,1812.32,1814.76,0
2021-09-02 09:00:00,1814.76,1815.9,1814.17,1815.66,0
2021-09-02 10:00:00,1815.66,1817.08,1814.75,1816.92,0
2021-09-02 11:00:00,1816.92,1817.15,1815.27,1815.32,0
2021-09-02 12:00:00,1815.32,1816.08,1813.13,1815.54,0
2021-09-02 13:00:00,1815.47,1816.34,1809.48,1813.67,0
2021-09-02 14:00:00,1813.8,1813.87,1809.19,1812.5,0
2021-09-02 15:00:00,1812.5,1813.65,1804.94,1812.56,0
2021-09-02 16:00:00,1812.6,1813.45,1808.04,1809.06,0
2021-09-02 17:00:00,1808.97,1809.88,1806.99,1809.18,0
2021-09-02 18:00:00,1809.18,1810.07,1807.97,1809.76,0
2021-09-02 19:00:00,1809.76,1811.06,1808.39,1809.29,0
2021-09-02 20:00:00,1809.29,1810.46,1809.07,1809.84,0
2021-09-02 21:00:00,1809.84,1810.31,1809.39,1809.54,0
2021-09-02 23:00:00,1809.39,1809.73,1809.05,1809.1,0
2021-09-03 00:00:00,1809.07,1809.65,1809.07,1809.53,0
2021-09-03 01:00:00,1809.54,1811.12,1808.98,1811.08,0
2021-09-03 02:00:00,1811.02,1813.27,1810.59,1812.91,0
2021-09-03 03:00:00,1812.91,1814.86,1812.49,1813.36,0
2021-09-03 04:00:00,1813.29,1814.11,1812.58,1812.59,0
2021-09-03 05:00:00,1812.59,1812.59,1811.39,1811.65,0
2021-09-03 06:00:00,1811.65,1812.87,1810.68,1812.62,0
2021-09-03 07:00:00,1812.64,1813.63,1811.89,1813.17,0
2021-09-03 08:00:00,1813.18,1814.43,1810.99,1811.28,0
2021-09-03 09:00:00,1811.28,1813.11,1811.17,1811.56,0
2021-09-03 10:00:00,1811.61,1813.81,1811.37,1813.53,0
2021-09-03 11:00:00,1813.52,1814.04,1812.82,1813.58,0
2021-09-03 12:00:00,1813.58,1815.47,1813.58,1814.74,0
2021-09-03 13:00:00,1814.72,1829.45,1813.2,1823.44,0
2021-09-03 14:00:00,1823.45,1826.6,1819.28,1824.96,0
2021-09-03 15:00:00,1824.94,1831.14,1821.95,1830.35,0
2021-09-03 16:00:00,1830.33,1834.0,1827.62,1829.43,0
2021-09-03 17:00:00,1829.35,1830.47,1828.13,1830.13,0
2021-09-03 18:00:00,1830.09,1832.83,1829.63,1831.22,0
2021-09-03 19:00:00,1831.22,1831.44,1829.9,1830.45,0
2021-09-03 20:00:00,1830.45,1830.64,1828.33,1828.63,0
2021-09-03 21:00:00,1828.62,1828.99,1827.27,1827.52,0
2021-09-05 23:00:00,1827.98,1830.29,1827.63,1828.6,0
2021-09-06 00:00:00,1828.64,1828.72,1827.53,1827.63,0
2021-09-06 01:00:00,1827.65,1827.91,1825.53,1825.72,0
2021-09-06 02:00:00,1825.74,1828.55,1825.2,1827.44,0
2021-09-06 03:00:00,1827.4,1828.16,1826.55,1827.6,0
2021-09-06 04:00:00,1827.54,1827.95,1825.59,1825.91,0
2021-09-06 05:00:00,1825.89,1827.0,1825.54,1826.46,0
2021-09-06 06:00:00,1826.46,1827.97,1825.51,1827.61,0
2021-09-06 07:00:00,1827.57,1828.35,1826.36,1826.55,0
2021-09-06 08:00:00,1826.55,1827.12,1825.56,1826.05,0
2021-09-06 09:00:00,1826.05,1827.02,1823.92,1824.93,0
2021-09-06 10:00:00,1824.93,1825.63,1823.61,1824.67,0
2021-09-06 11:00:00,1824.68,1824.85,1822.77,1823.94,0
2021-09-06 12:00:00,1823.94,1824.88,1822.95,1823.93,0
2021-09-06 13:00:00,1823.93,1823.95,1822.38,1822.6,0
2021-09-06 14:00:00,1822.6,1824.23,1821.65,1823.39,0
2021-09-06 15:00:00,1823.4,1823.49,1821.42,1821.8,0
2021-09-06 16:00:00,1821.8,1823.15,1821.43,1822.01,0
2021-09-06 17:00:00,1822.01,1823.52,1821.91,1823.22,0
2021-09-06 23:00:00,1823.74,1823.9,1821.9,1822.6,0
2021-09-07 00:00:00,1822.62,1824.22,1822.59,1823.55,0
2021-09-07 01:00:00,1823.55,1826.27,1823.29,1826.0,0
2021-09-07 02:00:00,1826.03,1827.24,1825.5,1826.51,0
2021-09-07 03:00:00,1826.49,1827.21,1825.08,1826.1,0
2021-09-07 04:00:00,1826.1,1826.14,1822.63,1823.17,0
2021-09-07 05:00:00,1823.17,1823.34,1821.18,1821.52,0
2021-09-07 06:00:00,1821.5,1821.83,1817.01,1818.31,0
2021-09-07 07:00:00,1818.32,1818.91,1815.66,1818.66,0
2021-09-07 08:00:00,1818.72,1820.6,1817.45,1817.68,0
2021-09-07 09:00:00,1817.69,1817.75,1813.16,1814.82,0
2021-09-07 10:00:00,1814.81,1814.9,1810.02,1810.47,0
2021-09-07 11:00:00,1810.49,1812.21,1809.62,1810.44,0
2021-09-07 12:00:00,1810.47,1811.3,1808.32,1810.97,0
2021-09-07 13:00:00,1810.84,1813.21,1808.44,1808.76,0
2021-09-07 14:00:00,1808.81,1815.1,1808.47,1809.77,0
2021-09-07 15:00:00,1809.77,1809.99,1793.24,1796.8,0
2021-09-07 16:00:00,1796.79,1798.48,1792.37,1797.35,0
2021-09-07 17:00:00,1797.41,1798.86,1794.26,1795.88,0
2021-09-07 18:00:00,1795.88,1797.17,1795.5,1796.49,0
2021-09-07 19:00:00,1796.49,1798.23,1796.12,1796.23,0
2021-09-07 20:00:00,1796.22,1796.97,1793.1,1793.63,0
2021-09-07 21:00:00,1793.66,1794.56,1793.36,1794.27,0
2021-09-07 23:00:00,1794.88,1795.53,1794.88,1795.19,0
2021-09-08 00:00:00,1795.25,1795.83,1794.68,1795.72,0
2021-09-08 01:00:00,1795.72,1798.73,1795.43,1798.4,0
2021-09-08 02:00:00,1798.4,1798.88,1796.12,1798.22,0
2021-09-08 03:00:00,1798.21,1801.08,1798.0,1800.41,0
2021-09-08 04:00:00,1800.42,1800.82,1797.05,1798.11,0
2021-09-08 05:00:00,1798.11,1798.4,1797.38,1798.28,0
2021-09-08 06:00:00,1798.28,1798.28,1796.11,1796.27,0
2021-09-08 07:00:00,1796.27,1797.42,1794.26,1795.73,0
2021-09-08 08:00:00,1795.73,1801.26,1795.04,1798.92,0
2021-09-08 09:00:00,1798.93,1799.62,1797.64,1798.76,0
2021-09-08 10:00:00,1798.76,1799.19,1796.93,1797.03,0
2021-09-08 11:00:00,1797.03,1798.35,1796.79,1797.85,0
2021-09-08 12:00:00,1797.85,1799.9,1796.43,1797.0,0
2021-09-08 13:00:00,1797.0,1802.17,1796.59,1796.72,0
2021-09-08 14:00:00,1796.72,1797.9,1782.37,1788.84,0
2021-09-08 15:00:00,1788.84,1790.52,1784.04,1788.79,0
2021-09-08 16:00:00,1788.79,1795.14,1788.07,1791.94,0
2021-09-08 17:00:00,1791.94,1793.24,1790.27,1791.0,0
2021-09-08 18:00:00,1791.0,1793.14,1790.18,1792.26,0
2021-09-08 19:00:00,1792.28,1793.47,1791.24,1791.46,0
2021-09-08 20:00:00,1791.46,1791.57,1788.59,1788.75,0
2021-09-08 21:00:00,1788.77,1790.14,1788.69,1789.19,0
2021-09-08 23:00:00,1789.94,1790.63,1789.43,1789.87,0
2021-09-09 00:00:00,1789.87,1790.95,1788.59,1790.79,0
2021-09-09 01:00:00,1790.79,1790.79,1788.06,1789.6,0
2021-09-09 02:00:00,1789.61,1789.98,1787.09,1788.84,0
2021-09-09 03:00:00,1788.87,1790.22,1788.29,1789.54,0
2021-09-09 04:00:00,1789.54,1790.55,1787.81,1788.3,0
2021-09-09 05:00:00,1788.4,1788.52,1786.94,1788.14,0
2021-09-09 06:00:00,1788.14,1788.72,1786.62,1787.65,0
2021-09-09 07:00:00,1787.67,1789.4,1786.97,1788.33,0
2021-09-09 08:00:00,1788.33,1792.88,1787.95,1792.37,0
2021-09-09 09:00:00,1792.31,1795.41,1792.13,1794.72,0
2021-09-09 10:00:00,1794.75,1795.8,1793.23,1794.74,0
2021-09-09 11:00:00,1794.74,1795.72,1794.55,1794.8,0
2021-09-09 12:00:00,1794.8,1800.93,1794.46,1798.93,0
2021-09-09 13:00:00,1798.94,1800.02,1791.25,1791.82,0
2021-09-09 14:00:00,1791.79,1799.22,1788.62,1790.22,0
2021-09-09 15:00:00,1790.17,1790.47,1783.78,1789.02,0
2021-09-09 16:00:00,1789.11,1792.85,1788.3,1792.29,0
2021-09-09 17:00:00,1792.28,1794.32,1791.42,1793.72,0
2021-09-09 18:00:00,1793.79,1799.17,1793.78,1796.9,0
2021-09-09 19:00:00,1796.99,1797.11,1792.86,1794.75,0
2021-09-09 20:00:00,1794.76,1796.29,1790.93,1796.07,0
2021-09-09 21:00:00,1796.07,1796.46,1793.91,1794.2,0
2021-09-09 23:00:00,1794.04,1795.6,1792.58,1795.18,0
2021-09-10 00:00:00,1795.22,1796.2,1793.93,1794.81,0
2021-09-10 01:00:00,1794.79,1796.21,1794.68,1795.86,0
2021-09-10 02:00:00,1795.89,1797.02,1792.71,1794.57,0
2021-09-10 03:00:00,1794.61,1799.76,1793.4,1799.73,0
2021-09-10 04:00:00,1799.73,1799.9,1797.85,1798.13,0
2021-09-10 05:00:00,1798.12,1798.3,1796.37,1796.39,0
2021-09-10 06:00:00,1796.37,1803.87,1796.21,1802.41,0
2021-09-10 07:00:00,1802.38,1803.8,1800.37,1803.4,0
2021-09-10 08:00:00,1803.39,1803.75,1800.2,1801.69,0
2021-09-10 09:00:00,1801.69,1803.33,1799.89,1801.75,0
2021-09-10 10:00:00,1801.75,1802.39,1797.07,1797.48,0
2021-09-10 11:00:00,1797.48,1797.57,1792.96,1793.75,0
2021-09-10 12:00:00,1793.75,1797.72,1793.46,1797.67,0
2021-09-10 13:00:00,1797.57,1800.42,1792.6,1793.52,0
2021-09-10 14:00:00,1793.52,1796.01,1789.65,1794.86,0
2021-09-10 15:00:00,1795.0,1796.9,1793.1,1796.72,0
2021-09-10 16:00:00,1796.7,1796.74,1790.97,1792.77,0
2021-09-10 17:00:00,1792.77,1793.71,1790.87,1791.69,0
2021-09-10 18:00:00,1791.69,1793.13,1788.85,1789.39,0
2021-09-10 19:00:00,1789.39,1791.3,1788.37,1790.61,0
2021-09-10 20:00:00,1790.63,1790.75,1787.24,1787.89,0
2021-09-10 21:00:00,1787.89,1788.74,1787.55,1787.66,0
2021-09-12 23:00:00,1788.93,1788.93,1787.03,1788.45,0
2021-09-13 00:00:00,1788.4,1788.62,1786.95,1787.35,0
2021-09-13 01:00:00,1787.33,1787.62,1786.0,1787.11,0
2021-09-13 02:00:00,1787.07,1790.0,1783.7,1788.41,0
2021-09-13 03:00:00,1788.4,1790.35,1788.03,1790.01,0
2021-09-13 04:00:00,1790.01,1792.58,1789.92,1792.3,0
2021-09-13 05:00:00,1792.31,1792.4,1790.83,1791.0,0
2021-09-13 06:00:00,1791.0,1793.3,1790.19,1793.03,0
2021-09-13 07:00:00,1793.03,1793.67,1788.15,1788.62,0
2021-09-13 08:00:00,1788.62,1790.53,1786.96,1789.97,0
2021-09-13 09:00:00,1789.97,1791.25,1789.0,1790.84,0
2021-09-13 10:00:00,1790.84,1791.39,1787.85,1790.1,0
2021-09-13 11:00:00,1790.11,1790.34,1787.7,1788.05,0
2021-09-13 12:00:00,1788.05,1790.4,1787.96,1789.87,0
2021-09-13 13:00:00,1789.87,1791.72,1785.7,1785.9,0
2021-09-13 14:00:00,1785.92,1794.4,1785.23,1793.85,0
2021-09-13 15:00:00,1793.92,1798.41,1793.07,1796.07,0
2021-09-13 16:00:00,1796.09,1796.27,1793.99,1795.3,0
2021-09-13 17:00:00,1795.3,1795.61,1792.94,1793.77,0
2021-09-13 18:00:00,1793.82,1794.03,1791.05,1792.05,0
2021-09-13 19:00:00,1792.05,1793.24,1791.7,1792.55,0
2021-09-13 20:00:00,1792.55,1793.68,1792.36,1793.24,0
2021-09-13 21:00:00,1793.24,1793.62,1792.99,1793.48,0
2021-09-13 23:00:00,1793.24,1793.64,1792.76,1792.87,0
2021-09-14 00:00:00,1792.87,1793.17,1792.57,1793.05,0
2021-09-14 01:00:00,1793.05,1793.25,1790.91,1791.24,0
2021-09-14 02:00:00,1791.24,1791.94,1789.7,1790.86,0
2021-09-14 03:00:00,1790.86,1792.93,1790.07,1791.44,0
2021-09-14 04:00:00,1791.44,1791.63,1790.06,1791.02,0
2021-09-14 05:00:00,1791.02,1792.06,1790.65,1790.86,0
2021-09-14 06:00:00,1790.87,1793.41,1790.48,1793.0,0
2021-09-14 07:00:00,1793.0,1793.33,1791.68,1792.51,0
2021-09-14 08:00:00,1792.51,1794.87,1790.2,1790.62,0
2021-09-14 09:00:00,1790.59,1790.71,1788.12,1788.93,0
2021-09-14 10:00:00,1788.93,1789.11,1787.42,1787.91,0
2021-09-14 11:00:00,1787.91,1787.91,1785.42,1786.75,0
2021-09-14 12:00:00,1786.76,1788.22,1782.23,1784.38,0
2021-09-14 13:00:00,1784.38,1799.07,1780.84,1797.14,0
2021-09-14 14:00:00,1797.18,1800.55,1790.77,1794.16,0
2021-09-14 15:00:00,1794.17,1807.97,1792.1,1804.33,0
2021-09-14 16:00:00,1804.34,1808.65,1804.2,1805.72,0
2021-09-14 17:00:00,1805.72,1806.38,1803.27,1803.67,0
2021-09-14 18:00:00,1803.68,1806.14,1803.22,1805.76,0
2021-09-14 19:00:00,1805.75,1806.68,1802.98,1803.06,0
2021-09-14 20:00:00,1803.08,1805.43,1802.91,1805.23,0
2021-09-14 21:00:00,1805.23,1805.42,1804.41,1804.6,0
2021-09-14 23:00:00,1804.22,1804.39,1803.54,1804.02,0
2021-09-15 00:00:00,1804.02,1804.68,1803.67,1803.76,0
2021-09-15 01:00:00,1803.76,1804.26,1802.59,1802.88,0
2021-09-15 02:00:00,1802.87,1804.13,1801.4,1803.79,0
2021-09-15 03:00:00,1803.79,1804.68,1802.06,1802.82,0
2021-09-15 04:00:00,1802.82,1803.85,1802.42,1803.49,0
2021-09-15 05:00:00,1803.47,1803.89,1802.53,1803.38,0
2021-09-15 06:00:00,1803.38,1804.02,1801.76,1802.77,0
2021-09-15 07:00:00,1802.81,1804.32,1799.63,1800.52,0
2021-09-15 08:00:00,1800.53,1802.25,1799.66,1801.89,0
2021-09-15 09:00:00,1801.89,1802.68,1798.98,1800.5,0
2021-09-15 10:00:00,1800.5,1802.62,1799.78,1801.87,0
2021-09-15 11:00:00,1801.87,1802.53,1800.95,1802.48,0
2021-09-15 12:00:00,1802.48,1803.51,1801.32,1802.12,0
2021-09-15 13:00:00,1802.29,1806.95,1795.02,1796.64,0
2021-09-15 14:00:00,1796.66,1800.08,1794.47,1796.92,0
2021-09-15 15:00:00,1796.92,1798.24,1791.83,1794.05,0
2021-09-15 16:00:00,1794.01,1795.12,1791.34,1793.99,0
2021-09-15 17:00:00,1793.99,1793.99,1791.81,1793.2,0
2021-09-15 18:00:00,1793.2,1794.11,1792.38,1792.38,0
2021-09-15 19:00:00,1792.38,1793.44,1790.73,1793.23,0
2021-09-15 20:00:00,1793.14,1794.35,1791.7,1794.2,0
2021-09-15 21:00:00,1794.31,1794.38,1793.17,1793.63,0
2021-09-15 23:00:00,1794.12,1795.64,1793.73,1794.29,0
2021-09-16 00:00:00,1794.29,1795.31,1793.39,1795.06,0
2021-09-16 01:00:00,1795.11,1795.46,1793.63,1794.93,0
2021-09-16 02:00:00,1794.93,1796.09,1792.45,1795.75,0
2021-09-16 03:00:00,1795.75,1796.19,1794.17,1794.17,0
2021-09-16 04:00:00,1794.17,1794.33,1790.99,1791.35,0
2021-09-16 05:00:00,1791.3,1791.88,1789.6,1791.03,0
2021-09-16 06:00:00,1791.03,1792.23,1785.86,1786.82,0
2021-09-16 07:00:00,1786.81,1787.26,1784.07,1785.76,0
2021-09-16 08:00:00,1785.76,1786.81,1782.79,1785.88,0
2021-09-16 09:00:00,1786.0,1786.56,1784.08,1784.71,0
2021-09-16 10:00:00,1784.74,1784.74,1777.74,1777.93,0
2021-09-16 11:00:00,1777.97,1780.44,1775.38,1779.55,0
2021-09-16 12:00:00,1779.53,1779.7,1771.17,1771.27,0
2021-09-16 13:00:00,1771.27,1773.33,1760.47,1762.62,0
2021-09-16 14:00:00,1762.76,1762.97,1745.3,1753.09,0
2021-09-16 15:00:00,1753.11,1756.36,1748.82,1753.97,0
2021-09-16 16:00:00,1753.96,1758.5,1752.63,1754.84,0
2021-09-16 17:00:00,1754.85,1755.35,1753.1,1754.88,0
2021-09-16 18:00:00,1754.86,1757.19,1754.13,1756.22,0
2021-09-16 19:00:00,1756.22,1756.8,1753.48,1754.12,0
2021-09-16 20:00:00,1754.1,1755.63,1753.65,1754.45,0
2021-09-16 21:00:00,1754.45,1754.75,1751.55,1753.4,0
2021-09-16 23:00:00,1753.54,1753.84,1752.51,1753.74,0
2021-09-17 00:00:00,1753.74,1754.67,1753.54,1753.86,0
2021-09-17 01:00:00,1753.88,1756.42,1753.81,1756.41,0
2021-09-17 02:00:00,1756.39,1758.1,1754.72,1755.03,0
2021-09-17 03:00:00,1755.03,1758.15,1754.94,1758.14,0
2021-09-17 04:00:00,1758.14,1759.45,1757.6,1758.01,0
2021-09-17 05:00:00,1758.01,1760.54,1757.89,1760.45,0
2021-09-17 06:00:00,1760.46,1762.85,1759.89,1762.78,0
2021-09-17 07:00:00,1762.74,1765.43,1761.61,1763.32,0
2021-09-17 08:00:00,1763.25,1764.31,1760.1,1761.48,0
2021-09-17 09:00:00,1761.48,1766.18,1761.13,1765.91,0
2021-09-17 10:00:00,1765.93,1767.49,1764.69,1766.13,0
2021-09-17 11:00:00,1766.13,1767.09,1761.62,1761.76,0
2021-09-17 12:00:00,1761.8,1761.82,1758.25,1759.96,0
2021-09-17 13:00:00,1759.96,1763.58,1752.72,1753.16,0
2021-09-17 14:00:00,1753.12,1755.72,1748.55,1749.98,0
2021-09-17 15:00:00,1749.9,1757.01,1747.36,1751.5,0
2021-09-17 16:00:00,1751.5,1755.42,1750.59,1752.74,0
2021-09-17 17:00:00,1752.74,1754.46,1750.92,1751.52,0
2021-09-17 18:00:00,1751.52,1752.76,1750.33,1750.74,0
2021-09-17 19:00:00,1750.74,1753.56,1750.14,1752.97,0
2021-09-17 20:00:00,1752.89,1754.24,1751.19,1751.54,0
2021-09-17 21:00:00,1751.55,1754.23,1751.46,1754.08,0
2021-09-19 23:00:00,1754.18,1755.15,1751.14,1754.09,0
2021-09-20 00:00:00,1754.07,1755.18,1752.22,1754.15,0
2021-09-20 01:00:00,1753.99,1754.59,1752.14,1752.55,0
2021-09-20 02:00:00,1752.53,1752.98,1750.38,1750.47,0
2021-09-20 03:00:00,1750.47,1750.47,1742.17,1748.79,0
2021-09-20 04:00:00,1748.79,1749.83,1746.08,1746.26,0
2021-09-20 05:00:00,1746.26,1749.42,1744.97,1748.57,0
2021-09-20 06:00:00,1748.57,1751.97,1747.71,1750.66,0
2021-09-20 07:00:00,1750.62,1753.88,1749.26,1753.22,0
2021-09-20 08:00:00,1753.22,1754.84,1750.92,1754.28,0
2021-09-20 09:00:00,1754.29,1757.57,1753.14,1757.53,0
2021-09-20 10:00:00,1757.53,1759.56,1756.58,1758.97,0
2021-09-20 11:00:00,1758.94,1760.22,1757.08,1757.08,0
2021-09-20 12:00:00,1756.99,1758.4,1754.16,1755.78,0
2021-09-20 13:00:00,1755.78,1761.25,1755.04,1760.03,0
2021-09-20 14:00:00,1760.04,1760.38,1754.53,1758.43,0
2021-09-20 15:00:00,1758.44,1767.0,1756.3,1765.14,0
2021-09-20 16:00:00,1765.14,1766.99,1760.91,1761.99,0
2021-09-20 17:00:00,1762.01,1762.64,1759.18,1761.61,0
2021-09-20 18:00:00,1761.61,1764.2,1761.39,1762.85,0
2021-09-20 19:00:00,1762.85,1763.12,1760.9,1761.78,0
2021-09-20 20:00:00,1761.78,1764.98,1761.49,1763.82,0
2021-09-20 21:00:00,1763.82,1765.55,1763.66,1764.22,0
2021-09-20 23:00:00,1764.77,1765.01,1763.94,1764.05,0
2021-09-21 00:00:00,1764.04,1765.44,1763.97,1764.96,0
2021-09-21 01:00:00,1764.96,1765.58,1762.5,1763.36,0
2021-09-21 02:00:00,1763.36,1765.74,1763.02,1765.63,0
2021-09-21 03:00:00,1765.65,1766.09,1762.34,1762.8,0
2021-09-21 04:00:00,1762.8,1763.4,1761.69,1761.88,0
2021-09-21 05:00:00,1761.88,1762.64,1760.77,1761.3,0
2021-09-21 06:00:00,1761.28,1763.27,1761.04,1762.66,0
2021-09-21 07:00:00,1762.68,1763.77,1760.43,1760.65,0
2021-09-21 08:00:00,1760.65,1762.34,1757.89,1760.66,0
2021-09-21 09:00:00,1760.74,1765.56,1759.31,1764.39,0
2021-09-21 10:00:00,1764.39,1767.12,1763.83,1766.46,0
2021-09-21 11:00:00,1766.53,1768.2,1765.94,1766.0,0
2021-09-21 12:00:00,1766.0,1768.35,1765.39,1767.88,0
2021-09-21 13:00:00,1767.89,1774.97,1766.66,1771.96,0
2021-09-21 14:00:00,1771.86,1775.09,1769.68,1772.77,0
2021-09-21 15:00:00,1772.72,1778.55,1771.69,1777.76,0
2021-09-21 16:00:00,1777.76,1781.73,1777.12,1777.41,0
2021-09-21 17:00:00,1777.41,1777.94,1775.48,1776.68,0
2021-09-21 18:00:00,1776.68,1778.29,1775.57,1776.48,0
2021-09-21 19:00:00,1776.48,1776.48,1774.84,1775.4,0
2021-09-21 20:00:00,1775.4,1775.88,1774.22,1775.27,0
2021-09-21 21:00:00,1775.21,1775.42,1773.9,1774.3,0
2021-09-21 23:00:00,1774.92,1775.38,1774.27,1774.29,0
2021-09-22 00:00:00,1774.29,1775.16,1773.93,1774.87,0
2021-09-22 01:00:00,1774.89,1775.49,1772.38,1772.72,0
2021-09-22 02:00:00,1772.72,1777.01,1772.31,1776.52,0
2021-09-22 03:00:00,1776.52,1779.2,1776.51,1778.73,0
2021-09-22 04:00:00,1778.72,1778.84,1776.82,1777.65,0
2021-09-22 05:00:00,1777.65,1777.82,1775.84,1775.91,0
2021-09-22 06:00:00,1775.91,1779.45,1775.91,1777.8,0
2021-09-22 07:00:00,1777.8,1780.35,1777.53,1779.24,0
2021-09-22 08:00:00,1779.19,1780.08,1776.91,1777.16,0
2021-09-22 09:00:00,1777.15,1777.92,1773.78,1775.64,0
2021-09-22 10:00:00,1775.71,1776.92,1774.62,1776.4,0
2021-09-22 11:00:00,1776.4,1776.4,1773.86,1774.76,0
2021-09-22 12:00:00,1774.77,1775.42,1772.1,1772.52,0
2021-09-22 13:00:00,1772.52,1775.14,1771.48,1772.86,0
2021-09-22 14:00:00,1772.86,1778.41,1772.59,1774.26,0
2021-09-22 15:00:00,1774.38,1777.94,1772.94,1774.64,0
2021-09-22 16:00:00,1774.64,1779.36,1774.64,1778.01,0
2021-09-22 17:00:00,1778.01,1779.15,1777.38,1778.12,0
2021-09-22 18:00:00,1778.12,1779.25,1775.35,1775.99,0
2021-09-22 19:00:00,1775.99,1787.2,1765.91,1766.97,0
2021-09-22 20:00:00,1767.09,1774.42,1764.65,1768.58,0
2021-09-22 21:00:00,1768.61,1769.01,1766.28,1768.01,0
2021-09-22 23:00:00,1768.41,1769.49,1767.72,1768.26,0
2021-09-23 00:00:00,1768.32,1768.62,1766.62,1766.99,0
2021-09-23 01:00:00,1767.03,1767.67,1764.3,1765.82,0
2021-09-23 02:00:00,1765.72,1765.72,1760.74,1763.36,0
2021-09-23 03:00:00,1763.37,1764.26,1761.04,1763.1,0
2021-09-23 04:00:00,1763.11,1764.71,1762.52,1764.16,0
2021-09-23 05:00:00,1764.16,1764.84,1763.32,1764.46,0
2021-09-23 06:00:00,1764.47,1766.77,1763.91,1765.39,0
2021-09-23 07:00:00,1765.38,1765.48,1762.31,1764.18,0
2021-09-23 08:00:00,1764.18,1767.27,1760.32,1766.87,0
2021-09-23 09:00:00,1766.85,1769.69,1765.57,1768.81,0
2021-09-23 10:00:00,1768.81,1773.76,1768.37,1770.89,0
2021-09-23 11:00:00,1770.89,1776.61,1770.63,1774.75,0
2021-09-23 12:00:00,1774.72,1775.0,1771.5,1773.24,0
2021-09-23 13:00:00,1773.23,1774.18,1762.82,1763.73,0
2021-09-23 14:00:00,1763.83,1764.44,1749.73,1751.18,0
2021-09-23 15:00:00,1751.28,1755.4,1748.85,1752.07,0
2021-09-23 16:00:00,1752.07,1753.13,1745.88,1751.85,0
2021-09-23 17:00:00,1751.85,1752.23,1749.56,1749.93,0
2021-09-23 18:00:00,1749.95,1753.24,1749.5,1752.78,0
2021-09-23 19:00:00,1752.78,1752.93,1750.16,1750.81,0
2021-09-23 20:00:00,1750.83,1750.96,1747.76,1748.8,0
2021-09-23 21:00:00,1748.8,1748.8,1737.93,1742.41,0
2021-09-23 23:00:00,1744.48,1745.17,1743.78,1744.74,0
2021-09-24 00:00:00,1744.69,1747.18,1744.59,1746.2,0
2021-09-24 01:00:00,1746.34,1748.8,1745.74,1748.33,0
2021-09-24 02:00:00,1748.33,1750.74,1746.64,1750.25,0
2021-09-24 03:00:00,1750.25,1751.94,1748.7,1751.91,0
2021-09-24 04:00:00,1751.89,1752.82,1751.6,1752.25,0
2021-09-24 05:00:00,1752.25,1752.84,1750.69,1751.3,0
2021-09-24 06:00:00,1751.3,1755.31,1750.32,1755.19,0
2021-09-24 07:00:00,1755.19,1756.52,1753.04,1753.99,0
2021-09-24 08:00:00,1754.05,1755.21,1752.64,1754.84,0
2021-09-24 09:00:00,1754.84,1756.81,1753.39,1755.39,0
2021-09-24 10:00:00,1755.39,1755.6,1753.98,1754.32,0
2021-09-24 11:00:00,1754.32,1756.23,1753.69,1756.08,0
2021-09-24 12:00:00,1756.1,1757.66,1749.49,1749.53,0
2021-09-24 13:00:00,1749.53,1751.48,1744.69,1745.28,0
2021-09-24 14:00:00,1745.29,1745.46,1740.47,1742.87,0
2021-09-24 15:00:00,1742.87,1749.24,1742.84,1749.04,0
2021-09-24 16:00:00,1749.04,1754.04,1748.74,1752.69,0
2021-09-24 17:00:00,1752.69,1753.77,1750.68,1751.09,0
2021-09-24 18:00:00,1751.14,1751.79,1749.71,1749.78,0
2021-09-24 19:00:00,1749.78,1749.96,1746.48,1746.79,0
2021-09-24 20:00:00,1746.81,1748.0,1746.03,1746.8,0
2021-09-24 21:00:00,1746.73,1750.69,1746.44,1750.68,0
2021-09-26 23:00:00,1748.64,1750.89,1748.35,1748.99,0
2021-09-27 00:00:00,1748.99,1749.91,1748.13,1749.56,0
2021-09-27 01:00:00,1749.56,1754.57,1749.17,1753.97,0
2021-09-27 02:00:00,1753.99,1759.79,1753.14,1758.93,0
2021-09-27 03:00:00,1758.93,1760.87,1758.54,1759.75,0
2021-09-27 04:00:00,1759.75,1760.63,1758.74,1759.25,0
2021-09-27 05:00:00,1759.24,1759.65,1757.98,1758.98,0
2021-09-27 06:00:00,1759.0,1760.26,1758.16,1759.33,0
2021-09-27 07:00:00,1759.35,1759.4,1755.35,1757.59,0
2021-09-27 08:00:00,1757.57,1760.8,1753.93,1753.93,0
2021-09-27 09:00:00,1753.88,1755.14,1750.11,1750.81,0
2021-09-27 10:00:00,1750.84,1752.81,1747.89,1748.46,0
2021-09-27 11:00:00,1748.46,1749.7,1744.88,1748.64,0
2021-09-27 12:00:00,1748.64,1750.26,1747.51,1748.27,0
2021-09-27 13:00:00,1748.27,1755.17,1748.17,1753.87,0
2021-09-27 14:00:00,1753.87,1757.92,1749.93,1756.0,0
2021-09-27 15:00:00,1756.0,1756.89,1748.76,1749.1,0
2021-09-27 16:00:00,1749.03,1753.28,1748.7,1751.11,0
2021-09-27 17:00:00,1751.15,1754.07,1751.1,1752.28,0
2021-09-27 18:00:00,1752.28,1752.81,1751.56,1751.8,0
2021-09-27 19:00:00,1751.8,1752.2,1750.28,1750.39,0
2021-09-27 20:00:00,1750.33,1751.05,1749.86,1750.37,0
2021-09-27 21:00:00,1750.28,1750.77,1749.88,1750.13,0
2021-09-27 23:00:00,1750.63,1751.51,1750.45,1751.4,0
2021-09-28 00:00:00,1751.4,1751.69,1750.24,1751.3,0
2021-09-28 01:00:00,1751.3,1751.42,1749.41,1749.53,0
2021-09-28 02:00:00,1749.53,1753.18,1747.12,1753.01,0
2021-09-28 03:00:00,1753.02,1754.48,1751.9,1752.69,0
2021-09-28 04:00:00,1752.64,1753.26,1749.57,1749.87,0
2021-09-28 05:00:00,1749.72,1751.44,1749.36,1751.2,0
2021-09-28 06:00:00,1751.19,1751.84,1747.4,1748.63,0
2021-09-28 07:00:00,1748.63,1748.77,1740.63,1740.87,0
2021-09-28 08:00:00,1740.89,1744.56,1735.93,1743.89,0
2021-09-28 09:00:00,1743.83,1744.71,1740.36,1742.92,0
2021-09-28 10:00:00,1742.95,1743.87,1737.67,1738.25,0
2021-09-28 11:00:00,1738.25,1740.65,1732.47,1733.5,0
2021-09-28 12:00:00,1733.58,1736.69,1731.86,1734.44,0
2021-09-28 13:00:00,1734.46,1738.22,1728.14,1730.42,0
2021-09-28 14:00:00,1730.39,1741.22,1729.07,1734.69,0
2021-09-28 15:00:00,1734.69,1740.72,1731.42,1732.95,0
2021-09-28 16:00:00,1732.95,1740.17,1732.94,1736.67,0
2021-09-28 17:00:00,1736.63,1739.13,1736.08,1737.89,0
2021-09-28 18:00:00,1737.92,1738.41,1735.02,1735.04,0
2021-09-28 19:00:00,1735.04,1735.25,1733.95,1734.61,0
2021-09-28 20:00:00,1734.61,1734.69,1732.8,1733.47,0
2021-09-28 21:00:00,1733.36,1734.22,1732.81,1733.86,0
2021-09-28 23:00:00,1734.0,1734.92,1733.92,1734.47,0
2021-09-29 00:00:00,1734.51,1735.35,1733.82,1735.31,0
2021-09-29 01:00:00,1735.34,1735.85,1733.28,1734.12,0
2021-09-29 02:00:00,1734.12,1737.67,1733.98,1737.28,0
2021-09-29 03:00:00,1737.25,1741.4,1736.23,1740.06,0
2021-09-29 04:00:00,1740.06,1740.94,1739.17,1740.6,0
2021-09-29 05:00:00,1740.6,1740.6,1737.64,1738.19,0
2021-09-29 06:00:00,1738.19,1740.56,1737.05,1739.54,0
2021-09-29 07:00:00,1739.54,1740.72,1736.97,1740.4,0
2021-09-29 08:00:00,1740.44,1742.17,1736.73,1740.05,0
2021-09-29 09:00:00,1740.08,1743.07,1738.32,1743.07,0
2021-09-29 10:00:00,1742.99,1743.25,1740.91,1742.78,0
2021-09-29 11:00:00,1742.78,1745.55,1742.15,1745.36,0
2021-09-29 12:00:00,1745.36,1745.36,1740.98,1743.56,0
2021-09-29 13:00:00,1743.56,1743.62,1737.02,1738.35,0
2021-09-29 14:00:00,1738.35,1740.37,1735.68,1736.91,0
2021-09-29 15:00:00,1736.91,1737.86,1725.52,1728.4,0
2021-09-29 16:00:00,1728.45,1733.9,1728.42,1730.73,0
2021-09-29 17:00:00,1730.73,1730.92,1724.44,1724.69,0
2021-09-29 18:00:00,1724.68,1725.81,1721.65,1723.04,0
2021-09-29 19:00:00,1723.04,1726.0,1722.58,1725.47,0
2021-09-29 20:00:00,1725.45,1725.92,1723.61,1725.87,0
2021-09-29 21:00:00,1725.86,1726.66,1725.11,1726.5,0
2021-09-29 23:00:00,1726.52,1727.88,1726.51,1727.47,0
2021-09-30 00:00:00,1727.49,1729.3,1727.08,1728.83,0
2021-09-30 01:00:00,1728.83,1730.61,1728.81,1730.05,0
2021-09-30 02:00:00,1730.05,1732.5,1728.85,1731.43,0
2021-09-30 03:00:00,1731.44,1733.58,1731.29,1732.35,0
2021-09-30 04:00:00,1732.43,1734.89,1732.35,1732.93,0
2021-09-30 05:00:00,1732.92,1733.31,1730.56,1732.7,0
2021-09-30 06:00:00,1732.7,1733.67,1731.12,1731.88,0
2021-09-30 07:00:00,1731.88,1731.98,1728.04,1728.8,0
2021-09-30 08:00:00,1728.87,1732.7,1726.26,1731.74,0
2021-09-30 09:00:00,1731.68,1734.06,1731.5,1732.59,0
2021-09-30 10:00:00,1732.59,1733.38,1728.47,1729.3,0
2021-09-30 11:00:00,1729.32,1729.88,1723.7,1724.11,0
2021-09-30 12:00:00,1724.11,1727.07,1722.21,1726.06,0
2021-09-30 13:00:00,1726.07,1737.87,1725.2,1737.16,0
2021-09-30 14:00:00,1737.17,1742.88,1735.07,1742.09,0
2021-09-30 15:00:00,1742.09,1758.91,1741.93,1757.46,0
2021-09-30 16:00:00,1757.46,1764.21,1756.6,1757.96,0
2021-09-30 17:00:00,1758.02,1760.29,1756.49,1758.26,0
2021-09-30 18:00:00,1758.26,1758.82,1754.61,1755.98,0
2021-09-30 19:00:00,1755.98,1757.19,1755.06,1756.83,0
2021-09-30 20:00:00,1756.92,1758.49,1755.29,1755.86,0
2021-09-30 21:00:00,1755.86,1757.65,1755.66,1757.0,0
2021-09-30 23:00:00,1756.36,1756.79,1755.23,1755.37,0
2021-10-01 00:00:00,1755.37,1755.52,1752.81,1753.09,0
2021-10-01 01:00:00,1753.02,1753.8,1751.2,1751.52,0
2021-10-01 02:00:00,1751.51,1756.31,1750.63,1754.73,0
2021-10-01 03:00:00,1754.73,1756.94,1753.44,1755.48,0
2021-10-01 04:00:00,1755.47,1755.9,1752.0,1754.02,0
2021-10-01 05:00:00,1754.02,1754.33,1751.06,1753.64,0
2021-10-01 06:00:00,1753.64,1753.7,1750.94,1752.14,0
2021-10-01 07:00:00,1752.23,1756.85,1751.14,1755.74,0
2021-10-01 08:00:00,1755.75,1757.27,1751.77,1753.17,0
2021-10-01 09:00:00,1753.17,1753.91,1751.39,1752.88,0
2021-10-01 10:00:00,1752.89,1756.76,1752.88,1755.05,0
2021-10-01 11:00:00,1755.04,1755.69,1753.24,1753.27,0
2021-10-01 12:00:00,1753.3,1756.12,1752.02,1754.65,0
2021-10-01 13:00:00,1754.64,1759.86,1749.78,1756.66,0
2021-10-01 14:00:00,1756.61,1759.92,1754.59,1757.64,0
2021-10-01 15:00:00,1757.67,1764.31,1754.45,1758.76,0
2021-10-01 16:00:00,1758.77,1762.57,1755.84,1761.6,0
2021-10-01 17:00:00,1761.6,1762.83,1759.33,1759.42,0
2021-10-01 18:00:00,1759.42,1760.24,1757.7,1759.15,0
2021-10-01 19:00:00,1759.2,1759.88,1758.46,1758.94,0
2021-10-01 20:00:00,1758.94,1760.29,1757.21,1759.98,0
2021-10-01 21:00:00,1759.98,1760.7,1759.2,1760.52,0
2021-10-03 23:00:00,1761.06,1765.24,1760.59,1763.87,0
2021-10-04 00:00:00,1763.87,1765.27,1762.78,1763.16,0
2021-10-04 01:00:00,1763.16,1765.74,1762.68,1764.03,0
2021-10-04 02:00:00,1764.26,1765.4,1762.16,1762.16,0
2021-10-04 03:00:00,1762.16,1762.55,1758.37,1759.0,0
2021-10-04 04:00:00,1759.01,1759.72,1757.82,1758.82,0
2021-10-04 05:00:00,1758.8,1761.63,1758.65,1760.62,0
2021-10-04 06:00:00,1760.62,1762.13,1760.24,1761.34,0
2021-10-04 07:00:00,1761.45,1762.74,1756.58,1757.82,0
2021-10-04 08:00:00,1757.81,1758.43,1753.07,1753.46,0
2021-10-04 09:00:00,1753.55,1755.51,1748.82,1751.51,0
2021-10-04 10:00:00,1751.49,1752.41,1750.22,1750.85,0
2021-10-04 11:00:00,1750.85,1751.6,1748.55,1749.2,0
2021-10-04 12:00:00,1749.29,1754.45,1747.71,1753.46,0
2021-10-04 13:00:00,1753.46,1758.36,1751.33,1755.15,0
2021-10-04 14:00:00,1755.15,1755.15,1748.5,1752.17,0
2021-10-04 15:00:00,1752.17,1770.57,1752.17,1766.45,0
2021-10-04 16:00:00,1766.45,1767.99,1762.72,1765.51,0
2021-10-04 17:00:00,1765.51,1770.2,1765.12,1769.06,0
2021-10-04 18:00:00,1768.91,1769.06,1764.02,1764.21,0
2021-10-04 19:00:00,1764.21,1767.11,1763.71,1766.95,0
2021-10-04 20:00:00,1766.95,1768.78,1763.66,1768.78,0
2021-10-04 21:00:00,1768.77,1769.43,1767.78,1769.3,0
2021-10-04 23:00:00,1769.19,1769.36,1767.98,1768.78,0
2021-10-05 00:00:00,1768.78,1769.19,1767.41,1768.12,0
2021-10-05 01:00:00,1768.15,1768.39,1765.75,1765.88,0
2021-10-05 02:00:00,1765.87,1766.82,1763.18,1764.2,0
2021-10-05 03:00:00,1764.25,1765.04,1761.68,1762.03,0
2021-10-05 04:00:00,1762.02,1762.02,1759.47,1759.96,0
2021-10-05 05:00:00,1759.99,1760.23,1757.7,1759.12,0
2021-10-05 06:00:00,1759.12,1760.63,1756.36,1758.11,0
2021-10-05 07:00:00,1758.15,1759.3,1755.26,1757.2,0
2021-10-05 08:00:00,1757.2,1761.02,1755.39,1759.25,0
2021-10-05 09:00:00,1759.24,1760.19,1755.72,1755.78,0
2021-10-05 10:00:00,1755.75,1758.33,1755.61,1757.93,0
2021-10-05 11:00:00,1757.93,1758.17,1754.17,1754.24,0
2021-10-05 12:00:00,1754.29,1758.37,1753.59,1757.15,0
2021-10-05 13:00:00,1757.11,1761.44,1755.83,1756.5,0
2021-10-05 14:00:00,1756.51,1757.27,1750.49,1753.15,0
2021-10-05 15:00:00,1751.87,1754.26,1748.61,1752.63,0
2021-10-05 16:00:00,1752.62,1761.22,1751.34,1760.87,0
2021-10-05 17:00:00,1760.87,1761.3,1758.01,1759.89,0
2021-10-05 18:00:00,1759.9,1762.95,1759.04,1761.79,0
2021-10-05 19:00:00,1761.79,1763.07,1761.23,1761.76,0
2021-10-05 20:00:00,1761.76,1761.9,1759.62,1760.25,0
2021-10-05 21:00:00,1760.18,1760.46,1759.52,1759.93,0
2021-10-05 23:00:00,1760.16,1760.22,1759.68,1759.74,0
2021-10-06 00:00:00,1759.74,1760.16,1759.11,1759.35,0
2021-10-06 01:00:00,1759.34,1759.44,1757.25,1757.55,0
2021-10-06 02:00:00,1757.59,1758.61,1755.89,1757.35,0
2021-10-06 03:00:00,1757.32,1758.07,1754.26,1755.63,0
2021-10-06 04:00:00,1755.64,1756.08,1754.54,1755.6,0
2021-10-06 05:00:00,1755.64,1755.68,1751.45,1752.61,0
2021-10-06 06:00:00,1752.61,1754.43,1750.96,1751.21,0
2021-10-06 07:00:00,1751.18,1754.75,1750.55,1752.39,0
2021-10-06 08:00:00,1752.39,1753.09,1747.33,1747.85,0
2021-10-06 09:00:00,1747.86,1750.04,1745.88,1747.07,0
2021-10-06 10:00:00,1747.06,1749.3,1746.78,1748.63,0
2021-10-06 11:00:00,1748.63,1750.89,1748.05,1750.33,0
2021-10-06 12:00:00,1750.38,1756.91,1750.34,1754.39,0
2021-10-06 13:00:00,1754.62,1761.13,1753.55,1759.17,0
2021-10-06 14:00:00,1759.2,1760.84,1754.96,1758.87,0
2021-10-06 15:00:00,1758.85,1764.33,1757.35,1759.98,0
2021-10-06 16:00:00,1759.97,1762.36,1755.8,1762.03,0
2021-10-06 17:00:00,1762.03,1763.18,1760.73,1762.45,0
2021-10-06 18:00:00,1762.45,1763.82,1760.43,1761.97,0
2021-10-06 19:00:00,1762.07,1764.54,1761.76,1763.56,0
2021-10-06 20:00:00,1763.56,1765.12,1763.46,1764.38,0
2021-10-06 21:00:00,1764.38,1764.8,1762.55,1762.65,0
2021-10-06 23:00:00,1762.85,1763.59,1762.3,1762.39,0
2021-10-07 00:00:00,1762.39,1764.15,1762.39,1763.96,0
2021-10-07 01:00:00,1763.96,1764.23,1762.6,1762.76,0
2021-10-07 02:00:00,1762.76,1763.1,1760.57,1760.57,0
2021-10-07 03:00:00,1760.57,1760.83,1758.4,1758.86,0
2021-10-07 04:00:00,1758.85,1760.21,1757.75,1760.14,0
2021-10-07 05:00:00,1760.14,1760.14,1758.93,1759.07,0
2021-10-07 06:00:00,1759.0,1760.85,1756.52,1756.52,0
2021-10-07 07:00:00,1756.42,1764.15,1756.05,1763.13,0
2021-10-07 08:00:00,1763.15,1766.96,1762.29,1766.01,0
2021-10-07 09:00:00,1766.01,1766.14,1760.34,1760.83,0
2021-10-07 10:00:00,1760.81,1761.29,1758.14,1759.96,0
2021-10-07 11:00:00,1759.96,1762.6,1759.64,1762.28,0
2021-10-07 12:00:00,1762.29,1764.75,1761.06,1761.5,0
2021-10-07 13:00:00,1761.5,1762.93,1754.07,1755.17,0
2021-10-07 14:00:00,1755.11,1759.51,1751.94,1758.78,0
2021-10-07 15:00:00,1758.84,1763.17,1756.31,1756.61,0
2021-10-07 16:00:00,1756.61,1760.08,1756.4,1758.36,0
2021-10-07 17:00:00,1758.36,1759.97,1757.07,1758.18,0
2021-10-07 18:00:00,1758.11,1759.07,1757.42,1757.84,0
2021-10-07 19:00:00,1757.84,1758.0,1755.23,1755.9,0
2021-10-07 20:00:00,1755.87,1757.06,1754.76,1755.54,0
2021-10-07 21:00:00,1755.53,1758.09,1754.27,1755.09,0
2021-10-07 23:00:00,1755.93,1756.17,1755.25,1755.28,0
2021-10-08 00:00:00,1755.28,1755.48,1754.56,1755.14,0
2021-10-08 01:00:00,1755.14,1756.35,1753.37,1755.82,0
2021-10-08 02:00:00,1755.86,1759.22,1755.52,1758.51,0
2021-10-08 03:00:00,1758.51,1760.44,1757.85,1759.69,0
2021-10-08 04:00:00,1759.68,1760.6,1759.09,1759.3,0
2021-10-08 05:00:00,1759.29,1759.44,1756.62,1756.62,0
2021-10-08 06:00:00,1756.63,1758.84,1755.92,1757.42,0
2021-10-08 07:00:00,1757.42,1760.32,1757.27,1758.65,0
2021-10-08 08:00:00,1758.65,1759.83,1754.41,1756.42,0
2021-10-08 09:00:00,1756.42,1756.53,1754.95,1755.81,0
2021-10-08 10:00:00,1755.81,1759.84,1755.7,1759.32,0
2021-10-08 11:00:00,1759.32,1760.63,1758.05,1759.8,0
2021-10-08 12:00:00,1759.8,1763.28,1759.79,1761.74,0
2021-10-08 13:00:00,1761.74,1776.83,1761.37,1775.85,0
2021-10-08 14:00:00,1775.97,1781.36,1769.97,1772.72,0
2021-10-08 15:00:00,1772.75,1774.21,1755.49,1758.96,0
2021-10-08 16:00:00,1758.96,1760.07,1756.68,1758.61,0
2021-10-08 17:00:00,1758.7,1759.96,1756.64,1758.5,0
2021-10-08 18:00:00,1758.52,1759.76,1756.71,1759.61,0
2021-10-08 19:00:00,1759.6,1760.21,1757.46,1758.11,0
2021-10-08 20:00:00,1758.11,1758.64,1756.59,1756.97,0
2021-10-08 21:00:00,1757.02,1757.14,1756.03,1756.79,0
2021-10-10 23:00:00,1757.38,1757.72,1750.91,1755.04,0
2021-10-11 00:00:00,1755.03,1755.61,1753.42,1753.96,0
2021-10-11 01:00:00,1753.95,1757.87,1753.81,1756.77,0
2021-10-11 02:00:00,1756.77,1761.03,1755.25,1760.03,0
2021-10-11 03:00:00,1760.03,1760.4,1758.65,1759.41,0
2021-10-11 04:00:00,1759.38,1760.06,1755.1,1755.47,0
2021-10-11 05:00:00,1755.47,1756.96,1754.96,1756.78,0
2021-10-11 06:00:00,1756.78,1757.76,1754.75,1756.91,0
2021-10-11 07:00:00,1756.91,1757.37,1753.89,1755.15,0
2021-10-11 08:00:00,1755.17,1757.31,1753.46,1757.15,0
2021-10-11 09:00:00,1757.19,1757.2,1752.87,1753.16,0
2021-10-11 10:00:00,1753.14,1754.9,1752.31,1754.71,0
2021-10-11 11:00:00,1754.7,1756.4,1753.63,1753.73,0
2021-10-11 12:00:00,1753.73,1755.59,1753.02,1754.88,0
2021-10-11 13:00:00,1754.88,1758.01,1750.17,1750.87,0
2021-10-11 14:00:00,1750.86,1759.19,1750.17,1757.7,0
2021-10-11 15:00:00,1757.78,1760.21,1755.84,1757.46,0
2021-10-11 16:00:00,1757.47,1759.18,1757.26,1757.55,0
2021-10-11 17:00:00,1757.55,1757.8,1755.87,1756.47,0
2021-10-11 18:00:00,1756.47,1756.76,1754.03,1754.36,0
2021-10-11 19:00:00,1754.36,1755.66,1753.96,1755.56,0
2021-10-11 20:00:00,1755.56,1755.85,1753.3,1753.38,0
2021-10-11 21:00:00,1753.31,1754.53,1753.19,1754.19,0
2021-10-11 23:00:00,1753.72,1754.16,1752.96,1753.63,0
2021-10-12 00:00:00,1753.68,1754.52,1752.6,1753.3,0
2021-10-12 01:00:00,1753.46,1753.48,1751.25,1751.92,0
2021-10-12 02:00:00,1751.92,1756.66,1750.73,1756.13,0
2021-10-12 03:00:00,1756.13,1758.92,1755.72,1758.62,0
2021-10-12 04:00:00,1758.62,1758.96,1757.18,1758.32,0
2021-10-12 05:00:00,1758.31,1758.66,1756.54,1757.67,0
2021-10-12 06:00:00,1757.69,1762.16,1757.67,1761.88,0
2021-10-12 07:00:00,1761.83,1762.44,1760.35,1761.39,0
2021-10-12 08:00:00,1761.38,1762.64,1756.81,1756.81,0
2021-10-12 09:00:00,1756.79,1758.36,1756.45,1757.65,0
2021-10-12 10:00:00,1757.62,1761.5,1757.49,1760.11,0
2021-10-12 11:00:00,1760.09,1763.29,1758.56,1762.37,0
2021-10-12 12:00:00,1762.37,1765.01,1760.86,1761.93,0
2021-10-12 13:00:00,1761.93,1763.36,1753.96,1757.63,0
2021-10-12 14:00:00,1757.68,1768.68,1756.84,1768.55,0
2021-10-12 15:00:00,1768.26,1769.39,1762.07,1762.61,0
2021-10-12 16:00:00,1762.53,1764.28,1759.97,1760.8,0
2021-10-12 17:00:00,1760.8,1761.91,1760.05,1760.84,0
2021-10-12 18:00:00,1760.84,1761.48,1757.92,1759.45,0
2021-10-12 19:00:00,1759.45,1760.08,1758.18,1759.41,0
2021-10-12 20:00:00,1759.42,1761.95,1759.08,1761.38,0
2021-10-12 21:00:00,1761.34,1761.48,1760.03,1760.04,0
2021-10-12 23:00:00,1760.09,1760.82,1760.05,1760.21,0
2021-10-13 00:00:00,1760.22,1760.54,1759.79,1760.4,0
2021-10-13 01:00:00,1760.41,1761.68,1759.97,1761.41,0
2021-10-13 02:00:00,1761.41,1763.01,1759.53,1762.24,0
2021-10-13 03:00:00,1762.25,1762.77,1760.41,1760.68,0
2021-10-13 04:00:00,1760.68,1762.49,1760.19,1762.02,0
2021-10-13 05:00:00,1762.01,1763.29,1761.58,1761.58,0
2021-10-13 06:00:00,1761.58,1762.88,1760.78,1762.71,0
2021-10-13 07:00:00,1762.71,1763.73,1761.54,1762.74,0
2021-10-13 08:00:00,1762.75,1765.76,1761.83,1765.13,0
2021-10-13 09:00:00,1765.12,1769.01,1765.06,1766.87,0
2021-10-13 10:00:00,1766.87,1768.44,1766.41,1767.77,0
2021-10-13 11:00:00,1767.77,1773.46,1767.47,1773.25,0
2021-10-13 12:00:00,1773.26,1774.46,1770.83,1773.6,0
2021-10-13 13:00:00,1773.6,1777.52,1758.14,1761.63,0
2021-10-13 14:00:00,1761.63,1782.85,1757.87,1781.77,0
2021-10-13 15:00:00,1781.68,1795.44,1781.65,1792.75,0
2021-10-13 16:00:00,1792.75,1796.16,1791.44,1794.52,0
2021-10-13 17:00:00,1794.52,1795.55,1792.39,1792.61,0
2021-10-13 18:00:00,1792.61,1795.19,1790.7,1791.81,0
2021-10-13 19:00:00,1791.94,1793.85,1790.78,1793.81,0
2021-10-13 20:00:00,1793.81,1793.82,1790.88,1791.99,0
2021-10-13 21:00:00,1791.9,1793.46,1791.9,1793.0,0
2021-10-13 23:00:00,1792.99,1793.74,1792.27,1793.05,0
2021-10-14 00:00:00,1793.05,1793.24,1791.66,1791.79,0
2021-10-14 01:00:00,1791.82,1793.26,1791.16,1792.86,0
2021-10-14 02:00:00,1792.84,1793.85,1789.05,1789.5,0
2021-10-14 03:00:00,1789.41,1790.14,1786.71,1788.48,0
2021-10-14 04:00:00,1788.48,1789.94,1787.64,1788.65,0
2021-10-14 05:00:00,1788.65,1790.95,1788.28,1790.85,0
2021-10-14 06:00:00,1790.83,1791.83,1789.87,1791.37,0
2021-10-14 07:00:00,1791.38,1794.29,1790.8,1793.8,0
2021-10-14 08:00:00,1793.8,1795.08,1790.81,1794.0,0
2021-10-14 09:00:00,1794.0,1797.45,1793.84,1796.1,0
2021-10-14 10:00:00,1796.17,1798.57,1795.38,1797.01,0
2021-10-14 11:00:00,1797.03,1800.18,1796.9,1799.94,0
2021-10-14 12:00:00,1799.94,1800.59,1795.65,1795.65,0
2021-10-14 13:00:00,1795.64,1799.63,1793.76,1799.05,0
2021-10-14 14:00:00,1799.09,1799.64,1793.96,1796.02,0
2021-10-14 15:00:00,1796.04,1799.42,1794.67,1796.84,0
2021-10-14 16:00:00,1796.9,1798.95,1796.24,1798.31,0
2021-10-14 17:00:00,1798.29,1798.99,1796.11,1796.81,0
2021-10-14 18:00:00,1796.81,1797.25,1795.93,1797.19,0
2021-10-14 19:00:00,1797.21,1798.96,1796.49,1798.76,0
2021-10-14 20:00:00,1798.76,1799.17,1796.28,1796.6,0
2021-10-14 21:00:00,1796.6,1797.08,1795.72,1796.02,0
2021-10-14 23:00:00,1795.84,1796.26,1795.65,1795.73,0
2021-10-15 00:00:00,1795.74,1795.98,1794.84,1795.43,0
2021-10-15 01:00:00,1795.44,1796.4,1794.2,1794.61,0
2021-10-15 02:00:00,1794.62,1796.46,1793.83,1794.57,0
2021-10-15 03:00:00,1794.57,1796.08,1793.95,1795.6,0
2021-10-15 04:00:00,1795.59,1795.75,1794.19,1795.13,0
2021-10-15 05:00:00,1795.18,1795.36,1793.78,1794.27,0
2021-10-15 06:00:00,1794.29,1794.52,1791.43,1792.58,0
2021-10-15 07:00:00,1792.61,1793.4,1790.41,1791.7,0
2021-10-15 08:00:00,1791.71,1792.16,1785.47,1786.81,0
2021-10-15 09:00:00,1786.76,1790.0,1785.96,1786.05,0
2021-10-15 10:00:00,1786.02,1787.48,1780.83,1783.78,0
2021-10-15 11:00:00,1783.76,1783.82,1780.81,1781.0,0
2021-10-15 12:00:00,1781.0,1783.06,1777.57,1778.29,0
2021-10-15 13:00:00,1778.22,1779.05,1764.83,1767.38,0
2021-10-15 14:00:00,1767.56,1773.91,1765.94,1771.71,0
2021-10-15 15:00:00,1771.99,1776.39,1771.45,1775.06,0
2021-10-15 16:00:00,1774.99,1775.17,1766.29,1768.47,0
2021-10-15 17:00:00,1768.25,1769.32,1766.55,1767.79,0
2021-10-15 18:00:00,1767.84,1769.14,1767.12,1767.98,0
2021-10-15 19:00:00,1768.12,1768.92,1767.18,1767.73,0
2021-10-15 20:00:00,1767.75,1768.79,1767.04,1768.29,0
2021-10-15 21:00:00,1768.32,1768.56,1766.75,1767.63,0
2021-10-17 23:00:00,1766.83,1768.56,1764.67,1768.53,0
2021-10-18 00:00:00,1768.55,1772.08,1767.93,1770.96,0
2021-10-18 01:00:00,1771.0,1771.43,1769.01,1771.37,0
2021-10-18 02:00:00,1771.38,1772.05,1769.44,1770.67,0
2021-10-18 03:00:00,1770.68,1771.86,1770.33,1770.84,0
2021-10-18 04:00:00,1770.84,1770.95,1767.33,1767.75,0
2021-10-18 05:00:00,1767.75,1768.74,1766.64,1768.22,0
2021-10-18 06:00:00,1768.22,1769.46,1767.73,1768.13,0
2021-10-18 07:00:00,1768.07,1768.83,1761.93,1764.55,0
2021-10-18 08:00:00,1764.65,1767.01,1762.52,1764.38,0
2021-10-18 09:00:00,1764.38,1766.89,1761.2,1762.76,0
2021-10-18 10:00:00,1762.77,1765.09,1761.34,1762.4,0
2021-10-18 11:00:00,1762.4,1762.88,1760.31,1761.81,0
2021-10-18 12:00:00,1761.82,1764.59,1761.43,1763.08,0
2021-10-18 13:00:00,1763.07,1768.52,1761.63,1765.24,0
2021-10-18 14:00:00,1765.21,1769.92,1762.77,1768.86,0
2021-10-18 15:00:00,1768.92,1771.24,1767.01,1770.37,0
2021-10-18 16:00:00,1770.44,1771.01,1767.12,1767.8,0
2021-10-18 17:00:00,1767.91,1767.91,1765.03,1766.77,0
2021-10-18 18:00:00,1766.77,1767.91,1764.72,1767.33,0
2021-10-18 19:00:00,1767.32,1767.76,1765.33,1765.82,0
2021-10-18 20:00:00,1765.76,1766.19,1763.93,1764.22,0
2021-10-18 21:00:00,1764.19,1764.94,1763.94,1764.77,0
2021-10-18 23:00:00,1764.7,1765.06,1763.66,1763.68,0
2021-10-19 00:00:00,1763.67,1764.15,1762.84,1764.07,0
2021-10-19 01:00:00,1764.09,1767.49,1763.33,1767.46,0
2021-10-19 02:00:00,1767.47,1772.99,1766.98,1771.96,0
2021-10-19 03:00:00,1771.98,1774.64,1771.55,1774.11,0
2021-10-19 04:00:00,1774.12,1774.98,1773.35,1774.74,0
2021-10-19 05:00:00,1774.95,1775.84,1774.39,1774.59,0
2021-10-19 06:00:00,1774.59,1777.78,1773.69,1777.56,0
2021-10-19 07:00:00,1777.57,1779.26,1775.89,1778.82,0
2021-10-19 08:00:00,1778.91,1782.9,1777.48,1781.53,0
2021-10-19 09:00:00,1781.43,1782.96,1780.94,1781.38,0
2021-10-19 10:00:00,1781.4,1782.44,1778.51,1779.46,0
2021-10-19 11:00:00,1779.54,1780.22,1777.23,1778.5,0
2021-10-19 12:00:00,1778.5,1780.82,1775.88,1780.52,0
2021-10-19 13:00:00,1780.53,1784.51,1777.4,1781.6,0
2021-10-19 14:00:00,1781.66,1785.12,1776.15,1778.22,0
2021-10-19 15:00:00,1778.25,1779.63,1770.34,1773.17,0
2021-10-19 16:00:00,1773.08,1773.33,1769.47,1771.16,0
2021-10-19 17:00:00,1771.16,1771.44,1767.16,1769.53,0
2021-10-19 18:00:00,1769.51,1771.18,1768.13,1770.02,0
2021-10-19 19:00:00,1770.02,1771.0,1769.08,1770.72,0
2021-10-19 20:00:00,1770.71,1770.74,1768.75,1770.2,0
2021-10-19 21:00:00,1770.21,1770.21,1768.38,1769.45,0
2021-10-19 23:00:00,1769.41,1769.92,1769.04,1769.05,0
2021-10-20 00:00:00,1769.05,1769.4,1768.25,1768.72,0
2021-10-20 01:00:00,1768.72,1769.2,1766.85,1769.16,0
2021-10-20 02:00:00,1768.88,1773.59,1767.73,1772.51,0
2021-10-20 03:00:00,1772.49,1774.24,1769.53,1774.24,0
2021-10-20 04:00:00,1774.23,1774.64,1772.77,1774.09,0
2021-10-20 05:00:00,1774.14,1774.64,1773.33,1774.2,0
2021-10-20 06:00:00,1774.21,1777.14,1773.46,1776.41,0
2021-10-20 07:00:00,1776.58,1778.05,1775.14,1776.3,0
2021-10-20 08:00:00,1776.23,1777.11,1774.6,1776.66,0
2021-10-20 09:00:00,1776.68,1779.34,1776.49,1779.09,0
2021-10-20 10:00:00,1779.09,1779.61,1777.72,1778.87,0
2021-10-20 11:00:00,1778.97,1780.56,1778.09,1780.26,0
2021-10-20 12:00:00,1780.16,1781.78,1778.42,1779.62,0
2021-10-20 13:00:00,1779.49,1788.43,1779.39,1786.7,0
2021-10-20 14:00:00,1786.71,1787.55,1774.88,1780.08,0
2021-10-20 15:00:00,1779.91,1784.78,1776.75,1782.62,0
2021-10-20 16:00:00,1782.62,1784.78,1781.77,1783.59,0
2021-10-20 17:00:00,1783.59,1786.87,1783.06,1786.76,0
2021-10-20 18:00:00,1786.72,1787.64,1783.11,1785.51,0
2021-10-20 19:00:00,1785.49,1786.93,1785.13,1786.42,0
2021-10-20 20:00:00,1786.31,1786.39,1784.02,1785.37,0
2021-10-20 21:00:00,1785.46,1785.89,1780.86,1781.98,0
2021-10-20 23:00:00,1781.96,1783.02,1781.95,1782.03,0
2021-10-21 00:00:00,1782.04,1783.12,1781.46,1781.49,0
2021-10-21 01:00:00,1781.43,1784.75,1781.27,1783.93,0
2021-10-21 02:00:00,1783.93,1787.13,1782.27,1786.8,0
2021-10-21 03:00:00,1786.86,1789.46,1786.53,1787.57,0
2021-10-21 04:00:00,1787.59,1788.08,1785.39,1786.47,0
2021-10-21 05:00:00,1786.47,1786.72,1784.22,1784.68,0
2021-10-21 06:00:00,1784.68,1786.28,1782.69,1786.05,0
2021-10-21 07:00:00,1785.99,1787.6,1782.58,1783.46,0
2021-10-21 08:00:00,1783.45,1783.86,1780.9,1782.65,0
2021-10-21 09:00:00,1782.68,1786.56,1781.91,1786.03,0
2021-10-21 10:00:00,1786.03,1787.95,1784.75,1787.64,0
2021-10-21 11:00:00,1787.57,1787.7,1784.1,1784.28,0
2021-10-21 12:00:00,1784.26,1784.91,1777.55,1778.45,0
2021-10-21 13:00:00,1778.43,1786.09,1776.5,1782.84,0
2021-10-21 14:00:00,1782.89,1785.92,1779.52,1779.82,0
2021-10-21 15:00:00,1779.78,1781.85,1778.38,1780.22,0
2021-10-21 16:00:00,1780.14,1782.88,1778.69,1782.55,0
2021-10-21 17:00:00,1782.55,1783.27,1780.03,1780.49,0
2021-10-21 18:00:00,1780.51,1781.8,1778.58,1778.77,0
2021-10-21 19:00:00,1778.87,1781.45,1778.58,1781.03,0
2021-10-21 20:00:00,1781.04,1784.83,1780.51,1783.97,0
2021-10-21 21:00:00,1783.99,1784.35,1782.01,1782.88,0
2021-10-21 23:00:00,1783.34,1783.97,1782.95,1783.67,0
2021-10-22 00:00:00,1783.69,1786.13,1783.64,1784.66,0
2021-10-22 01:00:00,1784.6,1786.35,1783.57,1785.2,0
2021-10-22 02:00:00,1785.2,1787.09,1784.48,1785.04,0
2021-10-22 03:00:00,1785.03,1787.18,1784.86,1786.75,0
2021-10-22 04:00:00,1786.7,1788.13,1785.77,1787.09,0
2021-10-22 05:00:00,1787.04,1787.74,1786.1,1786.4,0
2021-10-22 06:00:00,1786.43,1787.6,1786.11,1786.81,0
2021-10-22 07:00:00,1786.74,1793.77,1786.45,1793.1,0
2021-10-22 08:00:00,1793.22,1794.55,1790.91,1793.2,0
2021-10-22 09:00:00,1793.24,1794.78,1790.66,1791.08,0
2021-10-22 10:00:00,1791.11,1793.35,1790.49,1793.15,0
2021-10-22 11:00:00,1793.15,1794.29,1792.09,1792.18,0
2021-10-22 12:00:00,1792.21,1795.06,1791.83,1792.4,0
2021-10-22 13:00:00,1792.4,1806.88,1791.27,1805.77,0
2021-10-22 14:00:00,1805.85,1809.66,1803.37,1807.93,0
2021-10-22 15:00:00,1808.01,1812.42,1807.29,1811.97,0
2021-10-22 16:00:00,1811.97,1813.84,1782.95,1785.87,0
2021-10-22 17:00:00,1785.83,1798.62,1784.44,1797.34,0
2021-10-22 18:00:00,1797.39,1798.6,1791.27,1791.57,0
2021-10-22 19:00:00,1791.57,1795.31,1791.47,1794.14,0
2021-10-22 20:00:00,1794.14,1794.56,1792.14,1794.3,0
2021-10-22 21:00:00,1794.3,1794.43,1792.05,1792.56,0
2021-10-24 23:00:00,1792.97,1794.43,1792.54,1793.97,0
2021-10-25 00:00:00,1793.95,1794.47,1792.47,1794.41,0
2021-10-25 01:00:00,1794.54,1797.76,1793.04,1797.11,0
2021-10-25 02:00:00,1797.11,1797.85,1792.38,1794.78,0
2021-10-25 03:00:00,1794.76,1795.22,1792.23,1795.16,0
2021-10-25 04:00:00,1795.15,1799.11,1795.0,1798.45,0
2021-10-25 05:00:00,1798.46,1801.17,1797.56,1800.55,0
2021-10-25 06:00:00,1800.55,1800.76,1797.18,1800.57,0
2021-10-25 07:00:00,1800.66,1800.66,1796.04,1796.62,0
2021-10-25 08:00:00,1796.64,1799.99,1796.06,1799.08,0
2021-10-25 09:00:00,1799.06,1803.66,1798.64,1803.17,0
2021-10-25 10:00:00,1803.22,1803.7,1798.56,1799.46,0
2021-10-25 11:00:00,1799.46,1800.18,1798.59,1799.79,0
2021-10-25 12:00:00,1799.79,1802.22,1799.79,1801.81,0
2021-10-25 13:00:00,1801.73,1804.73,1800.49,1803.19,0
2021-10-25 14:00:00,1803.23,1810.03,1801.67,1807.83,0
2021-10-25 15:00:00,1807.84,1809.79,1805.18,1807.1,0
2021-10-25 16:00:00,1807.06,1808.59,1805.39,1808.18,0
2021-10-25 17:00:00,1808.18,1808.79,1806.77,1806.95,0
2021-10-25 18:00:00,1806.95,1807.34,1805.15,1806.72,0
2021-10-25 19:00:00,1806.7,1808.31,1806.6,1808.17,0
2021-10-25 20:00:00,1808.31,1808.4,1805.67,1806.77,0
2021-10-25 21:00:00,1806.74,1807.68,1806.41,1807.66,0
2021-10-25 23:00:00,1807.29,1808.15,1807.26,1807.27,0
2021-10-26 00:00:00,1807.28,1808.37,1807.06,1807.89,0
2021-10-26 01:00:00,1807.86,1807.99,1805.36,1805.36,0
2021-10-26 02:00:00,1805.37,1806.86,1802.74,1805.26,0
2021-10-26 03:00:00,1805.26,1805.95,1803.58,1804.31,0
2021-10-26 04:00:00,1804.32,1805.28,1803.28,1803.28,0
2021-10-26 05:00:00,1803.28,1803.49,1801.83,1803.47,0
2021-10-26 06:00:00,1803.52,1805.61,1803.15,1805.11,0
2021-10-26 07:00:00,1805.11,1806.57,1802.83,1804.33,0
2021-10-26 08:00:00,1804.46,1804.83,1800.08,1800.61,0
2021-10-26 09:00:00,1800.62,1803.28,1799.96,1802.36,0
2021-10-26 10:00:00,1802.36,1803.84,1801.32,1802.96,0
2021-10-26 11:00:00,1803.0,1803.55,1801.42,1801.48,0
2021-10-26 12:00:00,1801.5,1804.43,1801.21,1803.0,0
2021-10-26 13:00:00,1802.93,1804.65,1794.33,1799.38,0
2021-10-26 14:00:00,1799.41,1800.93,1788.7,1790.03,0
2021-10-26 15:00:00,1789.96,1789.99,1782.39,1785.98,0
2021-10-26 16:00:00,1786.02,1790.21,1785.42,1789.87,0
2021-10-26 17:00:00,1789.84,1792.99,1789.83,1792.05,0
2021-10-26 18:00:00,1791.99,1793.79,1790.52,1791.06,0
2021-10-26 19:00:00,1791.08,1793.95,1791.08,1793.6,0
2021-10-26 20:00:00,1793.56,1795.1,1792.93,1793.41,0
2021-10-26 21:00:00,1793.4,1794.34,1792.8,1792.8,0
2021-10-26 23:00:00,1793.31,1793.42,1791.91,1792.1,0
2021-10-27 00:00:00,1792.11,1793.62,1792.1,1793.58,0
2021-10-27 01:00:00,1793.62,1794.35,1791.81,1791.92,0
2021-10-27 02:00:00,1791.96,1793.29,1788.39,1789.4,0
2021-10-27 03:00:00,1789.38,1789.9,1788.38,1788.39,0
2021-10-27 04:00:00,1788.38,1789.31,1787.14,1789.11,0
2021-10-27 05:00:00,1789.05,1789.88,1788.84,1789.19,0
2021-10-27 06:00:00,1789.2,1789.2,1785.5,1786.07,0
2021-10-27 07:00:00,1786.04,1791.71,1785.61,1791.1,0
2021-10-27 08:00:00,1791.09,1791.54,1785.45,1787.59,0
2021-10-27 09:00:00,1787.57,1788.23,1783.51,1786.53,0
2021-10-27 10:00:00,1786.55,1788.53,1783.81,1786.88,0
2021-10-27 11:00:00,1786.88,1790.35,1786.11,1789.26,0
2021-10-27 12:00:00,1789.24,1791.96,1788.56,1791.22,0
2021-10-27 13:00:00,1791.29,1796.06,1789.2,1794.12,0
2021-10-27 14:00:00,1794.06,1798.17,1791.99,1795.1,0
2021-10-27 15:00:00,1795.01,1795.24,1784.84,1792.08,0
2021-10-27 16:00:00,1792.08,1794.92,1791.15,1794.53,0
2021-10-27 17:00:00,1794.53,1796.87,1794.24,1794.7,0
2021-10-27 18:00:00,1794.69,1798.04,1794.63,1797.79,0
2021-10-27 19:00:00,1797.79,1799.07,1796.73,1797.94,0
2021-10-27 20:00:00,1798.04,1798.34,1793.89,1798.28,0
2021-10-27 21:00:00,1798.2,1798.34,1796.29,1796.93,0
2021-10-27 23:00:00,1796.45,1798.07,1796.43,1796.7,0
2021-10-28 00:00:00,1796.78,1797.1,1796.01,1796.6,0
2021-10-28 01:00:00,1796.57,1797.14,1794.32,1794.75,0
2021-10-28 02:00:00,1794.77,1798.53,1794.14,1797.6,0
2021-10-28 03:00:00,1797.54,1803.21,1796.88,1799.62,0
2021-10-28 04:00:00,1799.61,1800.18,1798.32,1798.86,0
2021-10-28 05:00:00,1798.86,1801.21,1798.57,1800.9,0
2021-10-28 06:00:00,1800.88,1802.23,1799.8,1802.19,0
2021-10-28 07:00:00,1802.23,1804.13,1800.62,1802.31,0
2021-10-28 08:00:00,1802.35,1803.45,1801.08,1801.99,0
2021-10-28 09:00:00,1801.96,1803.17,1800.6,1800.82,0
2021-10-28 10:00:00,1800.81,1801.2,1795.78,1797.74,0
2021-10-28 11:00:00,1797.73,1800.21,1796.13,1799.59,0
2021-10-28 12:00:00,1799.6,1803.56,1798.52,1801.96,0
2021-10-28 13:00:00,1801.96,1806.76,1797.21,1799.09,0
2021-10-28 14:00:00,1799.09,1810.41,1797.19,1803.14,0
2021-10-28 15:00:00,1803.09,1805.54,1792.32,1798.77,0
2021-10-28 16:00:00,1798.78,1804.4,1797.66,1801.09,0
2021-10-28 17:00:00,1801.09,1803.39,1800.55,1800.86,0
2021-10-28 18:00:00,1800.86,1801.72,1799.16,1801.33,0
2021-10-28 19:00:00,1801.34,1802.23,1800.17,1800.78,0
2021-10-28 20:00:00,1800.69,1801.48,1797.97,1798.25,0
2021-10-28 21:00:00,1798.28,1799.15,1797.68,1798.8,0
2021-10-28 23:00:00,1799.41,1801.15,1799.35,1799.69,0
2021-10-29 00:00:00,1799.67,1800.74,1798.62,1799.59,0
2021-10-29 01:00:00,1799.62,1799.99,1797.57,1798.05,0
2021-10-29 02:00:00,1798.04,1799.63,1796.76,1796.81,0
2021-10-29 03:00:00,1796.81,1797.68,1795.55,1796.16,0
2021-10-29 04:00:00,1796.14,1797.51,1795.15,1797.05,0
2021-10-29 05:00:00,1797.05,1797.05,1793.64,1794.37,0
2021-10-29 06:00:00,1794.37,1797.5,1793.35,1796.5,0
2021-10-29 07:00:00,1796.49,1797.39,1793.04,1793.31,0
2021-10-29 08:00:00,1793.35,1798.22,1793.02,1795.56,0
2021-10-29 09:00:00,1795.57,1796.35,1790.92,1792.78,0
2021-10-29 10:00:00,1792.73,1799.17,1791.94,1798.24,0
2021-10-29 11:00:00,1798.27,1798.44,1794.91,1795.65,0
2021-10-29 12:00:00,1795.62,1796.26,1792.78,1793.09,0
2021-10-29 13:00:00,1793.09,1793.52,1776.05,1780.33,0
2021-10-29 14:00:00,1780.37,1783.28,1772.05,1774.13,0
2021-10-29 15:00:00,1774.11,1782.09,1771.97,1776.98,0
2021-10-29 16:00:00,1777.01,1779.11,1775.12,1778.11,0
2021-10-29 17:00:00,1778.21,1779.68,1777.29,1778.11,0
2021-10-29 18:00:00,1778.12,1783.44,1778.04,1781.61,0
2021-10-29 19:00:00,1781.62,1783.69,1781.3,1781.79,0
2021-10-29 20:00:00,1781.81,1783.61,1781.48,1782.73,0
2021-10-29 21:00:00,1782.82,1783.48,1782.36,1782.96,0
2021-10-31 23:00:00,1782.92,1783.75,1780.27,1780.69,0
2021-11-01 00:00:00,1780.8,1781.32,1779.08,1780.11,0
2021-11-01 01:00:00,1780.1,1782.75,1780.06,1781.6,0
2021-11-01 02:00:00,1781.63,1784.8,1780.3,1784.55,0
2021-11-01 03:00:00,1784.55,1787.36,1784.51,1785.85,0
2021-11-01 04:00:00,1785.75,1786.44,1783.94,1784.41,0
2021-11-01 05:00:00,1784.41,1784.59,1783.58,1783.74,0
2021-11-01 06:00:00,1783.74,1786.81,1783.48,1786.75,0
2021-11-01 07:00:00,1786.74,1787.77,1782.42,1782.46,0
2021-11-01 08:00:00,1782.51,1785.71,1781.25,1781.85,0
2021-11-01 09:00:00,1781.66,1784.45,1781.01,1784.22,0
2021-11-01 10:00:00,1784.24,1786.85,1783.59,1785.98,0
2021-11-01 11:00:00,1785.98,1788.16,1785.62,1786.54,0
2021-11-01 12:00:00,1786.54,1787.49,1782.59,1786.58,0
2021-11-01 13:00:00,1786.58,1790.72,1785.85,1789.25,0
2021-11-01 14:00:00,1789.25,1792.27,1785.7,1792.19,0
2021-11-01 15:00:00,1792.51,1795.81,1790.02,1793.98,0
2021-11-01 16:00:00,1794.0,1794.26,1790.32,1793.04,0
2021-11-01 17:00:00,1793.08,1793.08,1789.84,1791.99,0
2021-11-01 18:00:00,1791.99,1795.07,1791.96,1793.59,0
2021-11-01 19:00:00,1793.59,1794.84,1792.6,1792.71,0
2021-11-01 20:00:00,1792.78,1792.88,1791.13,1792.66,0
2021-11-01 21:00:00,1792.64,1793.66,1792.36,1793.2,0
2021-11-01 23:00:00,1793.12,1793.18,1791.59,1791.8,0
2021-11-02 00:00:00,1791.79,1792.76,1791.38,1792.07,0
2021-11-02 01:00:00,1792.12,1792.62,1790.73,1791.38,0
2021-11-02 02:00:00,1791.32,1791.34,1789.47,1790.2,0
2021-11-02 03:00:00,1790.16,1792.01,1789.27,1790.7,0
2021-11-02 04:00:00,1790.64,1791.72,1790.01,1791.2,0
2021-11-02 05:00:00,1791.21,1794.44,1791.02,1794.03,0
2021-11-02 06:00:00,1794.06,1794.91,1793.11,1793.72,0
2021-11-02 07:00:00,1793.7,1795.77,1792.5,1793.79,0
2021-11-02 08:00:00,1793.76,1796.38,1793.63,1794.19,0
2021-11-02 09:00:00,1794.16,1794.86,1790.83,1794.76,0
2021-11-02 10:00:00,1794.8,1795.58,1793.23,1795.07,0
2021-11-02 11:00:00,1795.18,1795.55,1791.38,1792.46,0
2021-11-02 12:00:00,1792.47,1793.01,1788.31,1790.07,0
2021-11-02 13:00:00,1790.11,1794.55,1788.24,1791.18,0
2021-11-02 14:00:00,1791.13,1793.46,1789.06,1790.82,0
2021-11-02 15:00:00,1790.85,1791.99,1786.47,1790.75,0
2021-11-02 16:00:00,1790.76,1793.22,1787.8,1788.85,0
2021-11-02 17:00:00,1788.85,1789.72,1787.32,1788.39,0
2021-11-02 18:00:00,1788.36,1789.43,1786.75,1787.46,0
2021-11-02 19:00:00,1787.4,1787.52,1786.41,1787.12,0
2021-11-02 20:00:00,1787.04,1788.34,1786.46,1788.33,0
2021-11-02 21:00:00,1788.28,1788.39,1787.47,1787.95,0
2021-11-02 23:00:00,1787.71,1788.3,1786.94,1787.06,0
2021-11-03 00:00:00,1787.06,1787.66,1786.72,1787.23,0
2021-11-03 01:00:00,1787.22,1787.68,1782.56,1787.04,0
2021-11-03 02:00:00,1786.95,1786.95,1783.25,1783.34,0
2021-11-03 03:00:00,1783.35,1783.35,1780.21,1780.71,0
2021-11-03 04:00:00,1780.7,1783.84,1779.28,1783.23,0
2021-11-03 05:00:00,1783.17,1783.38,1780.74,1781.06,0
2021-11-03 06:00:00,1781.05,1782.84,1780.03,1782.16,0
2021-11-03 07:00:00,1782.15,1782.34,1778.25,1780.21,0
2021-11-03 08:00:00,1780.21,1782.47,1779.51,1781.75,0
2021-11-03 09:00:00,1781.75,1783.93,1781.01,1781.68,0
2021-11-03 10:00:00,1781.7,1783.16,1781.13,1782.56,0
2021-11-03 11:00:00,1782.64,1783.18,1780.51,1783.11,0
2021-11-03 12:00:00,1783.09,1785.58,1782.64,1784.69,0
2021-11-03 13:00:00,1784.59,1785.65,1774.44,1775.85,0
2021-11-03 14:00:00,1775.85,1777.27,1765.71,1767.1,0
2021-11-03 15:00:00,1766.1,1766.54,1758.82,1763.21,0
2021-11-03 16:00:00,1763.24,1764.86,1760.68,1763.54,0
2021-11-03 17:00:00,1763.52,1763.98,1761.99,1762.06,0
2021-11-03 18:00:00,1762.1,1766.02,1761.75,1764.85,0
2021-11-03 19:00:00,1764.87,1774.62,1761.65,1772.55,0
2021-11-03 20:00:00,1772.53,1775.06,1768.53,1773.5,0
2021-11-03 21:00:00,1773.52,1774.15,1769.42,1769.63,0
2021-11-03 23:00:00,1770.56,1775.49,1770.5,1773.81,0
2021-11-04 00:00:00,1773.81,1777.4,1773.64,1777.25,0
2021-11-04 01:00:00,1777.29,1778.16,1775.22,1775.8,0
2021-11-04 02:00:00,1775.8,1776.17,1773.46,1775.56,0
2021-11-04 03:00:00,1775.53,1778.29,1775.52,1776.28,0
2021-11-04 04:00:00,1776.28,1777.51,1775.03,1775.11,0
2021-11-04 05:00:00,1775.1,1775.74,1774.68,1774.71,0
2021-11-04 06:00:00,1774.74,1775.99,1774.16,1774.75,0
2021-11-04 07:00:00,1774.75,1774.75,1770.83,1772.75,0
2021-11-04 08:00:00,1772.78,1775.97,1772.71,1774.78,0
2021-11-04 09:00:00,1774.81,1777.57,1772.37,1776.43,0
2021-11-04 10:00:00,1776.5,1777.74,1775.26,1777.33,0
2021-11-04 11:00:00,1777.35,1779.81,1775.8,1778.79,0
2021-11-04 12:00:00,1778.79,1782.13,1778.24,1780.83,0
2021-11-04 13:00:00,1781.08,1792.96,1779.12,1792.65,0
2021-11-04 14:00:00,1792.66,1795.89,1790.87,1795.8,0
2021-11-04 15:00:00,1795.79,1798.91,1795.09,1796.9,0
2021-11-04 16:00:00,1796.82,1797.14,1791.32,1792.29,0
2021-11-04 17:00:00,1792.29,1793.85,1790.91,1792.42,0
2021-11-04 18:00:00,1792.42,1794.13,1791.09,1793.48,0
2021-11-04 19:00:00,1793.51,1793.96,1791.32,1792.44,0
2021-11-04 20:00:00,1792.45,1793.87,1792.03,1793.84,0
2021-11-04 21:00:00,1793.77,1793.86,1791.32,1791.57,0
2021-11-04 23:00:00,1791.05,1791.45,1790.46,1791.44,0
2021-11-05 00:00:00,1791.41,1792.16,1790.81,1791.37,0
2021-11-05 01:00:00,1791.37,1793.41,1790.1,1791.34,0
2021-11-05 02:00:00,1791.36,1795.64,1791.34,1795.62,0
2021-11-05 03:00:00,1795.62,1796.14,1792.24,1793.96,0
2021-11-05 04:00:00,1793.95,1794.43,1792.52,1792.87,0
2021-11-05 05:00:00,1792.87,1795.67,1792.62,1795.67,0
2021-11-05 06:00:00,1795.69,1796.99,1794.12,1795.89,0
2021-11-05 07:00:00,1795.88,1796.99,1794.89,1796.68,0
2021-11-05 08:00:00,1796.71,1798.44,1796.02,1796.6,0
2021-11-05 09:00:00,1796.71,1800.1,1794.91,1796.37,0
2021-11-05 10:00:00,1796.37,1797.28,1794.09,1795.27,0
2021-11-05 11:00:00,1795.24,1795.63,1793.07,1794.21,0
2021-11-05 12:00:00,1794.21,1795.15,1791.77,1793.92,0
2021-11-05 13:00:00,1794.02,1797.38,1784.98,1790.99,0
2021-11-05 14:00:00,1790.99,1803.69,1790.66,1799.31,0
2021-11-05 15:00:00,1799.31,1803.42,1795.8,1802.0,0
2021-11-05 16:00:00,1802.01,1811.8,1801.25,1809.96,0
2021-11-05 17:00:00,1809.95,1815.48,1807.78,1814.08,0
2021-11-05 18:00:00,1814.08,1815.32,1812.69,1813.76,0
2021-11-05 19:00:00,1813.78,1816.4,1812.43,1815.7,0
2021-11-05 20:00:00,1815.79,1818.08,1815.23,1816.89,0
2021-11-05 21:00:00,1816.89,1818.28,1816.21,1817.93,0
2021-11-07 23:00:00,1816.21,1818.09,1814.95,1815.85,0
2021-11-08 00:00:00,1815.86,1816.11,1812.94,1813.58,0
2021-11-08 01:00:00,1813.58,1821.04,1813.54,1816.63,0
2021-11-08 02:00:00,1816.65,1820.35,1816.65,1819.52,0
2021-11-08 03:00:00,1819.52,1820.03,1817.66,1819.09,0
2021-11-08 04:00:00,1819.13,1820.61,1818.61,1819.98,0
2021-11-08 05:00:00,1819.95,1821.27,1818.78,1821.05,0
2021-11-08 06:00:00,1820.99,1821.51,1815.85,1816.73,0
2021-11-08 07:00:00,1816.71,1817.59,1814.65,1816.34,0
2021-11-08 08:00:00,1816.35,1818.17,1812.44,1813.27,0
2021-11-08 09:00:00,1813.26,1816.46,1812.78,1815.98,0
2021-11-08 10:00:00,1815.97,1818.29,1815.85,1817.27,0
2021-11-08 11:00:00,1817.28,1818.11,1814.99,1816.91,0
2021-11-08 12:00:00,1816.84,1818.49,1815.8,1817.79,0
2021-11-08 13:00:00,1817.77,1824.26,1816.15,1821.74,0
2021-11-08 14:00:00,1821.81,1826.14,1819.15,1822.48,0
2021-11-08 15:00:00,1822.53,1823.47,1820.53,1821.52,0
2021-11-08 16:00:00,1821.54,1824.36,1819.44,1824.02,0
2021-11-08 17:00:00,1824.02,1824.33,1822.86,1823.45,0
2021-11-08 18:00:00,1823.47,1826.45,1822.91,1825.66,0
2021-11-08 19:00:00,1825.7,1826.22,1825.39,1825.81,0
2021-11-08 20:00:00,1825.97,1826.29,1823.69,1823.92,0
2021-11-08 21:00:00,1823.92,1824.99,1823.76,1824.27,0
2021-11-08 23:00:00,1824.75,1825.33,1824.02,1824.58,0
2021-11-09 00:00:00,1824.58,1824.9,1823.46,1823.97,0
2021-11-09 01:00:00,1823.98,1827.24,1823.44,1824.85,0
2021-11-09 02:00:00,1824.84,1826.62,1821.88,1823.03,0
2021-11-09 03:00:00,1823.03,1824.15,1821.89,1823.03,0
2021-11-09 04:00:00,1823.01,1823.84,1822.41,1823.6,0
2021-11-09 05:00:00,1823.51,1825.96,1823.19,1824.67,0
2021-11-09 06:00:00,1824.67,1827.15,1823.01,1824.04,0
2021-11-09 07:00:00,1824.01,1825.39,1819.18,1820.14,0
2021-11-09 08:00:00,1820.13,1825.85,1820.13,1824.2,0
2021-11-09 09:00:00,1824.22,1826.32,1823.12,1825.41,0
2021-11-09 10:00:00,1825.4,1826.77,1824.04,1825.14,0
2021-11-09 11:00:00,1825.14,1828.64,1823.62,1823.87,0
2021-11-09 12:00:00,1823.92,1825.61,1822.78,1824.09,0
2021-11-09 13:00:00,1824.18,1830.17,1823.92,1829.94,0
2021-11-09 14:00:00,1829.95,1830.35,1825.84,1826.27,0
2021-11-09 15:00:00,1826.21,1827.58,1820.33,1825.92,0
2021-11-09 16:00:00,1825.86,1829.74,1823.49,1828.47,0
2021-11-09 17:00:00,1828.4,1831.32,1827.41,1830.91,0
2021-11-09 18:00:00,1830.92,1831.22,1826.99,1830.28,0
2021-11-09 19:00:00,1830.28,1830.56,1828.88,1830.3,0
2021-11-09 20:00:00,1830.3,1832.73,1830.22,1832.34,0
2021-11-09 21:00:00,1832.32,1832.71,1831.43,1831.85,0
2021-11-09 23:00:00,1831.78,1832.48,1828.53,1829.95,0
2021-11-10 00:00:00,1829.95,1831.06,1829.37,1829.46,0
2021-11-10 01:00:00,1829.45,1830.86,1827.41,1827.69,0
2021-11-10 02:00:00,1827.69,1830.26,1827.03,1827.26,0
2021-11-10 03:00:00,1827.19,1828.63,1826.16,1827.14,0
2021-11-10 04:00:00,1827.15,1827.38,1825.85,1826.49,0
2021-11-10 05:00:00,1826.42,1827.21,1824.35,1825.81,0
2021-11-10 06:00:00,1825.74,1827.08,1824.13,1826.45,0
2021-11-10 07:00:00,1826.44,1826.44,1822.98,1824.21,0
2021-11-10 08:00:00,1824.17,1827.18,1823.12,1825.55,0
2021-11-10 09:00:00,1825.63,1826.84,1824.73,1825.17,0
2021-11-10 10:00:00,1825.18,1826.69,1824.58,1824.8,0
2021-11-10 11:00:00,1824.73,1826.16,1822.78,1824.55,0
2021-11-10 12:00:00,1824.56,1826.63,1824.34,1826.53,0
2021-11-10 13:00:00,1826.5,1851.67,1822.35,1849.71,0
2021-11-10 14:00:00,1849.67,1868.47,1849.3,1861.64,0
2021-11-10 15:00:00,1861.67,1862.52,1851.27,1851.5,0
2021-11-10 16:00:00,1851.82,1858.65,1851.82,1854.88,0
2021-11-10 17:00:00,1854.92,1855.31,1848.27,1849.67,0
2021-11-10 18:00:00,1849.68,1850.87,1841.47,1846.61,0
2021-11-10 19:00:00,1846.64,1850.12,1844.49,1847.18,0
2021-11-10 20:00:00,1847.03,1852.84,1845.41,1852.66,0
2021-11-10 21:00:00,1852.68,1852.78,1848.75,1849.25,0
2021-11-10 23:00:00,1849.3,1849.44,1848.3,1848.58,0
2021-11-11 00:00:00,1848.59,1852.6,1848.05,1850.21,0
2021-11-11 01:00:00,1850.21,1851.44,1845.19,1845.55,0
2021-11-11 02:00:00,1845.55,1845.87,1842.92,1844.24,0
2021-11-11 03:00:00,1844.23,1853.81,1843.74,1849.99,0
2021-11-11 04:00:00,1849.99,1849.99,1847.1,1849.29,0
2021-11-11 05:00:00,1849.27,1855.44,1848.94,1853.83,0
2021-11-11 06:00:00,1853.83,1855.65,1852.11,1852.26,0
2021-11-11 07:00:00,1852.23,1857.17,1851.83,1856.93,0
2021-11-11 08:00:00,1857.06,1864.31,1855.2,1861.56,0
2021-11-11 09:00:00,1861.52,1863.3,1860.38,1862.02,0
2021-11-11 10:00:00,1862.02,1862.85,1860.21,1862.82,0
2021-11-11 11:00:00,1862.8,1865.59,1862.05,1863.88,0
2021-11-11 12:00:00,1863.88,1864.07,1854.93,1858.5,0
2021-11-11 13:00:00,1858.48,1865.98,1856.51,1863.43,0
2021-11-11 14:00:00,1863.4,1864.43,1859.51,1859.76,0
2021-11-11 15:00:00,1859.89,1862.94,1858.91,1861.67,0
2021-11-11 16:00:00,1861.68,1863.05,1859.82,1862.14,0
2021-11-11 17:00:00,1862.15,1863.72,1861.49,1862.33,0
2021-11-11 18:00:00,1862.33,1862.94,1860.46,1862.26,0
2021-11-11 19:00:00,1862.26,1863.38,1861.93,1862.14,0
2021-11-11 20:00:00,1862.14,1863.08,1861.63,1862.63,0
2021-11-11 21:00:00,1862.6,1863.12,1861.8,1861.98,0
2021-11-11 23:00:00,1861.75,1862.63,1861.22,1862.31,0
2021-11-12 00:00:00,1862.2,1862.35,1859.45,1860.01,0
2021-11-12 01:00:00,1859.93,1861.58,1857.79,1859.19,0
2021-11-12 02:00:00,1859.2,1860.36,1855.67,1856.9,0
2021-11-12 03:00:00,1856.87,1856.87,1855.11,1855.2,0
2021-11-12 04:00:00,1855.2,1857.36,1855.19,1857.34,0
2021-11-12 05:00:00,1857.34,1859.99,1856.34,1859.94,0
2021-11-12 06:00:00,1859.89,1860.12,1857.31,1857.8,0
2021-11-12 07:00:00,1857.78,1859.84,1855.63,1856.44,0
2021-11-12 08:00:00,1856.46,1858.75,1852.37,1853.23,0
2021-11-12 09:00:00,1853.29,1854.26,1849.42,1853.08,0
2021-11-12 10:00:00,1853.06,1853.09,1845.74,1846.19,0
2021-11-12 11:00:00,1846.35,1850.16,1845.24,1849.17,0
2021-11-12 12:00:00,1849.12,1854.02,1849.12,1853.49,0
2021-11-12 13:00:00,1853.43,1858.68,1853.43,1854.4,0
2021-11-12 14:00:00,1854.43,1859.45,1853.87,1858.41,0
2021-11-12 15:00:00,1858.8,1865.98,1858.8,1860.82,0
2021-11-12 16:00:00,1860.82,1863.83,1859.8,1863.59,0
2021-11-12 17:00:00,1863.59,1865.91,1861.65,1864.76,0
2021-11-12 18:00:00,1864.77,1868.66,1864.03,1867.88,0
2021-11-12 19:00:00,1867.97,1867.99,1863.77,1863.79,0
2021-11-12 20:00:00,1863.8,1866.18,1862.6,1865.88,0
2021-11-12 21:00:00,1865.8,1866.16,1863.89,1864.69,0
2021-11-14 23:00:00,1866.1,1867.82,1865.26,1865.5,0
2021-11-15 00:00:00,1865.51,1866.04,1863.51,1863.84,0
2021-11-15 01:00:00,1863.8,1865.95,1857.17,1860.51,0
2021-11-15 02:00:00,1860.51,1862.32,1858.73,1859.59,0
2021-11-15 03:00:00,1859.59,1859.59,1856.48,1856.91,0
2021-11-15 04:00:00,1856.91,1859.35,1856.56,1858.97,0
2021-11-15 05:00:00,1858.96,1859.29,1856.96,1858.9,0
2021-11-15 06:00:00,1858.91,1859.08,1856.91,1857.31,0
2021-11-15 07:00:00,1857.25,1862.26,1856.33,1860.89,0
2021-11-15 08:00:00,1860.97,1863.52,1858.55,1858.69,0
2021-11-15 09:00:00,1858.55,1863.18,1858.37,1862.37,0
2021-11-15 10:00:00,1862.39,1864.87,1861.79,1863.38,0
2021-11-15 11:00:00,1863.24,1864.51,1862.57,1864.48,0
2021-11-15 12:00:00,1864.47,1864.47,1860.61,1863.87,0
2021-11-15 13:00:00,1863.94,1870.53,1862.39,1864.26,0
2021-11-15 14:00:00,1864.26,1865.2,1859.7,1860.66,0
2021-11-15 15:00:00,1860.57,1863.37,1858.25,1862.07,0
2021-11-15 16:00:00,1862.03,1864.88,1860.02,1863.47,0
2021-11-15 17:00:00,1863.5,1864.7,1862.43,1863.42,0
2021-11-15 18:00:00,1863.41,1865.76,1862.93,1865.76,0
2021-11-15 19:00:00,1865.77,1867.9,1865.39,1867.12,0
2021-11-15 20:00:00,1867.1,1867.27,1862.05,1863.27,0
2021-11-15 21:00:00,1863.19,1863.89,1862.6,1862.68,0
2021-11-15 23:00:00,1862.88,1863.93,1861.88,1862.39,0
2021-11-16 00:00:00,1862.26,1864.86,1861.89,1864.25,0
2021-11-16 01:00:00,1864.25,1865.97,1862.32,1865.94,0
2021-11-16 02:00:00,1865.95,1868.84,1865.95,1867.44,0
2021-11-16 03:00:00,1867.54,1868.27,1865.23,1866.95,0
2021-11-16 04:00:00,1866.93,1867.48,1863.9,1865.68,0
2021-11-16 05:00:00,1865.68,1867.75,1865.64,1866.6,0
2021-11-16 06:00:00,1866.67,1867.39,1864.92,1865.09,0
2021-11-16 07:00:00,1865.11,1865.58,1862.28,1863.97,0
2021-11-16 08:00:00,1863.98,1874.38,1863.9,1872.13,0
2021-11-16 09:00:00,1872.08,1874.89,1870.61,1873.31,0
2021-11-16 10:00:00,1873.25,1874.37,1871.86,1874.17,0
2021-11-16 11:00:00,1874.12,1874.75,1872.38,1873.96,0
2021-11-16 12:00:00,1873.95,1873.95,1869.46,1870.72,0
2021-11-16 13:00:00,1870.73,1877.13,1865.47,1867.0,0
2021-11-16 14:00:00,1867.04,1869.06,1859.12,1859.54,0
2021-11-16 15:00:00,1859.52,1864.45,1856.52,1861.21,0
2021-11-16 16:00:00,1861.18,1861.46,1853.55,1855.2,0
2021-11-16 17:00:00,1855.2,1856.71,1851.75,1852.2,0
2021-11-16 18:00:00,1852.18,1854.52,1849.72,1850.18,0
2021-11-16 19:00:00,1850.17,1852.47,1849.95,1851.59,0
2021-11-16 20:00:00,1851.61,1851.61,1849.7,1850.65,0
2021-11-16 21:00:00,1850.55,1850.71,1849.74,1850.4,0
2021-11-16 23:00:00,1850.3,1850.68,1849.67,1850.34,0
2021-11-17 00:00:00,1850.43,1854.84,1849.55,1854.39,0
2021-11-17 01:00:00,1854.37,1856.0,1852.95,1855.68,0
2021-11-17 02:00:00,1855.7,1856.08,1853.3,1855.91,0
2021-11-17 03:00:00,1855.91,1856.06,1851.95,1853.66,0
2021-11-17 04:00:00,1853.6,1855.19,1853.41,1854.18,0
2021-11-17 05:00:00,1854.21,1854.75,1851.99,1852.29,0
2021-11-17 06:00:00,1852.35,1856.07,1852.32,1855.0,0
2021-11-17 07:00:00,1854.91,1857.36,1854.19,1856.25,0
2021-11-17 08:00:00,1856.22,1860.17,1855.85,1860.15,0
2021-11-17 09:00:00,1860.15,1861.4,1859.14,1859.34,0
2021-11-17 10:00:00,1859.34,1861.08,1857.96,1859.71,0
2021-11-17 11:00:00,1859.71,1862.85,1859.34,1861.7,0
2021-11-17 12:00:00,1861.7,1864.87,1861.67,1863.83,0
2021-11-17 13:00:00,1863.83,1865.65,1860.02,1862.14,0
2021-11-17 14:00:00,1862.21,1867.31,1862.01,1865.99,0
2021-11-17 15:00:00,1866.01,1868.03,1860.31,1862.83,0
2021-11-17 16:00:00,1862.82,1866.37,1862.31,1866.29,0
2021-11-17 17:00:00,1866.3,1867.58,1865.4,1865.49,0
2021-11-17 18:00:00,1865.48,1868.02,1863.91,1866.0,0
2021-11-17 19:00:00,1866.02,1866.05,1862.86,1864.0,0
2021-11-17 20:00:00,1863.97,1866.94,1862.77,1866.84,0
2021-11-17 21:00:00,1866.87,1867.53,1866.5,1867.32,0
2021-11-17 23:00:00,1866.64,1867.43,1866.17,1866.5,0
2021-11-18 00:00:00,1866.62,1870.97,1866.52,1869.95,0
2021-11-18 01:00:00,1869.95,1870.31,1867.36,1868.2,0
2021-11-18 02:00:00,1868.2,1869.96,1865.42,1866.88,0
2021-11-18 03:00:00,1866.88,1866.88,1864.19,1864.93,0
2021-11-18 04:00:00,1864.95,1867.38,1864.93,1866.05,0
2021-11-18 05:00:00,1866.05,1866.73,1864.75,1866.5,0
2021-11-18 06:00:00,1866.48,1866.93,1862.6,1863.82,0
2021-11-18 07:00:00,1863.83,1869.47,1863.24,1868.58,0
2021-11-18 08:00:00,1868.63,1869.75,1863.84,1865.07,0
2021-11-18 09:00:00,1865.09,1866.14,1862.77,1864.4,0
2021-11-18 10:00:00,1864.4,1864.55,1858.78,1861.3,0
2021-11-18 11:00:00,1861.3,1864.47,1861.13,1862.79,0
2021-11-18 12:00:00,1862.79,1866.69,1862.5,1865.54,0
2021-11-18 13:00:00,1865.49,1866.96,1855.14,1864.33,0
2021-11-18 14:00:00,1864.33,1865.56,1860.7,1861.48,0
2021-11-18 15:00:00,1861.49,1863.62,1857.66,1860.06,0
2021-11-18 16:00:00,1860.06,1862.34,1859.22,1861.77,0
2021-11-18 17:00:00,1861.77,1862.72,1860.22,1860.86,0
2021-11-18 18:00:00,1860.78,1861.01,1858.28,1859.94,0
2021-11-18 19:00:00,1859.98,1860.55,1858.46,1858.9,0
2021-11-18 20:00:00,1858.9,1861.04,1856.81,1860.87,0
2021-11-18 21:00:00,1860.79,1861.0,1858.59,1858.93,0
2021-11-18 23:00:00,1859.03,1859.62,1858.0,1859.57,0
2021-11-19 00:00:00,1859.58,1860.33,1858.57,1859.08,0
2021-11-19 01:00:00,1859.02,1862.12,1859.02,1861.47,0
2021-11-19 02:00:00,1861.53,1863.01,1860.49,1861.82,0
2021-11-19 03:00:00,1861.78,1863.49,1861.56,1863.11,0
2021-11-19 04:00:00,1863.11,1863.75,1862.34,1862.69,0
2021-11-19 05:00:00,1862.6,1863.5,1860.43,1861.0,0
2021-11-19 06:00:00,1860.92,1862.0,1858.7,1859.07,0
2021-11-19 07:00:00,1858.95,1859.09,1856.04,1857.56,0
2021-11-19 08:00:00,1857.56,1859.39,1853.77,1853.92,0
2021-11-19 09:00:00,1853.91,1864.16,1851.57,1864.06,0
2021-11-19 10:00:00,1864.16,1864.88,1859.27,1859.63,0
2021-11-19 11:00:00,1859.65,1862.44,1858.26,1861.69,0
2021-11-19 12:00:00,1861.81,1864.04,1860.15,1860.2,0
2021-11-19 13:00:00,1860.22,1864.21,1857.83,1860.12,0
2021-11-19 14:00:00,1860.14,1865.74,1851.97,1861.73,0
2021-11-19 15:00:00,1861.73,1862.56,1855.91,1860.41,0
2021-11-19 16:00:00,1860.4,1860.67,1855.76,1856.54,0
2021-11-19 17:00:00,1856.55,1857.46,1843.03,1846.98,0
2021-11-19 18:00:00,1846.96,1850.58,1844.49,1848.75,0
2021-11-19 19:00:00,1848.77,1849.96,1847.32,1849.66,0
2021-11-19 20:00:00,1849.65,1849.65,1846.37,1846.99,0
2021-11-19 21:00:00,1847.12,1847.6,1845.36,1845.94,0
2021-11-21 23:00:00,1843.02,1847.24,1838.67,1844.86,0
2021-11-22 00:00:00,1844.94,1847.17,1844.54,1846.26,0
2021-11-22 01:00:00,1846.25,1848.51,1844.05,1845.79,0
2021-11-22 02:00:00,1845.8,1847.16,1844.49,1846.52,0
2021-11-22 03:00:00,1846.48,1847.23,1845.12,1847.16,0
2021-11-22 04:00:00,1847.14,1849.08,1846.85,1847.32,0
2021-11-22 05:00:00,1847.2,1848.66,1844.98,1846.75,0
2021-11-22 06:00:00,1846.72,1846.77,1841.09,1842.51,0
2021-11-22 07:00:00,1842.5,1845.34,1840.21,1844.06,0
2021-11-22 08:00:00,1843.96,1847.05,1842.73,1844.79,0
2021-11-22 09:00:00,1844.78,1846.71,1844.56,1845.09,0
2021-11-22 10:00:00,1845.07,1845.63,1837.35,1839.51,0
2021-11-22 11:00:00,1839.53,1843.44,1837.92,1842.68,0
2021-11-22 12:00:00,1842.59,1843.05,1839.52,1839.92,0
2021-11-22 13:00:00,1840.08,1842.2,1835.0,1837.96,0
2021-11-22 14:00:00,1838.29,1838.54,1811.47,1819.22,0
2021-11-22 15:00:00,1819.26,1819.79,1813.23,1818.53,0
2021-11-22 16:00:00,1818.44,1822.16,1814.68,1815.79,0
2021-11-22 17:00:00,1815.79,1816.04,1806.87,1808.48,0
2021-11-22 18:00:00,1808.48,1808.48,1804.82,1805.05,0
2021-11-22 19:00:00,1805.09,1806.55,1802.28,1803.7,0
2021-11-22 20:00:00,1803.72,1807.12,1802.94,1805.22,0
2021-11-22 21:00:00,1805.19,1806.38,1804.34,1804.78,0
2021-11-22 23:00:00,1807.67,1809.84,1806.97,1809.02,0
2021-11-23 00:00:00,1809.0,1810.3,1808.07,1809.48,0
2021-11-23 01:00:00,1809.48,1812.37,1807.96,1811.34,0
2021-11-23 02:00:00,1811.35,1811.37,1806.57,1809.9,0
2021-11-23 03:00:00,1809.88,1810.23,1807.68,1808.35,0
2021-11-23 04:00:00,1808.34,1808.69,1807.02,1807.88,0
2021-11-23 05:00:00,1807.84,1808.78,1807.36,1808.18,0
2021-11-23 06:00:00,1808.17,1808.27,1803.36,1804.0,0
2021-11-23 07:00:00,1804.03,1809.88,1802.9,1807.71,0
2021-11-23 08:00:00,1807.6,1808.4,1798.87,1801.0,0
2021-11-23 09:00:00,1800.93,1803.0,1792.72,1797.75,0
2021-11-23 10:00:00,1797.74,1799.18,1795.79,1796.78,0
2021-11-23 11:00:00,1796.78,1797.18,1793.58,1794.03,0
2021-11-23 12:00:00,1794.01,1797.52,1791.46,1791.82,0
2021-11-23 13:00:00,1791.82,1793.5,1784.4,1786.1,0
2021-11-23 14:00:00,1786.09,1793.23,1785.52,1790.5,0
2021-11-23 15:00:00,1790.42,1791.11,1784.78,1786.34,0
2021-11-23 16:00:00,1786.38,1786.38,1782.01,1782.84,0
2021-11-23 17:00:00,1782.72,1786.22,1782.14,1784.34,0
2021-11-23 18:00:00,1784.44,1789.28,1781.98,1789.11,0
2021-11-23 19:00:00,1789.11,1790.33,1787.95,1788.17,0
2021-11-23 20:00:00,1788.17,1791.88,1787.73,1790.32,0
2021-11-23 21:00:00,1790.52,1791.13,1788.91,1789.0,0
2021-11-23 23:00:00,1789.27,1790.91,1788.57,1790.89,0
2021-11-24 00:00:00,1790.85,1792.17,1790.33,1791.46,0
2021-11-24 01:00:00,1791.45,1796.12,1788.96,1795.02,0
2021-11-24 02:00:00,1795.01,1795.43,1793.07,1794.24,0
2021-11-24 03:00:00,1794.25,1794.89,1792.84,1793.66,0
2021-11-24 04:00:00,1793.66,1795.7,1792.66,1793.61,0
2021-11-24 05:00:00,1793.59,1795.84,1793.16,1795.6,0
2021-11-24 06:00:00,1795.6,1795.71,1792.36,1793.36,0
2021-11-24 07:00:00,1793.32,1796.41,1791.91,1794.13,0
2021-11-24 08:00:00,1794.0,1794.76,1790.4,1791.41,0
2021-11-24 09:00:00,1791.45,1793.86,1790.87,1792.06,0
2021-11-24 10:00:00,1792.05,1792.84,1788.42,1789.36,0
2021-11-24 11:00:00,1789.31,1790.05,1785.62,1787.26,0
2021-11-24 12:00:00,1787.27,1787.49,1784.28,1785.88,0
2021-11-24 13:00:00,1785.91,1787.81,1781.82,1784.57,0
2021-11-24 14:00:00,1784.64,1785.8,1778.55,1782.03,0
2021-11-24 15:00:00,1782.01,1785.49,1779.58,1784.61,0
2021-11-24 16:00:00,1784.61,1791.36,1783.43,1789.05,0
2021-11-24 17:00:00,1789.1,1789.18,1784.72,1785.43,0
2021-11-24 18:00:00,1785.43,1785.87,1783.7,1784.12,0
2021-11-24 19:00:00,1784.12,1785.8,1782.49,1784.94,0
2021-11-24 20:00:00,1784.85,1788.48,1784.65,1788.19,0
2021-11-24 21:00:00,1788.22,1789.53,1788.14,1788.49,0
2021-11-24 23:00:00,1788.16,1791.14,1785.96,1789.64,0
2021-11-25 00:00:00,1789.75,1792.81,1789.24,1791.85,0
2021-11-25 01:00:00,1791.85,1793.23,1790.07,1791.86,0
2021-11-25 02:00:00,1791.92,1794.28,1791.4,1792.77,0
2021-11-25 03:00:00,1792.75,1793.25,1791.89,1792.16,0
2021-11-25 04:00:00,1792.18,1792.62,1791.7,1791.99,0
2021-11-25 05:00:00,1791.99,1792.94,1791.49,1792.9,0
2021-11-25 06:00:00,1792.9,1794.09,1792.29,1792.66,0
2021-11-25 07:00:00,1792.66,1794.34,1792.46,1793.33,0
2021-11-25 08:00:00,1793.33,1795.15,1793.14,1794.4,0
2021-11-25 09:00:00,1794.39,1794.6,1791.99,1793.03,0
2021-11-25 10:00:00,1793.04,1793.05,1790.35,1791.12,0
2021-11-25 11:00:00,1791.12,1791.58,1789.87,1790.77,0
2021-11-25 12:00:00,1790.77,1792.9,1790.56,1790.76,0
2021-11-25 13:00:00,1790.8,1791.71,1789.37,1791.22,0
2021-11-25 14:00:00,1791.18,1792.15,1790.23,1790.71,0
2021-11-25 15:00:00,1790.72,1790.9,1787.88,1788.57,0
2021-11-25 16:00:00,1788.57,1790.5,1788.07,1789.55,0
2021-11-25 17:00:00,1789.56,1790.42,1788.09,1788.35,0
2021-11-25 18:00:00,1787.57,1788.61,1787.57,1788.61,0
2021-11-25 19:00:00,1788.61,1788.61,1788.61,1788.61,0
2021-11-25 20:00:00,1788.61,1788.61,1787.62,1788.61,0
2021-11-25 21:00:00,1788.61,1788.61,1788.61,1788.61,0
2021-11-25 23:00:00,1790.49,1792.72,1790.31,1792.6,0
2021-11-26 00:00:00,1792.6,1794.3,1789.96,1792.01,0
2021-11-26 01:00:00,1791.99,1793.6,1790.87,1792.39,0
2021-11-26 02:00:00,1792.4,1794.98,1791.79,1794.18,0
2021-11-26 03:00:00,1794.16,1799.23,1794.16,1797.01,0
2021-11-26 04:00:00,1797.08,1798.56,1796.7,1797.06,0
2021-11-26 05:00:00,1797.04,1798.01,1795.25,1797.47,0
2021-11-26 06:00:00,1797.47,1803.43,1797.42,1801.17,0
2021-11-26 07:00:00,1801.17,1808.52,1800.23,1808.05,0
2021-11-26 08:00:00,1808.04,1808.97,1797.79,1802.9,0
2021-11-26 09:00:00,1802.87,1809.83,1801.97,1809.78,0
2021-11-26 10:00:00,1809.78,1810.67,1805.92,1809.63,0
2021-11-26 11:00:00,1809.66,1815.53,1809.19,1811.79,0
2021-11-26 12:00:00,1811.77,1812.12,1805.8,1806.19,0
2021-11-26 13:00:00,1806.16,1809.51,1798.99,1805.6,0
2021-11-26 14:00:00,1805.64,1808.07,1795.39,1798.61,0
2021-11-26 15:00:00,1798.51,1802.64,1797.59,1797.6,0
2021-11-26 16:00:00,1797.64,1799.74,1780.36,1785.26,0
2021-11-26 17:00:00,1785.25,1789.67,1783.36,1785.71,0
2021-11-26 18:00:00,1785.77,1792.92,1784.06,1790.96,0
2021-11-28 23:00:00,1789.27,1795.6,1782.87,1795.5,0
2021-11-29 00:00:00,1795.4,1795.93,1790.28,1793.6,0
2021-11-29 01:00:00,1793.78,1795.75,1789.85,1795.23,0
2021-11-29 02:00:00,1795.2,1795.54,1792.33,1795.3,0
2021-11-29 03:00:00,1795.3,1796.64,1793.97,1794.45,0
2021-11-29 04:00:00,1794.47,1794.48,1791.17,1792.93,0
2021-11-29 05:00:00,1792.86,1795.95,1792.14,1795.82,0
2021-11-29 06:00:00,1795.78,1796.66,1794.56,1794.96,0
2021-11-29 07:00:00,1794.91,1797.14,1791.97,1794.74,0
2021-11-29 08:00:00,1794.86,1799.27,1792.88,1798.08,0
2021-11-29 09:00:00,1798.1,1799.4,1796.77,1799.31,0
2021-11-29 10:00:00,1799.3,1799.41,1794.7,1796.38,0
2021-11-29 11:00:00,1796.28,1796.29,1793.25,1793.49,0
2021-11-29 12:00:00,1793.49,1794.14,1790.3,1794.11,0
2021-11-29 13:00:00,1794.13,1794.13,1786.83,1786.9,0
2021-11-29 14:00:00,1786.91,1789.95,1784.31,1788.1,0
2021-11-29 15:00:00,1788.12,1789.73,1785.26,1787.04,0
2021-11-29 16:00:00,1786.95,1787.94,1782.71,1783.84,0
2021-11-29 17:00:00,1783.84,1785.76,1782.47,1784.14,0
2021-11-29 18:00:00,1784.14,1785.21,1782.68,1784.02,0
2021-11-29 19:00:00,1783.96,1783.98,1781.14,1782.65,0
2021-11-29 20:00:00,1782.81,1785.15,1782.14,1783.75,0
2021-11-29 21:00:00,1783.52,1785.73,1782.59,1784.59,0
2021-11-29 23:00:00,1785.07,1787.84,1784.6,1786.81,0
2021-11-30 00:00:00,1786.81,1787.9,1784.68,1785.0,0
2021-11-30 01:00:00,1785.1,1789.08,1783.02,1788.51,0
2021-11-30 02:00:00,1788.5,1790.38,1787.76,1788.66,0
2021-11-30 03:00:00,1788.66,1789.11,1788.02,1788.92,0
2021-11-30 04:00:00,1788.92,1789.68,1788.16,1788.63,0
2021-11-30 05:00:00,1788.63,1795.9,1787.98,1795.86,0
2021-11-30 06:00:00,1795.78,1795.84,1791.35,1793.19,0
2021-11-30 07:00:00,1793.26,1793.73,1789.99,1791.76,0
2021-11-30 08:00:00,1791.76,1795.68,1791.65,1792.89,0
2021-11-30 09:00:00,1792.83,1798.51,1791.46,1797.06,0
2021-11-30 10:00:00,1797.15,1797.89,1795.05,1796.1,0
2021-11-30 11:00:00,1796.06,1796.37,1791.88,1792.46,0
2021-11-30 12:00:00,1792.51,1794.0,1789.12,1792.8,0
2021-11-30 13:00:00,1792.84,1797.3,1789.72,1795.72,0
2021-11-30 14:00:00,1795.73,1804.46,1793.77,1802.42,0
2021-11-30 15:00:00,1802.41,1808.77,1783.39,1784.48,0
2021-11-30 16:00:00,1784.55,1784.72,1770.82,1774.29,0
2021-11-30 17:00:00,1774.28,1775.6,1769.88,1774.35,0
2021-11-30 18:00:00,1774.37,1777.35,1773.59,1776.57,0
2021-11-30 19:00:00,1776.58,1777.73,1774.44,1776.04,0
2021-11-30 20:00:00,1776.06,1776.2,1770.9,1770.98,0
2021-11-30 21:00:00,1771.0,1774.95,1770.89,1774.81,0
2021-11-30 23:00:00,1775.08,1776.89,1772.21,1773.16,0
2021-12-01 00:00:00,1773.18,1777.78,1772.6,1777.69,0
2021-12-01 01:00:00,1777.66,1778.49,1773.61,1775.29,0
2021-12-01 02:00:00,1775.28,1779.5,1775.1,1778.28,0
2021-12-01 03:00:00,1778.28,1780.31,1777.77,1778.01,0
2021-12-01 04:00:00,1778.01,1779.81,1777.33,1779.48,0
2021-12-01 05:00:00,1779.43,1794.22,1778.78,1790.46,0
2021-12-01 06:00:00,1790.55,1792.1,1786.0,1787.99,0
2021-12-01 07:00:00,1787.99,1789.15,1784.25,1784.79,0
2021-12-01 08:00:00,1784.82,1785.03,1776.67,1778.87,0
2021-12-01 09:00:00,1778.89,1784.07,1777.66,1782.92,0
2021-12-01 10:00:00,1782.9,1786.91,1781.91,1786.32,0
2021-12-01 11:00:00,1786.28,1788.61,1785.08,1785.1,0
2021-12-01 12:00:00,1785.08,1788.66,1784.95,1786.03,0
2021-12-01 13:00:00,1786.11,1790.45,1782.72,1788.08,0
2021-12-01 14:00:00,1788.13,1789.89,1783.22,1788.3,0
2021-12-01 15:00:00,1788.25,1792.18,1784.07,1786.01,0
2021-12-01 16:00:00,1786.0,1787.93,1781.41,1786.08,0
2021-12-01 17:00:00,1786.08,1786.13,1782.19,1784.13,0
2021-12-01 18:00:00,1784.1,1784.16,1780.85,1782.96,0
2021-12-01 19:00:00,1782.99,1783.02,1779.24,1782.19,0
2021-12-01 20:00:00,1782.2,1782.2,1777.38,1778.62,0
2021-12-01 21:00:00,1778.54,1783.39,1778.42,1781.78,0
2021-12-01 23:00:00,1781.74,1783.39,1780.63,1781.85,0
2021-12-02 00:00:00,1782.02,1782.05,1779.6,1781.04,0
2021-12-02 01:00:00,1781.04,1781.88,1779.56,1780.13,0
2021-12-02 02:00:00,1780.13,1781.88,1779.6,1781.06,0
2021-12-02 03:00:00,1781.06,1781.06,1779.08,1779.36,0
2021-12-02 04:00:00,1779.36,1779.36,1776.49,1776.63,0
2021-12-02 05:00:00,1776.71,1778.77,1775.16,1776.12,0
2021-12-02 06:00:00,1776.1,1778.86,1775.75,1778.25,0
2021-12-02 07:00:00,1778.24,1778.55,1774.93,1775.22,0
2021-12-02 08:00:00,1775.29,1776.56,1772.7,1773.51,0
2021-12-02 14:00:00,1767.39,1772.83,1763.39,1764.72,0
2021-12-02 15:00:00,1764.68,1772.9,1763.89,1767.32,0
2021-12-02 16:00:00,1767.29,1769.21,1765.01,1766.75,0
2021-12-02 17:00:00,1766.76,1767.08,1762.43,1763.39,0
2021-12-02 18:00:00,1763.39,1764.78,1761.86,1764.38,0
2021-12-02 19:00:00,1764.35,1766.8,1764.33,1766.61,0
2021-12-02 20:00:00,1766.75,1769.32,1766.3,1767.6,0
2021-12-02 21:00:00,1767.6,1769.09,1767.6,1768.08,0
2021-12-02 23:00:00,1769.78,1770.68,1768.97,1769.0,0
2021-12-03 00:00:00,1769.04,1771.92,1767.58,1771.69,0
2021-12-03 01:00:00,1771.63,1771.65,1767.63,1770.59,0
2021-12-03 02:00:00,1770.54,1772.69,1769.88,1771.73,0
2021-12-03 03:00:00,1771.75,1774.38,1771.63,1773.51,0
2021-12-03 04:00:00,1773.53,1773.55,1771.8,1772.33,0
2021-12-03 05:00:00,1772.32,1776.45,1772.11,1776.01,0
2021-12-03 06:00:00,1776.01,1776.05,1771.66,1771.81,0
2021-12-03 07:00:00,1771.8,1773.89,1770.27,1770.81,0
2021-12-03 08:00:00,1770.66,1770.71,1767.5,1769.86,0
2021-12-03 09:00:00,1769.79,1769.86,1766.13,1768.99,0
2021-12-03 10:00:00,1768.99,1773.33,1767.97,1770.32,0
2021-12-03 11:00:00,1770.35,1773.47,1770.3,1771.89,0
2021-12-03 12:00:00,1771.88,1774.83,1771.52,1774.25,0
2021-12-03 13:00:00,1774.25,1778.55,1766.45,1770.09,0
2021-12-03 14:00:00,1770.11,1774.46,1766.76,1770.88,0
2021-12-03 15:00:00,1770.87,1772.74,1766.12,1770.78,0
2021-12-03 16:00:00,1770.77,1780.79,1769.79,1780.79,0
2021-12-03 17:00:00,1780.8,1782.36,1779.09,1780.5,0
2021-12-03 18:00:00,1780.5,1784.62,1779.47,1784.05,0
2021-12-03 19:00:00,1784.14,1784.39,1781.54,1783.87,0
2021-12-03 20:00:00,1783.86,1786.07,1782.29,1782.93,0
2021-12-03 21:00:00,1782.88,1784.64,1782.24,1783.44,0
2021-12-05 23:00:00,1782.83,1784.12,1780.66,1782.9,0
2021-12-06 00:00:00,1782.97,1785.08,1782.84,1783.22,0
2021-12-06 01:00:00,1783.29,1786.62,1782.21,1786.19,0
2021-12-06 02:00:00,1786.19,1787.76,1785.92,1786.9,0
2021-12-06 03:00:00,1786.88,1787.42,1783.59,1783.99,0
2021-12-06 04:00:00,1783.99,1784.4,1781.25,1781.89,0
2021-12-06 05:00:00,1781.88,1783.82,1781.14,1783.33,0
2021-12-06 06:00:00,1783.31,1786.06,1782.24,1784.54,0
2021-12-06 07:00:00,1784.54,1785.44,1781.87,1782.95,0
2021-12-06 08:00:00,1782.82,1782.82,1779.24,1781.6,0
2021-12-06 09:00:00,1781.58,1782.4,1777.8,1779.8,0
2021-12-06 10:00:00,1779.83,1782.87,1779.61,1782.26,0
2021-12-06 11:00:00,1782.26,1782.93,1779.5,1780.06,0
2021-12-06 12:00:00,1780.06,1780.94,1776.73,1780.33,0
2021-12-06 13:00:00,1780.36,1782.14,1776.57,1779.16,0
2021-12-06 14:00:00,1778.84,1780.32,1775.73,1777.85,0
2021-12-06 15:00:00,1777.96,1781.56,1777.39,1778.24,0
2021-12-06 16:00:00,1778.28,1784.76,1777.68,1784.46,0
2021-12-06 17:00:00,1784.48,1784.98,1779.69,1780.87,0
2021-12-06 18:00:00,1780.88,1781.19,1777.92,1778.78,0
2021-12-06 19:00:00,1778.8,1780.29,1777.81,1778.43,0
2021-12-06 20:00:00,1778.4,1779.72,1778.08,1779.12,0
2021-12-06 21:00:00,1779.19,1779.28,1778.18,1778.41,0
2021-12-06 23:00:00,1778.92,1782.02,1778.92,1780.97,0
2021-12-07 00:00:00,1780.87,1781.88,1779.27,1779.52,0
2021-12-07 01:00:00,1779.51,1780.34,1778.46,1779.07,0
2021-12-07 02:00:00,1779.08,1781.34,1778.66,1780.16,0
2021-12-07 03:00:00,1780.02,1780.2,1777.5,1777.65,0
2021-12-07 04:00:00,1777.62,1778.06,1776.88,1777.86,0
2021-12-07 05:00:00,1777.85,1781.34,1777.07,1781.03,0
2021-12-07 06:00:00,1781.01,1783.36,1780.9,1783.29,0
2021-12-07 07:00:00,1783.27,1784.6,1782.37,1782.7,0
2021-12-07 08:00:00,1782.68,1783.68,1781.05,1781.74,0
2021-12-07 09:00:00,1781.76,1782.07,1777.44,1781.23,0
2021-12-07 10:00:00,1781.18,1781.48,1778.35,1780.54,0
2021-12-07 11:00:00,1780.54,1783.31,1780.31,1782.22,0
2021-12-07 12:00:00,1782.33,1784.71,1782.13,1783.51,0
2021-12-07 13:00:00,1783.51,1783.71,1772.24,1775.31,0
2021-12-07 14:00:00,1775.34,1781.72,1773.72,1779.72,0
2021-12-07 15:00:00,1779.71,1784.15,1778.86,1782.53,0
2021-12-07 16:00:00,1782.61,1787.79,1782.08,1785.97,0
2021-12-07 17:00:00,1785.97,1786.88,1781.96,1783.11,0
2021-12-07 18:00:00,1783.1,1784.42,1782.24,1784.11,0
2021-12-07 19:00:00,1784.09,1785.5,1783.8,1784.86,0
2021-12-07 20:00:00,1784.86,1786.4,1784.67,1785.36,0
2021-12-07 21:00:00,1785.36,1785.36,1783.89,1784.1,0
2021-12-07 23:00:00,1784.3,1785.39,1783.63,1784.73,0
2021-12-08 00:00:00,1784.73,1786.11,1784.54,1785.28,0
2021-12-08 01:00:00,1785.32,1787.39,1784.49,1786.74,0
2021-12-08 02:00:00,1786.74,1790.39,1786.73,1790.11,0
2021-12-08 03:00:00,1790.11,1790.52,1787.73,1787.98,0
2021-12-08 04:00:00,1787.95,1789.56,1787.55,1789.33,0
2021-12-08 05:00:00,1789.32,1790.84,1788.67,1790.75,0
2021-12-08 06:00:00,1790.75,1791.6,1788.14,1788.69,0
2021-12-08 07:00:00,1788.69,1791.52,1786.61,1789.88,0
2021-12-08 08:00:00,1789.66,1790.24,1785.79,1788.72,0
2021-12-08 09:00:00,1788.69,1790.35,1788.06,1789.66,0
2021-12-08 10:00:00,1789.61,1793.1,1788.71,1792.01,0
2021-12-08 11:00:00,1792.03,1792.58,1782.87,1786.62,0
2021-12-08 12:00:00,1786.67,1787.05,1783.49,1784.55,0
2021-12-08 13:00:00,1784.61,1785.67,1781.62,1783.27,0
2021-12-08 14:00:00,1783.32,1783.44,1779.61,1781.46,0
2021-12-08 15:00:00,1781.45,1785.0,1780.24,1782.52,0
2021-12-08 16:00:00,1782.53,1783.25,1781.14,1782.52,0
2021-12-08 17:00:00,1782.56,1785.08,1782.41,1784.39,0
2021-12-08 18:00:00,1784.39,1785.46,1783.69,1784.56,0
2021-12-08 19:00:00,1784.56,1786.34,1784.38,1785.65,0
2021-12-08 20:00:00,1785.65,1786.85,1785.49,1785.68,0
2021-12-08 21:00:00,1785.62,1785.82,1782.29,1783.01,0
2021-12-08 23:00:00,1783.04,1784.74,1782.96,1783.48,0
2021-12-09 00:00:00,1783.49,1785.52,1782.72,1784.75,0
2021-12-09 01:00:00,1784.75,1784.75,1782.52,1784.44,0
2021-12-09 02:00:00,1784.42,1784.61,1782.19,1783.39,0
2021-12-09 03:00:00,1783.33,1784.57,1782.82,1784.54,0
2021-12-09 04:00:00,1784.53,1786.1,1784.48,1785.91,0
2021-12-09 05:00:00,1785.91,1787.06,1785.44,1785.68,0
2021-12-09 06:00:00,1785.68,1786.67,1783.96,1784.01,0
2021-12-09 07:00:00,1784.04,1787.1,1783.23,1786.25,0
2021-12-09 08:00:00,1786.31,1787.71,1782.69,1784.42,0
2021-12-09 09:00:00,1784.43,1785.72,1781.92,1782.86,0
2021-12-09 10:00:00,1782.91,1784.17,1781.27,1782.94,0
2021-12-09 11:00:00,1782.95,1783.96,1779.36,1780.34,0
2021-12-09 12:00:00,1780.26,1780.27,1774.97,1776.4,0
2021-12-09 13:00:00,1776.43,1778.89,1773.8,1777.69,0
2021-12-09 14:00:00,1777.65,1783.11,1773.85,1776.8,0
2021-12-09 15:00:00,1776.76,1780.41,1774.81,1779.57,0
2021-12-09 16:00:00,1779.58,1780.86,1774.96,1776.24,0
2021-12-09 17:00:00,1776.24,1778.58,1776.24,1776.97,0
2021-12-09 18:00:00,1777.02,1778.32,1772.84,1778.26,0
2021-12-09 19:00:00,1778.24,1778.26,1775.04,1776.08,0
2021-12-09 20:00:00,1776.11,1776.56,1775.26,1775.29,0
2021-12-09 21:00:00,1775.36,1775.83,1774.72,1775.12,0
2021-12-09 23:00:00,1776.05,1776.37,1775.65,1776.37,0
2021-12-10 00:00:00,1776.34,1778.09,1776.13,1776.61,0
2021-12-10 01:00:00,1776.67,1779.1,1775.65,1778.31,0
2021-12-10 02:00:00,1778.29,1779.63,1777.79,1777.95,0
2021-12-10 03:00:00,1777.86,1779.67,1777.81,1778.54,0
2021-12-10 04:00:00,1778.53,1779.49,1776.99,1778.08,0
2021-12-10 05:00:00,1778.09,1778.59,1777.04,1777.06,0
2021-12-10 06:00:00,1777.04,1777.55,1771.42,1773.54,0
2021-12-10 07:00:00,1773.59,1774.15,1771.46,1773.09,0
2021-12-10 08:00:00,1773.09,1773.38,1770.49,1771.64,0
2021-12-10 09:00:00,1771.6,1772.12,1770.13,1770.83,0
2021-12-10 10:00:00,1770.85,1771.86,1770.37,1771.2,0
2021-12-10 11:00:00,1771.18,1772.65,1770.57,1772.15,0
2021-12-10 12:00:00,1772.13,1773.81,1771.72,1773.58,0
2021-12-10 13:00:00,1773.54,1785.31,1772.26,1784.14,0
2021-12-10 14:00:00,1784.13,1789.51,1778.79,1780.23,0
2021-12-10 15:00:00,1780.32,1784.66,1779.03,1783.11,0
2021-12-10 16:00:00,1783.23,1786.42,1783.13,1784.61,0
2021-12-10 17:00:00,1784.6,1785.18,1782.89,1783.47,0
2021-12-10 18:00:00,1783.48,1785.04,1782.63,1782.71,0
2021-12-10 19:00:00,1782.74,1783.16,1781.42,1782.23,0
2021-12-10 20:00:00,1782.23,1783.1,1781.81,1782.85,0
2021-12-10 21:00:00,1782.81,1783.13,1782.04,1782.87,0
2021-12-12 23:00:00,1782.43,1784.45,1782.43,1783.29,0
2021-12-13 00:00:00,1783.26,1783.59,1782.44,1782.63,0
2021-12-13 01:00:00,1782.65,1786.87,1782.55,1786.77,0
2021-12-13 02:00:00,1786.76,1788.24,1785.52,1785.76,0
2021-12-13 03:00:00,1785.75,1786.58,1785.38,1785.98,0
2021-12-13 04:00:00,1785.98,1786.94,1785.6,1786.38,0
2021-12-13 05:00:00,1786.36,1786.86,1784.46,1784.94,0
2021-12-13 06:00:00,1784.97,1786.09,1784.06,1784.48,0
2021-12-13 07:00:00,1784.48,1786.19,1783.35,1785.46,0
2021-12-13 08:00:00,1785.67,1787.85,1785.5,1786.72,0
2021-12-13 09:00:00,1786.73,1786.94,1783.4,1785.48,0
2021-12-13 10:00:00,1785.49,1787.21,1784.43,1786.91,0
2021-12-13 11:00:00,1786.92,1788.56,1786.27,1788.07,0
2021-12-13 12:00:00,1788.07,1791.56,1787.25,1789.96,0
2021-12-13 13:00:00,1789.98,1790.16,1782.09,1783.16,0
2021-12-13 14:00:00,1783.14,1789.29,1781.83,1788.93,0
2021-12-13 15:00:00,1789.04,1789.46,1785.39,1786.85,0
2021-12-13 16:00:00,1786.84,1790.15,1786.12,1788.67,0
2021-12-13 17:00:00,1788.67,1788.8,1787.24,1788.28,0
2021-12-13 18:00:00,1788.36,1788.79,1786.34,1787.44,0
2021-12-13 19:00:00,1787.43,1788.17,1786.64,1787.81,0
2021-12-13 20:00:00,1787.76,1788.23,1786.4,1787.17,0
2021-12-13 21:00:00,1787.09,1787.6,1786.47,1786.6,0
2021-12-13 23:00:00,1785.91,1787.23,1785.03,1785.77,0
2021-12-14 00:00:00,1785.85,1788.09,1785.17,1787.95,0
2021-12-14 01:00:00,1787.94,1788.87,1786.64,1788.4,0
2021-12-14 02:00:00,1788.39,1789.5,1786.2,1787.1,0
2021-12-14 03:00:00,1787.07,1787.4,1785.86,1785.87,0
2021-12-14 04:00:00,1785.87,1786.46,1785.36,1785.89,0
2021-12-14 05:00:00,1785.94,1787.45,1785.61,1787.25,0
2021-12-14 06:00:00,1787.25,1788.45,1787.03,1788.06,0
2021-12-14 07:00:00,1787.99,1788.39,1784.11,1784.66,0
2021-12-14 08:00:00,1784.62,1785.18,1782.04,1784.79,0
2021-12-14 09:00:00,1784.79,1785.7,1782.74,1783.76,0
2021-12-14 10:00:00,1783.77,1785.7,1782.51,1784.8,0
2021-12-14 11:00:00,1784.82,1785.23,1784.06,1784.82,0
2021-12-14 12:00:00,1784.83,1785.09,1783.07,1784.45,0
2021-12-14 13:00:00,1784.5,1785.57,1771.59,1772.18,0
2021-12-14 14:00:00,1772.18,1778.24,1766.48,1775.87,0
2021-12-14 15:00:00,1775.89,1776.59,1771.31,1774.24,0
2021-12-14 16:00:00,1774.19,1776.52,1772.01,1773.52,0
2021-12-14 17:00:00,1773.52,1774.42,1772.07,1772.55,0
2021-12-14 18:00:00,1772.55,1773.18,1771.13,1771.35,0
2021-12-14 19:00:00,1771.36,1773.18,1771.04,1772.2,0
2021-12-14 20:00:00,1772.2,1772.63,1770.31,1771.12,0
2021-12-14 21:00:00,1771.13,1771.36,1770.32,1770.56,0
2021-12-14 23:00:00,1771.45,1772.83,1771.26,1772.46,0
2021-12-15 00:00:00,1772.51,1773.87,1772.34,1773.18,0
2021-12-15 01:00:00,1773.09,1773.44,1771.24,1772.73,0
2021-12-15 02:00:00,1772.72,1773.01,1771.62,1772.32,0
2021-12-15 03:00:00,1772.3,1772.3,1769.7,1769.99,0
2021-12-15 04:00:00,1769.98,1771.2,1769.98,1770.71,0
2021-12-15 05:00:00,1770.69,1770.73,1768.19,1769.34,0
2021-12-15 06:00:00,1769.34,1770.18,1767.56,1768.12,0
2021-12-15 07:00:00,1768.15,1769.15,1766.8,1767.81,0
2021-12-15 08:00:00,1767.8,1769.9,1767.39,1768.55,0
2021-12-15 09:00:00,1768.54,1771.37,1768.38,1769.54,0
2021-12-15 10:00:00,1769.54,1769.95,1767.83,1768.32,0
2021-12-15 11:00:00,1768.31,1769.99,1767.75,1769.84,0
2021-12-15 12:00:00,1769.84,1772.02,1769.1,1771.7,0
2021-12-15 13:00:00,1771.71,1773.68,1769.47,1771.97,0
2021-12-15 14:00:00,1772.16,1772.48,1764.27,1769.7,0
2021-12-15 15:00:00,1769.68,1770.36,1764.48,1766.18,0
2021-12-15 16:00:00,1766.19,1768.35,1765.84,1767.93,0
2021-12-15 17:00:00,1767.93,1767.94,1765.61,1765.71,0
2021-12-15 18:00:00,1765.71,1766.22,1758.17,1762.79,0
2021-12-15 19:00:00,1762.74,1770.65,1751.04,1769.58,0
2021-12-15 20:00:00,1769.58,1780.86,1768.44,1777.94,0
2021-12-15 21:00:00,1777.94,1779.01,1776.71,1777.04,0
2021-12-15 23:00:00,1777.89,1781.46,1777.89,1779.44,0
2021-12-16 00:00:00,1779.57,1780.41,1777.32,1777.88,0
2021-12-16 01:00:00,1777.88,1782.71,1775.58,1782.7,0
2021-12-16 02:00:00,1782.69,1784.22,1781.78,1782.46,0
2021-12-16 03:00:00,1782.46,1783.17,1781.35,1781.46,0
2021-12-16 04:00:00,1781.43,1782.9,1781.37,1781.89,0
2021-12-16 05:00:00,1781.91,1783.68,1780.96,1783.64,0
2021-12-16 06:00:00,1783.63,1785.0,1783.48,1784.78,0
2021-12-16 07:00:00,1784.78,1786.32,1784.15,1784.54,0
2021-12-16 08:00:00,1784.84,1786.99,1784.69,1786.65,0
2021-12-16 09:00:00,1786.62,1787.07,1784.73,1785.57,0
2021-12-16 10:00:00,1785.56,1787.3,1785.37,1786.65,0
2021-12-16 11:00:00,1786.63,1788.34,1785.9,1787.34,0
2021-12-16 12:00:00,1787.32,1787.56,1782.21,1784.07,0
2021-12-16 13:00:00,1784.08,1790.06,1783.36,1789.09,0
2021-12-16 14:00:00,1789.08,1795.19,1787.01,1793.6,0
2021-12-16 15:00:00,1793.65,1798.12,1793.23,1797.32,0
2021-12-16 16:00:00,1797.34,1798.83,1795.43,1798.64,0
2021-12-16 17:00:00,1798.67,1798.89,1796.42,1797.25,0
2021-12-16 18:00:00,1797.23,1798.16,1795.2,1796.26,0
2021-12-16 19:00:00,1796.27,1797.22,1795.01,1796.98,0
2021-12-16 20:00:00,1796.98,1799.38,1796.84,1799.38,0
2021-12-16 21:00:00,1799.38,1799.68,1797.92,1799.19,0
2021-12-16 23:00:00,1798.69,1799.6,1798.05,1798.75,0
2021-12-17 00:00:00,1798.77,1799.46,1797.25,1797.8,0
2021-12-17 01:00:00,1797.83,1802.75,1797.46,1802.34,0
2021-12-17 02:00:00,1802.3,1804.39,1801.45,1802.54,0
2021-12-17 03:00:00,1802.5,1803.44,1801.49,1803.13,0
2021-12-17 04:00:00,1803.06,1803.87,1801.91,1802.75,0
2021-12-17 05:00:00,1802.6,1805.49,1802.08,1805.06,0
2021-12-17 06:00:00,1805.05,1807.32,1804.73,1806.18,0
2021-12-17 07:00:00,1806.08,1809.65,1805.98,1809.1,0
2021-12-17 08:00:00,1809.08,1809.9,1807.31,1807.7,0
2021-12-17 09:00:00,1807.69,1809.91,1806.29,1806.7,0
2021-12-17 10:00:00,1806.7,1808.58,1806.33,1807.85,0
2021-12-17 11:00:00,1807.85,1809.97,1805.93,1809.08,0
2021-12-17 12:00:00,1809.13,1812.44,1808.48,1811.72,0
2021-12-17 13:00:00,1811.73,1814.25,1804.66,1806.74,0
2021-12-17 14:00:00,1806.73,1808.63,1804.31,1807.22,0
2021-12-17 15:00:00,1806.95,1809.8,1804.12,1804.56,0
2021-12-17 16:00:00,1804.59,1806.53,1802.33,1806.14,0
2021-12-17 17:00:00,1806.14,1806.14,1803.52,1804.84,0
2021-12-17 18:00:00,1804.84,1804.98,1799.94,1802.14,0
2021-12-17 19:00:00,1802.08,1803.05,1800.49,1801.58,0
2021-12-17 20:00:00,1801.54,1801.7,1795.83,1796.18,0
2021-12-17 21:00:00,1796.01,1798.66,1796.01,1797.48,0
2021-12-19 23:00:00,1799.3,1801.67,1799.25,1800.07,0
2021-12-20 00:00:00,1800.2,1802.57,1799.07,1801.1,0
2021-12-20 01:00:00,1801.1,1802.21,1799.06,1801.03,0
2021-12-20 02:00:00,1801.03,1802.33,1800.23,1802.03,0
2021-12-20 03:00:00,1802.02,1802.54,1801.33,1801.83,0
2021-12-20 04:00:00,1801.83,1801.91,1801.14,1801.45,0
2021-12-20 05:00:00,1801.45,1803.72,1801.25,1802.91,0
2021-12-20 06:00:00,1802.9,1804.14,1801.42,1802.17,0
2021-12-20 07:00:00,1802.25,1802.46,1798.02,1798.22,0
2021-12-20 08:00:00,1798.21,1801.53,1797.39,1801.43,0
2021-12-20 09:00:00,1801.45,1802.34,1798.7,1799.66,0
2021-12-20 10:00:00,1799.68,1799.75,1796.8,1798.04,0
2021-12-20 11:00:00,1798.03,1798.54,1794.91,1795.5,0
2021-12-20 12:00:00,1795.5,1799.19,1794.94,1797.54,0
2021-12-20 13:00:00,1797.53,1800.2,1794.27,1796.3,0
2021-12-20 14:00:00,1796.28,1798.18,1791.73,1791.89,0
2021-12-20 15:00:00,1791.85,1797.75,1791.85,1793.76,0
2021-12-20 16:00:00,1793.72,1796.01,1793.12,1795.87,0
2021-12-20 17:00:00,1795.88,1795.98,1793.25,1794.85,0
2021-12-20 18:00:00,1794.85,1795.33,1792.97,1793.29,0
2021-12-20 19:00:00,1793.33,1793.43,1790.41,1790.45,0
2021-12-20 20:00:00,1790.45,1791.54,1788.35,1788.61,0
2021-12-20 21:00:00,1788.61,1790.87,1788.4,1790.86,0
2021-12-20 23:00:00,1791.46,1792.02,1790.58,1791.64,0
2021-12-21 00:00:00,1791.45,1792.28,1790.24,1790.44,0
2021-12-21 01:00:00,1790.39,1792.13,1789.27,1790.17,0
2021-12-21 02:00:00,1790.16,1791.75,1789.65,1791.2,0
2021-12-21 03:00:00,1791.2,1792.69,1789.98,1791.88,0
2021-12-21 04:00:00,1791.87,1792.2,1790.8,1792.09,0
2021-12-21 05:00:00,1792.08,1793.41,1791.57,1792.73,0
2021-12-21 06:00:00,1792.71,1792.81,1788.87,1791.07,0
2021-12-21 07:00:00,1791.02,1794.23,1789.29,1793.19,0
2021-12-21 08:00:00,1793.17,1798.27,1792.37,1797.0,0
2021-12-21 09:00:00,1796.92,1798.08,1796.1,1797.97,0
2021-12-21 10:00:00,1797.98,1798.11,1795.53,1796.17,0
2021-12-21 11:00:00,1796.17,1798.1,1795.98,1797.86,0
2021-12-21 12:00:00,1797.85,1798.83,1796.21,1798.81,0
2021-12-21 13:00:00,1798.81,1800.46,1795.74,1798.05,0
2021-12-21 14:00:00,1797.99,1798.39,1792.11,1792.22,0
2021-12-21 15:00:00,1792.22,1793.77,1784.86,1785.96,0
2021-12-21 16:00:00,1785.98,1788.36,1785.29,1788.25,0
2021-12-21 17:00:00,1788.24,1788.89,1786.49,1787.48,0
2021-12-21 18:00:00,1787.57,1789.25,1786.62,1788.32,0
2021-12-21 19:00:00,1788.35,1788.84,1787.32,1788.18,0
2021-12-21 20:00:00,1788.2,1789.66,1787.7,1788.17,0
2021-12-21 21:00:00,1788.12,1788.99,1787.91,1788.89,0
2021-12-21 23:00:00,1789.04,1790.6,1788.7,1790.53,0
2021-12-22 00:00:00,1790.63,1791.19,1788.59,1788.93,0
2021-12-22 01:00:00,1788.97,1790.03,1788.33,1789.53,0
2021-12-22 02:00:00,1789.65,1789.79,1788.6,1788.94,0
2021-12-22 03:00:00,1788.94,1790.69,1788.6,1789.16,0
2021-12-22 04:00:00,1789.18,1789.29,1788.39,1788.74,0
2021-12-22 05:00:00,1788.6,1788.75,1787.43,1787.77,0
2021-12-22 06:00:00,1787.82,1788.93,1787.03,1787.71,0
2021-12-22 07:00:00,1787.59,1788.21,1786.15,1786.91,0
2021-12-22 08:00:00,1786.97,1789.8,1785.88,1786.95,0
2021-12-22 09:00:00,1786.9,1788.76,1786.8,1788.41,0
2021-12-22 10:00:00,1788.41,1791.48,1788.37,1789.88,0
2021-12-22 11:00:00,1789.88,1791.35,1788.49,1790.98,0
2021-12-22 12:00:00,1790.98,1793.56,1789.87,1793.47,0
2021-12-22 13:00:00,1793.47,1794.74,1790.83,1794.55,0
2021-12-22 14:00:00,1794.52,1794.91,1788.88,1790.48,0
2021-12-22 15:00:00,1790.49,1795.85,1790.47,1795.73,0
2021-12-22 16:00:00,1795.73,1799.93,1795.71,1798.35,0
2021-12-22 17:00:00,1798.34,1799.88,1797.51,1799.53,0
2021-12-22 18:00:00,1799.52,1802.46,1799.31,1801.86,0
2021-12-22 19:00:00,1801.86,1803.83,1801.7,1803.64,0
2021-12-22 20:00:00,1803.63,1805.03,1803.37,1804.9,0
2021-12-22 21:00:00,1804.91,1804.91,1803.29,1803.57,0
2021-12-22 23:00:00,1803.76,1804.82,1803.16,1803.68,0
2021-12-23 00:00:00,1803.66,1804.62,1803.14,1803.35,0
2021-12-23 01:00:00,1803.29,1807.18,1803.18,1807.11,0
2021-12-23 02:00:00,1807.13,1808.45,1805.54,1806.73,0
2021-12-23 03:00:00,1806.74,1806.9,1805.16,1805.64,0
2021-12-23 04:00:00,1805.63,1806.65,1805.07,1806.46,0
2021-12-23 05:00:00,1806.46,1808.3,1806.06,1806.16,0
2021-12-23 06:00:00,1806.2,1806.96,1804.83,1805.84,0
2021-12-23 07:00:00,1805.84,1807.13,1805.14,1805.94,0
2021-12-23 08:00:00,1805.92,1807.98,1805.92,1807.01,0
2021-12-23 09:00:00,1806.99,1808.06,1806.46,1807.06,0
2021-12-23 10:00:00,1807.04,1807.4,1804.62,1804.78,0
2021-12-23 11:00:00,1804.75,1806.59,1804.21,1806.39,0
2021-12-23 12:00:00,1806.39,1806.48,1803.37,1805.19,0
2021-12-23 13:00:00,1805.24,1810.02,1804.67,1807.31,0
2021-12-23 14:00:00,1807.28,1807.82,1798.9,1802.92,0
2021-12-23 15:00:00,1802.99,1806.63,1802.99,1805.99,0
2021-12-23 16:00:00,1805.97,1808.4,1805.75,1807.4,0
2021-12-23 17:00:00,1807.4,1808.98,1807.09,1808.41,0
2021-12-23 18:00:00,1808.41,1810.75,1808.22,1808.68,0
2021-12-23 19:00:00,1808.72,1809.53,1807.92,1809.34,0
2021-12-23 20:00:00,1809.26,1809.45,1807.85,1808.89,0
2021-12-23 21:00:00,1808.93,1809.16,1807.42,1808.48,0
2021-12-26 23:00:00,1807.31,1808.67,1805.77,1807.3,0
2021-12-27 00:00:00,1807.32,1808.13,1806.65,1806.87,0
2021-12-27 01:00:00,1806.87,1811.91,1806.81,1810.9,0
2021-12-27 02:00:00,1810.87,1811.3,1809.8,1809.91,0
2021-12-27 03:00:00,1809.92,1811.05,1809.78,1811.02,0
2021-12-27 04:00:00,1810.99,1811.02,1808.64,1809.37,0
2021-12-27 05:00:00,1809.35,1810.65,1809.1,1809.7,0
2021-12-27 06:00:00,1809.69,1810.17,1808.92,1809.33,0
2021-12-27 07:00:00,1809.28,1809.88,1807.66,1808.88,0
2021-12-27 08:00:00,1808.88,1809.34,1805.92,1806.06,0
2021-12-27 09:00:00,1806.05,1806.47,1805.09,1806.47,0
2021-12-27 10:00:00,1806.48,1807.79,1805.16,1805.65,0
2021-12-27 11:00:00,1805.63,1806.77,1804.79,1806.34,0
2021-12-27 12:00:00,1806.34,1807.58,1805.53,1807.0,0
2021-12-27 13:00:00,1807.05,1809.22,1802.99,1808.58,0
2021-12-27 14:00:00,1808.68,1810.29,1807.29,1808.79,0
2021-12-27 15:00:00,1808.78,1813.49,1808.71,1812.74,0
2021-12-27 16:00:00,1812.74,1813.02,1810.79,1811.44,0
2021-12-27 17:00:00,1811.43,1811.43,1807.62,1808.22,0
2021-12-27 18:00:00,1808.18,1808.65,1806.7,1807.71,0
2021-12-27 19:00:00,1807.73,1809.28,1807.01,1809.26,0
2021-12-27 20:00:00,1809.25,1812.67,1808.74,1812.6,0
2021-12-27 21:00:00,1812.65,1812.65,1811.23,1811.89,0
2021-12-27 23:00:00,1811.45,1812.41,1811.39,1812.35,0
2021-12-28 00:00:00,1812.35,1812.64,1810.79,1811.43,0
2021-12-28 01:00:00,1811.4,1811.62,1809.55,1810.16,0
2021-12-28 02:00:00,1810.16,1810.32,1808.47,1809.2,0
2021-12-28 03:00:00,1809.22,1810.48,1808.99,1810.0,0
2021-12-28 04:00:00,1809.92,1810.63,1809.55,1810.0,0
2021-12-28 05:00:00,1810.0,1813.54,1810.0,1812.94,0
2021-12-28 06:00:00,1812.93,1815.33,1812.48,1815.04,0
2021-12-28 07:00:00,1815.13,1816.03,1813.49,1813.86,0
2021-12-28 08:00:00,1813.83,1815.56,1813.61,1815.45,0
2021-12-28 09:00:00,1815.45,1815.67,1814.2,1815.36,0
2021-12-28 10:00:00,1815.34,1817.92,1815.2,1817.84,0
2021-12-28 11:00:00,1817.87,1818.31,1816.15,1817.83,0
2021-12-28 12:00:00,1817.82,1818.03,1816.27,1816.47,0
2021-12-28 13:00:00,1816.47,1820.21,1815.1,1817.9,0
2021-12-28 14:00:00,1817.9,1818.47,1810.14,1813.86,0
2021-12-28 15:00:00,1813.88,1815.45,1810.92,1811.49,0
2021-12-28 16:00:00,1811.47,1812.29,1809.35,1810.72,0
2021-12-28 17:00:00,1810.72,1812.11,1809.98,1810.34,0
2021-12-28 18:00:00,1810.33,1811.32,1805.05,1805.67,0
2021-12-28 19:00:00,1805.66,1807.83,1805.53,1807.01,0
2021-12-28 20:00:00,1807.01,1807.28,1805.23,1805.53,0
2021-12-28 21:00:00,1805.54,1806.23,1805.09,1806.07,0
2021-12-28 23:00:00,1806.31,1807.12,1805.86,1806.57,0
2021-12-29 00:00:00,1806.57,1806.57,1804.5,1805.61,0
2021-12-29 01:00:00,1805.61,1806.22,1804.07,1805.84,0
2021-12-29 02:00:00,1805.83,1807.5,1804.95,1807.41,0
2021-12-29 03:00:00,1807.44,1807.7,1806.52,1806.66,0
2021-12-29 04:00:00,1806.65,1807.01,1805.76,1805.76,0
2021-12-29 05:00:00,1805.8,1807.37,1805.36,1806.65,0
2021-12-29 06:00:00,1806.65,1807.46,1805.72,1806.08,0
2021-12-29 07:00:00,1806.05,1806.42,1804.17,1804.38,0
2021-12-29 08:00:00,1804.38,1805.34,1802.17,1804.28,0
2021-12-29 09:00:00,1804.27,1804.46,1802.42,1802.76,0
2021-12-29 10:00:00,1802.76,1802.77,1794.43,1795.78,0
2021-12-29 11:00:00,1795.81,1797.28,1794.6,1797.03,0
2021-12-29 12:00:00,1797.03,1797.51,1793.36,1793.73,0
2021-12-29 13:00:00,1793.56,1794.32,1789.42,1789.97,0
2021-12-29 14:00:00,1789.97,1797.07,1789.64,1796.28,0
2021-12-29 15:00:00,1796.37,1802.21,1794.78,1799.89,0
2021-12-29 16:00:00,1799.93,1804.67,1799.93,1802.72,0
2021-12-29 17:00:00,1802.79,1804.7,1802.15,1804.02,0
2021-12-29 18:00:00,1804.1,1805.64,1802.23,1804.67,0
2021-12-29 19:00:00,1804.68,1805.46,1804.07,1805.17,0
2021-12-29 20:00:00,1805.17,1805.17,1804.0,1804.34,0
2021-12-29 21:00:00,1804.55,1804.98,1803.73,1804.33,0
2021-12-29 23:00:00,1804.19,1805.53,1803.89,1804.56,0
2021-12-30 00:00:00,1804.63,1805.55,1801.27,1803.48,0
2021-12-30 01:00:00,1803.58,1803.74,1801.71,1803.38,0
2021-12-30 02:00:00,1803.37,1803.63,1801.32,1801.54,0
2021-12-30 03:00:00,1801.51,1803.3,1801.36,1801.54,0
2021-12-30 04:00:00,1801.52,1801.84,1800.64,1800.76,0
2021-12-30 05:00:00,1800.76,1800.76,1798.31,1798.52,0
2021-12-30 06:00:00,1798.42,1798.99,1797.24,1798.31,0
2021-12-30 07:00:00,1798.3,1798.99,1796.18,1798.39,0
2021-12-30 08:00:00,1798.69,1801.87,1798.18,1801.7,0
2021-12-30 09:00:00,1801.71,1802.21,1799.5,1800.13,0
2021-12-30 10:00:00,1800.19,1801.17,1799.21,1801.08,0
2021-12-30 11:00:00,1801.07,1803.25,1801.01,1802.62,0
2021-12-30 12:00:00,1802.62,1804.67,1801.6,1804.62,0
2021-12-30 13:00:00,1804.66,1804.7,1798.78,1802.89,0
2021-12-30 14:00:00,1802.92,1808.62,1800.89,1805.99,0
2021-12-30 15:00:00,1805.88,1807.96,1805.05,1807.21,0
2021-12-30 16:00:00,1807.21,1814.1,1806.85,1813.54,0
2021-12-30 17:00:00,1813.54,1814.17,1812.12,1813.5,0
2021-12-30 18:00:00,1813.48,1814.48,1812.81,1813.71,0
2021-12-30 19:00:00,1813.75,1815.32,1813.16,1815.11,0
2021-12-30 20:00:00,1815.08,1817.17,1815.07,1817.15,0
2021-12-30 21:00:00,1817.07,1817.12,1814.49,1814.59,0
2021-12-30 23:00:00,1814.85,1816.15,1814.3,1815.76,0
2021-12-31 00:00:00,1815.78,1816.95,1815.28,1816.89,0
2021-12-31 01:00:00,1816.82,1819.06,1815.07,1816.58,0
2021-12-31 02:00:00,1816.59,1817.94,1814.72,1817.84,0
2021-12-31 03:00:00,1817.79,1818.88,1816.71,1817.06,0
2021-12-31 04:00:00,1817.1,1818.28,1817.1,1817.51,0
2021-12-31 05:00:00,1817.61,1819.25,1817.56,1818.67,0
2021-12-31 06:00:00,1818.58,1819.21,1817.66,1818.22,0
2021-12-31 07:00:00,1818.24,1820.26,1816.65,1816.77,0
2021-12-31 08:00:00,1816.76,1818.78,1815.15,1818.68,0
2021-12-31 09:00:00,1818.68,1820.19,1817.8,1818.1,0
2021-12-31 10:00:00,1818.09,1819.86,1817.96,1819.68,0
2021-12-31 11:00:00,1819.69,1820.31,1818.86,1819.59,0
2021-12-31 12:00:00,1819.58,1820.18,1818.58,1818.94,0
2021-12-31 13:00:00,1818.95,1827.51,1818.95,1824.35,0
2021-12-31 14:00:00,1824.27,1827.34,1822.13,1822.36,0
2021-12-31 15:00:00,1822.42,1824.29,1820.38,1822.0,0
2021-12-31 16:00:00,1822.05,1825.88,1821.63,1825.31,0
2021-12-31 17:00:00,1825.3,1827.4,1825.05,1826.54,0
2021-12-31 18:00:00,1826.62,1828.61,1824.7,1828.34,0
2022-01-02 23:00:00,1830.11,1831.69,1828.04,1828.49,0
2022-01-03 00:00:00,1828.39,1831.0,1827.01,1830.31,0
2022-01-03 01:00:00,1830.3,1831.56,1827.61,1828.82,0
2022-01-03 02:00:00,1828.81,1828.85,1825.64,1826.15,0
2022-01-03 03:00:00,1826.16,1826.89,1824.18,1825.76,0
2022-01-03 04:00:00,1825.73,1826.01,1824.55,1825.19,0
2022-01-03 05:00:00,1825.19,1825.79,1823.64,1825.47,0
2022-01-03 06:00:00,1825.41,1825.76,1823.69,1825.3,0
2022-01-03 07:00:00,1825.34,1825.49,1821.05,1824.24,0
2022-01-03 08:00:00,1824.22,1824.41,1821.4,1822.89,0
2022-01-03 09:00:00,1822.9,1826.69,1822.52,1826.39,0
2022-01-03 10:00:00,1826.4,1827.51,1825.54,1826.48,0
2022-01-03 11:00:00,1826.5,1827.14,1822.31,1822.94,0
2022-01-03 12:00:00,1822.92,1823.22,1821.31,1821.85,0
2022-01-03 13:00:00,1821.64,1822.05,1805.73,1807.11,0
2022-01-03 14:00:00,1807.05,1810.9,1802.86,1802.91,0
2022-01-03 15:00:00,1802.91,1806.67,1799.85,1801.96,0
2022-01-03 16:00:00,1801.96,1802.0,1798.37,1800.78,0
2022-01-03 17:00:00,1800.77,1801.0,1798.86,1799.74,0
2022-01-03 18:00:00,1799.71,1802.28,1799.14,1801.7,0
2022-01-03 19:00:00,1801.75,1803.03,1801.12,1801.76,0
2022-01-03 20:00:00,1801.78,1804.56,1801.19,1801.76,0
2022-01-03 21:00:00,1801.78,1802.29,1800.96,1801.25,0
2022-01-03 23:00:00,1802.37,1804.33,1802.35,1804.22,0
2022-01-04 00:00:00,1804.24,1804.91,1802.93,1804.42,0
2022-01-04 01:00:00,1804.34,1806.85,1803.21,1805.21,0
2022-01-04 02:00:00,1805.22,1807.12,1804.7,1805.39,0
2022-01-04 03:00:00,1805.38,1806.17,1803.86,1804.2,0
2022-01-04 04:00:00,1804.21,1804.28,1803.17,1803.5,0
2022-01-04 05:00:00,1803.5,1805.52,1803.25,1805.45,0
2022-01-04 06:00:00,1805.45,1806.04,1803.43,1803.47,0
2022-01-04 07:00:00,1803.45,1807.43,1803.24,1805.81,0
2022-01-04 08:00:00,1805.79,1806.86,1803.35,1804.0,0
2022-01-04 09:00:00,1803.99,1806.73,1801.97,1805.75,0
2022-01-04 10:00:00,1805.73,1808.66,1805.32,1805.63,0
2022-01-04 11:00:00,1805.64,1805.65,1802.41,1804.06,0
2022-01-04 12:00:00,1804.05,1805.07,1798.61,1801.26,0
2022-01-04 13:00:00,1801.25,1807.32,1799.78,1807.23,0
2022-01-04 14:00:00,1807.25,1810.88,1806.31,1810.26,0
2022-01-04 15:00:00,1810.72,1816.75,1807.56,1814.6,0
2022-01-04 16:00:00,1814.6,1815.58,1811.66,1812.56,0
2022-01-04 17:00:00,1812.59,1815.1,1811.85,1813.6,0
2022-01-04 18:00:00,1813.61,1815.22,1813.48,1815.14,0
2022-01-04 19:00:00,1815.14,1815.28,1813.77,1814.54,0
2022-01-04 20:00:00,1814.52,1815.4,1813.48,1815.19,0
2022-01-04 21:00:00,1815.18,1815.41,1814.15,1814.54,0
2022-01-04 23:00:00,1814.12,1814.12,1813.08,1813.94,0
2022-01-05 00:00:00,1813.94,1814.63,1812.78,1812.97,0
2022-01-05 01:00:00,1812.88,1815.38,1812.76,1815.29,0
2022-01-05 02:00:00,1815.22,1816.24,1814.18,1815.59,0
2022-01-05 03:00:00,1815.59,1816.49,1814.37,1815.45,0
2022-01-05 04:00:00,1815.43,1815.45,1814.64,1814.94,0
2022-01-05 05:00:00,1814.92,1816.26,1814.25,1815.78,0
2022-01-05 06:00:00,1815.76,1817.06,1812.71,1813.09,0
2022-01-05 07:00:00,1813.11,1815.69,1812.5,1813.5,0
2022-01-05 08:00:00,1813.47,1817.6,1813.36,1816.84,0
2022-01-05 09:00:00,1816.82,1820.18,1816.33,1817.74,0
2022-01-05 10:00:00,1817.78,1820.05,1817.73,1818.39,0
2022-01-05 11:00:00,1818.39,1820.76,1817.74,1818.72,0
2022-01-05 12:00:00,1818.72,1819.26,1817.01,1817.95,0
2022-01-05 13:00:00,1817.99,1827.94,1814.99,1825.55,0
2022-01-05 14:00:00,1825.59,1829.64,1825.2,1825.87,0
2022-01-05 15:00:00,1825.63,1826.66,1820.48,1823.35,0
2022-01-05 16:00:00,1823.32,1825.44,1822.45,1823.96,0
2022-01-05 17:00:00,1823.98,1825.65,1822.61,1822.84,0
2022-01-05 18:00:00,1822.81,1824.95,1822.7,1823.92,0
2022-01-05 19:00:00,1823.9,1824.51,1812.52,1812.93,0
2022-01-05 20:00:00,1813.01,1814.19,1808.3,1810.01,0
2022-01-05 21:00:00,1810.0,1810.88,1808.88,1810.21,0
2022-01-05 23:00:00,1810.65,1811.41,1809.92,1810.31,0
2022-01-06 00:00:00,1810.37,1810.43,1807.79,1809.18,0
2022-01-06 01:00:00,1809.16,1811.55,1807.1,1810.19,0
2022-01-06 02:00:00,1810.21,1810.23,1808.12,1809.21,0
2022-01-06 03:00:00,1809.2,1809.36,1806.54,1806.98,0
2022-01-06 04:00:00,1806.98,1807.05,1805.35,1805.35,0
2022-01-06 05:00:00,1805.45,1807.55,1803.04,1803.04,0
2022-01-06 06:00:00,1803.04,1803.85,1799.5,1802.09,0
2022-01-06 07:00:00,1802.0,1803.62,1799.47,1800.98,0
2022-01-06 08:00:00,1800.96,1802.06,1794.71,1795.47,0
2022-01-06 09:00:00,1795.46,1796.46,1793.76,1794.9,0
2022-01-06 10:00:00,1794.96,1807.15,1793.86,1801.28,0
2022-01-06 11:00:00,1801.26,1801.74,1797.08,1797.48,0
2022-01-06 12:00:00,1797.49,1800.46,1791.77,1791.77,0
2022-01-06 13:00:00,1791.8,1793.22,1786.87,1788.44,0
2022-01-06 14:00:00,1788.44,1795.58,1787.1,1791.81,0
2022-01-06 15:00:00,1791.87,1795.27,1788.0,1790.67,0
2022-01-06 16:00:00,1790.73,1792.98,1789.2,1789.3,0
2022-01-06 17:00:00,1789.27,1793.53,1788.82,1791.04,0
2022-01-06 18:00:00,1791.04,1791.49,1787.72,1787.75,0
2022-01-06 19:00:00,1787.76,1789.57,1786.45,1787.99,0
2022-01-06 20:00:00,1787.98,1789.61,1787.44,1788.13,0
2022-01-06 21:00:00,1788.09,1790.99,1787.81,1790.9,0
2022-01-06 23:00:00,1791.2,1791.63,1790.58,1791.43,0
2022-01-07 00:00:00,1791.41,1792.6,1791.03,1792.01,0
2022-01-07 01:00:00,1791.99,1792.31,1789.8,1790.69,0
2022-01-07 02:00:00,1790.72,1791.96,1789.8,1791.65,0
2022-01-07 03:00:00,1791.64,1793.24,1791.37,1792.83,0
2022-01-07 04:00:00,1792.82,1792.96,1792.08,1792.63,0
2022-01-07 05:00:00,1792.65,1792.88,1790.55,1790.75,0
2022-01-07 06:00:00,1790.68,1791.07,1788.87,1790.0,0
2022-01-07 07:00:00,1789.99,1792.06,1788.04,1789.85,0
2022-01-07 08:00:00,1789.86,1790.67,1787.82,1790.61,0
2022-01-07 09:00:00,1790.52,1793.91,1788.53,1793.14,0
2022-01-07 10:00:00,1793.12,1793.99,1791.17,1791.32,0
2022-01-07 11:00:00,1791.31,1793.76,1789.73,1793.39,0
2022-01-07 12:00:00,1793.37,1793.58,1789.37,1789.38,0
2022-01-07 13:00:00,1789.37,1796.19,1782.64,1789.24,0
2022-01-07 14:00:00,1789.2,1794.69,1789.18,1791.06,0
2022-01-07 15:00:00,1791.06,1793.63,1786.54,1789.19,0
2022-01-07 16:00:00,1789.31,1794.75,1789.24,1794.02,0
2022-01-07 17:00:00,1794.06,1796.74,1792.37,1795.95,0
2022-01-07 18:00:00,1796.12,1798.68,1795.37,1796.39,0
2022-01-07 19:00:00,1796.44,1797.79,1794.86,1796.74,0
2022-01-07 20:00:00,1796.77,1797.53,1794.33,1795.93,0
2022-01-07 21:00:00,1795.94,1796.69,1794.78,1796.62,0
2022-01-09 23:00:00,1795.74,1796.14,1794.54,1795.15,0
2022-01-10 00:00:00,1795.14,1795.15,1792.18,1794.37,0
2022-01-10 01:00:00,1794.37,1796.8,1793.28,1795.01,0
2022-01-10 02:00:00,1795.01,1796.22,1793.67,1794.43,0
2022-01-10 03:00:00,1794.42,1794.42,1791.7,1792.15,0
2022-01-10 04:00:00,1792.13,1793.31,1791.92,1792.49,0
2022-01-10 05:00:00,1792.45,1794.2,1791.49,1793.07,0
2022-01-10 06:00:00,1793.07,1793.76,1792.03,1793.22,0
2022-01-10 07:00:00,1793.21,1795.71,1791.34,1793.68,0
2022-01-10 08:00:00,1793.67,1796.47,1792.18,1796.43,0
2022-01-10 09:00:00,1796.43,1797.98,1796.02,1796.81,0
2022-01-10 10:00:00,1796.83,1800.73,1796.53,1799.7,0
2022-01-10 11:00:00,1799.75,1802.34,1798.88,1800.6,0
2022-01-10 12:00:00,1800.57,1801.45,1791.56,1791.88,0
2022-01-10 13:00:00,1791.87,1797.25,1791.5,1793.01,0
2022-01-10 14:00:00,1792.99,1796.33,1790.35,1794.24,0
2022-01-10 15:00:00,1794.24,1795.94,1791.54,1793.43,0
2022-01-10 16:00:00,1793.44,1796.02,1793.34,1793.97,0
2022-01-10 17:00:00,1793.97,1800.1,1793.4,1799.48,0
2022-01-10 18:00:00,1799.43,1801.47,1798.43,1800.28,0
2022-01-10 19:00:00,1800.29,1801.67,1799.89,1800.92,0
2022-01-10 20:00:00,1800.89,1801.57,1799.64,1801.03,0
2022-01-10 21:00:00,1800.95,1801.91,1800.91,1801.66,0
2022-01-10 23:00:00,1800.69,1802.79,1800.11,1801.25,0
2022-01-11 00:00:00,1801.22,1804.64,1801.22,1802.77,0
2022-01-11 01:00:00,1802.75,1805.97,1802.07,1804.92,0
2022-01-11 02:00:00,1804.92,1806.38,1804.28,1805.25,0
2022-01-11 03:00:00,1805.19,1807.8,1805.06,1805.98,0
2022-01-11 04:00:00,1805.96,1806.8,1805.59,1806.79,0
2022-01-11 05:00:00,1806.78,1808.7,1805.72,1808.48,0
2022-01-11 06:00:00,1808.44,1809.86,1807.09,1808.29,0
2022-01-11 07:00:00,1808.17,1809.81,1807.64,1809.25,0
2022-01-11 08:00:00,1809.18,1810.22,1808.28,1808.89,0
2022-01-11 09:00:00,1808.87,1810.3,1806.12,1806.89,0
2022-01-11 10:00:00,1806.89,1807.71,1804.84,1806.13,0
2022-01-11 11:00:00,1806.1,1807.62,1804.35,1806.51,0
2022-01-11 12:00:00,1806.51,1808.22,1805.18,1807.5,0
2022-01-11 13:00:00,1807.56,1809.03,1804.59,1805.59,0
2022-01-11 14:00:00,1805.66,1807.28,1801.8,1805.97,0
2022-01-11 15:00:00,1805.93,1812.18,1805.44,1811.68,0
2022-01-11 16:00:00,1811.71,1816.84,1810.03,1815.29,0
2022-01-11 17:00:00,1815.3,1817.86,1813.94,1817.57,0
2022-01-11 18:00:00,1817.54,1820.1,1817.27,1820.03,0
2022-01-11 19:00:00,1820.01,1821.2,1819.01,1820.87,0
2022-01-11 20:00:00,1820.78,1823.27,1820.41,1823.05,0
2022-01-11 21:00:00,1823.09,1823.09,1821.32,1821.51,0
2022-01-11 23:00:00,1820.76,1821.75,1820.0,1820.73,0
2022-01-12 00:00:00,1820.61,1822.54,1820.34,1820.87,0
2022-01-12 01:00:00,1820.82,1822.19,1818.47,1819.09,0
2022-01-12 02:00:00,1819.09,1820.39,1818.94,1819.45,0
2022-01-12 03:00:00,1819.42,1819.85,1818.12,1818.13,0
2022-01-12 04:00:00,1818.13,1819.46,1817.79,1818.22,0
2022-01-12 05:00:00,1818.19,1821.54,1818.12,1820.45,0
2022-01-12 06:00:00,1820.45,1821.43,1819.8,1820.15,0
2022-01-12 07:00:00,1820.15,1820.48,1815.87,1817.26,0
2022-01-12 08:00:00,1817.26,1818.26,1814.72,1816.86,0
2022-01-12 09:00:00,1816.91,1817.13,1814.99,1816.31,0
2022-01-12 10:00:00,1816.3,1818.2,1816.07,1817.46,0
2022-01-12 11:00:00,1817.46,1818.56,1816.29,1817.22,0
2022-01-12 12:00:00,1817.21,1819.43,1816.35,1819.41,0
2022-01-12 13:00:00,1819.38,1825.39,1817.11,1821.28,0
2022-01-12 14:00:00,1821.28,1824.46,1819.01,1821.91,0
2022-01-12 15:00:00,1822.04,1824.74,1821.01,1823.83,0
2022-01-12 16:00:00,1823.79,1824.88,1820.18,1824.83,0
2022-01-12 17:00:00,1824.83,1827.0,1823.94,1826.11,0
2022-01-12 18:00:00,1826.06,1827.92,1825.65,1826.13,0
2022-01-12 19:00:00,1826.13,1828.02,1825.83,1827.95,0
2022-01-12 20:00:00,1827.95,1828.03,1825.93,1827.41,0
2022-01-12 21:00:00,1827.45,1827.5,1825.64,1826.15,0
2022-01-12 23:00:00,1825.88,1826.26,1824.89,1825.35,0
2022-01-13 00:00:00,1825.35,1825.97,1824.2,1824.34,0
2022-01-13 01:00:00,1824.4,1826.66,1824.1,1825.43,0
2022-01-13 02:00:00,1825.43,1825.66,1824.05,1824.37,0
2022-01-13 03:00:00,1824.37,1825.49,1824.36,1825.17,0
2022-01-13 04:00:00,1825.17,1826.59,1825.08,1826.04,0
2022-01-13 05:00:00,1826.03,1828.18,1825.72,1825.91,0
2022-01-13 06:00:00,1825.91,1826.89,1824.37,1825.19,0
2022-01-13 07:00:00,1825.1,1827.18,1823.49,1826.71,0
2022-01-13 08:00:00,1826.67,1827.64,1820.69,1821.1,0
2022-01-13 09:00:00,1821.1,1822.86,1819.05,1822.77,0
2022-01-13 10:00:00,1822.79,1824.04,1821.9,1822.61,0
2022-01-13 11:00:00,1822.65,1824.15,1821.97,1823.62,0
2022-01-13 12:00:00,1823.66,1825.98,1823.18,1824.31,0
2022-01-13 13:00:00,1824.34,1825.44,1819.2,1821.91,0
2022-01-13 14:00:00,1821.95,1823.84,1818.01,1818.62,0
2022-01-13 15:00:00,1818.66,1820.61,1814.25,1814.65,0
2022-01-13 16:00:00,1814.65,1819.25,1812.31,1819.15,0
2022-01-13 17:00:00,1819.16,1821.46,1818.31,1820.6,0
2022-01-13 18:00:00,1820.58,1821.94,1819.51,1820.47,0
2022-01-13 19:00:00,1820.5,1821.76,1820.23,1821.06,0
2022-01-13 20:00:00,1821.08,1822.41,1820.77,1821.89,0
2022-01-13 21:00:00,1821.91,1822.89,1821.59,1822.56,0
2022-01-13 23:00:00,1821.56,1822.04,1820.79,1820.87,0
2022-01-14 00:00:00,1820.87,1821.96,1819.62,1820.89,0
2022-01-14 01:00:00,1820.87,1824.62,1820.32,1822.45,0
2022-01-14 02:00:00,1822.48,1825.58,1822.4,1825.2,0
2022-01-14 03:00:00,1825.19,1827.27,1824.92,1826.07,0
2022-01-14 04:00:00,1826.06,1827.23,1825.56,1825.99,0
2022-01-14 05:00:00,1826.0,1828.09,1825.92,1827.79,0
2022-01-14 06:00:00,1827.79,1827.88,1826.57,1826.91,0
2022-01-14 07:00:00,1826.9,1828.12,1825.83,1826.76,0
2022-01-14 08:00:00,1826.76,1829.22,1824.29,1824.4,0
2022-01-14 09:00:00,1824.35,1824.56,1821.65,1823.55,0
2022-01-14 10:00:00,1823.6,1824.34,1821.99,1823.67,0
2022-01-14 11:00:00,1823.66,1823.8,1820.01,1822.48,0
2022-01-14 12:00:00,1822.49,1823.93,1819.53,1820.97,0
2022-01-14 13:00:00,1820.95,1827.59,1820.0,1825.49,0
2022-01-14 14:00:00,1825.47,1826.75,1819.24,1824.69,0
2022-01-14 15:00:00,1824.32,1825.93,1820.82,1821.12,0
2022-01-14 16:00:00,1821.14,1821.96,1817.8,1818.62,0
2022-01-14 17:00:00,1818.62,1819.32,1815.39,1815.91,0
2022-01-14 18:00:00,1815.91,1817.58,1814.69,1817.18,0
2022-01-14 19:00:00,1817.21,1818.98,1816.4,1818.27,0
2022-01-14 20:00:00,1818.27,1818.92,1816.45,1816.45,0
2022-01-14 21:00:00,1816.41,1817.87,1816.41,1817.38,0
2022-01-16 23:00:00,1817.82,1818.18,1815.88,1816.38,0
2022-01-17 00:00:00,1816.48,1816.71,1814.68,1815.59,0
2022-01-17 01:00:00,1815.59,1816.57,1813.12,1816.05,0
2022-01-17 02:00:00,1816.09,1818.5,1815.99,1818.23,0
2022-01-17 03:00:00,1818.22,1819.45,1817.96,1818.88,0
2022-01-17 04:00:00,1818.88,1820.3,1818.85,1819.41,0
2022-01-17 05:00:00,1819.41,1820.6,1818.26,1819.54,0
2022-01-17 06:00:00,1819.63,1820.48,1818.74,1819.57,0
2022-01-17 07:00:00,1819.54,1822.34,1818.94,1821.98,0
2022-01-17 08:00:00,1821.98,1823.17,1821.06,1822.43,0
2022-01-17 09:00:00,1822.43,1822.92,1820.6,1821.6,0
2022-01-17 10:00:00,1821.59,1821.98,1819.8,1820.87,0
2022-01-17 11:00:00,1820.85,1821.9,1820.0,1821.31,0
2022-01-17 12:00:00,1821.31,1821.37,1819.37,1819.85,0
2022-01-17 13:00:00,1819.84,1821.27,1819.25,1821.0,0
2022-01-17 14:00:00,1821.0,1821.52,1819.67,1820.19,0
2022-01-17 15:00:00,1820.12,1820.19,1817.69,1818.86,0
2022-01-17 16:00:00,1818.86,1819.39,1818.46,1819.36,0
2022-01-17 17:00:00,1819.36,1820.03,1818.99,1819.29,0
2022-01-17 18:00:00,1819.29,1819.66,1818.24,1818.24,0
2022-01-17 19:00:00,1818.24,1819.58,1818.23,1819.2,0
2022-01-17 23:00:00,1818.55,1819.34,1818.39,1819.05,0
2022-01-18 00:00:00,1819.06,1820.31,1818.64,1820.21,0
2022-01-18 01:00:00,1820.21,1822.41,1819.19,1822.09,0
2022-01-18 02:00:00,1822.1,1822.3,1821.08,1821.8,0
2022-01-18 03:00:00,1821.81,1822.76,1815.28,1816.36,0
2022-01-18 04:00:00,1816.35,1818.02,1815.83,1817.88,0
2022-01-18 05:00:00,1817.94,1818.28,1815.58,1816.17,0
2022-01-18 06:00:00,1816.12,1817.91,1815.3,1817.63,0
2022-01-18 07:00:00,1817.65,1817.98,1813.22,1816.28,0
2022-01-18 08:00:00,1816.26,1817.24,1812.05,1812.12,0
2022-01-18 09:00:00,1812.09,1813.44,1809.15,1810.45,0
2022-01-18 10:00:00,1810.5,1811.29,1809.26,1810.08,0
2022-01-18 11:00:00,1810.2,1814.35,1809.79,1813.12,0
2022-01-18 12:00:00,1813.15,1816.23,1812.69,1815.04,0
2022-01-18 13:00:00,1815.04,1819.86,1805.79,1819.63,0
2022-01-18 14:00:00,1819.74,1819.97,1812.0,1818.31,0
2022-01-18 15:00:00,1818.26,1820.12,1813.53,1819.91,0
2022-01-18 16:00:00,1819.91,1820.1,1810.64,1814.95,0
2022-01-18 17:00:00,1815.04,1815.34,1810.98,1812.14,0
2022-01-18 18:00:00,1812.14,1813.81,1810.62,1813.53,0
2022-01-18 19:00:00,1813.52,1815.89,1813.51,1813.98,0
2022-01-18 20:00:00,1813.98,1815.33,1813.24,1813.8,0
2022-01-18 21:00:00,1813.82,1814.69,1813.11,1813.65,0
2022-01-18 23:00:00,1813.93,1815.12,1813.84,1814.25,0
2022-01-19 00:00:00,1814.33,1814.48,1812.72,1813.39,0
2022-01-19 01:00:00,1813.43,1814.28,1812.31,1812.31,0
2022-01-19 02:00:00,1812.24,1813.51,1811.08,1811.78,0
2022-01-19 03:00:00,1811.69,1811.96,1810.28,1811.78,0
2022-01-19 04:00:00,1811.73,1812.48,1811.09,1811.8,0
2022-01-19 05:00:00,1811.77,1814.22,1811.53,1813.46,0
2022-01-19 06:00:00,1813.46,1814.79,1812.9,1814.3,0
2022-01-19 07:00:00,1814.28,1815.25,1811.26,1811.53,0
2022-01-19 08:00:00,1811.46,1816.09,1811.37,1814.7,0
2022-01-19 09:00:00,1814.69,1817.29,1814.42,1816.96,0
2022-01-19 10:00:00,1816.92,1819.39,1816.26,1818.74,0
2022-01-19 11:00:00,1818.78,1819.92,1817.27,1817.35,0
2022-01-19 12:00:00,1817.39,1819.1,1816.72,1817.85,0
2022-01-19 13:00:00,1817.87,1825.56,1817.82,1824.05,0
2022-01-19 14:00:00,1824.08,1828.43,1822.54,1827.21,0
2022-01-19 15:00:00,1827.14,1838.76,1826.32,1838.3,0
2022-01-19 16:00:00,1838.35,1841.27,1837.16,1840.2,0
2022-01-19 17:00:00,1840.2,1842.66,1839.21,1840.4,0
2022-01-19 18:00:00,1840.37,1842.82,1839.63,1841.89,0
2022-01-19 19:00:00,1841.85,1843.32,1841.0,1842.77,0
2022-01-19 20:00:00,1842.79,1843.33,1841.57,1842.59,0
2022-01-19 21:00:00,1842.61,1842.61,1840.08,1840.37,0
2022-01-19 23:00:00,1839.72,1840.3,1838.31,1838.53,0
2022-01-20 00:00:00,1838.52,1841.44,1837.98,1841.18,0
2022-01-20 01:00:00,1841.16,1844.06,1839.86,1841.38,0
2022-01-20 02:00:00,1841.35,1842.73,1839.21,1839.98,0
2022-01-20 03:00:00,1840.0,1841.6,1839.5,1839.68,0
2022-01-20 04:00:00,1839.66,1840.39,1838.71,1839.87,0
2022-01-20 05:00:00,1839.86,1840.15,1838.5,1839.28,0
2022-01-20 06:00:00,1839.29,1840.7,1838.67,1840.47,0
2022-01-20 07:00:00,1840.4,1841.18,1838.51,1839.13,0
2022-01-20 08:00:00,1839.13,1842.16,1838.49,1839.99,0
2022-01-20 09:00:00,1839.96,1841.32,1837.06,1838.55,0
2022-01-20 10:00:00,1838.56,1839.62,1836.76,1837.2,0
2022-01-20 11:00:00,1837.2,1839.64,1836.74,1839.5,0
2022-01-20 12:00:00,1839.5,1840.58,1835.97,1840.5,0
2022-01-20 13:00:00,1840.46,1846.87,1839.08,1846.46,0
2022-01-20 14:00:00,1846.46,1847.13,1841.97,1846.23,0
2022-01-20 15:00:00,1846.16,1847.93,1843.77,1846.87,0
2022-01-20 16:00:00,1846.88,1846.89,1838.59,1841.81,0
2022-01-20 17:00:00,1841.86,1843.76,1841.82,1842.4,0
2022-01-20 18:00:00,1842.46,1842.57,1840.4,1841.57,0
2022-01-20 19:00:00,1841.52,1841.69,1839.51,1840.12,0
2022-01-20 20:00:00,1840.09,1840.53,1837.37,1838.08,0
2022-01-20 21:00:00,1838.09,1839.69,1838.06,1839.47,0
2022-01-20 23:00:00,1839.08,1839.84,1837.99,1838.92,0
2022-01-21 00:00:00,1838.94,1839.32,1837.66,1838.64,0
2022-01-21 01:00:00,1838.67,1839.07,1836.3,1838.45,0
2022-01-21 02:00:00,1838.45,1841.57,1837.76,1841.16,0
2022-01-21 03:00:00,1841.16,1842.08,1840.7,1840.8,0
2022-01-21 04:00:00,1840.8,1841.89,1840.43,1841.46,0
2022-01-21 05:00:00,1841.41,1842.14,1839.99,1841.37,0
2022-01-21 06:00:00,1841.37,1841.41,1839.79,1840.43,0
2022-01-21 07:00:00,1840.43,1842.8,1836.78,1838.03,0
2022-01-21 08:00:00,1838.03,1839.08,1828.49,1831.68,0
2022-01-21 09:00:00,1831.66,1834.35,1830.52,1834.09,0
2022-01-21 10:00:00,1834.05,1835.74,1833.53,1834.03,0
2022-01-21 11:00:00,1834.02,1834.81,1832.01,1832.01,0
2022-01-21 12:00:00,1832.01,1836.48,1831.15,1835.2,0
2022-01-21 13:00:00,1835.12,1842.01,1834.38,1841.34,0
2022-01-21 14:00:00,1841.35,1843.24,1839.97,1840.75,0
2022-01-21 15:00:00,1840.71,1840.74,1831.92,1834.58,0
2022-01-21 16:00:00,1834.64,1835.17,1831.37,1835.02,0
2022-01-21 17:00:00,1835.08,1835.17,1831.2,1832.83,0
2022-01-21 18:00:00,1832.83,1832.84,1830.2,1832.22,0
2022-01-21 19:00:00,1832.29,1832.62,1830.69,1831.61,0
2022-01-21 20:00:00,1831.56,1832.0,1828.54,1831.94,0
2022-01-21 21:00:00,1831.98,1834.95,1830.78,1834.39,0
2022-01-23 23:00:00,1832.31,1837.09,1831.63,1834.67,0
2022-01-24 00:00:00,1834.71,1834.95,1833.16,1833.26,0
2022-01-24 01:00:00,1833.26,1836.41,1832.58,1836.21,0
2022-01-24 02:00:00,1836.21,1837.46,1835.35,1836.64,0
2022-01-24 03:00:00,1836.64,1837.43,1835.62,1836.55,0
2022-01-24 04:00:00,1836.56,1837.99,1836.22,1837.89,0
2022-01-24 05:00:00,1837.9,1839.62,1836.79,1838.8,0
2022-01-24 06:00:00,1838.81,1839.35,1836.77,1837.61,0
2022-01-24 07:00:00,1837.61,1839.5,1836.49,1837.98,0
2022-01-24 08:00:00,1837.98,1841.74,1837.72,1840.53,0
2022-01-24 09:00:00,1840.58,1844.35,1840.57,1841.19,0
2022-01-24 10:00:00,1841.2,1842.21,1837.58,1839.94,0
2022-01-24 11:00:00,1840.0,1840.44,1837.14,1838.23,0
2022-01-24 12:00:00,1838.23,1840.96,1836.45,1838.58,0
2022-01-24 13:00:00,1838.63,1843.07,1834.68,1835.39,0
2022-01-24 14:00:00,1835.4,1841.16,1832.73,1834.17,0
2022-01-24 15:00:00,1834.18,1836.05,1829.67,1834.49,0
2022-01-24 16:00:00,1834.49,1835.37,1832.58,1834.98,0
2022-01-24 17:00:00,1834.97,1838.67,1833.49,1838.5,0
2022-01-24 18:00:00,1838.49,1843.09,1837.78,1841.14,0
2022-01-24 19:00:00,1841.16,1842.59,1838.56,1838.77,0
2022-01-24 20:00:00,1838.73,1842.41,1837.73,1841.58,0
2022-01-24 21:00:00,1841.57,1844.06,1841.29,1843.0,0
2022-01-24 23:00:00,1842.85,1843.65,1842.12,1843.64,0
2022-01-25 00:00:00,1843.66,1843.69,1842.12,1842.24,0
2022-01-25 01:00:00,1842.22,1843.14,1840.07,1840.17,0
2022-01-25 02:00:00,1840.16,1841.24,1839.46,1840.28,0
2022-01-25 03:00:00,1840.24,1842.26,1840.15,1842.25,0
2022-01-25 04:00:00,1842.25,1843.13,1841.69,1842.01,0
2022-01-25 05:00:00,1842.03,1843.03,1841.24,1841.71,0
2022-01-25 06:00:00,1841.72,1842.75,1840.72,1841.39,0
2022-01-25 07:00:00,1841.41,1843.35,1840.38,1840.82,0
2022-01-25 08:00:00,1840.82,1843.2,1838.73,1838.79,0
2022-01-25 09:00:00,1838.79,1839.31,1836.96,1838.11,0
2022-01-25 10:00:00,1838.06,1838.97,1834.89,1837.8,0
2022-01-25 11:00:00,1837.8,1839.62,1837.06,1837.68,0
2022-01-25 12:00:00,1837.71,1840.44,1837.6,1839.93,0
2022-01-25 13:00:00,1839.94,1843.12,1838.08,1842.71,0
2022-01-25 14:00:00,1842.7,1852.87,1839.35,1850.29,0
2022-01-25 15:00:00,1850.36,1851.32,1841.07,1846.94,0
2022-01-25 16:00:00,1846.9,1849.68,1845.15,1849.44,0
2022-01-25 17:00:00,1849.44,1850.43,1847.65,1849.8,0
2022-01-25 18:00:00,1849.82,1852.63,1849.81,1852.2,0
2022-01-25 19:00:00,1852.15,1853.88,1851.53,1851.77,0
2022-01-25 20:00:00,1851.77,1851.98,1847.04,1847.47,0
2022-01-25 21:00:00,1847.62,1848.18,1847.01,1847.98,0
2022-01-25 23:00:00,1847.79,1850.08,1847.41,1849.53,0
2022-01-26 00:00:00,1849.47,1849.59,1848.37,1848.47,0
2022-01-26 01:00:00,1848.49,1848.6,1846.53,1847.97,0
2022-01-26 02:00:00,1847.94,1848.95,1847.34,1847.64,0
2022-01-26 03:00:00,1847.65,1848.23,1846.67,1847.07,0
2022-01-26 04:00:00,1847.11,1847.69,1846.68,1847.47,0
2022-01-26 05:00:00,1847.47,1848.28,1846.66,1847.61,0
2022-01-26 06:00:00,1847.59,1848.71,1846.27,1846.53,0
2022-01-26 07:00:00,1846.46,1847.23,1843.79,1843.99,0
2022-01-26 08:00:00,1843.99,1846.27,1843.9,1845.54,0
2022-01-26 09:00:00,1845.51,1847.82,1844.5,1846.95,0
2022-01-26 10:00:00,1846.94,1847.66,1845.07,1846.91,0
2022-01-26 11:00:00,1846.89,1847.36,1842.87,1843.16,0
2022-01-26 12:00:00,1843.2,1847.25,1842.69,1846.84,0
2022-01-26 13:00:00,1846.87,1848.1,1843.0,1844.07,0
2022-01-26 14:00:00,1844.0,1844.22,1831.22,1836.02,0
2022-01-26 15:00:00,1836.04,1838.62,1832.18,1834.13,0
2022-01-26 16:00:00,1834.16,1834.51,1831.56,1831.86,0
2022-01-26 17:00:00,1831.86,1832.79,1828.95,1830.33,0
2022-01-26 18:00:00,1830.23,1831.83,1829.09,1829.18,0
2022-01-26 19:00:00,1829.08,1833.21,1815.58,1819.58,0
2022-01-26 20:00:00,1819.56,1820.63,1814.98,1817.81,0
2022-01-26 21:00:00,1817.72,1819.56,1816.4,1819.47,0
2022-01-26 23:00:00,1819.49,1822.15,1819.22,1821.97,0
2022-01-27 00:00:00,1821.99,1822.0,1818.41,1820.82,0
2022-01-27 01:00:00,1820.83,1821.01,1815.16,1815.69,0
2022-01-27 02:00:00,1815.7,1818.03,1813.05,1816.48,0
2022-01-27 03:00:00,1816.48,1817.28,1814.73,1816.01,0
2022-01-27 04:00:00,1815.99,1816.53,1814.77,1815.85,0
2022-01-27 05:00:00,1815.83,1816.47,1812.25,1812.75,0
2022-01-27 06:00:00,1812.71,1813.51,1809.98,1810.65,0
2022-01-27 07:00:00,1810.72,1815.98,1810.47,1810.99,0
2022-01-27 08:00:00,1810.96,1814.79,1809.59,1814.42,0
2022-01-27 09:00:00,1814.43,1816.69,1813.56,1816.03,0
2022-01-27 10:00:00,1816.06,1816.91,1811.47,1811.7,0
2022-01-27 11:00:00,1811.72,1811.78,1807.61,1811.41,0
2022-01-27 12:00:00,1811.45,1813.76,1806.55,1807.15,0
2022-01-27 13:00:00,1807.08,1809.52,1798.03,1799.95,0
2022-01-27 14:00:00,1799.93,1810.46,1797.48,1805.64,0
2022-01-27 15:00:00,1805.62,1807.61,1795.71,1796.48,0
2022-01-27 16:00:00,1796.48,1798.46,1791.92,1793.33,0
2022-01-27 17:00:00,1793.28,1795.7,1791.84,1792.51,0
2022-01-27 18:00:00,1792.49,1795.69,1791.82,1794.37,0
2022-01-27 19:00:00,1794.38,1796.29,1792.96,1792.97,0
2022-01-27 20:00:00,1792.95,1795.78,1792.29,1794.96,0
2022-01-27 21:00:00,1795.01,1797.42,1794.84,1797.13,0
2022-01-27 23:00:00,1797.77,1798.3,1796.63,1797.3,0
2022-01-28 00:00:00,1797.28,1797.31,1795.09,1797.22,0
2022-01-28 01:00:00,1797.08,1799.35,1796.31,1798.68,0
2022-01-28 02:00:00,1798.69,1798.87,1797.55,1798.69,0
2022-01-28 03:00:00,1798.68,1799.44,1798.49,1799.16,0
2022-01-28 04:00:00,1799.14,1799.4,1797.83,1798.67,0
2022-01-28 05:00:00,1798.65,1798.84,1797.12,1797.48,0
2022-01-28 06:00:00,1797.45,1798.71,1796.87,1797.23,0
2022-01-28 07:00:00,1797.18,1797.8,1795.76,1796.03,0
2022-01-28 08:00:00,1795.96,1795.96,1791.84,1792.34,0
2022-01-28 09:00:00,1792.36,1792.99,1789.91,1791.38,0
2022-01-28 10:00:00,1791.37,1791.73,1786.48,1787.18,0
2022-01-28 11:00:00,1787.16,1787.57,1780.31,1785.65,0
2022-01-28 12:00:00,1785.65,1790.6,1784.66,1785.92,0
2022-01-28 13:00:00,1786.14,1792.71,1784.46,1786.37,0
2022-01-28 14:00:00,1786.4,1789.63,1780.68,1786.61,0
2022-01-28 15:00:00,1786.6,1793.03,1781.97,1782.82,0
2022-01-28 16:00:00,1782.82,1786.45,1782.22,1785.29,0
2022-01-28 17:00:00,1785.31,1785.81,1781.94,1784.02,0
2022-01-28 18:00:00,1784.06,1788.33,1784.05,1786.75,0
2022-01-28 19:00:00,1786.76,1787.2,1784.39,1787.03,0
2022-01-28 20:00:00,1787.04,1789.55,1786.83,1788.8,0
2022-01-28 21:00:00,1788.81,1792.09,1788.51,1791.81,0
2022-01-30 23:00:00,1789.54,1790.64,1788.33,1789.54,0
2022-01-31 00:00:00,1789.59,1789.98,1787.23,1787.24,0
2022-01-31 01:00:00,1787.25,1790.33,1786.33,1790.3,0
2022-01-31 02:00:00,1790.26,1790.26,1787.78,1788.56,0
2022-01-31 03:00:00,1788.54,1788.74,1786.6,1787.1,0
2022-01-31 04:00:00,1787.12,1787.49,1785.59,1787.27,0
2022-01-31 05:00:00,1787.27,1789.41,1786.66,1789.23,0
2022-01-31 06:00:00,1789.21,1789.32,1788.08,1788.5,0
2022-01-31 07:00:00,1788.5,1789.24,1786.04,1788.91,0
2022-01-31 08:00:00,1789.06,1792.46,1787.06,1790.66,0
2022-01-31 09:00:00,1790.66,1792.5,1788.91,1789.55,0
2022-01-31 10:00:00,1789.53,1792.16,1788.47,1791.88,0
2022-01-31 11:00:00,1791.9,1793.62,1789.53,1792.3,0
2022-01-31 12:00:00,1792.32,1792.49,1790.5,1791.96,0
2022-01-31 13:00:00,1791.97,1798.25,1789.59,1797.65,0
2022-01-31 14:00:00,1797.68,1799.64,1795.25,1795.77,0
2022-01-31 15:00:00,1795.79,1797.55,1793.18,1796.3,0
2022-01-31 16:00:00,1796.31,1798.22,1795.31,1797.19,0
2022-01-31 17:00:00,1797.22,1798.76,1794.91,1796.94,0
2022-01-31 18:00:00,1796.9,1798.04,1794.97,1797.94,0
2022-01-31 19:00:00,1797.92,1799.92,1797.86,1798.45,0
2022-01-31 20:00:00,1798.46,1799.77,1796.35,1799.56,0
2022-01-31 21:00:00,1799.6,1799.61,1796.85,1797.3,0
2022-01-31 23:00:00,1798.04,1798.16,1797.33,1797.86,0
2022-02-01 00:00:00,1797.84,1797.84,1796.57,1796.79,0
2022-02-01 01:00:00,1796.79,1799.39,1796.63,1797.54,0
2022-02-01 02:00:00,1797.54,1798.08,1796.73,1797.82,0
2022-02-01 03:00:00,1797.91,1798.13,1795.76,1796.62,0
2022-02-01 04:00:00,1796.61,1799.54,1796.32,1799.45,0
2022-02-01 05:00:00,1799.46,1803.49,1799.32,1802.71,0
2022-02-01 06:00:00,1802.7,1803.35,1801.13,1801.57,0
2022-02-01 07:00:00,1801.58,1804.43,1801.58,1804.08,0
2022-02-01 08:00:00,1803.75,1804.94,1801.9,1804.72,0
2022-02-01 09:00:00,1804.73,1806.82,1804.6,1805.54,0
2022-02-01 10:00:00,1805.55,1807.62,1805.5,1806.62,0
2022-02-01 11:00:00,1806.64,1808.28,1805.8,1806.22,0
2022-02-01 12:00:00,1806.19,1808.3,1803.86,1804.61,0
2022-02-01 13:00:00,1804.52,1808.78,1802.26,1804.28,0
2022-02-01 14:00:00,1804.27,1806.02,1800.51,1802.35,0
2022-02-01 15:00:00,1802.4,1807.2,1797.79,1804.39,0
2022-02-01 16:00:00,1804.4,1807.95,1803.44,1803.87,0
2022-02-01 17:00:00,1803.88,1804.32,1801.57,1802.75,0
2022-02-01 18:00:00,1802.69,1803.11,1800.65,1801.0,0
2022-02-01 19:00:00,1801.04,1802.18,1799.45,1799.45,0
2022-02-01 20:00:00,1799.35,1801.44,1798.62,1801.12,0
2022-02-01 21:00:00,1801.1,1802.4,1800.71,1801.03,0
2022-02-01 23:00:00,1800.58,1801.19,1800.35,1800.79,0
2022-02-02 00:00:00,1800.79,1801.37,1799.5,1801.35,0
2022-02-02 01:00:00,1801.32,1801.66,1800.41,1800.42,0
2022-02-02 02:00:00,1800.42,1800.72,1798.54,1798.72,0
2022-02-02 03:00:00,1798.63,1798.63,1797.33,1797.68,0
2022-02-02 04:00:00,1797.67,1798.71,1797.51,1797.56,0
2022-02-02 05:00:00,1797.59,1798.99,1797.16,1798.51,0
2022-02-02 06:00:00,1798.51,1798.94,1796.6,1797.75,0
2022-02-02 07:00:00,1797.72,1799.08,1794.41,1796.76,0
2022-02-02 08:00:00,1796.82,1800.17,1796.42,1798.81,0
2022-02-02 09:00:00,1798.8,1802.39,1798.21,1802.21,0
2022-02-02 10:00:00,1802.23,1803.71,1801.65,1802.71,0
2022-02-02 11:00:00,1802.71,1803.7,1801.76,1802.87,0
2022-02-02 12:00:00,1802.87,1804.93,1802.82,1804.31,0
2022-02-02 13:00:00,1804.36,1808.04,1801.19,1801.19,0
2022-02-02 14:00:00,1801.22,1805.59,1800.57,1803.27,0
2022-02-02 15:00:00,1803.51,1810.72,1802.75,1808.54,0
2022-02-02 16:00:00,1808.56,1809.99,1807.4,1808.95,0
2022-02-02 17:00:00,1808.94,1810.79,1808.54,1810.11,0
2022-02-02 18:00:00,1810.11,1810.64,1807.89,1809.19,0
2022-02-02 19:00:00,1809.21,1809.21,1807.39,1807.53,0
2022-02-02 20:00:00,1807.52,1808.3,1805.21,1807.65,0
2022-02-02 21:00:00,1807.64,1807.69,1806.43,1806.79,0
2022-02-02 23:00:00,1806.93,1807.99,1806.79,1807.93,0
2022-02-03 00:00:00,1807.91,1807.91,1807.09,1807.43,0
2022-02-03 01:00:00,1807.43,1808.66,1805.95,1808.66,0
2022-02-03 02:00:00,1808.66,1808.96,1806.25,1806.55,0
2022-02-03 03:00:00,1806.55,1807.76,1806.2,1807.07,0
2022-02-03 04:00:00,1807.07,1807.21,1806.14,1806.56,0
2022-02-03 05:00:00,1806.56,1806.85,1805.51,1806.79,0
2022-02-03 06:00:00,1806.76,1806.85,1804.92,1805.31,0
2022-02-03 07:00:00,1805.38,1806.05,1803.14,1804.58,0
2022-02-03 08:00:00,1804.51,1805.27,1802.76,1805.21,0
2022-02-03 09:00:00,1805.22,1806.08,1803.06,1803.42,0
2022-02-03 10:00:00,1803.41,1804.19,1802.21,1803.21,0
2022-02-03 11:00:00,1803.21,1805.16,1802.39,1804.2,0
2022-02-03 12:00:00,1804.1,1804.78,1800.61,1802.04,0
2022-02-03 13:00:00,1802.04,1804.72,1800.07,1802.44,0
2022-02-03 14:00:00,1802.55,1805.15,1788.7,1791.42,0
2022-02-03 15:00:00,1791.42,1804.18,1790.26,1803.12,0
2022-02-03 16:00:00,1803.11,1807.62,1801.12,1806.94,0
2022-02-03 17:00:00,1806.94,1807.15,1803.57,1804.09,0
2022-02-03 18:00:00,1804.09,1805.49,1803.24,1805.39,0
2022-02-03 19:00:00,1805.4,1806.72,1804.58,1805.12,0
2022-02-03 20:00:00,1805.13,1806.44,1805.09,1805.22,0
2022-02-03 21:00:00,1805.28,1806.31,1804.58,1804.81,0
2022-02-03 23:00:00,1805.29,1806.54,1804.78,1805.73,0
2022-02-04 00:00:00,1805.73,1806.22,1805.03,1805.91,0
2022-02-04 01:00:00,1805.93,1807.36,1805.88,1807.2,0
2022-02-04 02:00:00,1807.23,1807.58,1805.89,1806.15,0
2022-02-04 03:00:00,1806.19,1806.92,1805.82,1806.51,0
2022-02-04 04:00:00,1806.5,1808.0,1806.41,1806.58,0
2022-02-04 05:00:00,1806.5,1807.48,1806.42,1806.57,0
2022-02-04 06:00:00,1806.56,1807.25,1805.86,1807.08,0
2022-02-04 07:00:00,1807.04,1809.21,1806.25,1807.4,0
2022-02-04 08:00:00,1807.36,1810.01,1806.27,1808.65,0
2022-02-04 09:00:00,1808.65,1811.92,1808.42,1811.0,0
2022-02-04 10:00:00,1811.02,1814.52,1810.9,1813.34,0
2022-02-04 11:00:00,1813.38,1813.53,1809.76,1810.99,0
2022-02-04 12:00:00,1811.01,1812.44,1810.01,1811.0,0
2022-02-04 13:00:00,1811.22,1814.92,1794.96,1795.39,0
2022-02-04 14:00:00,1795.33,1807.17,1792.19,1804.32,0
2022-02-04 15:00:00,1804.36,1810.38,1803.48,1803.93,0
2022-02-04 16:00:00,1803.94,1807.93,1803.16,1806.91,0
2022-02-04 17:00:00,1806.91,1808.73,1805.66,1806.39,0
2022-02-04 18:00:00,1806.39,1808.04,1806.05,1807.65,0
2022-02-04 19:00:00,1807.72,1808.61,1805.91,1806.86,0
2022-02-04 20:00:00,1806.9,1808.19,1806.04,1808.11,0
2022-02-04 21:00:00,1808.12,1808.29,1806.88,1808.2,0
2022-02-06 23:00:00,1808.75,1811.52,1807.9,1810.05,0
2022-02-07 00:00:00,1810.18,1813.5,1810.17,1813.13,0
2022-02-07 01:00:00,1813.26,1815.27,1808.75,1810.37,0
2022-02-07 02:00:00,1810.37,1811.14,1809.58,1809.65,0
2022-02-07 03:00:00,1809.65,1810.9,1809.23,1809.85,0
2022-02-07 04:00:00,1809.9,1810.95,1809.76,1810.55,0
2022-02-07 05:00:00,1810.48,1810.91,1809.48,1810.33,0
2022-02-07 06:00:00,1810.3,1811.27,1808.74,1809.59,0
2022-02-07 07:00:00,1809.53,1813.03,1809.53,1813.02,0
2022-02-07 08:00:00,1813.12,1814.12,1810.06,1813.07,0
2022-02-07 09:00:00,1813.07,1813.45,1811.16,1812.45,0
2022-02-07 10:00:00,1812.47,1812.55,1810.3,1810.42,0
2022-02-07 11:00:00,1810.43,1813.98,1810.37,1813.64,0
2022-02-07 12:00:00,1813.64,1814.26,1811.95,1813.27,0
2022-02-07 13:00:00,1813.25,1817.16,1811.73,1813.99,0
2022-02-07 14:00:00,1813.96,1816.11,1812.51,1814.01,0
2022-02-07 15:00:00,1814.03,1816.61,1811.92,1815.89,0
2022-02-07 16:00:00,1815.95,1818.46,1814.31,1817.38,0
2022-02-07 17:00:00,1817.38,1820.2,1816.96,1819.97,0
2022-02-07 18:00:00,1819.97,1821.26,1819.61,1821.16,0
2022-02-07 19:00:00,1821.16,1823.57,1820.74,1822.36,0
2022-02-07 20:00:00,1822.37,1822.66,1820.27,1821.54,0
2022-02-07 21:00:00,1821.54,1821.96,1820.31,1820.49,0
2022-02-07 23:00:00,1820.78,1822.08,1820.69,1822.03,0
2022-02-08 00:00:00,1822.01,1822.01,1820.29,1820.69,0
2022-02-08 01:00:00,1820.71,1822.36,1820.29,1822.1,0
2022-02-08 02:00:00,1822.0,1823.28,1821.7,1822.12,0
2022-02-08 03:00:00,1822.14,1823.31,1821.79,1821.9,0
2022-02-08 04:00:00,1821.91,1822.38,1821.04,1821.4,0
2022-02-08 05:00:00,1821.39,1821.59,1818.96,1820.39,0
2022-02-08 06:00:00,1820.31,1821.0,1819.49,1819.55,0
2022-02-08 07:00:00,1819.54,1820.06,1815.46,1817.38,0
2022-02-08 08:00:00,1817.34,1820.57,1817.21,1819.33,0
2022-02-08 09:00:00,1819.33,1820.08,1817.53,1819.89,0
2022-02-08 10:00:00,1819.86,1821.06,1818.52,1819.1,0
2022-02-08 11:00:00,1819.1,1819.38,1817.43,1818.13,0
2022-02-08 12:00:00,1818.15,1819.01,1817.28,1817.75,0
2022-02-08 13:00:00,1817.75,1824.76,1817.48,1824.05,0
2022-02-08 14:00:00,1824.04,1824.48,1820.21,1822.23,0
2022-02-08 15:00:00,1822.23,1828.36,1821.85,1824.61,0
2022-02-08 16:00:00,1824.6,1826.46,1824.42,1826.34,0
2022-02-08 17:00:00,1826.34,1827.96,1826.34,1827.47,0
2022-02-08 18:00:00,1827.45,1828.32,1826.06,1828.12,0
2022-02-08 19:00:00,1828.13,1828.77,1826.78,1827.06,0
2022-02-08 20:00:00,1826.98,1827.84,1826.54,1827.01,0
2022-02-08 21:00:00,1827.01,1827.05,1825.71,1825.97,0
2022-02-08 23:00:00,1825.61,1826.29,1825.48,1825.96,0
2022-02-09 00:00:00,1825.98,1825.98,1825.07,1825.49,0
2022-02-09 01:00:00,1825.45,1826.81,1825.16,1826.79,0
2022-02-09 02:00:00,1826.77,1828.2,1826.43,1827.57,0
2022-02-09 03:00:00,1827.59,1828.76,1827.56,1828.11,0
2022-02-09 04:00:00,1828.11,1828.5,1827.25,1827.3,0
2022-02-09 05:00:00,1827.29,1829.12,1827.17,1827.46,0
2022-02-09 06:00:00,1827.46,1828.19,1826.5,1827.54,0
2022-02-09 07:00:00,1827.45,1828.31,1825.77,1826.78,0
2022-02-09 08:00:00,1826.71,1828.28,1826.3,1826.46,0
2022-02-09 09:00:00,1826.42,1827.87,1826.22,1827.72,0
2022-02-09 10:00:00,1827.79,1828.4,1826.8,1826.9,0
2022-02-09 11:00:00,1826.9,1827.3,1825.7,1826.92,0
2022-02-09 12:00:00,1826.93,1828.45,1826.21,1828.13,0
2022-02-09 13:00:00,1828.21,1832.56,1826.03,1826.11,0
2022-02-09 14:00:00,1826.06,1831.12,1824.69,1828.62,0
2022-02-09 15:00:00,1828.62,1831.54,1827.37,1828.44,0
2022-02-09 16:00:00,1828.48,1833.41,1828.34,1832.59,0
2022-02-09 17:00:00,1832.6,1835.85,1832.6,1834.14,0
2022-02-09 18:00:00,1834.14,1835.81,1833.85,1834.66,0
2022-02-09 19:00:00,1834.65,1834.66,1833.09,1833.36,0
2022-02-09 20:00:00,1833.39,1833.49,1831.19,1833.32,0
2022-02-09 21:00:00,1833.34,1833.34,1832.47,1832.91,0
2022-02-09 23:00:00,1833.08,1833.49,1832.57,1832.63,0
2022-02-10 00:00:00,1832.64,1832.64,1831.53,1832.61,0
2022-02-10 01:00:00,1832.63,1834.46,1832.13,1833.89,0
2022-02-10 02:00:00,1833.95,1834.75,1833.47,1834.29,0
2022-02-10 03:00:00,1834.31,1834.58,1833.71,1834.13,0
2022-02-10 04:00:00,1834.13,1834.49,1833.86,1834.09,0
2022-02-10 05:00:00,1834.1,1834.75,1833.52,1834.49,0
2022-02-10 06:00:00,1834.42,1834.97,1833.74,1834.32,0
2022-02-10 07:00:00,1834.32,1836.15,1833.83,1834.78,0
2022-02-10 08:00:00,1834.67,1834.87,1830.47,1832.1,0
2022-02-10 09:00:00,1832.02,1832.94,1830.87,1832.55,0
2022-02-10 10:00:00,1832.55,1833.42,1832.09,1833.09,0
2022-02-10 11:00:00,1833.09,1833.68,1832.3,1832.37,0
2022-02-10 12:00:00,1832.36,1832.78,1830.67,1831.77,0
2022-02-10 13:00:00,1831.77,1837.21,1821.76,1830.48,0
2022-02-10 14:00:00,1830.38,1834.02,1825.3,1831.44,0
2022-02-10 15:00:00,1831.43,1840.58,1830.23,1835.68,0
2022-02-10 16:00:00,1835.62,1841.96,1835.44,1841.63,0
2022-02-10 17:00:00,1841.57,1841.76,1832.04,1835.29,0
2022-02-10 18:00:00,1835.29,1837.7,1833.54,1835.35,0
2022-02-10 19:00:00,1835.37,1835.84,1828.92,1829.72,0
2022-02-10 20:00:00,1829.77,1830.3,1826.63,1827.19,0
2022-02-10 21:00:00,1827.17,1827.62,1825.7,1826.63,0
2022-02-10 23:00:00,1826.75,1827.99,1826.23,1826.83,0
2022-02-11 00:00:00,1826.86,1827.16,1824.76,1826.11,0
2022-02-11 01:00:00,1826.0,1826.07,1823.76,1825.73,0
2022-02-11 02:00:00,1825.7,1827.04,1824.91,1826.86,0
2022-02-11 03:00:00,1826.85,1826.85,1824.91,1825.0,0
2022-02-11 04:00:00,1825.0,1825.3,1823.12,1824.22,0
2022-02-11 05:00:00,1824.2,1825.41,1823.72,1824.57,0
2022-02-11 06:00:00,1824.6,1824.69,1822.0,1822.94,0
2022-02-11 07:00:00,1822.9,1826.2,1820.98,1826.19,0
2022-02-11 08:00:00,1826.19,1827.62,1825.31,1826.57,0
2022-02-11 09:00:00,1826.56,1827.3,1825.23,1825.99,0
2022-02-11 10:00:00,1825.99,1827.8,1825.2,1826.12,0
2022-02-11 11:00:00,1826.12,1827.64,1825.28,1827.32,0
2022-02-11 12:00:00,1827.34,1831.62,1825.73,1830.46,0
2022-02-11 13:00:00,1830.46,1833.33,1824.96,1827.34,0
2022-02-11 14:00:00,1827.34,1832.52,1827.21,1829.74,0
2022-02-11 15:00:00,1830.02,1837.13,1829.71,1835.94,0
2022-02-11 16:00:00,1835.89,1837.01,1832.78,1836.68,0
2022-02-11 17:00:00,1836.69,1840.93,1836.56,1840.63,0
2022-02-11 18:00:00,1840.53,1860.24,1839.44,1857.22,0
2022-02-11 19:00:00,1857.24,1862.22,1851.44,1858.84,0
2022-02-11 20:00:00,1859.0,1865.5,1857.58,1861.12,0
2022-02-11 21:00:00,1861.19,1863.64,1857.59,1859.0,0
2022-02-13 23:00:00,1860.13,1861.61,1855.32,1859.58,0
2022-02-14 00:00:00,1859.61,1860.72,1857.71,1857.97,0
2022-02-14 01:00:00,1857.99,1860.21,1857.03,1859.63,0
2022-02-14 02:00:00,1859.61,1859.71,1853.95,1854.83,0
2022-02-14 03:00:00,1854.83,1854.88,1852.24,1853.09,0
2022-02-14 04:00:00,1853.07,1853.69,1851.47,1851.93,0
2022-02-14 05:00:00,1851.93,1854.83,1851.6,1854.63,0
2022-02-14 06:00:00,1854.63,1854.86,1851.61,1853.1,0
2022-02-14 07:00:00,1853.13,1855.27,1850.81,1854.43,0
2022-02-14 08:00:00,1854.41,1858.49,1852.2,1856.79,0
2022-02-14 09:00:00,1856.8,1857.47,1853.64,1857.37,0
2022-02-14 10:00:00,1857.37,1857.91,1854.42,1855.59,0
2022-02-14 11:00:00,1855.6,1856.84,1854.08,1856.44,0
2022-02-14 12:00:00,1856.44,1858.23,1851.37,1855.72,0
2022-02-14 13:00:00,1855.69,1862.89,1853.25,1861.57,0
2022-02-14 14:00:00,1861.57,1866.66,1860.05,1866.49,0
2022-02-14 15:00:00,1866.5,1871.02,1864.16,1868.22,0
2022-02-14 16:00:00,1868.22,1868.93,1860.33,1861.94,0
2022-02-14 17:00:00,1861.94,1864.69,1860.7,1864.65,0
2022-02-14 18:00:00,1864.55,1872.87,1863.97,1871.1,0
2022-02-14 19:00:00,1871.12,1874.15,1867.62,1868.13,0
2022-02-14 20:00:00,1868.12,1873.56,1868.11,1871.99,0
2022-02-14 21:00:00,1871.86,1873.2,1869.91,1871.35,0
2022-02-14 23:00:00,1871.19,1871.53,1870.36,1871.09,0
2022-02-15 00:00:00,1871.1,1872.19,1870.58,1871.97,0
2022-02-15 01:00:00,1871.92,1872.24,1870.17,1871.04,0
2022-02-15 02:00:00,1871.04,1876.84,1870.56,1876.31,0
2022-02-15 03:00:00,1876.25,1879.08,1876.13,1877.45,0
2022-02-15 04:00:00,1877.42,1879.02,1876.69,1877.42,0
2022-02-15 05:00:00,1877.42,1879.42,1876.74,1877.9,0
2022-02-15 06:00:00,1877.9,1879.49,1877.69,1878.75,0
2022-02-15 07:00:00,1878.75,1879.06,1875.32,1875.72,0
2022-02-15 08:00:00,1875.71,1877.22,1857.43,1861.58,0
2022-02-15 09:00:00,1861.59,1861.78,1852.43,1857.77,0
2022-02-15 10:00:00,1857.76,1857.77,1854.18,1855.0,0
2022-02-15 11:00:00,1855.01,1856.14,1849.98,1852.5,0
2022-02-15 12:00:00,1852.53,1853.22,1844.56,1850.12,0
2022-02-15 13:00:00,1850.13,1853.68,1844.66,1850.38,0
2022-02-15 14:00:00,1850.41,1857.06,1847.02,1848.77,0
2022-02-15 15:00:00,1848.88,1852.92,1846.96,1847.96,0
2022-02-15 16:00:00,1848.01,1852.61,1846.52,1852.52,0
2022-02-15 17:00:00,1852.52,1853.82,1849.74,1852.93,0
2022-02-15 18:00:00,1852.91,1856.54,1852.52,1855.21,0
2022-02-15 19:00:00,1855.05,1855.6,1853.04,1854.44,0
2022-02-15 20:00:00,1854.46,1856.25,1851.67,1853.33,0
2022-02-15 21:00:00,1853.41,1853.79,1851.55,1853.5,0
2022-02-15 23:00:00,1853.78,1854.65,1852.78,1852.95,0
2022-02-16 00:00:00,1852.97,1853.15,1851.56,1852.1,0
2022-02-16 01:00:00,1852.12,1852.88,1850.3,1852.49,0
2022-02-16 02:00:00,1852.45,1853.1,1851.51,1852.38,0
2022-02-16 03:00:00,1852.36,1852.97,1851.39,1852.78,0
2022-02-16 04:00:00,1852.77,1853.31,1852.47,1852.89,0
2022-02-16 05:00:00,1852.89,1854.77,1852.29,1854.31,0
2022-02-16 06:00:00,1854.31,1856.06,1853.35,1855.21,0
2022-02-16 07:00:00,1855.23,1856.78,1854.21,1855.26,0
2022-02-16 08:00:00,1855.22,1857.62,1855.06,1857.08,0
2022-02-16 09:00:00,1857.03,1858.99,1856.23,1858.56,0
2022-02-16 10:00:00,1858.56,1859.62,1853.99,1854.8,0
2022-02-16 11:00:00,1854.85,1856.52,1854.08,1856.42,0
2022-02-16 12:00:00,1856.42,1856.44,1851.45,1853.04,0
2022-02-16 13:00:00,1852.95,1859.02,1851.54,1858.7,0
2022-02-16 14:00:00,1858.69,1864.87,1857.67,1861.9,0
2022-02-16 15:00:00,1861.87,1863.55,1860.08,1862.74,0
2022-02-16 16:00:00,1862.71,1865.98,1861.51,1865.25,0
2022-02-16 17:00:00,1865.25,1870.02,1865.13,1869.11,0
2022-02-16 18:00:00,1869.1,1870.47,1865.53,1866.35,0
2022-02-16 19:00:00,1866.36,1872.31,1865.21,1870.39,0
2022-02-16 20:00:00,1870.39,1872.57,1868.95,1872.31,0
2022-02-16 21:00:00,1872.33,1872.42,1867.49,1869.64,0
2022-02-16 23:00:00,1869.76,1870.75,1869.29,1869.98,0
2022-02-17 00:00:00,1870.01,1871.64,1869.99,1871.06,0
2022-02-17 01:00:00,1871.0,1871.79,1868.3,1870.14,0
2022-02-17 02:00:00,1870.17,1870.54,1867.89,1868.93,0
2022-02-17 03:00:00,1868.84,1874.94,1867.85,1874.94,0
2022-02-17 04:00:00,1875.3,1876.27,1871.57,1873.8,0
2022-02-17 05:00:00,1873.8,1875.21,1870.58,1875.05,0
2022-02-17 06:00:00,1875.05,1877.22,1872.92,1875.24,0
2022-02-17 07:00:00,1875.23,1876.74,1873.84,1876.16,0
2022-02-17 08:00:00,1876.12,1890.95,1875.36,1886.22,0
2022-02-17 09:00:00,1886.21,1893.33,1884.84,1888.38,0
2022-02-17 10:00:00,1888.38,1889.69,1884.13,1886.26,0
2022-02-17 11:00:00,1886.25,1886.46,1883.3,1883.61,0
2022-02-17 12:00:00,1883.63,1887.61,1882.81,1886.68,0
2022-02-17 13:00:00,1886.69,1897.74,1885.7,1895.89,0
2022-02-17 14:00:00,1895.92,1896.51,1885.93,1893.41,0
2022-02-17 15:00:00,1893.41,1896.29,1892.32,1895.38,0
2022-02-17 16:00:00,1895.34,1899.32,1893.16,1895.67,0
2022-02-17 17:00:00,1895.68,1900.21,1895.3,1897.74,0
2022-02-17 18:00:00,1897.74,1901.12,1897.02,1897.19,0
2022-02-17 19:00:00,1897.2,1900.89,1896.7,1899.98,0
2022-02-17 20:00:00,1900.02,1900.15,1897.36,1898.67,0
2022-02-17 21:00:00,1898.69,1898.96,1897.54,1898.41,0
2022-02-17 23:00:00,1898.77,1900.28,1898.55,1900.01,0
2022-02-18 00:00:00,1900.05,1902.49,1899.56,1899.58,0
2022-02-18 01:00:00,1899.58,1899.66,1888.37,1890.32,0
2022-02-18 02:00:00,1890.25,1892.02,1888.59,1890.89,0
2022-02-18 03:00:00,1890.88,1891.96,1890.57,1891.1,0
2022-02-18 04:00:00,1891.08,1891.3,1889.59,1890.45,0
2022-02-18 05:00:00,1890.42,1893.49,1890.21,1891.9,0
2022-02-18 06:00:00,1891.93,1893.16,1891.07,1891.98,0
2022-02-18 07:00:00,1891.98,1892.96,1889.93,1891.73,0
2022-02-18 08:00:00,1891.76,1895.86,1891.72,1895.2,0
2022-02-18 09:00:00,1895.2,1895.44,1892.77,1894.8,0
2022-02-18 10:00:00,1894.8,1895.28,1886.58,1889.5,0
2022-02-18 11:00:00,1889.5,1892.32,1886.63,1891.23,0
2022-02-18 12:00:00,1891.22,1894.22,1889.4,1893.95,0
2022-02-18 13:00:00,1894.0,1899.99,1892.17,1896.51,0
2022-02-18 14:00:00,1896.35,1898.57,1893.58,1894.55,0
2022-02-18 15:00:00,1894.57,1896.55,1890.45,1891.89,0
2022-02-18 16:00:00,1891.87,1896.76,1891.24,1896.05,0
2022-02-18 17:00:00,1896.21,1897.77,1894.43,1896.85,0
2022-02-18 18:00:00,1896.9,1897.96,1896.11,1896.17,0
2022-02-18 19:00:00,1896.22,1896.93,1894.87,1895.54,0
2022-02-18 20:00:00,1895.5,1897.06,1893.62,1896.99,0
2022-02-18 21:00:00,1896.89,1899.5,1896.09,1897.46,0
2022-02-20 23:00:00,1905.1,1906.46,1899.06,1904.86,0
2022-02-21 00:00:00,1904.87,1908.26,1896.15,1898.3,0
2022-02-21 01:00:00,1898.23,1903.12,1891.61,1895.68,0
2022-02-21 02:00:00,1895.68,1897.71,1895.08,1897.41,0
2022-02-21 03:00:00,1897.41,1899.04,1896.89,1896.9,0
2022-02-21 04:00:00,1896.88,1897.08,1889.27,1891.85,0
2022-02-21 05:00:00,1891.84,1893.95,1890.48,1891.58,0
2022-02-21 06:00:00,1891.58,1892.92,1887.79,1887.97,0
2022-02-21 07:00:00,1887.89,1892.76,1887.66,1891.72,0
2022-02-21 08:00:00,1891.73,1897.73,1891.33,1896.13,0
2022-02-21 09:00:00,1896.13,1898.38,1894.55,1896.36,0
2022-02-21 10:00:00,1896.35,1898.38,1895.23,1897.38,0
2022-02-21 11:00:00,1897.38,1898.71,1894.4,1894.65,0
2022-02-21 12:00:00,1894.64,1897.36,1892.43,1897.22,0
2022-02-21 13:00:00,1897.22,1897.54,1894.09,1896.0,0
2022-02-21 14:00:00,1895.98,1897.1,1892.49,1895.11,0
2022-02-21 15:00:00,1895.11,1896.25,1892.88,1895.42,0
2022-02-21 16:00:00,1895.39,1897.13,1895.39,1896.55,0
2022-02-21 17:00:00,1896.55,1897.78,1895.72,1897.74,0
2022-02-21 18:00:00,1897.72,1905.1,1896.62,1904.84,0
2022-02-21 19:00:00,1904.89,1906.1,1901.28,1903.03,0
2022-02-21 23:00:00,1910.34,1914.1,1907.99,1909.56,0
2022-02-22 00:00:00,1909.53,1913.93,1907.32,1908.12,0
2022-02-22 01:00:00,1908.02,1911.12,1905.31,1909.44,0
2022-02-22 02:00:00,1909.45,1909.78,1906.35,1909.59,0
2022-02-22 03:00:00,1909.61,1910.4,1908.15,1908.5,0
2022-02-22 04:00:00,1908.49,1908.87,1907.28,1907.86,0
2022-02-22 05:00:00,1907.83,1910.32,1907.48,1910.17,0
2022-02-22 06:00:00,1910.15,1911.26,1908.57,1910.01,0
2022-02-22 07:00:00,1910.02,1913.42,1907.33,1908.71,0
2022-02-22 08:00:00,1908.69,1911.7,1895.79,1896.45,0
2022-02-22 09:00:00,1896.47,1902.05,1896.36,1900.64,0
2022-02-22 10:00:00,1900.64,1901.18,1893.97,1896.58,0
2022-02-22 11:00:00,1896.54,1898.23,1891.42,1893.84,0
2022-02-22 12:00:00,1893.86,1900.16,1893.74,1899.52,0
2022-02-22 13:00:00,1899.64,1905.95,1897.91,1902.24,0
2022-02-22 14:00:00,1902.24,1907.21,1900.86,1901.51,0
2022-02-22 15:00:00,1901.46,1903.25,1893.92,1897.93,0
2022-02-22 16:00:00,1897.9,1903.6,1896.87,1903.28,0
2022-02-22 17:00:00,1903.29,1904.5,1901.98,1903.46,0
2022-02-22 18:00:00,1903.45,1905.72,1902.6,1903.57,0
2022-02-22 19:00:00,1903.6,1904.59,1900.3,1901.59,0
2022-02-22 20:00:00,1901.58,1901.7,1897.71,1900.48,0
2022-02-22 21:00:00,1900.64,1901.35,1898.28,1898.51,0
2022-02-22 23:00:00,1898.84,1899.58,1897.79,1898.27,0
2022-02-23 00:00:00,1898.37,1900.5,1897.91,1900.42,0
2022-02-23 01:00:00,1900.44,1901.3,1898.26,1898.34,0
2022-02-23 02:00:00,1898.33,1900.23,1898.13,1899.65,0
2022-02-23 03:00:00,1899.61,1900.36,1898.95,1899.8,0
2022-02-23 04:00:00,1899.76,1899.84,1896.37,1897.01,0
2022-02-23 05:00:00,1897.01,1897.3,1894.65,1896.27,0
2022-02-23 06:00:00,1896.31,1897.5,1893.39,1897.02,0
2022-02-23 07:00:00,1897.02,1898.39,1894.82,1894.85,0
2022-02-23 08:00:00,1894.85,1897.68,1892.12,1893.09,0
2022-02-23 09:00:00,1893.08,1895.57,1889.67,1893.48,0
2022-02-23 10:00:00,1893.42,1895.86,1892.78,1894.88,0
2022-02-23 11:00:00,1894.88,1896.14,1893.6,1894.78,0
2022-02-23 12:00:00,1894.68,1897.12,1893.65,1896.36,0
2022-02-23 13:00:00,1896.32,1904.53,1896.03,1901.23,0
2022-02-23 14:00:00,1901.24,1906.27,1899.71,1906.25,0
2022-02-23 15:00:00,1906.27,1908.39,1903.13,1907.51,0
2022-02-23 16:00:00,1907.46,1909.14,1905.54,1908.58,0
2022-02-23 17:00:00,1908.56,1910.46,1908.15,1908.32,0
2022-02-23 18:00:00,1908.3,1909.53,1906.02,1908.74,0
2022-02-23 19:00:00,1908.8,1909.4,1906.55,1907.11,0
2022-02-23 20:00:00,1907.12,1910.31,1904.64,1909.27,0
2022-02-23 21:00:00,1909.26,1910.01,1907.2,1909.04,0
2022-02-23 23:00:00,1910.37,1911.58,1909.61,1910.73,0
2022-02-24 00:00:00,1910.73,1913.75,1910.18,1913.66,0
2022-02-24 01:00:00,1913.67,1914.13,1910.13,1913.46,0
2022-02-24 02:00:00,1913.5,1920.91,1912.61,1920.88,0
2022-02-24 03:00:00,1920.88,1931.16,1920.88,1929.26,0
2022-02-24 04:00:00,1929.26,1949.01,1928.99,1935.71,0
2022-02-24 05:00:00,1935.71,1945.49,1933.78,1940.5,0
2022-02-24 06:00:00,1940.51,1943.34,1935.72,1942.45,0
2022-02-24 07:00:00,1942.48,1945.32,1938.0,1945.32,0
2022-02-24 08:00:00,1945.32,1946.16,1938.93,1944.86,0
2022-02-24 09:00:00,1944.94,1954.32,1940.43,1953.48,0
2022-02-24 10:00:00,1953.45,1974.41,1952.95,1973.85,0
2022-02-24 11:00:00,1973.97,1973.99,1961.59,1961.75,0
2022-02-24 12:00:00,1961.76,1964.91,1950.09,1962.83,0
2022-02-24 13:00:00,1962.84,1967.07,1955.78,1959.34,0
2022-02-24 14:00:00,1959.36,1963.11,1930.65,1934.59,0
2022-02-24 15:00:00,1934.64,1940.72,1913.4,1928.82,0
2022-02-24 16:00:00,1928.86,1930.22,1920.39,1921.77,0
2022-02-24 17:00:00,1921.78,1925.63,1916.86,1923.68,0
2022-02-24 18:00:00,1923.74,1926.92,1916.3,1920.17,0
2022-02-24 19:00:00,1920.17,1920.34,1878.17,1887.89,0
2022-02-24 20:00:00,1887.93,1898.07,1880.42,1898.07,0
2022-02-24 21:00:00,1898.23,1906.09,1895.13,1903.93,0
2022-02-24 23:00:00,1905.62,1913.48,1904.13,1906.57,0
2022-02-25 00:00:00,1906.52,1912.97,1904.34,1912.8,0
2022-02-25 01:00:00,1912.77,1921.93,1906.28,1909.5,0
2022-02-25 02:00:00,1909.47,1915.24,1907.92,1913.12,0
2022-02-25 03:00:00,1913.19,1917.07,1912.13,1914.27,0
2022-02-25 04:00:00,1914.11,1915.06,1910.88,1912.17,0
2022-02-25 05:00:00,1912.18,1916.83,1911.33,1916.57,0
2022-02-25 06:00:00,1916.48,1920.02,1914.71,1919.09,0
2022-02-25 07:00:00,1919.13,1921.3,1913.02,1913.3,0
2022-02-25 08:00:00,1913.35,1915.81,1908.96,1913.94,0
2022-02-25 09:00:00,1913.92,1913.92,1908.5,1910.67,0
2022-02-25 10:00:00,1910.7,1911.46,1907.15,1910.18,0
2022-02-25 11:00:00,1910.13,1913.92,1892.85,1898.92,0
2022-02-25 12:00:00,1898.88,1906.98,1894.89,1895.73,0
2022-02-25 13:00:00,1895.82,1897.95,1886.22,1887.46,0
2022-02-25 14:00:00,1887.37,1893.58,1885.09,1888.98,0
2022-02-25 15:00:00,1889.04,1890.48,1882.97,1889.25,0
2022-02-25 16:00:00,1889.28,1890.5,1883.31,1884.4,0
2022-02-25 17:00:00,1884.42,1888.39,1883.17,1887.45,0
2022-02-25 18:00:00,1887.43,1889.44,1885.75,1886.61,0
2022-02-25 19:00:00,1886.68,1890.96,1886.68,1890.67,0
2022-02-25 20:00:00,1890.65,1892.88,1889.43,1890.71,0
2022-02-25 21:00:00,1890.81,1890.99,1886.81,1888.71,0
2022-02-27 23:00:00,1921.05,1928.22,1904.08,1910.1,0
2022-02-28 00:00:00,1910.06,1919.3,1907.29,1917.56,0
2022-02-28 01:00:00,1917.5,1917.59,1906.09,1913.33,0
2022-02-28 02:00:00,1913.33,1913.55,1908.5,1909.49,0
2022-02-28 03:00:00,1909.48,1910.64,1904.57,1907.43,0
2022-02-28 04:00:00,1907.38,1911.61,1906.1,1911.14,0
2022-02-28 05:00:00,1911.13,1911.97,1906.12,1908.12,0
2022-02-28 06:00:00,1908.12,1910.09,1906.85,1908.69,0
2022-02-28 07:00:00,1908.47,1908.82,1893.17,1896.45,0
2022-02-28 08:00:00,1896.43,1902.03,1894.86,1900.44,0
2022-02-28 09:00:00,1900.45,1902.01,1898.5,1899.65,0
2022-02-28 10:00:00,1899.7,1908.98,1898.92,1906.52,0
2022-02-28 11:00:00,1906.46,1908.97,1904.05,1905.62,0
2022-02-28 12:00:00,1905.68,1914.06,1904.38,1913.32,0
2022-02-28 13:00:00,1913.32,1918.29,1908.29,1917.25,0
2022-02-28 14:00:00,1917.27,1917.4,1908.13,1910.43,0
2022-02-28 15:00:00,1910.52,1916.95,1905.45,1908.34,0
2022-02-28 16:00:00,1908.3,1908.44,1891.07,1892.84,0
2022-02-28 17:00:00,1892.86,1899.28,1890.96,1899.27,0
2022-02-28 18:00:00,1899.31,1900.4,1897.07,1898.83,0
2022-02-28 19:00:00,1898.84,1906.47,1898.05,1906.47,0
2022-02-28 20:00:00,1906.48,1910.16,1904.68,1909.97,0
2022-02-28 21:00:00,1910.09,1910.92,1906.77,1908.93,0
2022-02-28 23:00:00,1907.85,1908.78,1905.78,1906.36,0
2022-03-01 00:00:00,1906.29,1907.87,1905.14,1905.42,0
2022-03-01 01:00:00,1905.38,1905.89,1902.72,1903.0,0
2022-03-01 02:00:00,1902.99,1904.03,1901.42,1903.48,0
2022-03-01 03:00:00,1903.46,1905.68,1902.82,1905.66,0
2022-03-01 04:00:00,1905.66,1906.62,1904.61,1905.59,0
2022-03-01 05:00:00,1905.58,1907.7,1904.62,1907.1,0
2022-03-01 06:00:00,1907.06,1908.86,1904.67,1907.77,0
2022-03-01 07:00:00,1907.82,1908.54,1906.31,1907.71,0
2022-03-01 08:00:00,1907.72,1914.15,1907.22,1912.55,0
2022-03-01 09:00:00,1912.56,1918.65,1911.99,1916.25,0
2022-03-01 10:00:00,1916.26,1925.29,1915.44,1925.2,0
2022-03-01 11:00:00,1925.21,1926.3,1920.11,1920.3,0
2022-03-01 12:00:00,1920.3,1923.77,1911.12,1916.35,0
2022-03-01 13:00:00,1916.41,1922.06,1912.38,1916.85,0
2022-03-01 14:00:00,1916.91,1927.21,1916.15,1924.03,0
2022-03-01 15:00:00,1924.06,1929.8,1918.01,1926.57,0
2022-03-01 16:00:00,1926.62,1934.96,1923.31,1931.46,0
2022-03-01 17:00:00,1931.54,1935.47,1929.71,1934.81,0
2022-03-01 18:00:00,1934.81,1942.81,1934.42,1942.11,0
2022-03-01 19:00:00,1942.1,1942.17,1936.61,1940.35,0
2022-03-01 20:00:00,1940.5,1946.41,1939.22,1945.42,0
2022-03-01 21:00:00,1945.47,1950.18,1939.98,1945.01,0
2022-03-01 23:00:00,1944.96,1945.23,1941.9,1942.29,0
2022-03-02 00:00:00,1942.29,1943.86,1934.77,1935.13,0
2022-03-02 01:00:00,1935.2,1936.12,1931.06,1935.63,0
2022-03-02 02:00:00,1935.51,1940.62,1934.4,1938.15,0
2022-03-02 03:00:00,1938.12,1938.29,1933.52,1935.78,0
2022-03-02 04:00:00,1935.78,1937.85,1935.25,1936.32,0
2022-03-02 05:00:00,1936.3,1938.18,1933.31,1934.65,0
2022-03-02 06:00:00,1934.69,1940.22,1931.79,1937.89,0
2022-03-02 07:00:00,1937.9,1947.94,1935.74,1944.83,0
2022-03-02 08:00:00,1944.84,1944.84,1933.83,1939.38,0
2022-03-02 09:00:00,1939.37,1940.23,1931.44,1933.01,0
2022-03-02 10:00:00,1932.96,1935.54,1913.74,1926.58,0
2022-03-02 11:00:00,1926.5,1931.24,1925.36,1929.25,0
2022-03-02 12:00:00,1929.25,1930.0,1923.37,1926.12,0
2022-03-02 13:00:00,1926.2,1934.56,1922.68,1931.97,0
2022-03-02 14:00:00,1931.96,1934.92,1922.22,1929.5,0
2022-03-02 15:00:00,1929.54,1935.57,1922.96,1926.89,0
2022-03-02 16:00:00,1926.94,1927.97,1916.36,1918.97,0
2022-03-02 17:00:00,1918.87,1921.94,1914.92,1918.66,0
2022-03-02 18:00:00,1918.66,1921.78,1917.36,1920.56,0
2022-03-02 19:00:00,1920.54,1928.67,1920.16,1927.79,0
2022-03-02 20:00:00,1927.93,1933.25,1924.71,1925.22,0
2022-03-02 21:00:00,1925.16,1928.64,1924.82,1928.59,0
2022-03-02 23:00:00,1929.2,1930.43,1928.36,1928.86,0
2022-03-03 00:00:00,1928.9,1930.64,1928.12,1929.26,0
2022-03-03 01:00:00,1929.16,1930.73,1926.18,1930.64,0
2022-03-03 02:00:00,1930.6,1930.84,1927.77,1928.69,0
2022-03-03 03:00:00,1928.71,1930.58,1926.81,1927.49,0
2022-03-03 04:00:00,1927.49,1927.51,1923.92,1924.58,0
2022-03-03 05:00:00,1924.5,1926.51,1922.05,1925.23,0
2022-03-03 06:00:00,1925.22,1929.68,1925.13,1927.65,0
2022-03-03 07:00:00,1927.65,1932.34,1925.17,1932.17,0
2022-03-03 08:00:00,1932.19,1935.04,1928.48,1931.96,0
2022-03-03 09:00:00,1931.91,1931.98,1923.78,1929.13,0
2022-03-03 10:00:00,1929.12,1935.46,1929.12,1933.92,0
2022-03-03 11:00:00,1933.9,1938.73,1932.36,1932.43,0
2022-03-03 12:00:00,1932.43,1936.0,1929.76,1930.58,0
2022-03-03 13:00:00,1930.57,1937.24,1924.39,1926.11,0
2022-03-03 14:00:00,1926.13,1932.16,1924.54,1926.65,0
2022-03-03 15:00:00,1926.65,1930.57,1925.57,1926.3,0
2022-03-03 16:00:00,1926.29,1930.88,1923.35,1930.46,0
2022-03-03 17:00:00,1930.38,1932.57,1927.53,1931.9,0
2022-03-03 18:00:00,1931.9,1935.2,1931.26,1934.05,0
2022-03-03 19:00:00,1934.06,1935.71,1932.29,1935.22,0
2022-03-03 20:00:00,1935.22,1941.2,1934.87,1936.93,0
2022-03-03 21:00:00,1936.94,1938.36,1935.49,1936.23,0
2022-03-03 23:00:00,1936.92,1937.17,1934.84,1934.9,0
2022-03-04 00:00:00,1934.93,1950.85,1934.78,1947.31,0
2022-03-04 01:00:00,1947.36,1947.38,1929.66,1933.85,0
2022-03-04 02:00:00,1933.81,1940.06,1933.57,1939.23,0
2022-03-04 03:00:00,1939.27,1941.31,1937.97,1939.57,0
2022-03-04 04:00:00,1939.5,1940.58,1938.12,1939.06,0
2022-03-04 05:00:00,1939.12,1940.28,1934.67,1935.56,0
2022-03-04 06:00:00,1935.59,1937.91,1934.07,1935.97,0
2022-03-04 07:00:00,1935.89,1939.22,1935.31,1936.08,0
2022-03-04 08:00:00,1936.09,1940.21,1933.99,1938.7,0
2022-03-04 09:00:00,1938.7,1946.2,1938.22,1945.8,0
2022-03-04 10:00:00,1945.9,1947.94,1942.49,1947.24,0
2022-03-04 11:00:00,1947.28,1949.0,1944.34,1946.42,0
2022-03-04 12:00:00,1946.39,1950.0,1943.91,1945.69,0
2022-03-04 13:00:00,1945.65,1948.24,1939.88,1946.92,0
2022-03-04 14:00:00,1946.95,1959.34,1945.49,1951.84,0
2022-03-04 15:00:00,1952.05,1959.03,1942.58,1957.97,0
2022-03-04 16:00:00,1958.01,1965.75,1956.65,1962.68,0
2022-03-04 17:00:00,1962.79,1965.47,1960.11,1962.07,0
2022-03-04 18:00:00,1962.08,1966.53,1960.79,1965.11,0
2022-03-04 19:00:00,1965.21,1969.98,1964.54,1967.09,0
2022-03-04 20:00:00,1967.04,1970.18,1965.22,1967.43,0
2022-03-04 21:00:00,1967.41,1970.77,1965.62,1970.46,0
2022-03-06 23:00:00,1978.65,1990.94,1975.15,1988.7,0
2022-03-07 00:00:00,1988.89,1990.32,1986.99,1988.07,0
2022-03-07 01:00:00,1988.31,2001.03,1987.9,1997.85,0
2022-03-07 02:00:00,1997.89,1998.24,1986.81,1986.98,0
2022-03-07 03:00:00,1987.08,1990.56,1984.87,1990.08,0
2022-03-07 04:00:00,1990.08,1991.5,1987.36,1989.69,0
2022-03-07 05:00:00,1989.69,1989.92,1983.3,1983.57,0
2022-03-07 06:00:00,1983.56,1985.2,1976.04,1983.24,0
2022-03-07 07:00:00,1983.18,1993.32,1979.36,1992.99,0
2022-03-07 08:00:00,1992.97,1998.6,1989.25,1996.6,0
2022-03-07 09:00:00,1996.79,2001.51,1993.58,1998.06,0
2022-03-07 10:00:00,1998.04,2002.6,1995.73,2002.38,0
2022-03-07 11:00:00,2002.47,2002.47,1985.73,1990.23,0
2022-03-07 12:00:00,1990.11,1990.23,1981.77,1984.13,0
2022-03-07 13:00:00,1984.11,1987.84,1961.01,1979.18,0
2022-03-07 14:00:00,1979.03,1985.63,1967.76,1984.44,0
2022-03-07 15:00:00,1984.45,1991.54,1977.0,1980.92,0
2022-03-07 16:00:00,1981.1,1983.29,1974.91,1979.53,0
2022-03-07 17:00:00,1979.73,1986.08,1978.46,1984.29,0
2022-03-07 18:00:00,1984.24,1996.34,1983.69,1992.35,0
2022-03-07 19:00:00,1992.4,1997.31,1991.0,1995.94,0
2022-03-07 20:00:00,1995.87,1999.01,1992.18,1996.74,0
2022-03-07 21:00:00,1996.56,1999.83,1995.6,1997.6,0
2022-03-07 23:00:00,1996.15,1999.36,1996.03,1998.73,0
2022-03-08 00:00:00,1998.78,2000.06,1990.72,1992.01,0
2022-03-08 01:00:00,1992.03,1992.59,1981.05,1984.98,0
2022-03-08 02:00:00,1984.9,1990.04,1984.56,1989.2,0
2022-03-08 03:00:00,1989.2,1990.18,1984.74,1986.03,0
2022-03-08 04:00:00,1986.03,1991.42,1985.6,1991.21,0
2022-03-08 05:00:00,1991.2,1994.31,1989.17,1994.02,0
2022-03-08 06:00:00,1994.04,2020.81,1993.27,2016.84,0
2022-03-08 07:00:00,2017.05,2020.91,2012.98,2016.2,0
2022-03-08 08:00:00,2015.29,2020.08,1999.25,2008.75,0
2022-03-08 09:00:00,2008.73,2011.7,2006.02,2006.37,0
2022-03-08 10:00:00,2006.35,2009.61,2002.84,2005.9,0
2022-03-08 11:00:00,2005.83,2010.9,2004.46,2009.22,0
2022-03-08 12:00:00,2009.25,2015.58,2006.22,2007.36,0
2022-03-08 13:00:00,2007.24,2020.23,2003.58,2015.1,0
2022-03-08 14:00:00,2015.1,2041.39,2013.94,2039.64,0
2022-03-08 15:00:00,2039.7,2069.9,2039.48,2047.13,0
2022-03-08 16:00:00,2047.25,2070.27,2044.1,2069.41,0
2022-03-08 17:00:00,2069.44,2069.87,2021.25,2029.89,0
2022-03-08 18:00:00,2030.07,2053.09,2022.18,2044.45,0
2022-03-08 19:00:00,2044.41,2047.54,2028.79,2039.37,0
2022-03-08 20:00:00,2039.47,2053.15,2032.37,2050.97,0
2022-03-08 21:00:00,2051.4,2053.93,2049.43,2049.7,0
2022-03-08 23:00:00,2049.53,2051.65,2042.82,2043.74,0
2022-03-09 00:00:00,2043.84,2046.63,2035.11,2038.67,0
2022-03-09 01:00:00,2038.66,2045.68,2036.23,2041.85,0
2022-03-09 02:00:00,2041.86,2055.13,2040.45,2052.66,0
2022-03-09 03:00:00,2052.65,2057.48,2050.32,2056.89,0
2022-03-09 04:00:00,2056.92,2059.18,2051.24,2051.68,0
2022-03-09 05:00:00,2051.68,2057.24,2044.82,2048.03,0
2022-03-09 06:00:00,2047.96,2052.35,2047.58,2049.18,0
2022-03-09 07:00:00,2049.31,2050.14,2038.29,2046.01,0
2022-03-09 08:00:00,2045.78,2049.27,2042.12,2042.24,0
2022-03-09 09:00:00,2042.36,2042.39,2014.83,2017.87,0
2022-03-09 10:00:00,2017.86,2019.11,2004.26,2014.78,0
2022-03-09 11:00:00,2014.6,2016.41,2007.87,2011.66,0
2022-03-09 12:00:00,2011.63,2021.43,2009.35,2009.38,0
2022-03-09 13:00:00,2009.52,2009.55,1985.1,1989.86,0
2022-03-09 14:00:00,1989.93,1997.74,1975.78,1986.66,0
2022-03-09 15:00:00,1986.54,1997.63,1985.69,1996.1,0
2022-03-09 16:00:00,1996.1,2005.52,1991.92,2001.45,0
2022-03-09 17:00:00,2001.45,2003.27,1983.64,1985.61,0
2022-03-09 18:00:00,1985.59,1988.95,1980.7,1983.59,0
2022-03-09 19:00:00,1983.39,1990.55,1979.73,1989.56,0
2022-03-09 20:00:00,1989.52,1995.58,1986.93,1991.1,0
2022-03-09 21:00:00,1991.29,1999.01,1989.81,1991.85,0
2022-03-09 23:00:00,1992.26,1993.59,1989.43,1989.92,0
2022-03-10 00:00:00,1989.92,1990.08,1981.93,1983.66,0
2022-03-10 01:00:00,1983.51,1984.0,1970.82,1974.71,0
2022-03-10 02:00:00,1974.67,1976.65,1970.89,1974.79,0
2022-03-10 03:00:00,1974.79,1979.12,1972.9,1976.42,0
2022-03-10 04:00:00,1976.46,1979.65,1975.56,1977.84,0
2022-03-10 05:00:00,1977.84,1984.15,1977.3,1980.9,0
2022-03-10 06:00:00,1980.9,1988.98,1980.51,1983.23,0
2022-03-10 07:00:00,1983.27,1983.27,1974.42,1975.39,0
2022-03-10 08:00:00,1975.43,1988.18,1974.88,1983.88,0
2022-03-10 09:00:00,1983.92,1987.39,1976.76,1985.63,0
2022-03-10 10:00:00,1985.82,2000.09,1983.76,1999.59,0
2022-03-10 11:00:00,1999.6,2007.95,1998.96,2005.3,0
2022-03-10 12:00:00,2005.3,2009.16,1999.06,2002.94,0
2022-03-10 13:00:00,2002.94,2008.93,1991.78,1996.43,0
2022-03-10 14:00:00,1996.47,2006.87,1995.36,1997.16,0
2022-03-10 15:00:00,1996.98,1999.86,1981.69,1995.17,0
2022-03-10 16:00:00,1995.18,1999.5,1990.3,1995.04,0
2022-03-10 17:00:00,1995.02,2005.77,1994.94,2003.82,0
2022-03-10 18:00:00,2003.83,2005.98,1993.36,1997.75,0
2022-03-10 19:00:00,1997.83,1998.2,1994.06,1996.19,0
2022-03-10 20:00:00,1996.17,2003.44,1996.08,1997.58,0
2022-03-10 21:00:00,1997.64,1998.86,1995.16,1996.7,0
2022-03-10 23:00:00,1996.7,1999.12,1993.9,1995.28,0
2022-03-11 00:00:00,1995.44,1997.19,1991.28,1992.39,0
2022-03-11 01:00:00,1992.29,1995.34,1988.19,1992.47,0
2022-03-11 02:00:00,1992.48,1996.42,1991.87,1994.74,0
2022-03-11 03:00:00,1994.74,1995.24,1990.56,1990.89,0
2022-03-11 04:00:00,1990.89,1991.74,1985.84,1988.01,0
2022-03-11 05:00:00,1987.96,1988.84,1981.01,1983.57,0
2022-03-11 06:00:00,1983.62,1987.89,1982.89,1986.22,0
2022-03-11 07:00:00,1986.03,1992.63,1981.52,1991.6,0
2022-03-11 08:00:00,1991.6,1994.83,1987.99,1992.84,0
2022-03-11 09:00:00,1992.75,1994.34,1988.67,1989.58,0
2022-03-11 10:00:00,1989.6,1994.07,1988.98,1991.56,0
2022-03-11 11:00:00,1991.67,1992.04,1969.45,1979.62,0
2022-03-11 12:00:00,1979.62,1979.77,1961.78,1975.19,0
2022-03-11 13:00:00,1975.1,1977.46,1958.7,1961.96,0
2022-03-11 14:00:00,1961.98,1977.16,1959.63,1975.13,0
2022-03-11 15:00:00,1975.2,1981.95,1970.1,1980.72,0
2022-03-11 16:00:00,1980.74,1988.94,1978.4,1985.8,0
2022-03-11 17:00:00,1985.71,1990.04,1984.64,1986.8,0
2022-03-11 18:00:00,1986.8,1987.66,1980.35,1985.89,0
2022-03-11 19:00:00,1985.99,1988.02,1983.41,1985.45,0
2022-03-11 20:00:00,1985.68,1987.82,1982.11,1982.62,0
2022-03-11 21:00:00,1982.65,1987.41,1982.38,1987.31,0
2022-03-13 23:00:00,1982.16,1984.08,1970.52,1980.27,0
2022-03-14 00:00:00,1980.44,1981.06,1972.29,1974.25,0
2022-03-14 01:00:00,1974.0,1978.84,1970.12,1977.13,0
2022-03-14 02:00:00,1977.16,1977.52,1971.45,1974.2,0
2022-03-14 03:00:00,1974.16,1975.75,1971.48,1972.61,0
2022-03-14 04:00:00,1972.64,1976.53,1971.64,1975.6,0
2022-03-14 05:00:00,1975.6,1977.59,1973.99,1977.54,0
2022-03-14 06:00:00,1977.59,1978.15,1971.29,1973.49,0
2022-03-14 07:00:00,1973.35,1978.58,1972.2,1976.92,0
2022-03-14 08:00:00,1976.79,1977.57,1972.8,1972.85,0
2022-03-14 09:00:00,1972.83,1973.47,1966.84,1967.51,0
2022-03-14 10:00:00,1967.42,1967.66,1959.79,1963.62,0
2022-03-14 11:00:00,1963.65,1966.64,1960.1,1961.56,0
2022-03-14 12:00:00,1961.65,1967.14,1954.72,1965.36,0
2022-03-14 13:00:00,1965.35,1967.94,1960.3,1964.37,0
2022-03-14 14:00:00,1964.37,1965.28,1949.66,1958.87,0
2022-03-14 15:00:00,1958.86,1961.17,1953.52,1956.08,0
2022-03-14 16:00:00,1956.04,1958.9,1952.41,1954.97,0
2022-03-14 17:00:00,1954.97,1961.36,1954.33,1961.17,0
2022-03-14 18:00:00,1961.16,1961.95,1956.72,1957.95,0
2022-03-14 19:00:00,1957.91,1958.46,1950.8,1951.07,0
2022-03-14 20:00:00,1951.2,1956.02,1950.67,1952.58,0
2022-03-14 21:00:00,1952.75,1954.29,1950.2,1950.72,0
2022-03-14 23:00:00,1952.11,1954.16,1951.96,1953.37,0
2022-03-15 00:00:00,1953.5,1954.6,1951.25,1952.26,0
2022-03-15 01:00:00,1952.26,1952.26,1945.35,1948.31,0
2022-03-15 02:00:00,1948.24,1950.58,1939.6,1941.19,0
2022-03-15 03:00:00,1941.19,1945.55,1941.08,1943.15,0
2022-03-15 04:00:00,1943.22,1943.75,1940.57,1942.22,0
2022-03-15 05:00:00,1942.18,1942.36,1936.15,1936.21,0
2022-03-15 06:00:00,1936.2,1936.43,1925.75,1926.08,0
2022-03-15 07:00:00,1926.13,1932.1,1924.98,1928.3,0
2022-03-15 08:00:00,1928.24,1935.53,1927.29,1929.29,0
2022-03-15 09:00:00,1929.38,1935.31,1926.44,1934.93,0
2022-03-15 10:00:00,1934.78,1934.91,1927.02,1931.7,0
2022-03-15 11:00:00,1931.68,1933.56,1921.81,1921.82,0
2022-03-15 12:00:00,1921.72,1926.89,1920.62,1926.47,0
2022-03-15 13:00:00,1926.48,1928.84,1919.4,1920.96,0
2022-03-15 14:00:00,1920.91,1925.57,1913.75,1922.97,0
2022-03-15 15:00:00,1922.99,1923.29,1907.09,1916.2,0
2022-03-15 16:00:00,1916.17,1927.16,1912.99,1925.21,0
2022-03-15 17:00:00,1925.21,1930.98,1920.97,1929.29,0
2022-03-15 18:00:00,1929.29,1929.85,1924.3,1924.4,0
2022-03-15 19:00:00,1924.47,1927.81,1919.73,1921.09,0
2022-03-15 20:00:00,1921.04,1922.01,1916.31,1916.64,0
2022-03-15 21:00:00,1916.88,1917.92,1913.87,1917.69,0
2022-03-15 23:00:00,1918.94,1920.54,1915.04,1916.08,0
2022-03-16 00:00:00,1916.08,1918.56,1916.04,1917.97,0
2022-03-16 01:00:00,1917.63,1922.61,1917.19,1921.08,0
2022-03-16 02:00:00,1921.03,1924.81,1920.0,1920.26,0
2022-03-16 03:00:00,1920.25,1923.29,1919.13,1920.58,0
2022-03-16 04:00:00,1920.58,1920.93,1917.82,1918.11,0
2022-03-16 05:00:00,1918.11,1918.38,1915.2,1916.76,0
2022-03-16 06:00:00,1916.76,1920.16,1915.89,1919.54,0
2022-03-16 07:00:00,1919.73,1919.86,1912.57,1915.09,0
2022-03-16 08:00:00,1915.0,1919.06,1913.88,1916.18,0
2022-03-16 09:00:00,1916.22,1920.85,1911.67,1918.21,0
2022-03-16 10:00:00,1918.21,1923.44,1918.19,1921.83,0
2022-03-16 11:00:00,1921.83,1923.93,1917.78,1921.17,0
2022-03-16 12:00:00,1921.17,1927.12,1920.33,1924.69,0
2022-03-16 13:00:00,1924.61,1925.7,1915.61,1920.02,0
2022-03-16 14:00:00,1920.01,1922.03,1912.81,1915.61,0
2022-03-16 15:00:00,1915.62,1919.83,1904.3,1909.81,0
2022-03-16 16:00:00,1909.56,1915.87,1909.3,1911.77,0
2022-03-16 17:00:00,1911.67,1912.56,1906.95,1910.11,0
2022-03-16 18:00:00,1910.13,1911.26,1907.48,1907.64,0
2022-03-16 19:00:00,1907.68,1918.37,1895.08,1916.27,0
2022-03-16 20:00:00,1916.3,1929.33,1911.97,1927.97,0
2022-03-16 21:00:00,1927.95,1929.48,1921.26,1926.11,0
2022-03-16 23:00:00,1926.56,1927.41,1923.19,1925.67,0
2022-03-17 00:00:00,1925.68,1927.59,1925.16,1926.95,0
2022-03-17 01:00:00,1926.97,1927.56,1925.54,1926.97,0
2022-03-17 02:00:00,1926.9,1934.04,1926.36,1933.69,0
2022-03-17 03:00:00,1933.67,1936.14,1932.38,1934.45,0
2022-03-17 04:00:00,1934.45,1938.27,1933.93,1936.36,0
2022-03-17 05:00:00,1936.36,1937.37,1934.9,1935.99,0
2022-03-17 06:00:00,1936.03,1936.07,1932.98,1934.51,0
2022-03-17 07:00:00,1934.51,1934.91,1930.73,1931.97,0
2022-03-17 08:00:00,1931.92,1935.66,1930.07,1935.66,0
2022-03-17 09:00:00,1935.68,1942.71,1935.02,1940.14,0
2022-03-17 10:00:00,1940.04,1943.26,1934.65,1941.68,0
2022-03-17 11:00:00,1941.68,1946.82,1940.26,1943.27,0
2022-03-17 12:00:00,1943.26,1946.88,1940.6,1943.26,0
2022-03-17 13:00:00,1943.25,1944.58,1935.53,1938.99,0
2022-03-17 14:00:00,1939.09,1946.64,1936.82,1945.03,0
2022-03-17 15:00:00,1945.02,1949.18,1941.35,1948.56,0
2022-03-17 16:00:00,1948.56,1949.81,1945.84,1948.25,0
2022-03-17 17:00:00,1948.25,1948.27,1940.85,1944.32,0
2022-03-17 18:00:00,1944.34,1945.94,1940.88,1942.4,0
2022-03-17 19:00:00,1942.4,1942.4,1938.3,1940.77,0
2022-03-17 20:00:00,1940.77,1941.29,1935.48,1937.35,0
2022-03-17 21:00:00,1937.24,1942.75,1936.39,1942.49,0
2022-03-17 23:00:00,1942.18,1942.76,1940.2,1941.15,0
2022-03-18 00:00:00,1941.15,1944.09,1940.88,1943.87,0
2022-03-18 01:00:00,1943.79,1945.27,1940.5,1941.21,0
2022-03-18 02:00:00,1941.18,1942.39,1936.73,1936.78,0
2022-03-18 03:00:00,1936.94,1939.2,1932.93,1933.75,0
2022-03-18 04:00:00,1933.76,1935.36,1926.47,1935.17,0
2022-03-18 05:00:00,1935.09,1935.11,1933.24,1934.1,0
2022-03-18 06:00:00,1934.08,1935.57,1931.33,1933.5,0
2022-03-18 07:00:00,1933.49,1935.03,1930.06,1933.09,0
2022-03-18 08:00:00,1932.97,1936.2,1931.5,1934.31,0
2022-03-18 09:00:00,1934.13,1937.09,1931.98,1932.55,0
2022-03-18 10:00:00,1932.54,1934.27,1930.03,1933.46,0
2022-03-18 11:00:00,1933.52,1935.31,1928.95,1935.03,0
2022-03-18 12:00:00,1934.89,1940.62,1934.74,1939.84,0
2022-03-18 13:00:00,1939.86,1940.81,1934.84,1935.62,0
2022-03-18 14:00:00,1935.71,1936.91,1921.69,1933.51,0
2022-03-18 15:00:00,1933.37,1938.23,1929.22,1936.21,0
2022-03-18 16:00:00,1936.29,1936.73,1930.83,1932.37,0
2022-03-18 17:00:00,1932.38,1932.9,1926.31,1928.42,0
2022-03-18 18:00:00,1928.39,1931.24,1926.5,1929.48,0
2022-03-18 19:00:00,1929.56,1930.12,1923.14,1923.73,0
2022-03-18 20:00:00,1923.76,1924.21,1917.83,1920.28,0
2022-03-18 21:00:00,1920.31,1921.64,1918.14,1919.98,0
2022-03-20 23:00:00,1922.07,1926.23,1918.41,1920.16,0
2022-03-21 00:00:00,1920.16,1921.38,1918.22,1919.09,0
2022-03-21 01:00:00,1918.79,1924.07,1918.76,1922.2,0
2022-03-21 02:00:00,1922.21,1928.72,1921.49,1928.14,0
2022-03-21 03:00:00,1928.09,1928.69,1925.2,1926.39,0
2022-03-21 04:00:00,1926.26,1927.74,1925.39,1926.48,0
2022-03-21 05:00:00,1926.47,1928.93,1926.13,1928.17,0
2022-03-21 06:00:00,1928.17,1928.41,1924.76,1925.61,0
2022-03-21 07:00:00,1925.57,1925.57,1922.9,1924.02,0
2022-03-21 08:00:00,1924.0,1926.04,1922.01,1925.09,0
2022-03-21 09:00:00,1925.19,1927.35,1923.63,1926.08,0
2022-03-21 10:00:00,1926.11,1927.25,1922.5,1925.59,0
2022-03-21 11:00:00,1925.45,1928.77,1922.73,1925.46,0
2022-03-21 12:00:00,1925.45,1928.06,1924.68,1925.32,0
2022-03-21 13:00:00,1925.37,1926.38,1921.68,1924.63,0
2022-03-21 14:00:00,1924.68,1930.46,1917.98,1929.72,0
2022-03-21 15:00:00,1929.78,1937.48,1929.78,1933.33,0
2022-03-21 16:00:00,1933.36,1936.08,1932.94,1935.08,0
2022-03-21 17:00:00,1935.08,1937.42,1929.59,1930.55,0
2022-03-21 18:00:00,1930.48,1932.39,1926.94,1932.02,0
2022-03-21 19:00:00,1932.0,1941.19,1931.21,1935.98,0
2022-03-21 20:00:00,1935.97,1940.45,1933.1,1935.18,0
2022-03-21 21:00:00,1935.22,1936.72,1933.82,1935.89,0
2022-03-21 23:00:00,1935.8,1936.69,1935.48,1936.15,0
2022-03-22 00:00:00,1936.12,1937.09,1934.51,1935.61,0
2022-03-22 01:00:00,1935.65,1935.7,1929.37,1931.26,0
2022-03-22 02:00:00,1931.15,1933.79,1930.22,1932.91,0
2022-03-22 03:00:00,1932.93,1935.95,1931.92,1935.75,0
2022-03-22 04:00:00,1935.77,1937.93,1934.61,1936.75,0
2022-03-22 05:00:00,1936.75,1936.77,1933.6,1934.73,0
2022-03-22 06:00:00,1934.7,1938.36,1934.56,1936.82,0
2022-03-22 07:00:00,1936.75,1938.4,1934.56,1934.75,0
2022-03-22 08:00:00,1934.59,1936.14,1932.31,1933.53,0
2022-03-22 09:00:00,1933.54,1933.54,1923.26,1924.71,0
2022-03-22 10:00:00,1924.66,1925.91,1922.72,1925.2,0
2022-03-22 11:00:00,1925.24,1930.24,1924.78,1927.39,0
2022-03-22 12:00:00,1927.39,1929.9,1925.33,1927.55,0
2022-03-22 13:00:00,1927.57,1930.89,1924.0,1927.96,0
2022-03-22 14:00:00,1927.98,1928.14,1919.71,1923.42,0
2022-03-22 15:00:00,1923.45,1923.91,1910.73,1915.29,0
2022-03-22 16:00:00,1915.31,1918.29,1911.2,1917.97,0
2022-03-22 17:00:00,1917.96,1923.23,1917.56,1920.04,0
2022-03-22 18:00:00,1920.06,1923.34,1918.42,1920.44,0
2022-03-22 19:00:00,1920.47,1924.82,1920.12,1922.94,0
2022-03-22 20:00:00,1922.85,1923.28,1920.6,1921.67,0
2022-03-22 21:00:00,1921.53,1922.27,1920.57,1921.36,0
2022-03-22 23:00:00,1921.45,1921.98,1919.87,1920.59,0
2022-03-23 00:00:00,1920.59,1922.16,1919.37,1919.64,0
2022-03-23 01:00:00,1919.64,1920.28,1915.5,1917.96,0
2022-03-23 02:00:00,1917.95,1921.7,1917.07,1920.33,0
2022-03-23 03:00:00,1920.43,1924.06,1919.85,1923.26,0
2022-03-23 04:00:00,1923.2,1924.4,1921.6,1921.87,0
2022-03-23 05:00:00,1921.87,1922.48,1921.28,1922.35,0
2022-03-23 06:00:00,1922.34,1922.37,1920.15,1921.53,0
2022-03-23 07:00:00,1921.52,1921.52,1916.87,1917.65,0
2022-03-23 08:00:00,1917.65,1920.77,1917.46,1920.62,0
2022-03-23 09:00:00,1920.62,1926.34,1920.4,1925.85,0
2022-03-23 10:00:00,1925.91,1931.17,1925.81,1929.51,0
2022-03-23 11:00:00,1929.54,1933.78,1929.54,1933.27,0
2022-03-23 12:00:00,1933.28,1935.05,1927.91,1930.68,0
2022-03-23 13:00:00,1930.43,1930.8,1925.04,1928.95,0
2022-03-23 14:00:00,1928.95,1935.67,1928.26,1935.11,0
2022-03-23 15:00:00,1935.11,1936.67,1928.36,1931.85,0
2022-03-23 16:00:00,1931.9,1932.62,1925.86,1929.47,0
2022-03-23 17:00:00,1929.47,1935.52,1927.78,1935.35,0
2022-03-23 18:00:00,1935.39,1937.86,1934.82,1936.69,0
2022-03-23 19:00:00,1936.73,1940.01,1936.63,1939.43,0
2022-03-23 20:00:00,1939.4,1948.35,1938.32,1946.63,0
2022-03-23 21:00:00,1946.62,1947.46,1944.14,1944.2,0
2022-03-23 23:00:00,1943.94,1945.32,1943.86,1945.06,0
2022-03-24 00:00:00,1945.07,1946.93,1945.07,1946.1,0
2022-03-24 01:00:00,1945.92,1948.58,1945.41,1946.56,0
2022-03-24 02:00:00,1946.54,1948.3,1941.31,1942.08,0
2022-03-24 03:00:00,1941.99,1943.4,1939.71,1941.5,0
2022-03-24 04:00:00,1941.46,1942.2,1938.73,1938.9,0
2022-03-24 05:00:00,1938.88,1940.72,1937.79,1940.24,0
2022-03-24 06:00:00,1940.27,1940.38,1937.8,1938.18,0
2022-03-24 07:00:00,1938.18,1943.21,1937.4,1941.56,0
2022-03-24 08:00:00,1941.55,1944.03,1940.78,1943.98,0
2022-03-24 09:00:00,1943.98,1945.92,1940.76,1940.85,0
2022-03-24 10:00:00,1940.85,1941.48,1937.98,1940.71,0
2022-03-24 11:00:00,1940.67,1947.27,1940.6,1943.81,0
2022-03-24 12:00:00,1943.9,1956.68,1943.74,1956.46,0
2022-03-24 13:00:00,1956.86,1957.92,1942.56,1949.31,0
2022-03-24 14:00:00,1949.23,1957.13,1946.49,1953.39,0
2022-03-24 15:00:00,1953.29,1965.81,1950.84,1965.02,0
2022-03-24 16:00:00,1964.8,1965.52,1958.63,1963.0,0
2022-03-24 17:00:00,1962.96,1966.12,1960.65,1962.85,0
2022-03-24 18:00:00,1962.73,1965.28,1960.87,1964.96,0
2022-03-24 19:00:00,1964.97,1965.75,1961.36,1962.16,0
2022-03-24 20:00:00,1962.16,1963.77,1960.68,1961.5,0
2022-03-24 21:00:00,1961.49,1962.28,1956.21,1957.59,0
2022-03-24 23:00:00,1958.33,1959.28,1957.96,1958.3,0
2022-03-25 00:00:00,1958.21,1960.15,1957.73,1959.33,0
2022-03-25 01:00:00,1959.38,1963.0,1957.75,1962.72,0
2022-03-25 02:00:00,1962.85,1963.19,1959.47,1960.39,0
2022-03-25 03:00:00,1960.46,1964.26,1960.25,1961.07,0
2022-03-25 04:00:00,1961.07,1963.33,1960.44,1960.84,0
2022-03-25 05:00:00,1960.84,1962.52,1959.52,1960.12,0
2022-03-25 06:00:00,1960.12,1960.51,1956.67,1958.76,0
2022-03-25 07:00:00,1958.73,1959.29,1955.48,1956.23,0
2022-03-25 08:00:00,1956.23,1956.55,1953.25,1954.84,0
2022-03-25 09:00:00,1954.81,1960.64,1954.81,1955.79,0
2022-03-25 10:00:00,1955.8,1959.02,1954.07,1956.05,0
2022-03-25 11:00:00,1956.07,1958.82,1949.95,1950.48,0
2022-03-25 12:00:00,1950.42,1954.35,1949.96,1953.2,0
2022-03-25 13:00:00,1953.08,1957.17,1951.26,1956.31,0
2022-03-25 14:00:00,1956.31,1956.67,1943.1,1948.72,0
2022-03-25 15:00:00,1948.73,1953.89,1948.19,1952.87,0
2022-03-25 16:00:00,1952.87,1961.75,1952.13,1957.18,0
2022-03-25 17:00:00,1957.18,1959.5,1954.85,1956.02,0
2022-03-25 18:00:00,1956.01,1957.08,1951.71,1953.52,0
2022-03-25 19:00:00,1953.57,1955.34,1952.55,1953.23,0
2022-03-25 20:00:00,1953.2,1956.52,1951.79,1954.37,0
2022-03-25 21:00:00,1954.41,1958.05,1953.87,1957.78,0
2022-03-27 23:00:00,1957.78,1957.78,1954.73,1955.54,0
2022-03-28 00:00:00,1955.54,1957.99,1954.85,1957.17,0
2022-03-28 01:00:00,1957.17,1958.37,1954.84,1957.68,0
2022-03-28 02:00:00,1957.63,1957.65,1945.91,1946.01,0
2022-03-28 03:00:00,1945.96,1949.61,1944.42,1948.22,0
2022-03-28 04:00:00,1948.23,1948.25,1942.3,1944.64,0
2022-03-28 05:00:00,1944.64,1944.94,1941.7,1943.27,0
2022-03-28 06:00:00,1943.27,1943.27,1933.05,1934.99,0
2022-03-28 07:00:00,1935.0,1938.33,1933.24,1933.58,0
2022-03-28 08:00:00,1933.5,1936.67,1931.64,1933.3,0
2022-03-28 09:00:00,1933.28,1934.3,1927.05,1927.48,0
2022-03-28 10:00:00,1927.48,1932.86,1925.41,1932.25,0
2022-03-28 11:00:00,1932.27,1933.45,1926.97,1927.82,0
2022-03-28 12:00:00,1927.99,1933.4,1927.17,1930.25,0
2022-03-28 13:00:00,1929.99,1945.65,1929.62,1938.45,0
2022-03-28 14:00:00,1938.42,1940.01,1930.23,1936.49,0
2022-03-28 15:00:00,1936.48,1942.58,1933.45,1934.79,0
2022-03-28 16:00:00,1934.67,1939.5,1934.34,1936.68,0
2022-03-28 17:00:00,1936.68,1939.27,1935.62,1938.42,0
2022-03-28 18:00:00,1938.38,1940.06,1933.66,1933.77,0
2022-03-28 19:00:00,1933.78,1934.5,1926.16,1927.52,0
2022-03-28 20:00:00,1927.46,1927.86,1917.01,1919.24,0
2022-03-28 21:00:00,1919.21,1923.71,1918.99,1922.67,0
2022-03-28 23:00:00,1922.15,1923.65,1922.04,1922.75,0
2022-03-29 00:00:00,1922.77,1925.05,1922.16,1924.11,0
2022-03-29 01:00:00,1924.12,1924.9,1921.45,1922.48,0
2022-03-29 02:00:00,1922.5,1929.33,1922.04,1926.62,0
2022-03-29 03:00:00,1926.59,1928.4,1925.32,1927.93,0
2022-03-29 04:00:00,1927.93,1928.16,1924.84,1925.31,0
2022-03-29 05:00:00,1925.31,1925.31,1921.3,1922.47,0
2022-03-29 06:00:00,1922.49,1924.39,1921.31,1922.84,0
2022-03-29 07:00:00,1922.79,1925.12,1921.74,1924.66,0
2022-03-29 08:00:00,1924.65,1924.65,1918.9,1919.28,0
2022-03-29 09:00:00,1919.28,1920.71,1910.07,1913.76,0
2022-03-29 10:00:00,1913.72,1915.14,1909.65,1912.98,0
2022-03-29 11:00:00,1912.97,1916.27,1912.18,1912.22,0
2022-03-29 12:00:00,1912.22,1915.04,1900.99,1908.06,0
2022-03-29 13:00:00,1908.04,1909.74,1890.1,1897.21,0
2022-03-29 14:00:00,1897.19,1909.03,1892.75,1907.48,0
2022-03-29 15:00:00,1907.39,1914.7,1905.59,1908.63,0
2022-03-29 16:00:00,1908.7,1915.41,1908.21,1915.34,0
2022-03-29 17:00:00,1915.33,1917.9,1912.77,1915.39,0
2022-03-29 18:00:00,1915.38,1917.92,1912.71,1916.38,0
2022-03-29 19:00:00,1916.39,1918.39,1916.02,1917.17,0
2022-03-29 20:00:00,1917.19,1921.42,1916.92,1919.43,0
2022-03-29 21:00:00,1919.47,1919.86,1918.48,1919.5,0
2022-03-29 23:00:00,1920.15,1921.16,1919.35,1919.76,0
2022-03-30 00:00:00,1919.77,1920.16,1916.22,1916.4,0
2022-03-30 01:00:00,1916.45,1919.92,1915.96,1919.25,0
2022-03-30 02:00:00,1919.23,1922.97,1918.64,1922.9,0
2022-03-30 03:00:00,1922.86,1925.51,1921.99,1923.46,0
2022-03-30 04:00:00,1923.46,1925.36,1922.35,1923.64,0
2022-03-30 05:00:00,1923.63,1927.37,1922.03,1925.9,0
2022-03-30 06:00:00,1925.84,1926.63,1923.4,1924.26,0
2022-03-30 07:00:00,1924.2,1928.34,1922.76,1924.07,0
2022-03-30 08:00:00,1924.1,1926.29,1920.67,1921.02,0
2022-03-30 09:00:00,1921.03,1923.99,1919.23,1919.32,0
2022-03-30 10:00:00,1919.33,1921.12,1917.23,1919.57,0
2022-03-30 11:00:00,1919.56,1922.13,1919.21,1920.02,0
2022-03-30 12:00:00,1920.05,1925.52,1919.89,1923.92,0
2022-03-30 13:00:00,1923.98,1932.19,1922.51,1927.23,0
2022-03-30 14:00:00,1927.24,1934.65,1922.48,1931.81,0
2022-03-30 15:00:00,1931.91,1938.41,1929.77,1937.26,0
2022-03-30 16:00:00,1937.35,1938.51,1933.83,1937.07,0
2022-03-30 17:00:00,1937.07,1937.19,1931.81,1932.2,0
2022-03-30 18:00:00,1932.2,1935.36,1930.55,1931.72,0
2022-03-30 19:00:00,1931.72,1934.27,1930.62,1932.74,0
2022-03-30 20:00:00,1932.74,1935.91,1931.93,1934.2,0
2022-03-30 21:00:00,1934.33,1935.92,1932.46,1932.64,0
2022-03-30 23:00:00,1933.23,1933.9,1932.73,1932.79,0
2022-03-31 00:00:00,1932.71,1934.09,1931.65,1934.09,0
2022-03-31 01:00:00,1934.07,1934.18,1928.34,1931.68,0
2022-03-31 02:00:00,1931.66,1932.18,1926.57,1926.91,0
2022-03-31 03:00:00,1926.94,1927.87,1925.03,1925.09,0
2022-03-31 04:00:00,1925.09,1927.25,1923.82,1925.11,0
2022-03-31 05:00:00,1925.08,1925.69,1920.31,1921.24,0
2022-03-31 06:00:00,1921.12,1923.75,1919.18,1923.69,0
2022-03-31 07:00:00,1923.6,1927.79,1922.68,1926.49,0
2022-03-31 08:00:00,1926.42,1933.86,1925.42,1931.29,0
2022-03-31 09:00:00,1931.31,1932.75,1923.9,1925.23,0
2022-03-31 10:00:00,1925.08,1926.58,1922.54,1925.97,0
2022-03-31 11:00:00,1925.94,1930.34,1924.72,1930.22,0
2022-03-31 12:00:00,1930.27,1932.03,1928.49,1931.01,0
2022-03-31 13:00:00,1930.91,1935.86,1928.12,1934.08,0
2022-03-31 14:00:00,1934.12,1942.41,1932.31,1937.72,0
2022-03-31 15:00:00,1937.63,1942.71,1937.62,1940.09,0
2022-03-31 16:00:00,1940.08,1945.04,1939.58,1944.34,0
2022-03-31 17:00:00,1944.35,1944.73,1939.08,1944.41,0
2022-03-31 18:00:00,1944.39,1949.77,1944.05,1945.21,0
2022-03-31 19:00:00,1945.27,1945.44,1941.46,1941.55,0
2022-03-31 20:00:00,1941.63,1942.64,1934.95,1936.6,0
2022-03-31 21:00:00,1936.6,1937.98,1936.24,1937.11,0
2022-03-31 23:00:00,1937.27,1937.76,1934.71,1935.37,0
2022-04-01 00:00:00,1935.45,1936.96,1934.76,1936.73,0
2022-04-01 01:00:00,1936.76,1936.82,1932.48,1934.39,0
2022-04-01 02:00:00,1934.29,1938.49,1933.63,1937.96,0
2022-04-01 03:00:00,1937.97,1938.03,1933.43,1933.98,0
2022-04-01 04:00:00,1933.99,1938.65,1933.96,1938.15,0
2022-04-01 05:00:00,1938.16,1939.52,1936.76,1937.64,0
2022-04-01 06:00:00,1937.62,1938.72,1935.89,1936.92,0
2022-04-01 07:00:00,1936.93,1939.19,1931.68,1932.39,0
2022-04-01 08:00:00,1932.43,1933.13,1929.44,1930.69,0
2022-04-01 09:00:00,1930.59,1932.86,1929.66,1932.18,0
2022-04-01 10:00:00,1932.2,1936.42,1932.19,1934.22,0
2022-04-01 11:00:00,1934.21,1934.65,1927.31,1927.5,0
2022-04-01 12:00:00,1927.53,1929.89,1924.26,1928.64,0
2022-04-01 13:00:00,1928.61,1933.89,1925.49,1927.44,0
2022-04-01 14:00:00,1927.4,1933.67,1922.44,1931.41,0
2022-04-01 15:00:00,1931.95,1932.66,1918.67,1925.99,0
2022-04-01 16:00:00,1925.92,1930.52,1923.09,1925.92,0
2022-04-01 17:00:00,1925.93,1927.0,1922.7,1923.03,0
2022-04-01 18:00:00,1923.07,1923.07,1918.07,1922.13,0
2022-04-01 19:00:00,1922.13,1926.07,1922.04,1925.38,0
2022-04-01 20:00:00,1925.35,1925.61,1920.89,1922.58,0
2022-04-01 21:00:00,1922.65,1924.96,1922.2,1924.35,0
2022-04-03 23:00:00,1925.57,1925.6,1921.45,1923.13,0
2022-04-04 00:00:00,1923.03,1924.87,1922.48,1924.79,0
2022-04-04 01:00:00,1924.72,1926.84,1923.98,1925.69,0
2022-04-04 02:00:00,1925.59,1925.59,1922.66,1922.75,0
2022-04-04 03:00:00,1922.75,1923.24,1918.36,1919.25,0
2022-04-04 04:00:00,1919.25,1920.45,1918.33,1919.03,0
2022-04-04 05:00:00,1918.93,1919.09,1915.55,1917.69,0
2022-04-04 06:00:00,1917.65,1921.22,1917.15,1920.2,0
2022-04-04 07:00:00,1920.2,1928.88,1917.15,1927.97,0
2022-04-04 08:00:00,1927.92,1931.05,1927.58,1929.9,0
2022-04-04 09:00:00,1929.99,1933.02,1929.11,1931.2,0
2022-04-04 10:00:00,1931.19,1931.7,1925.92,1926.09,0
2022-04-04 11:00:00,1926.17,1929.15,1925.6,1928.79,0
2022-04-04 12:00:00,1928.9,1931.15,1928.14,1929.28,0
2022-04-04 13:00:00,1929.32,1936.11,1928.26,1931.69,0
2022-04-04 14:00:00,1931.64,1936.9,1925.37,1925.37,0
2022-04-04 15:00:00,1925.29,1936.34,1924.45,1934.78,0
2022-04-04 16:00:00,1934.78,1935.65,1930.48,1933.65,0
2022-04-04 17:00:00,1933.69,1934.04,1930.5,1931.6,0
2022-04-04 18:00:00,1931.47,1931.69,1928.79,1929.6,0
2022-04-04 19:00:00,1929.58,1933.35,1928.87,1932.04,0
2022-04-04 20:00:00,1932.03,1932.98,1930.01,1932.41,0
2022-04-04 21:00:00,1932.43,1933.3,1931.31,1932.73,0
2022-04-04 23:00:00,1932.68,1933.92,1932.6,1933.26,0
2022-04-05 00:00:00,1933.18,1933.57,1930.79,1931.57,0
2022-04-05 01:00:00,1931.61,1933.06,1931.33,1931.99,0
2022-04-05 02:00:00,1931.99,1932.57,1929.51,1930.25,0
2022-04-05 03:00:00,1930.24,1930.6,1927.71,1928.34,0
2022-04-05 04:00:00,1928.3,1929.63,1927.44,1928.62,0
2022-04-05 05:00:00,1928.61,1929.14,1926.56,1928.63,0
2022-04-05 06:00:00,1928.63,1930.84,1927.51,1930.67,0
2022-04-05 07:00:00,1930.65,1933.55,1930.29,1932.66,0
2022-04-05 08:00:00,1932.66,1933.19,1926.47,1927.63,0
2022-04-05 09:00:00,1927.6,1932.08,1925.52,1931.71,0
2022-04-05 10:00:00,1931.73,1932.41,1928.0,1929.6,0
2022-04-05 11:00:00,1929.62,1930.57,1925.88,1928.76,0
2022-04-05 12:00:00,1928.76,1929.73,1926.75,1927.78,0
2022-04-05 13:00:00,1927.8,1935.29,1924.14,1935.13,0
2022-04-05 14:00:00,1935.11,1943.55,1932.38,1942.23,0
2022-04-05 15:00:00,1942.23,1944.59,1927.19,1930.84,0
2022-04-05 16:00:00,1930.8,1933.06,1919.04,1920.77,0
2022-04-05 17:00:00,1920.93,1925.46,1918.02,1923.5,0
2022-04-05 18:00:00,1923.47,1925.61,1921.21,1922.12,0
2022-04-05 19:00:00,1922.12,1924.46,1920.44,1923.76,0
2022-04-05 20:00:00,1923.8,1924.67,1919.38,1920.5,0
2022-04-05 21:00:00,1920.5,1923.8,1920.08,1923.43,0
2022-04-05 23:00:00,1922.91,1924.06,1921.88,1923.03,0
2022-04-06 00:00:00,1922.89,1923.02,1920.33,1920.69,0
2022-04-06 01:00:00,1920.67,1921.61,1917.81,1919.71,0
2022-04-06 02:00:00,1919.71,1924.91,1916.63,1922.21,0
2022-04-06 03:00:00,1922.22,1925.27,1921.44,1923.16,0
2022-04-06 04:00:00,1923.16,1924.64,1922.42,1923.87,0
2022-04-06 05:00:00,1923.87,1924.16,1920.52,1921.67,0
2022-04-06 06:00:00,1921.69,1924.37,1920.86,1920.91,0
2022-04-06 07:00:00,1920.86,1921.29,1917.89,1919.62,0
2022-04-06 08:00:00,1919.62,1923.56,1915.1,1921.85,0
2022-04-06 09:00:00,1921.96,1926.52,1921.7,1926.18,0
2022-04-06 10:00:00,1926.24,1933.4,1926.07,1929.71,0
2022-04-06 11:00:00,1929.72,1929.98,1921.56,1922.39,0
2022-04-06 12:00:00,1922.39,1924.19,1918.27,1921.54,0
2022-04-06 13:00:00,1921.54,1928.5,1919.52,1926.64,0
2022-04-06 14:00:00,1926.65,1931.91,1923.66,1930.38,0
2022-04-06 15:00:00,1930.52,1931.88,1923.68,1925.76,0
2022-04-06 16:00:00,1925.74,1929.53,1925.74,1927.9,0
2022-04-06 17:00:00,1927.92,1928.58,1923.5,1924.98,0
2022-04-06 18:00:00,1924.97,1924.97,1919.81,1921.07,0
2022-04-06 19:00:00,1921.1,1929.49,1915.57,1924.42,0
2022-04-06 20:00:00,1924.44,1927.09,1923.0,1924.92,0
2022-04-06 21:00:00,1924.72,1926.59,1924.64,1925.26,0
2022-04-06 23:00:00,1924.45,1924.74,1923.28,1923.78,0
2022-04-07 00:00:00,1923.77,1924.12,1922.27,1923.77,0
2022-04-07 01:00:00,1923.91,1927.31,1922.77,1925.47,0
2022-04-07 02:00:00,1925.47,1926.21,1922.3,1923.05,0
2022-04-07 03:00:00,1923.03,1925.33,1921.15,1924.87,0
2022-04-07 04:00:00,1924.87,1925.72,1921.53,1922.32,0
2022-04-07 05:00:00,1922.32,1923.52,1920.55,1921.73,0
2022-04-07 06:00:00,1921.75,1923.93,1920.87,1923.08,0
2022-04-07 07:00:00,1923.04,1926.31,1922.82,1925.04,0
2022-04-07 08:00:00,1925.08,1928.18,1924.17,1925.58,0
2022-04-07 09:00:00,1925.58,1928.47,1925.01,1926.11,0
2022-04-07 10:00:00,1926.11,1928.71,1925.51,1927.49,0
2022-04-07 11:00:00,1927.51,1928.26,1925.88,1926.65,0
2022-04-07 12:00:00,1926.63,1931.68,1923.6,1930.68,0
2022-04-07 13:00:00,1930.66,1934.22,1924.71,1927.66,0
2022-04-07 14:00:00,1927.66,1932.21,1926.68,1931.66,0
2022-04-07 15:00:00,1931.66,1937.7,1930.1,1936.65,0
2022-04-07 16:00:00,1936.78,1937.76,1929.98,1933.82,0
2022-04-07 17:00:00,1933.75,1936.26,1932.98,1934.23,0
2022-04-07 18:00:00,1934.24,1936.9,1933.47,1934.86,0
2022-04-07 19:00:00,1934.86,1935.69,1932.19,1933.47,0
2022-04-07 20:00:00,1933.36,1933.53,1929.55,1932.34,0
2022-04-07 21:00:00,1932.36,1932.84,1930.04,1931.45,0
2022-04-07 23:00:00,1931.78,1932.28,1930.57,1931.21,0
2022-04-08 00:00:00,1931.18,1933.72,1930.8,1932.98,0
2022-04-08 01:00:00,1933.03,1935.12,1932.37,1933.07,0
2022-04-08 02:00:00,1932.9,1935.51,1932.24,1932.39,0
2022-04-08 03:00:00,1932.39,1933.23,1929.4,1930.2,0
2022-04-08 04:00:00,1930.17,1931.12,1928.67,1930.93,0
2022-04-08 05:00:00,1930.85,1931.21,1927.96,1928.31,0
2022-04-08 06:00:00,1928.31,1932.43,1927.71,1931.96,0
2022-04-08 07:00:00,1931.94,1932.92,1928.17,1930.18,0
2022-04-08 08:00:00,1930.0,1932.99,1929.36,1932.06,0
2022-04-08 09:00:00,1932.03,1933.36,1930.06,1931.53,0
2022-04-08 10:00:00,1931.52,1933.49,1931.11,1932.23,0
2022-04-08 11:00:00,1932.23,1934.6,1931.98,1933.91,0
2022-04-08 12:00:00,1933.9,1933.98,1930.26,1933.6,0
2022-04-08 13:00:00,1933.79,1938.81,1929.13,1931.29,0
2022-04-08 14:00:00,1931.34,1941.05,1930.84,1939.56,0
2022-04-08 15:00:00,1939.56,1948.21,1939.52,1943.09,0
2022-04-08 16:00:00,1943.08,1946.22,1941.38,1941.7,0
2022-04-08 17:00:00,1941.69,1943.52,1940.43,1941.42,0
2022-04-08 18:00:00,1941.42,1942.64,1939.02,1942.32,0
2022-04-08 19:00:00,1942.39,1944.32,1942.01,1944.06,0
2022-04-08 20:00:00,1944.06,1944.74,1941.14,1944.11,0
2022-04-08 21:00:00,1944.05,1946.4,1943.25,1946.12,0
2022-04-10 23:00:00,1946.97,1949.74,1945.95,1946.97,0
2022-04-11 00:00:00,1946.99,1947.15,1943.27,1944.71,0
2022-04-11 01:00:00,1944.67,1946.08,1944.03,1945.3,0
2022-04-11 02:00:00,1945.32,1947.79,1941.85,1944.35,0
2022-04-11 03:00:00,1944.32,1944.57,1940.31,1943.63,0
2022-04-11 04:00:00,1943.63,1946.24,1942.51,1942.92,0
2022-04-11 05:00:00,1942.92,1944.54,1941.42,1942.21,0
2022-04-11 06:00:00,1942.21,1945.45,1939.97,1945.38,0
2022-04-11 07:00:00,1945.38,1945.66,1941.39,1943.14,0
2022-04-11 08:00:00,1943.15,1946.96,1941.62,1945.84,0
2022-04-11 09:00:00,1945.84,1958.08,1945.33,1957.05,0
2022-04-11 10:00:00,1957.07,1959.33,1955.76,1958.16,0
2022-04-11 11:00:00,1958.11,1958.99,1952.97,1956.47,0
2022-04-11 12:00:00,1956.46,1961.67,1955.68,1960.69,0
2022-04-11 13:00:00,1960.69,1969.74,1959.47,1963.32,0
2022-04-11 14:00:00,1963.31,1964.94,1949.03,1951.31,0
2022-04-11 15:00:00,1951.31,1953.1,1945.76,1951.51,0
2022-04-11 16:00:00,1951.57,1954.46,1950.86,1951.42,0
2022-04-11 17:00:00,1951.46,1951.6,1940.89,1941.47,0
2022-04-11 18:00:00,1941.48,1947.39,1940.88,1946.97,0
2022-04-11 19:00:00,1947.03,1950.32,1946.74,1949.66,0
2022-04-11 20:00:00,1949.68,1954.62,1949.45,1953.75,0
2022-04-11 21:00:00,1953.8,1955.82,1952.86,1953.63,0
2022-04-11 23:00:00,1952.91,1953.03,1951.55,1951.96,0
2022-04-12 00:00:00,1951.96,1954.4,1951.96,1952.78,0
2022-04-12 01:00:00,1952.78,1953.96,1949.82,1952.4,0
2022-04-12 02:00:00,1952.4,1955.17,1950.23,1955.06,0
2022-04-12 03:00:00,1955.02,1957.75,1954.88,1956.73,0
2022-04-12 04:00:00,1956.72,1959.18,1955.95,1959.07,0
2022-04-12 05:00:00,1959.16,1960.41,1957.86,1957.89,0
2022-04-12 06:00:00,1957.91,1960.12,1955.78,1956.63,0
2022-04-12 07:00:00,1956.63,1958.87,1955.99,1958.43,0
2022-04-12 08:00:00,1958.43,1959.53,1952.88,1953.33,0
2022-04-12 09:00:00,1953.45,1955.15,1950.89,1951.56,0
2022-04-12 10:00:00,1951.57,1953.9,1949.82,1953.19,0
2022-04-12 11:00:00,1953.19,1957.48,1953.19,1955.24,0
2022-04-12 12:00:00,1955.22,1957.31,1952.47,1956.64,0
2022-04-12 13:00:00,1956.62,1972.04,1955.16,1970.41,0
2022-04-12 14:00:00,1970.47,1973.09,1960.67,1961.39,0
2022-04-12 15:00:00,1961.39,1978.57,1960.79,1975.74,0
2022-04-12 16:00:00,1975.75,1978.01,1970.43,1970.62,0
2022-04-12 17:00:00,1970.63,1975.95,1969.65,1974.05,0
2022-04-12 18:00:00,1973.97,1975.11,1969.14,1969.31,0
2022-04-12 19:00:00,1969.3,1969.77,1964.71,1964.94,0
2022-04-12 20:00:00,1964.99,1969.55,1964.76,1968.83,0
2022-04-12 21:00:00,1968.82,1968.82,1964.74,1966.48,0
2022-04-12 23:00:00,1967.04,1967.91,1966.09,1966.85,0
2022-04-13 00:00:00,1966.91,1966.91,1965.04,1965.89,0
2022-04-13 01:00:00,1965.89,1967.86,1962.88,1964.11,0
2022-04-13 02:00:00,1964.15,1969.52,1963.45,1969.28,0
2022-04-13 03:00:00,1969.28,1971.28,1968.3,1970.86,0
2022-04-13 04:00:00,1970.84,1972.23,1969.07,1969.94,0
2022-04-13 05:00:00,1969.94,1970.58,1967.77,1968.26,0
2022-04-13 06:00:00,1968.27,1973.59,1967.72,1972.13,0
2022-04-13 07:00:00,1972.13,1972.13,1966.54,1968.75,0
2022-04-13 08:00:00,1968.72,1972.82,1965.7,1971.14,0
2022-04-13 09:00:00,1971.13,1975.65,1970.02,1973.74,0
2022-04-13 10:00:00,1973.76,1979.07,1973.72,1977.72,0
2022-04-13 11:00:00,1977.69,1980.18,1976.21,1976.87,0
2022-04-13 12:00:00,1976.81,1979.59,1974.46,1978.01,0
2022-04-13 13:00:00,1978.0,1980.67,1971.83,1977.53,0
2022-04-13 14:00:00,1977.55,1980.56,1973.19,1977.27,0
2022-04-13 15:00:00,1977.28,1980.39,1974.47,1978.48,0
2022-04-13 16:00:00,1978.44,1981.46,1976.03,1980.94,0
2022-04-13 17:00:00,1980.94,1981.53,1977.95,1978.94,0
2022-04-13 18:00:00,1979.0,1981.55,1977.12,1978.69,0
2022-04-13 19:00:00,1978.69,1980.18,1975.75,1975.92,0
2022-04-13 20:00:00,1975.85,1978.93,1974.82,1978.11,0
2022-04-13 21:00:00,1978.23,1978.23,1976.37,1978.16,0
2022-04-13 23:00:00,1977.07,1978.94,1976.92,1978.3,0
2022-04-14 00:00:00,1978.3,1979.16,1977.11,1977.11,0
2022-04-14 01:00:00,1977.13,1977.68,1973.58,1974.99,0
2022-04-14 02:00:00,1974.95,1979.87,1974.42,1979.7,0
2022-04-14 03:00:00,1979.73,1980.35,1977.38,1977.66,0
2022-04-14 04:00:00,1977.52,1977.54,1973.63,1973.68,0
2022-04-14 05:00:00,1973.68,1975.62,1972.57,1975.61,0
2022-04-14 06:00:00,1975.61,1975.61,1972.25,1972.43,0
2022-04-14 07:00:00,1972.4,1974.73,1970.73,1973.53,0
2022-04-14 08:00:00,1973.49,1978.38,1971.53,1975.51,0
2022-04-14 09:00:00,1975.58,1976.04,1971.39,1971.44,0
2022-04-14 10:00:00,1971.33,1972.33,1967.69,1969.15,0
2022-04-14 11:00:00,1969.17,1974.99,1967.25,1974.23,0
2022-04-14 12:00:00,1974.23,1978.9,1974.01,1977.28,0
2022-04-14 13:00:00,1977.26,1979.86,1969.85,1972.44,0
2022-04-14 14:00:00,1972.44,1977.88,1960.56,1962.11,0
2022-04-14 15:00:00,1962.03,1972.7,1960.66,1972.15,0
2022-04-14 16:00:00,1972.16,1972.17,1962.76,1966.73,0
2022-04-14 17:00:00,1966.73,1972.4,1966.68,1971.15,0
2022-04-14 18:00:00,1971.11,1975.06,1970.09,1972.07,0
2022-04-14 19:00:00,1972.09,1974.8,1970.48,1970.49,0
2022-04-14 20:00:00,1970.48,1973.68,1970.32,1971.69,0
2022-04-14 21:00:00,1971.72,1973.59,1971.72,1973.37,0
2022-04-17 23:00:00,1972.01,1979.74,1972.01,1978.63,0
2022-04-18 00:00:00,1978.63,1988.08,1978.25,1986.77,0
2022-04-18 01:00:00,1987.02,1988.51,1983.91,1987.46,0
2022-04-18 02:00:00,1987.52,1988.52,1983.33,1985.49,0
2022-04-18 03:00:00,1985.49,1985.96,1982.59,1982.74,0
2022-04-18 04:00:00,1982.78,1985.29,1982.63,1984.88,0
2022-04-18 05:00:00,1984.88,1985.5,1983.38,1984.93,0
2022-04-18 06:00:00,1984.89,1988.09,1984.07,1985.14,0
2022-04-18 07:00:00,1985.02,1990.71,1983.62,1989.05,0
2022-04-18 08:00:00,1988.92,1992.71,1988.57,1991.58,0
2022-04-18 09:00:00,1991.51,1993.17,1990.04,1992.95,0
2022-04-18 10:00:00,1992.97,1993.88,1991.86,1992.91,0
2022-04-18 11:00:00,1992.91,1993.48,1987.75,1988.34,0
2022-04-18 12:00:00,1988.25,1992.42,1988.16,1991.93,0
2022-04-18 13:00:00,1992.09,1998.36,1991.84,1995.13,0
2022-04-18 14:00:00,1995.14,1996.4,1989.06,1992.76,0
2022-04-18 15:00:00,1992.71,1994.42,1983.09,1983.96,0
2022-04-18 16:00:00,1983.94,1989.83,1982.84,1989.12,0
2022-04-18 17:00:00,1989.12,1990.57,1985.43,1986.57,0
2022-04-18 18:00:00,1986.6,1987.61,1977.69,1978.31,0
2022-04-18 19:00:00,1978.28,1980.18,1976.26,1979.76,0
2022-04-18 20:00:00,1979.86,1982.42,1978.02,1978.24,0
2022-04-18 21:00:00,1978.23,1978.96,1976.66,1978.63,0
2022-04-18 23:00:00,1976.68,1978.54,1976.56,1976.96,0
2022-04-19 00:00:00,1977.03,1977.59,1976.28,1977.11,0
2022-04-19 01:00:00,1977.17,1978.96,1974.86,1975.85,0
2022-04-19 02:00:00,1975.85,1978.59,1974.97,1978.26,0
2022-04-19 03:00:00,1978.27,1978.68,1975.85,1977.31,0
2022-04-19 04:00:00,1977.29,1978.73,1976.63,1978.66,0
2022-04-19 05:00:00,1978.7,1978.79,1973.55,1974.87,0
2022-04-19 06:00:00,1974.86,1975.83,1972.75,1974.49,0
2022-04-19 07:00:00,1974.41,1976.36,1973.78,1974.44,0
2022-04-19 08:00:00,1974.4,1980.82,1974.31,1977.97,0
2022-04-19 09:00:00,1978.11,1981.25,1977.24,1978.07,0
2022-04-19 10:00:00,1978.05,1979.72,1975.45,1977.78,0
2022-04-19 11:00:00,1977.78,1978.9,1974.77,1978.11,0
2022-04-19 12:00:00,1978.05,1980.35,1977.08,1980.08,0
2022-04-19 13:00:00,1980.07,1981.97,1964.7,1966.99,0
2022-04-19 14:00:00,1967.01,1968.24,1957.34,1963.73,0
2022-04-19 15:00:00,1963.75,1965.99,1951.34,1955.29,0
2022-04-19 16:00:00,1955.29,1956.68,1950.39,1956.46,0
2022-04-19 17:00:00,1956.44,1958.25,1954.56,1957.4,0
2022-04-19 18:00:00,1957.43,1957.78,1954.32,1955.25,0
2022-04-19 19:00:00,1955.23,1955.94,1952.79,1954.12,0
2022-04-19 20:00:00,1954.25,1954.27,1943.68,1948.15,0
2022-04-19 21:00:00,1948.16,1950.33,1947.25,1950.12,0
2022-04-19 23:00:00,1949.98,1950.91,1948.96,1949.94,0
2022-04-20 00:00:00,1949.94,1951.55,1947.89,1949.76,0
2022-04-20 01:00:00,1949.75,1950.18,1946.02,1946.82,0
2022-04-20 02:00:00,1946.82,1949.31,1942.77,1945.39,0
2022-04-20 03:00:00,1945.29,1947.82,1943.99,1946.69,0
2022-04-20 04:00:00,1946.93,1948.08,1942.66,1944.04,0
2022-04-20 05:00:00,1944.04,1944.37,1940.49,1943.32,0
2022-04-20 06:00:00,1943.3,1946.74,1942.17,1942.27,0
2022-04-20 07:00:00,1942.27,1943.15,1939.35,1941.52,0
2022-04-20 08:00:00,1941.52,1944.95,1941.02,1943.8,0
2022-04-20 09:00:00,1943.8,1947.21,1940.21,1946.69,0
2022-04-20 10:00:00,1946.68,1949.56,1945.88,1948.87,0
2022-04-20 11:00:00,1948.89,1953.73,1948.61,1953.11,0
2022-04-20 12:00:00,1953.09,1955.1,1951.98,1952.18,0
2022-04-20 13:00:00,1952.18,1952.85,1944.67,1949.94,0
2022-04-20 14:00:00,1949.96,1951.3,1943.92,1949.14,0
2022-04-20 15:00:00,1949.08,1954.4,1949.08,1952.42,0
2022-04-20 16:00:00,1952.51,1954.57,1949.99,1950.92,0
2022-04-20 17:00:00,1950.99,1953.64,1949.36,1953.39,0
2022-04-20 18:00:00,1953.27,1954.9,1951.2,1952.11,0
2022-04-20 19:00:00,1952.12,1953.33,1951.1,1952.02,0
2022-04-20 20:00:00,1951.98,1958.04,1951.03,1957.88,0
2022-04-20 21:00:00,1957.75,1958.3,1954.98,1957.52,0
2022-04-20 23:00:00,1956.72,1956.91,1954.67,1955.49,0
2022-04-21 00:00:00,1955.49,1957.31,1954.82,1956.8,0
2022-04-21 01:00:00,1956.84,1957.38,1953.41,1955.96,0
2022-04-21 02:00:00,1955.96,1956.81,1954.14,1955.07,0
2022-04-21 03:00:00,1955.07,1955.1,1951.39,1952.04,0
2022-04-21 04:00:00,1952.03,1952.85,1950.32,1951.38,0
2022-04-21 05:00:00,1951.33,1952.52,1950.89,1951.14,0
2022-04-21 06:00:00,1951.14,1953.99,1949.89,1953.07,0
2022-04-21 07:00:00,1953.17,1954.04,1950.88,1952.5,0
2022-04-21 08:00:00,1952.52,1952.58,1949.67,1949.77,0
2022-04-21 09:00:00,1949.77,1949.88,1943.51,1947.38,0
2022-04-21 10:00:00,1947.3,1947.68,1942.72,1945.27,0
2022-04-21 11:00:00,1945.27,1946.72,1942.06,1943.77,0
2022-04-21 12:00:00,1943.76,1944.16,1936.81,1939.83,0
2022-04-21 13:00:00,1939.81,1949.05,1937.54,1947.75,0
2022-04-21 14:00:00,1947.75,1949.61,1943.32,1945.26,0
2022-04-21 15:00:00,1945.31,1946.88,1940.75,1945.57,0
2022-04-21 16:00:00,1945.6,1946.31,1937.9,1940.03,0
2022-04-21 17:00:00,1940.0,1941.7,1938.31,1940.55,0
2022-04-21 18:00:00,1940.49,1948.68,1940.16,1947.25,0
2022-04-21 19:00:00,1947.26,1953.34,1943.08,1951.38,0
2022-04-21 20:00:00,1951.38,1953.96,1950.17,1951.1,0
2022-04-21 21:00:00,1951.1,1952.34,1951.0,1951.2,0
2022-04-21 23:00:00,1950.68,1951.4,1950.24,1951.34,0
2022-04-22 00:00:00,1951.36,1952.94,1950.64,1950.98,0
2022-04-22 01:00:00,1950.79,1952.13,1948.53,1950.19,0
2022-04-22 02:00:00,1950.2,1953.66,1948.8,1950.55,0
2022-04-22 03:00:00,1950.55,1951.41,1947.22,1947.38,0
2022-04-22 04:00:00,1947.44,1951.32,1945.92,1950.45,0
2022-04-22 05:00:00,1950.44,1952.82,1949.75,1952.32,0
2022-04-22 06:00:00,1952.34,1953.12,1950.25,1953.12,0
2022-04-22 07:00:00,1953.09,1955.62,1951.0,1952.88,0
2022-04-22 08:00:00,1952.96,1955.13,1951.05,1951.05,0
2022-04-22 09:00:00,1950.9,1951.57,1943.51,1943.79,0
2022-04-22 10:00:00,1943.85,1944.06,1941.4,1943.82,0
2022-04-22 11:00:00,1943.82,1944.12,1930.91,1936.3,0
2022-04-22 12:00:00,1936.5,1937.49,1932.8,1935.46,0
2022-04-22 13:00:00,1935.35,1939.54,1929.64,1937.04,0
2022-04-22 14:00:00,1937.05,1946.4,1931.27,1943.21,0
2022-04-22 15:00:00,1943.12,1945.35,1933.49,1935.95,0
2022-04-22 16:00:00,1935.99,1939.34,1926.53,1939.19,0
2022-04-22 17:00:00,1939.1,1940.87,1934.89,1936.46,0
2022-04-22 18:00:00,1936.48,1936.75,1932.16,1933.27,0
2022-04-22 19:00:00,1933.3,1935.02,1931.86,1933.03,0
2022-04-22 20:00:00,1933.02,1936.12,1931.72,1932.62,0
2022-04-22 21:00:00,1932.65,1934.66,1930.78,1930.94,0
2022-04-24 23:00:00,1933.61,1934.43,1929.36,1930.29,0
2022-04-25 00:00:00,1930.3,1932.98,1929.72,1932.63,0
2022-04-25 01:00:00,1932.73,1932.73,1926.3,1927.88,0
2022-04-25 02:00:00,1927.86,1927.98,1925.05,1925.5,0
2022-04-25 03:00:00,1925.45,1926.58,1921.99,1924.11,0
2022-04-25 04:00:00,1924.11,1924.51,1921.8,1924.14,0
2022-04-25 05:00:00,1924.14,1924.43,1915.94,1916.27,0
2022-04-25 06:00:00,1916.35,1919.25,1913.19,1915.32,0
2022-04-25 07:00:00,1915.24,1918.74,1912.24,1917.84,0
2022-04-25 08:00:00,1917.74,1921.0,1914.72,1915.52,0
2022-04-25 09:00:00,1915.52,1921.18,1914.27,1916.52,0
2022-04-25 10:00:00,1916.51,1919.28,1914.85,1917.14,0
2022-04-25 11:00:00,1917.22,1918.16,1907.64,1908.89,0
2022-04-25 12:00:00,1908.83,1910.98,1905.15,1907.57,0
2022-04-25 13:00:00,1907.57,1909.72,1891.49,1894.75,0
2022-04-25 14:00:00,1894.79,1904.14,1893.63,1896.79,0
2022-04-25 15:00:00,1896.76,1899.36,1891.91,1895.16,0
2022-04-25 16:00:00,1895.14,1900.47,1892.68,1895.82,0
2022-04-25 17:00:00,1895.82,1897.89,1894.51,1897.7,0
2022-04-25 18:00:00,1897.73,1898.64,1894.64,1897.25,0
2022-04-25 19:00:00,1897.28,1902.52,1896.45,1898.61,0
2022-04-25 20:00:00,1898.64,1901.76,1897.59,1897.94,0
2022-04-25 21:00:00,1897.91,1899.17,1897.15,1897.91,0
2022-04-25 23:00:00,1898.36,1900.54,1898.15,1899.45,0
2022-04-26 00:00:00,1899.43,1900.32,1898.54,1899.34,0
2022-04-26 01:00:00,1899.35,1903.69,1899.15,1900.89,0
2022-04-26 02:00:00,1900.91,1902.86,1897.39,1900.28,0
2022-04-26 03:00:00,1900.28,1903.92,1899.8,1903.49,0
2022-04-26 04:00:00,1903.45,1905.05,1901.52,1902.3,0
2022-04-26 05:00:00,1902.28,1905.2,1901.52,1903.9,0
2022-04-26 06:00:00,1903.9,1907.45,1901.49,1906.82,0
2022-04-26 07:00:00,1906.82,1906.82,1900.79,1902.27,0
2022-04-26 08:00:00,1902.18,1904.51,1895.7,1896.72,0
2022-04-26 09:00:00,1896.67,1903.9,1896.15,1902.46,0
2022-04-26 10:00:00,1902.45,1904.83,1901.53,1904.51,0
2022-04-26 11:00:00,1904.58,1909.67,1903.31,1909.34,0
2022-04-26 12:00:00,1909.37,1909.37,1902.2,1903.47,0
2022-04-26 13:00:00,1903.53,1905.46,1900.41,1901.69,0
2022-04-26 14:00:00,1901.69,1911.19,1900.94,1904.25,0
2022-04-26 15:00:00,1904.26,1908.22,1900.66,1904.83,0
2022-04-26 16:00:00,1904.77,1907.21,1901.45,1901.71,0
2022-04-26 17:00:00,1901.71,1903.28,1900.37,1903.2,0
2022-04-26 18:00:00,1903.2,1905.25,1900.17,1900.69,0
2022-04-26 19:00:00,1900.65,1901.22,1896.5,1897.88,0
2022-04-26 20:00:00,1897.88,1902.19,1897.1,1901.08,0
2022-04-26 21:00:00,1901.11,1906.5,1900.92,1905.17,0
2022-04-26 23:00:00,1905.79,1906.28,1903.48,1904.47,0
2022-04-27 00:00:00,1904.47,1907.0,1903.7,1906.5,0
2022-04-27 01:00:00,1906.44,1906.77,1902.99,1903.83,0
2022-04-27 02:00:00,1903.83,1904.48,1901.27,1902.18,0
2022-04-27 03:00:00,1902.14,1904.62,1898.48,1898.86,0
2022-04-27 04:00:00,1898.88,1899.74,1896.82,1899.12,0
2022-04-27 05:00:00,1899.16,1899.48,1895.93,1898.17,0
2022-04-27 06:00:00,1898.12,1900.74,1897.7,1899.36,0
2022-04-27 07:00:00,1899.34,1901.46,1897.21,1898.49,0
2022-04-27 08:00:00,1898.49,1903.5,1896.74,1897.73,0
2022-04-27 09:00:00,1897.75,1898.04,1885.19,1893.47,0
2022-04-27 10:00:00,1893.47,1898.27,1893.35,1895.24,0
2022-04-27 11:00:00,1895.24,1898.08,1894.07,1897.63,0
2022-04-27 12:00:00,1897.63,1901.34,1895.91,1900.47,0
2022-04-27 13:00:00,1900.37,1906.98,1895.89,1896.5,0
2022-04-27 14:00:00,1896.57,1897.39,1881.69,1888.15,0
2022-04-27 15:00:00,1888.15,1890.72,1885.13,1885.51,0
2022-04-27 16:00:00,1885.45,1886.75,1881.37,1884.96,0
2022-04-27 17:00:00,1884.95,1889.44,1884.87,1887.61,0
2022-04-27 18:00:00,1887.6,1891.52,1886.7,1891.19,0
2022-04-27 19:00:00,1891.16,1891.37,1886.34,1886.63,0
2022-04-27 20:00:00,1886.66,1888.07,1885.16,1886.48,0
2022-04-27 21:00:00,1886.31,1886.31,1884.91,1885.88,0
2022-04-27 23:00:00,1885.4,1886.12,1884.06,1884.86,0
2022-04-28 00:00:00,1884.86,1886.31,1883.25,1885.64,0
2022-04-28 01:00:00,1885.53,1886.83,1883.54,1883.89,0
2022-04-28 02:00:00,1883.79,1884.47,1881.76,1882.63,0
2022-04-28 03:00:00,1882.67,1884.4,1880.79,1882.96,0
2022-04-28 04:00:00,1882.92,1883.06,1877.51,1878.96,0
2022-04-28 05:00:00,1878.96,1879.39,1875.66,1878.33,0
2022-04-28 06:00:00,1878.38,1878.54,1872.04,1873.72,0
2022-04-28 07:00:00,1873.68,1882.58,1873.55,1882.27,0
2022-04-28 08:00:00,1882.17,1886.76,1881.19,1884.96,0
2022-04-28 09:00:00,1884.95,1889.97,1880.03,1886.28,0
2022-04-28 10:00:00,1886.29,1891.76,1886.02,1889.68,0
2022-04-28 11:00:00,1889.72,1890.18,1885.44,1888.74,0
2022-04-28 12:00:00,1888.75,1890.7,1885.42,1886.25,0
2022-04-28 13:00:00,1886.22,1895.53,1881.92,1885.66,0
2022-04-28 14:00:00,1885.66,1892.97,1884.04,1890.39,0
2022-04-28 15:00:00,1890.38,1890.93,1883.21,1886.9,0
2022-04-28 16:00:00,1886.91,1890.65,1885.9,1885.91,0
2022-04-28 17:00:00,1886.1,1890.08,1884.83,1888.69,0
2022-04-28 18:00:00,1888.62,1891.68,1887.69,1888.88,0
2022-04-28 19:00:00,1888.88,1892.68,1888.88,1892.6,0
2022-04-28 20:00:00,1892.59,1896.74,1892.43,1895.88,0
2022-04-28 21:00:00,1895.96,1896.3,1893.79,1894.57,0
2022-04-28 23:00:00,1894.91,1895.34,1892.91,1892.91,0
2022-04-29 00:00:00,1892.92,1895.71,1892.58,1895.58,0
2022-04-29 01:00:00,1895.51,1897.99,1894.93,1897.38,0
2022-04-29 02:00:00,1897.28,1905.86,1896.7,1902.52,0
2022-04-29 03:00:00,1902.52,1904.6,1898.61,1900.76,0
2022-04-29 04:00:00,1900.77,1904.41,1900.28,1904.35,0
2022-04-29 05:00:00,1904.35,1905.92,1903.46,1905.83,0
2022-04-29 06:00:00,1905.84,1908.37,1905.46,1906.88,0
2022-04-29 07:00:00,1906.82,1912.92,1906.18,1911.54,0
2022-04-29 08:00:00,1911.45,1917.85,1910.06,1917.21,0
2022-04-29 09:00:00,1917.25,1917.46,1912.93,1913.86,0
2022-04-29 10:00:00,1913.86,1916.92,1913.11,1914.73,0
2022-04-29 11:00:00,1914.75,1917.82,1914.39,1915.03,0
2022-04-29 12:00:00,1915.13,1919.9,1914.16,1919.57,0
2022-04-29 13:00:00,1919.68,1919.79,1907.46,1910.82,0
2022-04-29 14:00:00,1910.8,1913.58,1902.54,1910.85,0
2022-04-29 15:00:00,1910.71,1914.65,1907.85,1911.29,0
2022-04-29 16:00:00,1911.34,1913.35,1904.27,1909.71,0
2022-04-29 17:00:00,1909.71,1909.71,1906.7,1908.26,0
2022-04-29 18:00:00,1908.27,1911.6,1907.31,1909.99,0
2022-04-29 19:00:00,1909.99,1911.5,1907.6,1908.13,0
2022-04-29 20:00:00,1908.12,1908.12,1894.47,1896.59,0
2022-04-29 21:00:00,1896.65,1897.8,1895.42,1896.23,0
2022-05-01 23:00:00,1897.82,1899.7,1896.08,1898.09,0
2022-05-02 00:00:00,1898.09,1899.89,1897.07,1897.33,0
2022-05-02 01:00:00,1897.37,1898.48,1889.04,1890.58,0
2022-05-02 02:00:00,1890.67,1892.59,1889.91,1890.16,0
2022-05-02 03:00:00,1890.14,1891.76,1884.66,1887.84,0
2022-05-02 04:00:00,1887.83,1889.48,1886.66,1888.62,0
2022-05-02 05:00:00,1888.52,1888.56,1883.92,1885.62,0
2022-05-02 06:00:00,1885.39,1887.08,1882.73,1885.87,0
2022-05-02 07:00:00,1885.87,1887.7,1883.2,1887.17,0
2022-05-02 08:00:00,1887.18,1887.38,1883.1,1884.4,0
2022-05-02 09:00:00,1884.37,1885.53,1879.46,1879.77,0
2022-05-02 10:00:00,1879.81,1881.29,1876.87,1880.78,0
2022-05-02 11:00:00,1880.74,1882.29,1877.29,1882.09,0
2022-05-02 12:00:00,1882.12,1882.34,1875.84,1876.05,0
2022-05-02 13:00:00,1875.98,1876.7,1860.57,1861.65,0
2022-05-02 14:00:00,1861.56,1864.57,1854.47,1858.02,0
2022-05-02 15:00:00,1858.0,1864.98,1857.78,1862.88,0
2022-05-02 16:00:00,1862.88,1872.1,1859.89,1870.18,0
2022-05-02 17:00:00,1870.18,1870.27,1865.14,1865.94,0
2022-05-02 18:00:00,1865.97,1866.93,1861.74,1866.2,0
2022-05-02 19:00:00,1866.23,1866.7,1859.96,1860.0,0
2022-05-02 20:00:00,1860.0,1864.07,1860.0,1861.88,0
2022-05-02 21:00:00,1861.71,1863.24,1861.32,1862.84,0
2022-05-02 23:00:00,1863.53,1864.29,1863.28,1863.77,0
2022-05-03 00:00:00,1863.76,1863.76,1862.33,1863.13,0
2022-05-03 01:00:00,1863.15,1867.12,1863.15,1866.81,0
2022-05-03 02:00:00,1866.79,1866.79,1859.68,1860.07,0
2022-05-03 03:00:00,1860.06,1865.35,1859.85,1865.23,0
2022-05-03 04:00:00,1865.26,1865.29,1862.33,1862.63,0
2022-05-03 05:00:00,1862.62,1864.56,1857.74,1858.5,0
2022-05-03 06:00:00,1858.53,1860.5,1857.46,1859.63,0
2022-05-03 07:00:00,1859.61,1862.14,1856.66,1858.93,0
2022-05-03 08:00:00,1858.92,1860.92,1853.46,1855.66,0
2022-05-03 09:00:00,1855.69,1856.65,1850.42,1853.73,0
2022-05-03 10:00:00,1853.68,1859.81,1853.63,1857.7,0
2022-05-03 11:00:00,1857.69,1860.96,1855.07,1858.58,0
2022-05-03 12:00:00,1858.59,1863.97,1858.47,1863.9,0
2022-05-03 13:00:00,1863.85,1865.54,1856.81,1863.33,0
2022-05-03 14:00:00,1863.17,1872.32,1862.08,1871.2,0
2022-05-03 15:00:00,1871.04,1878.13,1866.63,1874.38,0
2022-05-03 16:00:00,1874.35,1877.48,1871.0,1871.58,0
2022-05-03 17:00:00,1871.6,1872.51,1867.42,1869.83,0
2022-05-03 18:00:00,1869.82,1871.86,1869.02,1871.26,0
2022-05-03 19:00:00,1871.25,1871.25,1865.75,1869.34,0
2022-05-03 20:00:00,1869.32,1869.91,1865.31,1866.22,0
2022-05-03 21:00:00,1866.2,1868.41,1865.73,1868.21,0
2022-05-03 23:00:00,1868.06,1869.07,1867.8,1868.85,0
2022-05-04 00:00:00,1868.79,1869.47,1866.81,1868.38,0
2022-05-04 01:00:00,1868.37,1868.43,1864.95,1866.03,0
2022-05-04 02:00:00,1865.92,1866.04,1862.53,1862.74,0
2022-05-04 03:00:00,1862.75,1864.97,1861.56,1863.36,0
2022-05-04 04:00:00,1863.3,1865.71,1863.28,1864.78,0
2022-05-04 05:00:00,1864.76,1866.26,1863.39,1865.7,0
2022-05-04 06:00:00,1865.7,1866.0,1862.43,1863.97,0
2022-05-04 07:00:00,1863.94,1866.74,1861.45,1866.74,0
2022-05-04 08:00:00,1866.73,1871.92,1866.06,1870.82,0
2022-05-04 09:00:00,1870.82,1872.16,1868.19,1868.5,0
2022-05-04 10:00:00,1868.58,1870.7,1866.94,1869.91,0
2022-05-04 11:00:00,1869.93,1871.83,1866.8,1867.15,0
2022-05-04 12:00:00,1867.08,1870.0,1865.99,1868.96,0
2022-05-04 13:00:00,1868.98,1869.59,1863.7,1867.53,0
2022-05-04 14:00:00,1867.57,1870.89,1861.64,1862.83,0
2022-05-04 15:00:00,1862.62,1867.12,1861.69,1866.77,0
2022-05-04 16:00:00,1866.67,1869.26,1865.97,1868.66,0
2022-05-04 17:00:00,1868.59,1868.94,1866.0,1868.56,0
2022-05-04 18:00:00,1868.76,1869.76,1866.01,1866.76,0
2022-05-04 19:00:00,1866.81,1888.77,1861.81,1885.78,0
2022-05-04 20:00:00,1885.88,1889.69,1881.41,1884.06,0
2022-05-04 21:00:00,1884.07,1886.66,1880.95,1881.23,0
2022-05-04 23:00:00,1882.26,1883.91,1881.87,1882.82,0
2022-05-05 00:00:00,1882.8,1894.18,1882.79,1894.0,0
2022-05-05 01:00:00,1894.0,1896.06,1893.04,1895.9,0
2022-05-05 02:00:00,1895.9,1903.34,1895.9,1900.62,0
2022-05-05 03:00:00,1900.63,1901.66,1899.29,1899.74,0
2022-05-05 04:00:00,1899.65,1902.82,1899.45,1901.29,0
2022-05-05 05:00:00,1901.29,1901.73,1899.75,1901.54,0
2022-05-05 06:00:00,1901.51,1902.22,1898.87,1899.04,0
2022-05-05 07:00:00,1899.05,1902.29,1897.52,1897.64,0
2022-05-05 08:00:00,1897.7,1898.33,1891.73,1895.15,0
2022-05-05 09:00:00,1894.99,1895.3,1889.58,1894.29,0
2022-05-05 10:00:00,1894.3,1898.77,1893.21,1897.46,0
2022-05-05 11:00:00,1897.46,1899.34,1895.23,1896.45,0
2022-05-05 12:00:00,1896.45,1900.3,1895.38,1897.48,0
2022-05-05 13:00:00,1897.38,1909.79,1897.26,1906.92,0
2022-05-05 14:00:00,1906.98,1908.5,1892.95,1894.98,0
2022-05-05 15:00:00,1895.0,1895.25,1882.77,1886.25,0
2022-05-05 16:00:00,1886.28,1886.3,1874.44,1875.04,0
2022-05-05 17:00:00,1874.96,1877.32,1872.48,1876.47,0
2022-05-05 18:00:00,1876.5,1880.27,1873.4,1874.79,0
2022-05-05 19:00:00,1874.74,1878.13,1873.4,1877.55,0
2022-05-05 20:00:00,1877.6,1880.98,1876.72,1878.04,0
2022-05-05 21:00:00,1878.09,1879.32,1876.62,1877.1,0
2022-05-05 23:00:00,1876.59,1878.26,1876.09,1877.95,0
2022-05-06 00:00:00,1877.98,1877.98,1874.07,1874.27,0
2022-05-06 01:00:00,1874.17,1876.75,1871.79,1872.42,0
2022-05-06 02:00:00,1872.44,1872.84,1866.12,1870.12,0
2022-05-06 03:00:00,1870.12,1876.11,1868.9,1875.68,0
2022-05-06 04:00:00,1875.71,1877.48,1875.34,1876.98,0
2022-05-06 05:00:00,1876.98,1877.38,1875.83,1875.84,0
2022-05-06 06:00:00,1875.86,1877.91,1874.14,1874.15,0
2022-05-06 07:00:00,1874.05,1877.12,1873.12,1873.29,0
2022-05-06 08:00:00,1873.33,1876.98,1873.06,1874.1,0
2022-05-06 09:00:00,1874.11,1881.79,1873.14,1881.79,0
2022-05-06 10:00:00,1881.79,1884.87,1880.59,1883.22,0
2022-05-06 11:00:00,1883.22,1884.95,1881.38,1884.8,0
2022-05-06 12:00:00,1884.86,1885.55,1881.27,1881.84,0
2022-05-06 13:00:00,1881.86,1890.04,1876.07,1876.56,0
2022-05-06 14:00:00,1876.58,1885.57,1874.51,1881.02,0
2022-05-06 15:00:00,1880.99,1887.69,1879.76,1885.68,0
2022-05-06 16:00:00,1885.7,1892.54,1884.1,1886.52,0
2022-05-06 17:00:00,1886.56,1889.88,1886.23,1888.71,0
2022-05-06 18:00:00,1888.61,1888.93,1881.79,1882.32,0
2022-05-06 19:00:00,1882.33,1884.12,1881.97,1882.52,0
2022-05-06 20:00:00,1882.52,1884.79,1880.73,1881.11,0
2022-05-06 21:00:00,1881.1,1883.28,1880.42,1882.61,0
2022-05-08 23:00:00,1883.87,1885.63,1880.28,1881.58,0
2022-05-09 00:00:00,1881.49,1882.7,1879.93,1881.28,0
2022-05-09 01:00:00,1881.26,1882.11,1877.79,1881.22,0
2022-05-09 02:00:00,1881.22,1881.23,1876.48,1878.39,0
2022-05-09 03:00:00,1878.32,1878.69,1873.74,1874.67,0
2022-05-09 04:00:00,1874.67,1876.93,1874.41,1875.02,0
2022-05-09 05:00:00,1875.02,1876.21,1872.9,1873.75,0
2022-05-09 06:00:00,1873.74,1873.82,1870.69,1871.79,0
2022-05-09 07:00:00,1871.72,1873.02,1869.5,1871.44,0
2022-05-09 08:00:00,1871.45,1872.77,1866.52,1869.76,0
2022-05-09 09:00:00,1869.74,1872.16,1864.2,1865.58,0
2022-05-09 10:00:00,1865.57,1867.32,1862.36,1863.8,0
2022-05-09 11:00:00,1863.79,1864.16,1856.12,1859.64,0
2022-05-09 12:00:00,1859.63,1862.08,1856.36,1860.53,0
2022-05-09 13:00:00,1860.62,1868.94,1859.37,1864.4,0
2022-05-09 14:00:00,1864.41,1871.54,1861.39,1863.34,0
2022-05-09 15:00:00,1863.51,1866.41,1857.93,1860.49,0
2022-05-09 16:00:00,1860.62,1863.35,1857.76,1861.33,0
2022-05-09 17:00:00,1861.33,1865.92,1859.91,1861.0,0
2022-05-09 18:00:00,1861.0,1862.06,1854.96,1856.14,0
2022-05-09 19:00:00,1856.14,1858.7,1853.46,1853.7,0
2022-05-09 20:00:00,1853.71,1856.21,1852.63,1853.52,0
2022-05-09 21:00:00,1853.55,1854.68,1851.69,1853.83,0
2022-05-09 23:00:00,1854.24,1854.26,1852.38,1852.85,0
2022-05-10 00:00:00,1852.87,1854.88,1852.73,1854.63,0
2022-05-10 01:00:00,1854.55,1855.84,1852.5,1854.21,0
2022-05-10 02:00:00,1854.24,1856.75,1852.98,1854.34,0
2022-05-10 03:00:00,1854.24,1861.53,1853.92,1860.14,0
2022-05-10 04:00:00,1860.05,1864.44,1858.85,1864.38,0
2022-05-10 05:00:00,1864.38,1865.29,1862.16,1863.24,0
2022-05-10 06:00:00,1863.22,1864.57,1861.78,1863.52,0
2022-05-10 07:00:00,1863.44,1865.46,1859.6,1859.89,0
2022-05-10 08:00:00,1859.8,1862.79,1859.38,1859.58,0
2022-05-10 09:00:00,1859.52,1865.04,1858.79,1862.74,0
2022-05-10 10:00:00,1862.75,1864.09,1857.54,1857.68,0
2022-05-10 11:00:00,1857.68,1858.98,1856.28,1858.46,0
2022-05-10 12:00:00,1858.51,1864.51,1857.4,1860.45,0
2022-05-10 13:00:00,1860.41,1863.52,1856.46,1862.23,0
2022-05-10 14:00:00,1862.22,1864.48,1854.99,1857.14,0
2022-05-10 15:00:00,1857.06,1859.88,1845.31,1849.9,0
2022-05-10 16:00:00,1849.9,1850.23,1841.43,1844.36,0
2022-05-10 17:00:00,1844.36,1847.47,1842.22,1844.98,0
2022-05-10 18:00:00,1844.97,1846.9,1839.89,1846.58,0
2022-05-10 19:00:00,1846.59,1846.9,1840.28,1841.74,0
2022-05-10 20:00:00,1841.78,1843.16,1835.46,1836.83,0
2022-05-10 21:00:00,1836.93,1840.56,1836.0,1838.24,0
2022-05-10 23:00:00,1839.08,1840.25,1838.58,1838.69,0
2022-05-11 00:00:00,1838.58,1839.12,1833.18,1833.61,0
2022-05-11 01:00:00,1833.62,1834.17,1832.03,1832.52,0
2022-05-11 02:00:00,1832.49,1837.87,1832.32,1837.39,0
2022-05-11 03:00:00,1837.37,1840.0,1836.38,1838.56,0
2022-05-11 04:00:00,1838.56,1838.78,1836.3,1836.47,0
2022-05-11 05:00:00,1836.37,1839.12,1835.92,1839.0,0
2022-05-11 06:00:00,1838.97,1839.5,1837.13,1837.84,0
2022-05-11 07:00:00,1837.82,1845.8,1837.33,1844.22,0
2022-05-11 08:00:00,1844.2,1851.19,1843.28,1848.74,0
2022-05-11 09:00:00,1848.74,1852.51,1846.7,1851.66,0
2022-05-11 10:00:00,1851.64,1854.31,1850.66,1852.44,0
2022-05-11 11:00:00,1852.9,1854.23,1851.16,1852.58,0
2022-05-11 12:00:00,1852.56,1854.16,1850.16,1850.32,0
2022-05-11 13:00:00,1850.32,1852.15,1834.97,1839.51,0
2022-05-11 14:00:00,1839.26,1858.12,1837.78,1853.3,0
2022-05-11 15:00:00,1853.3,1853.64,1846.42,1851.19,0
2022-05-11 16:00:00,1851.18,1854.92,1847.5,1852.32,0
2022-05-11 17:00:00,1852.31,1854.63,1850.14,1852.19,0
2022-05-11 18:00:00,1852.2,1856.51,1850.76,1851.95,0
2022-05-11 19:00:00,1851.9,1855.64,1850.67,1852.91,0
2022-05-11 20:00:00,1852.98,1854.42,1851.22,1853.08,0
2022-05-11 21:00:00,1853.09,1853.21,1851.57,1852.44,0
2022-05-11 23:00:00,1851.88,1852.92,1850.96,1852.67,0
2022-05-12 00:00:00,1852.67,1856.19,1852.54,1854.1,0
2022-05-12 01:00:00,1854.1,1857.66,1851.91,1857.28,0
2022-05-12 02:00:00,1857.27,1858.76,1853.8,1857.16,0
2022-05-12 03:00:00,1857.19,1858.31,1852.21,1853.12,0
2022-05-12 04:00:00,1853.21,1855.04,1851.87,1853.01,0
2022-05-12 05:00:00,1853.06,1853.65,1850.12,1851.1,0
2022-05-12 06:00:00,1851.11,1852.65,1847.5,1850.04,0
2022-05-12 07:00:00,1850.06,1854.16,1847.86,1851.94,0
2022-05-12 08:00:00,1851.94,1853.74,1844.0,1850.9,0
2022-05-12 09:00:00,1850.85,1852.33,1846.75,1847.18,0
2022-05-12 10:00:00,1847.21,1851.54,1846.04,1848.16,0
2022-05-12 11:00:00,1848.15,1852.09,1845.8,1847.34,0
2022-05-12 12:00:00,1847.26,1848.28,1840.07,1842.52,0
2022-05-12 13:00:00,1842.42,1847.62,1841.14,1845.2,0
2022-05-12 14:00:00,1845.12,1849.14,1838.72,1839.17,0
2022-05-12 15:00:00,1839.18,1843.18,1835.74,1842.22,0
2022-05-12 16:00:00,1842.23,1843.3,1833.43,1835.63,0
2022-05-12 17:00:00,1835.62,1837.18,1824.17,1825.52,0
2022-05-12 18:00:00,1825.54,1826.71,1821.94,1822.96,0
2022-05-12 19:00:00,1823.05,1824.87,1821.55,1823.18,0
2022-05-12 20:00:00,1823.17,1825.45,1821.87,1824.02,0
2022-05-12 21:00:00,1824.02,1824.02,1821.29,1821.8,0
2022-05-12 23:00:00,1822.64,1823.57,1810.3,1819.26,0
2022-05-13 00:00:00,1819.23,1822.58,1818.68,1821.41,0
2022-05-13 01:00:00,1821.39,1823.88,1820.88,1822.46,0
2022-05-13 02:00:00,1822.47,1825.49,1822.42,1823.49,0
2022-05-13 03:00:00,1823.41,1825.55,1822.88,1824.89,0
2022-05-13 04:00:00,1824.89,1827.02,1824.01,1824.87,0
2022-05-13 05:00:00,1824.84,1827.5,1824.73,1826.61,0
2022-05-13 06:00:00,1826.63,1828.44,1825.64,1825.76,0
2022-05-13 07:00:00,1825.76,1827.71,1821.36,1822.42,0
2022-05-13 08:00:00,1822.44,1828.82,1822.09,1824.26,0
2022-05-13 09:00:00,1824.28,1826.6,1820.29,1822.19,0
2022-05-13 10:00:00,1822.16,1824.67,1821.9,1823.04,0
2022-05-13 11:00:00,1822.99,1822.99,1815.71,1819.87,0
2022-05-13 12:00:00,1819.8,1820.52,1812.96,1813.93,0
2022-05-13 13:00:00,1813.87,1816.59,1808.43,1810.3,0
2022-05-13 14:00:00,1810.32,1810.52,1799.14,1806.43,0
2022-05-13 15:00:00,1806.87,1818.42,1806.87,1814.78,0
2022-05-13 16:00:00,1814.79,1816.64,1807.14,1809.1,0
2022-05-13 17:00:00,1809.18,1813.06,1808.44,1811.31,0
2022-05-13 18:00:00,1811.28,1812.02,1807.87,1808.96,0
2022-05-13 19:00:00,1808.95,1811.25,1808.79,1811.03,0
2022-05-13 20:00:00,1811.04,1811.1,1806.96,1809.75,0
2022-05-13 21:00:00,1809.75,1812.29,1809.03,1811.34,0
2022-05-15 23:00:00,1813.76,1814.8,1810.21,1810.6,0
2022-05-16 00:00:00,1810.27,1813.62,1809.77,1813.26,0
2022-05-16 01:00:00,1813.22,1816.26,1811.31,1815.72,0
2022-05-16 02:00:00,1815.77,1816.88,1814.28,1814.54,0
2022-05-16 03:00:00,1814.52,1814.52,1810.23,1812.02,0
2022-05-16 04:00:00,1812.02,1813.12,1809.57,1810.76,0
2022-05-16 05:00:00,1810.76,1811.27,1807.3,1807.75,0
2022-05-16 06:00:00,1807.67,1809.86,1806.63,1808.83,0
2022-05-16 07:00:00,1805.59,1807.54,1804.85,1806.74,0
2022-05-16 08:00:00,1806.96,1810.16,1791.41,1792.18,0
2022-05-16 09:00:00,1796.7,1801.22,1795.94,1798.95,0
2022-05-16 10:00:00,1798.94,1807.34,1798.36,1800.51,0
2022-05-16 11:00:00,1800.51,1806.6,1799.45,1806.45,0
2022-05-16 12:00:00,1806.48,1806.94,1798.9,1800.52,0
2022-05-16 13:00:00,1800.54,1810.52,1798.08,1808.18,0
2022-05-16 14:00:00,1808.15,1810.74,1804.89,1807.8,0
2022-05-16 15:00:00,1807.8,1815.81,1807.54,1812.29,0
2022-05-16 16:00:00,1812.22,1814.35,1810.54,1813.84,0
2022-05-16 17:00:00,1813.84,1816.52,1811.94,1815.6,0
2022-05-16 18:00:00,1815.56,1818.16,1813.74,1816.31,0
2022-05-16 19:00:00,1816.32,1823.04,1814.44,1822.5,0
2022-05-16 20:00:00,1822.52,1826.89,1822.28,1826.32,0
2022-05-16 21:00:00,1826.48,1826.58,1822.18,1823.93,0
2022-05-16 23:00:00,1825.08,1825.22,1822.96,1824.57,0
2022-05-17 00:00:00,1824.55,1829.22,1824.52,1826.4,0
2022-05-17 01:00:00,1826.4,1828.84,1825.21,1825.5,0
2022-05-17 02:00:00,1825.55,1826.92,1822.34,1826.23,0
2022-05-17 03:00:00,1826.25,1828.29,1824.72,1824.78,0
2022-05-17 04:00:00,1824.78,1825.52,1821.96,1822.71,0
2022-05-17 05:00:00,1822.69,1825.63,1822.69,1823.79,0
2022-05-17 06:00:00,1823.74,1828.92,1823.57,1828.48,0
2022-05-17 07:00:00,1828.49,1830.33,1826.68,1830.3,0
2022-05-17 08:00:00,1830.26,1830.26,1823.36,1824.18,0
2022-05-17 09:00:00,1824.19,1829.04,1823.75,1827.95,0
2022-05-17 10:00:00,1828.0,1829.95,1826.1,1828.48,0
2022-05-17 11:00:00,1828.63,1830.44,1826.78,1827.59,0
2022-05-17 12:00:00,1827.59,1836.11,1826.66,1834.64,0
2022-05-17 13:00:00,1834.64,1835.95,1827.86,1832.41,0
2022-05-17 14:00:00,1832.37,1832.96,1822.39,1823.97,0
2022-05-17 15:00:00,1823.97,1825.71,1818.04,1822.03,0
2022-05-17 16:00:00,1822.08,1822.92,1818.54,1818.75,0
2022-05-17 17:00:00,1818.73,1823.19,1817.97,1821.34,0
2022-05-17 18:00:00,1821.31,1821.92,1818.48,1819.32,0
2022-05-17 19:00:00,1819.32,1820.78,1813.68,1816.3,0
2022-05-17 20:00:00,1816.27,1817.72,1814.89,1815.94,0
2022-05-17 21:00:00,1816.01,1816.28,1812.9,1815.04,0
2022-05-17 23:00:00,1814.72,1815.68,1814.06,1814.4,0
2022-05-18 00:00:00,1814.35,1814.89,1813.01,1814.55,0
2022-05-18 01:00:00,1814.54,1817.17,1814.29,1816.26,0
2022-05-18 02:00:00,1816.27,1817.24,1810.98,1812.21,0
2022-05-18 03:00:00,1812.23,1813.76,1810.52,1812.58,0
2022-05-18 04:00:00,1812.57,1812.78,1807.68,1808.5,0
2022-05-18 05:00:00,1808.48,1810.06,1807.93,1809.05,0
2022-05-18 06:00:00,1808.96,1811.56,1808.83,1811.56,0
2022-05-18 07:00:00,1811.54,1815.16,1809.76,1809.77,0
2022-05-18 08:00:00,1809.77,1816.68,1809.53,1815.54,0
2022-05-18 09:00:00,1815.54,1817.22,1813.66,1815.59,0
2022-05-18 10:00:00,1815.5,1820.26,1813.99,1819.46,0
2022-05-18 11:00:00,1819.45,1820.44,1815.78,1817.36,0
2022-05-18 12:00:00,1817.34,1817.59,1807.65,1808.9,0
2022-05-18 13:00:00,1808.95,1814.72,1807.39,1811.39,0
2022-05-18 14:00:00,1811.33,1815.84,1809.77,1810.4,0
2022-05-18 15:00:00,1810.36,1814.9,1810.13,1814.14,0
2022-05-18 16:00:00,1814.16,1824.7,1813.55,1823.45,0
2022-05-18 17:00:00,1823.54,1823.61,1819.64,1820.84,0
2022-05-18 18:00:00,1820.87,1821.16,1815.42,1817.54,0
2022-05-18 19:00:00,1817.52,1819.83,1815.98,1818.73,0
2022-05-18 20:00:00,1818.75,1822.1,1815.52,1816.23,0
2022-05-18 21:00:00,1816.22,1817.42,1815.66,1816.52,0
2022-05-18 23:00:00,1816.48,1817.44,1815.42,1817.22,0
2022-05-19 00:00:00,1817.23,1817.24,1815.4,1816.08,0
2022-05-19 01:00:00,1816.07,1816.82,1814.33,1815.18,0
2022-05-19 02:00:00,1815.1,1816.97,1813.87,1815.56,0
2022-05-19 03:00:00,1815.56,1816.77,1814.72,1815.66,0
2022-05-19 04:00:00,1815.61,1817.7,1815.15,1816.11,0
2022-05-19 05:00:00,1816.1,1817.45,1814.84,1815.41,0
2022-05-19 06:00:00,1815.47,1815.52,1813.16,1813.86,0
2022-05-19 07:00:00,1813.8,1814.93,1812.86,1814.05,0
2022-05-19 08:00:00,1814.01,1815.94,1810.96,1813.18,0
2022-05-19 09:00:00,1813.13,1823.25,1811.01,1822.62,0
2022-05-19 10:00:00,1822.66,1830.31,1821.38,1829.62,0
2022-05-19 11:00:00,1829.81,1830.85,1826.41,1828.78,0
2022-05-19 12:00:00,1828.78,1832.42,1828.02,1830.48,0
2022-05-19 13:00:00,1830.62,1841.37,1827.5,1838.28,0
2022-05-19 14:00:00,1838.3,1841.48,1832.39,1839.55,0
2022-05-19 15:00:00,1839.57,1846.96,1839.43,1845.74,0
2022-05-19 16:00:00,1845.77,1849.18,1840.34,1842.4,0
2022-05-19 17:00:00,1842.46,1843.2,1841.34,1842.98,0
2022-05-19 18:00:00,1842.98,1844.01,1840.2,1841.5,0
2022-05-19 19:00:00,1841.59,1842.1,1839.93,1840.1,0
2022-05-19 20:00:00,1840.09,1843.54,1839.92,1842.86,0
2022-05-19 21:00:00,1842.7,1842.95,1841.01,1842.1,0
2022-05-19 23:00:00,1841.58,1842.48,1841.43,1841.98,0
2022-05-20 00:00:00,1841.96,1844.55,1841.54,1842.09,0
2022-05-20 01:00:00,1842.1,1843.31,1840.09,1841.38,0
2022-05-20 02:00:00,1841.4,1842.14,1837.66,1838.07,0
2022-05-20 03:00:00,1838.06,1839.25,1836.54,1838.73,0
2022-05-20 04:00:00,1838.79,1841.63,1838.7,1841.62,0
2022-05-20 05:00:00,1841.63,1843.58,1840.96,1842.73,0
2022-05-20 06:00:00,1842.67,1846.69,1841.32,1845.7,0
2022-05-20 07:00:00,1845.86,1848.97,1844.63,1848.9,0
2022-05-20 08:00:00,1848.86,1849.43,1841.82,1844.18,0
2022-05-20 09:00:00,1844.18,1846.49,1843.13,1845.73,0
2022-05-20 10:00:00,1845.7,1847.22,1843.74,1846.95,0
2022-05-20 11:00:00,1847.0,1847.8,1844.02,1845.51,0
2022-05-20 12:00:00,1845.5,1846.85,1841.21,1842.57,0
2022-05-20 13:00:00,1842.56,1846.73,1841.12,1842.13,0
2022-05-20 14:00:00,1842.19,1843.84,1836.29,1836.34,0
2022-05-20 15:00:00,1836.37,1840.78,1832.38,1840.7,0
2022-05-20 16:00:00,1840.69,1846.63,1839.52,1842.48,0
2022-05-20 17:00:00,1842.48,1842.92,1839.65,1841.58,0
2022-05-20 18:00:00,1841.53,1844.17,1840.42,1843.08,0
2022-05-20 19:00:00,1843.07,1843.78,1841.01,1843.23,0
2022-05-20 20:00:00,1843.23,1845.39,1841.96,1844.68,0
2022-05-20 21:00:00,1844.66,1846.34,1844.44,1846.3,0
2022-05-22 23:00:00,1849.38,1849.6,1843.46,1847.65,0
2022-05-23 00:00:00,1847.61,1849.43,1845.56,1846.37,0
2022-05-23 01:00:00,1846.33,1853.7,1845.82,1852.48,0
2022-05-23 02:00:00,1852.46,1853.11,1848.57,1848.91,0
2022-05-23 03:00:00,1848.9,1853.49,1848.71,1852.46,0
2022-05-23 04:00:00,1852.47,1854.96,1852.47,1854.32,0
2022-05-23 05:00:00,1854.35,1855.82,1853.8,1854.3,0
2022-05-23 06:00:00,1854.34,1858.23,1853.97,1856.22,0
2022-05-23 07:00:00,1856.18,1856.18,1852.07,1853.13,0
2022-05-23 08:00:00,1853.15,1857.44,1852.33,1856.52,0
2022-05-23 09:00:00,1856.48,1863.14,1855.98,1861.56,0
2022-05-23 10:00:00,1861.58,1865.21,1861.0,1864.36,0
2022-05-23 11:00:00,1864.36,1865.37,1860.1,1860.39,0
2022-05-23 12:00:00,1860.44,1862.87,1859.73,1862.22,0
2022-05-23 13:00:00,1862.28,1864.54,1855.05,1855.75,0
2022-05-23 14:00:00,1855.77,1857.2,1852.81,1854.54,0
2022-05-23 15:00:00,1854.51,1858.14,1852.95,1853.87,0
2022-05-23 16:00:00,1853.87,1855.19,1850.53,1852.02,0
2022-05-23 17:00:00,1852.01,1852.25,1848.66,1850.07,0
2022-05-23 18:00:00,1850.06,1853.59,1847.0,1853.41,0
2022-05-23 19:00:00,1853.44,1858.75,1852.97,1856.19,0
2022-05-23 20:00:00,1856.28,1857.3,1852.92,1853.02,0
2022-05-23 21:00:00,1853.05,1853.91,1852.92,1853.49,0
2022-05-23 23:00:00,1853.65,1854.55,1853.2,1853.47,0
2022-05-24 00:00:00,1853.49,1855.08,1853.22,1853.93,0
2022-05-24 01:00:00,1853.95,1854.33,1851.87,1851.92,0
2022-05-24 02:00:00,1851.92,1852.32,1849.83,1849.88,0
2022-05-24 03:00:00,1849.8,1851.16,1849.35,1850.86,0
2022-05-24 04:00:00,1850.88,1855.91,1850.77,1855.71,0
2022-05-24 05:00:00,1855.73,1857.13,1855.61,1855.88,0
2022-05-24 06:00:00,1855.92,1856.65,1854.65,1855.02,0
2022-05-24 07:00:00,1855.01,1855.5,1850.32,1851.52,0
2022-05-24 08:00:00,1851.53,1860.06,1851.37,1860.05,0
2022-05-24 09:00:00,1860.09,1860.7,1855.6,1856.1,0
2022-05-24 10:00:00,1856.29,1859.1,1855.82,1856.62,0
2022-05-24 11:00:00,1856.61,1858.06,1854.74,1857.8,0
2022-05-24 12:00:00,1857.88,1859.64,1856.74,1858.15,0
2022-05-24 13:00:00,1858.14,1860.84,1854.1,1860.16,0
2022-05-24 14:00:00,1860.15,1867.77,1858.72,1867.54,0
2022-05-24 15:00:00,1867.6,1869.01,1860.34,1865.47,0
2022-05-24 16:00:00,1865.37,1869.67,1864.95,1869.29,0
2022-05-24 17:00:00,1869.27,1869.7,1865.2,1867.14,0
2022-05-24 18:00:00,1867.17,1867.19,1864.11,1864.51,0
2022-05-24 19:00:00,1864.52,1866.36,1862.74,1864.39,0
2022-05-24 20:00:00,1864.46,1866.97,1863.85,1866.82,0
2022-05-24 21:00:00,1866.82,1867.14,1865.9,1866.4,0
2022-05-24 23:00:00,1865.3,1866.62,1864.96,1866.26,0
2022-05-25 00:00:00,1866.25,1867.92,1865.86,1867.39,0
2022-05-25 01:00:00,1867.45,1868.08,1864.82,1865.25,0
2022-05-25 02:00:00,1865.23,1865.61,1861.1,1861.31,0
2022-05-25 03:00:00,1861.34,1863.16,1859.71,1860.97,0
2022-05-25 04:00:00,1860.99,1862.8,1859.66,1862.61,0
2022-05-25 05:00:00,1862.71,1863.25,1861.9,1863.18,0
2022-05-25 06:00:00,1863.18,1863.38,1858.85,1860.1,0
2022-05-25 07:00:00,1860.09,1860.28,1855.96,1857.78,0
2022-05-25 08:00:00,1857.78,1859.5,1856.8,1858.64,0
2022-05-25 09:00:00,1858.64,1860.1,1855.12,1856.05,0
2022-05-25 10:00:00,1856.02,1859.4,1855.68,1856.96,0
2022-05-25 11:00:00,1856.97,1856.97,1851.4,1852.13,0
2022-05-25 12:00:00,1852.19,1856.38,1851.33,1855.12,0
2022-05-25 13:00:00,1855.13,1857.08,1850.96,1852.59,0
2022-05-25 14:00:00,1852.54,1854.38,1847.87,1849.52,0
2022-05-25 15:00:00,1849.52,1851.38,1847.1,1850.5,0
2022-05-25 16:00:00,1850.49,1850.69,1841.99,1845.82,0
2022-05-25 17:00:00,1845.83,1847.14,1843.41,1845.19,0
2022-05-25 18:00:00,1845.16,1849.13,1843.48,1847.7,0
2022-05-25 19:00:00,1847.73,1854.67,1847.67,1854.65,0
2022-05-25 20:00:00,1854.64,1856.31,1853.95,1855.06,0
2022-05-25 21:00:00,1855.04,1855.31,1853.09,1853.22,0
2022-05-25 23:00:00,1853.31,1854.26,1852.56,1853.13,0
2022-05-26 00:00:00,1853.12,1854.2,1852.97,1854.02,0
2022-05-26 01:00:00,1854.04,1854.35,1852.21,1852.41,0
2022-05-26 02:00:00,1852.42,1853.27,1849.24,1849.66,0
2022-05-26 03:00:00,1849.78,1852.62,1849.34,1851.93,0
2022-05-26 04:00:00,1851.95,1852.2,1848.86,1850.81,0
2022-05-26 05:00:00,1850.84,1851.59,1844.33,1845.1,0
2022-05-26 06:00:00,1845.09,1846.16,1842.94,1843.7,0
2022-05-26 07:00:00,1843.71,1846.94,1843.71,1846.94,0
2022-05-26 08:00:00,1846.92,1850.79,1846.26,1847.94,0
2022-05-26 09:00:00,1847.92,1849.82,1845.76,1845.9,0
2022-05-26 10:00:00,1845.91,1847.2,1842.91,1845.84,0
2022-05-26 11:00:00,1845.84,1847.92,1843.06,1844.67,0
2022-05-26 12:00:00,1844.67,1846.74,1840.7,1846.56,0
2022-05-26 13:00:00,1846.46,1847.44,1842.62,1843.3,0
2022-05-26 14:00:00,1843.28,1849.53,1841.38,1849.34,0
2022-05-26 15:00:00,1849.36,1853.44,1845.85,1846.82,0
2022-05-26 16:00:00,1846.79,1847.98,1844.02,1846.51,0
2022-05-26 17:00:00,1846.58,1847.72,1846.11,1847.71,0
2022-05-26 18:00:00,1847.76,1850.42,1847.76,1849.48,0
2022-05-26 19:00:00,1849.34,1851.94,1848.72,1851.73,0
2022-05-26 20:00:00,1851.79,1853.74,1851.79,1852.02,0
2022-05-26 21:00:00,1852.04,1852.31,1850.52,1850.68,0
2022-05-26 23:00:00,1851.72,1851.72,1850.11,1851.3,0
2022-05-27 00:00:00,1851.32,1853.79,1851.26,1852.77,0
2022-05-27 01:00:00,1852.7,1853.08,1848.4,1849.46,0
2022-05-27 02:00:00,1849.48,1856.44,1847.99,1855.95,0
2022-05-27 03:00:00,1855.96,1855.96,1852.57,1853.79,0
2022-05-27 04:00:00,1853.79,1854.78,1852.08,1854.54,0
2022-05-27 05:00:00,1854.52,1854.88,1853.03,1853.23,0
2022-05-27 06:00:00,1853.24,1855.78,1851.98,1853.62,0
2022-05-27 07:00:00,1853.69,1855.73,1852.56,1854.3,0
2022-05-27 08:00:00,1854.32,1858.56,1854.04,1858.34,0
2022-05-27 09:00:00,1858.34,1860.48,1856.71,1856.77,0
2022-05-27 10:00:00,1856.78,1860.36,1856.69,1858.66,0
2022-05-27 11:00:00,1858.66,1860.28,1857.43,1857.81,0
2022-05-27 12:00:00,1857.85,1860.34,1857.34,1858.39,0
2022-05-27 13:00:00,1858.44,1861.94,1850.7,1855.79,0
2022-05-27 14:00:00,1855.79,1861.29,1855.01,1856.12,0
2022-05-27 15:00:00,1856.11,1857.41,1852.76,1854.84,0
2022-05-27 16:00:00,1854.96,1855.83,1851.09,1854.61,0
2022-05-27 17:00:00,1854.7,1855.05,1852.02,1853.24,0
2022-05-27 18:00:00,1853.23,1854.38,1852.0,1853.32,0
2022-05-27 19:00:00,1853.26,1854.02,1852.04,1852.96,0
2022-05-27 20:00:00,1853.08,1854.9,1852.77,1853.48,0
2022-05-27 21:00:00,1853.42,1854.42,1852.7,1853.0,0
2022-05-29 23:00:00,1852.75,1854.02,1850.88,1850.91,0
2022-05-30 00:00:00,1850.95,1850.96,1848.18,1849.96,0
2022-05-30 01:00:00,1849.94,1852.11,1849.45,1850.47,0
2022-05-30 02:00:00,1850.46,1857.51,1848.78,1856.81,0
2022-05-30 03:00:00,1856.78,1860.2,1856.78,1858.99,0
2022-05-30 04:00:00,1858.98,1860.91,1857.9,1860.56,0
2022-05-30 05:00:00,1860.65,1862.04,1859.4,1861.04,0
2022-05-30 06:00:00,1861.06,1863.37,1860.85,1862.2,0
2022-05-30 07:00:00,1862.17,1864.0,1860.92,1861.27,0
2022-05-30 08:00:00,1861.28,1863.93,1858.48,1858.66,0
2022-05-30 09:00:00,1858.68,1860.16,1856.28,1858.95,0
2022-05-30 10:00:00,1858.96,1859.24,1856.86,1858.17,0
2022-05-30 11:00:00,1858.18,1859.43,1854.44,1855.14,0
2022-05-30 12:00:00,1855.14,1856.52,1854.22,1854.45,0
2022-05-30 13:00:00,1854.51,1856.26,1854.13,1855.32,0
2022-05-30 14:00:00,1855.32,1861.06,1855.12,1859.08,0
2022-05-30 15:00:00,1859.06,1859.1,1854.25,1858.6,0
2022-05-30 16:00:00,1858.62,1858.66,1855.02,1855.71,0
2022-05-30 17:00:00,1855.7,1856.89,1855.19,1856.4,0
2022-05-30 18:00:00,1856.42,1856.44,1854.11,1854.47,0
2022-05-30 19:00:00,1854.52,1856.5,1853.46,1855.22,0
2022-05-30 23:00:00,1855.84,1856.92,1854.26,1854.45,0
2022-05-31 00:00:00,1854.4,1855.07,1852.1,1852.45,0
2022-05-31 01:00:00,1852.46,1852.73,1846.09,1846.48,0
2022-05-31 02:00:00,1846.48,1849.44,1846.03,1849.08,0
2022-05-31 03:00:00,1849.04,1851.38,1848.4,1851.32,0
2022-05-31 04:00:00,1851.32,1853.43,1850.87,1852.26,0
2022-05-31 05:00:00,1852.23,1853.61,1851.14,1851.64,0
2022-05-31 06:00:00,1851.69,1854.53,1851.65,1853.1,0
2022-05-31 07:00:00,1853.06,1856.41,1852.54,1854.4,0
2022-05-31 08:00:00,1854.36,1855.94,1853.78,1854.74,0
2022-05-31 09:00:00,1854.75,1857.16,1852.14,1852.62,0
2022-05-31 10:00:00,1852.62,1854.11,1849.12,1850.25,0
2022-05-31 11:00:00,1850.32,1851.09,1847.36,1849.2,0
2022-05-31 12:00:00,1849.2,1850.69,1844.66,1848.85,0
2022-05-31 13:00:00,1848.79,1852.32,1847.21,1848.96,0
2022-05-31 14:00:00,1848.94,1855.4,1848.42,1851.1,0
2022-05-31 15:00:00,1850.96,1851.3,1839.96,1845.24,0
2022-05-31 16:00:00,1845.25,1847.11,1840.21,1843.58,0
2022-05-31 17:00:00,1843.58,1846.11,1841.83,1846.0,0
2022-05-31 18:00:00,1845.98,1846.32,1842.43,1842.67,0
2022-05-31 19:00:00,1842.57,1843.36,1839.85,1840.82,0
2022-05-31 20:00:00,1840.69,1840.76,1835.11,1836.14,0
2022-05-31 21:00:00,1836.06,1838.42,1835.44,1837.46,0
2022-05-31 23:00:00,1837.06,1838.55,1836.98,1837.86,0
2022-06-01 00:00:00,1837.85,1837.96,1836.11,1836.43,0
2022-06-01 01:00:00,1836.41,1836.64,1834.28,1834.47,0
2022-06-01 02:00:00,1834.43,1836.44,1833.28,1835.16,0
2022-06-01 03:00:00,1835.07,1837.92,1834.21,1837.05,0
2022-06-01 04:00:00,1837.05,1837.84,1836.51,1836.77,0
2022-06-01 05:00:00,1836.77,1836.8,1831.87,1833.52,0
2022-06-01 06:00:00,1833.5,1833.68,1829.69,1832.44,0
2022-06-01 07:00:00,1832.43,1835.3,1832.21,1833.67,0
2022-06-01 08:00:00,1833.61,1836.88,1831.54,1833.76,0
2022-06-01 09:00:00,1833.72,1837.21,1829.48,1830.12,0
2022-06-01 10:00:00,1830.18,1832.02,1828.51,1831.58,0
2022-06-01 11:00:00,1831.52,1833.39,1829.24,1832.11,0
2022-06-01 12:00:00,1832.14,1832.53,1829.26,1829.76,0
2022-06-01 13:00:00,1829.85,1844.76,1828.93,1844.26,0
2022-06-01 14:00:00,1844.24,1849.11,1844.08,1845.34,0
2022-06-01 15:00:00,1844.04,1845.86,1837.92,1843.51,0
2022-06-01 16:00:00,1843.58,1847.72,1842.34,1845.6,0
2022-06-01 17:00:00,1845.65,1849.94,1844.58,1847.62,0
2022-06-01 18:00:00,1847.62,1849.9,1845.0,1847.86,0
2022-06-01 19:00:00,1847.89,1850.05,1846.79,1848.92,0
2022-06-01 20:00:00,1848.85,1849.4,1847.06,1847.35,0
2022-06-01 21:00:00,1847.42,1847.84,1846.38,1846.42,0
2022-06-01 23:00:00,1846.93,1847.34,1845.99,1847.2,0
2022-06-02 00:00:00,1847.21,1847.24,1845.44,1846.01,0
2022-06-02 01:00:00,1846.0,1848.97,1845.58,1847.29,0
2022-06-02 02:00:00,1847.28,1847.58,1844.81,1844.9,0
2022-06-02 03:00:00,1844.9,1846.56,1844.11,1844.41,0
2022-06-02 04:00:00,1844.4,1846.24,1844.24,1844.82,0
2022-06-02 05:00:00,1844.81,1846.14,1844.35,1844.99,0
2022-06-02 06:00:00,1845.07,1849.04,1844.12,1848.28,0
2022-06-02 07:00:00,1848.24,1852.91,1848.08,1851.98,0
2022-06-02 08:00:00,1851.99,1853.32,1849.74,1851.21,0
2022-06-02 09:00:00,1851.22,1852.76,1850.57,1852.12,0
2022-06-02 10:00:00,1852.14,1854.98,1852.1,1854.11,0
2022-06-02 11:00:00,1854.02,1857.01,1853.8,1855.18,0
2022-06-02 12:00:00,1855.18,1856.72,1854.89,1855.87,0
2022-06-02 13:00:00,1855.88,1858.78,1850.9,1856.6,0
2022-06-02 14:00:00,1856.74,1867.21,1856.72,1863.98,0
2022-06-02 15:00:00,1863.98,1869.54,1863.33,1865.48,0
2022-06-02 16:00:00,1865.51,1869.79,1865.51,1867.96,0
2022-06-02 17:00:00,1867.96,1870.39,1867.76,1867.85,0
2022-06-02 18:00:00,1867.83,1869.05,1866.52,1868.09,0
2022-06-02 19:00:00,1868.12,1870.07,1867.4,1869.38,0
2022-06-02 20:00:00,1869.32,1870.24,1869.01,1869.64,0
2022-06-02 21:00:00,1869.69,1870.39,1868.01,1868.54,0
2022-06-02 23:00:00,1869.42,1869.55,1868.92,1869.5,0
2022-06-03 00:00:00,1869.54,1870.6,1869.03,1869.93,0
2022-06-03 01:00:00,1869.93,1874.11,1868.22,1873.27,0
2022-06-03 02:00:00,1873.37,1873.77,1870.65,1871.92,0
2022-06-03 03:00:00,1871.89,1872.33,1869.9,1870.26,0
2022-06-03 04:00:00,1870.24,1870.63,1867.8,1868.93,0
2022-06-03 05:00:00,1868.92,1868.94,1866.77,1867.88,0
2022-06-03 06:00:00,1867.89,1869.2,1867.26,1868.38,0
2022-06-03 07:00:00,1868.34,1869.16,1865.59,1865.93,0
2022-06-03 08:00:00,1865.88,1866.89,1864.36,1864.64,0
2022-06-03 09:00:00,1864.6,1866.48,1864.36,1864.88,0
2022-06-03 10:00:00,1864.88,1865.33,1863.36,1864.84,0
2022-06-03 11:00:00,1864.88,1866.62,1864.35,1866.14,0
2022-06-03 12:00:00,1866.17,1867.85,1863.41,1863.72,0
2022-06-03 13:00:00,1863.81,1866.86,1856.73,1858.33,0
2022-06-03 14:00:00,1858.42,1864.54,1857.16,1863.18,0
2022-06-03 15:00:00,1863.54,1865.22,1857.66,1857.74,0
2022-06-03 16:00:00,1857.74,1858.0,1851.64,1851.96,0
2022-06-03 17:00:00,1851.94,1851.94,1848.12,1850.93,0
2022-06-03 18:00:00,1850.94,1851.3,1847.33,1848.96,0
2022-06-03 19:00:00,1849.04,1851.09,1847.64,1850.85,0
2022-06-03 20:00:00,1850.83,1851.43,1848.31,1850.74,0
2022-06-03 21:00:00,1850.64,1851.65,1850.04,1850.9,0
2022-06-05 23:00:00,1849.99,1852.31,1849.76,1852.18,0
2022-06-06 00:00:00,1852.14,1853.28,1851.5,1851.54,0
2022-06-06 01:00:00,1851.64,1853.48,1850.46,1850.84,0
2022-06-06 02:00:00,1850.84,1854.12,1850.56,1853.15,0
2022-06-06 03:00:00,1853.15,1854.9,1853.15,1854.58,0
2022-06-06 04:00:00,1854.57,1856.39,1854.32,1856.14,0
2022-06-06 05:00:00,1856.12,1856.66,1855.21,1855.4,0
2022-06-06 06:00:00,1855.35,1856.39,1853.9,1855.23,0
2022-06-06 07:00:00,1855.13,1855.56,1853.3,1853.94,0
2022-06-06 08:00:00,1853.92,1855.87,1851.56,1852.22,0
2022-06-06 09:00:00,1852.2,1853.74,1850.94,1851.7,0
2022-06-06 10:00:00,1851.69,1854.02,1851.23,1853.96,0
2022-06-06 11:00:00,1853.98,1855.48,1851.88,1852.89,0
2022-06-06 12:00:00,1852.92,1855.12,1852.64,1853.86,0
2022-06-06 13:00:00,1854.02,1857.8,1850.84,1853.62,0
2022-06-06 14:00:00,1853.63,1854.3,1848.84,1850.42,0
2022-06-06 15:00:00,1850.36,1850.39,1845.48,1848.17,0
2022-06-06 16:00:00,1848.18,1848.36,1841.84,1843.58,0
2022-06-06 17:00:00,1843.64,1844.14,1841.58,1842.32,0
2022-06-06 18:00:00,1842.28,1843.83,1840.9,1841.86,0
2022-06-06 19:00:00,1841.84,1842.55,1840.63,1841.5,0
2022-06-06 20:00:00,1841.5,1842.53,1841.2,1842.14,0
2022-06-06 21:00:00,1842.08,1842.55,1841.5,1841.54,0
2022-06-06 23:00:00,1840.84,1842.02,1840.39,1841.64,0
2022-06-07 00:00:00,1841.69,1841.8,1838.01,1839.46,0
2022-06-07 01:00:00,1839.48,1840.43,1837.76,1839.07,0
2022-06-07 02:00:00,1838.99,1841.17,1837.07,1840.96,0
2022-06-07 03:00:00,1840.95,1842.02,1839.42,1841.5,0
2022-06-07 04:00:00,1841.4,1842.59,1840.16,1840.21,0
2022-06-07 05:00:00,1840.21,1844.48,1840.1,1842.4,0
2022-06-07 06:00:00,1842.42,1842.89,1838.81,1838.82,0
2022-06-07 07:00:00,1838.92,1842.99,1838.51,1841.59,0
2022-06-07 08:00:00,1841.65,1846.36,1841.58,1842.1,0
2022-06-07 09:00:00,1842.12,1848.48,1842.12,1846.62,0
2022-06-07 10:00:00,1846.65,1848.94,1846.4,1847.4,0
2022-06-07 11:00:00,1847.4,1851.95,1846.04,1850.53,0
2022-06-07 12:00:00,1850.55,1851.12,1847.27,1847.34,0
2022-06-07 13:00:00,1847.34,1849.52,1842.7,1845.06,0
2022-06-07 14:00:00,1845.05,1853.56,1842.35,1851.48,0
2022-06-07 15:00:00,1851.48,1852.69,1847.14,1851.12,0
2022-06-07 16:00:00,1851.12,1852.42,1849.47,1851.44,0
2022-06-07 17:00:00,1851.48,1853.01,1850.01,1851.11,0
2022-06-07 18:00:00,1851.13,1851.39,1848.81,1850.2,0
2022-06-07 19:00:00,1850.28,1854.66,1850.1,1854.32,0
2022-06-07 20:00:00,1854.31,1855.57,1853.2,1854.38,0
2022-06-07 21:00:00,1854.37,1854.56,1851.66,1852.38,0
2022-06-07 23:00:00,1852.66,1852.88,1851.84,1852.71,0
2022-06-08 00:00:00,1852.74,1854.45,1851.2,1853.62,0
2022-06-08 01:00:00,1853.62,1853.8,1848.9,1850.24,0
2022-06-08 02:00:00,1850.24,1850.77,1848.32,1849.2,0
2022-06-08 03:00:00,1849.21,1850.55,1848.76,1849.02,0
2022-06-08 04:00:00,1849.01,1849.04,1846.74,1846.75,0
2022-06-08 05:00:00,1846.75,1849.13,1845.58,1847.47,0
2022-06-08 06:00:00,1847.37,1849.66,1846.92,1849.57,0
2022-06-08 07:00:00,1849.56,1850.36,1848.88,1849.5,0
2022-06-08 08:00:00,1849.52,1851.36,1846.5,1849.99,0
2022-06-08 09:00:00,1850.02,1850.54,1846.72,1847.47,0
2022-06-08 10:00:00,1847.48,1850.11,1847.32,1849.56,0
2022-06-08 11:00:00,1849.56,1851.39,1847.2,1847.46,0
2022-06-08 12:00:00,1847.46,1851.76,1847.11,1851.6,0
2022-06-08 13:00:00,1851.46,1853.33,1844.64,1852.07,0
2022-06-08 14:00:00,1852.06,1855.88,1851.2,1852.58,0
2022-06-08 15:00:00,1852.56,1856.73,1852.14,1856.17,0
2022-06-08 16:00:00,1856.17,1859.66,1855.79,1858.44,0
2022-06-08 17:00:00,1858.35,1858.85,1854.62,1855.42,0
2022-06-08 18:00:00,1855.44,1855.88,1852.86,1854.64,0
2022-06-08 19:00:00,1854.62,1855.16,1852.53,1853.23,0
2022-06-08 20:00:00,1853.25,1854.04,1852.1,1852.5,0
2022-06-08 21:00:00,1852.7,1853.4,1849.1,1853.12,0
2022-06-08 23:00:00,1852.83,1854.44,1852.53,1853.89,0
2022-06-09 00:00:00,1853.94,1854.22,1852.68,1852.77,0
2022-06-09 01:00:00,1852.76,1853.74,1851.54,1851.94,0
2022-06-09 02:00:00,1851.94,1854.08,1850.95,1851.18,0
2022-06-09 03:00:00,1851.18,1853.06,1850.91,1852.96,0
2022-06-09 04:00:00,1852.95,1855.35,1852.57,1855.12,0
2022-06-09 05:00:00,1855.09,1855.28,1854.08,1854.08,0
2022-06-09 06:00:00,1854.14,1855.04,1850.9,1851.36,0
2022-06-09 07:00:00,1851.38,1852.26,1849.48,1850.59,0
2022-06-09 08:00:00,1850.59,1852.62,1848.99,1850.06,0
2022-06-09 09:00:00,1850.12,1850.64,1847.54,1849.7,0
2022-06-09 10:00:00,1849.67,1850.5,1848.22,1849.18,0
2022-06-09 11:00:00,1849.16,1851.0,1848.0,1849.25,0
2022-06-09 12:00:00,1849.24,1849.95,1844.87,1846.22,0
2022-06-09 13:00:00,1846.41,1852.56,1843.84,1850.38,0
2022-06-09 14:00:00,1850.42,1851.3,1845.66,1846.67,0
2022-06-09 15:00:00,1846.68,1847.02,1840.06,1842.65,0
2022-06-09 16:00:00,1842.72,1845.84,1841.98,1845.74,0
2022-06-09 17:00:00,1845.74,1850.13,1845.1,1848.7,0
2022-06-09 18:00:00,1848.66,1850.56,1848.08,1848.76,0
2022-06-09 19:00:00,1848.86,1850.0,1847.76,1849.4,0
2022-06-09 20:00:00,1849.56,1850.16,1846.76,1847.08,0
2022-06-09 21:00:00,1847.12,1848.25,1846.72,1847.98,0
2022-06-09 23:00:00,1847.88,1848.12,1846.58,1846.63,0
2022-06-10 00:00:00,1846.66,1847.58,1846.27,1846.92,0
2022-06-10 01:00:00,1846.92,1847.68,1845.68,1847.64,0
2022-06-10 02:00:00,1847.55,1848.28,1844.89,1845.34,0
2022-06-10 03:00:00,1845.28,1846.78,1844.85,1845.97,0
2022-06-10 04:00:00,1845.99,1846.22,1844.5,1844.82,0
2022-06-10 05:00:00,1844.84,1846.06,1843.25,1843.26,0
2022-06-10 06:00:00,1843.27,1845.36,1843.24,1844.82,0
2022-06-10 07:00:00,1844.83,1846.02,1843.56,1844.42,0
2022-06-10 08:00:00,1844.41,1847.62,1843.8,1845.55,0
2022-06-10 09:00:00,1845.53,1846.95,1844.32,1844.72,0
2022-06-10 10:00:00,1844.74,1845.25,1842.34,1842.91,0
2022-06-10 11:00:00,1842.91,1843.73,1841.82,1842.78,0
2022-06-10 12:00:00,1842.78,1843.48,1833.6,1834.88,0
2022-06-10 13:00:00,1834.67,1845.8,1825.08,1838.25,0
2022-06-10 14:00:00,1838.23,1843.71,1828.45,1833.7,0
2022-06-10 15:00:00,1832.96,1859.45,1828.95,1855.87,0
2022-06-10 16:00:00,1855.93,1867.75,1855.13,1867.33,0
2022-06-10 17:00:00,1867.43,1875.92,1865.97,1871.75,0
2022-06-10 18:00:00,1871.7,1873.52,1869.46,1869.72,0
2022-06-10 19:00:00,1869.74,1875.28,1868.62,1873.49,0
2022-06-10 20:00:00,1873.52,1874.54,1870.92,1871.85,0
2022-06-10 21:00:00,1872.08,1872.44,1870.44,1871.38,0
2022-06-12 23:00:00,1876.74,1879.02,1875.4,1876.19,0
2022-06-13 00:00:00,1876.19,1877.06,1874.7,1877.02,0
2022-06-13 01:00:00,1877.06,1877.46,1872.31,1872.67,0
2022-06-13 02:00:00,1872.67,1872.7,1862.34,1862.76,0
2022-06-13 03:00:00,1862.78,1863.97,1860.2,1863.52,0
2022-06-13 04:00:00,1863.51,1865.67,1863.03,1863.47,0
2022-06-13 05:00:00,1863.46,1863.64,1861.3,1863.39,0
2022-06-13 06:00:00,1863.41,1866.14,1862.83,1865.43,0
2022-06-13 07:00:00,1865.42,1867.22,1861.6,1861.71,0
2022-06-13 08:00:00,1861.68,1865.33,1855.7,1857.3,0
2022-06-13 09:00:00,1857.27,1858.67,1853.32,1853.34,0
2022-06-13 10:00:00,1853.28,1857.39,1852.6,1854.77,0
2022-06-13 11:00:00,1854.75,1858.76,1853.66,1858.21,0
2022-06-13 12:00:00,1858.2,1859.0,1853.63,1854.76,0
2022-06-13 13:00:00,1854.68,1857.68,1842.24,1842.95,0
2022-06-13 14:00:00,1842.92,1845.85,1829.21,1830.66,0
2022-06-13 15:00:00,1830.58,1831.37,1823.48,1827.45,0
2022-06-13 16:00:00,1827.48,1829.3,1824.33,1828.95,0
2022-06-13 17:00:00,1828.96,1833.56,1828.15,1828.83,0
2022-06-13 18:00:00,1828.74,1830.96,1827.9,1828.72,0
2022-06-13 19:00:00,1828.75,1829.54,1824.5,1825.84,0
2022-06-13 20:00:00,1825.86,1826.5,1819.33,1822.76,0
2022-06-13 21:00:00,1822.8,1823.69,1819.04,1819.36,0
2022-06-13 23:00:00,1819.56,1821.62,1810.21,1821.17,0
2022-06-14 00:00:00,1821.1,1822.74,1817.82,1821.03,0
2022-06-14 01:00:00,1821.0,1824.33,1819.33,1824.06,0
2022-06-14 02:00:00,1824.07,1825.4,1823.1,1824.43,0
2022-06-14 03:00:00,1824.32,1827.32,1823.74,1826.86,0
2022-06-14 04:00:00,1826.8,1828.04,1824.54,1825.48,0
2022-06-14 05:00:00,1825.5,1827.06,1824.06,1824.81,0
2022-06-14 06:00:00,1824.85,1828.25,1824.0,1827.94,0
2022-06-14 07:00:00,1827.95,1830.71,1827.09,1830.02,0
2022-06-14 08:00:00,1829.92,1831.54,1826.52,1827.95,0
2022-06-14 09:00:00,1827.84,1830.2,1824.72,1825.92,0
2022-06-14 10:00:00,1825.88,1825.9,1821.72,1824.04,0
2022-06-14 11:00:00,1824.06,1824.79,1820.12,1824.71,0
2022-06-14 12:00:00,1824.6,1825.32,1816.14,1817.22,0
2022-06-14 13:00:00,1817.21,1822.8,1816.08,1820.09,0
2022-06-14 14:00:00,1820.13,1822.08,1815.48,1816.0,0
2022-06-14 15:00:00,1816.1,1818.22,1812.62,1814.09,0
2022-06-14 16:00:00,1814.09,1815.63,1809.42,1810.43,0
2022-06-14 17:00:00,1810.48,1814.68,1809.52,1812.4,0
2022-06-14 18:00:00,1812.4,1813.48,1810.87,1811.38,0
2022-06-14 19:00:00,1811.5,1812.2,1807.26,1807.32,0
2022-06-14 20:00:00,1807.34,1810.56,1805.09,1808.38,0
2022-06-14 21:00:00,1808.3,1809.98,1806.74,1808.24,0
2022-06-14 23:00:00,1808.24,1809.36,1807.5,1808.76,0
2022-06-15 00:00:00,1808.74,1811.05,1807.71,1810.94,0
2022-06-15 01:00:00,1810.9,1811.86,1808.62,1811.46,0
2022-06-15 02:00:00,1811.44,1817.58,1810.6,1815.92,0
2022-06-15 03:00:00,1815.85,1819.6,1815.62,1817.4,0
2022-06-15 04:00:00,1817.42,1817.42,1814.01,1815.66,0
2022-06-15 05:00:00,1815.66,1816.7,1813.38,1814.55,0
2022-06-15 06:00:00,1814.58,1818.99,1813.18,1817.96,0
2022-06-15 07:00:00,1817.79,1822.82,1817.49,1820.52,0
2022-06-15 08:00:00,1820.56,1824.05,1818.42,1820.77,0
2022-06-15 09:00:00,1820.83,1822.84,1817.39,1822.27,0
2022-06-15 10:00:00,1822.26,1826.22,1820.46,1825.42,0
2022-06-15 11:00:00,1825.41,1827.6,1823.54,1825.37,0
2022-06-15 12:00:00,1825.36,1835.41,1824.48,1831.18,0
2022-06-15 13:00:00,1831.19,1836.5,1828.61,1831.6,0
2022-06-15 14:00:00,1831.62,1833.03,1823.58,1824.03,0
2022-06-15 15:00:00,1823.88,1824.84,1818.75,1820.0,0
2022-06-15 16:00:00,1819.95,1824.85,1819.27,1821.32,0
2022-06-15 17:00:00,1821.35,1824.01,1819.8,1819.8,0
2022-06-15 18:00:00,1819.84,1822.14,1816.55,1821.08,0
2022-06-15 19:00:00,1821.02,1840.06,1813.61,1831.02,0
2022-06-15 20:00:00,1830.88,1841.92,1830.51,1831.84,0
2022-06-15 21:00:00,1831.78,1835.58,1831.28,1833.86,0
2022-06-15 23:00:00,1833.69,1835.55,1832.8,1833.52,0
2022-06-16 00:00:00,1833.54,1835.4,1831.64,1833.88,0
2022-06-16 01:00:00,1833.87,1836.42,1832.88,1834.2,0
2022-06-16 02:00:00,1834.22,1835.05,1830.36,1830.94,0
2022-06-16 03:00:00,1830.96,1832.14,1829.8,1831.84,0
2022-06-16 04:00:00,1831.84,1833.7,1830.88,1832.72,0
2022-06-16 05:00:00,1832.73,1832.96,1829.8,1831.07,0
2022-06-16 06:00:00,1831.08,1833.6,1830.34,1831.47,0
2022-06-16 07:00:00,1831.46,1832.93,1828.32,1830.2,0
2022-06-16 08:00:00,1830.18,1830.7,1826.5,1830.28,0
2022-06-16 09:00:00,1830.36,1833.64,1828.39,1833.55,0
2022-06-16 10:00:00,1833.54,1836.1,1829.23,1830.2,0
2022-06-16 11:00:00,1830.19,1831.95,1819.52,1819.76,0
2022-06-16 12:00:00,1819.81,1823.3,1815.8,1819.18,0
2022-06-16 13:00:00,1819.28,1833.24,1819.22,1829.48,0
2022-06-16 14:00:00,1829.45,1832.22,1826.24,1828.0,0
2022-06-16 15:00:00,1827.95,1833.57,1825.28,1832.49,0
2022-06-16 16:00:00,1832.48,1846.94,1832.0,1845.26,0
2022-06-16 17:00:00,1845.27,1852.78,1844.65,1850.24,0
2022-06-16 18:00:00,1850.37,1851.06,1845.58,1848.26,0
2022-06-16 19:00:00,1848.26,1849.94,1846.96,1849.31,0
2022-06-16 20:00:00,1849.31,1852.65,1848.92,1852.24,0
2022-06-16 21:00:00,1852.34,1857.53,1852.22,1856.65,0
2022-06-16 23:00:00,1855.1,1855.26,1850.54,1850.72,0
2022-06-17 00:00:00,1850.7,1851.97,1849.76,1850.8,0
2022-06-17 01:00:00,1850.81,1851.48,1845.94,1846.58,0
2022-06-17 02:00:00,1846.66,1847.63,1844.88,1845.04,0
2022-06-17 03:00:00,1844.99,1846.36,1841.93,1843.8,0
2022-06-17 04:00:00,1843.72,1844.99,1841.68,1842.22,0
2022-06-17 05:00:00,1842.19,1845.74,1841.96,1845.6,0
2022-06-17 06:00:00,1845.6,1847.26,1845.34,1845.4,0
2022-06-17 07:00:00,1845.4,1847.23,1844.61,1845.11,0
2022-06-17 08:00:00,1845.05,1850.05,1841.98,1848.73,0
2022-06-17 09:00:00,1848.67,1851.18,1847.98,1850.06,0
2022-06-17 10:00:00,1850.05,1852.55,1847.61,1847.9,0
2022-06-17 11:00:00,1847.94,1848.68,1845.19,1845.23,0
2022-06-17 12:00:00,1845.22,1848.68,1844.56,1847.99,0
2022-06-17 13:00:00,1848.01,1852.98,1844.56,1851.38,0
2022-06-17 14:00:00,1851.33,1851.61,1841.22,1842.26,0
2022-06-17 15:00:00,1842.2,1843.22,1836.76,1840.46,0
2022-06-17 16:00:00,1840.44,1844.95,1838.48,1841.17,0
2022-06-17 17:00:00,1841.2,1842.37,1838.3,1839.44,0
2022-06-17 18:00:00,1839.42,1841.2,1836.81,1836.96,0
2022-06-17 19:00:00,1837.12,1839.86,1836.9,1837.64,0
2022-06-17 20:00:00,1835.04,1837.92,1835.04,1837.08,0
2022-06-17 21:00:00,1837.01,1841.88,1836.38,1840.08,0
2022-06-19 23:00:00,1837.44,1840.38,1834.75,1839.02,0
2022-06-20 00:00:00,1839.0,1839.48,1837.46,1838.44,0
2022-06-20 01:00:00,1838.44,1840.52,1837.07,1839.88,0
2022-06-20 02:00:00,1839.86,1842.1,1836.72,1836.84,0
2022-06-20 03:00:00,1836.82,1843.85,1835.16,1842.43,0
2022-06-20 04:00:00,1842.42,1846.06,1842.39,1843.86,0
2022-06-20 05:00:00,1843.89,1845.1,1843.05,1843.41,0
2022-06-20 06:00:00,1843.4,1844.32,1841.76,1842.38,0
2022-06-20 07:00:00,1842.38,1844.84,1841.08,1842.77,0
2022-06-20 08:00:00,1842.76,1844.17,1839.42,1840.02,0
2022-06-20 09:00:00,1840.03,1841.21,1838.96,1839.78,0
2022-06-20 10:00:00,1839.79,1843.76,1839.74,1840.82,0
2022-06-20 11:00:00,1840.84,1841.24,1836.44,1839.08,0
2022-06-20 12:00:00,1839.04,1839.72,1837.44,1838.1,0
2022-06-20 13:00:00,1838.34,1840.65,1837.64,1839.11,0
2022-06-20 14:00:00,1839.05,1843.27,1838.5,1839.4,0
2022-06-20 15:00:00,1839.32,1839.32,1836.04,1838.4,0
2022-06-20 16:00:00,1838.43,1839.52,1837.09,1838.28,0
2022-06-20 17:00:00,1838.3,1838.5,1835.8,1835.88,0
2022-06-20 18:00:00,1835.9,1837.46,1835.51,1835.71,0
2022-06-20 19:00:00,1835.77,1838.94,1835.77,1838.42,0
2022-06-20 23:00:00,1837.84,1838.72,1837.58,1838.06,0
2022-06-21 00:00:00,1838.06,1839.15,1837.23,1839.14,0
2022-06-21 01:00:00,1838.93,1841.6,1838.54,1841.04,0
2022-06-21 02:00:00,1841.08,1842.42,1839.32,1841.47,0
2022-06-21 03:00:00,1841.5,1842.24,1839.78,1840.1,0
2022-06-21 04:00:00,1840.08,1841.25,1839.61,1840.26,0
2022-06-21 05:00:00,1840.25,1840.85,1838.02,1838.66,0
2022-06-21 06:00:00,1838.67,1839.64,1833.74,1835.38,0
2022-06-21 07:00:00,1835.38,1836.24,1832.7,1834.28,0
2022-06-21 08:00:00,1834.27,1839.34,1832.64,1838.41,0
2022-06-21 09:00:00,1838.34,1838.52,1834.34,1834.67,0
2022-06-21 10:00:00,1834.65,1838.45,1834.47,1837.35,0
2022-06-21 11:00:00,1837.34,1837.35,1833.41,1833.42,0
2022-06-21 12:00:00,1833.34,1834.96,1830.81,1833.56,0
2022-06-21 13:00:00,1833.58,1839.54,1832.91,1836.15,0
2022-06-21 14:00:00,1836.19,1839.42,1832.75,1838.54,0
2022-06-21 15:00:00,1838.58,1843.63,1836.6,1839.67,0
2022-06-21 16:00:00,1839.67,1840.92,1834.22,1835.29,0
2022-06-21 17:00:00,1835.25,1836.72,1833.76,1836.3,0
2022-06-21 18:00:00,1836.31,1837.05,1832.98,1833.49,0
2022-06-21 19:00:00,1833.54,1834.37,1830.99,1831.09,0
2022-06-21 20:00:00,1831.07,1832.34,1828.55,1830.67,0
2022-06-21 21:00:00,1830.6,1834.68,1830.27,1833.06,0
2022-06-21 23:00:00,1832.96,1833.02,1829.1,1831.15,0
2022-06-22 00:00:00,1831.16,1831.94,1829.97,1831.31,0
2022-06-22 01:00:00,1831.28,1831.55,1826.56,1828.5,0
2022-06-22 02:00:00,1828.47,1830.45,1827.11,1828.59,0
2022-06-22 03:00:00,1828.59,1828.95,1825.67,1827.9,0
2022-06-22 04:00:00,1827.88,1830.28,1827.32,1827.51,0
2022-06-22 05:00:00,1827.5,1828.42,1825.36,1825.68,0
2022-06-22 06:00:00,1825.66,1826.77,1824.34,1824.93,0
2022-06-22 07:00:00,1824.9,1826.96,1824.22,1826.26,0
2022-06-22 08:00:00,1826.27,1830.37,1823.89,1826.77,0
2022-06-22 09:00:00,1826.8,1826.81,1823.41,1824.04,0
2022-06-22 10:00:00,1824.01,1829.29,1823.42,1828.66,0
2022-06-22 11:00:00,1828.63,1832.3,1827.32,1832.04,0
2022-06-22 12:00:00,1832.12,1842.85,1832.05,1836.4,0
2022-06-22 13:00:00,1836.55,1846.79,1836.17,1844.7,0
2022-06-22 14:00:00,1844.74,1847.76,1835.45,1844.53,0
2022-06-22 15:00:00,1844.21,1845.35,1838.59,1840.26,0
2022-06-22 16:00:00,1840.22,1842.26,1836.79,1838.03,0
2022-06-22 17:00:00,1838.03,1839.34,1835.77,1838.3,0
2022-06-22 18:00:00,1838.34,1840.73,1835.99,1840.65,0
2022-06-22 19:00:00,1840.66,1841.7,1837.41,1837.93,0
2022-06-22 20:00:00,1837.94,1838.76,1837.39,1837.71,0
2022-06-22 21:00:00,1837.72,1838.36,1837.29,1837.84,0
2022-06-22 23:00:00,1837.43,1838.16,1837.43,1837.73,0
2022-06-23 00:00:00,1837.77,1838.46,1836.22,1836.56,0
2022-06-23 01:00:00,1836.57,1837.62,1834.95,1835.68,0
2022-06-23 02:00:00,1835.49,1838.66,1832.89,1833.1,0
2022-06-23 03:00:00,1833.12,1834.45,1832.42,1833.46,0
2022-06-23 04:00:00,1833.46,1834.87,1832.42,1832.81,0
2022-06-23 05:00:00,1832.79,1833.75,1832.12,1833.29,0
2022-06-23 06:00:00,1833.29,1835.06,1831.1,1834.77,0
2022-06-23 07:00:00,1834.71,1835.78,1833.21,1835.51,0
2022-06-23 08:00:00,1835.48,1838.15,1832.81,1837.82,0
2022-06-23 09:00:00,1837.9,1837.99,1831.66,1833.06,0
2022-06-23 10:00:00,1833.08,1833.72,1830.46,1832.0,0
2022-06-23 11:00:00,1831.99,1831.99,1827.66,1829.45,0
2022-06-23 12:00:00,1829.69,1829.8,1823.88,1829.41,0
2022-06-23 13:00:00,1829.41,1834.21,1828.5,1833.98,0
2022-06-23 14:00:00,1833.98,1846.07,1833.85,1844.2,0
2022-06-23 15:00:00,1844.28,1844.45,1839.96,1840.91,0
2022-06-23 16:00:00,1840.92,1842.04,1831.68,1833.21,0
2022-06-23 17:00:00,1833.26,1834.6,1829.23,1830.37,0
2022-06-23 18:00:00,1830.41,1830.45,1825.41,1826.88,0
2022-06-23 19:00:00,1826.86,1827.29,1822.51,1826.04,0
2022-06-23 20:00:00,1826.0,1827.44,1825.59,1826.31,0
2022-06-23 21:00:00,1826.33,1826.33,1822.55,1822.59,0
2022-06-23 23:00:00,1823.29,1825.17,1822.6,1824.34,0
2022-06-24 00:00:00,1824.32,1824.84,1823.3,1824.58,0
2022-06-24 01:00:00,1824.58,1825.4,1822.51,1823.93,0
2022-06-24 02:00:00,1823.9,1825.27,1821.59,1823.94,0
2022-06-24 03:00:00,1823.9,1826.49,1823.9,1826.12,0
2022-06-24 04:00:00,1826.07,1826.17,1823.92,1825.15,0
2022-06-24 05:00:00,1825.13,1826.59,1822.48,1826.06,0
2022-06-24 06:00:00,1826.05,1827.08,1824.57,1824.86,0
2022-06-24 07:00:00,1824.76,1824.84,1821.38,1823.27,0
2022-06-24 08:00:00,1823.27,1831.76,1821.19,1830.07,0
2022-06-24 09:00:00,1830.04,1830.12,1824.94,1826.23,0
2022-06-24 10:00:00,1826.22,1828.92,1825.64,1828.92,0
2022-06-24 11:00:00,1828.81,1829.17,1824.94,1825.21,0
2022-06-24 12:00:00,1825.21,1826.86,1822.11,1824.89,0
2022-06-24 13:00:00,1824.92,1826.42,1821.78,1822.13,0
2022-06-24 14:00:00,1821.99,1828.13,1816.93,1822.58,0
2022-06-24 15:00:00,1822.6,1828.97,1822.28,1826.54,0
2022-06-24 16:00:00,1826.45,1831.33,1826.27,1827.12,0
2022-06-24 17:00:00,1827.12,1827.72,1826.06,1826.41,0
2022-06-24 18:00:00,1826.44,1828.64,1826.31,1826.81,0
2022-06-24 19:00:00,1826.86,1830.86,1826.86,1828.67,0
2022-06-24 20:00:00,1828.67,1828.7,1823.63,1824.19,0
2022-06-24 21:00:00,1824.18,1827.51,1824.18,1826.98,0
2022-06-26 23:00:00,1835.3,1836.34,1831.22,1833.71,0
2022-06-27 00:00:00,1833.72,1834.14,1829.9,1831.05,0
2022-06-27 01:00:00,1831.05,1831.93,1828.16,1828.93,0
2022-06-27 02:00:00,1828.92,1836.9,1828.43,1834.72,0
2022-06-27 03:00:00,1834.71,1836.74,1834.36,1835.55,0
2022-06-27 04:00:00,1835.61,1835.73,1834.31,1834.81,0
2022-06-27 05:00:00,1834.83,1835.62,1834.42,1835.45,0
2022-06-27 06:00:00,1835.48,1836.91,1834.61,1835.5,0
2022-06-27 07:00:00,1835.5,1838.88,1834.45,1838.29,0
2022-06-27 08:00:00,1838.34,1841.04,1834.8,1834.99,0
2022-06-27 09:00:00,1834.97,1840.42,1833.86,1839.61,0
2022-06-27 10:00:00,1839.65,1840.56,1837.08,1837.3,0
2022-06-27 11:00:00,1837.39,1839.85,1836.97,1837.4,0
2022-06-27 12:00:00,1837.36,1837.44,1833.34,1833.86,0
2022-06-27 13:00:00,1834.02,1834.13,1828.19,1831.85,0
2022-06-27 14:00:00,1831.84,1834.53,1827.47,1828.5,0
2022-06-27 15:00:00,1828.45,1828.75,1824.49,1825.14,0
2022-06-27 16:00:00,1825.15,1826.24,1820.73,1825.18,0
2022-06-27 17:00:00,1825.18,1826.86,1823.59,1825.33,0
2022-06-27 18:00:00,1825.31,1827.06,1822.17,1824.07,0
2022-06-27 19:00:00,1824.09,1824.85,1823.03,1823.76,0
2022-06-27 20:00:00,1823.79,1823.97,1821.9,1822.38,0
2022-06-27 21:00:00,1822.54,1823.58,1821.94,1822.63,0
2022-06-27 23:00:00,1822.68,1822.88,1821.62,1822.27,0
2022-06-28 00:00:00,1822.25,1823.58,1822.18,1823.5,0
2022-06-28 01:00:00,1823.52,1824.9,1822.51,1824.79,0
2022-06-28 02:00:00,1824.79,1825.43,1822.93,1824.95,0
2022-06-28 03:00:00,1824.95,1825.3,1822.48,1824.43,0
2022-06-28 04:00:00,1824.43,1826.4,1824.21,1825.99,0
2022-06-28 05:00:00,1825.97,1826.96,1825.3,1825.39,0
2022-06-28 06:00:00,1825.43,1826.51,1824.77,1825.34,0
2022-06-28 07:00:00,1825.29,1829.23,1825.05,1827.12,0
2022-06-28 08:00:00,1827.1,1828.26,1825.83,1826.97,0
2022-06-28 09:00:00,1826.98,1829.52,1826.11,1826.52,0
2022-06-28 10:00:00,1826.76,1827.84,1824.36,1824.71,0
2022-06-28 11:00:00,1824.74,1825.78,1822.27,1823.38,0
2022-06-28 12:00:00,1823.37,1825.65,1820.48,1825.52,0
2022-06-28 13:00:00,1825.44,1826.76,1821.4,1822.49,0
2022-06-28 14:00:00,1822.54,1826.23,1818.87,1820.98,0
2022-06-28 15:00:00,1821.01,1825.7,1818.56,1821.36,0
2022-06-28 16:00:00,1821.36,1822.04,1818.98,1820.75,0
2022-06-28 17:00:00,1820.76,1823.79,1820.03,1821.62,0
2022-06-28 18:00:00,1821.82,1822.55,1819.51,1821.31,0
2022-06-28 19:00:00,1821.31,1821.31,1818.42,1820.26,0
2022-06-28 20:00:00,1820.26,1820.74,1819.07,1819.68,0
2022-06-28 21:00:00,1819.76,1820.89,1819.5,1819.9,0
2022-06-28 23:00:00,1820.22,1820.31,1819.17,1819.68,0
2022-06-29 00:00:00,1819.73,1819.75,1818.27,1818.46,0
2022-06-29 01:00:00,1818.44,1820.06,1818.41,1819.79,0
2022-06-29 02:00:00,1819.75,1822.98,1818.49,1822.21,0
2022-06-29 03:00:00,1822.13,1822.65,1820.92,1821.29,0
2022-06-29 04:00:00,1821.25,1821.91,1820.03,1820.77,0
2022-06-29 05:00:00,1820.78,1822.4,1820.41,1820.79,0
2022-06-29 06:00:00,1820.78,1822.12,1820.46,1820.99,0
2022-06-29 07:00:00,1820.98,1821.68,1815.95,1817.73,0
2022-06-29 08:00:00,1817.62,1819.85,1816.16,1816.87,0
2022-06-29 09:00:00,1816.86,1817.64,1815.71,1816.44,0
2022-06-29 10:00:00,1816.5,1818.58,1812.03,1814.78,0
2022-06-29 11:00:00,1814.76,1826.46,1814.71,1824.97,0
2022-06-29 12:00:00,1824.98,1827.32,1824.0,1824.98,0
2022-06-29 13:00:00,1824.85,1833.07,1824.84,1831.34,0
2022-06-29 14:00:00,1831.32,1832.67,1816.1,1816.74,0
2022-06-29 15:00:00,1816.74,1820.46,1814.9,1815.61,0
2022-06-29 16:00:00,1815.62,1819.26,1815.24,1818.5,0
2022-06-29 17:00:00,1818.52,1819.66,1816.78,1816.89,0
2022-06-29 18:00:00,1816.9,1817.07,1815.68,1816.66,0
2022-06-29 19:00:00,1816.62,1819.31,1816.36,1817.9,0
2022-06-29 20:00:00,1817.9,1819.17,1817.39,1818.4,0
2022-06-29 21:00:00,1818.38,1819.26,1817.62,1817.8,0
2022-06-29 23:00:00,1818.04,1818.66,1817.24,1818.44,0
2022-06-30 00:00:00,1818.44,1819.06,1817.61,1818.96,0
2022-06-30 01:00:00,1818.94,1820.73,1818.1,1819.68,0
2022-06-30 02:00:00,1819.68,1820.46,1818.15,1819.84,0
2022-06-30 03:00:00,1819.85,1821.99,1819.46,1819.87,0
2022-06-30 04:00:00,1819.88,1820.27,1817.19,1817.4,0
2022-06-30 05:00:00,1817.4,1817.4,1815.05,1816.11,0
2022-06-30 06:00:00,1816.03,1817.02,1815.21,1815.4,0
2022-06-30 07:00:00,1815.42,1817.82,1815.32,1816.79,0
2022-06-30 08:00:00,1816.76,1817.65,1811.75,1815.06,0
2022-06-30 09:00:00,1815.08,1817.03,1812.38,1815.91,0
2022-06-30 10:00:00,1815.95,1816.09,1811.12,1813.0,0
2022-06-30 11:00:00,1812.98,1812.98,1810.07,1810.44,0
2022-06-30 12:00:00,1810.44,1813.09,1802.74,1805.38,0
2022-06-30 13:00:00,1805.38,1824.4,1802.74,1822.54,0
2022-06-30 14:00:00,1822.6,1825.06,1814.84,1817.03,0
2022-06-30 15:00:00,1817.06,1818.1,1804.53,1809.1,0
2022-06-30 16:00:00,1809.08,1814.71,1805.21,1814.26,0
2022-06-30 17:00:00,1814.22,1814.76,1808.78,1809.93,0
2022-06-30 18:00:00,1809.92,1810.28,1806.15,1808.48,0
2022-06-30 19:00:00,1808.51,1809.55,1806.28,1806.78,0
2022-06-30 20:00:00,1806.78,1808.77,1805.52,1806.84,0
2022-06-30 21:00:00,1806.9,1807.63,1805.65,1807.12,0
2022-06-30 23:00:00,1806.74,1807.23,1804.68,1806.36,0
2022-07-01 00:00:00,1806.35,1807.2,1805.02,1806.64,0
2022-07-01 01:00:00,1806.69,1807.3,1803.43,1806.42,0
2022-07-01 02:00:00,1806.42,1807.02,1804.52,1804.58,0
2022-07-01 03:00:00,1804.56,1806.56,1804.03,1804.4,0
2022-07-01 04:00:00,1804.41,1804.67,1801.34,1801.5,0
2022-07-01 05:00:00,1801.45,1803.16,1800.82,1802.94,0
2022-07-01 06:00:00,1802.88,1802.96,1795.24,1797.41,0
2022-07-01 07:00:00,1797.32,1799.74,1796.25,1798.03,0
2022-07-01 08:00:00,1798.04,1798.58,1792.44,1794.74,0
2022-07-01 09:00:00,1794.78,1795.92,1792.6,1794.8,0
2022-07-01 10:00:00,1794.63,1797.0,1793.98,1795.62,0
2022-07-01 11:00:00,1795.7,1795.98,1789.46,1789.82,0
2022-07-01 12:00:00,1790.03,1791.72,1785.13,1790.53,0
2022-07-01 13:00:00,1790.52,1791.09,1784.53,1789.81,0
2022-07-01 14:00:00,1789.81,1798.48,1788.4,1794.28,0
2022-07-01 15:00:00,1794.56,1804.48,1793.32,1800.75,0
2022-07-01 16:00:00,1800.74,1808.78,1800.62,1806.32,0
2022-07-01 17:00:00,1806.34,1806.71,1798.89,1799.34,0
2022-07-01 18:00:00,1799.38,1805.58,1797.9,1804.84,0
2022-07-01 19:00:00,1804.8,1809.3,1804.55,1809.04,0
2022-07-01 20:00:00,1809.04,1809.24,1805.15,1805.34,0
2022-07-01 21:00:00,1805.42,1809.08,1805.42,1808.94,0
2022-07-03 23:00:00,1811.41,1811.79,1809.1,1810.0,0
2022-07-04 00:00:00,1809.94,1810.52,1808.07,1808.1,0
2022-07-04 01:00:00,1808.16,1811.48,1807.7,1808.25,0
2022-07-04 02:00:00,1808.27,1808.58,1805.5,1808.06,0
2022-07-04 03:00:00,1808.08,1814.3,1807.9,1809.64,0
2022-07-04 04:00:00,1809.65,1813.47,1809.3,1811.44,0
2022-07-04 05:00:00,1811.45,1812.66,1810.76,1812.4,0
2022-07-04 06:00:00,1812.41,1813.44,1811.07,1812.72,0
2022-07-04 07:00:00,1812.62,1813.01,1809.42,1810.82,0
2022-07-04 08:00:00,1810.8,1812.35,1808.26,1808.84,0
2022-07-04 09:00:00,1808.83,1809.22,1806.42,1807.36,0
2022-07-04 10:00:00,1807.34,1808.72,1805.2,1805.81,0
2022-07-04 11:00:00,1805.81,1806.84,1803.97,1804.04,0
2022-07-04 12:00:00,1804.12,1807.9,1804.11,1805.28,0
2022-07-04 13:00:00,1805.34,1809.6,1805.16,1807.68,0
2022-07-04 14:00:00,1807.7,1809.29,1807.24,1808.81,0
2022-07-04 15:00:00,1808.93,1811.0,1808.12,1809.91,0
2022-07-04 16:00:00,1809.9,1809.95,1805.61,1806.52,0
2022-07-04 17:00:00,1806.52,1807.12,1805.49,1806.74,0
2022-07-04 18:00:00,1806.78,1807.38,1806.38,1806.72,0
2022-07-04 19:00:00,1806.72,1808.21,1806.68,1807.96,0
2022-07-04 23:00:00,1807.82,1809.32,1807.38,1809.22,0
2022-07-05 00:00:00,1809.26,1809.8,1808.26,1809.17,0
2022-07-05 01:00:00,1809.24,1809.34,1806.56,1807.58,0
2022-07-05 02:00:00,1807.65,1812.16,1807.51,1811.78,0
2022-07-05 03:00:00,1811.76,1812.16,1809.0,1809.64,0
2022-07-05 04:00:00,1809.62,1811.44,1809.45,1810.9,0
2022-07-05 05:00:00,1810.88,1812.06,1810.36,1811.49,0
2022-07-05 06:00:00,1811.41,1811.98,1810.23,1811.8,0
2022-07-05 07:00:00,1811.78,1811.86,1808.14,1809.18,0
2022-07-05 08:00:00,1809.14,1809.84,1805.64,1806.15,0
2022-07-05 09:00:00,1806.16,1806.16,1800.67,1801.07,0
2022-07-05 10:00:00,1801.06,1805.33,1800.37,1803.5,0
2022-07-05 11:00:00,1803.52,1803.77,1800.78,1801.26,0
2022-07-05 12:00:00,1801.28,1802.74,1797.48,1798.16,0
2022-07-05 13:00:00,1798.16,1804.69,1796.37,1800.4,0
2022-07-05 14:00:00,1800.42,1800.42,1785.47,1786.27,0
2022-07-05 15:00:00,1786.28,1786.28,1766.4,1767.66,0
2022-07-05 16:00:00,1767.6,1770.06,1765.04,1769.0,0
2022-07-05 17:00:00,1769.01,1771.3,1765.82,1767.38,0
2022-07-05 18:00:00,1767.38,1767.56,1763.88,1765.06,0
2022-07-05 19:00:00,1765.13,1769.06,1764.85,1766.07,0
2022-07-05 20:00:00,1766.07,1768.13,1765.58,1767.04,0
2022-07-05 21:00:00,1767.02,1768.18,1764.52,1764.58,0
2022-07-05 23:00:00,1766.12,1768.68,1765.94,1768.17,0
2022-07-06 00:00:00,1768.18,1770.04,1767.85,1769.54,0
2022-07-06 01:00:00,1769.49,1771.24,1768.7,1771.18,0
2022-07-06 02:00:00,1771.16,1772.86,1768.34,1768.51,0
2022-07-06 03:00:00,1768.51,1772.22,1768.42,1770.79,0
2022-07-06 04:00:00,1770.81,1772.5,1769.22,1769.24,0
2022-07-06 05:00:00,1769.21,1769.71,1765.95,1766.59,0
2022-07-06 06:00:00,1766.58,1768.03,1763.11,1763.38,0
2022-07-06 07:00:00,1763.34,1769.87,1763.26,1769.26,0
2022-07-06 08:00:00,1769.24,1770.26,1766.64,1767.84,0
2022-07-06 09:00:00,1767.84,1771.82,1765.04,1766.18,0
2022-07-06 10:00:00,1766.17,1767.64,1763.93,1764.0,0
2022-07-06 11:00:00,1763.98,1764.3,1760.12,1761.24,0
2022-07-06 12:00:00,1761.2,1763.45,1760.42,1763.38,0
2022-07-06 13:00:00,1763.22,1767.94,1759.52,1765.3,0
2022-07-06 14:00:00,1765.2,1767.92,1755.37,1760.38,0
2022-07-06 15:00:00,1760.33,1760.53,1743.64,1743.7,0
2022-07-06 16:00:00,1743.76,1744.4,1732.7,1733.71,0
2022-07-06 17:00:00,1733.69,1736.78,1732.25,1735.16,0
2022-07-06 18:00:00,1735.12,1739.2,1735.02,1736.36,0
2022-07-06 19:00:00,1736.46,1739.98,1733.56,1738.94,0
2022-07-06 20:00:00,1739.07,1743.92,1737.95,1739.42,0
2022-07-06 21:00:00,1739.46,1740.56,1738.29,1739.08,0
2022-07-06 23:00:00,1740.04,1740.93,1739.06,1739.24,0
2022-07-07 00:00:00,1739.23,1740.68,1738.52,1739.96,0
2022-07-07 01:00:00,1740.0,1742.62,1738.6,1741.95,0
2022-07-07 02:00:00,1741.91,1742.29,1736.45,1737.49,0
2022-07-07 03:00:00,1737.48,1744.58,1737.46,1744.04,0
2022-07-07 04:00:00,1744.02,1746.95,1743.36,1745.9,0
2022-07-07 05:00:00,1745.88,1747.09,1744.09,1744.38,0
2022-07-07 06:00:00,1744.39,1747.71,1744.01,1746.36,0
2022-07-07 07:00:00,1746.4,1746.56,1743.38,1743.48,0
2022-07-07 08:00:00,1743.49,1745.47,1741.22,1744.65,0
2022-07-07 09:00:00,1744.65,1744.65,1740.07,1742.14,0
2022-07-07 10:00:00,1742.36,1745.28,1741.36,1743.37,0
2022-07-07 11:00:00,1743.37,1744.56,1740.84,1742.66,0
2022-07-07 12:00:00,1742.63,1745.18,1742.37,1743.74,0
2022-07-07 13:00:00,1743.84,1745.92,1738.41,1739.58,0
2022-07-07 14:00:00,1739.7,1748.83,1737.96,1747.08,0
2022-07-07 15:00:00,1747.04,1749.11,1741.19,1741.8,0
2022-07-07 16:00:00,1741.74,1742.98,1739.48,1739.78,0
2022-07-07 17:00:00,1739.82,1743.0,1739.62,1742.66,0
2022-07-07 18:00:00,1742.64,1743.0,1739.24,1740.42,0
2022-07-07 19:00:00,1740.46,1741.12,1739.42,1739.93,0
2022-07-07 20:00:00,1739.92,1741.13,1738.73,1740.68,0
2022-07-07 21:00:00,1740.68,1741.06,1739.59,1740.09,0
2022-07-07 23:00:00,1740.58,1741.2,1739.35,1739.82,0
2022-07-08 00:00:00,1739.82,1741.9,1738.94,1741.79,0
2022-07-08 01:00:00,1741.88,1744.89,1740.99,1744.64,0
2022-07-08 02:00:00,1744.58,1746.63,1742.48,1743.48,0
2022-07-08 03:00:00,1743.48,1743.85,1742.33,1742.82,0
2022-07-08 04:00:00,1742.76,1743.52,1740.69,1742.46,0
2022-07-08 05:00:00,1742.46,1742.49,1739.6,1741.94,0
2022-07-08 06:00:00,1741.94,1743.53,1740.18,1743.08,0
2022-07-08 07:00:00,1743.08,1743.88,1741.77,1742.81,0
2022-07-08 08:00:00,1742.79,1742.95,1733.28,1736.53,0
2022-07-08 09:00:00,1736.54,1743.33,1734.92,1737.84,0
2022-07-08 10:00:00,1737.88,1738.89,1734.84,1738.46,0
2022-07-08 11:00:00,1738.51,1743.07,1736.18,1741.16,0
2022-07-08 12:00:00,1741.17,1742.15,1739.18,1740.94,0
2022-07-08 13:00:00,1740.96,1745.61,1732.93,1738.58,0
2022-07-08 14:00:00,1738.56,1743.58,1736.44,1736.91,0
2022-07-08 15:00:00,1736.76,1752.34,1736.76,1747.92,0
2022-07-08 16:00:00,1747.9,1748.85,1742.29,1742.41,0
2022-07-08 17:00:00,1742.46,1744.55,1740.56,1742.29,0
2022-07-08 18:00:00,1742.35,1744.29,1741.71,1743.73,0
2022-07-08 19:00:00,1743.77,1744.24,1741.72,1741.86,0
2022-07-08 20:00:00,1741.88,1743.47,1741.13,1741.34,0
2022-07-08 21:00:00,1741.52,1742.67,1741.24,1742.45,0
2022-07-10 23:00:00,1741.09,1744.57,1740.51,1743.83,0
2022-07-11 00:00:00,1743.73,1744.26,1741.69,1742.06,0
2022-07-11 01:00:00,1742.24,1742.99,1739.84,1741.67,0
2022-07-11 02:00:00,1741.68,1741.88,1738.58,1740.12,0
2022-07-11 03:00:00,1740.12,1743.56,1739.84,1741.64,0
2022-07-11 04:00:00,1741.61,1743.05,1741.48,1742.66,0
2022-07-11 05:00:00,1742.66,1742.75,1740.7,1742.38,0
2022-07-11 06:00:00,1742.32,1742.46,1739.86,1740.53,0
2022-07-11 07:00:00,1740.5,1741.2,1739.35,1739.42,0
2022-07-11 08:00:00,1739.48,1740.76,1736.0,1736.76,0
2022-07-11 09:00:00,1736.75,1739.16,1736.48,1738.04,0
2022-07-11 10:00:00,1738.02,1739.92,1734.79,1735.16,0
2022-07-11 11:00:00,1735.16,1737.16,1734.14,1736.26,0
2022-07-11 12:00:00,1736.17,1738.11,1733.64,1734.9,0
2022-07-11 13:00:00,1734.88,1737.9,1734.14,1736.84,0
2022-07-11 14:00:00,1736.84,1742.64,1735.44,1741.25,0
2022-07-11 15:00:00,1741.26,1741.56,1736.02,1740.46,0
2022-07-11 16:00:00,1740.4,1741.07,1736.66,1738.09,0
2022-07-11 17:00:00,1738.11,1738.22,1734.15,1735.07,0
2022-07-11 18:00:00,1735.07,1736.46,1732.74,1736.14,0
2022-07-11 19:00:00,1736.14,1736.76,1734.03,1734.98,0
2022-07-11 20:00:00,1734.94,1735.23,1731.24,1732.2,0
2022-07-11 21:00:00,1732.18,1734.06,1732.04,1734.02,0
2022-07-11 23:00:00,1733.57,1734.35,1732.75,1733.66,0
2022-07-12 00:00:00,1733.68,1734.52,1733.2,1733.2,0
2022-07-12 01:00:00,1733.24,1735.69,1731.99,1732.47,0
2022-07-12 02:00:00,1732.71,1744.4,1723.24,1734.8,0
2022-07-12 03:00:00,1734.73,1737.12,1733.85,1735.41,0
2022-07-12 04:00:00,1735.34,1735.76,1732.36,1733.41,0
2022-07-12 05:00:00,1733.4,1733.42,1728.62,1728.89,0
2022-07-12 06:00:00,1728.91,1729.56,1725.52,1729.42,0
2022-07-12 07:00:00,1729.4,1735.86,1728.1,1734.48,0
2022-07-12 08:00:00,1734.44,1738.01,1733.1,1734.32,0
2022-07-12 09:00:00,1734.3,1739.14,1732.5,1734.72,0
2022-07-12 10:00:00,1734.72,1736.85,1733.65,1735.07,0
2022-07-12 11:00:00,1735.06,1736.02,1731.58,1734.18,0
2022-07-12 12:00:00,1734.22,1739.34,1732.19,1735.56,0
2022-07-12 13:00:00,1735.51,1736.89,1730.86,1732.1,0
2022-07-12 14:00:00,1732.11,1733.97,1726.15,1729.67,0
2022-07-12 15:00:00,1729.63,1731.75,1727.7,1730.22,0
2022-07-12 16:00:00,1730.33,1733.78,1728.98,1731.91,0
2022-07-12 17:00:00,1731.92,1732.52,1729.47,1729.48,0
2022-07-12 18:00:00,1729.52,1729.85,1725.5,1727.21,0
2022-07-12 19:00:00,1727.21,1729.32,1724.93,1728.73,0
2022-07-12 20:00:00,1728.72,1729.06,1724.51,1725.72,0
2022-07-12 21:00:00,1725.71,1726.38,1724.93,1726.09,0
2022-07-12 23:00:00,1725.84,1726.26,1725.02,1725.73,0
2022-07-13 00:00:00,1725.73,1726.26,1725.04,1725.26,0
2022-07-13 01:00:00,1725.33,1725.42,1722.65,1724.83,0
2022-07-13 02:00:00,1724.8,1728.65,1724.15,1727.42,0
2022-07-13 03:00:00,1727.49,1728.76,1725.84,1728.15,0
2022-07-13 04:00:00,1728.07,1728.81,1726.14,1727.21,0
2022-07-13 05:00:00,1727.18,1727.37,1724.68,1725.74,0
2022-07-13 06:00:00,1725.74,1726.79,1724.17,1725.67,0
2022-07-13 07:00:00,1725.66,1727.18,1722.45,1725.25,0
2022-07-13 08:00:00,1725.29,1728.54,1724.07,1726.83,0
2022-07-13 09:00:00,1726.79,1727.9,1725.29,1727.84,0
2022-07-13 10:00:00,1727.87,1730.23,1726.69,1728.09,0
2022-07-13 11:00:00,1728.1,1729.91,1727.05,1729.91,0
2022-07-13 12:00:00,1729.88,1731.85,1728.46,1729.52,0
2022-07-13 13:00:00,1729.52,1730.31,1707.15,1712.72,0
2022-07-13 14:00:00,1712.66,1728.96,1710.56,1723.17,0
2022-07-13 15:00:00,1723.17,1743.33,1720.56,1742.26,0
2022-07-13 16:00:00,1742.27,1745.36,1736.54,1737.48,0
2022-07-13 17:00:00,1737.48,1739.01,1735.82,1737.95,0
2022-07-13 18:00:00,1737.93,1740.05,1736.31,1739.79,0
2022-07-13 19:00:00,1739.79,1739.84,1733.94,1734.79,0
2022-07-13 20:00:00,1734.82,1735.0,1732.48,1733.01,0
2022-07-13 21:00:00,1733.19,1735.68,1731.96,1735.56,0
2022-07-13 23:00:00,1735.68,1736.29,1733.64,1734.39,0
2022-07-14 00:00:00,1734.37,1734.37,1730.11,1732.07,0
2022-07-14 01:00:00,1732.07,1732.46,1727.29,1728.25,0
2022-07-14 02:00:00,1728.28,1729.82,1725.49,1726.79,0
2022-07-14 03:00:00,1726.62,1731.4,1726.62,1729.29,0
2022-07-14 04:00:00,1729.31,1733.53,1729.13,1732.01,0
2022-07-14 05:00:00,1731.99,1732.26,1727.22,1728.05,0
2022-07-14 06:00:00,1728.01,1728.8,1726.1,1727.57,0
2022-07-14 07:00:00,1727.56,1728.79,1720.77,1721.11,0
2022-07-14 08:00:00,1721.09,1721.32,1715.09,1718.3,0
2022-07-14 09:00:00,1718.32,1718.84,1715.45,1716.74,0
2022-07-14 10:00:00,1716.72,1717.38,1711.6,1716.64,0
2022-07-14 11:00:00,1716.64,1716.75,1710.93,1711.04,0
2022-07-14 12:00:00,1711.19,1716.05,1709.91,1713.7,0
2022-07-14 13:00:00,1713.7,1714.9,1707.72,1709.35,0
2022-07-14 14:00:00,1709.39,1710.56,1697.56,1702.55,0
2022-07-14 15:00:00,1700.48,1708.85,1697.97,1707.45,0
2022-07-14 16:00:00,1707.38,1714.44,1703.69,1711.45,0
2022-07-14 17:00:00,1711.48,1711.56,1704.86,1705.8,0
2022-07-14 18:00:00,1705.83,1710.62,1705.68,1710.01,0
2022-07-14 19:00:00,1709.99,1712.29,1709.56,1710.93,0
2022-07-14 20:00:00,1710.93,1711.22,1708.71,1709.07,0
2022-07-14 21:00:00,1709.04,1711.15,1708.94,1709.72,0
2022-07-14 23:00:00,1710.79,1711.36,1709.88,1710.38,0
2022-07-15 00:00:00,1710.39,1711.93,1710.24,1711.65,0
2022-07-15 01:00:00,1711.65,1712.12,1709.82,1710.49,0
2022-07-15 02:00:00,1710.41,1714.25,1709.21,1714.03,0
2022-07-15 03:00:00,1714.0,1716.52,1712.32,1712.68,0
2022-07-15 04:00:00,1712.68,1713.6,1708.52,1708.56,0
2022-07-15 05:00:00,1708.56,1712.32,1707.48,1709.34,0
2022-07-15 06:00:00,1709.38,1710.8,1707.72,1709.47,0
2022-07-15 07:00:00,1709.47,1709.55,1700.66,1704.02,0
2022-07-15 08:00:00,1704.02,1706.33,1702.84,1703.48,0
2022-07-15 09:00:00,1703.58,1704.88,1701.68,1704.51,0
2022-07-15 10:00:00,1704.48,1705.36,1702.21,1702.6,0
2022-07-15 11:00:00,1702.56,1707.09,1701.24,1706.7,0
2022-07-15 12:00:00,1706.7,1707.92,1704.11,1704.5,0
2022-07-15 13:00:00,1704.5,1710.72,1699.95,1707.46,0
2022-07-15 14:00:00,1707.46,1714.11,1701.9,1702.42,0
2022-07-15 15:00:00,1702.47,1708.48,1699.09,1704.34,0
2022-07-15 16:00:00,1704.35,1708.3,1703.54,1704.66,0
2022-07-15 17:00:00,1704.66,1705.31,1703.15,1704.68,0
2022-07-15 18:00:00,1704.69,1705.66,1704.02,1704.96,0
2022-07-15 19:00:00,1704.98,1705.62,1704.22,1704.8,0
2022-07-15 20:00:00,1704.84,1705.88,1703.6,1705.6,0
2022-07-15 21:00:00,1705.58,1707.32,1704.9,1707.32,0
2022-07-17 23:00:00,1706.79,1709.08,1705.94,1709.03,0
2022-07-18 00:00:00,1709.05,1710.69,1708.15,1710.31,0
2022-07-18 01:00:00,1710.31,1711.2,1707.52,1708.54,0
2022-07-18 02:00:00,1708.68,1714.66,1708.12,1714.4,0
2022-07-18 03:00:00,1714.43,1715.04,1713.2,1713.79,0
2022-07-18 04:00:00,1713.79,1717.73,1713.56,1716.06,0
2022-07-18 05:00:00,1716.06,1716.86,1713.91,1714.28,0
2022-07-18 06:00:00,1714.28,1718.34,1714.06,1714.48,0
2022-07-18 07:00:00,1714.46,1716.48,1711.94,1714.44,0
2022-07-18 08:00:00,1714.42,1720.78,1713.34,1718.77,0
2022-07-18 09:00:00,1718.64,1719.94,1717.78,1719.3,0
2022-07-18 10:00:00,1719.29,1723.91,1718.38,1722.1,0
2022-07-18 11:00:00,1722.11,1722.16,1714.54,1716.0,0
2022-07-18 12:00:00,1716.03,1717.01,1713.0,1715.54,0
2022-07-18 13:00:00,1715.54,1717.64,1711.51,1717.22,0
2022-07-18 14:00:00,1717.19,1721.24,1713.43,1719.04,0
2022-07-18 15:00:00,1719.07,1719.75,1713.1,1714.96,0
2022-07-18 16:00:00,1714.9,1715.16,1708.91,1710.52,0
2022-07-18 17:00:00,1710.5,1712.92,1710.5,1711.99,0
2022-07-18 18:00:00,1712.0,1712.82,1709.7,1709.88,0
2022-07-18 19:00:00,1709.88,1710.93,1707.61,1707.7,0
2022-07-18 20:00:00,1707.71,1708.48,1706.74,1707.52,0
2022-07-18 21:00:00,1707.5,1709.44,1706.92,1708.99,0
2022-07-18 23:00:00,1709.8,1710.06,1707.96,1707.99,0
2022-07-19 00:00:00,1707.99,1709.02,1706.96,1708.36,0
2022-07-19 01:00:00,1708.32,1708.42,1705.38,1707.74,0
2022-07-19 02:00:00,1707.74,1707.74,1705.44,1706.02,0
2022-07-19 03:00:00,1706.02,1708.49,1705.84,1706.97,0
2022-07-19 04:00:00,1706.95,1709.64,1706.73,1709.49,0
2022-07-19 05:00:00,1709.5,1709.89,1707.53,1708.46,0
2022-07-19 06:00:00,1708.47,1711.2,1707.9,1710.18,0
2022-07-19 07:00:00,1710.13,1710.88,1707.84,1708.91,0
2022-07-19 08:00:00,1708.91,1711.69,1707.39,1711.67,0
2022-07-19 09:00:00,1711.67,1713.35,1710.8,1713.26,0
2022-07-19 10:00:00,1713.26,1715.08,1712.1,1713.3,0
2022-07-19 11:00:00,1713.33,1717.13,1712.92,1716.96,0
2022-07-19 12:00:00,1716.96,1718.44,1713.31,1714.08,0
2022-07-19 13:00:00,1714.25,1714.88,1708.58,1708.92,0
2022-07-19 14:00:00,1708.85,1714.51,1708.59,1711.02,0
2022-07-19 15:00:00,1710.95,1714.41,1709.73,1712.96,0
2022-07-19 16:00:00,1712.96,1715.26,1712.41,1714.42,0
2022-07-19 17:00:00,1714.41,1714.48,1711.01,1711.52,0
2022-07-19 18:00:00,1711.53,1713.07,1710.92,1710.97,0
2022-07-19 19:00:00,1710.98,1711.8,1709.84,1710.19,0
2022-07-19 20:00:00,1710.29,1712.72,1710.0,1712.16,0
2022-07-19 21:00:00,1712.06,1712.22,1711.0,1711.56,0
2022-07-19 23:00:00,1711.46,1712.46,1711.06,1712.04,0
2022-07-20 00:00:00,1712.04,1712.08,1709.64,1709.98,0
2022-07-20 01:00:00,1709.98,1712.62,1709.96,1712.18,0
2022-07-20 02:00:00,1712.18,1712.83,1709.54,1709.92,0
2022-07-20 03:00:00,1709.92,1711.88,1709.66,1711.26,0
2022-07-20 04:00:00,1711.26,1713.42,1710.88,1712.16,0
2022-07-20 05:00:00,1712.17,1713.45,1711.29,1711.74,0
2022-07-20 06:00:00,1711.74,1712.14,1708.3,1708.54,0
2022-07-20 07:00:00,1708.46,1708.98,1706.01,1707.35,0
2022-07-20 08:00:00,1707.33,1709.38,1706.72,1707.54,0
2022-07-20 09:00:00,1707.61,1709.59,1706.88,1707.99,0
2022-07-20 10:00:00,1708.0,1713.94,1707.87,1712.93,0
2022-07-20 11:00:00,1712.86,1713.64,1706.98,1708.74,0
2022-07-20 12:00:00,1708.74,1709.0,1706.38,1708.21,0
2022-07-20 13:00:00,1708.21,1712.82,1707.37,1708.86,0
2022-07-20 14:00:00,1708.86,1714.46,1707.77,1709.46,0
2022-07-20 15:00:00,1709.44,1710.54,1706.8,1709.74,0
2022-07-20 16:00:00,1709.74,1709.84,1706.32,1707.9,0
2022-07-20 17:00:00,1707.92,1708.04,1701.29,1703.01,0
2022-07-20 18:00:00,1703.02,1704.28,1700.03,1700.14,0
2022-07-20 19:00:00,1700.14,1702.82,1699.7,1701.38,0
2022-07-20 20:00:00,1701.37,1701.48,1695.68,1695.76,0
2022-07-20 21:00:00,1695.76,1696.98,1692.51,1696.53,0
2022-07-20 23:00:00,1696.3,1697.29,1695.66,1696.03,0
2022-07-21 00:00:00,1696.03,1696.04,1694.64,1695.4,0
2022-07-21 01:00:00,1695.4,1695.51,1691.98,1694.7,0
2022-07-21 02:00:00,1694.64,1694.75,1690.01,1692.18,0
2022-07-21 03:00:00,1692.2,1693.68,1690.92,1692.62,0
2022-07-21 04:00:00,1692.62,1693.86,1691.19,1691.55,0
2022-07-21 05:00:00,1691.53,1693.49,1690.96,1692.6,0
2022-07-21 06:00:00,1692.6,1693.62,1691.82,1693.24,0
2022-07-21 07:00:00,1693.22,1693.87,1688.76,1689.48,0
2022-07-21 08:00:00,1689.52,1693.26,1685.28,1689.48,0
2022-07-21 09:00:00,1689.52,1689.6,1685.04,1685.12,0
2022-07-21 10:00:00,1685.13,1686.56,1682.26,1684.52,0
2022-07-21 11:00:00,1684.52,1685.93,1681.15,1682.68,0
2022-07-21 12:00:00,1682.91,1685.12,1680.92,1684.9,0
2022-07-21 13:00:00,1684.85,1707.14,1683.89,1706.7,0
2022-07-21 14:00:00,1706.74,1710.54,1693.16,1705.83,0
2022-07-21 15:00:00,1705.86,1713.38,1703.76,1711.66,0
2022-07-21 16:00:00,1711.67,1718.34,1709.47,1713.2,0
2022-07-21 17:00:00,1713.23,1713.54,1710.41,1711.71,0
2022-07-21 18:00:00,1711.71,1715.48,1710.92,1713.88,0
2022-07-21 19:00:00,1713.88,1715.38,1713.63,1715.02,0
2022-07-21 20:00:00,1715.02,1720.03,1714.22,1719.71,0
2022-07-21 21:00:00,1719.73,1720.18,1717.74,1718.22,0
2022-07-21 23:00:00,1717.75,1718.3,1717.02,1717.3,0
2022-07-22 00:00:00,1717.3,1719.34,1717.28,1718.1,0
2022-07-22 01:00:00,1718.1,1718.98,1716.92,1717.11,0
2022-07-22 02:00:00,1717.1,1718.18,1715.72,1716.5,0
2022-07-22 03:00:00,1716.47,1716.92,1713.9,1714.36,0
2022-07-22 04:00:00,1714.36,1715.18,1712.89,1713.69,0
2022-07-22 05:00:00,1713.66,1714.18,1713.1,1713.5,0
2022-07-22 06:00:00,1713.52,1716.95,1713.26,1715.86,0
2022-07-22 07:00:00,1715.86,1719.43,1715.74,1718.65,0
2022-07-22 08:00:00,1718.62,1720.43,1715.08,1716.28,0
2022-07-22 09:00:00,1716.36,1719.74,1716.02,1718.37,0
2022-07-22 10:00:00,1718.37,1725.71,1717.8,1724.31,0
2022-07-22 11:00:00,1724.34,1725.21,1721.44,1724.62,0
2022-07-22 12:00:00,1724.62,1730.18,1722.08,1728.49,0
2022-07-22 13:00:00,1728.49,1729.2,1723.26,1724.08,0
2022-07-22 14:00:00,1724.08,1737.54,1722.19,1734.7,0
2022-07-22 15:00:00,1734.7,1739.25,1729.46,1732.91,0
2022-07-22 16:00:00,1732.81,1733.23,1728.81,1731.15,0
2022-07-22 17:00:00,1731.25,1731.47,1728.76,1728.96,0
2022-07-22 18:00:00,1728.88,1729.6,1725.82,1726.1,0
2022-07-22 19:00:00,1726.28,1726.58,1720.44,1723.62,0
2022-07-22 20:00:00,1723.65,1726.01,1721.66,1724.08,0
2022-07-22 21:00:00,1724.02,1727.64,1723.58,1727.38,0
2022-07-24 23:00:00,1726.7,1727.02,1725.46,1726.26,0
2022-07-25 00:00:00,1726.26,1726.26,1724.38,1724.68,0
2022-07-25 01:00:00,1724.7,1724.7,1720.56,1720.57,0
2022-07-25 02:00:00,1720.59,1725.26,1719.94,1724.58,0
2022-07-25 03:00:00,1724.64,1727.68,1723.88,1727.46,0
2022-07-25 04:00:00,1727.44,1728.89,1726.54,1727.45,0
2022-07-25 05:00:00,1727.46,1727.9,1725.82,1726.71,0
2022-07-25 06:00:00,1726.6,1726.93,1723.81,1725.35,0
2022-07-25 07:00:00,1725.34,1727.34,1724.04,1725.95,0
2022-07-25 08:00:00,1725.92,1729.2,1725.09,1725.64,0
2022-07-25 09:00:00,1725.67,1730.32,1725.36,1728.52,0
2022-07-25 10:00:00,1728.5,1736.22,1728.28,1734.98,0
2022-07-25 11:00:00,1734.98,1735.33,1729.79,1731.73,0
2022-07-25 12:00:00,1731.71,1731.71,1725.91,1725.98,0
2022-07-25 13:00:00,1726.24,1727.4,1724.16,1724.73,0
2022-07-25 14:00:00,1724.73,1725.46,1719.18,1720.15,0
2022-07-25 15:00:00,1720.18,1720.44,1714.74,1716.46,0
2022-07-25 16:00:00,1716.46,1718.78,1715.28,1716.48,0
2022-07-25 17:00:00,1716.48,1719.2,1715.52,1718.0,0
2022-07-25 18:00:00,1718.0,1721.43,1717.6,1719.26,0
2022-07-25 19:00:00,1719.28,1719.61,1716.18,1716.56,0
2022-07-25 20:00:00,1716.56,1719.62,1716.46,1719.09,0
2022-07-25 21:00:00,1719.15,1719.89,1718.2,1719.64,0
2022-07-25 23:00:00,1719.11,1719.34,1718.04,1718.7,0
2022-07-26 00:00:00,1718.65,1719.4,1718.38,1719.08,0
2022-07-26 01:00:00,1719.08,1722.09,1718.78,1721.42,0
2022-07-26 02:00:00,1721.42,1728.16,1720.9,1727.06,0
2022-07-26 03:00:00,1727.16,1727.81,1725.15,1725.46,0
2022-07-26 04:00:00,1725.46,1726.21,1724.0,1724.1,0
2022-07-26 05:00:00,1724.1,1724.3,1721.44,1721.67,0
2022-07-26 06:00:00,1721.68,1723.44,1721.1,1721.44,0
2022-07-26 07:00:00,1721.45,1726.64,1721.4,1725.12,0
2022-07-26 08:00:00,1725.08,1727.91,1724.38,1724.82,0
2022-07-26 09:00:00,1724.81,1725.82,1721.44,1722.76,0
2022-07-26 10:00:00,1722.76,1724.45,1718.92,1720.1,0
2022-07-26 11:00:00,1720.1,1720.87,1716.48,1718.54,0
2022-07-26 12:00:00,1718.49,1719.38,1716.14,1717.81,0
2022-07-26 13:00:00,1717.85,1720.96,1713.62,1719.26,0
2022-07-26 14:00:00,1719.26,1721.93,1716.46,1720.06,0
2022-07-26 15:00:00,1720.0,1721.6,1714.42,1719.12,0
2022-07-26 16:00:00,1719.23,1720.56,1715.9,1716.99,0
2022-07-26 17:00:00,1717.07,1719.38,1716.62,1719.14,0
2022-07-26 18:00:00,1719.14,1720.19,1716.92,1717.38,0
2022-07-26 19:00:00,1717.38,1719.03,1716.36,1717.1,0
2022-07-26 20:00:00,1717.17,1718.03,1716.76,1717.64,0
2022-07-26 21:00:00,1717.54,1717.78,1716.91,1717.2,0
2022-07-26 23:00:00,1717.41,1718.54,1717.28,1718.28,0
2022-07-27 00:00:00,1718.28,1718.66,1717.48,1718.02,0
2022-07-27 01:00:00,1717.98,1720.14,1717.98,1718.97,0
2022-07-27 02:00:00,1719.18,1719.77,1715.87,1717.1,0
2022-07-27 03:00:00,1717.1,1717.72,1715.83,1715.98,0
2022-07-27 04:00:00,1715.96,1718.2,1715.86,1716.76,0
2022-07-27 05:00:00,1716.76,1717.24,1713.62,1714.97,0
2022-07-27 06:00:00,1714.94,1719.84,1714.5,1718.98,0
2022-07-27 07:00:00,1718.86,1720.22,1718.23,1719.08,0
2022-07-27 08:00:00,1719.08,1721.89,1717.8,1719.78,0
2022-07-27 09:00:00,1719.82,1725.16,1719.67,1723.55,0
2022-07-27 10:00:00,1723.5,1724.43,1721.2,1722.24,0
2022-07-27 11:00:00,1722.21,1723.99,1719.9,1720.01,0
2022-07-27 12:00:00,1719.96,1722.62,1719.89,1720.64,0
2022-07-27 13:00:00,1720.64,1723.2,1717.86,1718.14,0
2022-07-27 14:00:00,1718.04,1718.94,1711.5,1714.77,0
2022-07-27 15:00:00,1714.84,1717.35,1712.9,1716.98,0
2022-07-27 16:00:00,1716.98,1720.34,1716.52,1718.86,0
2022-07-27 17:00:00,1718.86,1721.31,1718.54,1720.77,0
2022-07-27 18:00:00,1720.77,1722.92,1720.48,1721.62,0
2022-07-27 19:00:00,1721.63,1738.26,1719.38,1734.82,0
2022-07-27 20:00:00,1735.04,1740.24,1733.43,1734.48,0
2022-07-27 21:00:00,1734.52,1735.94,1733.16,1734.33,0
2022-07-27 23:00:00,1734.65,1735.74,1734.08,1735.51,0
2022-07-28 00:00:00,1735.54,1740.22,1735.53,1738.75,0
2022-07-28 01:00:00,1738.75,1739.8,1736.31,1736.54,0
2022-07-28 02:00:00,1736.6,1741.68,1735.48,1738.13,0
2022-07-28 03:00:00,1738.16,1738.44,1734.07,1737.9,0
2022-07-28 04:00:00,1737.9,1739.42,1736.32,1736.93,0
2022-07-28 05:00:00,1736.92,1737.4,1735.54,1736.3,0
2022-07-28 06:00:00,1736.3,1738.9,1735.38,1738.81,0
2022-07-28 07:00:00,1738.78,1741.86,1738.19,1741.31,0
2022-07-28 08:00:00,1741.3,1744.7,1739.58,1744.26,0
2022-07-28 09:00:00,1744.25,1748.5,1743.29,1745.76,0
2022-07-28 10:00:00,1745.7,1747.04,1741.02,1741.3,0
2022-07-28 11:00:00,1741.38,1742.87,1738.01,1740.32,0
2022-07-28 12:00:00,1740.32,1740.98,1737.8,1740.34,0
2022-07-28 13:00:00,1740.38,1749.88,1736.1,1744.72,0
2022-07-28 14:00:00,1744.68,1754.8,1741.1,1751.18,0
2022-07-28 15:00:00,1751.32,1755.74,1747.74,1755.22,0
2022-07-28 16:00:00,1755.23,1756.83,1752.09,1753.03,0
2022-07-28 17:00:00,1752.95,1755.28,1750.56,1753.93,0
2022-07-28 18:00:00,1753.9,1755.35,1750.8,1752.7,0
2022-07-28 19:00:00,1752.65,1753.52,1750.35,1753.48,0
2022-07-28 20:00:00,1753.42,1755.56,1753.17,1755.32,0
2022-07-28 21:00:00,1755.3,1757.1,1754.82,1755.83,0
2022-07-28 23:00:00,1755.31,1755.57,1754.24,1755.2,0
2022-07-29 00:00:00,1755.3,1755.56,1754.26,1754.87,0
2022-07-29 01:00:00,1754.95,1756.26,1753.89,1755.81,0
2022-07-29 02:00:00,1755.8,1756.04,1752.7,1753.52,0
2022-07-29 03:00:00,1753.5,1755.48,1753.36,1755.46,0
2022-07-29 04:00:00,1755.46,1764.0,1755.32,1762.92,0
2022-07-29 05:00:00,1762.88,1763.58,1760.59,1761.48,0
2022-07-29 06:00:00,1761.48,1765.05,1760.99,1763.66,0
2022-07-29 07:00:00,1763.65,1767.94,1763.18,1766.89,0
2022-07-29 08:00:00,1766.73,1767.6,1764.14,1766.47,0
2022-07-29 09:00:00,1766.43,1766.43,1761.89,1763.8,0
2022-07-29 10:00:00,1763.77,1764.44,1756.28,1760.22,0
2022-07-29 11:00:00,1760.22,1763.37,1759.65,1762.6,0
2022-07-29 12:00:00,1762.54,1762.54,1758.78,1761.23,0
2022-07-29 13:00:00,1761.61,1761.74,1755.72,1757.32,0
2022-07-29 14:00:00,1757.31,1759.49,1752.84,1754.12,0
2022-07-29 15:00:00,1754.04,1763.42,1752.07,1762.93,0
2022-07-29 16:00:00,1762.81,1767.14,1762.12,1765.88,0
2022-07-29 17:00:00,1765.88,1766.7,1761.89,1763.5,0
2022-07-29 18:00:00,1763.54,1766.46,1762.33,1765.48,0
2022-07-29 19:00:00,1765.44,1766.6,1763.78,1763.9,0
2022-07-29 20:00:00,1763.89,1765.16,1760.9,1761.41,0
2022-07-29 21:00:00,1761.42,1766.22,1761.42,1766.0,0
2022-07-31 23:00:00,1764.18,1765.3,1763.01,1763.25,0
2022-08-01 00:00:00,1763.27,1763.46,1760.86,1762.22,0
2022-08-01 01:00:00,1762.32,1764.22,1760.46,1762.71,0
2022-08-01 02:00:00,1762.7,1765.86,1761.12,1763.57,0
2022-08-01 03:00:00,1763.56,1765.72,1763.38,1764.62,0
2022-08-01 04:00:00,1764.62,1765.02,1761.36,1762.14,0
2022-08-01 05:00:00,1762.14,1762.53,1759.74,1760.36,0
2022-08-01 06:00:00,1760.33,1761.1,1758.36,1759.08,0
2022-08-01 07:00:00,1759.04,1764.84,1759.04,1763.18,0
2022-08-01 08:00:00,1763.2,1767.46,1762.78,1764.44,0
2022-08-01 09:00:00,1764.54,1767.18,1762.25,1765.49,0
2022-08-01 10:00:00,1765.49,1773.62,1764.8,1773.5,0
2022-08-01 11:00:00,1773.5,1774.9,1771.06,1771.35,0
2022-08-01 12:00:00,1771.35,1773.42,1771.22,1772.65,0
2022-08-01 13:00:00,1772.68,1775.24,1765.72,1769.43,0
2022-08-01 14:00:00,1769.42,1774.75,1768.46,1773.54,0
2022-08-01 15:00:00,1772.21,1773.26,1766.29,1768.24,0
2022-08-01 16:00:00,1768.42,1769.82,1764.24,1768.82,0
2022-08-01 17:00:00,1768.68,1773.43,1768.09,1773.03,0
2022-08-01 18:00:00,1773.03,1773.03,1768.78,1769.06,0
2022-08-01 19:00:00,1769.13,1769.84,1766.54,1769.28,0
2022-08-01 20:00:00,1769.24,1771.83,1768.74,1770.96,0
2022-08-01 21:00:00,1771.0,1772.63,1770.86,1772.12,0
2022-08-01 23:00:00,1771.68,1772.22,1771.0,1771.72,0
2022-08-02 00:00:00,1771.72,1772.36,1771.3,1772.28,0
2022-08-02 01:00:00,1772.33,1780.56,1770.84,1780.3,0
2022-08-02 02:00:00,1780.33,1780.33,1776.08,1777.55,0
2022-08-02 03:00:00,1777.47,1778.76,1774.02,1775.66,0
2022-08-02 04:00:00,1775.65,1775.65,1772.81,1774.72,0
2022-08-02 05:00:00,1774.72,1774.89,1772.79,1772.92,0
2022-08-02 06:00:00,1772.9,1774.58,1771.42,1772.48,0
2022-08-02 07:00:00,1772.52,1776.14,1771.76,1774.53,0
2022-08-02 08:00:00,1774.42,1775.09,1768.86,1772.23,0
2022-08-02 09:00:00,1772.2,1774.28,1770.44,1773.4,0
2022-08-02 10:00:00,1773.4,1775.12,1772.59,1774.64,0
2022-08-02 11:00:00,1774.65,1776.42,1773.44,1773.72,0
2022-08-02 12:00:00,1773.72,1779.8,1773.48,1778.62,0
2022-08-02 13:00:00,1778.62,1788.09,1777.98,1785.04,0
2022-08-02 14:00:00,1785.11,1785.63,1774.64,1780.45,0
2022-08-02 15:00:00,1780.47,1786.16,1775.88,1776.8,0
2022-08-02 16:00:00,1776.85,1782.16,1775.5,1778.01,0
2022-08-02 17:00:00,1778.05,1778.44,1773.26,1776.22,0
2022-08-02 18:00:00,1776.11,1777.16,1770.18,1770.34,0
2022-08-02 19:00:00,1770.43,1770.43,1765.45,1766.36,0
2022-08-02 20:00:00,1766.35,1767.45,1760.5,1760.63,0
2022-08-02 21:00:00,1760.66,1763.72,1760.58,1761.04,0
2022-08-02 23:00:00,1761.28,1761.97,1756.12,1759.76,0
2022-08-03 00:00:00,1759.72,1759.82,1755.04,1756.7,0
2022-08-03 01:00:00,1756.68,1759.64,1755.78,1756.75,0
2022-08-03 02:00:00,1756.68,1764.99,1755.55,1764.78,0
2022-08-03 03:00:00,1764.81,1767.14,1763.75,1765.38,0
2022-08-03 04:00:00,1765.38,1769.39,1765.28,1768.92,0
2022-08-03 05:00:00,1768.91,1769.93,1767.88,1768.88,0
2022-08-03 06:00:00,1768.88,1770.66,1767.09,1769.6,0
2022-08-03 07:00:00,1769.56,1769.56,1766.93,1767.82,0
2022-08-03 08:00:00,1767.93,1769.76,1765.14,1766.16,0
2022-08-03 09:00:00,1766.28,1768.38,1764.1,1765.14,0
2022-08-03 10:00:00,1765.13,1766.84,1764.9,1765.81,0
2022-08-03 11:00:00,1765.82,1766.4,1760.2,1763.32,0
2022-08-03 12:00:00,1763.32,1767.34,1763.2,1765.5,0
2022-08-03 13:00:00,1765.5,1772.5,1762.92,1771.94,0
2022-08-03 14:00:00,1771.96,1772.8,1764.62,1766.82,0
2022-08-03 15:00:00,1764.96,1764.96,1754.3,1757.42,0
2022-08-03 16:00:00,1757.46,1759.94,1756.6,1758.51,0
2022-08-03 17:00:00,1758.5,1761.52,1757.44,1759.42,0
2022-08-03 18:00:00,1759.46,1762.39,1758.89,1761.93,0
2022-08-03 19:00:00,1761.94,1763.54,1760.2,1762.48,0
2022-08-03 20:00:00,1762.47,1766.26,1762.24,1765.26,0
2022-08-03 21:00:00,1765.28,1766.1,1764.75,1765.47,0
2022-08-03 23:00:00,1765.22,1765.81,1763.25,1763.36,0
2022-08-04 00:00:00,1763.26,1764.66,1763.26,1763.66,0
2022-08-04 01:00:00,1763.74,1767.54,1763.38,1767.46,0
2022-08-04 02:00:00,1767.47,1769.63,1766.02,1768.18,0
2022-08-04 03:00:00,1768.13,1769.35,1766.96,1769.3,0
2022-08-04 04:00:00,1769.3,1771.54,1769.25,1770.75,0
2022-08-04 05:00:00,1770.74,1772.0,1770.2,1770.98,0
2022-08-04 06:00:00,1770.98,1774.67,1769.45,1769.94,0
2022-08-04 07:00:00,1770.07,1772.67,1769.13,1771.74,0
2022-08-04 08:00:00,1771.73,1774.86,1771.13,1773.06,0
2022-08-04 09:00:00,1773.02,1777.01,1772.77,1776.36,0
2022-08-04 10:00:00,1776.39,1780.2,1776.09,1779.76,0
2022-08-04 11:00:00,1779.77,1783.12,1778.29,1781.61,0
2022-08-04 12:00:00,1781.57,1786.22,1780.56,1785.67,0
2022-08-04 13:00:00,1785.67,1788.26,1780.71,1780.71,0
2022-08-04 14:00:00,1780.79,1784.14,1774.33,1783.49,0
2022-08-04 15:00:00,1783.5,1787.74,1782.16,1785.83,0
2022-08-04 16:00:00,1785.8,1790.16,1785.28,1787.78,0
2022-08-04 17:00:00,1787.79,1791.5,1787.2,1790.54,0
2022-08-04 18:00:00,1790.51,1792.82,1789.43,1791.87,0
2022-08-04 19:00:00,1791.86,1794.94,1791.27,1794.69,0
2022-08-04 20:00:00,1794.8,1794.86,1792.0,1793.63,0
2022-08-04 21:00:00,1793.63,1793.74,1790.65,1791.13,0
2022-08-04 23:00:00,1790.61,1791.12,1789.68,1791.06,0
2022-08-05 00:00:00,1791.12,1793.68,1791.12,1793.38,0
2022-08-05 01:00:00,1793.25,1794.9,1791.84,1794.05,0
2022-08-05 02:00:00,1794.05,1794.88,1788.76,1790.16,0
2022-08-05 03:00:00,1790.12,1791.4,1788.8,1791.07,0
2022-08-05 04:00:00,1791.07,1793.14,1790.95,1792.2,0
2022-08-05 05:00:00,1792.16,1792.94,1791.13,1791.84,0
2022-08-05 06:00:00,1791.8,1792.74,1789.91,1791.38,0
2022-08-05 07:00:00,1791.46,1792.4,1788.58,1790.84,0
2022-08-05 08:00:00,1790.8,1792.43,1788.72,1790.5,0
2022-08-05 09:00:00,1790.5,1790.72,1785.47,1787.36,0
2022-08-05 10:00:00,1787.37,1788.08,1785.38,1786.6,0
2022-08-05 11:00:00,1786.65,1786.89,1783.9,1785.22,0
2022-08-05 12:00:00,1785.2,1788.58,1783.97,1787.88,0
2022-08-05 13:00:00,1787.88,1789.25,1767.45,1769.11,0
2022-08-05 14:00:00,1769.04,1775.2,1765.02,1775.0,0
2022-08-05 15:00:00,1775.0,1779.16,1773.25,1777.92,0
2022-08-05 16:00:00,1777.96,1778.0,1772.81,1773.76,0
2022-08-05 17:00:00,1773.73,1775.34,1771.58,1774.36,0
2022-08-05 18:00:00,1774.36,1776.08,1773.38,1775.08,0
2022-08-05 19:00:00,1775.06,1776.0,1772.4,1772.7,0
2022-08-05 20:00:00,1772.7,1775.38,1771.92,1773.6,0
2022-08-05 21:00:00,1773.67,1775.69,1773.09,1775.42,0
2022-08-07 23:00:00,1772.53,1775.11,1770.82,1773.87,0
2022-08-08 00:00:00,1773.87,1775.16,1773.84,1774.63,0
2022-08-08 01:00:00,1774.63,1774.63,1771.16,1774.27,0
2022-08-08 02:00:00,1774.27,1775.46,1773.55,1775.0,0
2022-08-08 03:00:00,1775.0,1775.29,1773.58,1773.66,0
2022-08-08 04:00:00,1773.66,1773.67,1771.92,1773.42,0
2022-08-08 05:00:00,1773.45,1773.69,1771.66,1772.02,0
2022-08-08 06:00:00,1772.01,1776.56,1771.39,1775.12,0
2022-08-08 07:00:00,1775.12,1775.29,1773.32,1774.86,0
2022-08-08 08:00:00,1774.8,1779.19,1774.52,1777.75,0
2022-08-08 09:00:00,1777.75,1777.75,1772.58,1774.04,0
2022-08-08 10:00:00,1774.04,1777.67,1772.96,1777.67,0
2022-08-08 11:00:00,1777.67,1780.08,1776.36,1779.98,0
2022-08-08 12:00:00,1779.98,1783.24,1779.8,1782.9,0
2022-08-08 13:00:00,1782.9,1786.58,1781.36,1781.9,0
2022-08-08 14:00:00,1781.9,1784.92,1780.67,1784.74,0
2022-08-08 15:00:00,1784.72,1789.73,1782.98,1787.5,0
2022-08-08 16:00:00,1787.6,1790.05,1786.16,1787.19,0
2022-08-08 17:00:00,1787.22,1788.29,1785.7,1787.67,0
2022-08-08 18:00:00,1787.68,1789.18,1787.08,1787.65,0
2022-08-08 19:00:00,1787.72,1789.44,1786.46,1787.38,0
2022-08-08 20:00:00,1787.34,1788.84,1787.05,1788.54,0
2022-08-08 21:00:00,1788.54,1789.61,1788.28,1788.98,0
2022-08-08 23:00:00,1788.82,1788.94,1788.22,1788.3,0
2022-08-09 00:00:00,1788.3,1790.8,1787.94,1789.26,0
2022-08-09 01:00:00,1789.22,1790.22,1788.07,1789.08,0
2022-08-09 02:00:00,1789.18,1790.08,1783.83,1783.87,0
2022-08-09 03:00:00,1783.84,1785.38,1783.26,1785.34,0
2022-08-09 04:00:00,1785.34,1787.92,1785.27,1785.76,0
2022-08-09 05:00:00,1785.76,1786.68,1785.32,1786.22,0
2022-08-09 06:00:00,1786.22,1788.82,1785.45,1788.66,0
2022-08-09 07:00:00,1788.72,1789.16,1784.44,1785.7,0
2022-08-09 08:00:00,1785.68,1787.7,1783.54,1787.13,0
2022-08-09 09:00:00,1787.13,1793.43,1786.42,1790.4,0
2022-08-09 10:00:00,1790.39,1792.2,1788.28,1791.06,0
2022-08-09 11:00:00,1791.04,1794.66,1790.22,1791.09,0
2022-08-09 12:00:00,1791.06,1792.68,1789.47,1789.48,0
2022-08-09 13:00:00,1789.48,1794.12,1788.02,1793.88,0
2022-08-09 14:00:00,1793.99,1800.4,1792.64,1797.7,0
2022-08-09 15:00:00,1797.65,1797.94,1790.48,1791.04,0
2022-08-09 16:00:00,1791.04,1796.22,1790.18,1796.17,0
2022-08-09 17:00:00,1796.17,1798.3,1794.83,1795.24,0
2022-08-09 18:00:00,1795.27,1796.54,1793.82,1794.36,0
2022-08-09 19:00:00,1794.44,1795.45,1793.36,1794.48,0
2022-08-09 20:00:00,1794.48,1796.1,1794.02,1794.06,0
2022-08-09 21:00:00,1794.05,1795.07,1793.6,1794.31,0
2022-08-09 23:00:00,1794.55,1794.74,1793.75,1793.76,0
2022-08-10 00:00:00,1793.78,1794.56,1793.36,1794.22,0
2022-08-10 01:00:00,1794.21,1794.28,1791.68,1792.82,0
2022-08-10 02:00:00,1792.67,1793.3,1791.1,1793.0,0
2022-08-10 03:00:00,1793.0,1794.68,1792.66,1793.85,0
2022-08-10 04:00:00,1793.84,1794.13,1791.02,1791.34,0
2022-08-10 05:00:00,1791.33,1791.56,1789.88,1790.47,0
2022-08-10 06:00:00,1790.45,1790.48,1788.27,1788.4,0
2022-08-10 07:00:00,1788.32,1789.56,1787.61,1789.0,0
2022-08-10 08:00:00,1789.0,1791.83,1788.63,1790.45,0
2022-08-10 09:00:00,1790.48,1793.08,1788.66,1792.42,0
2022-08-10 10:00:00,1792.41,1795.16,1791.72,1794.21,0
2022-08-10 11:00:00,1794.21,1795.35,1790.45,1790.92,0
2022-08-10 12:00:00,1790.9,1793.02,1789.21,1792.4,0
2022-08-10 13:00:00,1792.42,1807.92,1788.16,1797.38,0
2022-08-10 14:00:00,1797.26,1800.0,1791.66,1795.81,0
2022-08-10 15:00:00,1795.74,1802.39,1795.02,1802.03,0
2022-08-10 16:00:00,1802.0,1802.48,1797.01,1798.08,0
2022-08-10 17:00:00,1798.06,1800.16,1796.7,1798.22,0
2022-08-10 18:00:00,1798.22,1798.54,1794.73,1794.74,0
2022-08-10 19:00:00,1794.84,1795.21,1789.08,1789.69,0
2022-08-10 20:00:00,1789.6,1790.66,1788.18,1790.36,0
2022-08-10 21:00:00,1790.32,1792.28,1790.01,1792.19,0
2022-08-10 23:00:00,1792.08,1792.92,1790.94,1791.22,0
2022-08-11 00:00:00,1791.22,1791.86,1790.38,1791.78,0
2022-08-11 01:00:00,1791.77,1792.5,1789.66,1790.55,0
2022-08-11 02:00:00,1790.55,1790.6,1787.26,1788.16,0
2022-08-11 03:00:00,1788.23,1788.32,1784.48,1785.38,0
2022-08-11 04:00:00,1785.38,1787.9,1785.21,1785.85,0
2022-08-11 05:00:00,1785.86,1787.18,1784.2,1785.34,0
2022-08-11 06:00:00,1785.3,1786.79,1783.58,1786.46,0
2022-08-11 07:00:00,1786.46,1787.65,1783.92,1786.52,0
2022-08-11 08:00:00,1786.5,1788.34,1785.48,1788.06,0
2022-08-11 09:00:00,1788.04,1789.85,1785.72,1789.66,0
2022-08-11 10:00:00,1789.67,1790.36,1787.86,1790.27,0
2022-08-11 11:00:00,1790.24,1791.71,1789.08,1790.92,0
2022-08-11 12:00:00,1790.79,1795.13,1790.71,1794.92,0
2022-08-11 13:00:00,1794.92,1799.24,1792.76,1796.82,0
2022-08-11 14:00:00,1796.75,1799.27,1791.11,1797.08,0
2022-08-11 15:00:00,1797.06,1798.11,1791.45,1792.58,0
2022-08-11 16:00:00,1792.6,1793.78,1786.42,1790.44,0
2022-08-11 17:00:00,1790.45,1791.43,1788.56,1788.93,0
2022-08-11 18:00:00,1788.95,1791.96,1788.16,1789.33,0
2022-08-11 19:00:00,1789.34,1789.37,1787.04,1788.13,0
2022-08-11 20:00:00,1788.2,1788.5,1785.08,1785.69,0
2022-08-11 21:00:00,1785.61,1790.15,1785.61,1789.44,0
2022-08-11 23:00:00,1789.82,1789.88,1787.78,1787.86,0
2022-08-12 00:00:00,1787.86,1789.8,1787.28,1789.01,0
2022-08-12 01:00:00,1788.96,1789.6,1786.76,1788.4,0
2022-08-12 02:00:00,1788.48,1789.19,1786.72,1787.25,0
2022-08-12 03:00:00,1787.25,1789.24,1786.22,1788.94,0
2022-08-12 04:00:00,1788.94,1791.46,1788.72,1791.1,0
2022-08-12 05:00:00,1791.1,1792.58,1790.49,1790.7,0
2022-08-12 06:00:00,1790.7,1792.56,1790.08,1790.59,0
2022-08-12 07:00:00,1790.62,1793.46,1790.45,1793.26,0
2022-08-12 08:00:00,1793.26,1794.12,1787.32,1788.81,0
2022-08-12 09:00:00,1788.79,1789.83,1786.08,1787.38,0
2022-08-12 10:00:00,1787.4,1788.69,1786.14,1787.48,0
2022-08-12 11:00:00,1787.6,1788.49,1785.87,1788.1,0
2022-08-12 12:00:00,1788.1,1789.68,1784.94,1785.36,0
2022-08-12 13:00:00,1785.34,1794.36,1785.02,1793.44,0
2022-08-12 14:00:00,1793.44,1798.74,1792.57,1797.86,0
2022-08-12 15:00:00,1797.36,1797.36,1790.44,1793.17,0
2022-08-12 16:00:00,1793.22,1797.63,1792.32,1794.93,0
2022-08-12 17:00:00,1794.94,1798.62,1794.94,1797.22,0
2022-08-12 18:00:00,1797.29,1801.98,1797.11,1798.99,0
2022-08-12 19:00:00,1799.0,1801.89,1798.14,1801.32,0
2022-08-12 20:00:00,1801.36,1802.17,1799.6,1801.48,0
2022-08-12 21:00:00,1801.51,1802.02,1800.3,1801.62,0
2022-08-14 23:00:00,1802.03,1802.27,1799.74,1800.3,0
2022-08-15 00:00:00,1800.3,1800.6,1799.04,1799.16,0
2022-08-15 01:00:00,1799.11,1801.64,1798.78,1801.2,0
2022-08-15 02:00:00,1801.18,1801.72,1796.82,1797.38,0
2022-08-15 03:00:00,1797.38,1797.39,1794.71,1796.36,0
2022-08-15 04:00:00,1796.38,1796.92,1793.94,1795.43,0
2022-08-15 05:00:00,1795.43,1795.5,1793.65,1794.54,0
2022-08-15 06:00:00,1794.54,1794.76,1792.22,1792.38,0
2022-08-15 07:00:00,1792.38,1793.04,1791.48,1791.68,0
2022-08-15 08:00:00,1791.64,1792.0,1786.24,1786.96,0
2022-08-15 09:00:00,1787.04,1788.16,1781.85,1783.56,0
2022-08-15 10:00:00,1783.56,1784.5,1777.74,1779.57,0
2022-08-15 11:00:00,1779.57,1780.96,1774.95,1778.38,0
2022-08-15 12:00:00,1778.38,1778.39,1773.02,1775.12,0
2022-08-15 13:00:00,1775.22,1786.44,1773.11,1780.0,0
2022-08-15 14:00:00,1780.02,1782.76,1776.13,1777.86,0
2022-08-15 15:00:00,1777.89,1779.3,1775.77,1779.08,0
2022-08-15 16:00:00,1779.08,1781.46,1777.63,1780.81,0
2022-08-15 17:00:00,1780.81,1783.01,1779.12,1782.75,0
2022-08-15 18:00:00,1782.78,1784.13,1780.1,1780.18,0
2022-08-15 19:00:00,1780.15,1780.22,1777.54,1778.73,0
2022-08-15 20:00:00,1778.76,1780.87,1778.5,1778.98,0
2022-08-15 21:00:00,1778.9,1780.47,1778.56,1779.42,0
2022-08-15 23:00:00,1779.52,1779.83,1778.47,1778.52,0
2022-08-16 00:00:00,1778.52,1779.54,1777.78,1778.56,0
2022-08-16 01:00:00,1778.66,1779.7,1777.58,1777.74,0
2022-08-16 02:00:00,1777.76,1780.6,1776.87,1779.54,0
2022-08-16 03:00:00,1779.55,1782.57,1779.5,1782.56,0
2022-08-16 04:00:00,1782.56,1783.16,1781.29,1781.32,0
2022-08-16 05:00:00,1781.32,1782.18,1780.76,1782.06,0
2022-08-16 06:00:00,1782.06,1782.2,1780.5,1781.66,0
2022-08-16 07:00:00,1781.66,1782.06,1779.64,1780.6,0
2022-08-16 08:00:00,1780.6,1780.8,1775.99,1776.02,0
2022-08-16 09:00:00,1775.98,1777.04,1774.02,1775.5,0
2022-08-16 10:00:00,1775.5,1777.09,1774.96,1775.76,0
2022-08-16 11:00:00,1775.76,1777.94,1773.92,1777.67,0
2022-08-16 12:00:00,1777.68,1777.78,1775.31,1776.02,0
2022-08-16 13:00:00,1776.03,1778.6,1771.46,1771.81,0
2022-08-16 14:00:00,1771.84,1777.8,1771.84,1775.74,0
2022-08-16 15:00:00,1775.74,1778.63,1774.16,1775.91,0
2022-08-16 16:00:00,1775.93,1777.58,1773.6,1774.36,0
2022-08-16 17:00:00,1774.34,1776.92,1772.84,1776.28,0
2022-08-16 18:00:00,1776.22,1776.98,1774.02,1776.38,0
2022-08-16 19:00:00,1776.34,1777.26,1775.0,1777.08,0
2022-08-16 20:00:00,1777.05,1777.58,1775.76,1775.88,0
2022-08-16 21:00:00,1775.86,1776.0,1775.1,1775.46,0
2022-08-16 23:00:00,1775.72,1775.92,1775.07,1775.36,0
2022-08-17 00:00:00,1775.38,1776.14,1775.18,1775.66,0
2022-08-17 01:00:00,1775.66,1775.73,1773.88,1774.78,0
2022-08-17 02:00:00,1774.76,1776.38,1774.0,1774.9,0
2022-08-17 03:00:00,1774.84,1776.96,1774.84,1776.29,0
2022-08-17 04:00:00,1776.28,1776.58,1774.82,1775.87,0
2022-08-17 05:00:00,1775.87,1779.22,1775.48,1778.68,0
2022-08-17 06:00:00,1778.7,1781.68,1778.02,1781.66,0
2022-08-17 07:00:00,1781.68,1782.34,1776.7,1776.8,0
2022-08-17 08:00:00,1776.8,1777.4,1773.47,1773.57,0
2022-08-17 09:00:00,1773.56,1776.99,1772.01,1775.16,0
2022-08-17 10:00:00,1775.2,1775.2,1772.6,1773.56,0
2022-08-17 11:00:00,1773.56,1774.55,1771.08,1772.18,0
2022-08-17 12:00:00,1772.22,1772.62,1767.43,1769.32,0
2022-08-17 13:00:00,1769.3,1773.63,1764.82,1771.6,0
2022-08-17 14:00:00,1771.62,1773.52,1765.16,1767.74,0
2022-08-17 15:00:00,1767.84,1769.88,1765.42,1766.16,0
2022-08-17 16:00:00,1766.15,1766.53,1761.36,1762.17,0
2022-08-17 17:00:00,1762.19,1763.26,1759.87,1762.54,0
2022-08-17 18:00:00,1762.6,1763.82,1761.19,1761.7,0
2022-08-17 19:00:00,1761.7,1770.26,1761.7,1766.64,0
2022-08-17 20:00:00,1766.64,1767.9,1764.24,1764.54,0
2022-08-17 21:00:00,1764.54,1765.36,1761.98,1762.0,0
2022-08-17 23:00:00,1762.41,1763.93,1762.31,1762.32,0
2022-08-18 00:00:00,1762.32,1765.04,1762.32,1764.95,0
2022-08-18 01:00:00,1764.95,1766.34,1764.35,1765.44,0
2022-08-18 02:00:00,1765.45,1767.58,1765.19,1765.83,0
2022-08-18 03:00:00,1765.83,1765.9,1763.92,1765.35,0
2022-08-18 04:00:00,1765.35,1765.55,1761.82,1762.39,0
2022-08-18 05:00:00,1762.4,1763.44,1761.72,1763.32,0
2022-08-18 06:00:00,1763.32,1765.42,1762.93,1763.29,0
2022-08-18 07:00:00,1763.28,1763.49,1760.92,1761.46,0
2022-08-18 08:00:00,1761.44,1763.44,1761.22,1762.74,0
2022-08-18 09:00:00,1762.76,1766.3,1762.66,1766.19,0
2022-08-18 10:00:00,1766.19,1769.1,1765.4,1768.94,0
2022-08-18 11:00:00,1768.94,1770.74,1768.46,1769.99,0
2022-08-18 12:00:00,1770.01,1772.42,1769.38,1770.5,0
2022-08-18 13:00:00,1770.55,1772.04,1766.6,1767.34,0
2022-08-18 14:00:00,1767.34,1769.98,1762.77,1765.76,0
2022-08-18 15:00:00,1765.77,1766.6,1761.91,1762.3,0
2022-08-18 16:00:00,1762.3,1763.39,1757.79,1759.82,0
2022-08-18 17:00:00,1759.82,1760.02,1756.55,1757.28,0
2022-08-18 18:00:00,1757.26,1759.34,1755.44,1758.5,0
2022-08-18 19:00:00,1758.5,1759.83,1757.84,1759.62,0
2022-08-18 20:00:00,1759.6,1761.3,1759.06,1759.64,0
2022-08-18 21:00:00,1759.66,1759.72,1758.21,1758.38,0
2022-08-18 23:00:00,1759.06,1759.31,1757.36,1757.38,0
2022-08-19 00:00:00,1757.38,1759.28,1757.25,1758.43,0
2022-08-19 01:00:00,1758.43,1758.6,1754.83,1755.46,0
2022-08-19 02:00:00,1755.48,1757.66,1753.63,1754.66,0
2022-08-19 03:00:00,1754.66,1757.78,1754.6,1757.52,0
2022-08-19 04:00:00,1757.52,1757.52,1753.46,1754.24,0
2022-08-19 05:00:00,1754.26,1754.28,1751.85,1753.15,0
2022-08-19 06:00:00,1753.15,1757.02,1752.35,1755.7,0
2022-08-19 07:00:00,1755.73,1757.4,1754.84,1756.08,0
2022-08-19 08:00:00,1756.08,1756.08,1753.1,1754.02,0
2022-08-19 09:00:00,1754.0,1754.56,1751.92,1754.18,0
2022-08-19 10:00:00,1754.19,1754.67,1752.8,1753.52,0
2022-08-19 11:00:00,1753.5,1753.5,1749.84,1751.26,0
2022-08-19 12:00:00,1751.28,1753.53,1749.91,1753.02,0
2022-08-19 13:00:00,1753.06,1757.6,1749.9,1756.43,0
2022-08-19 14:00:00,1756.42,1758.12,1750.84,1751.58,0
2022-08-19 15:00:00,1751.6,1752.54,1745.8,1748.11,0
2022-08-19 16:00:00,1748.07,1750.51,1747.12,1749.12,0
2022-08-19 17:00:00,1749.14,1750.97,1748.77,1749.82,0
2022-08-19 18:00:00,1749.85,1750.28,1748.34,1749.68,0
2022-08-19 19:00:00,1749.68,1749.82,1746.62,1746.74,0
2022-08-19 20:00:00,1746.83,1747.69,1745.58,1746.61,0
2022-08-19 21:00:00,1746.53,1747.64,1746.28,1747.28,0
2022-08-21 23:00:00,1746.32,1748.14,1745.0,1747.32,0
2022-08-22 00:00:00,1747.32,1747.68,1745.09,1745.74,0
2022-08-22 01:00:00,1745.7,1746.64,1744.98,1745.38,0
2022-08-22 02:00:00,1745.48,1747.5,1745.06,1746.13,0
2022-08-22 03:00:00,1746.13,1748.3,1745.97,1748.02,0
2022-08-22 04:00:00,1748.02,1749.12,1746.34,1746.57,0
2022-08-22 05:00:00,1746.57,1746.57,1743.94,1744.82,0
2022-08-22 06:00:00,1744.82,1745.06,1742.92,1743.7,0
2022-08-22 07:00:00,1743.66,1743.84,1741.84,1742.34,0
2022-08-22 08:00:00,1742.34,1742.76,1736.56,1737.16,0
2022-08-22 09:00:00,1737.16,1737.7,1732.46,1735.04,0
2022-08-22 10:00:00,1735.08,1738.56,1731.74,1737.5,0
2022-08-22 11:00:00,1737.5,1737.54,1734.54,1734.58,0
2022-08-22 12:00:00,1734.58,1736.2,1730.74,1733.35,0
2022-08-22 13:00:00,1733.32,1733.33,1727.82,1730.55,0
2022-08-22 14:00:00,1730.53,1738.58,1730.42,1733.24,0
2022-08-22 15:00:00,1733.24,1740.1,1731.88,1737.45,0
2022-08-22 16:00:00,1737.49,1738.13,1734.28,1736.84,0
2022-08-22 17:00:00,1736.84,1737.24,1734.86,1735.18,0
2022-08-22 18:00:00,1735.17,1737.79,1733.82,1736.08,0
2022-08-22 19:00:00,1736.06,1737.55,1735.71,1736.69,0
2022-08-22 20:00:00,1736.69,1737.82,1734.42,1735.02,0
2022-08-22 21:00:00,1735.0,1736.15,1734.46,1736.15,0
2022-08-22 23:00:00,1735.78,1736.14,1734.75,1735.86,0
2022-08-23 00:00:00,1735.86,1736.12,1734.72,1735.28,0
2022-08-23 01:00:00,1735.28,1738.83,1734.23,1738.18,0
2022-08-23 02:00:00,1738.18,1740.58,1738.0,1740.16,0
2022-08-23 03:00:00,1740.06,1740.34,1738.14,1738.56,0
2022-08-23 04:00:00,1738.56,1739.44,1737.54,1738.46,0
2022-08-23 05:00:00,1738.46,1738.89,1736.89,1736.9,0
2022-08-23 06:00:00,1736.9,1738.28,1735.83,1737.16,0
2022-08-23 07:00:00,1737.22,1738.12,1734.76,1736.23,0
2022-08-23 08:00:00,1736.2,1738.91,1735.0,1738.37,0
2022-08-23 09:00:00,1738.35,1743.88,1737.73,1740.72,0
2022-08-23 10:00:00,1740.73,1741.56,1737.89,1739.43,0
2022-08-23 11:00:00,1739.42,1739.56,1734.48,1737.54,0
2022-08-23 12:00:00,1737.48,1739.0,1735.38,1738.07,0
2022-08-23 13:00:00,1738.06,1738.32,1730.84,1736.06,0
2022-08-23 14:00:00,1736.14,1749.08,1735.56,1747.16,0
2022-08-23 15:00:00,1747.18,1754.12,1747.18,1750.18,0
2022-08-23 16:00:00,1750.22,1753.68,1749.1,1749.76,0
2022-08-23 17:00:00,1749.76,1750.55,1747.98,1749.81,0
2022-08-23 18:00:00,1749.78,1750.24,1746.52,1746.95,0
2022-08-23 19:00:00,1747.04,1748.26,1745.98,1746.07,0
2022-08-23 20:00:00,1746.07,1747.92,1745.96,1747.27,0
2022-08-23 21:00:00,1747.27,1748.56,1747.0,1747.79,0
2022-08-23 23:00:00,1747.45,1747.79,1746.59,1747.02,0
2022-08-24 00:00:00,1747.02,1747.08,1745.47,1746.12,0
2022-08-24 01:00:00,1746.12,1747.78,1745.74,1746.19,0
2022-08-24 02:00:00,1746.26,1747.32,1744.69,1746.44,0
2022-08-24 03:00:00,1746.43,1747.44,1744.07,1744.48,0
2022-08-24 04:00:00,1744.48,1745.58,1744.28,1745.5,0
2022-08-24 05:00:00,1745.5,1747.4,1745.18,1746.9,0
2022-08-24 06:00:00,1746.9,1748.21,1745.72,1745.9,0
2022-08-24 07:00:00,1745.9,1747.6,1744.55,1747.18,0
2022-08-24 08:00:00,1747.2,1748.19,1744.23,1747.93,0
2022-08-24 09:00:00,1747.94,1752.49,1747.38,1751.99,0
2022-08-24 10:00:00,1751.99,1753.66,1748.94,1749.24,0
2022-08-24 11:00:00,1749.21,1749.35,1743.52,1744.58,0
2022-08-24 12:00:00,1744.58,1745.89,1742.5,1745.54,0
2022-08-24 13:00:00,1745.54,1747.62,1743.26,1745.83,0
2022-08-24 14:00:00,1745.85,1747.06,1743.0,1745.87,0
2022-08-24 15:00:00,1745.87,1753.2,1743.91,1752.57,0
2022-08-24 16:00:00,1752.57,1755.86,1750.66,1751.24,0
2022-08-24 17:00:00,1751.24,1753.09,1748.44,1749.65,0
2022-08-24 18:00:00,1749.65,1750.22,1747.74,1749.66,0
2022-08-24 19:00:00,1749.66,1751.15,1749.04,1749.76,0
2022-08-24 20:00:00,1749.76,1752.64,1749.19,1752.15,0
2022-08-24 21:00:00,1752.1,1752.76,1751.29,1751.29,0
2022-08-24 23:00:00,1751.2,1751.52,1750.56,1751.36,0
2022-08-25 00:00:00,1751.36,1752.55,1750.73,1751.0,0
2022-08-25 01:00:00,1751.0,1753.73,1749.94,1752.92,0
2022-08-25 02:00:00,1752.92,1756.62,1752.43,1755.26,0
2022-08-25 03:00:00,1755.27,1756.76,1754.28,1755.88,0
2022-08-25 04:00:00,1755.88,1757.8,1755.7,1756.48,0
2022-08-25 05:00:00,1756.47,1757.46,1755.48,1757.26,0
2022-08-25 06:00:00,1757.26,1758.79,1756.0,1757.14,0
2022-08-25 07:00:00,1757.13,1761.7,1756.32,1760.54,0
2022-08-25 08:00:00,1760.52,1763.76,1760.2,1762.44,0
2022-08-25 09:00:00,1762.47,1765.23,1761.82,1762.56,0
2022-08-25 10:00:00,1762.54,1765.21,1762.54,1763.35,0
2022-08-25 11:00:00,1763.43,1763.74,1761.87,1762.68,0
2022-08-25 12:00:00,1762.68,1765.5,1761.98,1762.54,0
2022-08-25 13:00:00,1762.52,1762.82,1757.0,1760.32,0
2022-08-25 14:00:00,1760.32,1761.8,1753.34,1753.4,0
2022-08-25 15:00:00,1753.4,1757.62,1752.3,1756.06,0
2022-08-25 16:00:00,1756.06,1757.78,1754.4,1755.36,0
2022-08-25 17:00:00,1755.37,1758.28,1754.39,1758.25,0
2022-08-25 18:00:00,1758.25,1759.92,1757.42,1758.76,0
2022-08-25 19:00:00,1758.84,1758.95,1755.71,1756.1,0
2022-08-25 20:00:00,1756.03,1757.5,1754.96,1757.35,0
2022-08-25 21:00:00,1757.37,1758.65,1757.12,1758.62,0
2022-08-25 23:00:00,1758.87,1758.89,1757.1,1757.31,0
2022-08-26 00:00:00,1757.31,1757.31,1756.14,1756.43,0
2022-08-26 01:00:00,1756.42,1756.76,1754.96,1755.47,0
2022-08-26 02:00:00,1755.47,1756.46,1752.43,1752.67,0
2022-08-26 03:00:00,1752.66,1755.88,1752.35,1755.39,0
2022-08-26 04:00:00,1755.4,1757.51,1754.47,1757.49,0
2022-08-26 05:00:00,1757.49,1757.49,1755.59,1755.76,0
2022-08-26 06:00:00,1755.77,1756.46,1754.25,1756.16,0
2022-08-26 07:00:00,1756.16,1758.8,1755.36,1755.8,0
2022-08-26 08:00:00,1755.82,1756.18,1751.82,1753.09,0
2022-08-26 09:00:00,1753.11,1753.2,1750.22,1752.19,0
2022-08-26 10:00:00,1752.22,1752.54,1749.34,1749.92,0
2022-08-26 11:00:00,1749.92,1750.09,1746.4,1746.94,0
2022-08-26 12:00:00,1746.94,1747.3,1743.76,1745.11,0
2022-08-26 13:00:00,1745.11,1751.92,1743.84,1745.99,0
2022-08-26 14:00:00,1745.96,1753.89,1745.96,1751.2,0
2022-08-26 15:00:00,1751.19,1756.12,1739.7,1741.62,0
2022-08-26 16:00:00,1741.58,1741.72,1734.33,1737.14,0
2022-08-26 17:00:00,1737.16,1737.26,1734.24,1736.04,0
2022-08-26 18:00:00,1735.98,1739.24,1735.18,1739.06,0
2022-08-26 19:00:00,1739.13,1739.57,1736.82,1737.68,0
2022-08-26 20:00:00,1737.63,1738.28,1736.08,1736.96,0
2022-08-26 21:00:00,1736.87,1738.9,1736.6,1738.08,0
2022-08-28 23:00:00,1736.82,1738.54,1734.72,1735.94,0
2022-08-29 00:00:00,1735.94,1736.86,1733.34,1734.84,0
2022-08-29 01:00:00,1734.85,1736.18,1733.46,1734.55,0
2022-08-29 02:00:00,1734.54,1734.54,1723.75,1723.84,0
2022-08-29 03:00:00,1723.84,1727.98,1723.42,1726.66,0
2022-08-29 04:00:00,1726.64,1727.16,1724.15,1724.6,0
2022-08-29 05:00:00,1724.58,1725.21,1721.2,1722.9,0
2022-08-29 06:00:00,1722.94,1725.48,1721.79,1723.62,0
2022-08-29 07:00:00,1723.62,1725.92,1722.36,1724.2,0
2022-08-29 08:00:00,1724.14,1724.58,1720.55,1721.62,0
2022-08-29 09:00:00,1721.63,1723.22,1720.36,1722.24,0
2022-08-29 10:00:00,1722.25,1724.44,1721.62,1723.31,0
2022-08-29 11:00:00,1723.28,1729.76,1722.1,1728.8,0
2022-08-29 12:00:00,1728.84,1729.5,1725.54,1727.74,0
2022-08-29 13:00:00,1727.7,1736.86,1725.72,1736.24,0
2022-08-29 14:00:00,1736.26,1742.0,1735.38,1740.64,0
2022-08-29 15:00:00,1740.64,1745.52,1737.6,1738.15,0
2022-08-29 16:00:00,1738.15,1741.24,1737.83,1740.51,0
2022-08-29 17:00:00,1740.51,1740.84,1737.4,1738.11,0
2022-08-29 18:00:00,1738.11,1738.89,1736.92,1738.23,0
2022-08-29 19:00:00,1738.28,1739.66,1736.86,1737.04,0
2022-08-29 20:00:00,1737.06,1737.94,1735.96,1737.82,0
2022-08-29 21:00:00,1737.84,1738.02,1737.06,1737.45,0
2022-08-29 23:00:00,1737.84,1738.14,1737.0,1737.58,0
2022-08-30 00:00:00,1737.58,1739.78,1736.4,1739.49,0
2022-08-30 01:00:00,1739.56,1740.5,1738.29,1739.47,0
2022-08-30 02:00:00,1739.46,1740.2,1735.67,1735.72,0
2022-08-30 03:00:00,1735.73,1736.74,1733.86,1736.09,0
2022-08-30 04:00:00,1736.09,1736.51,1733.98,1734.99,0
2022-08-30 05:00:00,1734.99,1737.0,1734.14,1735.75,0
2022-08-30 06:00:00,1735.73,1735.98,1733.66,1734.61,0
2022-08-30 07:00:00,1734.59,1735.84,1732.36,1732.51,0
2022-08-30 08:00:00,1732.54,1733.87,1729.05,1731.36,0
2022-08-30 09:00:00,1731.39,1737.88,1731.39,1734.49,0
2022-08-30 10:00:00,1734.51,1735.41,1732.03,1734.43,0
2022-08-30 11:00:00,1734.44,1735.29,1732.9,1734.09,0
2022-08-30 12:00:00,1734.23,1734.73,1730.99,1732.97,0
2022-08-30 13:00:00,1732.97,1733.46,1728.14,1730.54,0
2022-08-30 14:00:00,1730.58,1732.98,1729.2,1732.58,0
2022-08-30 15:00:00,1732.58,1732.58,1721.21,1723.93,0
2022-08-30 16:00:00,1723.83,1726.81,1722.91,1726.14,0
2022-08-30 17:00:00,1726.1,1727.14,1723.12,1724.22,0
2022-08-30 18:00:00,1724.22,1725.68,1723.52,1724.14,0
2022-08-30 19:00:00,1724.14,1724.66,1723.5,1724.2,0
2022-08-30 20:00:00,1724.26,1726.32,1723.07,1723.24,0
2022-08-30 21:00:00,1723.2,1724.56,1723.18,1724.23,0
2022-08-30 23:00:00,1723.64,1723.88,1722.24,1722.9,0
2022-08-31 00:00:00,1722.9,1723.54,1722.72,1723.4,0
2022-08-31 01:00:00,1723.4,1724.47,1722.57,1722.96,0
2022-08-31 02:00:00,1723.14,1724.52,1720.6,1722.98,0
2022-08-31 03:00:00,1722.98,1723.89,1721.63,1723.1,0
2022-08-31 04:00:00,1723.1,1724.3,1722.34,1723.99,0
2022-08-31 05:00:00,1723.96,1725.86,1723.82,1724.76,0
2022-08-31 06:00:00,1724.76,1726.55,1723.63,1724.54,0
2022-08-31 07:00:00,1724.51,1725.26,1721.12,1722.24,0
2022-08-31 08:00:00,1722.24,1723.08,1719.72,1721.02,0
2022-08-31 09:00:00,1720.97,1721.87,1713.43,1714.12,0
2022-08-31 10:00:00,1714.14,1714.48,1710.72,1711.02,0
2022-08-31 11:00:00,1711.04,1713.61,1709.71,1711.9,0
2022-08-31 12:00:00,1711.97,1716.4,1710.5,1714.02,0
2022-08-31 13:00:00,1714.02,1716.09,1709.87,1711.62,0
2022-08-31 14:00:00,1711.62,1718.31,1710.31,1716.18,0
2022-08-31 15:00:00,1716.13,1723.5,1714.66,1721.56,0
2022-08-31 16:00:00,1721.57,1721.9,1717.94,1718.78,0
2022-08-31 17:00:00,1718.78,1719.18,1715.73,1716.2,0
2022-08-31 18:00:00,1716.2,1716.35,1712.68,1712.86,0
2022-08-31 19:00:00,1712.82,1714.1,1711.0,1711.0,0
2022-08-31 20:00:00,1711.02,1712.63,1709.82,1710.19,0
2022-08-31 21:00:00,1710.19,1711.24,1709.65,1710.99,0
2022-08-31 23:00:00,1711.12,1711.46,1705.72,1711.18,0
2022-09-01 00:00:00,1711.28,1711.4,1707.8,1708.95,0
2022-09-01 01:00:00,1708.95,1708.95,1705.58,1706.01,0
2022-09-01 02:00:00,1705.9,1707.3,1703.38,1703.5,0
2022-09-01 03:00:00,1703.49,1706.28,1702.28,1704.62,0
2022-09-01 04:00:00,1704.62,1706.34,1704.24,1704.67,0
2022-09-01 05:00:00,1704.67,1705.02,1702.74,1702.98,0
2022-09-01 06:00:00,1702.97,1708.54,1702.74,1707.51,0
2022-09-01 07:00:00,1707.55,1707.79,1703.48,1707.02,0
2022-09-01 08:00:00,1707.02,1707.24,1704.65,1705.1,0
2022-09-01 09:00:00,1705.08,1705.1,1700.64,1702.2,0
2022-09-01 10:00:00,1702.2,1708.73,1702.16,1705.92,0
2022-09-01 11:00:00,1705.84,1705.9,1699.96,1702.04,0
2022-09-01 12:00:00,1702.0,1703.93,1701.09,1701.84,0
2022-09-01 13:00:00,1701.82,1704.12,1694.94,1701.08,0
2022-09-01 14:00:00,1701.09,1702.09,1694.67,1699.06,0
2022-09-01 15:00:00,1697.74,1698.18,1688.84,1692.34,0
2022-09-01 16:00:00,1692.17,1698.88,1692.12,1695.53,0
2022-09-01 17:00:00,1695.53,1699.61,1694.92,1695.0,0
2022-09-01 18:00:00,1694.98,1699.18,1694.48,1697.08,0
2022-09-01 19:00:00,1697.08,1698.44,1694.54,1694.62,0
2022-09-01 20:00:00,1694.62,1697.04,1694.57,1694.74,0
2022-09-01 21:00:00,1694.74,1697.65,1694.34,1697.55,0
2022-09-01 23:00:00,1697.26,1697.71,1695.46,1695.6,0
2022-09-02 00:00:00,1695.6,1697.9,1695.02,1697.24,0
2022-09-02 01:00:00,1697.14,1699.31,1696.96,1697.96,0
2022-09-02 02:00:00,1697.96,1699.2,1696.66,1697.66,0
2022-09-02 03:00:00,1697.71,1698.76,1696.32,1698.7,0
2022-09-02 04:00:00,1698.74,1700.28,1698.46,1699.56,0
2022-09-02 05:00:00,1699.56,1699.97,1698.64,1699.29,0
2022-09-02 06:00:00,1699.24,1701.66,1698.91,1701.66,0
2022-09-02 07:00:00,1701.71,1703.38,1700.44,1702.74,0
2022-09-02 08:00:00,1702.66,1704.56,1701.05,1703.72,0
2022-09-02 09:00:00,1703.69,1704.65,1702.16,1704.56,0
2022-09-02 10:00:00,1704.58,1707.18,1704.28,1707.07,0
2022-09-02 11:00:00,1707.06,1707.37,1705.01,1705.56,0
2022-09-02 12:00:00,1705.56,1706.9,1704.61,1705.83,0
2022-09-02 13:00:00,1705.81,1715.05,1704.2,1708.82,0
2022-09-02 14:00:00,1708.84,1713.06,1706.2,1712.2,0
2022-09-02 15:00:00,1712.23,1717.99,1711.18,1717.28,0
2022-09-02 16:00:00,1717.36,1717.6,1712.9,1716.2,0
2022-09-02 17:00:00,1716.2,1716.49,1712.88,1714.11,0
2022-09-02 18:00:00,1714.12,1714.26,1709.5,1710.86,0
2022-09-02 19:00:00,1710.86,1715.6,1710.86,1713.56,0
2022-09-02 20:00:00,1713.51,1713.51,1708.86,1709.68,0
2022-09-02 21:00:00,1709.64,1712.78,1709.36,1712.78,0
2022-09-04 23:00:00,1711.52,1711.9,1709.68,1710.2,0
2022-09-05 00:00:00,1710.26,1710.26,1707.93,1708.0,0
2022-09-05 01:00:00,1708.0,1709.9,1707.76,1708.91,0
2022-09-05 02:00:00,1708.88,1712.77,1708.56,1711.7,0
2022-09-05 03:00:00,1711.7,1712.16,1708.53,1711.28,0
2022-09-05 04:00:00,1711.28,1712.87,1710.78,1712.04,0
2022-09-05 05:00:00,1712.04,1714.1,1711.56,1712.88,0
2022-09-05 06:00:00,1712.88,1713.87,1711.0,1713.27,0
2022-09-05 07:00:00,1713.34,1713.34,1709.54,1711.71,0
2022-09-05 08:00:00,1711.71,1711.76,1708.28,1710.78,0
2022-09-05 09:00:00,1710.78,1714.11,1710.74,1711.9,0
2022-09-05 10:00:00,1711.89,1714.56,1710.49,1714.18,0
2022-09-05 11:00:00,1714.22,1715.82,1712.94,1714.79,0
2022-09-05 12:00:00,1714.78,1715.66,1712.57,1713.68,0
2022-09-05 13:00:00,1713.68,1713.85,1711.6,1712.7,0
2022-09-05 14:00:00,1712.7,1713.64,1711.12,1711.82,0
2022-09-05 15:00:00,1711.76,1712.7,1710.47,1711.86,0
2022-09-05 16:00:00,1711.85,1711.98,1710.04,1710.48,0
2022-09-05 17:00:00,1710.48,1712.22,1710.2,1712.16,0
2022-09-05 18:00:00,1712.16,1712.29,1710.39,1710.39,0
2022-09-05 19:00:00,1710.39,1710.73,1709.58,1710.09,0
2022-09-05 23:00:00,1710.53,1713.33,1710.53,1712.83,0
2022-09-06 00:00:00,1712.83,1714.37,1712.42,1713.9,0
2022-09-06 01:00:00,1713.9,1726.76,1713.6,1723.88,0
2022-09-06 02:00:00,1723.9,1723.92,1716.86,1718.36,0
2022-09-06 03:00:00,1718.32,1720.16,1717.15,1719.77,0
2022-09-06 04:00:00,1719.74,1720.26,1717.14,1717.82,0
2022-09-06 05:00:00,1717.82,1718.82,1715.38,1715.64,0
2022-09-06 06:00:00,1715.64,1719.2,1715.04,1717.86,0
2022-09-06 07:00:00,1717.88,1720.79,1716.24,1720.14,0
2022-09-06 08:00:00,1720.16,1720.16,1713.66,1715.82,0
2022-09-06 09:00:00,1715.82,1716.12,1712.87,1713.44,0
2022-09-06 10:00:00,1713.4,1713.4,1711.11,1711.39,0
2022-09-06 11:00:00,1711.39,1713.18,1710.7,1712.78,0
2022-09-06 12:00:00,1712.74,1714.68,1711.78,1714.59,0
2022-09-06 13:00:00,1714.58,1715.02,1707.0,1707.8,0
2022-09-06 14:00:00,1707.88,1711.79,1705.94,1708.9,0
2022-09-06 15:00:00,1708.9,1709.46,1702.38,1703.66,0
2022-09-06 16:00:00,1703.66,1707.34,1701.32,1703.08,0
2022-09-06 17:00:00,1703.08,1704.41,1701.12,1701.54,0
2022-09-06 18:00:00,1701.55,1703.82,1700.38,1701.05,0
2022-09-06 19:00:00,1701.03,1702.12,1700.06,1700.08,0
2022-09-06 20:00:00,1700.06,1702.38,1699.86,1700.16,0
2022-09-06 21:00:00,1700.16,1701.9,1700.1,1701.9,0
2022-09-06 23:00:00,1702.12,1702.4,1700.42,1700.54,0
2022-09-07 00:00:00,1700.51,1703.92,1699.92,1703.54,0
2022-09-07 01:00:00,1703.6,1703.82,1692.61,1696.26,0
2022-09-07 02:00:00,1696.24,1698.78,1694.45,1697.04,0
2022-09-07 03:00:00,1697.04,1697.67,1694.52,1695.18,0
2022-09-07 04:00:00,1695.18,1695.82,1692.46,1693.52,0
2022-09-07 05:00:00,1693.48,1694.72,1691.42,1693.68,0
2022-09-07 06:00:00,1693.78,1696.35,1693.57,1696.26,0
2022-09-07 07:00:00,1696.23,1699.69,1694.24,1699.1,0
2022-09-07 08:00:00,1699.12,1703.72,1696.56,1703.2,0
2022-09-07 09:00:00,1703.22,1705.48,1701.77,1704.1,0
2022-09-07 10:00:00,1704.12,1707.17,1703.96,1706.99,0
2022-09-07 11:00:00,1706.97,1707.07,1702.58,1702.81,0
2022-09-07 12:00:00,1702.81,1704.28,1700.34,1701.13,0
2022-09-07 13:00:00,1701.13,1704.23,1699.0,1700.38,0
2022-09-07 14:00:00,1700.3,1704.47,1697.08,1704.16,0
2022-09-07 15:00:00,1704.15,1713.48,1702.3,1711.66,0
2022-09-07 16:00:00,1711.66,1713.48,1709.52,1710.59,0
2022-09-07 17:00:00,1710.6,1715.02,1709.62,1714.81,0
2022-09-07 18:00:00,1715.07,1719.26,1714.16,1716.98,0
2022-09-07 19:00:00,1716.98,1717.1,1714.16,1714.8,0
2022-09-07 20:00:00,1714.8,1717.72,1714.36,1717.34,0
2022-09-07 21:00:00,1717.34,1719.39,1716.52,1718.27,0
2022-09-07 23:00:00,1718.78,1718.8,1717.72,1718.14,0
2022-09-08 00:00:00,1718.14,1718.14,1716.11,1716.68,0
2022-09-08 01:00:00,1716.68,1717.28,1715.52,1715.62,0
2022-09-08 02:00:00,1715.62,1719.36,1715.26,1715.42,0
2022-09-08 03:00:00,1715.42,1715.68,1713.55,1715.0,0
2022-09-08 04:00:00,1715.08,1716.06,1713.74,1714.48,0
2022-09-08 05:00:00,1714.48,1716.86,1713.94,1714.64,0
2022-09-08 06:00:00,1714.72,1717.42,1714.52,1716.19,0
2022-09-08 07:00:00,1716.15,1719.76,1715.46,1719.66,0
2022-09-08 08:00:00,1719.66,1722.84,1717.54,1717.7,0
2022-09-08 09:00:00,1717.7,1719.58,1716.22,1718.04,0
2022-09-08 10:00:00,1718.04,1721.42,1717.96,1720.62,0
2022-09-08 11:00:00,1720.64,1725.29,1719.2,1723.54,0
2022-09-08 12:00:00,1723.54,1728.2,1722.43,1723.82,0
2022-09-08 13:00:00,1723.79,1726.62,1713.91,1715.84,0
2022-09-08 14:00:00,1715.75,1716.78,1709.7,1711.54,0
2022-09-08 15:00:00,1711.54,1711.54,1704.02,1707.75,0
2022-09-08 16:00:00,1707.8,1709.18,1706.1,1707.24,0
2022-09-08 17:00:00,1707.26,1707.78,1704.91,1706.16,0
2022-09-08 18:00:00,1706.19,1711.68,1705.86,1709.44,0
2022-09-08 19:00:00,1709.45,1710.12,1707.19,1707.36,0
2022-09-08 20:00:00,1707.35,1709.13,1706.72,1706.88,0
2022-09-08 21:00:00,1706.88,1709.33,1706.88,1708.42,0
2022-09-08 23:00:00,1708.76,1709.58,1708.56,1709.33,0
2022-09-09 00:00:00,1709.33,1710.93,1709.3,1710.68,0
2022-09-09 01:00:00,1710.69,1715.24,1709.73,1713.6,0
2022-09-09 02:00:00,1713.6,1717.05,1713.28,1716.94,0
2022-09-09 03:00:00,1716.94,1718.93,1716.27,1718.82,0
2022-09-09 04:00:00,1718.86,1720.67,1718.62,1719.3,0
2022-09-09 05:00:00,1719.33,1721.82,1719.1,1721.44,0
2022-09-09 06:00:00,1721.44,1721.94,1718.99,1719.5,0
2022-09-09 07:00:00,1719.5,1722.89,1718.22,1722.53,0
2022-09-09 08:00:00,1722.53,1729.52,1722.11,1727.24,0
2022-09-09 09:00:00,1727.24,1729.22,1726.62,1728.58,0
2022-09-09 10:00:00,1728.56,1728.94,1725.29,1727.32,0
2022-09-09 11:00:00,1727.42,1729.42,1726.03,1726.9,0
2022-09-09 12:00:00,1726.89,1728.5,1719.82,1720.98,0
2022-09-09 13:00:00,1720.98,1722.52,1718.45,1718.82,0
2022-09-09 14:00:00,1718.82,1719.62,1711.39,1713.44,0
2022-09-09 15:00:00,1713.41,1717.48,1712.34,1714.5,0
2022-09-09 16:00:00,1714.56,1718.63,1713.4,1716.86,0
2022-09-09 17:00:00,1716.9,1720.32,1715.04,1720.05,0
2022-09-09 18:00:00,1720.05,1720.22,1716.28,1716.53,0
2022-09-09 19:00:00,1716.58,1716.58,1714.62,1715.7,0
2022-09-09 20:00:00,1715.7,1716.38,1714.7,1715.74,0
2022-09-09 21:00:00,1715.75,1717.91,1715.45,1716.85,0
2022-09-11 23:00:00,1717.77,1720.2,1716.8,1719.58,0
2022-09-12 00:00:00,1719.6,1719.6,1717.72,1718.53,0
2022-09-12 01:00:00,1718.53,1718.82,1716.34,1716.96,0
2022-09-12 02:00:00,1716.95,1718.8,1715.84,1716.66,0
2022-09-12 03:00:00,1716.66,1716.76,1713.08,1713.96,0
2022-09-12 04:00:00,1713.96,1714.33,1712.31,1713.7,0
2022-09-12 05:00:00,1713.7,1713.81,1712.0,1712.92,0
2022-09-12 06:00:00,1712.92,1715.77,1712.16,1713.2,0
2022-09-12 07:00:00,1713.22,1720.82,1712.23,1720.6,0
2022-09-12 08:00:00,1720.59,1726.52,1719.31,1724.4,0
2022-09-12 09:00:00,1724.42,1725.86,1721.95,1725.82,0
2022-09-12 10:00:00,1725.82,1727.47,1724.42,1725.27,0
2022-09-12 11:00:00,1725.26,1727.58,1723.44,1727.25,0
2022-09-12 12:00:00,1727.26,1729.89,1726.02,1729.63,0
2022-09-12 13:00:00,1729.66,1733.92,1727.16,1729.7,0
2022-09-12 14:00:00,1729.74,1732.62,1723.77,1725.85,0
2022-09-12 15:00:00,1725.84,1730.54,1725.72,1730.12,0
2022-09-12 16:00:00,1730.22,1735.13,1728.46,1734.27,0
2022-09-12 17:00:00,1734.2,1734.86,1730.37,1731.86,0
2022-09-12 18:00:00,1731.89,1731.94,1728.38,1728.87,0
2022-09-12 19:00:00,1728.87,1729.02,1723.8,1726.92,0
2022-09-12 20:00:00,1726.9,1727.02,1724.42,1724.56,0
2022-09-12 21:00:00,1724.56,1726.28,1724.31,1724.69,0
2022-09-12 23:00:00,1724.77,1725.62,1724.43,1725.32,0
2022-09-13 00:00:00,1725.3,1726.46,1724.06,1725.34,0
2022-09-13 01:00:00,1725.34,1727.62,1724.6,1724.82,0
2022-09-13 02:00:00,1724.82,1725.27,1720.96,1723.64,0
2022-09-13 03:00:00,1723.64,1723.93,1720.74,1722.3,0
2022-09-13 04:00:00,1722.3,1723.06,1721.0,1721.4,0
2022-09-13 05:00:00,1721.4,1722.6,1720.4,1722.04,0
2022-09-13 06:00:00,1722.04,1722.96,1720.04,1721.58,0
2022-09-13 07:00:00,1721.84,1725.07,1721.29,1723.08,0
2022-09-13 08:00:00,1723.08,1725.36,1722.56,1723.94,0
2022-09-13 09:00:00,1723.94,1726.12,1721.94,1725.38,0
2022-09-13 10:00:00,1725.38,1728.17,1725.04,1726.74,0
2022-09-13 11:00:00,1726.76,1728.48,1724.43,1728.21,0
2022-09-13 12:00:00,1728.22,1731.5,1728.22,1729.8,0
2022-09-13 13:00:00,1729.78,1731.86,1703.16,1703.93,0
2022-09-13 14:00:00,1703.88,1709.53,1697.1,1706.72,0
2022-09-13 15:00:00,1706.64,1708.57,1703.74,1705.9,0
2022-09-13 16:00:00,1705.92,1707.35,1700.85,1701.03,0
2022-09-13 17:00:00,1701.04,1705.86,1700.66,1705.56,0
2022-09-13 18:00:00,1705.54,1707.3,1703.42,1703.75,0
2022-09-13 19:00:00,1703.75,1705.63,1702.92,1703.15,0
2022-09-13 20:00:00,1703.15,1703.7,1701.18,1702.52,0
2022-09-13 21:00:00,1702.55,1703.36,1701.6,1702.32,0
2022-09-13 23:00:00,1701.76,1702.92,1700.74,1701.96,0
2022-09-14 00:00:00,1701.98,1703.08,1701.47,1702.14,0
2022-09-14 01:00:00,1702.15,1703.21,1698.54,1700.3,0
2022-09-14 02:00:00,1700.26,1701.51,1697.32,1700.2,0
2022-09-14 03:00:00,1700.2,1703.68,1699.98,1701.74,0
2022-09-14 04:00:00,1701.74,1702.66,1700.18,1700.44,0
2022-09-14 05:00:00,1700.48,1705.12,1699.26,1703.99,0
2022-09-14 06:00:00,1703.99,1704.52,1701.29,1701.66,0
2022-09-14 07:00:00,1701.67,1703.28,1700.32,1700.96,0
2022-09-14 08:00:00,1700.94,1704.24,1698.92,1703.16,0
2022-09-14 09:00:00,1703.18,1706.18,1703.04,1704.42,0
2022-09-14 10:00:00,1704.41,1705.48,1702.54,1704.94,0
2022-09-14 11:00:00,1704.94,1706.03,1703.52,1703.63,0
2022-09-14 12:00:00,1703.62,1705.02,1701.14,1701.63,0
2022-09-14 13:00:00,1701.63,1707.08,1699.32,1705.88,0
2022-09-14 14:00:00,1705.84,1707.04,1703.0,1703.63,0
2022-09-14 15:00:00,1703.63,1706.46,1701.94,1706.41,0
2022-09-14 16:00:00,1706.37,1706.8,1702.35,1703.67,0
2022-09-14 17:00:00,1703.67,1703.88,1701.06,1701.32,0
2022-09-14 18:00:00,1701.3,1701.39,1697.64,1697.68,0
2022-09-14 19:00:00,1697.68,1698.08,1695.08,1695.16,0
2022-09-14 20:00:00,1695.16,1696.05,1693.68,1695.66,0
2022-09-14 21:00:00,1695.56,1697.5,1695.24,1697.36,0
2022-09-14 23:00:00,1697.73,1697.76,1696.65,1697.58,0
2022-09-15 00:00:00,1697.55,1698.26,1697.06,1697.58,0
2022-09-15 01:00:00,1697.6,1697.87,1695.32,1695.66,0
2022-09-15 02:00:00,1695.66,1696.54,1693.7,1696.08,0
2022-09-15 03:00:00,1696.06,1696.56,1693.32,1693.7,0
2022-09-15 04:00:00,1693.7,1693.7,1690.8,1692.85,0
2022-09-15 05:00:00,1692.85,1693.32,1686.97,1687.47,0
2022-09-15 06:00:00,1687.48,1689.68,1686.1,1688.96,0
2022-09-15 07:00:00,1688.96,1689.76,1686.9,1687.92,0
2022-09-15 08:00:00,1687.84,1689.88,1685.68,1689.88,0
2022-09-15 09:00:00,1689.88,1690.0,1686.31,1687.36,0
2022-09-15 10:00:00,1687.37,1690.18,1686.25,1689.58,0
2022-09-15 11:00:00,1689.58,1691.31,1685.8,1686.49,0
2022-09-15 12:00:00,1686.51,1687.43,1684.47,1686.36,0
2022-09-15 13:00:00,1686.39,1692.32,1682.49,1687.58,0
2022-09-15 14:00:00,1687.6,1690.17,1680.44,1690.16,0
2022-09-15 15:00:00,1690.15,1690.97,1663.64,1668.47,0
2022-09-15 16:00:00,1668.48,1671.46,1663.84,1664.42,0
2022-09-15 17:00:00,1664.44,1666.72,1660.38,1664.94,0
2022-09-15 18:00:00,1664.94,1669.32,1664.88,1665.64,0
2022-09-15 19:00:00,1665.66,1666.32,1662.83,1663.38,0
2022-09-15 20:00:00,1663.38,1664.82,1661.53,1663.96,0
2022-09-15 21:00:00,1663.94,1665.28,1663.44,1664.56,0
2022-09-15 23:00:00,1665.12,1665.13,1662.04,1662.64,0
2022-09-16 00:00:00,1662.64,1663.37,1661.4,1662.42,0
2022-09-16 01:00:00,1662.44,1666.46,1662.32,1665.58,0
2022-09-16 02:00:00,1665.58,1667.72,1661.31,1661.65,0
2022-09-16 03:00:00,1661.65,1663.88,1661.64,1663.83,0
2022-09-16 04:00:00,1663.84,1664.4,1662.28,1664.4,0
2022-09-16 05:00:00,1664.4,1665.51,1663.74,1664.14,0
2022-09-16 06:00:00,1664.14,1664.58,1662.71,1662.88,0
2022-09-16 07:00:00,1662.96,1664.17,1659.55,1660.08,0
2022-09-16 08:00:00,1660.04,1662.76,1654.42,1655.82,0
2022-09-16 09:00:00,1655.82,1660.02,1654.18,1659.15,0
2022-09-16 10:00:00,1659.15,1666.27,1658.91,1659.67,0
2022-09-16 11:00:00,1659.69,1666.8,1658.13,1665.94,0
2022-09-16 12:00:00,1666.02,1667.84,1663.59,1665.46,0
2022-09-16 13:00:00,1665.42,1665.6,1659.08,1660.34,0
2022-09-16 14:00:00,1660.32,1665.69,1657.2,1665.25,0
2022-09-16 15:00:00,1665.98,1680.32,1665.12,1677.07,0
2022-09-16 16:00:00,1677.09,1678.86,1673.37,1673.94,0
2022-09-16 17:00:00,1673.94,1674.73,1672.42,1673.16,0
2022-09-16 18:00:00,1673.15,1675.72,1671.12,1671.49,0
2022-09-16 19:00:00,1671.56,1676.35,1671.5,1675.8,0
2022-09-16 20:00:00,1675.76,1677.75,1673.11,1673.26,0
2022-09-16 21:00:00,1673.24,1676.37,1673.12,1675.01,0
2022-09-18 23:00:00,1675.16,1678.76,1674.09,1678.43,0
2022-09-19 00:00:00,1678.34,1679.98,1677.44,1677.98,0
2022-09-19 01:00:00,1677.96,1678.76,1675.9,1675.93,0
2022-09-19 02:00:00,1675.99,1676.9,1671.28,1671.77,0
2022-09-19 03:00:00,1671.74,1671.88,1668.18,1671.62,0
2022-09-19 04:00:00,1671.62,1671.62,1668.54,1669.27,0
2022-09-19 05:00:00,1669.27,1669.28,1666.8,1668.52,0
2022-09-19 06:00:00,1668.56,1669.76,1667.41,1667.74,0
2022-09-19 07:00:00,1667.71,1667.71,1664.88,1666.08,0
2022-09-19 08:00:00,1666.05,1666.07,1659.68,1662.78,0
2022-09-19 09:00:00,1662.83,1666.83,1661.02,1662.6,0
2022-09-19 10:00:00,1662.59,1665.04,1662.31,1663.86,0
2022-09-19 11:00:00,1663.86,1665.86,1662.2,1665.1,0
2022-09-19 12:00:00,1665.08,1666.1,1660.73,1662.0,0
2022-09-19 13:00:00,1662.0,1667.62,1661.4,1664.9,0
2022-09-19 14:00:00,1664.92,1668.27,1662.32,1664.72,0
2022-09-19 15:00:00,1664.72,1673.14,1663.5,1671.97,0
2022-09-19 16:00:00,1672.06,1675.34,1670.63,1670.72,0
2022-09-19 17:00:00,1670.68,1672.11,1669.66,1670.78,0
2022-09-19 18:00:00,1670.78,1671.46,1668.92,1670.82,0
2022-09-19 19:00:00,1670.88,1672.06,1669.78,1671.13,0
2022-09-19 20:00:00,1671.14,1674.82,1671.14,1674.6,0
2022-09-19 21:00:00,1674.52,1675.98,1674.24,1675.71,0
2022-09-19 23:00:00,1675.8,1676.15,1675.22,1675.61,0
2022-09-20 00:00:00,1675.6,1675.96,1674.87,1675.78,0
2022-09-20 01:00:00,1675.76,1679.44,1675.33,1676.1,0
2022-09-20 02:00:00,1676.19,1676.95,1673.42,1674.43,0
2022-09-20 03:00:00,1674.43,1677.76,1674.43,1676.72,0
2022-09-20 04:00:00,1676.68,1677.92,1675.92,1677.02,0
2022-09-20 05:00:00,1677.26,1677.26,1673.22,1673.5,0
2022-09-20 06:00:00,1673.51,1673.51,1670.46,1670.77,0
2022-09-20 07:00:00,1670.91,1674.82,1670.31,1673.02,0
2022-09-20 08:00:00,1673.0,1675.91,1671.98,1672.58,0
2022-09-20 09:00:00,1672.58,1672.58,1668.07,1668.95,0
2022-09-20 10:00:00,1668.94,1670.3,1666.57,1667.8,0
2022-09-20 11:00:00,1667.84,1669.6,1666.12,1668.55,0
2022-09-20 12:00:00,1668.62,1670.27,1666.48,1668.84,0
2022-09-20 13:00:00,1668.91,1669.28,1665.26,1667.88,0
2022-09-20 14:00:00,1667.85,1668.86,1660.02,1665.18,0
2022-09-20 15:00:00,1665.16,1666.22,1660.76,1665.37,0
2022-09-20 16:00:00,1665.36,1666.88,1664.2,1665.61,0
2022-09-20 17:00:00,1665.61,1665.84,1663.22,1664.05,0
2022-09-20 18:00:00,1664.06,1666.18,1661.62,1665.01,0
2022-09-20 19:00:00,1665.02,1665.84,1663.01,1664.04,0
2022-09-20 20:00:00,1664.04,1666.38,1663.58,1665.06,0
2022-09-20 21:00:00,1665.08,1665.7,1664.23,1664.76,0
2022-09-20 23:00:00,1664.7,1665.28,1664.22,1665.28,0
2022-09-21 00:00:00,1665.37,1666.71,1665.28,1666.41,0
2022-09-21 01:00:00,1666.41,1667.46,1663.73,1664.0,0
2022-09-21 02:00:00,1664.12,1665.38,1663.54,1664.79,0
2022-09-21 03:00:00,1664.78,1666.47,1664.2,1664.98,0
2022-09-21 04:00:00,1664.97,1665.54,1662.87,1663.84,0
2022-09-21 05:00:00,1663.81,1663.81,1661.74,1662.02,0
2022-09-21 06:00:00,1662.03,1666.39,1661.92,1665.92,0
2022-09-21 07:00:00,1665.94,1676.29,1665.02,1671.38,0
2022-09-21 08:00:00,1671.4,1673.91,1670.66,1671.06,0
2022-09-21 09:00:00,1670.98,1672.18,1669.46,1671.15,0
2022-09-21 10:00:00,1671.16,1674.98,1670.9,1673.4,0
2022-09-21 11:00:00,1673.42,1676.25,1673.27,1674.52,0
2022-09-21 12:00:00,1674.52,1677.56,1673.05,1675.14,0
2022-09-21 13:00:00,1675.17,1676.36,1672.8,1674.25,0
2022-09-21 14:00:00,1674.24,1675.08,1671.54,1672.08,0
2022-09-21 15:00:00,1672.08,1673.0,1666.24,1668.15,0
2022-09-21 16:00:00,1668.14,1668.96,1665.78,1667.6,0
2022-09-21 17:00:00,1667.58,1667.88,1665.02,1665.3,0
2022-09-21 18:00:00,1665.32,1670.86,1664.96,1668.88,0
2022-09-21 19:00:00,1668.92,1688.06,1653.96,1685.98,0
2022-09-21 20:00:00,1686.0,1687.76,1670.13,1672.59,0
2022-09-21 21:00:00,1672.59,1674.78,1672.26,1673.73,0
2022-09-21 23:00:00,1671.51,1672.42,1670.38,1671.19,0
2022-09-22 00:00:00,1671.15,1671.67,1665.84,1667.16,0
2022-09-22 01:00:00,1667.23,1667.26,1660.47,1660.55,0
2022-09-22 02:00:00,1660.55,1660.88,1656.82,1659.93,0
2022-09-22 03:00:00,1659.88,1664.87,1658.24,1663.78,0
2022-09-22 04:00:00,1663.66,1663.71,1659.84,1660.58,0
2022-09-22 05:00:00,1660.58,1661.7,1659.32,1660.51,0
2022-09-22 06:00:00,1660.48,1663.74,1660.18,1661.04,0
2022-09-22 07:00:00,1661.08,1663.08,1658.5,1659.24,0
2022-09-22 08:00:00,1659.26,1661.28,1655.69,1658.88,0
2022-09-22 09:00:00,1658.94,1678.18,1657.96,1670.88,0
2022-09-22 10:00:00,1670.84,1673.26,1666.46,1666.66,0
2022-09-22 11:00:00,1666.68,1669.38,1665.26,1668.44,0
2022-09-22 12:00:00,1668.45,1672.85,1664.76,1672.18,0
2022-09-22 13:00:00,1672.18,1684.9,1671.36,1681.92,0
2022-09-22 14:00:00,1681.93,1681.93,1672.02,1673.42,0
2022-09-22 15:00:00,1673.4,1678.06,1670.58,1671.02,0
2022-09-22 16:00:00,1671.0,1672.97,1667.97,1671.54,0
2022-09-22 17:00:00,1671.55,1676.38,1670.64,1674.06,0
2022-09-22 18:00:00,1674.08,1674.73,1671.74,1672.02,0
2022-09-22 19:00:00,1672.0,1672.34,1669.39,1670.1,0
2022-09-22 20:00:00,1670.14,1674.48,1670.14,1671.89,0
2022-09-22 21:00:00,1671.89,1672.54,1671.15,1671.16,0
2022-09-22 23:00:00,1671.46,1671.63,1670.5,1671.41,0
2022-09-23 00:00:00,1671.38,1672.96,1671.22,1672.79,0
2022-09-23 01:00:00,1672.78,1674.81,1672.34,1674.28,0
2022-09-23 02:00:00,1674.28,1675.86,1671.55,1672.9,0
2022-09-23 03:00:00,1672.9,1672.9,1669.49,1670.59,0
2022-09-23 04:00:00,1670.6,1671.64,1668.64,1669.2,0
2022-09-23 05:00:00,1669.26,1669.9,1668.26,1668.71,0
2022-09-23 06:00:00,1668.71,1672.52,1668.46,1672.06,0
2022-09-23 07:00:00,1672.02,1674.17,1669.72,1670.54,0
2022-09-23 08:00:00,1670.52,1670.88,1666.36,1667.42,0
2022-09-23 09:00:00,1667.48,1668.34,1660.8,1661.66,0
2022-09-23 10:00:00,1661.66,1663.08,1652.73,1657.24,0
2022-09-23 11:00:00,1657.22,1658.34,1641.38,1643.6,0
2022-09-23 12:00:00,1643.56,1648.64,1641.58,1647.76,0
2022-09-23 13:00:00,1647.74,1650.78,1643.04,1646.18,0
2022-09-23 14:00:00,1646.2,1657.9,1643.38,1644.94,0
2022-09-23 15:00:00,1644.98,1647.58,1641.6,1643.57,0
2022-09-23 16:00:00,1643.57,1649.08,1643.47,1646.26,0
2022-09-23 17:00:00,1646.25,1648.32,1645.36,1646.28,0
2022-09-23 18:00:00,1646.26,1648.46,1643.56,1644.56,0
2022-09-23 19:00:00,1644.64,1645.4,1639.82,1640.32,0
2022-09-23 20:00:00,1640.32,1645.13,1640.32,1643.12,0
2022-09-23 21:00:00,1643.12,1645.22,1643.09,1644.87,0
2022-09-25 23:00:00,1643.52,1645.78,1640.46,1644.1,0
2022-09-26 00:00:00,1643.96,1644.62,1642.58,1644.1,0
2022-09-26 01:00:00,1644.11,1645.58,1626.97,1628.06,0
2022-09-26 02:00:00,1628.0,1645.71,1627.82,1640.44,0
2022-09-26 03:00:00,1640.52,1641.97,1638.62,1640.18,0
2022-09-26 04:00:00,1640.06,1641.64,1638.5,1638.5,0
2022-09-26 05:00:00,1638.5,1640.26,1635.11,1635.44,0
2022-09-26 06:00:00,1635.42,1640.25,1634.65,1637.01,0
2022-09-26 07:00:00,1636.98,1640.4,1635.6,1637.81,0
2022-09-26 08:00:00,1637.78,1649.82,1637.0,1644.02,0
2022-09-26 09:00:00,1644.1,1647.63,1642.76,1646.52,0
2022-09-26 10:00:00,1646.58,1647.08,1641.36,1641.97,0
2022-09-26 11:00:00,1641.97,1642.41,1636.24,1639.51,0
2022-09-26 12:00:00,1639.51,1641.38,1637.98,1639.98,0
2022-09-26 13:00:00,1639.98,1647.76,1639.89,1646.04,0
2022-09-26 14:00:00,1645.98,1647.71,1642.68,1646.24,0
2022-09-26 15:00:00,1646.22,1648.33,1643.02,1644.14,0
2022-09-26 16:00:00,1644.14,1645.22,1634.24,1634.45,0
2022-09-26 17:00:00,1634.44,1635.3,1627.83,1631.24,0
2022-09-26 18:00:00,1631.24,1631.34,1621.82,1624.5,0
2022-09-26 19:00:00,1624.48,1627.78,1622.34,1627.4,0
2022-09-26 20:00:00,1627.32,1631.36,1623.8,1624.31,0
2022-09-26 21:00:00,1624.35,1624.53,1621.18,1622.4,0
2022-09-26 23:00:00,1623.62,1627.5,1623.38,1627.49,0
2022-09-27 00:00:00,1627.49,1628.7,1626.06,1627.64,0
2022-09-27 01:00:00,1627.63,1631.03,1627.55,1630.85,0
2022-09-27 02:00:00,1630.8,1632.98,1629.24,1630.2,0
2022-09-27 03:00:00,1630.2,1630.69,1628.64,1630.5,0
2022-09-27 04:00:00,1630.46,1631.79,1629.08,1631.24,0
2022-09-27 05:00:00,1631.24,1632.28,1630.98,1631.66,0
2022-09-27 06:00:00,1631.67,1636.42,1631.16,1636.05,0
2022-09-27 07:00:00,1636.04,1638.04,1633.62,1635.6,0
2022-09-27 08:00:00,1635.58,1640.62,1635.58,1637.38,0
2022-09-27 09:00:00,1637.33,1638.08,1633.81,1635.78,0
2022-09-27 10:00:00,1635.8,1637.16,1632.5,1633.06,0
2022-09-27 11:00:00,1633.02,1638.14,1632.92,1637.08,0
2022-09-27 12:00:00,1637.05,1642.43,1636.63,1636.74,0
2022-09-27 13:00:00,1636.74,1640.5,1634.88,1635.42,0
2022-09-27 14:00:00,1635.38,1640.0,1634.6,1639.1,0
2022-09-27 15:00:00,1639.04,1639.06,1632.9,1636.28,0
2022-09-27 16:00:00,1636.2,1637.9,1631.98,1634.12,0
2022-09-27 17:00:00,1634.16,1634.2,1628.32,1629.5,0
2022-09-27 18:00:00,1629.48,1631.01,1626.8,1630.92,0
2022-09-27 19:00:00,1630.96,1632.64,1629.34,1631.65,0
2022-09-27 20:00:00,1631.61,1631.69,1626.8,1627.34,0
2022-09-27 21:00:00,1627.38,1629.72,1627.38,1629.16,0
2022-09-27 23:00:00,1629.84,1630.47,1628.91,1630.02,0
2022-09-28 00:00:00,1630.02,1630.02,1627.68,1628.92,0
2022-09-28 01:00:00,1628.9,1630.6,1625.24,1626.99,0
2022-09-28 02:00:00,1626.87,1627.36,1623.58,1623.88,0
2022-09-28 03:00:00,1623.92,1625.42,1623.0,1624.85,0
2022-09-28 04:00:00,1624.88,1626.3,1624.34,1624.62,0
2022-09-28 05:00:00,1624.62,1625.73,1622.92,1623.54,0
2022-09-28 06:00:00,1623.52,1625.6,1622.68,1623.24,0
2022-09-28 07:00:00,1623.28,1624.34,1620.13,1621.78,0
2022-09-28 08:00:00,1621.82,1623.86,1614.87,1621.87,0
2022-09-28 09:00:00,1621.98,1624.37,1618.66,1620.14,0
2022-09-28 10:00:00,1620.15,1620.39,1616.18,1616.7,0
2022-09-28 11:00:00,1616.72,1631.65,1615.94,1628.84,0
2022-09-28 12:00:00,1628.84,1630.26,1622.42,1624.44,0
2022-09-28 13:00:00,1624.44,1638.25,1624.2,1635.14,0
2022-09-28 14:00:00,1635.02,1652.59,1633.88,1649.26,0
2022-09-28 15:00:00,1649.42,1654.15,1646.74,1650.6,0
2022-09-28 16:00:00,1650.59,1659.9,1649.69,1658.74,0
2022-09-28 17:00:00,1658.77,1660.88,1655.3,1659.24,0
2022-09-28 18:00:00,1659.24,1662.7,1658.76,1660.66,0
2022-09-28 19:00:00,1660.66,1662.28,1658.92,1661.96,0
2022-09-28 20:00:00,1661.92,1662.4,1658.84,1660.64,0
2022-09-28 21:00:00,1660.64,1660.77,1658.85,1659.88,0
2022-09-28 23:00:00,1659.52,1659.78,1657.55,1657.6,0
2022-09-29 00:00:00,1657.6,1658.36,1656.19,1656.19,0
2022-09-29 01:00:00,1656.24,1657.08,1652.92,1653.98,0
2022-09-29 02:00:00,1653.98,1659.36,1653.98,1655.74,0
2022-09-29 03:00:00,1655.74,1655.74,1652.48,1653.44,0
2022-09-29 04:00:00,1653.45,1655.25,1652.0,1654.4,0
2022-09-29 05:00:00,1654.5,1654.56,1652.08,1652.38,0
2022-09-29 06:00:00,1652.38,1652.64,1642.88,1644.08,0
2022-09-29 07:00:00,1644.06,1647.52,1641.55,1647.29,0
2022-09-29 08:00:00,1647.46,1647.46,1641.71,1644.99,0
2022-09-29 09:00:00,1644.96,1648.03,1643.48,1644.24,0
2022-09-29 10:00:00,1644.24,1651.18,1644.24,1647.8,0
2022-09-29 11:00:00,1647.88,1651.16,1646.09,1650.07,0
2022-09-29 12:00:00,1650.09,1652.28,1648.08,1651.39,0
2022-09-29 13:00:00,1651.48,1656.2,1647.83,1649.4,0
2022-09-29 14:00:00,1649.48,1658.15,1649.48,1653.28,0
2022-09-29 15:00:00,1653.27,1655.6,1644.55,1653.35,0
2022-09-29 16:00:00,1653.34,1662.04,1652.99,1660.04,0
2022-09-29 17:00:00,1659.96,1664.92,1658.87,1658.87,0
2022-09-29 18:00:00,1658.87,1662.0,1657.77,1658.24,0
2022-09-29 19:00:00,1658.24,1659.74,1657.24,1658.92,0
2022-09-29 20:00:00,1658.95,1662.22,1658.33,1661.16,0
2022-09-29 21:00:00,1660.98,1661.12,1659.62,1660.52,0
2022-09-29 23:00:00,1660.62,1664.3,1660.62,1663.14,0
2022-09-30 00:00:00,1663.14,1665.2,1662.2,1664.62,0
2022-09-30 01:00:00,1664.62,1665.31,1662.24,1664.79,0
2022-09-30 02:00:00,1664.79,1664.88,1661.47,1661.52,0
2022-09-30 03:00:00,1661.56,1663.99,1659.27,1663.33,0
2022-09-30 04:00:00,1663.34,1663.9,1661.91,1662.28,0
2022-09-30 05:00:00,1662.28,1663.46,1661.22,1663.05,0
2022-09-30 06:00:00,1663.1,1668.12,1662.85,1667.68,0
2022-09-30 07:00:00,1667.68,1669.82,1664.96,1669.67,0
2022-09-30 08:00:00,1669.68,1674.33,1668.64,1673.13,0
2022-09-30 09:00:00,1673.26,1674.16,1669.57,1671.96,0
2022-09-30 10:00:00,1672.02,1672.44,1667.09,1667.54,0
2022-09-30 11:00:00,1667.51,1670.16,1664.79,1665.84,0
2022-09-30 12:00:00,1665.87,1666.7,1662.72,1663.3,0
2022-09-30 13:00:00,1663.32,1669.45,1662.25,1664.58,0
2022-09-30 14:00:00,1664.6,1670.92,1662.06,1670.12,0
2022-09-30 15:00:00,1670.8,1675.42,1669.66,1673.11,0
2022-09-30 16:00:00,1673.17,1674.62,1670.5,1671.34,0
2022-09-30 17:00:00,1671.38,1671.76,1664.06,1664.06,0
2022-09-30 18:00:00,1664.06,1666.03,1661.05,1663.02,0
2022-09-30 19:00:00,1663.08,1664.79,1661.5,1662.12,0
2022-09-30 20:00:00,1662.17,1663.23,1660.16,1661.88,0
2022-09-30 21:00:00,1661.85,1662.58,1660.46,1660.79,0
2022-10-02 23:00:00,1662.36,1665.44,1662.36,1664.62,0
2022-10-03 00:00:00,1664.62,1664.86,1663.76,1664.18,0
2022-10-03 01:00:00,1664.14,1665.32,1663.71,1664.26,0
2022-10-03 02:00:00,1664.34,1669.49,1664.05,1668.92,0
2022-10-03 03:00:00,1668.91,1668.91,1663.54,1663.54,0
2022-10-03 04:00:00,1663.58,1664.98,1663.47,1663.92,0
2022-10-03 05:00:00,1663.93,1664.86,1662.16,1662.27,0
2022-10-03 06:00:00,1662.22,1667.62,1661.98,1666.99,0
2022-10-03 07:00:00,1667.1,1668.34,1662.2,1663.68,0
2022-10-03 08:00:00,1663.63,1667.34,1661.88,1663.82,0
2022-10-03 09:00:00,1663.78,1665.64,1661.11,1663.04,0
2022-10-03 10:00:00,1663.05,1663.34,1659.71,1661.65,0
2022-10-03 11:00:00,1661.66,1666.56,1659.72,1665.44,0
2022-10-03 12:00:00,1665.42,1666.9,1663.8,1666.25,0
2022-10-03 13:00:00,1666.27,1670.11,1663.88,1665.55,0
2022-10-03 14:00:00,1665.49,1674.69,1665.32,1668.96,0
2022-10-03 15:00:00,1669.06,1691.29,1669.06,1687.0,0
2022-10-03 16:00:00,1687.0,1694.08,1686.79,1690.34,0
2022-10-03 17:00:00,1690.38,1693.2,1687.32,1691.15,0
2022-10-03 18:00:00,1691.24,1697.14,1689.91,1695.02,0
2022-10-03 19:00:00,1695.02,1700.26,1694.44,1699.26,0
2022-10-03 20:00:00,1699.17,1701.44,1695.26,1700.82,0
2022-10-03 21:00:00,1700.56,1701.16,1698.58,1699.62,0
2022-10-03 23:00:00,1698.61,1701.94,1698.16,1700.44,0
2022-10-04 00:00:00,1700.43,1702.58,1700.14,1701.04,0
2022-10-04 01:00:00,1701.03,1701.24,1697.56,1698.72,0
2022-10-04 02:00:00,1698.84,1699.46,1695.48,1695.62,0
2022-10-04 03:00:00,1695.65,1697.42,1695.19,1696.33,0
2022-10-04 04:00:00,1696.37,1700.4,1695.33,1699.72,0
2022-10-04 05:00:00,1699.78,1701.4,1697.46,1699.72,0
2022-10-04 06:00:00,1699.72,1704.18,1697.68,1703.2,0
2022-10-04 07:00:00,1703.22,1706.84,1701.82,1706.06,0
2022-10-04 08:00:00,1706.09,1710.71,1704.94,1708.18,0
2022-10-04 09:00:00,1708.14,1710.26,1706.02,1708.89,0
2022-10-04 10:00:00,1708.88,1709.92,1705.6,1708.34,0
2022-10-04 11:00:00,1708.33,1712.5,1705.86,1706.04,0
2022-10-04 12:00:00,1706.03,1706.4,1700.53,1705.9,0
2022-10-04 13:00:00,1705.88,1713.22,1704.05,1711.96,0
2022-10-04 14:00:00,1711.99,1714.0,1706.34,1709.98,0
2022-10-04 15:00:00,1710.26,1722.73,1710.12,1720.7,0
2022-10-04 16:00:00,1720.73,1728.88,1720.06,1725.76,0
2022-10-04 17:00:00,1725.78,1729.48,1723.0,1723.24,0
2022-10-04 18:00:00,1723.26,1723.75,1720.06,1723.57,0
2022-10-04 19:00:00,1723.52,1726.15,1722.74,1726.05,0
2022-10-04 20:00:00,1725.99,1726.68,1722.72,1724.84,0
2022-10-04 21:00:00,1724.86,1726.48,1724.86,1726.34,0
2022-10-04 23:00:00,1724.91,1726.24,1724.6,1725.22,0
2022-10-05 00:00:00,1725.2,1725.7,1723.71,1725.55,0
2022-10-05 01:00:00,1725.57,1725.7,1721.47,1723.09,0
2022-10-05 02:00:00,1723.02,1723.81,1718.58,1720.02,0
2022-10-05 03:00:00,1719.97,1721.14,1717.86,1719.78,0
2022-10-05 04:00:00,1719.84,1721.4,1718.46,1719.34,0
2022-10-05 05:00:00,1719.35,1719.91,1717.55,1718.41,0
2022-10-05 06:00:00,1718.41,1722.47,1718.08,1718.5,0
2022-10-05 07:00:00,1718.5,1727.82,1717.82,1724.42,0
2022-10-05 08:00:00,1724.46,1725.03,1715.1,1716.36,0
2022-10-05 09:00:00,1716.4,1716.52,1709.86,1714.78,0
2022-10-05 10:00:00,1714.75,1715.2,1706.11,1706.5,0
2022-10-05 11:00:00,1706.47,1712.76,1703.15,1712.68,0
2022-10-05 12:00:00,1712.74,1713.18,1705.14,1706.26,0
2022-10-05 13:00:00,1706.13,1714.15,1704.43,1713.23,0
2022-10-05 14:00:00,1713.28,1713.74,1705.66,1708.43,0
2022-10-05 15:00:00,1708.43,1711.25,1700.54,1707.22,0
2022-10-05 16:00:00,1707.33,1710.23,1706.94,1709.08,0
2022-10-05 17:00:00,1709.08,1711.44,1708.0,1708.52,0
2022-10-05 18:00:00,1708.49,1714.8,1707.67,1712.94,0
2022-10-05 19:00:00,1712.96,1717.5,1712.51,1717.26,0
2022-10-05 20:00:00,1717.28,1718.62,1715.84,1716.2,0
2022-10-05 21:00:00,1716.4,1717.83,1715.64,1716.25,0
2022-10-05 23:00:00,1716.16,1716.61,1714.94,1716.14,0
2022-10-06 00:00:00,1716.14,1718.86,1716.14,1718.44,0
2022-10-06 01:00:00,1718.46,1723.53,1718.04,1720.28,0
2022-10-06 02:00:00,1720.28,1722.29,1719.32,1721.23,0
2022-10-06 03:00:00,1721.23,1722.91,1720.18,1721.79,0
2022-10-06 04:00:00,1721.72,1724.27,1721.24,1722.26,0
2022-10-06 05:00:00,1722.28,1724.26,1721.26,1723.83,0
2022-10-06 06:00:00,1723.86,1725.09,1721.42,1723.24,0
2022-10-06 07:00:00,1723.32,1724.53,1721.08,1721.08,0
2022-10-06 08:00:00,1721.26,1725.56,1719.76,1724.73,0
2022-10-06 09:00:00,1724.68,1724.86,1714.06,1714.14,0
2022-10-06 10:00:00,1714.14,1717.51,1713.44,1714.78,0
2022-10-06 11:00:00,1714.83,1716.52,1712.84,1713.14,0
2022-10-06 12:00:00,1713.18,1716.04,1710.93,1714.93,0
2022-10-06 13:00:00,1714.94,1719.65,1714.28,1715.44,0
2022-10-06 14:00:00,1715.39,1717.07,1710.3,1713.96,0
2022-10-06 15:00:00,1713.9,1714.46,1708.29,1712.03,0
2022-10-06 16:00:00,1712.16,1714.38,1708.2,1708.2,0
2022-10-06 17:00:00,1708.22,1712.46,1706.95,1711.82,0
2022-10-06 18:00:00,1711.86,1713.92,1710.74,1712.31,0
2022-10-06 19:00:00,1712.37,1714.4,1710.6,1712.94,0
2022-10-06 20:00:00,1712.92,1715.16,1712.72,1714.42,0
2022-10-06 21:00:00,1714.42,1714.64,1712.42,1712.49,0
2022-10-06 23:00:00,1712.0,1712.02,1710.97,1711.86,0
2022-10-07 00:00:00,1711.86,1713.02,1711.32,1712.0,0
2022-10-07 01:00:00,1712.02,1713.5,1710.96,1711.08,0
2022-10-07 02:00:00,1711.12,1712.65,1709.62,1710.76,0
2022-10-07 03:00:00,1710.6,1713.4,1709.18,1711.75,0
2022-10-07 04:00:00,1711.76,1712.64,1709.46,1709.92,0
2022-10-07 05:00:00,1709.92,1711.64,1709.44,1709.58,0
2022-10-07 06:00:00,1709.68,1713.83,1709.68,1712.95,0
2022-10-07 07:00:00,1712.92,1714.08,1708.41,1709.18,0
2022-10-07 08:00:00,1709.22,1712.78,1708.9,1710.92,0
2022-10-07 09:00:00,1710.92,1713.82,1709.49,1712.3,0
2022-10-07 10:00:00,1712.3,1714.82,1711.06,1712.8,0
2022-10-07 11:00:00,1712.86,1713.08,1706.27,1708.93,0
2022-10-07 12:00:00,1708.93,1710.96,1707.28,1709.18,0
2022-10-07 13:00:00,1709.16,1713.34,1690.64,1697.96,0
2022-10-07 14:00:00,1697.88,1705.0,1696.08,1698.03,0
2022-10-07 15:00:00,1697.88,1704.12,1693.92,1701.88,0
2022-10-07 16:00:00,1701.9,1704.23,1699.59,1703.18,0
2022-10-07 17:00:00,1703.09,1707.22,1699.41,1699.83,0
2022-10-07 18:00:00,1699.79,1702.44,1699.02,1699.94,0
2022-10-07 19:00:00,1699.96,1700.54,1696.7,1696.7,0
2022-10-07 20:00:00,1696.69,1697.08,1693.28,1695.68,0
2022-10-07 21:00:00,1695.51,1695.96,1694.42,1694.8,0
2022-10-09 23:00:00,1697.03,1699.88,1695.24,1697.5,0
2022-10-10 00:00:00,1697.5,1698.26,1695.86,1696.76,0
2022-10-10 01:00:00,1696.83,1697.32,1692.88,1694.65,0
2022-10-10 02:00:00,1694.66,1696.28,1691.85,1694.08,0
2022-10-10 03:00:00,1694.1,1694.34,1691.26,1691.65,0
2022-10-10 04:00:00,1691.66,1691.77,1687.2,1688.87,0
2022-10-10 05:00:00,1688.86,1689.62,1685.17,1686.72,0
2022-10-10 06:00:00,1686.68,1689.4,1685.77,1685.9,0
2022-10-10 07:00:00,1685.93,1689.32,1684.78,1685.34,0
2022-10-10 08:00:00,1685.3,1688.7,1682.22,1682.83,0
2022-10-10 09:00:00,1682.76,1683.78,1680.04,1680.25,0
2022-10-10 10:00:00,1680.24,1684.56,1678.06,1680.5,0
2022-10-10 11:00:00,1680.46,1681.34,1677.59,1679.28,0
2022-10-10 12:00:00,1679.33,1681.66,1674.12,1677.04,0
2022-10-10 13:00:00,1677.0,1679.18,1675.12,1677.22,0
2022-10-10 14:00:00,1677.2,1678.68,1672.14,1677.01,0
2022-10-10 15:00:00,1676.95,1678.54,1665.8,1667.74,0
2022-10-10 16:00:00,1667.64,1669.4,1665.7,1666.93,0
2022-10-10 17:00:00,1666.92,1668.57,1666.81,1667.86,0
2022-10-10 18:00:00,1667.9,1671.66,1667.04,1669.66,0
2022-10-10 19:00:00,1669.67,1670.4,1668.24,1669.83,0
2022-10-10 20:00:00,1669.81,1670.92,1667.74,1668.98,0
2022-10-10 21:00:00,1669.08,1669.27,1667.48,1668.03,0
2022-10-10 23:00:00,1668.28,1669.1,1667.89,1668.88,0
2022-10-11 00:00:00,1668.88,1670.27,1668.88,1670.16,0
2022-10-11 01:00:00,1670.14,1673.0,1668.01,1672.43,0
2022-10-11 02:00:00,1672.41,1673.62,1667.38,1668.29,0
2022-10-11 03:00:00,1668.14,1668.92,1661.4,1665.36,0
2022-10-11 04:00:00,1665.44,1667.13,1664.08,1664.2,0
2022-10-11 05:00:00,1664.22,1665.34,1661.98,1663.28,0
2022-10-11 06:00:00,1663.28,1666.99,1662.82,1666.58,0
2022-10-11 07:00:00,1666.47,1669.68,1665.05,1666.42,0
2022-10-11 08:00:00,1666.47,1668.2,1663.83,1664.72,0
2022-10-11 09:00:00,1664.64,1669.81,1664.38,1665.72,0
2022-10-11 10:00:00,1665.78,1667.14,1662.16,1662.68,0
2022-10-11 11:00:00,1662.65,1666.98,1661.02,1666.98,0
2022-10-11 12:00:00,1666.93,1670.66,1666.73,1670.24,0
2022-10-11 13:00:00,1670.16,1672.97,1668.55,1669.55,0
2022-10-11 14:00:00,1669.59,1672.65,1666.76,1667.04,0
2022-10-11 15:00:00,1666.95,1671.28,1663.51,1669.44,0
2022-10-11 16:00:00,1669.36,1681.78,1669.18,1681.59,0
2022-10-11 17:00:00,1681.68,1683.98,1678.98,1680.7,0
2022-10-11 18:00:00,1680.74,1681.1,1677.28,1678.28,0
2022-10-11 19:00:00,1678.34,1679.14,1666.26,1667.28,0
2022-10-11 20:00:00,1667.28,1668.36,1663.82,1666.5,0
2022-10-11 21:00:00,1666.45,1667.47,1665.87,1666.1,0
2022-10-11 23:00:00,1666.36,1666.76,1665.61,1666.21,0
2022-10-12 00:00:00,1666.21,1666.21,1663.92,1664.12,0
2022-10-12 01:00:00,1664.06,1666.61,1661.87,1665.08,0
2022-10-12 02:00:00,1664.98,1666.88,1662.54,1663.64,0
2022-10-12 03:00:00,1663.54,1664.96,1661.42,1664.92,0
2022-10-12 04:00:00,1664.86,1665.88,1663.62,1665.36,0
2022-10-12 05:00:00,1665.36,1672.28,1664.78,1668.62,0
2022-10-12 06:00:00,1668.65,1670.53,1666.15,1669.63,0
2022-10-12 07:00:00,1669.64,1675.43,1668.32,1672.19,0
2022-10-12 08:00:00,1672.38,1672.79,1666.64,1669.02,0
2022-10-12 09:00:00,1669.04,1673.38,1668.83,1670.07,0
2022-10-12 10:00:00,1670.06,1673.06,1668.58,1670.18,0
2022-10-12 11:00:00,1670.18,1671.6,1668.22,1669.61,0
2022-10-12 12:00:00,1669.63,1671.42,1667.8,1668.52,0
2022-10-12 13:00:00,1668.58,1672.45,1664.86,1671.65,0
2022-10-12 14:00:00,1671.7,1673.25,1667.24,1670.78,0
2022-10-12 15:00:00,1670.9,1672.66,1667.88,1670.16,0
2022-10-12 16:00:00,1670.2,1671.06,1667.94,1669.55,0
2022-10-12 17:00:00,1669.58,1670.34,1667.72,1669.82,0
2022-10-12 18:00:00,1669.84,1672.02,1669.06,1670.93,0
2022-10-12 19:00:00,1670.96,1678.28,1670.44,1672.82,0
2022-10-12 20:00:00,1672.78,1675.7,1671.72,1675.1,0
2022-10-12 21:00:00,1675.06,1675.62,1672.56,1673.12,0
2022-10-12 23:00:00,1673.97,1674.4,1673.12,1673.63,0
2022-10-13 00:00:00,1673.63,1674.79,1673.5,1674.56,0
2022-10-13 01:00:00,1674.47,1675.44,1672.98,1674.2,0
2022-10-13 02:00:00,1674.25,1674.68,1671.69,1672.3,0
2022-10-13 03:00:00,1672.2,1672.44,1669.74,1669.96,0
2022-10-13 04:00:00,1669.95,1670.09,1669.04,1669.35,0
2022-10-13 05:00:00,1669.35,1670.3,1669.09,1670.24,0
2022-10-13 06:00:00,1670.27,1671.17,1669.02,1669.03,0
2022-10-13 07:00:00,1669.03,1670.88,1667.4,1667.68,0
2022-10-13 08:00:00,1667.67,1672.51,1667.05,1672.36,0
2022-10-13 09:00:00,1672.38,1675.31,1670.67,1674.96,0
2022-10-13 10:00:00,1674.9,1677.96,1674.47,1674.92,0
2022-10-13 11:00:00,1674.92,1675.94,1673.36,1674.06,0
2022-10-13 12:00:00,1674.08,1682.43,1673.44,1678.79,0
2022-10-13 13:00:00,1678.76,1678.92,1644.87,1654.7,0
2022-10-13 14:00:00,1654.6,1656.28,1642.44,1648.5,0
2022-10-13 15:00:00,1648.66,1651.84,1645.4,1649.1,0
2022-10-13 16:00:00,1648.86,1668.59,1648.16,1665.7,0
2022-10-13 17:00:00,1665.82,1668.67,1663.02,1665.75,0
2022-10-13 18:00:00,1665.75,1672.56,1665.58,1671.52,0
2022-10-13 19:00:00,1671.54,1671.54,1666.68,1667.3,0
2022-10-13 20:00:00,1667.24,1667.84,1663.68,1664.0,0
2022-10-13 21:00:00,1663.84,1666.65,1663.41,1666.19,0
2022-10-13 23:00:00,1666.32,1666.33,1665.08,1665.64,0
2022-10-14 00:00:00,1665.64,1665.64,1662.96,1663.52,0
2022-10-14 01:00:00,1663.34,1664.98,1661.61,1661.8,0
2022-10-14 02:00:00,1661.75,1668.52,1659.04,1668.02,0
2022-10-14 03:00:00,1668.03,1670.28,1667.04,1668.32,0
2022-10-14 04:00:00,1668.34,1670.3,1666.58,1669.08,0
2022-10-14 05:00:00,1669.08,1669.32,1666.54,1667.64,0
2022-10-14 06:00:00,1667.62,1670.67,1666.68,1668.39,0
2022-10-14 07:00:00,1668.34,1671.72,1668.18,1669.66,0
2022-10-14 08:00:00,1669.64,1670.4,1663.66,1667.08,0
2022-10-14 09:00:00,1667.07,1667.18,1660.52,1660.72,0
2022-10-14 10:00:00,1660.7,1660.7,1650.3,1654.02,0
2022-10-14 11:00:00,1653.96,1657.81,1652.71,1655.91,0
2022-10-14 12:00:00,1655.94,1660.37,1654.54,1654.94,0
2022-10-14 13:00:00,1654.94,1663.28,1651.95,1663.28,0
2022-10-14 14:00:00,1663.38,1663.97,1649.53,1650.69,0
2022-10-14 15:00:00,1648.56,1652.67,1645.34,1649.19,0
2022-10-14 16:00:00,1649.27,1651.57,1644.77,1644.77,0
2022-10-14 17:00:00,1644.78,1648.88,1641.37,1643.86,0
2022-10-14 18:00:00,1643.93,1645.38,1640.61,1645.26,0
2022-10-14 19:00:00,1645.32,1645.38,1641.32,1642.32,0
2022-10-14 20:00:00,1642.36,1643.5,1640.22,1642.94,0
2022-10-14 21:00:00,1642.88,1644.76,1642.72,1644.29,0
2022-10-16 23:00:00,1646.04,1647.18,1644.13,1645.48,0
2022-10-17 00:00:00,1645.48,1647.71,1645.24,1647.56,0
2022-10-17 01:00:00,1647.52,1649.04,1646.35,1648.28,0
2022-10-17 02:00:00,1648.38,1652.7,1646.78,1652.06,0
2022-10-17 03:00:00,1652.05,1652.58,1649.65,1650.44,0
2022-10-17 04:00:00,1650.44,1650.96,1649.33,1650.18,0
2022-10-17 05:00:00,1650.2,1650.4,1648.37,1649.54,0
2022-10-17 06:00:00,1649.54,1654.16,1649.26,1653.81,0
2022-10-17 07:00:00,1653.84,1653.84,1648.6,1649.84,0
2022-10-17 08:00:00,1649.82,1657.47,1649.78,1655.98,0
2022-10-17 09:00:00,1655.9,1657.23,1652.95,1655.36,0
2022-10-17 10:00:00,1655.36,1657.99,1654.64,1656.98,0
2022-10-17 11:00:00,1656.98,1660.62,1654.9,1657.12,0
2022-10-17 12:00:00,1657.12,1658.55,1656.17,1658.01,0
2022-10-17 13:00:00,1658.06,1668.23,1657.08,1666.6,0
2022-10-17 14:00:00,1666.64,1668.42,1663.96,1665.03,0
2022-10-17 15:00:00,1665.04,1665.2,1660.98,1661.88,0
2022-10-17 16:00:00,1661.9,1663.86,1659.8,1663.37,0
2022-10-17 17:00:00,1663.34,1663.46,1657.29,1657.42,0
2022-10-17 18:00:00,1657.42,1660.02,1651.9,1652.87,0
2022-10-17 19:00:00,1652.87,1653.46,1649.6,1649.74,0
2022-10-17 20:00:00,1649.76,1650.42,1646.8,1647.98,0
2022-10-17 21:00:00,1647.97,1650.94,1647.8,1650.57,0
2022-10-17 23:00:00,1650.52,1651.52,1649.72,1650.63,0
2022-10-18 00:00:00,1650.62,1651.42,1649.86,1650.72,0
2022-10-18 01:00:00,1650.73,1652.3,1650.04,1652.17,0
2022-10-18 02:00:00,1652.17,1653.55,1650.47,1651.16,0
2022-10-18 03:00:00,1651.16,1651.28,1648.98,1649.55,0
2022-10-18 04:00:00,1649.55,1653.0,1649.06,1652.49,0
2022-10-18 05:00:00,1652.52,1660.86,1652.44,1659.39,0
2022-10-18 06:00:00,1659.44,1660.88,1656.36,1656.59,0
2022-10-18 07:00:00,1656.59,1656.83,1653.33,1655.14,0
2022-10-18 08:00:00,1655.14,1657.04,1651.34,1656.4,0
2022-10-18 09:00:00,1656.36,1657.56,1649.84,1649.96,0
2022-10-18 10:00:00,1649.96,1653.52,1648.65,1652.01,0
2022-10-18 11:00:00,1651.97,1653.56,1650.28,1651.27,0
2022-10-18 12:00:00,1651.3,1654.13,1651.1,1652.88,0
2022-10-18 13:00:00,1652.93,1657.38,1652.14,1656.44,0
2022-10-18 14:00:00,1656.44,1656.76,1651.64,1652.02,0
2022-10-18 15:00:00,1652.08,1654.47,1648.63,1652.62,0
2022-10-18 16:00:00,1652.61,1652.88,1645.86,1649.8,0
2022-10-18 17:00:00,1649.74,1652.33,1648.98,1650.3,0
2022-10-18 18:00:00,1650.28,1652.79,1648.38,1651.88,0
2022-10-18 19:00:00,1651.88,1652.5,1648.26,1650.3,0
2022-10-18 20:00:00,1650.3,1651.7,1649.25,1651.44,0
2022-10-18 21:00:00,1651.38,1652.14,1650.76,1651.92,0
2022-10-18 23:00:00,1652.08,1652.75,1651.88,1652.64,0
2022-10-19 00:00:00,1652.64,1654.45,1651.67,1652.42,0
2022-10-19 01:00:00,1652.42,1653.46,1651.0,1653.1,0
2022-10-19 02:00:00,1653.07,1653.42,1650.66,1652.11,0
2022-10-19 03:00:00,1652.11,1652.74,1649.6,1649.83,0
2022-10-19 04:00:00,1649.84,1650.8,1649.14,1649.33,0
2022-10-19 05:00:00,1649.32,1649.54,1645.7,1646.36,0
2022-10-19 06:00:00,1646.36,1647.89,1645.06,1646.93,0
2022-10-19 07:00:00,1646.86,1646.96,1639.86,1640.96,0
2022-10-19 08:00:00,1640.96,1647.06,1637.74,1644.72,0
2022-10-19 09:00:00,1644.77,1644.82,1639.2,1640.82,0
2022-10-19 10:00:00,1640.82,1642.2,1639.17,1642.06,0
2022-10-19 11:00:00,1641.98,1642.11,1632.72,1633.14,0
2022-10-19 12:00:00,1633.15,1635.68,1631.86,1635.28,0
2022-10-19 13:00:00,1635.23,1636.74,1630.46,1634.9,0
2022-10-19 14:00:00,1634.94,1637.52,1631.39,1633.57,0
2022-10-19 15:00:00,1633.52,1637.77,1631.44,1633.9,0
2022-10-19 16:00:00,1633.76,1635.79,1630.47,1630.65,0
2022-10-19 17:00:00,1630.68,1631.28,1628.39,1629.66,0
2022-10-19 18:00:00,1629.66,1630.38,1627.92,1628.48,0
2022-10-19 19:00:00,1628.42,1629.5,1627.84,1628.3,0
2022-10-19 20:00:00,1628.3,1629.92,1627.74,1629.55,0
2022-10-19 21:00:00,1629.46,1629.5,1628.58,1629.01,0
2022-10-19 23:00:00,1629.3,1630.42,1627.92,1628.06,0
2022-10-20 00:00:00,1628.03,1628.3,1626.51,1627.18,0
2022-10-20 01:00:00,1627.12,1629.44,1626.0,1628.5,0
2022-10-20 02:00:00,1628.47,1628.7,1624.12,1624.72,0
2022-10-20 03:00:00,1624.74,1626.73,1622.52,1626.58,0
2022-10-20 04:00:00,1626.5,1627.1,1625.22,1626.28,0
2022-10-20 05:00:00,1626.26,1632.94,1625.18,1632.92,0
2022-10-20 06:00:00,1632.86,1635.08,1631.52,1632.32,0
2022-10-20 07:00:00,1632.2,1632.21,1628.67,1629.94,0
2022-10-20 08:00:00,1629.9,1634.15,1627.08,1632.76,0
2022-10-20 09:00:00,1632.92,1633.43,1628.75,1629.24,0
2022-10-20 10:00:00,1629.32,1636.02,1629.32,1634.9,0
2022-10-20 11:00:00,1634.89,1638.92,1632.88,1638.02,0
2022-10-20 12:00:00,1637.93,1639.25,1635.39,1637.39,0
2022-10-20 13:00:00,1637.2,1640.04,1631.91,1632.66,0
2022-10-20 14:00:00,1632.66,1634.6,1630.43,1632.7,0
2022-10-20 15:00:00,1632.61,1645.14,1632.58,1644.84,0
2022-10-20 16:00:00,1644.88,1645.62,1640.52,1641.34,0
2022-10-20 17:00:00,1641.35,1641.49,1635.13,1636.24,0
2022-10-20 18:00:00,1636.22,1636.28,1629.61,1630.94,0
2022-10-20 19:00:00,1630.93,1631.25,1628.2,1628.68,0
2022-10-20 20:00:00,1628.69,1629.3,1624.8,1626.97,0
2022-10-20 21:00:00,1627.0,1628.32,1626.48,1628.03,0
2022-10-20 23:00:00,1628.2,1628.49,1626.48,1626.75,0
2022-10-21 00:00:00,1626.94,1627.24,1625.36,1626.96,0
2022-10-21 01:00:00,1627.02,1627.62,1625.18,1626.86,0
2022-10-21 02:00:00,1626.96,1628.32,1625.85,1627.15,0
2022-10-21 03:00:00,1627.08,1627.3,1625.36,1625.67,0
2022-10-21 04:00:00,1625.64,1626.94,1620.72,1621.64,0
2022-10-21 05:00:00,1621.64,1622.69,1620.29,1621.91,0
2022-10-21 06:00:00,1621.9,1623.05,1619.86,1621.37,0
2022-10-21 07:00:00,1621.36,1622.84,1619.84,1621.11,0
2022-10-21 08:00:00,1621.14,1627.22,1617.26,1623.78,0
2022-10-21 09:00:00,1623.69,1623.69,1619.24,1620.64,0
2022-10-21 10:00:00,1620.7,1625.9,1620.54,1625.42,0
2022-10-21 11:00:00,1625.38,1627.02,1624.11,1625.18,0
2022-10-21 12:00:00,1625.18,1628.08,1622.97,1623.16,0
2022-10-21 13:00:00,1623.16,1633.49,1619.18,1631.32,0
2022-10-21 14:00:00,1631.24,1643.08,1629.32,1642.64,0
2022-10-21 15:00:00,1642.83,1644.74,1634.43,1639.34,0
2022-10-21 16:00:00,1639.4,1651.0,1636.54,1650.88,0
2022-10-21 17:00:00,1650.89,1654.02,1647.44,1651.5,0
2022-10-21 18:00:00,1651.54,1654.46,1650.8,1651.92,0
2022-10-21 19:00:00,1651.96,1654.78,1651.14,1653.8,0
2022-10-21 20:00:00,1653.96,1657.14,1653.12,1655.27,0
2022-10-21 21:00:00,1655.16,1657.77,1654.04,1657.33,0
2022-10-23 23:00:00,1661.34,1663.42,1657.3,1659.22,0
2022-10-24 00:00:00,1659.22,1670.9,1656.6,1661.21,0
2022-10-24 01:00:00,1660.96,1663.35,1656.46,1656.98,0
2022-10-24 02:00:00,1656.97,1657.18,1653.74,1653.79,0
2022-10-24 03:00:00,1653.83,1656.32,1651.92,1655.76,0
2022-10-24 04:00:00,1655.82,1655.92,1653.46,1654.04,0
2022-10-24 05:00:00,1654.04,1658.6,1653.88,1658.16,0
2022-10-24 06:00:00,1658.06,1658.7,1654.02,1654.52,0
2022-10-24 07:00:00,1654.47,1657.39,1653.76,1655.24,0
2022-10-24 08:00:00,1655.3,1658.36,1648.9,1649.32,0
2022-10-24 09:00:00,1649.32,1650.08,1644.42,1647.82,0
2022-10-24 10:00:00,1647.82,1650.02,1645.48,1649.37,0
2022-10-24 11:00:00,1649.43,1650.37,1646.71,1648.99,0
2022-10-24 12:00:00,1648.93,1652.43,1647.27,1650.13,0
2022-10-24 13:00:00,1650.1,1651.49,1647.12,1649.19,0
2022-10-24 14:00:00,1649.27,1654.51,1644.83,1651.43,0
2022-10-24 15:00:00,1651.52,1651.89,1643.97,1648.12,0
2022-10-24 16:00:00,1648.13,1651.99,1645.76,1651.85,0
2022-10-24 17:00:00,1651.87,1652.7,1649.68,1650.58,0
2022-10-24 18:00:00,1650.63,1650.89,1649.13,1649.27,0
2022-10-24 19:00:00,1649.32,1650.86,1647.82,1650.86,0
2022-10-24 20:00:00,1650.84,1652.1,1649.2,1650.4,0
2022-10-24 21:00:00,1650.15,1650.35,1648.94,1649.36,0
2022-10-24 23:00:00,1649.84,1652.08,1649.68,1651.87,0
2022-10-25 00:00:00,1651.87,1652.6,1651.44,1651.78,0
2022-10-25 01:00:00,1651.82,1654.1,1650.87,1653.71,0
2022-10-25 02:00:00,1653.65,1654.88,1648.91,1650.15,0
2022-10-25 03:00:00,1650.14,1650.5,1647.25,1649.3,0
2022-10-25 04:00:00,1649.34,1652.38,1648.7,1651.61,0
2022-10-25 05:00:00,1651.56,1652.22,1649.91,1650.24,0
2022-10-25 06:00:00,1650.25,1650.54,1647.36,1648.18,0
2022-10-25 07:00:00,1648.06,1651.78,1647.86,1650.16,0
2022-10-25 08:00:00,1650.18,1650.88,1644.55,1645.25,0
2022-10-25 09:00:00,1645.35,1648.35,1642.91,1643.95,0
2022-10-25 10:00:00,1643.95,1644.14,1639.16,1639.99,0
2022-10-25 11:00:00,1639.99,1641.64,1638.31,1641.64,0
2022-10-25 12:00:00,1641.64,1645.96,1639.32,1643.83,0
2022-10-25 13:00:00,1643.9,1645.15,1639.09,1642.34,0
2022-10-25 14:00:00,1642.27,1660.41,1642.11,1659.33,0
2022-10-25 15:00:00,1658.05,1662.38,1653.81,1655.45,0
2022-10-25 16:00:00,1655.46,1658.42,1654.61,1656.05,0
2022-10-25 17:00:00,1656.02,1657.1,1652.1,1653.25,0
2022-10-25 18:00:00,1653.21,1655.86,1652.43,1655.48,0
2022-10-25 19:00:00,1655.5,1657.04,1653.6,1653.88,0
2022-10-25 20:00:00,1653.86,1654.52,1652.72,1653.99,0
2022-10-25 21:00:00,1653.94,1653.94,1652.58,1653.08,0
2022-10-25 23:00:00,1652.26,1653.03,1651.49,1652.42,0
2022-10-26 00:00:00,1652.42,1652.89,1651.1,1652.79,0
2022-10-26 01:00:00,1652.86,1654.03,1649.84,1650.4,0
2022-10-26 02:00:00,1650.46,1654.4,1649.74,1652.82,0
2022-10-26 03:00:00,1652.82,1656.5,1652.44,1656.36,0
2022-10-26 04:00:00,1656.36,1657.66,1655.34,1657.1,0
2022-10-26 05:00:00,1657.1,1657.42,1655.44,1655.82,0
2022-10-26 06:00:00,1655.81,1660.35,1655.22,1658.72,0
2022-10-26 07:00:00,1658.67,1665.32,1657.72,1665.06,0
2022-10-26 08:00:00,1665.3,1671.56,1664.63,1670.96,0
2022-10-26 09:00:00,1670.96,1673.55,1669.3,1673.02,0
2022-10-26 10:00:00,1673.01,1674.97,1669.1,1669.73,0
2022-10-26 11:00:00,1669.74,1670.69,1666.72,1668.86,0
2022-10-26 12:00:00,1668.86,1672.06,1667.82,1668.51,0
2022-10-26 13:00:00,1668.52,1669.71,1660.68,1662.1,0
2022-10-26 14:00:00,1662.02,1667.24,1661.54,1664.36,0
2022-10-26 15:00:00,1664.96,1670.92,1664.6,1666.7,0
2022-10-26 16:00:00,1666.71,1672.64,1666.14,1667.2,0
2022-10-26 17:00:00,1667.21,1669.03,1665.15,1666.64,0
2022-10-26 18:00:00,1666.62,1667.22,1664.06,1665.92,0
2022-10-26 19:00:00,1665.92,1667.17,1665.1,1665.84,0
2022-10-26 20:00:00,1665.82,1665.82,1663.58,1664.74,0
2022-10-26 21:00:00,1664.82,1665.33,1663.38,1664.62,0
2022-10-26 23:00:00,1664.18,1666.22,1664.16,1665.19,0
2022-10-27 00:00:00,1665.2,1667.62,1664.66,1667.59,0
2022-10-27 01:00:00,1667.59,1669.54,1665.86,1667.28,0
2022-10-27 02:00:00,1667.26,1670.79,1666.92,1667.18,0
2022-10-27 03:00:00,1667.16,1667.16,1662.32,1664.95,0
2022-10-27 04:00:00,1664.96,1666.15,1664.04,1664.64,0
2022-10-27 05:00:00,1664.68,1666.24,1663.0,1665.44,0
2022-10-27 06:00:00,1665.44,1669.76,1665.26,1668.96,0
2022-10-27 07:00:00,1668.96,1669.12,1660.46,1660.66,0
2022-10-27 08:00:00,1660.8,1663.46,1659.08,1662.79,0
2022-10-27 09:00:00,1662.8,1666.77,1662.39,1663.5,0
2022-10-27 10:00:00,1663.47,1663.79,1661.14,1662.44,0
2022-10-27 11:00:00,1662.5,1663.15,1659.86,1660.95,0
2022-10-27 12:00:00,1660.89,1663.54,1660.32,1662.02,0
2022-10-27 13:00:00,1661.94,1665.02,1654.93,1660.16,0
2022-10-27 14:00:00,1660.18,1664.12,1656.36,1658.37,0
2022-10-27 15:00:00,1658.25,1665.76,1658.18,1662.26,0
2022-10-27 16:00:00,1662.29,1665.59,1660.76,1661.36,0
2022-10-27 17:00:00,1661.36,1662.48,1656.81,1657.98,0
2022-10-27 18:00:00,1657.98,1662.16,1657.06,1659.99,0
2022-10-27 19:00:00,1659.98,1660.56,1658.27,1658.73,0
2022-10-27 20:00:00,1658.72,1662.56,1657.94,1662.36,0
2022-10-27 21:00:00,1662.4,1663.5,1661.04,1663.26,0
2022-10-27 23:00:00,1662.76,1663.21,1661.42,1662.24,0
2022-10-28 00:00:00,1662.26,1663.12,1661.48,1661.89,0
2022-10-28 01:00:00,1661.94,1662.73,1660.57,1661.96,0
2022-10-28 02:00:00,1662.02,1666.65,1661.14,1666.35,0
2022-10-28 03:00:00,1666.32,1667.06,1662.76,1665.33,0
2022-10-28 04:00:00,1665.3,1666.2,1663.22,1664.78,0
2022-10-28 05:00:00,1664.78,1665.4,1663.64,1664.56,0
2022-10-28 06:00:00,1664.56,1665.18,1659.47,1659.88,0
2022-10-28 07:00:00,1659.92,1661.59,1656.32,1656.98,0
2022-10-28 08:00:00,1657.39,1657.78,1651.42,1652.71,0
2022-10-28 09:00:00,1652.74,1653.84,1647.94,1650.64,0
2022-10-28 10:00:00,1650.88,1651.36,1646.56,1649.72,0
2022-10-28 11:00:00,1649.72,1650.04,1647.22,1648.64,0
2022-10-28 12:00:00,1648.62,1653.08,1646.26,1650.4,0
2022-10-28 13:00:00,1650.39,1653.07,1640.23,1643.28,0
2022-10-28 14:00:00,1643.3,1648.78,1642.26,1646.76,0
2022-10-28 15:00:00,1646.16,1649.26,1640.68,1642.62,0
2022-10-28 16:00:00,1642.67,1643.8,1638.02,1639.65,0
2022-10-28 17:00:00,1639.65,1643.16,1638.92,1642.74,0
2022-10-28 18:00:00,1642.77,1644.54,1640.74,1641.18,0
2022-10-28 19:00:00,1641.28,1643.45,1640.82,1643.29,0
2022-10-28 20:00:00,1643.38,1645.2,1642.74,1645.12,0
2022-10-28 21:00:00,1645.03,1645.78,1643.8,1644.6,0
2022-10-30 23:00:00,1642.5,1644.66,1642.13,1644.24,0
2022-10-31 00:00:00,1644.24,1645.4,1643.36,1643.47,0
2022-10-31 01:00:00,1643.5,1645.11,1642.19,1642.24,0
2022-10-31 02:00:00,1642.24,1643.02,1640.64,1641.52,0
2022-10-31 03:00:00,1641.52,1643.66,1640.8,1641.5,0
2022-10-31 04:00:00,1641.54,1644.72,1641.2,1644.42,0
2022-10-31 05:00:00,1644.42,1645.56,1643.68,1644.36,0
2022-10-31 06:00:00,1644.37,1645.68,1641.35,1641.58,0
2022-10-31 07:00:00,1641.54,1643.8,1640.55,1643.62,0
2022-10-31 08:00:00,1643.61,1644.6,1640.5,1641.18,0
2022-10-31 09:00:00,1641.2,1641.56,1635.67,1637.08,0
2022-10-31 10:00:00,1637.08,1640.31,1635.82,1639.38,0
2022-10-31 11:00:00,1639.48,1639.77,1636.68,1639.74,0
2022-10-31 12:00:00,1639.74,1642.07,1638.29,1639.76,0
2022-10-31 13:00:00,1639.8,1641.58,1635.65,1637.11,0
2022-10-31 14:00:00,1637.12,1638.84,1633.44,1637.32,0
2022-10-31 15:00:00,1637.34,1642.09,1637.14,1641.0,0
2022-10-31 16:00:00,1640.98,1641.18,1637.03,1638.96,0
2022-10-31 17:00:00,1639.07,1640.34,1636.53,1636.6,0
2022-10-31 18:00:00,1636.62,1637.83,1635.02,1635.49,0
2022-10-31 19:00:00,1635.47,1636.49,1634.11,1634.78,0
2022-10-31 20:00:00,1634.82,1634.85,1631.81,1632.14,0
2022-10-31 21:00:00,1632.18,1633.68,1632.18,1633.56,0
2022-10-31 23:00:00,1632.66,1633.84,1632.6,1632.7,0
2022-11-01 00:00:00,1632.7,1633.72,1631.8,1632.52,0
2022-11-01 01:00:00,1632.57,1634.32,1630.74,1633.92,0
2022-11-01 02:00:00,1633.89,1638.54,1633.36,1637.3,0
2022-11-01 03:00:00,1637.32,1640.12,1636.66,1638.78,0
2022-11-01 04:00:00,1638.78,1639.94,1635.72,1637.55,0
2022-11-01 05:00:00,1637.58,1638.62,1636.52,1637.94,0
2022-11-01 06:00:00,1637.92,1642.13,1637.72,1641.89,0
2022-11-01 07:00:00,1641.92,1647.36,1641.47,1647.2,0
2022-11-01 08:00:00,1647.12,1649.9,1642.34,1645.3,0
2022-11-01 09:00:00,1645.34,1648.66,1645.28,1647.49,0
2022-11-01 10:00:00,1647.52,1650.66,1645.61,1650.38,0
2022-11-01 11:00:00,1650.39,1652.88,1649.86,1651.0,0
2022-11-01 12:00:00,1650.98,1655.29,1650.82,1652.18,0
2022-11-01 13:00:00,1652.42,1657.03,1651.8,1654.02,0
2022-11-01 14:00:00,1654.0,1655.66,1649.84,1650.19,0
2022-11-01 15:00:00,1649.83,1650.26,1642.08,1645.33,0
2022-11-01 16:00:00,1645.32,1646.52,1642.78,1644.42,0
2022-11-01 17:00:00,1644.4,1651.0,1642.95,1644.99,0
2022-11-01 18:00:00,1644.99,1649.22,1644.93,1649.1,0
2022-11-01 19:00:00,1649.09,1651.13,1648.06,1649.76,0
2022-11-01 20:00:00,1649.76,1649.76,1646.58,1648.2,0
2022-11-01 21:00:00,1648.2,1648.36,1646.4,1647.66,0
2022-11-01 23:00:00,1646.62,1647.28,1646.12,1646.79,0
2022-11-02 00:00:00,1646.82,1648.26,1646.34,1646.8,0
2022-11-02 01:00:00,1646.82,1650.48,1646.7,1650.38,0
2022-11-02 02:00:00,1650.42,1651.36,1648.84,1650.1,0
2022-11-02 03:00:00,1650.1,1652.4,1647.34,1651.94,0
2022-11-02 04:00:00,1651.96,1653.3,1650.38,1650.82,0
2022-11-02 05:00:00,1650.86,1651.58,1649.4,1650.22,0
2022-11-02 06:00:00,1650.22,1652.72,1650.18,1650.76,0
2022-11-02 07:00:00,1650.8,1652.46,1649.64,1651.24,0
2022-11-02 08:00:00,1651.28,1653.38,1650.06,1652.78,0
2022-11-02 09:00:00,1652.77,1655.48,1652.06,1652.31,0
2022-11-02 10:00:00,1652.32,1656.3,1651.94,1654.57,0
2022-11-02 11:00:00,1654.6,1656.98,1654.36,1655.39,0
2022-11-02 12:00:00,1655.32,1656.31,1654.44,1655.16,0
2022-11-02 13:00:00,1655.18,1658.86,1653.93,1656.94,0
2022-11-02 14:00:00,1656.98,1657.5,1652.54,1653.46,0
2022-11-02 15:00:00,1653.38,1653.61,1648.37,1649.5,0
2022-11-02 16:00:00,1649.54,1649.54,1645.79,1646.48,0
2022-11-02 17:00:00,1646.48,1648.2,1645.69,1647.66,0
2022-11-02 18:00:00,1647.66,1650.54,1646.2,1650.52,0
2022-11-02 19:00:00,1650.52,1669.49,1644.72,1649.54,0
2022-11-02 20:00:00,1649.62,1652.28,1635.76,1637.03,0
2022-11-02 21:00:00,1637.0,1638.24,1634.8,1635.07,0
2022-11-02 23:00:00,1635.07,1637.14,1633.32,1634.08,0
2022-11-03 00:00:00,1634.08,1634.26,1631.84,1633.72,0
2022-11-03 01:00:00,1633.79,1637.98,1632.8,1637.88,0
2022-11-03 02:00:00,1637.87,1640.99,1637.68,1638.1,0
2022-11-03 03:00:00,1638.04,1639.2,1636.18,1636.37,0
2022-11-03 04:00:00,1636.28,1637.87,1635.98,1637.78,0
2022-11-03 05:00:00,1637.8,1638.96,1636.9,1637.74,0
2022-11-03 06:00:00,1637.74,1638.53,1636.4,1637.0,0
2022-11-03 07:00:00,1636.98,1636.98,1634.1,1634.48,0
2022-11-03 08:00:00,1634.48,1634.52,1628.4,1630.0,0
2022-11-03 09:00:00,1629.96,1630.06,1624.6,1627.22,0
2022-11-03 10:00:00,1627.2,1628.23,1620.06,1624.16,0
2022-11-03 11:00:00,1624.14,1624.41,1619.82,1621.52,0
2022-11-03 12:00:00,1621.46,1622.18,1616.66,1619.85,0
2022-11-03 13:00:00,1619.5,1625.12,1618.15,1618.32,0
2022-11-03 14:00:00,1618.32,1623.58,1617.16,1619.44,0
2022-11-03 15:00:00,1619.54,1631.54,1619.0,1631.09,0
2022-11-03 16:00:00,1631.17,1631.42,1625.57,1625.9,0
2022-11-03 17:00:00,1625.92,1628.51,1624.89,1627.14,0
2022-11-03 18:00:00,1627.14,1630.75,1626.99,1629.42,0
2022-11-03 19:00:00,1629.47,1631.94,1628.52,1631.17,0
2022-11-03 20:00:00,1631.21,1632.35,1630.84,1630.96,0
2022-11-03 21:00:00,1630.96,1631.26,1629.14,1629.55,0
2022-11-03 23:00:00,1629.06,1630.57,1628.76,1630.28,0
2022-11-04 00:00:00,1630.32,1630.32,1629.45,1629.8,0
2022-11-04 01:00:00,1629.88,1632.12,1629.6,1630.77,0
2022-11-04 02:00:00,1630.82,1633.99,1629.3,1633.91,0
2022-11-04 03:00:00,1633.91,1637.19,1633.12,1636.61,0
2022-11-04 04:00:00,1636.6,1640.08,1636.43,1639.2,0
2022-11-04 05:00:00,1639.2,1647.1,1638.65,1646.89,0
2022-11-04 06:00:00,1646.92,1648.65,1645.7,1647.15,0
2022-11-04 07:00:00,1647.16,1649.84,1645.52,1647.22,0
2022-11-04 08:00:00,1647.16,1649.5,1644.01,1644.92,0
2022-11-04 09:00:00,1644.92,1649.72,1644.92,1647.97,0
2022-11-04 10:00:00,1648.0,1652.5,1643.82,1645.98,0
2022-11-04 11:00:00,1645.98,1651.92,1645.32,1649.58,0
2022-11-04 12:00:00,1649.59,1653.49,1649.33,1651.36,0
2022-11-04 13:00:00,1651.46,1660.5,1641.74,1659.62,0
2022-11-04 14:00:00,1659.6,1667.89,1658.86,1667.45,0
2022-11-04 15:00:00,1667.42,1675.43,1666.26,1673.26,0
2022-11-04 16:00:00,1673.24,1674.69,1670.26,1671.23,0
2022-11-04 17:00:00,1671.16,1674.28,1667.82,1673.22,0
2022-11-04 18:00:00,1673.22,1674.95,1672.15,1674.48,0
2022-11-04 19:00:00,1674.48,1681.71,1673.39,1680.66,0
2022-11-04 20:00:00,1680.64,1681.02,1678.46,1680.84,0
2022-11-04 21:00:00,1680.81,1681.74,1679.68,1680.79,0
2022-11-06 23:00:00,1673.97,1680.32,1672.4,1672.82,0
2022-11-07 00:00:00,1672.82,1675.23,1671.44,1673.64,0
2022-11-07 01:00:00,1673.64,1675.3,1670.6,1672.38,0
2022-11-07 02:00:00,1672.32,1673.5,1670.34,1672.54,0
2022-11-07 03:00:00,1672.54,1674.9,1671.16,1673.56,0
2022-11-07 04:00:00,1673.53,1673.53,1671.1,1672.54,0
2022-11-07 05:00:00,1672.56,1674.82,1671.74,1672.28,0
2022-11-07 06:00:00,1672.3,1672.6,1670.34,1670.96,0
2022-11-07 07:00:00,1670.96,1671.53,1666.88,1668.13,0
2022-11-07 08:00:00,1668.16,1676.13,1667.05,1674.97,0
2022-11-07 09:00:00,1674.95,1680.45,1674.78,1678.57,0
2022-11-07 10:00:00,1678.6,1680.16,1677.23,1678.25,0
2022-11-07 11:00:00,1678.29,1678.46,1675.96,1677.04,0
2022-11-07 12:00:00,1677.0,1678.02,1674.64,1677.19,0
2022-11-07 13:00:00,1677.29,1678.73,1673.58,1677.96,0
2022-11-07 14:00:00,1678.03,1681.88,1677.33,1679.81,0
2022-11-07 15:00:00,1679.97,1679.97,1673.91,1678.94,0
2022-11-07 16:00:00,1678.98,1680.25,1676.05,1678.62,0
2022-11-07 17:00:00,1678.63,1678.86,1675.38,1677.12,0
2022-11-07 18:00:00,1677.06,1677.95,1675.8,1676.77,0
2022-11-07 19:00:00,1676.85,1677.19,1675.15,1675.47,0
2022-11-07 20:00:00,1675.51,1676.3,1674.26,1674.39,0
2022-11-07 21:00:00,1674.36,1675.44,1674.26,1675.31,0
2022-11-07 23:00:00,1674.74,1674.9,1673.66,1674.16,0
2022-11-08 00:00:00,1674.16,1675.86,1672.54,1675.49,0
2022-11-08 01:00:00,1675.54,1676.71,1672.82,1673.6,0
2022-11-08 02:00:00,1673.66,1674.39,1672.2,1673.33,0
2022-11-08 03:00:00,1673.3,1674.02,1672.81,1672.86,0
2022-11-08 04:00:00,1672.86,1673.44,1669.45,1670.16,0
2022-11-08 05:00:00,1670.18,1670.24,1668.28,1668.34,0
2022-11-08 06:00:00,1668.35,1671.54,1668.24,1670.49,0
2022-11-08 07:00:00,1670.52,1671.38,1668.19,1670.36,0
2022-11-08 08:00:00,1670.34,1671.19,1666.3,1666.94,0
2022-11-08 09:00:00,1666.86,1671.61,1664.74,1671.54,0
2022-11-08 10:00:00,1671.5,1672.02,1669.78,1670.54,0
2022-11-08 11:00:00,1670.54,1673.38,1669.94,1672.59,0
2022-11-08 12:00:00,1672.61,1673.24,1670.02,1670.93,0
2022-11-08 13:00:00,1670.95,1675.2,1670.75,1672.9,0
2022-11-08 14:00:00,1672.86,1680.31,1672.83,1679.2,0
2022-11-08 15:00:00,1679.16,1714.19,1678.73,1713.07,0
2022-11-08 16:00:00,1713.14,1716.87,1712.44,1715.08,0
2022-11-08 17:00:00,1715.18,1716.29,1710.23,1715.02,0
2022-11-08 18:00:00,1715.02,1716.89,1710.84,1712.94,0
2022-11-08 19:00:00,1712.86,1713.76,1708.28,1711.72,0
2022-11-08 20:00:00,1711.68,1713.23,1710.84,1712.06,0
2022-11-08 21:00:00,1712.07,1713.32,1711.53,1712.33,0
2022-11-08 23:00:00,1711.68,1713.39,1710.76,1711.69,0
2022-11-09 00:00:00,1711.68,1712.32,1709.0,1709.16,0
2022-11-09 01:00:00,1709.18,1710.63,1706.98,1707.0,0
2022-11-09 02:00:00,1707.0,1709.15,1707.0,1708.2,0
2022-11-09 03:00:00,1708.16,1712.55,1708.15,1709.33,0
2022-11-09 04:00:00,1709.32,1709.46,1707.6,1708.49,0
2022-11-09 05:00:00,1708.46,1710.13,1707.44,1709.4,0
2022-11-09 06:00:00,1709.46,1710.44,1708.18,1710.06,0
2022-11-09 07:00:00,1710.16,1712.75,1709.68,1711.68,0
2022-11-09 08:00:00,1711.66,1715.84,1711.42,1713.54,0
2022-11-09 09:00:00,1713.56,1713.82,1707.04,1707.94,0
2022-11-09 10:00:00,1708.03,1709.05,1703.96,1708.76,0
2022-11-09 11:00:00,1708.78,1710.01,1707.84,1708.86,0
2022-11-09 12:00:00,1708.79,1710.04,1707.02,1707.77,0
2022-11-09 13:00:00,1707.79,1710.08,1703.16,1710.06,0
2022-11-09 14:00:00,1710.06,1716.43,1709.67,1711.76,0
2022-11-09 15:00:00,1711.67,1722.34,1707.42,1711.54,0
2022-11-09 16:00:00,1711.58,1714.39,1711.27,1712.37,0
2022-11-09 17:00:00,1712.38,1713.41,1710.8,1712.51,0
2022-11-09 18:00:00,1712.61,1712.94,1704.21,1705.3,0
2022-11-09 19:00:00,1705.28,1706.38,1702.18,1703.82,0
2022-11-09 20:00:00,1703.74,1707.48,1703.42,1704.59,0
2022-11-09 21:00:00,1704.71,1707.19,1704.64,1706.92,0
2022-11-09 23:00:00,1706.28,1706.72,1703.9,1706.48,0
2022-11-10 00:00:00,1706.48,1707.04,1705.17,1706.53,0
2022-11-10 01:00:00,1706.57,1708.9,1705.14,1706.8,0
2022-11-10 02:00:00,1706.8,1708.72,1705.82,1708.72,0
2022-11-10 03:00:00,1708.64,1710.16,1707.68,1709.42,0
2022-11-10 04:00:00,1709.42,1709.96,1708.56,1709.78,0
2022-11-10 05:00:00,1709.84,1712.28,1709.42,1712.26,0
2022-11-10 06:00:00,1712.31,1712.58,1708.84,1709.86,0
2022-11-10 07:00:00,1709.85,1709.85,1705.28,1705.89,0
2022-11-10 08:00:00,1705.88,1710.24,1705.64,1707.39,0
2022-11-10 09:00:00,1707.33,1708.85,1704.63,1707.1,0
2022-11-10 10:00:00,1707.1,1708.37,1704.03,1708.29,0
2022-11-10 11:00:00,1708.31,1709.22,1705.52,1707.44,0
2022-11-10 12:00:00,1707.52,1709.38,1706.88,1709.35,0
2022-11-10 13:00:00,1709.37,1737.13,1708.86,1733.15,0
2022-11-10 14:00:00,1733.15,1745.22,1732.6,1744.0,0
2022-11-10 15:00:00,1744.01,1753.28,1743.75,1750.98,0
2022-11-10 16:00:00,1750.96,1751.42,1743.59,1750.02,0
2022-11-10 17:00:00,1750.03,1750.07,1746.24,1748.43,0
2022-11-10 18:00:00,1748.56,1752.25,1748.44,1750.66,0
2022-11-10 19:00:00,1750.65,1754.85,1750.18,1754.12,0
2022-11-10 20:00:00,1754.12,1756.12,1752.45,1755.77,0
2022-11-10 21:00:00,1755.77,1757.3,1754.12,1755.48,0
2022-11-10 23:00:00,1753.53,1754.56,1752.12,1752.23,0
2022-11-11 00:00:00,1752.22,1753.44,1750.42,1751.78,0
2022-11-11 01:00:00,1751.92,1753.44,1747.27,1747.51,0
2022-11-11 02:00:00,1747.54,1753.17,1747.54,1752.84,0
2022-11-11 03:00:00,1752.84,1753.06,1750.44,1751.28,0
2022-11-11 04:00:00,1751.3,1753.27,1749.81,1752.99,0
2022-11-11 05:00:00,1752.99,1763.1,1752.49,1760.76,0
2022-11-11 06:00:00,1760.7,1764.38,1755.66,1757.98,0
2022-11-11 07:00:00,1758.1,1762.99,1755.74,1761.07,0
2022-11-11 08:00:00,1760.97,1766.15,1755.49,1765.36,0
2022-11-11 09:00:00,1765.43,1766.0,1760.86,1763.92,0
2022-11-11 10:00:00,1763.92,1766.6,1757.39,1758.22,0
2022-11-11 11:00:00,1758.18,1760.63,1755.07,1759.3,0
2022-11-11 12:00:00,1759.28,1761.9,1756.82,1761.25,0
2022-11-11 13:00:00,1761.28,1766.08,1759.31,1765.62,0
2022-11-11 14:00:00,1765.61,1765.7,1755.52,1761.0,0
2022-11-11 15:00:00,1759.8,1764.51,1758.24,1763.72,0
2022-11-11 16:00:00,1763.75,1764.83,1759.68,1763.73,0
2022-11-11 17:00:00,1763.7,1765.72,1762.72,1764.6,0
2022-11-11 18:00:00,1764.58,1767.34,1763.27,1765.38,0
2022-11-11 19:00:00,1765.39,1767.97,1764.4,1767.95,0
2022-11-11 20:00:00,1768.12,1768.12,1765.44,1767.85,0
2022-11-11 21:00:00,1767.82,1772.78,1766.42,1770.15,0
2022-11-13 23:00:00,1764.16,1764.91,1761.54,1763.48,0
2022-11-14 00:00:00,1763.48,1765.1,1761.94,1764.36,0
2022-11-14 01:00:00,1764.36,1766.24,1761.74,1762.72,0
2022-11-14 02:00:00,1762.74,1763.51,1760.92,1763.16,0
2022-11-14 03:00:00,1763.16,1766.32,1763.0,1763.44,0
2022-11-14 04:00:00,1763.46,1763.64,1759.34,1761.29,0
2022-11-14 05:00:00,1761.29,1762.02,1757.94,1758.46,0
2022-11-14 06:00:00,1758.53,1763.64,1758.2,1761.5,0
2022-11-14 07:00:00,1761.5,1763.71,1760.22,1762.36,0
2022-11-14 08:00:00,1762.33,1766.14,1761.18,1762.06,0
2022-11-14 09:00:00,1762.0,1762.06,1757.04,1757.18,0
2022-11-14 10:00:00,1757.18,1758.33,1754.38,1757.62,0
2022-11-14 11:00:00,1757.72,1757.72,1753.27,1756.32,0
2022-11-14 12:00:00,1756.3,1762.07,1755.49,1761.84,0
2022-11-14 13:00:00,1761.84,1764.1,1758.74,1763.66,0
2022-11-14 14:00:00,1763.68,1770.38,1762.42,1769.13,0
2022-11-14 15:00:00,1769.18,1775.04,1768.47,1771.52,0
2022-11-14 16:00:00,1771.56,1771.98,1766.6,1769.68,0
2022-11-14 17:00:00,1769.68,1772.54,1769.46,1770.8,0
2022-11-14 18:00:00,1770.83,1773.82,1770.28,1773.3,0
2022-11-14 19:00:00,1773.3,1773.98,1771.46,1773.0,0
2022-11-14 20:00:00,1773.02,1774.51,1771.39,1772.12,0
2022-11-14 21:00:00,1772.09,1772.49,1771.07,1771.09,0
2022-11-14 23:00:00,1770.15,1770.91,1769.17,1769.46,0
2022-11-15 00:00:00,1769.46,1770.22,1767.1,1767.85,0
2022-11-15 01:00:00,1767.85,1772.42,1767.1,1769.2,0
2022-11-15 02:00:00,1769.18,1772.33,1768.24,1770.93,0
2022-11-15 03:00:00,1770.92,1772.34,1770.23,1771.26,0
2022-11-15 04:00:00,1771.22,1771.67,1769.93,1770.9,0
2022-11-15 05:00:00,1770.92,1773.75,1770.64,1770.87,0
2022-11-15 06:00:00,1770.87,1771.62,1768.72,1770.06,0
2022-11-15 07:00:00,1770.12,1784.49,1770.02,1782.86,0
2022-11-15 08:00:00,1782.88,1783.1,1773.94,1777.56,0
2022-11-15 09:00:00,1777.56,1779.06,1772.99,1776.29,0
2022-11-15 10:00:00,1776.54,1777.34,1773.8,1776.74,0
2022-11-15 11:00:00,1776.74,1777.8,1774.94,1776.84,0
2022-11-15 12:00:00,1776.9,1777.31,1773.87,1775.33,0
2022-11-15 13:00:00,1775.35,1786.51,1773.18,1777.18,0
2022-11-15 14:00:00,1777.2,1779.41,1768.27,1772.05,0
2022-11-15 15:00:00,1772.13,1774.31,1768.37,1771.2,0
2022-11-15 16:00:00,1771.16,1775.0,1768.56,1770.6,0
2022-11-15 17:00:00,1770.59,1773.09,1768.05,1772.34,0
2022-11-15 18:00:00,1772.44,1785.83,1768.34,1777.86,0
2022-11-15 19:00:00,1777.94,1779.17,1772.72,1778.58,0
2022-11-15 20:00:00,1778.62,1780.36,1776.73,1778.43,0
2022-11-15 21:00:00,1778.39,1779.74,1777.78,1778.72,0
2022-11-15 23:00:00,1778.19,1781.23,1777.47,1780.85,0
2022-11-16 00:00:00,1780.85,1781.44,1776.73,1777.49,0
2022-11-16 01:00:00,1777.48,1777.53,1773.69,1774.5,0
2022-11-16 02:00:00,1774.44,1777.08,1774.14,1776.84,0
2022-11-16 03:00:00,1776.84,1777.06,1771.74,1771.92,0
2022-11-16 04:00:00,1771.86,1772.86,1770.34,1771.94,0
2022-11-16 05:00:00,1772.09,1775.9,1770.98,1774.18,0
2022-11-16 06:00:00,1774.18,1774.93,1772.16,1773.4,0
2022-11-16 07:00:00,1773.62,1777.74,1771.34,1776.79,0
2022-11-16 08:00:00,1776.8,1779.29,1775.9,1779.18,0
2022-11-16 09:00:00,1779.2,1783.53,1779.0,1782.88,0
2022-11-16 10:00:00,1783.01,1785.06,1781.22,1782.31,0
2022-11-16 11:00:00,1782.31,1784.38,1780.4,1783.5,0
2022-11-16 12:00:00,1783.46,1783.48,1778.95,1780.83,0
2022-11-16 13:00:00,1780.83,1781.5,1774.68,1779.2,0
2022-11-16 14:00:00,1779.16,1780.36,1773.09,1775.19,0
2022-11-16 15:00:00,1775.28,1779.88,1772.96,1779.73,0
2022-11-16 16:00:00,1779.72,1780.06,1773.84,1774.48,0
2022-11-16 17:00:00,1774.48,1776.72,1773.24,1774.76,0
2022-11-16 18:00:00,1774.8,1775.68,1770.94,1772.92,0
2022-11-16 19:00:00,1772.94,1775.22,1772.44,1774.46,0
2022-11-16 20:00:00,1774.46,1776.23,1773.02,1774.3,0
2022-11-16 21:00:00,1774.3,1774.79,1773.45,1773.79,0
2022-11-16 23:00:00,1773.76,1774.66,1773.16,1773.94,0
2022-11-17 00:00:00,1773.94,1774.64,1772.86,1773.46,0
2022-11-17 01:00:00,1773.46,1774.77,1769.3,1769.84,0
2022-11-17 02:00:00,1769.9,1769.93,1766.53,1767.52,0
2022-11-17 03:00:00,1767.52,1767.64,1763.02,1763.96,0
2022-11-17 04:00:00,1763.96,1764.18,1762.12,1762.4,0
2022-11-17 05:00:00,1762.36,1764.07,1761.44,1763.06,0
2022-11-17 06:00:00,1763.04,1768.46,1762.86,1768.05,0
2022-11-17 07:00:00,1768.01,1769.02,1765.29,1766.99,0
2022-11-17 08:00:00,1766.99,1771.06,1766.98,1767.04,0
2022-11-17 09:00:00,1767.05,1768.5,1763.55,1765.55,0
2022-11-17 10:00:00,1765.56,1766.04,1761.74,1762.57,0
2022-11-17 11:00:00,1762.56,1765.7,1761.52,1765.53,0
2022-11-17 12:00:00,1765.57,1767.65,1761.24,1764.3,0
2022-11-17 13:00:00,1764.58,1766.3,1756.34,1756.6,0
2022-11-17 14:00:00,1756.59,1761.18,1754.47,1759.82,0
2022-11-17 15:00:00,1759.8,1762.9,1758.28,1760.22,0
2022-11-17 16:00:00,1760.25,1760.44,1755.48,1758.1,0
2022-11-17 17:00:00,1758.02,1761.14,1757.74,1760.26,0
2022-11-17 18:00:00,1760.34,1762.34,1759.48,1760.86,0
2022-11-17 19:00:00,1760.9,1761.84,1759.88,1760.82,0
2022-11-17 20:00:00,1760.81,1761.42,1759.74,1761.0,0
2022-11-17 21:00:00,1761.02,1761.27,1760.14,1760.17,0
2022-11-17 23:00:00,1760.5,1761.01,1759.42,1760.11,0
2022-11-18 00:00:00,1760.1,1763.7,1760.02,1763.04,0
2022-11-18 01:00:00,1763.03,1764.6,1761.98,1762.99,0
2022-11-18 02:00:00,1762.99,1764.41,1762.54,1762.8,0
2022-11-18 03:00:00,1762.8,1765.74,1761.44,1764.86,0
2022-11-18 04:00:00,1764.86,1765.27,1762.11,1762.57,0
2022-11-18 05:00:00,1762.56,1764.14,1761.18,1764.05,0
2022-11-18 06:00:00,1764.05,1764.58,1762.74,1763.89,0
2022-11-18 07:00:00,1763.88,1766.96,1763.32,1765.58,0
2022-11-18 08:00:00,1765.51,1765.9,1761.8,1762.76,0
2022-11-18 09:00:00,1762.72,1767.68,1760.73,1764.2,0
2022-11-18 10:00:00,1764.22,1765.62,1762.93,1765.14,0
2022-11-18 11:00:00,1765.17,1765.7,1759.97,1760.36,0
2022-11-18 12:00:00,1760.36,1762.62,1759.17,1760.06,0
2022-11-18 13:00:00,1759.96,1764.13,1758.15,1760.22,0
2022-11-18 14:00:00,1760.26,1761.18,1749.98,1753.58,0
2022-11-18 15:00:00,1753.55,1758.6,1751.08,1757.32,0
2022-11-18 16:00:00,1757.28,1757.97,1753.01,1754.27,0
2022-11-18 17:00:00,1754.24,1754.98,1750.12,1751.36,0
2022-11-18 18:00:00,1751.42,1752.84,1749.04,1749.12,0
2022-11-18 19:00:00,1749.04,1749.66,1747.56,1748.45,0
2022-11-18 20:00:00,1748.42,1749.9,1747.69,1748.66,0
2022-11-18 21:00:00,1748.66,1751.07,1748.48,1750.97,0
2022-11-20 23:00:00,1751.16,1752.66,1750.9,1752.3,0
2022-11-21 00:00:00,1752.27,1753.04,1749.47,1750.41,0
2022-11-21 01:00:00,1750.4,1750.4,1744.44,1746.31,0
2022-11-21 02:00:00,1746.34,1746.36,1743.94,1744.41,0
2022-11-21 03:00:00,1744.41,1746.87,1744.28,1746.8,0
2022-11-21 04:00:00,1746.78,1747.44,1745.08,1746.08,0
2022-11-21 05:00:00,1746.08,1747.13,1744.32,1746.72,0
2022-11-21 06:00:00,1746.72,1747.04,1744.65,1745.44,0
2022-11-21 07:00:00,1745.38,1746.86,1742.1,1742.56,0
2022-11-21 08:00:00,1742.56,1744.16,1740.58,1742.1,0
2022-11-21 09:00:00,1742.07,1742.9,1736.98,1738.53,0
2022-11-21 10:00:00,1738.21,1742.22,1738.05,1741.83,0
2022-11-21 11:00:00,1741.79,1741.79,1739.88,1740.03,0
2022-11-21 12:00:00,1740.07,1741.12,1739.14,1740.46,0
2022-11-21 13:00:00,1740.34,1746.99,1739.34,1743.55,0
2022-11-21 14:00:00,1743.56,1746.38,1739.9,1741.35,0
2022-11-21 15:00:00,1741.37,1742.01,1735.94,1736.74,0
2022-11-21 16:00:00,1736.7,1736.72,1732.55,1733.03,0
2022-11-21 17:00:00,1733.03,1737.38,1732.97,1736.66,0
2022-11-21 18:00:00,1736.6,1739.64,1736.16,1737.18,0
2022-11-21 19:00:00,1737.2,1739.37,1735.41,1735.42,0
2022-11-21 20:00:00,1735.42,1739.23,1735.42,1739.16,0
2022-11-21 21:00:00,1739.16,1739.34,1737.75,1737.75,0
2022-11-21 23:00:00,1738.8,1739.03,1737.5,1738.55,0
2022-11-22 00:00:00,1738.54,1741.58,1738.08,1740.88,0
2022-11-22 01:00:00,1740.88,1744.97,1740.52,1743.62,0
2022-11-22 02:00:00,1743.63,1743.76,1741.88,1743.39,0
2022-11-22 03:00:00,1743.37,1745.02,1742.14,1744.24,0
2022-11-22 04:00:00,1744.24,1745.72,1743.74,1745.1,0
2022-11-22 05:00:00,1745.19,1745.32,1740.92,1741.61,0
2022-11-22 06:00:00,1741.61,1743.01,1740.69,1740.86,0
2022-11-22 07:00:00,1740.87,1744.94,1740.4,1743.13,0
2022-11-22 08:00:00,1743.08,1746.31,1742.0,1744.59,0
2022-11-22 09:00:00,1744.57,1748.42,1743.8,1747.02,0
2022-11-22 10:00:00,1747.07,1748.2,1745.98,1746.08,0
2022-11-22 11:00:00,1746.09,1749.8,1745.8,1748.59,0
2022-11-22 12:00:00,1748.57,1748.62,1745.92,1746.45,0
2022-11-22 13:00:00,1746.41,1748.14,1743.05,1743.72,0
2022-11-22 14:00:00,1743.77,1746.62,1741.77,1742.9,0
2022-11-22 15:00:00,1742.86,1744.64,1741.71,1741.89,0
2022-11-22 16:00:00,1741.89,1742.25,1739.81,1741.96,0
2022-11-22 17:00:00,1741.98,1742.12,1738.6,1739.66,0
2022-11-22 18:00:00,1739.62,1740.47,1737.76,1738.72,0
2022-11-22 19:00:00,1738.72,1738.97,1737.06,1738.22,0
2022-11-22 20:00:00,1738.22,1740.77,1737.3,1740.35,0
2022-11-22 21:00:00,1740.22,1740.52,1739.57,1739.97,0
2022-11-22 23:00:00,1739.9,1741.35,1739.82,1741.25,0
2022-11-23 00:00:00,1741.25,1742.92,1740.92,1741.2,0
2022-11-23 01:00:00,1741.2,1742.28,1739.07,1740.34,0
2022-11-23 02:00:00,1740.29,1741.79,1739.06,1741.68,0
2022-11-23 03:00:00,1741.68,1741.68,1736.94,1737.28,0
2022-11-23 04:00:00,1737.23,1737.24,1733.13,1734.92,0
2022-11-23 05:00:00,1735.0,1736.79,1733.57,1736.55,0
2022-11-23 06:00:00,1736.54,1740.14,1736.38,1738.9,0
2022-11-23 07:00:00,1738.94,1745.76,1738.2,1744.22,0
2022-11-23 08:00:00,1744.26,1744.73,1739.38,1739.44,0
2022-11-23 09:00:00,1739.48,1740.23,1735.62,1739.59,0
2022-11-23 10:00:00,1739.64,1739.84,1734.48,1737.15,0
2022-11-23 11:00:00,1737.16,1739.78,1736.55,1739.5,0
2022-11-23 12:00:00,1739.5,1739.64,1736.3,1736.72,0
2022-11-23 13:00:00,1736.75,1740.1,1726.5,1736.78,0
2022-11-23 14:00:00,1736.78,1747.68,1735.65,1742.74,0
2022-11-23 15:00:00,1742.83,1744.15,1738.86,1743.47,0
2022-11-23 16:00:00,1743.49,1743.83,1741.17,1742.35,0
2022-11-23 17:00:00,1742.26,1744.58,1741.35,1743.32,0
2022-11-23 18:00:00,1743.27,1746.51,1743.13,1743.88,0
2022-11-23 19:00:00,1743.78,1753.4,1742.55,1751.91,0
2022-11-23 20:00:00,1751.97,1752.68,1750.46,1751.27,0
2022-11-23 21:00:00,1751.26,1751.26,1749.32,1749.4,0
2022-11-23 23:00:00,1749.25,1752.36,1749.22,1752.34,0
2022-11-24 00:00:00,1752.35,1755.14,1752.35,1753.5,0
2022-11-24 01:00:00,1753.5,1756.17,1752.38,1755.59,0
2022-11-24 02:00:00,1755.64,1755.87,1754.04,1755.08,0
2022-11-24 03:00:00,1755.07,1756.6,1754.77,1756.34,0
2022-11-24 04:00:00,1756.34,1756.91,1755.28,1755.73,0
2022-11-24 05:00:00,1755.72,1755.8,1753.18,1753.23,0
2022-11-24 06:00:00,1753.24,1755.72,1752.68,1755.36,0
2022-11-24 07:00:00,1755.36,1757.63,1753.66,1753.84,0
2022-11-24 08:00:00,1753.82,1756.96,1752.46,1755.7,0
2022-11-24 09:00:00,1755.84,1758.21,1755.7,1756.34,0
2022-11-24 10:00:00,1756.39,1758.62,1754.6,1756.23,0
2022-11-24 11:00:00,1756.3,1758.64,1755.82,1758.31,0
2022-11-24 12:00:00,1758.34,1758.61,1756.9,1757.38,0
2022-11-24 13:00:00,1757.34,1757.72,1755.12,1757.04,0
2022-11-24 14:00:00,1756.98,1757.44,1755.53,1756.1,0
2022-11-24 15:00:00,1756.1,1758.57,1755.18,1756.82,0
2022-11-24 16:00:00,1756.8,1757.34,1756.12,1756.9,0
2022-11-24 17:00:00,1756.9,1757.38,1754.93,1755.42,0
2022-11-24 18:00:00,1755.4,1755.7,1753.97,1753.98,0
2022-11-24 19:00:00,1753.98,1755.52,1753.98,1755.38,0
2022-11-24 23:00:00,1755.12,1756.04,1754.79,1755.38,0
2022-11-25 00:00:00,1755.3,1755.68,1752.42,1753.64,0
2022-11-25 01:00:00,1753.7,1757.58,1753.13,1756.67,0
2022-11-25 02:00:00,1756.65,1759.42,1756.5,1758.69,0
2022-11-25 03:00:00,1758.71,1759.7,1757.54,1759.61,0
2022-11-25 04:00:00,1759.61,1761.16,1758.3,1758.6,0
2022-11-25 05:00:00,1758.59,1759.08,1755.84,1756.65,0
2022-11-25 06:00:00,1756.53,1757.11,1754.55,1756.97,0
2022-11-25 07:00:00,1757.0,1757.01,1751.56,1751.6,0
2022-11-25 08:00:00,1751.55,1753.76,1750.06,1752.46,0
2022-11-25 09:00:00,1752.4,1753.65,1749.26,1750.93,0
2022-11-25 10:00:00,1750.94,1754.45,1750.14,1752.53,0
2022-11-25 11:00:00,1752.54,1753.98,1751.02,1751.08,0
2022-11-25 12:00:00,1751.09,1752.05,1749.93,1750.95,0
2022-11-25 13:00:00,1750.91,1751.51,1745.97,1748.39,0
2022-11-25 14:00:00,1748.4,1752.66,1747.1,1751.82,0
2022-11-25 15:00:00,1751.75,1752.52,1749.33,1750.36,0
2022-11-25 16:00:00,1750.38,1751.8,1749.56,1751.42,0
2022-11-25 17:00:00,1751.4,1755.57,1750.98,1753.24,0
2022-11-25 18:00:00,1753.26,1756.38,1752.88,1754.65,0
2022-11-27 23:00:00,1754.96,1755.1,1750.24,1750.98,0
2022-11-28 00:00:00,1750.98,1753.95,1750.98,1751.98,0
2022-11-28 01:00:00,1752.02,1752.02,1746.01,1746.9,0
2022-11-28 02:00:00,1746.89,1750.83,1746.26,1750.37,0
2022-11-28 03:00:00,1750.37,1750.53,1748.55,1749.62,0
2022-11-28 04:00:00,1749.61,1751.7,1749.34,1751.54,0
2022-11-28 05:00:00,1751.54,1752.24,1748.5,1749.54,0
2022-11-28 06:00:00,1749.52,1753.16,1749.22,1751.72,0
2022-11-28 07:00:00,1751.85,1754.13,1749.76,1750.81,0
2022-11-28 08:00:00,1750.81,1759.99,1749.92,1759.26,0
2022-11-28 09:00:00,1759.26,1762.86,1759.06,1760.95,0
2022-11-28 10:00:00,1760.95,1763.75,1760.39,1760.71,0
2022-11-28 11:00:00,1760.76,1762.12,1757.66,1758.68,0
2022-11-28 12:00:00,1758.72,1759.2,1754.2,1755.48,0
2022-11-28 13:00:00,1755.5,1756.78,1750.33,1753.56,0
2022-11-28 14:00:00,1753.52,1753.52,1745.18,1748.39,0
2022-11-28 15:00:00,1748.39,1750.22,1743.08,1745.59,0
2022-11-28 16:00:00,1745.51,1746.84,1741.96,1745.17,0
2022-11-28 17:00:00,1745.18,1745.68,1742.12,1742.66,0
2022-11-28 18:00:00,1742.64,1743.04,1740.48,1740.49,0
2022-11-28 19:00:00,1740.5,1741.16,1739.68,1740.28,0
2022-11-28 20:00:00,1740.28,1742.04,1739.67,1740.02,0
2022-11-28 21:00:00,1740.07,1741.82,1740.03,1741.5,0
2022-11-28 23:00:00,1740.52,1742.13,1739.81,1741.37,0
2022-11-29 00:00:00,1741.43,1742.56,1740.68,1740.99,0
2022-11-29 01:00:00,1740.98,1746.52,1740.34,1746.38,0
2022-11-29 02:00:00,1746.35,1747.46,1744.63,1744.93,0
2022-11-29 03:00:00,1744.89,1750.58,1744.66,1750.46,0
2022-11-29 04:00:00,1750.48,1754.18,1750.09,1753.87,0
2022-11-29 05:00:00,1753.85,1755.06,1752.86,1754.18,0
2022-11-29 06:00:00,1754.2,1754.68,1751.47,1752.05,0
2022-11-29 07:00:00,1752.01,1754.84,1751.67,1753.97,0
2022-11-29 08:00:00,1754.0,1759.01,1752.66,1757.31,0
2022-11-29 09:00:00,1757.31,1757.84,1752.23,1754.1,0
2022-11-29 10:00:00,1754.1,1756.35,1753.92,1755.35,0
2022-11-29 11:00:00,1755.34,1757.43,1753.37,1757.39,0
2022-11-29 12:00:00,1757.34,1757.53,1753.1,1755.29,0
2022-11-29 13:00:00,1755.36,1756.74,1750.2,1751.61,0
2022-11-29 14:00:00,1751.66,1753.42,1746.96,1752.08,0
2022-11-29 15:00:00,1752.2,1758.1,1750.79,1755.15,0
2022-11-29 16:00:00,1755.24,1755.54,1749.72,1751.61,0
2022-11-29 17:00:00,1751.63,1752.24,1749.76,1751.0,0
2022-11-29 18:00:00,1750.91,1752.08,1748.92,1751.46,0
2022-11-29 19:00:00,1751.47,1752.48,1749.48,1750.31,0
2022-11-29 20:00:00,1750.31,1750.43,1747.92,1748.73,0
2022-11-29 21:00:00,1748.75,1749.99,1748.48,1749.67,0
2022-11-29 23:00:00,1749.25,1749.49,1748.6,1749.0,0
2022-11-30 00:00:00,1749.32,1751.21,1747.83,1751.17,0
2022-11-30 01:00:00,1751.17,1754.18,1750.34,1752.88,0
2022-11-30 02:00:00,1752.86,1753.93,1751.34,1753.31,0
2022-11-30 03:00:00,1753.26,1754.82,1753.06,1754.79,0
2022-11-30 04:00:00,1754.84,1755.75,1754.24,1754.26,0
2022-11-30 05:00:00,1754.28,1755.53,1753.83,1753.97,0
2022-11-30 06:00:00,1753.9,1754.88,1753.0,1753.54,0
2022-11-30 07:00:00,1753.49,1756.85,1752.94,1755.18,0
2022-11-30 08:00:00,1755.42,1759.81,1754.88,1759.54,0
2022-11-30 09:00:00,1759.54,1762.12,1758.96,1762.0,0
2022-11-30 10:00:00,1762.07,1763.15,1758.41,1758.74,0
2022-11-30 11:00:00,1758.8,1762.47,1758.38,1762.3,0
2022-11-30 12:00:00,1762.29,1763.33,1760.37,1760.8,0
2022-11-30 13:00:00,1760.8,1764.68,1754.14,1755.11,0
2022-11-30 14:00:00,1755.13,1763.28,1754.53,1757.0,0
2022-11-30 15:00:00,1757.1,1757.14,1749.2,1752.61,0
2022-11-30 16:00:00,1752.64,1754.26,1750.46,1752.22,0
2022-11-30 17:00:00,1752.17,1754.05,1751.26,1752.84,0
2022-11-30 18:00:00,1752.84,1761.03,1745.07,1760.28,0
2022-11-30 19:00:00,1760.3,1768.88,1757.75,1767.8,0
2022-11-30 20:00:00,1767.94,1770.02,1766.35,1769.89,0
2022-11-30 21:00:00,1769.91,1769.94,1767.88,1768.39,0
2022-11-30 23:00:00,1768.74,1773.51,1768.56,1773.37,0
2022-12-01 00:00:00,1773.37,1778.7,1773.34,1778.38,0
2022-12-01 01:00:00,1778.46,1780.02,1775.59,1775.92,0
2022-12-01 02:00:00,1775.92,1776.02,1772.02,1773.54,0
2022-12-01 03:00:00,1773.56,1776.94,1773.17,1776.65,0
2022-12-01 04:00:00,1776.64,1780.0,1776.17,1779.6,0
2022-12-01 05:00:00,1779.62,1782.71,1779.28,1780.14,0
2022-12-01 06:00:00,1780.14,1783.68,1779.69,1782.7,0
2022-12-01 07:00:00,1782.76,1783.62,1774.67,1775.37,0
2022-12-01 08:00:00,1775.48,1779.16,1774.84,1778.26,0
2022-12-01 09:00:00,1778.35,1778.75,1776.3,1778.29,0
2022-12-01 10:00:00,1778.27,1780.08,1776.54,1776.68,0
2022-12-01 11:00:00,1776.7,1781.33,1776.5,1780.56,0
2022-12-01 12:00:00,1780.61,1785.2,1780.61,1784.75,0
2022-12-01 13:00:00,1784.84,1792.22,1784.54,1789.43,0
2022-12-01 14:00:00,1789.37,1803.51,1789.23,1801.73,0
2022-12-01 15:00:00,1801.83,1804.1,1794.2,1796.48,0
2022-12-01 16:00:00,1796.44,1802.87,1796.16,1802.39,0
2022-12-01 17:00:00,1802.4,1802.59,1798.98,1801.62,0
2022-12-01 18:00:00,1801.59,1802.96,1799.26,1801.4,0
2022-12-01 19:00:00,1801.39,1803.41,1800.19,1803.33,0
2022-12-01 20:00:00,1803.34,1803.54,1801.13,1803.5,0
2022-12-01 21:00:00,1803.49,1803.55,1802.38,1802.86,0
2022-12-01 23:00:00,1802.36,1804.54,1801.9,1802.32,0
2022-12-02 00:00:00,1802.36,1802.51,1799.59,1799.88,0
2022-12-02 01:00:00,1799.86,1800.34,1797.2,1798.0,0
2022-12-02 02:00:00,1798.02,1798.63,1795.6,1798.08,0
2022-12-02 03:00:00,1798.1,1799.09,1796.33,1798.25,0
2022-12-02 04:00:00,1798.3,1798.58,1795.9,1797.49,0
2022-12-02 05:00:00,1797.53,1798.58,1796.3,1797.22,0
2022-12-02 06:00:00,1797.24,1800.5,1797.13,1799.02,0
2022-12-02 07:00:00,1799.06,1802.64,1798.72,1801.74,0
2022-12-02 08:00:00,1801.77,1803.01,1798.94,1802.1,0
2022-12-02 09:00:00,1802.06,1802.73,1800.04,1801.84,0
2022-12-02 10:00:00,1801.86,1801.86,1799.32,1800.28,0
2022-12-02 11:00:00,1800.28,1800.51,1797.99,1798.56,0
2022-12-02 12:00:00,1798.59,1799.53,1797.24,1799.4,0
2022-12-02 13:00:00,1799.47,1801.03,1778.61,1785.65,0
2022-12-02 14:00:00,1785.66,1787.0,1781.78,1785.71,0
2022-12-02 15:00:00,1785.78,1787.11,1780.99,1785.75,0
2022-12-02 16:00:00,1785.75,1796.49,1784.69,1795.57,0
2022-12-02 17:00:00,1795.59,1798.53,1794.66,1795.25,0
2022-12-02 18:00:00,1795.31,1796.92,1794.7,1795.5,0
2022-12-02 19:00:00,1795.52,1798.7,1793.59,1798.6,0
2022-12-02 20:00:00,1798.55,1799.57,1797.32,1797.6,0
2022-12-02 21:00:00,1797.51,1798.97,1797.3,1798.52,0
2022-12-04 23:00:00,1796.59,1799.32,1794.48,1799.08,0
2022-12-05 00:00:00,1799.1,1800.92,1798.65,1800.02,0
2022-12-05 01:00:00,1800.08,1808.36,1799.93,1806.55,0
2022-12-05 02:00:00,1806.51,1808.2,1805.78,1807.04,0
2022-12-05 03:00:00,1807.04,1809.04,1806.1,1808.66,0
2022-12-05 04:00:00,1808.68,1810.0,1808.1,1808.76,0
2022-12-05 05:00:00,1808.74,1809.43,1806.54,1807.47,0
2022-12-05 06:00:00,1807.49,1807.87,1802.6,1803.26,0
2022-12-05 07:00:00,1803.26,1803.59,1797.56,1799.88,0
2022-12-05 08:00:00,1799.87,1800.5,1796.83,1797.77,0
2022-12-05 09:00:00,1797.83,1799.0,1795.08,1796.86,0
2022-12-05 10:00:00,1796.81,1797.51,1793.33,1795.15,0
2022-12-05 11:00:00,1795.25,1796.44,1793.87,1793.94,0
2022-12-05 12:00:00,1793.94,1797.98,1793.62,1797.94,0
2022-12-05 13:00:00,1797.98,1798.47,1790.99,1792.62,0
2022-12-05 14:00:00,1792.62,1793.4,1783.94,1783.94,0
2022-12-05 15:00:00,1784.18,1784.18,1773.08,1777.93,0
2022-12-05 16:00:00,1777.93,1779.46,1772.02,1773.41,0
2022-12-05 17:00:00,1773.38,1773.38,1769.0,1769.85,0
2022-12-05 18:00:00,1769.86,1770.45,1766.28,1766.8,0
2022-12-05 19:00:00,1766.76,1768.29,1765.87,1768.19,0
2022-12-05 20:00:00,1768.16,1768.94,1766.73,1766.73,0
2022-12-05 21:00:00,1766.83,1768.9,1766.83,1768.65,0
2022-12-05 23:00:00,1768.2,1770.38,1767.6,1769.48,0
2022-12-06 00:00:00,1769.44,1770.82,1768.32,1770.44,0
2022-12-06 01:00:00,1770.43,1776.24,1769.89,1774.61,0
2022-12-06 02:00:00,1774.63,1776.36,1771.32,1771.82,0
2022-12-06 03:00:00,1771.86,1775.38,1771.49,1772.03,0
2022-12-06 04:00:00,1772.04,1774.94,1772.0,1772.53,0
2022-12-06 05:00:00,1772.54,1773.22,1768.8,1770.91,0
2022-12-06 06:00:00,1770.94,1771.54,1767.34,1769.09,0
2022-12-06 07:00:00,1769.02,1772.8,1767.86,1771.58,0
2022-12-06 08:00:00,1771.67,1773.95,1769.32,1772.92,0
2022-12-06 09:00:00,1772.94,1773.58,1770.22,1771.22,0
2022-12-06 10:00:00,1771.14,1775.16,1771.08,1773.88,0
2022-12-06 11:00:00,1773.88,1779.02,1773.82,1778.97,0
2022-12-06 12:00:00,1778.93,1780.88,1778.26,1780.6,0
2022-12-06 13:00:00,1780.6,1780.79,1776.37,1778.3,0
2022-12-06 14:00:00,1778.38,1778.8,1774.03,1774.1,0
2022-12-06 15:00:00,1774.07,1774.5,1770.82,1772.62,0
2022-12-06 16:00:00,1772.6,1776.31,1771.92,1772.04,0
2022-12-06 17:00:00,1772.01,1772.79,1770.34,1771.56,0
2022-12-06 18:00:00,1771.51,1771.72,1767.35,1767.86,0
2022-12-06 19:00:00,1767.86,1771.88,1767.86,1771.43,0
2022-12-06 20:00:00,1771.44,1772.74,1770.72,1771.56,0
2022-12-06 21:00:00,1771.5,1772.53,1770.86,1770.99,0
2022-12-06 23:00:00,1770.9,1771.52,1770.36,1771.03,0
2022-12-07 00:00:00,1771.03,1771.6,1769.27,1769.98,0
2022-12-07 01:00:00,1769.98,1773.78,1768.73,1773.49,0
2022-12-07 02:00:00,1773.4,1775.22,1772.8,1774.11,0
2022-12-07 03:00:00,1774.04,1774.04,1770.59,1773.21,0
2022-12-07 04:00:00,1773.2,1773.27,1770.4,1770.98,0
2022-12-07 05:00:00,1770.98,1774.52,1770.98,1773.1,0
2022-12-07 06:00:00,1773.14,1773.23,1769.72,1772.24,0
2022-12-07 07:00:00,1772.22,1775.17,1771.15,1772.82,0
2022-12-07 08:00:00,1772.8,1775.92,1771.2,1775.43,0
2022-12-07 09:00:00,1775.41,1775.57,1771.38,1772.5,0
2022-12-07 10:00:00,1772.46,1775.1,1771.49,1772.61,0
2022-12-07 11:00:00,1772.6,1774.86,1771.17,1771.5,0
2022-12-07 12:00:00,1771.46,1775.57,1770.82,1775.08,0
2022-12-07 13:00:00,1775.1,1779.27,1773.88,1778.31,0
2022-12-07 14:00:00,1778.44,1787.56,1776.06,1783.18,0
2022-12-07 15:00:00,1783.19,1787.79,1777.57,1780.55,0
2022-12-07 16:00:00,1780.56,1782.69,1776.36,1782.33,0
2022-12-07 17:00:00,1782.33,1783.72,1780.99,1783.13,0
2022-12-07 18:00:00,1783.16,1789.72,1782.78,1788.12,0
2022-12-07 19:00:00,1788.13,1790.54,1786.42,1789.82,0
2022-12-07 20:00:00,1789.78,1790.17,1786.58,1787.08,0
2022-12-07 21:00:00,1787.03,1787.66,1785.47,1785.98,0
2022-12-07 23:00:00,1785.98,1787.6,1785.96,1787.09,0
2022-12-08 00:00:00,1787.15,1788.1,1785.38,1785.44,0
2022-12-08 01:00:00,1785.42,1785.43,1781.57,1782.3,0
2022-12-08 02:00:00,1782.3,1784.12,1781.76,1781.97,0
2022-12-08 03:00:00,1781.94,1784.39,1781.47,1783.86,0
2022-12-08 04:00:00,1783.86,1783.88,1781.89,1783.56,0
2022-12-08 05:00:00,1783.56,1784.72,1782.0,1784.52,0
2022-12-08 06:00:00,1784.48,1787.02,1783.62,1786.29,0
2022-12-08 07:00:00,1786.14,1787.16,1784.87,1785.99,0
2022-12-08 08:00:00,1785.98,1785.98,1782.03,1783.04,0
2022-12-08 09:00:00,1783.04,1785.17,1781.74,1783.35,0
2022-12-08 10:00:00,1783.37,1784.63,1781.86,1783.77,0
2022-12-08 11:00:00,1783.77,1785.53,1782.3,1783.8,0
2022-12-08 12:00:00,1783.76,1787.03,1783.44,1786.15,0
2022-12-08 13:00:00,1786.25,1791.93,1785.66,1789.51,0
2022-12-08 14:00:00,1789.52,1792.63,1784.48,1792.48,0
2022-12-08 15:00:00,1792.36,1794.88,1789.96,1790.29,0
2022-12-08 16:00:00,1790.24,1791.05,1787.04,1789.87,0
2022-12-08 17:00:00,1789.86,1789.96,1787.2,1787.2,0
2022-12-08 18:00:00,1787.22,1792.07,1786.62,1789.62,0
2022-12-08 19:00:00,1789.64,1790.25,1786.96,1789.57,0
2022-12-08 20:00:00,1789.5,1789.55,1787.7,1788.6,0
2022-12-08 21:00:00,1788.59,1789.68,1788.34,1788.98,0
2022-12-08 23:00:00,1789.92,1790.3,1789.1,1789.32,0
2022-12-09 00:00:00,1789.31,1790.44,1788.52,1790.4,0
2022-12-09 01:00:00,1790.4,1795.73,1789.84,1794.22,0
2022-12-09 02:00:00,1794.26,1794.71,1792.08,1793.31,0
2022-12-09 03:00:00,1793.3,1795.58,1793.15,1795.2,0
2022-12-09 04:00:00,1795.21,1797.52,1795.2,1796.55,0
2022-12-09 05:00:00,1796.55,1797.74,1795.0,1795.16,0
2022-12-09 06:00:00,1795.16,1796.31,1793.79,1795.76,0
2022-12-09 07:00:00,1795.7,1797.04,1791.0,1792.79,0
2022-12-09 08:00:00,1792.75,1792.84,1790.28,1790.77,0
2022-12-09 09:00:00,1790.79,1792.99,1788.98,1792.71,0
2022-12-09 10:00:00,1792.76,1794.78,1792.72,1794.63,0
2022-12-09 11:00:00,1794.63,1801.18,1793.67,1800.43,0
2022-12-09 12:00:00,1800.58,1801.77,1799.28,1800.63,0
2022-12-09 13:00:00,1800.67,1804.56,1790.32,1798.03,0
2022-12-09 14:00:00,1798.12,1799.26,1794.14,1798.26,0
2022-12-09 15:00:00,1798.26,1800.7,1790.18,1796.8,0
2022-12-09 16:00:00,1796.8,1806.14,1796.06,1804.66,0
2022-12-09 17:00:00,1804.6,1805.01,1798.48,1798.85,0
2022-12-09 18:00:00,1798.9,1798.96,1797.42,1798.53,0
2022-12-09 19:00:00,1798.55,1800.13,1796.8,1799.74,0
2022-12-09 20:00:00,1799.69,1799.74,1794.84,1795.06,0
2022-12-09 21:00:00,1794.98,1797.67,1794.92,1797.26,0
2022-12-11 23:00:00,1796.8,1797.22,1794.86,1795.04,0
2022-12-12 00:00:00,1794.98,1795.0,1792.6,1793.69,0
2022-12-12 01:00:00,1793.68,1794.09,1789.88,1790.74,0
2022-12-12 02:00:00,1790.74,1790.89,1787.34,1788.36,0
2022-12-12 03:00:00,1788.36,1788.63,1786.85,1787.53,0
2022-12-12 04:00:00,1787.52,1788.57,1787.0,1787.42,0
2022-12-12 05:00:00,1787.42,1788.44,1785.52,1786.91,0
2022-12-12 06:00:00,1786.88,1789.52,1786.04,1788.76,0
2022-12-12 07:00:00,1788.78,1792.01,1787.65,1791.3,0
2022-12-12 08:00:00,1791.33,1791.81,1789.02,1790.48,0
2022-12-12 09:00:00,1790.49,1792.57,1789.82,1792.28,0
2022-12-12 10:00:00,1792.31,1792.78,1789.73,1792.39,0
2022-12-12 11:00:00,1792.39,1795.5,1791.53,1794.4,0
2022-12-12 12:00:00,1794.42,1794.76,1788.25,1789.39,0
2022-12-12 13:00:00,1789.39,1791.1,1787.29,1787.63,0
2022-12-12 14:00:00,1787.61,1789.93,1785.22,1788.14,0
2022-12-12 15:00:00,1788.19,1790.21,1783.12,1784.91,0
2022-12-12 16:00:00,1784.95,1785.4,1781.78,1784.45,0
2022-12-12 17:00:00,1784.52,1785.36,1781.07,1783.1,0
2022-12-12 18:00:00,1783.1,1783.31,1779.19,1780.5,0
2022-12-12 19:00:00,1780.5,1781.83,1777.54,1781.6,0
2022-12-12 20:00:00,1781.53,1781.84,1779.56,1780.4,0
2022-12-12 21:00:00,1780.37,1781.62,1780.01,1781.27,0
2022-12-12 23:00:00,1781.01,1782.24,1780.98,1782.04,0
2022-12-13 00:00:00,1782.04,1782.72,1781.05,1781.96,0
2022-12-13 01:00:00,1782.08,1784.8,1782.05,1784.22,0
2022-12-13 02:00:00,1784.22,1786.07,1783.58,1785.76,0
2022-12-13 03:00:00,1785.76,1786.08,1782.3,1782.5,0
2022-12-13 04:00:00,1782.58,1782.61,1781.2,1782.61,0
2022-12-13 05:00:00,1782.61,1785.73,1782.42,1785.4,0
2022-12-13 06:00:00,1785.46,1786.71,1784.6,1785.66,0
2022-12-13 07:00:00,1785.6,1788.67,1785.28,1788.01,0
2022-12-13 08:00:00,1788.05,1788.38,1784.62,1785.78,0
2022-12-13 09:00:00,1785.74,1785.94,1782.98,1784.63,0
2022-12-13 10:00:00,1784.62,1787.65,1782.59,1787.27,0
2022-12-13 11:00:00,1787.29,1788.25,1786.3,1787.53,0
2022-12-13 12:00:00,1787.53,1790.18,1786.65,1789.06,0
2022-12-13 13:00:00,1789.12,1813.88,1786.67,1811.12,0
2022-12-13 14:00:00,1811.05,1824.51,1810.91,1822.01,0
2022-12-13 15:00:00,1822.09,1824.43,1808.76,1809.79,0
2022-12-13 16:00:00,1810.01,1815.17,1806.2,1808.94,0
2022-12-13 17:00:00,1809.0,1812.55,1805.35,1808.38,0
2022-12-13 18:00:00,1808.35,1814.47,1807.7,1810.32,0
2022-12-13 19:00:00,1810.32,1812.65,1809.25,1811.41,0
2022-12-13 20:00:00,1811.4,1812.67,1809.56,1810.41,0
2022-12-13 21:00:00,1810.75,1810.92,1809.57,1810.51,0
2022-12-13 23:00:00,1810.5,1811.48,1809.42,1809.68,0
2022-12-14 00:00:00,1809.68,1811.31,1808.86,1811.22,0
2022-12-14 01:00:00,1811.24,1812.68,1810.18,1810.68,0
2022-12-14 02:00:00,1810.7,1811.42,1809.42,1810.72,0
2022-12-14 03:00:00,1810.8,1812.14,1809.95,1810.0,0
2022-12-14 04:00:00,1809.98,1810.36,1808.22,1809.04,0
2022-12-14 05:00:00,1809.04,1810.7,1808.76,1809.68,0
2022-12-14 06:00:00,1809.67,1813.21,1809.59,1811.58,0
2022-12-14 07:00:00,1811.62,1812.54,1807.47,1808.99,0
2022-12-14 08:00:00,1809.03,1810.15,1806.52,1808.64,0
2022-12-14 09:00:00,1808.65,1809.4,1806.87,1807.69,0
2022-12-14 10:00:00,1807.68,1810.34,1806.78,1808.86,0
2022-12-14 11:00:00,1808.82,1809.5,1805.32,1806.72,0
2022-12-14 12:00:00,1806.76,1807.67,1804.31,1805.46,0
2022-12-14 13:00:00,1805.44,1809.73,1805.43,1808.65,0
2022-12-14 14:00:00,1808.68,1812.19,1807.8,1810.4,0
2022-12-14 15:00:00,1810.39,1813.06,1808.39,1811.99,0
2022-12-14 16:00:00,1812.01,1812.36,1810.28,1810.81,0
2022-12-14 17:00:00,1810.8,1811.15,1807.94,1808.38,0
2022-12-14 18:00:00,1808.38,1810.21,1806.93,1809.87,0
2022-12-14 19:00:00,1809.94,1809.94,1795.56,1805.22,0
2022-12-14 20:00:00,1805.2,1814.15,1804.3,1806.62,0
2022-12-14 21:00:00,1806.62,1807.98,1806.6,1807.2,0
2022-12-14 23:00:00,1807.08,1808.67,1806.68,1807.68,0
2022-12-15 00:00:00,1807.7,1807.86,1805.72,1806.38,0
2022-12-15 01:00:00,1806.39,1806.58,1797.2,1798.51,0
2022-12-15 02:00:00,1798.54,1798.71,1793.94,1793.96,0
2022-12-15 03:00:00,1793.94,1795.96,1792.5,1793.13,0
2022-12-15 04:00:00,1793.11,1793.66,1789.6,1791.08,0
2022-12-15 05:00:00,1791.04,1793.23,1790.72,1792.93,0
2022-12-15 06:00:00,1792.93,1796.46,1792.62,1795.5,0
2022-12-15 07:00:00,1795.43,1795.43,1787.57,1788.92,0
2022-12-15 08:00:00,1789.05,1789.85,1773.81,1777.83,0
2022-12-15 09:00:00,1777.94,1780.95,1774.72,1777.68,0
2022-12-15 10:00:00,1777.64,1779.6,1775.8,1777.46,0
2022-12-15 11:00:00,1777.52,1780.97,1776.44,1778.89,0
2022-12-15 12:00:00,1778.79,1780.22,1776.99,1777.6,0
2022-12-15 13:00:00,1777.58,1781.49,1773.92,1776.45,0
2022-12-15 14:00:00,1776.43,1786.12,1775.03,1783.06,0
2022-12-15 15:00:00,1783.03,1785.22,1774.15,1778.97,0
2022-12-15 16:00:00,1778.94,1779.9,1774.51,1778.25,0
2022-12-15 17:00:00,1778.21,1779.92,1776.3,1776.81,0
2022-12-15 18:00:00,1776.98,1779.32,1775.98,1778.49,0
2022-12-15 19:00:00,1778.5,1779.31,1777.02,1777.89,0
2022-12-15 20:00:00,1777.87,1779.01,1776.9,1777.0,0
2022-12-15 21:00:00,1777.0,1777.98,1776.44,1776.8,0
2022-12-15 23:00:00,1776.63,1776.87,1775.62,1776.6,0
2022-12-16 00:00:00,1776.46,1777.64,1776.24,1777.54,0
2022-12-16 01:00:00,1777.54,1778.76,1775.99,1777.44,0
2022-12-16 02:00:00,1777.38,1784.24,1777.12,1781.92,0
2022-12-16 03:00:00,1781.86,1781.98,1779.12,1779.56,0
2022-12-16 04:00:00,1779.56,1779.76,1778.28,1778.94,0
2022-12-16 05:00:00,1778.95,1779.7,1777.94,1779.18,0
2022-12-16 06:00:00,1779.17,1784.23,1778.5,1783.63,0
2022-12-16 07:00:00,1783.59,1785.0,1776.53,1777.37,0
2022-12-16 08:00:00,1777.41,1779.08,1774.32,1777.86,0
2022-12-16 09:00:00,1777.84,1779.48,1774.78,1778.19,0
2022-12-16 10:00:00,1778.19,1781.62,1777.69,1780.97,0
2022-12-16 11:00:00,1780.97,1785.43,1780.3,1782.5,0
2022-12-16 12:00:00,1782.52,1785.4,1782.26,1785.15,0
2022-12-16 13:00:00,1785.13,1786.61,1783.63,1785.46,0
2022-12-16 14:00:00,1785.5,1793.76,1782.2,1792.2,0
2022-12-16 15:00:00,1792.12,1793.88,1786.11,1787.89,0
2022-12-16 16:00:00,1787.93,1790.94,1787.77,1788.52,0
2022-12-16 17:00:00,1788.64,1790.88,1787.22,1787.61,0
2022-12-16 18:00:00,1787.64,1792.34,1787.45,1791.67,0
2022-12-16 19:00:00,1791.7,1793.22,1790.52,1792.91,0
2022-12-16 20:00:00,1792.91,1794.28,1791.84,1792.17,0
2022-12-16 21:00:00,1792.14,1793.58,1792.05,1792.92,0
2022-12-18 23:00:00,1792.32,1793.03,1791.02,1791.1,0
2022-12-19 00:00:00,1791.06,1795.12,1790.95,1793.28,0
2022-12-19 01:00:00,1793.29,1795.17,1792.5,1794.18,0
2022-12-19 02:00:00,1794.14,1795.84,1793.68,1794.56,0
2022-12-19 03:00:00,1794.48,1796.9,1792.41,1793.92,0
2022-12-19 04:00:00,1793.94,1794.7,1792.58,1792.97,0
2022-12-19 05:00:00,1792.94,1793.22,1790.32,1790.82,0
2022-12-19 06:00:00,1790.82,1793.66,1790.65,1792.78,0
2022-12-19 07:00:00,1792.82,1794.21,1790.64,1793.36,0
2022-12-19 08:00:00,1793.48,1798.68,1793.34,1796.95,0
2022-12-19 09:00:00,1796.86,1798.48,1795.2,1795.42,0
2022-12-19 10:00:00,1795.42,1797.15,1795.39,1795.8,0
2022-12-19 11:00:00,1795.85,1796.57,1793.84,1794.89,0
2022-12-19 12:00:00,1794.88,1795.91,1793.55,1793.66,0
2022-12-19 13:00:00,1793.55,1794.35,1790.98,1791.5,0
2022-12-19 14:00:00,1791.49,1792.46,1788.93,1792.46,0
2022-12-19 15:00:00,1792.38,1795.96,1785.82,1786.13,0
2022-12-19 16:00:00,1786.17,1789.31,1783.88,1788.12,0
2022-12-19 17:00:00,1788.1,1790.92,1787.86,1790.05,0
2022-12-19 18:00:00,1789.93,1790.06,1788.12,1789.07,0
2022-12-19 19:00:00,1789.07,1789.16,1786.54,1786.77,0
2022-12-19 20:00:00,1786.76,1787.53,1786.33,1787.16,0
2022-12-19 21:00:00,1787.18,1787.81,1786.83,1787.65,0
2022-12-19 23:00:00,1787.23,1788.14,1787.14,1787.24,0
2022-12-20 00:00:00,1787.24,1787.24,1784.65,1786.28,0
2022-12-20 01:00:00,1786.26,1787.86,1784.79,1786.64,0
2022-12-20 02:00:00,1786.64,1787.61,1785.26,1787.52,0
2022-12-20 03:00:00,1787.45,1796.18,1786.84,1792.22,0
2022-12-20 04:00:00,1792.22,1793.63,1789.35,1790.36,0
2022-12-20 05:00:00,1790.4,1792.02,1786.99,1788.8,0
2022-12-20 06:00:00,1788.82,1794.06,1788.34,1793.18,0
2022-12-20 07:00:00,1793.18,1795.74,1792.49,1794.18,0
2022-12-20 08:00:00,1794.16,1805.48,1794.01,1803.2,0
2022-12-20 09:00:00,1803.2,1807.83,1801.72,1807.29,0
2022-12-20 10:00:00,1807.21,1807.54,1805.01,1806.56,0
2022-12-20 11:00:00,1806.57,1809.46,1804.59,1807.76,0
2022-12-20 12:00:00,1807.74,1808.15,1798.36,1800.76,0
2022-12-20 13:00:00,1800.9,1806.32,1798.62,1805.69,0
2022-12-20 14:00:00,1805.72,1813.46,1802.82,1812.45,0
2022-12-20 15:00:00,1812.57,1821.09,1812.42,1815.36,0
2022-12-20 16:00:00,1815.37,1818.24,1813.83,1818.07,0
2022-12-20 17:00:00,1818.06,1820.84,1817.32,1818.03,0
2022-12-20 18:00:00,1818.08,1818.36,1814.21,1815.54,0
2022-12-20 19:00:00,1815.52,1819.02,1815.34,1818.66,0
2022-12-20 20:00:00,1818.63,1819.03,1816.86,1817.49,0
2022-12-20 21:00:00,1817.47,1818.87,1817.47,1817.67,0
2022-12-20 23:00:00,1817.84,1819.24,1816.99,1817.3,0
2022-12-21 00:00:00,1817.28,1818.69,1816.68,1818.1,0
2022-12-21 01:00:00,1818.08,1819.83,1815.74,1816.59,0
2022-12-21 02:00:00,1816.57,1818.69,1815.81,1816.46,0
2022-12-21 03:00:00,1816.34,1816.95,1814.44,1815.18,0
2022-12-21 04:00:00,1815.18,1815.35,1813.47,1814.08,0
2022-12-21 05:00:00,1814.06,1815.02,1813.03,1814.2,0
2022-12-21 06:00:00,1814.2,1814.9,1812.65,1814.27,0
2022-12-21 07:00:00,1814.28,1816.42,1811.84,1816.41,0
2022-12-21 08:00:00,1816.38,1817.36,1814.18,1815.77,0
2022-12-21 09:00:00,1815.82,1816.03,1812.76,1813.27,0
2022-12-21 10:00:00,1813.25,1815.15,1812.32,1813.14,0
2022-12-21 11:00:00,1813.04,1814.48,1811.88,1813.74,0
2022-12-21 12:00:00,1813.79,1815.95,1813.26,1815.74,0
2022-12-21 13:00:00,1815.84,1819.8,1815.43,1817.71,0
2022-12-21 14:00:00,1817.74,1819.93,1815.66,1818.84,0
2022-12-21 15:00:00,1818.86,1823.8,1816.57,1817.88,0
2022-12-21 16:00:00,1817.81,1818.38,1814.78,1816.5,0
2022-12-21 17:00:00,1816.57,1818.39,1816.57,1816.83,0
2022-12-21 18:00:00,1816.87,1817.66,1814.9,1817.01,0
2022-12-21 19:00:00,1817.01,1818.33,1813.55,1814.38,0
2022-12-21 20:00:00,1814.38,1814.76,1812.86,1814.36,0
2022-12-21 21:00:00,1814.32,1815.22,1814.1,1814.15,0
2022-12-21 23:00:00,1814.25,1815.66,1813.48,1814.98,0
2022-12-22 00:00:00,1814.98,1818.64,1814.64,1818.64,0
2022-12-22 01:00:00,1818.54,1819.84,1817.37,1819.53,0
2022-12-22 02:00:00,1819.43,1819.93,1817.64,1818.36,0
2022-12-22 03:00:00,1818.38,1820.1,1818.06,1819.48,0
2022-12-22 04:00:00,1819.48,1820.25,1818.72,1820.12,0
2022-12-22 05:00:00,1820.1,1820.42,1818.44,1818.54,0
2022-12-22 06:00:00,1818.59,1819.7,1814.16,1814.76,0
2022-12-22 07:00:00,1814.69,1817.47,1813.74,1816.96,0
2022-12-22 08:00:00,1816.88,1819.71,1816.11,1817.96,0
2022-12-22 09:00:00,1818.07,1818.47,1815.24,1816.98,0
2022-12-22 10:00:00,1817.0,1817.0,1814.61,1814.62,0
2022-12-22 11:00:00,1814.68,1816.86,1813.78,1815.9,0
2022-12-22 12:00:00,1815.9,1818.36,1814.93,1818.14,0
2022-12-22 13:00:00,1818.14,1819.89,1807.15,1807.8,0
2022-12-22 14:00:00,1807.86,1810.08,1798.91,1802.53,0
2022-12-22 15:00:00,1802.61,1802.61,1794.63,1795.63,0
2022-12-22 16:00:00,1795.64,1797.56,1794.9,1795.44,0
2022-12-22 17:00:00,1795.4,1795.59,1792.64,1793.06,0
2022-12-22 18:00:00,1793.05,1793.05,1784.8,1785.64,0
2022-12-22 19:00:00,1785.75,1789.51,1785.63,1789.08,0
2022-12-22 20:00:00,1789.08,1795.1,1788.49,1791.96,0
2022-12-22 21:00:00,1792.04,1792.98,1791.13,1792.4,0
2022-12-22 23:00:00,1793.01,1793.8,1792.82,1793.52,0
2022-12-23 00:00:00,1793.52,1794.68,1791.24,1791.98,0
2022-12-23 01:00:00,1792.0,1795.34,1791.26,1795.01,0
2022-12-23 02:00:00,1795.02,1795.58,1792.92,1792.99,0
2022-12-23 03:00:00,1792.98,1794.08,1792.52,1792.86,0
2022-12-23 04:00:00,1792.88,1795.22,1792.63,1794.9,0
2022-12-23 05:00:00,1794.9,1796.26,1794.56,1794.82,0
2022-12-23 06:00:00,1794.82,1796.34,1794.49,1795.39,0
2022-12-23 07:00:00,1795.36,1798.28,1795.28,1797.69,0
2022-12-23 08:00:00,1797.64,1798.11,1795.12,1797.49,0
2022-12-23 09:00:00,1797.49,1799.33,1796.02,1798.68,0
2022-12-23 10:00:00,1798.71,1799.02,1796.78,1798.7,0
2022-12-23 11:00:00,1798.7,1799.7,1796.9,1797.82,0
2022-12-23 12:00:00,1797.8,1798.53,1796.43,1797.16,0
2022-12-23 13:00:00,1797.21,1800.37,1793.21,1794.26,0
2022-12-23 14:00:00,1794.24,1795.68,1791.19,1794.3,0
2022-12-23 15:00:00,1794.62,1801.28,1792.08,1800.56,0
2022-12-23 16:00:00,1800.56,1803.31,1800.29,1800.56,0
2022-12-23 17:00:00,1800.53,1801.26,1797.21,1797.27,0
2022-12-23 18:00:00,1797.26,1797.81,1793.67,1795.78,0
2022-12-23 19:00:00,1795.73,1797.48,1795.45,1797.26,0
2022-12-23 20:00:00,1797.26,1797.8,1795.52,1797.8,0
2022-12-23 21:00:00,1797.79,1798.6,1797.52,1798.46,0
2022-12-26 23:00:00,1800.94,1804.1,1800.17,1801.82,0
2022-12-27 00:00:00,1801.82,1803.34,1801.1,1801.86,0
2022-12-27 01:00:00,1801.82,1804.69,1800.72,1804.58,0
2022-12-27 02:00:00,1804.56,1806.48,1803.4,1806.46,0
2022-12-27 03:00:00,1806.44,1806.46,1804.19,1804.47,0
2022-12-27 04:00:00,1804.46,1805.45,1803.8,1805.04,0
2022-12-27 05:00:00,1805.04,1807.51,1803.82,1805.88,0
2022-12-27 06:00:00,1805.88,1807.48,1805.08,1806.9,0
2022-12-27 07:00:00,1806.94,1808.48,1805.44,1805.6,0
2022-12-27 08:00:00,1805.66,1808.13,1805.65,1806.52,0
2022-12-27 09:00:00,1806.53,1809.84,1806.41,1808.61,0
2022-12-27 10:00:00,1808.61,1808.85,1807.1,1808.73,0
2022-12-27 11:00:00,1808.73,1810.53,1808.47,1809.8,0
2022-12-27 12:00:00,1809.77,1811.56,1808.42,1808.9,0
2022-12-27 13:00:00,1808.98,1809.84,1806.01,1806.55,0
2022-12-27 14:00:00,1806.5,1810.33,1802.42,1808.13,0
2022-12-27 15:00:00,1808.17,1833.32,1808.03,1824.64,0
2022-12-27 16:00:00,1824.63,1826.41,1818.96,1820.86,0
2022-12-27 17:00:00,1820.8,1821.88,1810.74,1813.8,0
2022-12-27 18:00:00,1813.77,1817.5,1812.74,1816.25,0
2022-12-27 19:00:00,1816.21,1817.58,1812.26,1813.09,0
2022-12-27 20:00:00,1813.16,1814.92,1812.56,1812.86,0
2022-12-27 21:00:00,1812.86,1814.23,1812.85,1813.47,0
2022-12-27 23:00:00,1814.0,1814.55,1812.34,1812.46,0
2022-12-28 00:00:00,1812.46,1813.52,1809.66,1811.04,0
2022-12-28 01:00:00,1811.02,1814.59,1810.65,1813.09,0
2022-12-28 02:00:00,1813.14,1813.14,1810.31,1811.15,0
2022-12-28 03:00:00,1811.02,1812.62,1810.14,1810.2,0
2022-12-28 04:00:00,1810.18,1812.28,1810.09,1811.81,0
2022-12-28 05:00:00,1811.81,1812.14,1810.22,1810.53,0
2022-12-28 06:00:00,1810.52,1811.48,1809.5,1810.04,0
2022-12-28 07:00:00,1810.06,1810.44,1807.4,1810.38,0
2022-12-28 08:00:00,1810.39,1811.43,1803.05,1803.32,0
2022-12-28 09:00:00,1803.25,1803.63,1799.87,1800.19,0
2022-12-28 10:00:00,1800.18,1805.37,1799.28,1802.67,0
2022-12-28 11:00:00,1802.69,1804.74,1802.54,1803.29,0
2022-12-28 12:00:00,1803.33,1806.14,1802.92,1806.0,0
2022-12-28 13:00:00,1805.97,1807.62,1803.35,1803.81,0
2022-12-28 14:00:00,1803.78,1809.44,1803.54,1805.58,0
2022-12-28 15:00:00,1805.36,1805.51,1798.31,1798.31,0
2022-12-28 16:00:00,1798.5,1802.77,1797.06,1802.53,0
2022-12-28 17:00:00,1802.54,1806.22,1801.59,1805.64,0
2022-12-28 18:00:00,1805.64,1809.27,1802.94,1803.69,0
2022-12-28 19:00:00,1803.69,1805.95,1802.91,1805.4,0
2022-12-28 20:00:00,1805.4,1805.58,1802.8,1804.32,0
2022-12-28 21:00:00,1804.42,1805.01,1803.92,1804.21,0
2022-12-28 23:00:00,1804.12,1806.02,1803.78,1805.85,0
2022-12-29 00:00:00,1805.78,1806.75,1805.14,1806.48,0
2022-12-29 01:00:00,1806.48,1808.69,1805.48,1806.55,0
2022-12-29 02:00:00,1806.54,1809.32,1805.9,1807.78,0
2022-12-29 03:00:00,1807.76,1808.74,1807.29,1807.62,0
2022-12-29 04:00:00,1807.66,1809.24,1807.08,1808.9,0
2022-12-29 05:00:00,1808.9,1810.14,1807.69,1809.65,0
2022-12-29 06:00:00,1809.68,1810.16,1807.46,1808.33,0
2022-12-29 07:00:00,1808.3,1809.29,1804.82,1806.38,0
2022-12-29 08:00:00,1806.37,1810.56,1806.34,1809.88,0
2022-12-29 09:00:00,1809.88,1811.95,1808.74,1808.74,0
2022-12-29 10:00:00,1808.74,1809.35,1804.4,1805.32,0
2022-12-29 11:00:00,1805.35,1807.57,1804.69,1806.71,0
2022-12-29 12:00:00,1806.76,1807.94,1805.22,1806.85,0
2022-12-29 13:00:00,1806.84,1812.11,1806.65,1810.38,0
2022-12-29 14:00:00,1810.43,1816.76,1808.77,1814.04,0
2022-12-29 15:00:00,1814.0,1818.13,1812.58,1813.63,0
2022-12-29 16:00:00,1813.65,1816.72,1811.99,1815.56,0
2022-12-29 17:00:00,1815.58,1819.84,1815.58,1818.95,0
2022-12-29 18:00:00,1818.96,1820.21,1815.81,1816.62,0
2022-12-29 19:00:00,1816.61,1819.1,1816.47,1817.36,0
2022-12-29 20:00:00,1817.34,1817.34,1814.3,1814.67,0
2022-12-29 21:00:00,1814.57,1815.76,1814.42,1814.79,0
2022-12-29 23:00:00,1814.52,1815.17,1813.76,1815.06,0
2022-12-30 00:00:00,1815.08,1816.22,1814.71,1816.22,0
2022-12-30 01:00:00,1816.22,1818.14,1815.61,1817.56,0
2022-12-30 02:00:00,1817.56,1818.07,1815.94,1817.99,0
2022-12-30 03:00:00,1818.01,1819.07,1816.94,1816.96,0
2022-12-30 04:00:00,1816.94,1817.32,1815.62,1815.86,0
2022-12-30 05:00:00,1815.86,1819.24,1815.84,1818.86,0
2022-12-30 06:00:00,1818.86,1820.25,1818.32,1820.13,0
2022-12-30 07:00:00,1820.1,1822.38,1815.31,1816.78,0
2022-12-30 08:00:00,1816.94,1818.67,1815.98,1817.14,0
2022-12-30 09:00:00,1817.16,1817.32,1814.85,1815.11,0
2022-12-30 10:00:00,1815.06,1816.72,1813.48,1816.27,0
2022-12-30 11:00:00,1816.26,1820.28,1816.24,1818.95,0
2022-12-30 12:00:00,1818.97,1821.16,1818.24,1819.54,0
2022-12-30 13:00:00,1819.54,1821.98,1816.06,1821.72,0
2022-12-30 14:00:00,1821.73,1825.23,1817.97,1819.03,0
2022-12-30 15:00:00,1819.05,1819.58,1814.34,1818.51,0
2022-12-30 16:00:00,1818.46,1818.85,1814.34,1816.24,0
2022-12-30 17:00:00,1816.24,1824.03,1816.22,1823.99,0
2022-12-30 18:00:00,1824.08,1826.1,1818.93,1819.22,0
2022-12-30 19:00:00,1819.23,1822.82,1818.62,1821.7,0
2022-12-30 20:00:00,1821.74,1824.16,1821.44,1823.48,0
2022-12-30 21:00:00,1823.37,1824.72,1822.96,1823.73,0
2023-01-02 23:00:00,1826.92,1830.94,1824.21,1829.48,0
2023-01-03 00:00:00,1829.48,1832.23,1828.82,1830.66,0
2023-01-03 01:00:00,1830.6,1832.46,1826.88,1828.54,0
2023-01-03 02:00:00,1828.56,1839.97,1828.31,1838.37,0
2023-01-03 03:00:00,1838.37,1843.16,1838.37,1841.26,0
2023-01-03 04:00:00,1841.28,1842.15,1840.39,1840.45,0
2023-01-03 05:00:00,1840.45,1841.2,1838.0,1840.41,0
2023-01-03 06:00:00,1840.4,1844.21,1840.06,1842.01,0
2023-01-03 07:00:00,1842.14,1849.98,1841.06,1847.53,0
2023-01-03 08:00:00,1847.55,1848.02,1834.59,1836.16,0
2023-01-03 09:00:00,1836.14,1842.04,1834.84,1838.88,0
2023-01-03 10:00:00,1838.87,1839.4,1833.73,1834.48,0
2023-01-03 11:00:00,1834.49,1834.87,1830.89,1833.22,0
2023-01-03 12:00:00,1833.22,1836.45,1831.74,1834.59,0
2023-01-03 13:00:00,1834.67,1841.11,1834.15,1838.89,0
2023-01-03 14:00:00,1838.96,1849.85,1836.7,1844.93,0
2023-01-03 15:00:00,1844.97,1845.44,1827.64,1833.26,0
2023-01-03 16:00:00,1833.27,1834.32,1828.29,1834.32,0
2023-01-03 17:00:00,1834.34,1839.28,1834.04,1839.28,0
2023-01-03 18:00:00,1839.32,1840.24,1837.42,1838.88,0
2023-01-03 19:00:00,1838.91,1839.26,1836.58,1839.1,0
2023-01-03 20:00:00,1839.12,1839.59,1836.71,1838.21,0
2023-01-03 21:00:00,1838.0,1839.9,1837.84,1839.47,0
2023-01-03 23:00:00,1838.75,1839.27,1836.46,1836.47,0
2023-01-04 00:00:00,1836.47,1839.26,1836.17,1838.76,0
2023-01-04 01:00:00,1838.78,1844.54,1838.32,1844.35,0
2023-01-04 02:00:00,1844.4,1846.1,1843.44,1845.82,0
2023-01-04 03:00:00,1845.72,1847.16,1845.14,1845.62,0
2023-01-04 04:00:00,1845.67,1846.9,1845.43,1846.7,0
2023-01-04 05:00:00,1846.66,1847.19,1844.73,1846.4,0
2023-01-04 06:00:00,1846.38,1849.05,1845.82,1847.99,0
2023-01-04 07:00:00,1847.86,1858.65,1847.52,1858.3,0
2023-01-04 08:00:00,1858.1,1865.15,1857.02,1860.01,0
2023-01-04 09:00:00,1859.94,1862.37,1858.95,1860.62,0
2023-01-04 10:00:00,1860.63,1861.56,1857.68,1858.88,0
2023-01-04 11:00:00,1858.86,1862.89,1857.88,1860.15,0
2023-01-04 12:00:00,1860.21,1860.43,1853.12,1853.72,0
2023-01-04 13:00:00,1853.74,1862.75,1852.83,1860.12,0
2023-01-04 14:00:00,1860.1,1860.89,1855.39,1857.04,0
2023-01-04 15:00:00,1856.15,1858.49,1849.07,1857.81,0
2023-01-04 16:00:00,1857.85,1860.48,1856.15,1858.59,0
2023-01-04 17:00:00,1858.61,1860.07,1850.18,1850.53,0
2023-01-04 18:00:00,1850.5,1853.97,1849.87,1850.7,0
2023-01-04 19:00:00,1850.52,1852.63,1847.08,1852.46,0
2023-01-04 20:00:00,1852.42,1855.76,1851.37,1855.34,0
2023-01-04 21:00:00,1855.35,1857.19,1853.71,1854.68,0
2023-01-04 23:00:00,1854.92,1857.07,1854.34,1854.86,0
2023-01-05 00:00:00,1854.88,1856.4,1854.02,1855.17,0
2023-01-05 01:00:00,1855.13,1859.03,1855.01,1858.89,0
2023-01-05 02:00:00,1858.91,1858.91,1853.55,1856.89,0
2023-01-05 03:00:00,1856.89,1857.02,1853.32,1853.32,0
2023-01-05 04:00:00,1853.34,1853.58,1850.37,1852.13,0
2023-01-05 05:00:00,1852.15,1853.48,1850.62,1852.64,0
2023-01-05 06:00:00,1852.68,1855.72,1850.66,1850.74,0
2023-01-05 07:00:00,1850.74,1855.13,1847.94,1849.4,0
2023-01-05 08:00:00,1849.47,1850.46,1843.87,1846.46,0
2023-01-05 09:00:00,1846.46,1850.59,1844.72,1848.55,0
2023-01-05 10:00:00,1848.55,1851.27,1847.55,1849.08,0
2023-01-05 11:00:00,1849.11,1850.85,1846.17,1846.32,0
2023-01-05 12:00:00,1846.29,1848.83,1844.82,1845.41,0
2023-01-05 13:00:00,1845.5,1848.4,1833.05,1834.87,0
2023-01-05 14:00:00,1834.82,1837.92,1831.41,1834.47,0
2023-01-05 15:00:00,1834.53,1836.39,1825.11,1826.87,0
2023-01-05 16:00:00,1826.86,1832.02,1825.71,1830.73,0
2023-01-05 17:00:00,1830.73,1834.29,1829.75,1833.97,0
2023-01-05 18:00:00,1833.98,1837.5,1832.22,1836.01,0
2023-01-05 19:00:00,1836.02,1836.5,1832.65,1834.35,0
2023-01-05 20:00:00,1834.35,1834.35,1831.91,1832.98,0
2023-01-05 21:00:00,1833.17,1833.92,1832.58,1832.92,0
2023-01-05 23:00:00,1831.94,1833.22,1831.62,1832.86,0
2023-01-06 00:00:00,1832.86,1834.84,1831.44,1834.41,0
2023-01-06 01:00:00,1834.41,1836.21,1832.4,1835.54,0
2023-01-06 02:00:00,1835.52,1840.26,1835.52,1838.25,0
2023-01-06 03:00:00,1838.28,1840.88,1838.18,1839.36,0
2023-01-06 04:00:00,1839.36,1840.69,1838.04,1838.15,0
2023-01-06 05:00:00,1838.1,1838.21,1835.77,1837.15,0
2023-01-06 06:00:00,1837.17,1839.81,1837.05,1838.85,0
2023-01-06 07:00:00,1838.9,1840.65,1836.7,1838.4,0
2023-01-06 08:00:00,1838.41,1840.56,1836.81,1837.14,0
2023-01-06 09:00:00,1837.12,1837.46,1833.29,1835.54,0
2023-01-06 10:00:00,1835.57,1837.96,1834.1,1836.69,0
2023-01-06 11:00:00,1836.65,1840.02,1835.91,1836.7,0
2023-01-06 12:00:00,1836.81,1837.75,1834.84,1836.45,0
2023-01-06 13:00:00,1836.56,1852.58,1834.65,1851.89,0
2023-01-06 14:00:00,1851.82,1852.66,1840.72,1843.71,0
2023-01-06 15:00:00,1843.81,1863.21,1843.81,1862.31,0
2023-01-06 16:00:00,1862.35,1864.4,1859.98,1863.41,0
2023-01-06 17:00:00,1863.53,1864.97,1860.98,1862.42,0
2023-01-06 18:00:00,1862.44,1869.55,1861.79,1868.74,0
2023-01-06 19:00:00,1868.77,1869.88,1868.08,1868.93,0
2023-01-06 20:00:00,1868.92,1869.36,1865.86,1866.87,0
2023-01-06 21:00:00,1867.18,1867.3,1865.74,1865.84,0
2023-01-08 23:00:00,1867.72,1869.86,1866.44,1869.7,0
2023-01-09 00:00:00,1869.7,1870.85,1867.13,1868.56,0
2023-01-09 01:00:00,1868.48,1875.29,1868.15,1874.44,0
2023-01-09 02:00:00,1874.43,1879.49,1874.26,1879.18,0
2023-01-09 03:00:00,1879.18,1879.49,1876.77,1877.21,0
2023-01-09 04:00:00,1877.19,1877.93,1876.88,1876.94,0
2023-01-09 05:00:00,1876.94,1878.22,1874.74,1878.02,0
2023-01-09 06:00:00,1878.02,1879.99,1877.04,1878.05,0
2023-01-09 07:00:00,1878.04,1880.99,1873.76,1875.07,0
2023-01-09 08:00:00,1875.08,1876.94,1873.61,1873.88,0
2023-01-09 09:00:00,1873.82,1874.75,1871.28,1873.65,0
2023-01-09 10:00:00,1873.68,1874.93,1871.42,1871.61,0
2023-01-09 11:00:00,1871.63,1873.48,1870.54,1873.12,0
2023-01-09 12:00:00,1873.12,1875.67,1872.1,1874.95,0
2023-01-09 13:00:00,1874.99,1878.44,1872.8,1878.25,0
2023-01-09 14:00:00,1878.25,1881.54,1873.88,1877.06,0
2023-01-09 15:00:00,1877.11,1879.34,1872.16,1874.76,0
2023-01-09 16:00:00,1874.82,1878.5,1873.3,1876.17,0
2023-01-09 17:00:00,1876.15,1876.2,1869.11,1871.88,0
2023-01-09 18:00:00,1871.9,1874.73,1869.34,1871.29,0
2023-01-09 19:00:00,1871.32,1875.74,1871.3,1875.23,0
2023-01-09 20:00:00,1875.23,1875.23,1869.23,1871.23,0
2023-01-09 21:00:00,1871.22,1871.88,1870.1,1871.67,0
2023-01-09 23:00:00,1870.84,1871.19,1870.3,1870.53,0
2023-01-10 00:00:00,1870.53,1870.91,1867.87,1870.72,0
2023-01-10 01:00:00,1870.7,1876.02,1870.01,1874.46,0
2023-01-10 02:00:00,1874.46,1875.67,1871.08,1872.82,0
2023-01-10 03:00:00,1872.89,1873.92,1871.54,1871.86,0
2023-01-10 04:00:00,1871.92,1872.41,1870.76,1871.36,0
2023-01-10 05:00:00,1871.35,1875.18,1870.8,1874.08,0
2023-01-10 06:00:00,1874.08,1874.92,1872.1,1873.24,0
2023-01-10 07:00:00,1873.28,1873.96,1870.63,1872.07,0
2023-01-10 08:00:00,1872.02,1876.28,1871.66,1875.12,0
2023-01-10 09:00:00,1875.1,1877.32,1874.48,1876.86,0
2023-01-10 10:00:00,1876.86,1877.15,1873.45,1875.16,0
2023-01-10 11:00:00,1875.17,1876.99,1873.83,1875.2,0
2023-01-10 12:00:00,1875.2,1875.69,1870.44,1871.77,0
2023-01-10 13:00:00,1871.83,1874.5,1870.91,1873.39,0
2023-01-10 14:00:00,1873.29,1880.04,1873.07,1878.27,0
2023-01-10 15:00:00,1878.18,1880.76,1874.76,1875.74,0
2023-01-10 16:00:00,1875.81,1877.4,1871.03,1871.6,0
2023-01-10 17:00:00,1871.6,1875.9,1871.39,1874.22,0
2023-01-10 18:00:00,1874.29,1875.74,1872.0,1875.64,0
2023-01-10 19:00:00,1875.64,1877.33,1875.28,1876.67,0
2023-01-10 20:00:00,1876.67,1878.7,1875.97,1878.11,0
2023-01-10 21:00:00,1878.11,1878.16,1876.68,1876.91,0
2023-01-10 23:00:00,1876.84,1877.42,1876.42,1877.27,0
2023-01-11 00:00:00,1877.25,1878.17,1875.78,1878.02,0
2023-01-11 01:00:00,1878.0,1878.43,1872.02,1873.04,0
2023-01-11 02:00:00,1873.02,1876.6,1872.26,1875.02,0
2023-01-11 03:00:00,1875.03,1877.96,1874.66,1877.76,0
2023-01-11 04:00:00,1877.79,1878.22,1876.94,1877.9,0
2023-01-11 05:00:00,1877.9,1884.64,1877.44,1882.29,0
2023-01-11 06:00:00,1882.26,1883.99,1880.61,1880.77,0
2023-01-11 07:00:00,1880.8,1883.78,1880.42,1881.66,0
2023-01-11 08:00:00,1881.6,1886.1,1881.03,1883.94,0
2023-01-11 09:00:00,1883.96,1886.58,1883.32,1884.66,0
2023-01-11 10:00:00,1884.66,1885.82,1882.56,1884.81,0
2023-01-11 11:00:00,1884.84,1886.1,1882.92,1883.04,0
2023-01-11 12:00:00,1883.06,1883.32,1875.8,1877.28,0
2023-01-11 13:00:00,1877.26,1880.43,1876.06,1877.6,0
2023-01-11 14:00:00,1877.68,1879.15,1870.67,1871.76,0
2023-01-11 15:00:00,1871.75,1873.76,1869.53,1872.04,0
2023-01-11 16:00:00,1872.07,1874.47,1867.14,1873.08,0
2023-01-11 17:00:00,1873.11,1876.41,1872.89,1873.9,0
2023-01-11 18:00:00,1873.81,1877.9,1873.2,1877.82,0
2023-01-11 19:00:00,1877.86,1878.5,1876.92,1877.75,0
2023-01-11 20:00:00,1877.77,1878.06,1875.7,1876.55,0
2023-01-11 21:00:00,1876.52,1877.22,1875.61,1875.65,0
2023-01-11 23:00:00,1874.84,1877.77,1874.68,1876.96,0
2023-01-12 00:00:00,1876.98,1878.42,1875.86,1877.72,0
2023-01-12 01:00:00,1877.76,1881.14,1877.36,1880.56,0
2023-01-12 02:00:00,1880.55,1884.94,1880.2,1883.68,0
2023-01-12 03:00:00,1883.68,1884.52,1882.12,1883.56,0
2023-01-12 04:00:00,1883.52,1884.9,1883.02,1884.47,0
2023-01-12 05:00:00,1884.51,1885.01,1883.37,1883.64,0
2023-01-12 06:00:00,1883.56,1884.41,1882.11,1883.26,0
2023-01-12 07:00:00,1883.16,1884.22,1879.98,1882.49,0
2023-01-12 08:00:00,1882.57,1883.38,1881.44,1882.09,0
2023-01-12 09:00:00,1882.09,1885.46,1881.2,1884.36,0
2023-01-12 10:00:00,1884.36,1884.53,1882.55,1884.35,0
2023-01-12 11:00:00,1884.35,1886.34,1884.09,1885.19,0
2023-01-12 12:00:00,1885.14,1890.02,1884.8,1887.47,0
2023-01-12 13:00:00,1887.47,1901.6,1875.14,1899.75,0
2023-01-12 14:00:00,1899.73,1901.39,1879.86,1882.49,0
2023-01-12 15:00:00,1882.6,1890.67,1880.43,1888.88,0
2023-01-12 16:00:00,1888.91,1893.93,1888.41,1892.6,0
2023-01-12 17:00:00,1892.61,1898.75,1891.78,1897.72,0
2023-01-12 18:00:00,1897.74,1899.12,1894.1,1898.94,0
2023-01-12 19:00:00,1898.91,1899.62,1895.8,1897.81,0
2023-01-12 20:00:00,1897.78,1898.8,1894.31,1898.39,0
2023-01-12 21:00:00,1898.45,1899.52,1896.7,1896.75,0
2023-01-12 23:00:00,1895.7,1898.59,1895.7,1898.06,0
2023-01-13 00:00:00,1898.06,1900.94,1897.14,1898.13,0
2023-01-13 01:00:00,1898.13,1899.46,1896.16,1898.78,0
2023-01-13 02:00:00,1898.82,1899.86,1896.0,1898.18,0
2023-01-13 03:00:00,1898.18,1898.56,1897.2,1897.83,0
2023-01-13 04:00:00,1897.83,1898.44,1895.86,1895.94,0
2023-01-13 05:00:00,1895.94,1896.45,1892.35,1893.68,0
2023-01-13 06:00:00,1893.68,1897.27,1893.55,1896.09,0
2023-01-13 07:00:00,1896.19,1899.99,1894.85,1899.59,0
2023-01-13 08:00:00,1899.69,1909.65,1898.01,1906.46,0
2023-01-13 09:00:00,1906.57,1908.95,1903.19,1904.34,0
2023-01-13 10:00:00,1904.33,1906.33,1904.03,1906.04,0
2023-01-13 11:00:00,1906.01,1906.98,1899.05,1899.85,0
2023-01-13 12:00:00,1899.76,1901.44,1893.9,1896.61,0
2023-01-13 13:00:00,1896.6,1900.19,1893.72,1900.03,0
2023-01-13 14:00:00,1900.05,1912.32,1899.16,1911.64,0
2023-01-13 15:00:00,1910.61,1916.6,1906.74,1913.73,0
2023-01-13 16:00:00,1913.68,1914.48,1909.46,1912.22,0
2023-01-13 17:00:00,1912.26,1917.85,1911.02,1916.87,0
2023-01-13 18:00:00,1916.92,1921.91,1916.76,1919.73,0
2023-01-13 19:00:00,1919.68,1921.55,1919.26,1920.04,0
2023-01-13 20:00:00,1920.08,1921.47,1919.04,1920.68,0
2023-01-13 21:00:00,1920.86,1921.11,1918.52,1920.39,0
2023-01-15 23:00:00,1919.18,1920.52,1916.93,1916.96,0
2023-01-16 00:00:00,1916.97,1919.93,1916.82,1919.16,0
2023-01-16 01:00:00,1919.16,1924.6,1918.35,1924.22,0
2023-01-16 02:00:00,1924.22,1928.83,1922.74,1928.3,0
2023-01-16 03:00:00,1928.36,1928.98,1924.66,1926.39,0
2023-01-16 04:00:00,1926.4,1927.05,1922.0,1922.35,0
2023-01-16 05:00:00,1922.38,1922.38,1916.97,1919.54,0
2023-01-16 06:00:00,1919.58,1920.86,1913.41,1915.88,0
2023-01-16 07:00:00,1915.88,1917.61,1913.64,1917.16,0
2023-01-16 08:00:00,1917.15,1917.15,1910.85,1911.76,0
2023-01-16 09:00:00,1911.76,1917.96,1911.63,1917.59,0
2023-01-16 10:00:00,1917.59,1917.82,1914.83,1915.6,0
2023-01-16 11:00:00,1915.62,1919.32,1915.62,1916.6,0
2023-01-16 12:00:00,1916.53,1917.23,1914.69,1914.93,0
2023-01-16 13:00:00,1914.92,1915.26,1911.43,1913.36,0
2023-01-16 14:00:00,1913.36,1915.99,1912.57,1915.37,0
2023-01-16 15:00:00,1915.33,1917.08,1914.8,1916.08,0
2023-01-16 16:00:00,1916.08,1916.17,1913.62,1913.66,0
2023-01-16 17:00:00,1913.65,1914.11,1912.86,1913.91,0
2023-01-16 18:00:00,1913.92,1914.66,1913.9,1914.52,0
2023-01-16 19:00:00,1914.52,1915.76,1914.32,1915.46,0
2023-01-16 23:00:00,1915.48,1918.4,1915.44,1917.96,0
2023-01-17 00:00:00,1917.96,1919.05,1916.91,1918.26,0
2023-01-17 01:00:00,1918.26,1918.88,1912.94,1913.08,0
2023-01-17 02:00:00,1913.08,1916.34,1909.49,1910.71,0
2023-01-17 03:00:00,1910.71,1911.41,1909.5,1910.32,0
2023-01-17 04:00:00,1910.3,1911.88,1908.17,1911.36,0
2023-01-17 05:00:00,1911.37,1913.25,1909.12,1911.08,0
2023-01-17 06:00:00,1911.08,1911.98,1907.0,1907.23,0
2023-01-17 07:00:00,1907.21,1910.57,1907.21,1910.04,0
2023-01-17 08:00:00,1910.04,1911.95,1908.82,1909.62,0
2023-01-17 09:00:00,1909.58,1910.6,1905.89,1906.6,0
2023-01-17 10:00:00,1906.59,1907.97,1904.28,1906.31,0
2023-01-17 11:00:00,1906.21,1912.8,1906.09,1912.73,0
2023-01-17 12:00:00,1912.73,1913.9,1908.11,1909.41,0
2023-01-17 13:00:00,1909.35,1914.43,1907.12,1913.0,0
2023-01-17 14:00:00,1913.04,1916.62,1911.52,1913.54,0
2023-01-17 15:00:00,1913.51,1915.76,1909.04,1911.06,0
2023-01-17 16:00:00,1911.1,1913.36,1909.66,1912.12,0
2023-01-17 17:00:00,1912.16,1912.48,1905.22,1907.2,0
2023-01-17 18:00:00,1907.24,1908.06,1904.7,1905.63,0
2023-01-17 19:00:00,1905.68,1909.3,1903.8,1907.97,0
2023-01-17 20:00:00,1907.91,1910.82,1907.54,1909.18,0
2023-01-17 21:00:00,1909.22,1909.22,1907.88,1908.59,0
2023-01-17 23:00:00,1908.02,1909.03,1907.76,1908.73,0
2023-01-18 00:00:00,1908.74,1909.2,1906.78,1907.34,0
2023-01-18 01:00:00,1907.28,1909.04,1906.38,1908.76,0
2023-01-18 02:00:00,1908.78,1910.36,1900.62,1904.14,0
2023-01-18 03:00:00,1904.28,1905.44,1899.24,1900.19,0
2023-01-18 04:00:00,1900.18,1900.45,1897.35,1899.58,0
2023-01-18 05:00:00,1899.55,1899.56,1896.64,1897.95,0
2023-01-18 06:00:00,1897.94,1904.29,1897.86,1902.96,0
2023-01-18 07:00:00,1902.97,1909.05,1902.9,1907.78,0
2023-01-18 08:00:00,1907.79,1914.9,1907.79,1912.19,0
2023-01-18 09:00:00,1912.24,1915.95,1910.29,1914.82,0
2023-01-18 10:00:00,1914.84,1914.96,1911.27,1914.37,0
2023-01-18 11:00:00,1914.37,1916.76,1914.08,1915.69,0
2023-01-18 12:00:00,1915.64,1918.07,1914.91,1917.38,0
2023-01-18 13:00:00,1917.38,1924.35,1916.28,1921.47,0
2023-01-18 14:00:00,1921.39,1925.95,1918.76,1921.41,0
2023-01-18 15:00:00,1921.41,1922.1,1911.41,1912.38,0
2023-01-18 16:00:00,1912.33,1912.84,1905.96,1908.47,0
2023-01-18 17:00:00,1908.54,1908.9,1901.64,1905.3,0
2023-01-18 18:00:00,1905.52,1906.48,1903.88,1904.96,0
2023-01-18 19:00:00,1904.96,1905.24,1903.15,1905.1,0
2023-01-18 20:00:00,1905.12,1905.12,1902.35,1903.47,0
2023-01-18 21:00:00,1903.58,1905.07,1903.12,1904.16,0
2023-01-18 23:00:00,1903.5,1907.34,1903.12,1906.9,0
2023-01-19 00:00:00,1906.98,1909.56,1905.04,1905.14,0
2023-01-19 01:00:00,1905.16,1907.26,1901.35,1901.94,0
2023-01-19 02:00:00,1901.95,1907.7,1901.04,1907.14,0
2023-01-19 03:00:00,1906.98,1910.82,1906.78,1909.04,0
2023-01-19 04:00:00,1909.02,1910.98,1908.73,1909.82,0
2023-01-19 05:00:00,1909.84,1910.26,1908.23,1910.12,0
2023-01-19 06:00:00,1910.11,1911.18,1907.98,1908.62,0
2023-01-19 07:00:00,1908.62,1912.97,1906.42,1911.4,0
2023-01-19 08:00:00,1911.4,1916.77,1910.44,1912.63,0
2023-01-19 09:00:00,1912.63,1912.75,1909.64,1910.45,0
2023-01-19 10:00:00,1910.47,1910.63,1906.83,1909.62,0
2023-01-19 11:00:00,1909.77,1910.37,1906.7,1908.18,0
2023-01-19 12:00:00,1908.16,1911.4,1907.46,1908.09,0
2023-01-19 13:00:00,1908.09,1913.45,1906.85,1913.2,0
2023-01-19 14:00:00,1913.22,1918.18,1912.82,1917.5,0
2023-01-19 15:00:00,1917.58,1923.35,1915.8,1918.07,0
2023-01-19 16:00:00,1918.11,1922.2,1917.66,1920.8,0
2023-01-19 17:00:00,1920.8,1923.24,1918.43,1920.1,0
2023-01-19 18:00:00,1920.12,1925.63,1919.89,1925.05,0
2023-01-19 19:00:00,1925.0,1931.34,1923.73,1929.74,0
2023-01-19 20:00:00,1929.72,1935.17,1929.37,1933.5,0
2023-01-19 21:00:00,1933.49,1933.63,1931.38,1932.12,0
2023-01-19 23:00:00,1931.64,1933.9,1931.36,1931.72,0
2023-01-20 00:00:00,1931.72,1932.07,1930.31,1930.48,0
2023-01-20 01:00:00,1930.48,1934.86,1929.43,1931.74,0
2023-01-20 02:00:00,1931.62,1932.54,1929.34,1929.71,0
2023-01-20 03:00:00,1929.63,1930.39,1927.54,1927.61,0
2023-01-20 04:00:00,1927.61,1927.82,1923.76,1923.78,0
2023-01-20 05:00:00,1923.76,1928.06,1923.16,1927.96,0
2023-01-20 06:00:00,1927.96,1929.27,1926.23,1926.55,0
2023-01-20 07:00:00,1926.59,1933.12,1926.4,1933.08,0
2023-01-20 08:00:00,1933.08,1937.52,1928.27,1928.59,0
2023-01-20 09:00:00,1928.59,1932.55,1926.54,1929.41,0
2023-01-20 10:00:00,1929.41,1930.91,1927.64,1930.04,0
2023-01-20 11:00:00,1930.07,1931.37,1926.86,1927.11,0
2023-01-20 12:00:00,1927.09,1929.23,1926.75,1928.72,0
2023-01-20 13:00:00,1928.72,1929.54,1923.98,1924.16,0
2023-01-20 14:00:00,1924.22,1926.43,1920.71,1925.05,0
2023-01-20 15:00:00,1925.18,1930.96,1923.78,1926.37,0
2023-01-20 16:00:00,1926.44,1929.01,1924.38,1924.9,0
2023-01-20 17:00:00,1924.9,1926.56,1922.79,1925.2,0
2023-01-20 18:00:00,1925.28,1929.59,1924.8,1929.45,0
2023-01-20 19:00:00,1929.43,1931.0,1928.29,1929.66,0
2023-01-20 20:00:00,1929.63,1929.94,1927.06,1927.18,0
2023-01-20 21:00:00,1927.17,1927.56,1926.22,1926.48,0
2023-01-22 23:00:00,1926.44,1927.42,1923.88,1927.28,0
2023-01-23 00:00:00,1927.46,1932.52,1927.44,1932.32,0
2023-01-23 01:00:00,1932.24,1933.78,1930.43,1932.49,0
2023-01-23 02:00:00,1932.49,1935.54,1931.78,1931.86,0
2023-01-23 03:00:00,1931.97,1933.16,1930.62,1930.62,0
2023-01-23 04:00:00,1930.62,1931.26,1928.73,1929.58,0
2023-01-23 05:00:00,1929.52,1929.88,1926.13,1926.26,0
2023-01-23 06:00:00,1926.17,1926.53,1921.14,1922.72,0
2023-01-23 07:00:00,1922.61,1923.21,1919.76,1920.36,0
2023-01-23 08:00:00,1920.31,1927.43,1918.92,1923.98,0
2023-01-23 09:00:00,1924.02,1926.01,1922.1,1925.99,0
2023-01-23 10:00:00,1926.06,1929.42,1925.95,1926.48,0
2023-01-23 11:00:00,1926.46,1926.68,1924.17,1925.59,0
2023-01-23 12:00:00,1925.6,1927.82,1923.15,1926.62,0
2023-01-23 13:00:00,1926.61,1927.72,1918.79,1921.98,0
2023-01-23 14:00:00,1921.94,1924.0,1913.4,1916.68,0
2023-01-23 15:00:00,1916.73,1924.28,1911.44,1922.98,0
2023-01-23 16:00:00,1923.02,1926.37,1921.2,1922.27,0
2023-01-23 17:00:00,1922.27,1924.21,1919.26,1923.93,0
2023-01-23 18:00:00,1923.99,1929.7,1923.84,1927.83,0
2023-01-23 19:00:00,1927.87,1929.13,1924.9,1926.46,0
2023-01-23 20:00:00,1926.47,1931.8,1926.08,1931.27,0
2023-01-23 21:00:00,1931.19,1931.68,1930.53,1930.85,0
2023-01-23 23:00:00,1930.94,1932.78,1930.93,1931.35,0
2023-01-24 00:00:00,1931.36,1932.61,1930.8,1930.8,0
2023-01-24 01:00:00,1930.87,1935.82,1930.84,1935.82,0
2023-01-24 02:00:00,1935.8,1937.08,1934.04,1934.73,0
2023-01-24 03:00:00,1934.67,1935.89,1933.4,1933.44,0
2023-01-24 04:00:00,1933.44,1933.58,1931.88,1932.7,0
2023-01-24 05:00:00,1932.7,1935.4,1932.58,1934.06,0
2023-01-24 06:00:00,1934.05,1940.03,1933.9,1939.79,0
2023-01-24 07:00:00,1939.61,1941.49,1937.72,1940.41,0
2023-01-24 08:00:00,1940.43,1942.49,1937.71,1938.18,0
2023-01-24 09:00:00,1938.19,1938.9,1934.63,1936.17,0
2023-01-24 10:00:00,1936.16,1938.58,1934.37,1938.55,0
2023-01-24 11:00:00,1938.52,1938.55,1934.98,1937.27,0
2023-01-24 12:00:00,1937.27,1939.44,1936.24,1936.72,0
2023-01-24 13:00:00,1936.77,1937.48,1930.39,1932.48,0
2023-01-24 14:00:00,1932.48,1932.48,1921.34,1921.4,0
2023-01-24 15:00:00,1921.4,1936.65,1917.18,1935.03,0
2023-01-24 16:00:00,1935.06,1936.09,1930.22,1932.5,0
2023-01-24 17:00:00,1932.5,1934.87,1932.1,1933.91,0
2023-01-24 18:00:00,1933.92,1935.68,1933.11,1935.01,0
2023-01-24 19:00:00,1934.98,1938.26,1934.19,1938.13,0
2023-01-24 20:00:00,1938.18,1938.26,1936.92,1937.9,0
2023-01-24 21:00:00,1937.74,1937.75,1936.85,1937.26,0
2023-01-24 23:00:00,1937.06,1937.66,1936.35,1937.03,0
2023-01-25 00:00:00,1937.03,1938.48,1934.98,1936.89,0
2023-01-25 01:00:00,1936.88,1938.88,1936.58,1937.35,0
2023-01-25 02:00:00,1937.49,1939.66,1935.13,1935.26,0
2023-01-25 03:00:00,1935.24,1935.3,1929.0,1931.85,0
2023-01-25 04:00:00,1931.88,1933.24,1927.72,1928.52,0
2023-01-25 05:00:00,1928.49,1928.85,1925.84,1927.62,0
2023-01-25 06:00:00,1927.68,1933.62,1926.4,1933.51,0
2023-01-25 07:00:00,1933.49,1933.77,1927.44,1928.76,0
2023-01-25 08:00:00,1928.81,1932.46,1928.03,1929.28,0
2023-01-25 09:00:00,1929.26,1931.42,1927.83,1927.97,0
2023-01-25 10:00:00,1928.04,1928.54,1922.82,1925.6,0
2023-01-25 11:00:00,1925.62,1927.05,1923.12,1925.97,0
2023-01-25 12:00:00,1925.97,1927.36,1922.78,1926.5,0
2023-01-25 13:00:00,1926.4,1927.59,1919.91,1922.3,0
2023-01-25 14:00:00,1922.28,1932.94,1921.77,1930.71,0
2023-01-25 15:00:00,1930.78,1938.76,1928.99,1933.03,0
2023-01-25 16:00:00,1933.02,1937.82,1928.9,1936.8,0
2023-01-25 17:00:00,1936.8,1940.5,1936.25,1937.39,0
2023-01-25 18:00:00,1937.45,1942.2,1937.45,1940.06,0
2023-01-25 19:00:00,1940.12,1943.22,1939.74,1942.39,0
2023-01-25 20:00:00,1942.35,1948.08,1942.34,1946.77,0
2023-01-25 21:00:00,1946.73,1946.94,1945.26,1946.08,0
2023-01-25 23:00:00,1946.43,1948.84,1945.98,1948.36,0
2023-01-26 00:00:00,1948.36,1949.24,1945.21,1945.3,0
2023-01-26 01:00:00,1945.3,1945.64,1942.54,1945.59,0
2023-01-26 02:00:00,1945.61,1946.71,1943.72,1945.28,0
2023-01-26 03:00:00,1945.18,1948.14,1944.99,1947.69,0
2023-01-26 04:00:00,1947.69,1948.81,1946.15,1946.69,0
2023-01-26 05:00:00,1946.69,1948.21,1945.2,1947.53,0
2023-01-26 06:00:00,1947.44,1949.0,1944.82,1945.8,0
2023-01-26 07:00:00,1945.72,1945.72,1938.09,1942.98,0
2023-01-26 08:00:00,1942.96,1945.11,1940.01,1941.99,0
2023-01-26 09:00:00,1942.0,1943.36,1933.89,1936.84,0
2023-01-26 10:00:00,1936.84,1937.65,1935.66,1936.78,0
2023-01-26 11:00:00,1936.78,1937.67,1933.17,1937.08,0
2023-01-26 12:00:00,1937.14,1937.56,1934.6,1936.82,0
2023-01-26 13:00:00,1936.69,1939.59,1931.22,1937.69,0
2023-01-26 14:00:00,1937.8,1942.41,1929.52,1932.78,0
2023-01-26 15:00:00,1932.82,1934.98,1923.26,1924.9,0
2023-01-26 16:00:00,1924.85,1928.46,1918.63,1925.97,0
2023-01-26 17:00:00,1926.06,1930.17,1925.33,1926.67,0
2023-01-26 18:00:00,1926.64,1933.16,1926.48,1929.79,0
2023-01-26 19:00:00,1929.79,1931.48,1928.62,1931.25,0
2023-01-26 20:00:00,1931.25,1931.33,1929.15,1929.65,0
2023-01-26 21:00:00,1929.65,1929.91,1928.69,1928.94,0
2023-01-26 23:00:00,1928.77,1931.14,1928.76,1930.8,0
2023-01-27 00:00:00,1930.8,1934.88,1930.64,1933.89,0
2023-01-27 01:00:00,1933.86,1933.97,1929.63,1930.1,0
2023-01-27 02:00:00,1930.11,1931.16,1925.76,1925.8,0
2023-01-27 03:00:00,1925.8,1927.75,1923.94,1924.78,0
2023-01-27 04:00:00,1924.76,1924.76,1919.91,1921.66,0
2023-01-27 05:00:00,1921.66,1925.72,1921.43,1925.06,0
2023-01-27 06:00:00,1925.13,1925.77,1922.2,1923.24,0
2023-01-27 07:00:00,1923.2,1925.72,1922.2,1923.16,0
2023-01-27 08:00:00,1923.31,1926.04,1923.05,1925.91,0
2023-01-27 09:00:00,1925.94,1928.22,1924.56,1925.69,0
2023-01-27 10:00:00,1925.68,1929.26,1925.19,1928.52,0
2023-01-27 11:00:00,1928.57,1931.51,1928.27,1930.17,0
2023-01-27 12:00:00,1930.18,1932.42,1927.85,1930.73,0
2023-01-27 13:00:00,1930.71,1935.0,1928.5,1928.91,0
2023-01-27 14:00:00,1928.81,1931.27,1921.84,1923.64,0
2023-01-27 15:00:00,1924.38,1929.11,1916.72,1924.13,0
2023-01-27 16:00:00,1924.13,1932.22,1923.91,1929.72,0
2023-01-27 17:00:00,1929.72,1930.83,1925.59,1928.58,0
2023-01-27 18:00:00,1928.6,1931.07,1928.17,1930.25,0
2023-01-27 19:00:00,1930.32,1932.01,1929.85,1929.99,0
2023-01-27 20:00:00,1929.94,1930.61,1926.14,1926.54,0
2023-01-27 21:00:00,1926.69,1929.24,1926.69,1928.32,0
2023-01-29 23:00:00,1927.15,1929.0,1925.75,1929.0,0
2023-01-30 00:00:00,1929.04,1930.0,1927.84,1928.64,0
2023-01-30 01:00:00,1928.64,1931.08,1924.83,1927.63,0
2023-01-30 02:00:00,1927.75,1927.75,1925.01,1926.44,0
2023-01-30 03:00:00,1926.44,1926.6,1924.38,1926.35,0
2023-01-30 04:00:00,1926.35,1934.54,1926.11,1933.38,0
2023-01-30 05:00:00,1933.29,1933.75,1930.37,1931.4,0
2023-01-30 06:00:00,1931.38,1932.22,1929.35,1931.02,0
2023-01-30 07:00:00,1930.98,1931.89,1923.22,1924.57,0
2023-01-30 08:00:00,1924.47,1924.49,1920.71,1923.29,0
2023-01-30 09:00:00,1923.31,1925.54,1922.14,1924.7,0
2023-01-30 10:00:00,1924.7,1930.79,1924.54,1930.65,0
2023-01-30 11:00:00,1930.67,1930.77,1922.12,1923.22,0
2023-01-30 12:00:00,1923.22,1926.84,1922.52,1926.09,0
2023-01-30 13:00:00,1926.18,1930.43,1924.8,1929.11,0
2023-01-30 14:00:00,1929.14,1929.66,1924.5,1925.35,0
2023-01-30 15:00:00,1925.32,1929.29,1923.52,1925.68,0
2023-01-30 16:00:00,1925.68,1925.85,1922.69,1924.34,0
2023-01-30 17:00:00,1924.3,1925.13,1922.02,1924.37,0
2023-01-30 18:00:00,1924.27,1924.5,1922.39,1922.81,0
2023-01-30 19:00:00,1922.83,1924.68,1920.86,1923.39,0
2023-01-30 20:00:00,1923.34,1923.63,1921.28,1922.05,0
2023-01-30 21:00:00,1922.06,1923.61,1921.99,1923.23,0
2023-01-30 23:00:00,1922.72,1922.99,1921.74,1922.14,0
2023-01-31 00:00:00,1922.24,1923.26,1921.18,1922.84,0
2023-01-31 01:00:00,1922.86,1927.34,1922.62,1925.26,0
2023-01-31 02:00:00,1925.26,1926.42,1924.24,1925.53,0
2023-01-31 03:00:00,1925.39,1925.87,1920.88,1921.05,0
2023-01-31 04:00:00,1921.11,1921.9,1918.9,1920.21,0
2023-01-31 05:00:00,1920.21,1921.39,1917.06,1917.35,0
2023-01-31 06:00:00,1917.35,1917.35,1912.06,1915.48,0
2023-01-31 07:00:00,1915.5,1915.98,1912.49,1914.46,0
2023-01-31 08:00:00,1914.51,1914.95,1905.14,1906.9,0
2023-01-31 09:00:00,1906.34,1907.56,1902.79,1903.84,0
2023-01-31 10:00:00,1903.82,1906.08,1902.3,1904.79,0
2023-01-31 11:00:00,1904.78,1905.4,1901.23,1904.23,0
2023-01-31 12:00:00,1904.24,1912.78,1900.87,1907.22,0
2023-01-31 13:00:00,1907.26,1920.28,1906.45,1919.7,0
2023-01-31 14:00:00,1919.7,1926.48,1918.58,1924.76,0
2023-01-31 15:00:00,1924.7,1929.27,1920.59,1928.63,0
2023-01-31 16:00:00,1928.71,1929.58,1926.35,1927.49,0
2023-01-31 17:00:00,1927.46,1930.58,1926.81,1929.68,0
2023-01-31 18:00:00,1929.65,1931.14,1928.74,1929.41,0
2023-01-31 19:00:00,1929.41,1931.03,1928.43,1928.88,0
2023-01-31 20:00:00,1928.86,1929.17,1927.28,1928.52,0
2023-01-31 21:00:00,1928.44,1928.76,1927.84,1928.1,0
2023-01-31 23:00:00,1927.81,1928.32,1927.12,1927.37,0
2023-02-01 00:00:00,1927.37,1928.16,1926.69,1927.6,0
2023-02-01 01:00:00,1927.62,1928.78,1925.6,1927.1,0
2023-02-01 02:00:00,1927.08,1927.21,1924.55,1925.28,0
2023-02-01 03:00:00,1925.31,1927.49,1925.02,1926.81,0
2023-02-01 04:00:00,1926.81,1928.48,1925.6,1925.74,0
2023-02-01 05:00:00,1925.73,1927.37,1925.23,1926.09,0
2023-02-01 06:00:00,1926.06,1928.26,1925.83,1926.92,0
2023-02-01 07:00:00,1926.9,1929.27,1924.16,1925.0,0
2023-02-01 08:00:00,1925.01,1927.18,1923.35,1925.76,0
2023-02-01 09:00:00,1925.75,1926.14,1923.6,1925.13,0
2023-02-01 10:00:00,1925.28,1927.26,1923.78,1926.51,0
2023-02-01 11:00:00,1926.54,1930.27,1925.9,1928.82,0
2023-02-01 12:00:00,1928.84,1931.62,1928.03,1929.68,0
2023-02-01 13:00:00,1929.88,1933.27,1926.89,1929.36,0
2023-02-01 14:00:00,1929.39,1932.92,1926.61,1927.94,0
2023-02-01 15:00:00,1927.94,1932.3,1922.84,1931.9,0
2023-02-01 16:00:00,1931.92,1932.1,1924.5,1925.19,0
2023-02-01 17:00:00,1925.19,1925.95,1920.63,1925.68,0
2023-02-01 18:00:00,1925.73,1928.5,1924.82,1927.22,0
2023-02-01 19:00:00,1926.04,1944.0,1921.15,1943.02,0
2023-02-01 20:00:00,1943.05,1953.5,1939.3,1953.48,0
2023-02-01 21:00:00,1953.42,1954.49,1949.56,1950.06,0
2023-02-01 23:00:00,1952.1,1956.26,1952.09,1953.1,0
2023-02-02 00:00:00,1953.1,1956.03,1950.82,1952.5,0
2023-02-02 01:00:00,1952.44,1957.26,1951.32,1952.89,0
2023-02-02 02:00:00,1952.84,1954.41,1951.88,1952.3,0
2023-02-02 03:00:00,1952.3,1953.37,1951.51,1952.37,0
2023-02-02 04:00:00,1952.36,1954.34,1951.78,1953.37,0
2023-02-02 05:00:00,1953.37,1954.46,1952.46,1952.59,0
2023-02-02 06:00:00,1952.62,1953.89,1951.28,1952.15,0
2023-02-02 07:00:00,1952.16,1959.78,1952.16,1955.54,0
2023-02-02 08:00:00,1955.58,1959.66,1954.75,1957.28,0
2023-02-02 09:00:00,1957.28,1957.55,1953.68,1956.47,0
2023-02-02 10:00:00,1956.47,1957.3,1951.65,1952.72,0
2023-02-02 11:00:00,1952.75,1956.67,1952.2,1954.71,0
2023-02-02 12:00:00,1954.77,1955.99,1952.8,1953.5,0
2023-02-02 13:00:00,1953.56,1954.79,1943.36,1944.31,0
2023-02-02 14:00:00,1944.32,1947.2,1921.24,1921.58,0
2023-02-02 15:00:00,1921.53,1927.62,1917.38,1926.23,0
2023-02-02 16:00:00,1926.18,1926.37,1915.03,1918.64,0
2023-02-02 17:00:00,1918.62,1920.02,1911.86,1912.23,0
2023-02-02 18:00:00,1912.26,1918.61,1911.86,1917.76,0
2023-02-02 19:00:00,1917.73,1917.99,1912.11,1913.32,0
2023-02-02 20:00:00,1913.21,1914.21,1911.36,1912.91,0
2023-02-02 21:00:00,1912.71,1913.6,1911.46,1912.6,0
2023-02-02 23:00:00,1912.16,1915.47,1911.85,1915.14,0
2023-02-03 00:00:00,1915.14,1916.88,1914.05,1916.4,0
2023-02-03 01:00:00,1916.33,1918.21,1915.64,1917.82,0
2023-02-03 02:00:00,1917.84,1918.6,1915.96,1916.46,0
2023-02-03 03:00:00,1916.46,1917.26,1915.52,1916.33,0
2023-02-03 04:00:00,1916.33,1916.85,1913.86,1916.11,0
2023-02-03 05:00:00,1916.08,1916.56,1914.32,1914.99,0
2023-02-03 06:00:00,1914.99,1916.73,1914.03,1915.92,0
2023-02-03 07:00:00,1915.94,1918.25,1910.17,1913.66,0
2023-02-03 08:00:00,1913.74,1915.03,1910.89,1912.14,0
2023-02-03 09:00:00,1912.24,1916.19,1910.38,1913.26,0
2023-02-03 10:00:00,1913.34,1913.5,1909.53,1911.92,0
2023-02-03 11:00:00,1911.92,1914.49,1909.3,1914.49,0
2023-02-03 12:00:00,1914.49,1917.12,1914.26,1915.33,0
2023-02-03 13:00:00,1915.2,1916.66,1882.79,1886.83,0
2023-02-03 14:00:00,1886.46,1886.46,1875.54,1882.78,0
2023-02-03 15:00:00,1878.86,1880.02,1869.14,1873.1,0
2023-02-03 16:00:00,1873.09,1875.02,1865.7,1868.39,0
2023-02-03 17:00:00,1868.4,1868.4,1862.73,1863.53,0
2023-02-03 18:00:00,1863.35,1866.39,1861.44,1865.2,0
2023-02-03 19:00:00,1865.22,1866.57,1863.45,1865.74,0
2023-02-03 20:00:00,1865.75,1867.03,1864.6,1864.81,0
2023-02-03 21:00:00,1864.82,1866.37,1864.3,1865.75,0
2023-02-05 23:00:00,1861.64,1869.94,1861.6,1865.54,0
2023-02-06 00:00:00,1865.44,1870.1,1863.69,1869.84,0
2023-02-06 01:00:00,1869.88,1873.51,1864.78,1872.8,0
2023-02-06 02:00:00,1872.8,1876.08,1871.64,1873.53,0
2023-02-06 03:00:00,1873.53,1876.73,1872.39,1876.54,0
2023-02-06 04:00:00,1876.54,1878.62,1876.24,1878.39,0
2023-02-06 05:00:00,1878.38,1878.68,1875.22,1878.02,0
2023-02-06 06:00:00,1878.03,1878.79,1875.93,1876.51,0
2023-02-06 07:00:00,1876.52,1877.54,1874.34,1875.92,0
2023-02-06 08:00:00,1876.04,1881.3,1875.55,1878.18,0
2023-02-06 09:00:00,1878.09,1878.71,1870.14,1873.23,0
2023-02-06 10:00:00,1873.22,1874.12,1871.53,1872.35,0
2023-02-06 11:00:00,1872.24,1872.72,1868.24,1871.61,0
2023-02-06 12:00:00,1871.61,1874.08,1871.44,1872.33,0
2023-02-06 13:00:00,1872.33,1873.42,1868.41,1871.63,0
2023-02-06 14:00:00,1871.65,1875.79,1870.18,1873.85,0
2023-02-06 15:00:00,1873.9,1873.98,1863.12,1865.97,0
2023-02-06 16:00:00,1866.06,1870.02,1865.1,1866.46,0
2023-02-06 17:00:00,1866.52,1867.14,1863.6,1866.01,0
2023-02-06 18:00:00,1865.99,1868.57,1864.34,1868.22,0
2023-02-06 19:00:00,1868.24,1871.31,1865.34,1865.76,0
2023-02-06 20:00:00,1865.69,1869.85,1865.27,1868.36,0
2023-02-06 21:00:00,1868.84,1869.51,1866.98,1867.65,0
2023-02-06 23:00:00,1867.66,1868.59,1867.09,1868.54,0
2023-02-07 00:00:00,1868.56,1870.96,1868.38,1869.98,0
2023-02-07 01:00:00,1869.98,1873.57,1869.98,1873.57,0
2023-02-07 02:00:00,1873.59,1875.12,1871.76,1874.43,0
2023-02-07 03:00:00,1874.44,1875.64,1872.7,1872.84,0
2023-02-07 04:00:00,1872.84,1874.66,1871.74,1873.14,0
2023-02-07 05:00:00,1873.12,1875.0,1872.78,1874.98,0
2023-02-07 06:00:00,1875.02,1876.92,1873.34,1874.52,0
2023-02-07 07:00:00,1874.45,1876.41,1872.75,1876.16,0
2023-02-07 08:00:00,1876.18,1877.75,1871.83,1872.34,0
2023-02-07 09:00:00,1872.38,1878.04,1871.19,1873.42,0
2023-02-07 10:00:00,1873.33,1875.45,1871.79,1871.98,0
2023-02-07 11:00:00,1871.96,1872.21,1866.08,1867.43,0
2023-02-07 12:00:00,1867.44,1872.8,1867.44,1870.56,0
2023-02-07 13:00:00,1870.56,1871.0,1865.8,1869.88,0
2023-02-07 14:00:00,1869.79,1872.09,1867.56,1870.83,0
2023-02-07 15:00:00,1870.85,1879.9,1866.72,1879.45,0
2023-02-07 16:00:00,1879.45,1880.17,1874.16,1874.61,0
2023-02-07 17:00:00,1874.53,1884.32,1870.32,1880.62,0
2023-02-07 18:00:00,1880.58,1882.74,1864.97,1869.32,0
2023-02-07 19:00:00,1869.37,1874.62,1868.93,1871.81,0
2023-02-07 20:00:00,1871.88,1872.42,1868.12,1870.29,0
2023-02-07 21:00:00,1870.18,1878.08,1867.24,1873.63,0
2023-02-07 23:00:00,1873.42,1873.44,1871.42,1872.98,0
2023-02-08 00:00:00,1872.97,1876.78,1872.64,1876.68,0
2023-02-08 01:00:00,1876.59,1878.38,1875.07,1876.06,0
2023-02-08 02:00:00,1876.03,1876.92,1874.3,1876.92,0
2023-02-08 03:00:00,1876.92,1877.62,1875.73,1876.38,0
2023-02-08 04:00:00,1876.37,1878.27,1876.01,1877.04,0
2023-02-08 05:00:00,1877.04,1877.28,1875.04,1876.97,0
2023-02-08 06:00:00,1876.97,1878.5,1876.22,1876.25,0
2023-02-08 07:00:00,1876.23,1886.34,1873.29,1886.34,0
2023-02-08 08:00:00,1886.27,1886.27,1879.55,1883.92,0
2023-02-08 09:00:00,1883.97,1886.03,1882.63,1886.03,0
2023-02-08 10:00:00,1886.0,1886.0,1878.63,1880.73,0
2023-02-08 11:00:00,1880.73,1882.84,1879.22,1880.24,0
2023-02-08 12:00:00,1880.22,1883.6,1878.4,1879.79,0
2023-02-08 13:00:00,1879.82,1879.84,1872.68,1877.77,0
2023-02-08 14:00:00,1877.76,1883.08,1869.1,1873.44,0
2023-02-08 15:00:00,1873.24,1874.64,1869.93,1873.9,0
2023-02-08 16:00:00,1873.91,1878.96,1872.33,1875.49,0
2023-02-08 17:00:00,1875.46,1877.37,1873.8,1875.76,0
2023-02-08 18:00:00,1875.86,1879.86,1875.59,1878.03,0
2023-02-08 19:00:00,1878.06,1878.51,1875.85,1876.25,0
2023-02-08 20:00:00,1876.29,1876.34,1873.88,1875.28,0
2023-02-08 21:00:00,1875.29,1876.08,1875.09,1875.55,0
2023-02-08 23:00:00,1875.29,1876.06,1874.12,1874.98,0
2023-02-09 00:00:00,1874.98,1875.56,1873.72,1874.35,0
2023-02-09 01:00:00,1874.35,1876.97,1872.01,1876.97,0
2023-02-09 02:00:00,1876.94,1880.41,1876.78,1879.25,0
2023-02-09 03:00:00,1879.25,1880.15,1878.41,1878.75,0
2023-02-09 04:00:00,1878.75,1879.6,1878.48,1879.49,0
2023-02-09 05:00:00,1879.49,1881.36,1877.76,1879.11,0
2023-02-09 06:00:00,1879.12,1881.52,1878.74,1880.84,0
2023-02-09 07:00:00,1880.92,1882.06,1876.83,1880.6,0
2023-02-09 08:00:00,1880.47,1885.45,1879.97,1883.81,0
2023-02-09 09:00:00,1883.86,1885.49,1880.01,1883.13,0
2023-02-09 10:00:00,1883.2,1886.2,1881.0,1885.56,0
2023-02-09 11:00:00,1885.6,1885.79,1880.55,1882.22,0
2023-02-09 12:00:00,1882.23,1884.66,1880.59,1882.15,0
2023-02-09 13:00:00,1882.14,1889.76,1879.71,1889.58,0
2023-02-09 14:00:00,1889.53,1890.28,1878.96,1879.44,0
2023-02-09 15:00:00,1879.36,1881.83,1872.61,1874.2,0
2023-02-09 16:00:00,1874.19,1875.74,1865.71,1874.17,0
2023-02-09 17:00:00,1874.12,1875.07,1862.99,1868.47,0
2023-02-09 18:00:00,1868.47,1869.67,1865.1,1866.34,0
2023-02-09 19:00:00,1866.34,1869.6,1859.96,1861.97,0
2023-02-09 20:00:00,1861.97,1862.43,1858.98,1860.79,0
2023-02-09 21:00:00,1860.91,1862.34,1860.4,1861.59,0
2023-02-09 23:00:00,1863.0,1863.0,1861.22,1862.41,0
2023-02-10 00:00:00,1862.56,1862.87,1859.9,1862.87,0
2023-02-10 01:00:00,1862.94,1865.5,1859.03,1862.18,0
2023-02-10 02:00:00,1862.18,1863.45,1859.85,1860.02,0
2023-02-10 03:00:00,1860.0,1860.96,1855.34,1855.4,0
2023-02-10 04:00:00,1855.38,1855.83,1853.86,1853.95,0
2023-02-10 05:00:00,1853.95,1860.25,1852.73,1860.09,0
2023-02-10 06:00:00,1860.11,1861.68,1857.88,1859.38,0
2023-02-10 07:00:00,1859.34,1866.97,1857.58,1866.21,0
2023-02-10 08:00:00,1866.3,1872.29,1865.87,1867.77,0
2023-02-10 09:00:00,1867.74,1870.03,1861.4,1864.22,0
2023-02-10 10:00:00,1864.14,1865.04,1860.52,1862.98,0
2023-02-10 11:00:00,1862.96,1864.97,1860.8,1864.84,0
2023-02-10 12:00:00,1864.84,1865.35,1862.76,1863.96,0
2023-02-10 13:00:00,1863.95,1868.62,1861.78,1866.98,0
2023-02-10 14:00:00,1867.01,1868.53,1860.24,1861.76,0
2023-02-10 15:00:00,1861.86,1866.77,1859.06,1860.0,0
2023-02-10 16:00:00,1859.94,1861.73,1856.4,1858.26,0
2023-02-10 17:00:00,1858.27,1863.92,1857.66,1861.74,0
2023-02-10 18:00:00,1861.74,1864.49,1861.21,1862.09,0
2023-02-10 19:00:00,1862.09,1864.71,1861.41,1863.7,0
2023-02-10 20:00:00,1863.7,1865.05,1862.74,1864.29,0
2023-02-10 21:00:00,1864.2,1865.69,1863.26,1865.44,0
2023-02-12 23:00:00,1864.43,1865.31,1862.66,1862.67,0
2023-02-13 00:00:00,1862.79,1863.62,1860.7,1863.17,0
2023-02-13 01:00:00,1863.17,1863.89,1858.16,1861.45,0
2023-02-13 02:00:00,1861.45,1862.46,1859.88,1861.56,0
2023-02-13 03:00:00,1861.56,1862.16,1858.79,1858.79,0
2023-02-13 04:00:00,1858.84,1859.65,1857.78,1857.85,0
2023-02-13 05:00:00,1857.88,1860.36,1857.0,1859.7,0
2023-02-13 06:00:00,1859.69,1866.65,1859.41,1862.91,0
2023-02-13 07:00:00,1862.91,1865.91,1862.23,1863.91,0
2023-02-13 08:00:00,1863.94,1864.2,1860.05,1862.5,0
2023-02-13 09:00:00,1862.54,1862.54,1854.69,1857.2,0
2023-02-13 10:00:00,1857.2,1859.31,1853.98,1858.64,0
2023-02-13 11:00:00,1858.67,1862.78,1858.67,1862.17,0
2023-02-13 12:00:00,1862.17,1863.05,1859.38,1860.7,0
2023-02-13 13:00:00,1860.72,1862.41,1855.58,1856.96,0
2023-02-13 14:00:00,1856.94,1859.38,1853.25,1856.9,0
2023-02-13 15:00:00,1857.04,1858.43,1854.63,1855.25,0
2023-02-13 16:00:00,1855.25,1855.98,1850.75,1851.28,0
2023-02-13 17:00:00,1851.5,1853.74,1850.71,1851.55,0
2023-02-13 18:00:00,1851.59,1855.79,1850.46,1855.18,0
2023-02-13 19:00:00,1855.24,1855.65,1851.31,1852.82,0
2023-02-13 20:00:00,1852.82,1854.57,1851.32,1854.34,0
2023-02-13 21:00:00,1854.35,1854.52,1852.94,1853.41,0
2023-02-13 23:00:00,1853.62,1854.58,1853.3,1854.47,0
2023-02-14 00:00:00,1854.47,1856.68,1854.08,1856.2,0
2023-02-14 01:00:00,1856.18,1856.7,1854.48,1856.58,0
2023-02-14 02:00:00,1856.58,1858.57,1855.65,1857.61,0
2023-02-14 03:00:00,1857.62,1858.46,1856.3,1858.14,0
2023-02-14 04:00:00,1858.14,1859.12,1857.17,1858.21,0
2023-02-14 05:00:00,1858.21,1859.43,1857.79,1859.38,0
2023-02-14 06:00:00,1859.38,1864.85,1858.73,1862.2,0
2023-02-14 07:00:00,1862.28,1864.22,1858.02,1858.72,0
2023-02-14 08:00:00,1858.77,1861.74,1857.9,1860.17,0
2023-02-14 09:00:00,1860.23,1863.87,1859.51,1862.64,0
2023-02-14 10:00:00,1862.64,1863.1,1859.18,1859.19,0
2023-02-14 11:00:00,1859.18,1859.73,1853.72,1857.29,0
2023-02-14 12:00:00,1857.29,1861.66,1856.46,1860.13,0
2023-02-14 13:00:00,1860.17,1870.48,1850.25,1862.48,0
2023-02-14 14:00:00,1862.62,1866.26,1843.39,1856.34,0
2023-02-14 15:00:00,1856.36,1865.68,1849.94,1852.35,0
2023-02-14 16:00:00,1852.35,1854.77,1844.04,1849.59,0
2023-02-14 17:00:00,1849.58,1851.42,1846.46,1849.82,0
2023-02-14 18:00:00,1849.85,1858.87,1849.61,1853.69,0
2023-02-14 19:00:00,1853.69,1856.2,1851.41,1855.52,0
2023-02-14 20:00:00,1855.44,1856.3,1853.83,1855.97,0
2023-02-14 21:00:00,1855.78,1855.8,1853.88,1854.36,0
2023-02-14 23:00:00,1853.81,1855.24,1853.58,1854.94,0
2023-02-15 00:00:00,1854.94,1855.82,1853.58,1855.82,0
2023-02-15 01:00:00,1855.81,1859.34,1854.88,1858.96,0
2023-02-15 02:00:00,1858.97,1860.12,1852.12,1852.21,0
2023-02-15 03:00:00,1852.16,1852.26,1847.53,1848.41,0
2023-02-15 04:00:00,1848.4,1848.86,1846.6,1847.82,0
2023-02-15 05:00:00,1847.83,1847.83,1845.28,1846.34,0
2023-02-15 06:00:00,1846.36,1846.53,1842.1,1843.63,0
2023-02-15 07:00:00,1843.46,1844.68,1835.15,1835.72,0
2023-02-15 08:00:00,1835.62,1836.27,1831.81,1833.76,0
2023-02-15 09:00:00,1833.43,1837.74,1832.85,1835.76,0
2023-02-15 10:00:00,1835.68,1837.67,1833.67,1835.38,0
2023-02-15 11:00:00,1835.43,1835.92,1833.36,1834.99,0
2023-02-15 12:00:00,1834.99,1837.08,1834.11,1835.77,0
2023-02-15 13:00:00,1835.76,1838.9,1831.83,1834.75,0
2023-02-15 14:00:00,1834.71,1838.72,1832.6,1833.53,0
2023-02-15 15:00:00,1833.53,1835.84,1830.58,1834.19,0
2023-02-15 16:00:00,1834.19,1837.75,1831.27,1836.74,0
2023-02-15 17:00:00,1836.74,1838.07,1832.28,1834.95,0
2023-02-15 18:00:00,1834.93,1836.65,1833.75,1835.89,0
2023-02-15 19:00:00,1836.06,1837.95,1835.01,1835.49,0
2023-02-15 20:00:00,1835.54,1838.24,1834.82,1837.56,0
2023-02-15 21:00:00,1837.48,1838.57,1835.8,1835.85,0
2023-02-15 23:00:00,1836.6,1837.13,1835.59,1836.5,0
2023-02-16 00:00:00,1836.46,1837.9,1835.32,1835.37,0
2023-02-16 01:00:00,1835.4,1842.27,1834.53,1841.43,0
2023-02-16 02:00:00,1841.36,1842.62,1840.8,1842.25,0
2023-02-16 03:00:00,1842.25,1842.49,1839.42,1840.48,0
2023-02-16 04:00:00,1840.45,1841.0,1839.39,1839.39,0
2023-02-16 05:00:00,1839.39,1841.59,1835.35,1837.08,0
2023-02-16 06:00:00,1837.08,1838.09,1834.33,1836.37,0
2023-02-16 07:00:00,1836.39,1841.37,1835.67,1841.37,0
2023-02-16 08:00:00,1841.27,1844.8,1836.73,1837.69,0
2023-02-16 09:00:00,1837.56,1840.16,1834.78,1835.6,0
2023-02-16 10:00:00,1835.55,1839.29,1835.55,1838.21,0
2023-02-16 11:00:00,1838.21,1838.49,1835.32,1837.4,0
2023-02-16 12:00:00,1837.36,1840.1,1835.87,1839.92,0
2023-02-16 13:00:00,1839.88,1840.45,1827.66,1830.86,0
2023-02-16 14:00:00,1830.87,1837.14,1827.99,1828.89,0
2023-02-16 15:00:00,1828.84,1835.88,1827.68,1834.62,0
2023-02-16 16:00:00,1834.63,1843.1,1832.45,1840.94,0
2023-02-16 17:00:00,1840.94,1843.93,1838.22,1842.51,0
2023-02-16 18:00:00,1842.51,1845.15,1841.24,1844.1,0
2023-02-16 19:00:00,1844.15,1845.32,1842.2,1842.77,0
2023-02-16 20:00:00,1842.87,1843.05,1835.94,1836.56,0
2023-02-16 21:00:00,1836.44,1839.09,1836.06,1836.43,0
2023-02-16 23:00:00,1836.28,1836.3,1833.27,1834.38,0
2023-02-17 00:00:00,1834.35,1834.38,1830.75,1832.61,0
2023-02-17 01:00:00,1832.44,1833.62,1828.91,1828.98,0
2023-02-17 02:00:00,1828.98,1830.65,1826.02,1829.62,0
2023-02-17 03:00:00,1829.55,1829.55,1827.65,1828.26,0
2023-02-17 04:00:00,1828.23,1828.55,1823.93,1826.78,0
2023-02-17 05:00:00,1826.78,1827.67,1826.1,1827.53,0
2023-02-17 06:00:00,1827.54,1827.66,1823.22,1824.33,0
2023-02-17 07:00:00,1824.25,1827.29,1821.86,1824.09,0
2023-02-17 08:00:00,1824.06,1824.06,1818.9,1822.37,0
2023-02-17 09:00:00,1822.34,1828.15,1819.34,1825.87,0
2023-02-17 10:00:00,1825.73,1826.01,1822.49,1823.53,0
2023-02-17 11:00:00,1823.53,1825.33,1821.89,1824.67,0
2023-02-17 12:00:00,1824.68,1828.84,1824.54,1826.81,0
2023-02-17 13:00:00,1826.76,1830.35,1825.68,1827.66,0
2023-02-17 14:00:00,1827.57,1828.65,1822.61,1826.47,0
2023-02-17 15:00:00,1826.47,1840.9,1826.47,1834.42,0
2023-02-17 16:00:00,1834.64,1840.75,1834.33,1839.6,0
2023-02-17 17:00:00,1839.58,1842.82,1839.4,1840.83,0
2023-02-17 18:00:00,1840.84,1843.33,1840.21,1842.16,0
2023-02-17 19:00:00,1842.14,1843.53,1841.9,1842.73,0
2023-02-17 20:00:00,1842.78,1843.59,1840.98,1841.81,0
2023-02-17 21:00:00,1841.52,1842.98,1841.34,1841.94,0
2023-02-19 23:00:00,1841.5,1841.65,1838.43,1838.7,0
2023-02-20 00:00:00,1838.52,1839.35,1837.24,1838.92,0
2023-02-20 01:00:00,1838.92,1841.82,1837.98,1840.43,0
2023-02-20 02:00:00,1840.32,1843.16,1839.46,1842.32,0
2023-02-20 03:00:00,1842.31,1843.04,1841.37,1842.81,0
2023-02-20 04:00:00,1842.74,1844.8,1842.4,1842.62,0
2023-02-20 05:00:00,1842.64,1844.85,1841.22,1844.45,0
2023-02-20 06:00:00,1844.46,1845.56,1843.12,1844.02,0
2023-02-20 07:00:00,1844.01,1846.31,1842.81,1846.07,0
2023-02-20 08:00:00,1845.96,1847.51,1841.15,1843.73,0
2023-02-20 09:00:00,1843.93,1845.79,1843.29,1843.89,0
2023-02-20 10:00:00,1843.86,1844.83,1842.88,1843.47,0
2023-02-20 11:00:00,1843.55,1846.0,1843.28,1844.85,0
2023-02-20 12:00:00,1844.94,1845.03,1842.81,1842.89,0
2023-02-20 13:00:00,1842.92,1846.88,1842.66,1846.43,0
2023-02-20 14:00:00,1846.45,1847.07,1844.52,1846.47,0
2023-02-20 15:00:00,1846.37,1846.61,1842.37,1843.24,0
2023-02-20 16:00:00,1843.24,1844.08,1842.62,1842.74,0
2023-02-20 17:00:00,1842.76,1842.98,1840.78,1840.88,0
2023-02-20 18:00:00,1840.79,1841.61,1840.48,1841.14,0
2023-02-20 19:00:00,1841.12,1841.38,1841.0,1841.28,0
2023-02-20 23:00:00,1841.82,1842.9,1841.47,1841.76,0
2023-02-21 00:00:00,1841.79,1843.83,1840.54,1841.67,0
2023-02-21 01:00:00,1841.72,1843.04,1840.01,1842.31,0
2023-02-21 02:00:00,1842.31,1843.44,1840.98,1841.44,0
2023-02-21 03:00:00,1841.44,1842.07,1837.14,1838.49,0
2023-02-21 04:00:00,1838.48,1839.21,1837.19,1839.14,0
2023-02-21 05:00:00,1839.14,1839.8,1837.15,1839.78,0
2023-02-21 06:00:00,1839.8,1839.8,1837.66,1838.79,0
2023-02-21 07:00:00,1838.79,1838.79,1833.64,1834.78,0
2023-02-21 08:00:00,1834.76,1835.84,1831.1,1834.8,0
2023-02-21 09:00:00,1834.78,1836.8,1832.5,1835.48,0
2023-02-21 10:00:00,1835.51,1836.31,1832.21,1833.28,0
2023-02-21 11:00:00,1833.27,1835.35,1832.49,1833.84,0
2023-02-21 12:00:00,1833.88,1834.31,1830.23,1833.24,0
2023-02-21 13:00:00,1833.24,1837.11,1832.75,1836.76,0
2023-02-21 14:00:00,1836.77,1843.83,1834.05,1835.02,0
2023-02-21 15:00:00,1834.85,1842.29,1834.24,1838.8,0
2023-02-21 16:00:00,1838.82,1839.49,1832.83,1833.02,0
2023-02-21 17:00:00,1832.93,1837.25,1832.18,1836.92,0
2023-02-21 18:00:00,1836.84,1837.47,1831.74,1833.41,0
2023-02-21 19:00:00,1833.21,1834.37,1832.13,1834.14,0
2023-02-21 20:00:00,1834.17,1836.6,1834.17,1834.69,0
2023-02-21 21:00:00,1834.73,1835.56,1834.35,1834.87,0
2023-02-21 23:00:00,1834.84,1836.1,1834.83,1835.54,0
2023-02-22 00:00:00,1835.54,1837.06,1834.96,1836.88,0
2023-02-22 01:00:00,1836.88,1838.5,1835.11,1836.34,0
2023-02-22 02:00:00,1836.3,1837.56,1835.3,1835.99,0
2023-02-22 03:00:00,1835.88,1837.17,1835.1,1836.21,0
2023-02-22 04:00:00,1836.23,1836.9,1835.33,1836.54,0
2023-02-22 05:00:00,1836.54,1837.27,1834.61,1837.01,0
2023-02-22 06:00:00,1837.06,1837.11,1835.13,1835.4,0
2023-02-22 07:00:00,1835.37,1839.9,1834.97,1839.83,0
2023-02-22 08:00:00,1839.71,1841.18,1832.93,1834.83,0
2023-02-22 09:00:00,1834.82,1836.26,1832.96,1833.96,0
2023-02-22 10:00:00,1833.96,1834.7,1832.13,1833.45,0
2023-02-22 11:00:00,1833.44,1839.71,1833.22,1838.9,0
2023-02-22 12:00:00,1838.98,1846.01,1838.22,1841.59,0
2023-02-22 13:00:00,1841.59,1841.87,1835.09,1838.64,0
2023-02-22 14:00:00,1838.56,1839.12,1834.42,1835.95,0
2023-02-22 15:00:00,1835.89,1838.43,1831.41,1836.07,0
2023-02-22 16:00:00,1836.04,1837.18,1832.63,1833.13,0
2023-02-22 17:00:00,1833.11,1834.44,1830.72,1833.19,0
2023-02-22 18:00:00,1833.2,1834.27,1829.42,1830.7,0
2023-02-22 19:00:00,1830.7,1833.74,1824.74,1824.99,0
2023-02-22 20:00:00,1825.09,1827.43,1823.57,1824.78,0
2023-02-22 21:00:00,1824.71,1826.51,1824.64,1825.2,0
2023-02-22 23:00:00,1825.48,1826.37,1824.9,1825.16,0
2023-02-23 00:00:00,1825.16,1825.72,1823.1,1824.54,0
2023-02-23 01:00:00,1824.53,1828.81,1824.52,1827.8,0
2023-02-23 02:00:00,1827.8,1829.89,1826.33,1829.68,0
2023-02-23 03:00:00,1829.68,1830.52,1826.98,1827.94,0
2023-02-23 04:00:00,1827.94,1829.92,1827.54,1829.9,0
2023-02-23 05:00:00,1829.82,1829.84,1827.59,1828.88,0
2023-02-23 06:00:00,1828.88,1833.8,1828.59,1832.1,0
2023-02-23 07:00:00,1832.0,1833.76,1828.74,1829.79,0
2023-02-23 08:00:00,1829.8,1829.8,1826.6,1826.69,0
2023-02-23 09:00:00,1826.7,1827.45,1825.66,1826.3,0
2023-02-23 10:00:00,1826.36,1827.3,1824.45,1826.52,0
2023-02-23 11:00:00,1826.52,1828.09,1823.94,1826.51,0
2023-02-23 12:00:00,1826.48,1828.4,1824.82,1826.88,0
2023-02-23 13:00:00,1826.84,1827.49,1817.46,1825.53,0
2023-02-23 14:00:00,1825.55,1830.12,1822.82,1828.17,0
2023-02-23 15:00:00,1828.12,1828.36,1820.3,1823.64,0
2023-02-23 16:00:00,1823.63,1823.63,1818.46,1819.99,0
2023-02-23 17:00:00,1820.03,1822.3,1819.03,1821.28,0
2023-02-23 18:00:00,1821.25,1823.76,1819.16,1822.68,0
2023-02-23 19:00:00,1822.68,1824.16,1822.54,1822.95,0
2023-02-23 20:00:00,1822.94,1824.09,1822.63,1823.42,0
2023-02-23 21:00:00,1823.52,1823.52,1822.16,1822.27,0
2023-02-23 23:00:00,1822.38,1823.52,1822.16,1823.2,0
2023-02-24 00:00:00,1823.25,1826.62,1823.04,1826.44,0
2023-02-24 01:00:00,1826.47,1827.22,1824.16,1826.08,0
2023-02-24 02:00:00,1826.06,1827.82,1824.38,1824.94,0
2023-02-24 03:00:00,1824.94,1827.61,1824.88,1825.76,0
2023-02-24 04:00:00,1825.76,1826.46,1824.88,1825.54,0
2023-02-24 05:00:00,1825.57,1825.72,1824.1,1824.63,0
2023-02-24 06:00:00,1824.63,1825.85,1823.33,1824.0,0
2023-02-24 07:00:00,1824.14,1826.34,1821.75,1822.09,0
2023-02-24 08:00:00,1822.07,1825.62,1819.78,1822.9,0
2023-02-24 09:00:00,1822.9,1825.55,1821.61,1821.61,0
2023-02-24 10:00:00,1821.61,1824.13,1821.11,1822.28,0
2023-02-24 11:00:00,1822.28,1823.09,1817.38,1819.14,0
2023-02-24 12:00:00,1819.18,1819.18,1815.21,1817.14,0
2023-02-24 13:00:00,1817.09,1818.18,1811.66,1815.64,0
2023-02-24 14:00:00,1815.86,1815.94,1809.0,1812.92,0
2023-02-24 15:00:00,1812.93,1815.23,1809.62,1810.69,0
2023-02-24 16:00:00,1810.76,1814.21,1809.55,1812.3,0
2023-02-24 17:00:00,1812.36,1812.69,1809.39,1809.91,0
2023-02-24 18:00:00,1809.92,1811.22,1808.98,1809.92,0
2023-02-24 19:00:00,1810.13,1811.45,1809.72,1810.98,0
2023-02-24 20:00:00,1810.84,1813.42,1810.58,1810.93,0
2023-02-24 21:00:00,1810.92,1811.82,1810.7,1810.75,0
2023-02-26 23:00:00,1812.02,1813.18,1811.27,1811.76,0
2023-02-27 00:00:00,1811.74,1813.95,1810.3,1813.53,0
2023-02-27 01:00:00,1813.46,1814.17,1812.15,1813.9,0
2023-02-27 02:00:00,1813.84,1813.99,1811.5,1811.78,0
2023-02-27 03:00:00,1811.78,1812.16,1806.72,1807.92,0
2023-02-27 04:00:00,1807.9,1809.99,1807.06,1809.29,0
2023-02-27 05:00:00,1809.22,1809.63,1807.43,1808.76,0
2023-02-27 06:00:00,1808.76,1811.7,1807.72,1808.04,0
2023-02-27 07:00:00,1808.02,1812.32,1807.18,1810.66,0
2023-02-27 08:00:00,1810.66,1813.75,1810.14,1810.14,0
2023-02-27 09:00:00,1810.1,1811.09,1808.42,1808.46,0
2023-02-27 10:00:00,1808.45,1811.44,1808.34,1810.61,0
2023-02-27 11:00:00,1810.57,1812.49,1810.26,1811.46,0
2023-02-27 12:00:00,1811.46,1813.36,1810.15,1811.43,0
2023-02-27 13:00:00,1811.43,1816.33,1810.14,1815.22,0
2023-02-27 14:00:00,1815.2,1818.83,1814.4,1817.88,0
2023-02-27 15:00:00,1817.88,1820.05,1813.83,1815.41,0
2023-02-27 16:00:00,1815.43,1817.17,1812.6,1816.97,0
2023-02-27 17:00:00,1816.99,1818.99,1816.44,1818.69,0
2023-02-27 18:00:00,1818.69,1820.17,1816.7,1818.82,0
2023-02-27 19:00:00,1818.94,1820.05,1817.05,1817.42,0
2023-02-27 20:00:00,1817.42,1818.08,1816.0,1817.26,0
2023-02-27 21:00:00,1817.27,1817.56,1816.44,1817.25,0
2023-02-27 23:00:00,1817.26,1817.78,1817.14,1817.23,0
2023-02-28 00:00:00,1817.23,1818.17,1816.14,1816.51,0
2023-02-28 01:00:00,1816.51,1818.1,1815.36,1817.32,0
2023-02-28 02:00:00,1817.32,1819.4,1816.57,1817.92,0
2023-02-28 03:00:00,1817.93,1817.98,1814.72,1814.92,0
2023-02-28 04:00:00,1814.92,1815.53,1813.84,1814.5,0
2023-02-28 05:00:00,1814.47,1814.61,1812.2,1813.39,0
2023-02-28 06:00:00,1813.38,1817.04,1812.68,1815.73,0
2023-02-28 07:00:00,1815.74,1815.93,1810.19,1810.51,0
2023-02-28 08:00:00,1810.62,1812.63,1804.75,1810.67,0
2023-02-28 09:00:00,1810.68,1813.06,1809.54,1810.38,0
2023-02-28 10:00:00,1810.54,1811.8,1808.07,1809.06,0
2023-02-28 11:00:00,1809.06,1810.83,1807.87,1809.09,0
2023-02-28 12:00:00,1809.02,1809.8,1807.85,1809.28,0
2023-02-28 13:00:00,1809.29,1814.22,1807.27,1814.04,0
2023-02-28 14:00:00,1814.07,1818.96,1813.03,1818.76,0
2023-02-28 15:00:00,1819.14,1826.73,1819.14,1824.1,0
2023-02-28 16:00:00,1824.1,1828.29,1824.01,1826.66,0
2023-02-28 17:00:00,1826.68,1831.16,1826.39,1829.31,0
2023-02-28 18:00:00,1829.31,1830.83,1828.01,1828.16,0
2023-02-28 19:00:00,1828.11,1830.4,1828.0,1829.01,0
2023-02-28 20:00:00,1829.02,1829.34,1826.3,1826.53,0
2023-02-28 21:00:00,1826.36,1827.5,1826.29,1826.5,0
2023-02-28 23:00:00,1826.98,1827.32,1825.38,1825.55,0
2023-03-01 00:00:00,1825.54,1825.74,1823.04,1823.45,0
2023-03-01 01:00:00,1823.51,1829.49,1823.26,1829.1,0
2023-03-01 02:00:00,1829.1,1829.28,1827.42,1827.76,0
2023-03-01 03:00:00,1827.67,1831.2,1827.54,1831.0,0
2023-03-01 04:00:00,1831.0,1831.7,1829.93,1830.08,0
2023-03-01 05:00:00,1830.08,1832.72,1829.88,1831.18,0
2023-03-01 06:00:00,1831.18,1836.7,1831.12,1834.75,0
2023-03-01 07:00:00,1834.8,1836.0,1831.28,1835.58,0
2023-03-01 08:00:00,1835.48,1835.95,1832.48,1835.95,0
2023-03-01 09:00:00,1835.85,1838.02,1830.46,1831.79,0
2023-03-01 10:00:00,1831.79,1835.04,1830.81,1834.94,0
2023-03-01 11:00:00,1834.94,1838.54,1834.42,1835.29,0
2023-03-01 12:00:00,1835.3,1840.62,1834.51,1840.62,0
2023-03-01 13:00:00,1840.52,1841.66,1833.9,1837.22,0
2023-03-01 14:00:00,1837.23,1844.46,1836.84,1842.2,0
2023-03-01 15:00:00,1842.14,1844.56,1833.52,1842.02,0
2023-03-01 16:00:00,1842.03,1842.21,1837.06,1841.45,0
2023-03-01 17:00:00,1841.42,1841.65,1836.67,1837.24,0
2023-03-01 18:00:00,1837.29,1839.16,1836.51,1838.49,0
2023-03-01 19:00:00,1838.49,1838.97,1837.4,1838.33,0
2023-03-01 20:00:00,1838.38,1839.0,1837.11,1837.36,0
2023-03-01 21:00:00,1837.3,1837.71,1836.51,1836.56,0
2023-03-01 23:00:00,1837.18,1838.48,1836.57,1836.58,0
2023-03-02 00:00:00,1836.45,1838.18,1835.52,1835.66,0
2023-03-02 01:00:00,1835.67,1835.99,1831.06,1833.16,0
2023-03-02 02:00:00,1833.2,1835.98,1832.72,1834.5,0
2023-03-02 03:00:00,1834.5,1834.9,1832.74,1833.42,0
2023-03-02 04:00:00,1833.4,1834.84,1833.25,1834.4,0
2023-03-02 05:00:00,1834.4,1834.81,1832.18,1833.53,0
2023-03-02 06:00:00,1833.53,1833.76,1831.92,1832.2,0
2023-03-02 07:00:00,1832.2,1833.78,1830.29,1831.59,0
2023-03-02 08:00:00,1831.62,1834.74,1829.98,1833.91,0
2023-03-02 09:00:00,1833.9,1835.28,1831.04,1831.97,0
2023-03-02 10:00:00,1831.81,1832.64,1830.46,1831.6,0
2023-03-02 11:00:00,1831.62,1837.29,1831.42,1836.68,0
2023-03-02 12:00:00,1836.68,1837.62,1830.99,1832.52,0
2023-03-02 13:00:00,1832.6,1834.84,1830.08,1832.24,0
2023-03-02 14:00:00,1832.22,1838.2,1832.0,1836.69,0
2023-03-02 15:00:00,1836.57,1838.95,1834.1,1836.67,0
2023-03-02 16:00:00,1836.7,1838.71,1835.97,1836.09,0
2023-03-02 17:00:00,1836.1,1836.29,1832.3,1833.77,0
2023-03-02 18:00:00,1833.8,1837.17,1832.85,1835.85,0
2023-03-02 19:00:00,1835.98,1836.85,1835.06,1835.63,0
2023-03-02 20:00:00,1835.61,1838.09,1834.96,1836.1,0
2023-03-02 21:00:00,1836.19,1836.56,1835.39,1835.6,0
2023-03-02 23:00:00,1836.18,1838.18,1836.14,1837.88,0
2023-03-03 00:00:00,1837.8,1840.54,1837.8,1839.42,0
2023-03-03 01:00:00,1839.42,1841.53,1838.14,1838.79,0
2023-03-03 02:00:00,1838.76,1841.12,1838.4,1838.66,0
2023-03-03 03:00:00,1838.66,1840.06,1838.12,1838.86,0
2023-03-03 04:00:00,1838.84,1839.44,1838.07,1838.47,0
2023-03-03 05:00:00,1838.44,1839.98,1837.86,1838.98,0
2023-03-03 06:00:00,1838.99,1844.43,1838.91,1843.27,0
2023-03-03 07:00:00,1843.2,1844.8,1842.0,1842.77,0
2023-03-03 08:00:00,1842.76,1845.76,1842.76,1844.35,0
2023-03-03 09:00:00,1844.2,1847.44,1844.2,1845.82,0
2023-03-03 10:00:00,1846.21,1847.84,1845.19,1846.9,0
2023-03-03 11:00:00,1846.79,1849.24,1846.27,1848.46,0
2023-03-03 12:00:00,1848.44,1848.67,1844.56,1845.78,0
2023-03-03 13:00:00,1845.95,1847.94,1844.8,1846.95,0
2023-03-03 14:00:00,1846.95,1848.19,1841.93,1843.53,0
2023-03-03 15:00:00,1842.0,1845.37,1839.02,1844.61,0
2023-03-03 16:00:00,1844.62,1848.33,1843.85,1847.81,0
2023-03-03 17:00:00,1847.78,1848.18,1845.78,1847.38,0
2023-03-03 18:00:00,1847.42,1850.13,1846.6,1850.08,0
2023-03-03 19:00:00,1850.13,1853.67,1849.0,1853.32,0
2023-03-03 20:00:00,1853.36,1856.3,1852.66,1855.22,0
2023-03-03 21:00:00,1855.07,1855.32,1853.78,1855.1,0
2023-03-05 23:00:00,1854.38,1854.52,1852.22,1852.38,0
2023-03-06 00:00:00,1852.38,1854.18,1851.44,1852.19,0
2023-03-06 01:00:00,1852.22,1853.68,1850.72,1852.62,0
2023-03-06 02:00:00,1852.6,1854.7,1851.03,1853.74,0
2023-03-06 03:00:00,1853.76,1855.82,1853.44,1854.97,0
2023-03-06 04:00:00,1854.97,1856.5,1853.88,1854.0,0
2023-03-06 05:00:00,1854.02,1855.44,1853.44,1854.26,0
2023-03-06 06:00:00,1854.26,1855.46,1853.0,1853.48,0
2023-03-06 07:00:00,1853.42,1858.24,1852.78,1856.3,0
2023-03-06 08:00:00,1856.18,1857.22,1852.44,1853.43,0
2023-03-06 09:00:00,1853.42,1854.98,1850.6,1851.45,0
2023-03-06 10:00:00,1851.45,1853.06,1849.94,1850.14,0
2023-03-06 11:00:00,1850.17,1850.89,1847.27,1848.5,0
2023-03-06 12:00:00,1848.5,1852.5,1848.07,1852.26,0
2023-03-06 13:00:00,1852.31,1853.29,1850.22,1851.48,0
2023-03-06 14:00:00,1851.51,1853.82,1850.56,1851.92,0
2023-03-06 15:00:00,1851.86,1853.98,1849.33,1851.05,0
2023-03-06 16:00:00,1851.01,1852.47,1849.45,1851.67,0
2023-03-06 17:00:00,1851.66,1852.78,1848.43,1850.39,0
2023-03-06 18:00:00,1850.41,1850.41,1846.48,1847.12,0
2023-03-06 19:00:00,1847.12,1847.22,1845.15,1846.2,0
2023-03-06 20:00:00,1846.18,1847.29,1845.69,1846.7,0
2023-03-06 21:00:00,1846.64,1847.17,1846.09,1846.61,0
2023-03-06 23:00:00,1846.01,1847.09,1845.94,1846.35,0
2023-03-07 00:00:00,1846.33,1846.35,1844.15,1845.92,0
2023-03-07 01:00:00,1845.94,1848.44,1844.91,1847.85,0
2023-03-07 02:00:00,1847.84,1850.5,1847.24,1849.15,0
2023-03-07 03:00:00,1849.19,1849.2,1846.64,1847.61,0
2023-03-07 04:00:00,1847.59,1848.82,1847.09,1847.31,0
2023-03-07 05:00:00,1847.3,1849.49,1847.0,1847.5,0
2023-03-07 06:00:00,1847.5,1848.51,1846.84,1846.84,0
2023-03-07 07:00:00,1846.77,1851.66,1845.41,1848.51,0
2023-03-07 08:00:00,1848.5,1849.65,1845.95,1846.4,0
2023-03-07 09:00:00,1846.4,1847.01,1843.42,1843.82,0
2023-03-07 10:00:00,1843.82,1844.32,1842.74,1842.98,0
2023-03-07 11:00:00,1843.02,1843.99,1840.96,1842.05,0
2023-03-07 12:00:00,1842.05,1842.05,1838.93,1839.67,0
2023-03-07 13:00:00,1839.65,1840.21,1833.42,1835.49,0
2023-03-07 14:00:00,1835.42,1835.52,1829.92,1831.83,0
2023-03-07 15:00:00,1831.69,1831.8,1815.73,1818.03,0
2023-03-07 16:00:00,1817.83,1821.11,1816.82,1820.02,0
2023-03-07 17:00:00,1820.07,1823.12,1816.92,1817.11,0
2023-03-07 18:00:00,1817.13,1818.14,1812.93,1814.53,0
2023-03-07 19:00:00,1814.51,1815.74,1812.76,1813.94,0
2023-03-07 20:00:00,1814.01,1816.02,1813.86,1814.01,0
2023-03-07 21:00:00,1813.97,1814.95,1813.04,1813.05,0
2023-03-07 23:00:00,1813.83,1814.45,1813.3,1813.97,0
2023-03-08 00:00:00,1813.98,1814.16,1812.32,1813.37,0
2023-03-08 01:00:00,1813.38,1814.13,1811.38,1812.26,0
2023-03-08 02:00:00,1812.26,1812.99,1810.68,1811.06,0
2023-03-08 03:00:00,1811.03,1811.58,1809.38,1809.85,0
2023-03-08 04:00:00,1809.86,1811.75,1809.86,1811.55,0
2023-03-08 05:00:00,1811.55,1813.0,1810.48,1812.12,0
2023-03-08 06:00:00,1812.12,1814.02,1811.51,1813.96,0
2023-03-08 07:00:00,1813.95,1815.02,1812.89,1814.25,0
2023-03-08 08:00:00,1814.24,1815.19,1813.24,1813.41,0
2023-03-08 09:00:00,1813.38,1815.2,1812.93,1813.75,0
2023-03-08 10:00:00,1813.73,1814.88,1812.44,1814.17,0
2023-03-08 11:00:00,1814.21,1816.73,1814.0,1815.09,0
2023-03-08 12:00:00,1815.12,1815.93,1813.39,1815.18,0
2023-03-08 13:00:00,1815.14,1815.27,1812.19,1813.68,0
2023-03-08 14:00:00,1813.67,1821.58,1812.98,1820.51,0
2023-03-08 15:00:00,1820.73,1824.26,1816.0,1820.72,0
2023-03-08 16:00:00,1820.74,1821.88,1817.36,1817.72,0
2023-03-08 17:00:00,1817.75,1818.31,1815.24,1815.64,0
2023-03-08 18:00:00,1815.64,1816.17,1813.33,1814.59,0
2023-03-08 19:00:00,1814.57,1816.4,1814.41,1816.28,0
2023-03-08 20:00:00,1816.32,1816.37,1812.96,1813.42,0
2023-03-08 21:00:00,1813.42,1814.59,1813.17,1813.72,0
2023-03-08 23:00:00,1814.14,1815.42,1813.96,1815.3,0
2023-03-09 00:00:00,1815.32,1816.44,1814.81,1815.82,0
2023-03-09 01:00:00,1815.8,1816.45,1812.19,1812.29,0
2023-03-09 02:00:00,1812.25,1814.07,1811.9,1813.15,0
2023-03-09 03:00:00,1813.15,1813.96,1812.68,1813.74,0
2023-03-09 04:00:00,1813.74,1814.6,1812.69,1814.32,0
2023-03-09 05:00:00,1814.32,1816.11,1813.85,1815.05,0
2023-03-09 06:00:00,1815.06,1815.65,1813.07,1813.4,0
2023-03-09 07:00:00,1813.35,1815.6,1812.74,1814.83,0
2023-03-09 08:00:00,1814.83,1819.07,1813.7,1817.15,0
2023-03-09 09:00:00,1817.16,1819.18,1816.24,1817.05,0
2023-03-09 10:00:00,1817.25,1818.38,1816.68,1818.08,0
2023-03-09 11:00:00,1818.08,1820.4,1817.91,1818.73,0
2023-03-09 12:00:00,1818.73,1819.5,1817.2,1817.93,0
2023-03-09 13:00:00,1817.93,1825.32,1815.49,1825.16,0
2023-03-09 14:00:00,1825.16,1831.91,1823.96,1831.42,0
2023-03-09 15:00:00,1831.43,1835.62,1828.22,1828.71,0
2023-03-09 16:00:00,1828.72,1830.41,1825.86,1826.01,0
2023-03-09 17:00:00,1826.02,1829.56,1825.62,1829.31,0
2023-03-09 18:00:00,1829.17,1835.02,1828.25,1835.02,0
2023-03-09 19:00:00,1834.88,1834.99,1830.42,1830.6,0
2023-03-09 20:00:00,1830.62,1831.72,1829.03,1830.58,0
2023-03-09 21:00:00,1830.59,1832.23,1830.49,1830.77,0
2023-03-09 23:00:00,1831.28,1832.32,1830.71,1831.54,0
2023-03-10 00:00:00,1831.54,1834.87,1831.33,1834.06,0
2023-03-10 01:00:00,1834.06,1834.14,1830.12,1831.05,0
2023-03-10 02:00:00,1831.02,1833.16,1828.12,1829.56,0
2023-03-10 03:00:00,1829.47,1830.13,1828.23,1829.19,0
2023-03-10 04:00:00,1829.2,1830.26,1827.79,1829.8,0
2023-03-10 05:00:00,1829.8,1831.29,1828.56,1830.97,0
2023-03-10 06:00:00,1830.98,1832.8,1830.24,1830.7,0
2023-03-10 07:00:00,1830.76,1834.68,1830.7,1833.54,0
2023-03-10 08:00:00,1833.54,1837.42,1832.34,1835.16,0
2023-03-10 09:00:00,1835.05,1836.9,1831.66,1831.66,0
2023-03-10 10:00:00,1831.64,1835.13,1830.94,1832.81,0
2023-03-10 11:00:00,1832.78,1836.92,1832.21,1835.0,0
2023-03-10 12:00:00,1835.02,1837.36,1833.81,1836.67,0
2023-03-10 13:00:00,1836.64,1844.99,1831.71,1842.52,0
2023-03-10 14:00:00,1842.48,1860.28,1840.01,1858.39,0
2023-03-10 15:00:00,1858.47,1867.34,1857.73,1863.06,0
2023-03-10 16:00:00,1863.09,1864.06,1854.19,1855.32,0
2023-03-10 17:00:00,1855.4,1865.13,1855.0,1864.23,0
2023-03-10 18:00:00,1864.21,1865.44,1860.91,1862.87,0
2023-03-10 19:00:00,1862.88,1864.96,1860.97,1863.9,0
2023-03-10 20:00:00,1863.88,1870.07,1863.6,1869.72,0
2023-03-10 21:00:00,1869.85,1870.19,1866.43,1867.14,0
2023-03-12 23:00:00,1883.62,1894.39,1878.54,1883.92,0
2023-03-13 00:00:00,1884.4,1889.38,1875.86,1877.79,0
2023-03-13 01:00:00,1877.79,1882.17,1875.21,1877.0,0
2023-03-13 02:00:00,1877.02,1879.6,1872.12,1873.06,0
2023-03-13 03:00:00,1873.03,1888.92,1872.5,1886.88,0
2023-03-13 04:00:00,1886.85,1887.04,1882.34,1882.62,0
2023-03-13 05:00:00,1882.64,1883.74,1881.42,1881.49,0
2023-03-13 06:00:00,1881.49,1881.88,1877.06,1877.92,0
2023-03-13 07:00:00,1877.9,1882.29,1873.38,1873.51,0
2023-03-13 08:00:00,1873.52,1878.06,1871.51,1876.24,0
2023-03-13 09:00:00,1876.24,1886.15,1875.48,1885.51,0
2023-03-13 10:00:00,1885.56,1893.81,1884.32,1886.0,0
2023-03-13 11:00:00,1885.96,1888.47,1881.38,1884.24,0
2023-03-13 12:00:00,1884.23,1891.85,1880.92,1889.62,0
2023-03-13 13:00:00,1889.71,1902.84,1887.34,1899.38,0
2023-03-13 14:00:00,1899.42,1909.8,1893.58,1896.74,0
2023-03-13 15:00:00,1896.58,1912.94,1896.28,1910.77,0
2023-03-13 16:00:00,1910.74,1913.11,1902.99,1904.95,0
2023-03-13 17:00:00,1904.83,1909.7,1903.41,1909.1,0
2023-03-13 18:00:00,1909.2,1912.45,1908.56,1909.79,0
2023-03-13 19:00:00,1909.74,1913.14,1908.09,1911.74,0
2023-03-13 20:00:00,1911.6,1914.6,1907.98,1913.34,0
2023-03-13 21:00:00,1913.32,1914.12,1911.74,1913.56,0
2023-03-13 23:00:00,1912.75,1912.75,1909.99,1910.15,0
2023-03-14 00:00:00,1910.15,1912.47,1909.97,1912.12,0
2023-03-14 01:00:00,1912.1,1914.1,1910.2,1912.44,0
2023-03-14 02:00:00,1912.39,1912.82,1905.34,1906.12,0
2023-03-14 03:00:00,1906.04,1907.96,1904.08,1904.42,0
2023-03-14 04:00:00,1904.44,1907.03,1902.55,1902.95,0
2023-03-14 05:00:00,1902.94,1904.32,1901.64,1904.26,0
2023-03-14 06:00:00,1904.19,1904.48,1901.52,1904.06,0
2023-03-14 07:00:00,1904.02,1913.53,1903.79,1909.61,0
2023-03-14 08:00:00,1910.05,1913.11,1908.82,1912.66,0
2023-03-14 09:00:00,1912.6,1913.34,1900.81,1904.34,0
2023-03-14 10:00:00,1904.47,1904.93,1900.85,1901.18,0
2023-03-14 11:00:00,1901.22,1904.6,1900.9,1903.75,0
2023-03-14 12:00:00,1903.7,1904.78,1902.81,1904.2,0
2023-03-14 13:00:00,1904.22,1911.91,1900.46,1910.04,0
2023-03-14 14:00:00,1910.03,1910.83,1895.43,1902.37,0
2023-03-14 15:00:00,1902.37,1907.9,1900.2,1907.6,0
2023-03-14 16:00:00,1907.63,1908.78,1904.03,1904.17,0
2023-03-14 17:00:00,1904.12,1909.16,1902.26,1908.71,0
2023-03-14 18:00:00,1908.72,1910.15,1905.46,1906.79,0
2023-03-14 19:00:00,1906.8,1909.72,1906.18,1906.82,0
2023-03-14 20:00:00,1906.84,1907.84,1902.28,1902.49,0
2023-03-14 21:00:00,1902.53,1904.29,1902.51,1903.86,0
2023-03-14 23:00:00,1904.16,1904.94,1904.0,1904.2,0
2023-03-15 00:00:00,1904.24,1904.69,1903.0,1903.09,0
2023-03-15 01:00:00,1903.09,1903.26,1899.96,1901.72,0
2023-03-15 02:00:00,1901.68,1905.19,1901.5,1903.66,0
2023-03-15 03:00:00,1903.67,1905.64,1903.44,1904.6,0
2023-03-15 04:00:00,1904.6,1905.08,1902.39,1902.84,0
2023-03-15 05:00:00,1902.86,1903.45,1900.92,1901.84,0
2023-03-15 06:00:00,1901.87,1902.07,1899.14,1900.18,0
2023-03-15 07:00:00,1900.18,1902.4,1898.65,1900.45,0
2023-03-15 08:00:00,1900.75,1902.36,1896.3,1896.47,0
2023-03-15 09:00:00,1896.47,1896.82,1885.7,1887.6,0
2023-03-15 10:00:00,1887.6,1898.64,1886.64,1896.4,0
2023-03-15 11:00:00,1896.38,1909.81,1896.19,1908.7,0
2023-03-15 12:00:00,1908.64,1918.96,1905.19,1918.06,0
2023-03-15 13:00:00,1918.0,1930.16,1917.0,1927.82,0
2023-03-15 14:00:00,1927.66,1930.34,1917.42,1926.07,0
2023-03-15 15:00:00,1926.08,1926.94,1917.55,1924.36,0
2023-03-15 16:00:00,1924.37,1927.25,1921.6,1927.12,0
2023-03-15 17:00:00,1927.08,1937.39,1925.05,1933.55,0
2023-03-15 18:00:00,1933.54,1937.09,1921.83,1924.39,0
2023-03-15 19:00:00,1924.35,1926.28,1909.14,1915.62,0
2023-03-15 20:00:00,1915.79,1921.52,1914.9,1916.76,0
2023-03-15 21:00:00,1916.6,1918.51,1916.13,1918.01,0
2023-03-15 23:00:00,1918.74,1921.33,1918.7,1920.3,0
2023-03-16 00:00:00,1920.3,1922.89,1920.0,1921.22,0
2023-03-16 01:00:00,1921.32,1924.38,1913.24,1913.54,0
2023-03-16 02:00:00,1913.4,1915.33,1907.52,1911.11,0
2023-03-16 03:00:00,1911.11,1911.8,1909.41,1911.47,0
2023-03-16 04:00:00,1911.46,1914.96,1910.69,1913.23,0
2023-03-16 05:00:00,1913.2,1914.9,1912.75,1913.36,0
2023-03-16 06:00:00,1913.31,1920.24,1912.3,1919.9,0
2023-03-16 07:00:00,1919.92,1920.38,1914.52,1916.62,0
2023-03-16 08:00:00,1916.64,1920.63,1912.43,1916.72,0
2023-03-16 09:00:00,1916.83,1922.53,1915.78,1919.07,0
2023-03-16 10:00:00,1919.11,1922.21,1917.64,1921.88,0
2023-03-16 11:00:00,1921.92,1923.06,1918.68,1922.67,0
2023-03-16 12:00:00,1922.62,1927.07,1922.22,1926.95,0
2023-03-16 13:00:00,1926.95,1931.84,1924.45,1930.39,0
2023-03-16 14:00:00,1930.42,1933.44,1923.36,1923.81,0
2023-03-16 15:00:00,1923.94,1932.45,1919.76,1922.6,0
2023-03-16 16:00:00,1922.56,1924.31,1913.36,1918.77,0
2023-03-16 17:00:00,1918.75,1920.48,1914.42,1915.0,0
2023-03-16 18:00:00,1914.92,1919.87,1914.66,1916.33,0
2023-03-16 19:00:00,1916.44,1921.06,1916.32,1918.41,0
2023-03-16 20:00:00,1918.42,1921.22,1918.3,1920.6,0
2023-03-16 21:00:00,1920.52,1920.8,1918.55,1919.34,0
2023-03-16 23:00:00,1919.72,1920.62,1919.22,1920.06,0
2023-03-17 00:00:00,1920.06,1922.09,1919.57,1921.37,0
2023-03-17 01:00:00,1921.39,1922.4,1918.42,1919.58,0
2023-03-17 02:00:00,1919.58,1922.84,1918.23,1922.84,0
2023-03-17 03:00:00,1922.82,1928.91,1922.08,1927.42,0
2023-03-17 04:00:00,1927.42,1929.74,1927.1,1927.72,0
2023-03-17 05:00:00,1927.72,1931.04,1927.28,1930.95,0
2023-03-17 06:00:00,1931.0,1932.82,1929.07,1929.49,0
2023-03-17 07:00:00,1929.38,1934.35,1928.02,1932.44,0
2023-03-17 08:00:00,1932.42,1933.8,1929.09,1930.37,0
2023-03-17 09:00:00,1930.46,1931.54,1927.32,1928.71,0
2023-03-17 10:00:00,1928.71,1932.93,1928.12,1932.26,0
2023-03-17 11:00:00,1932.29,1933.5,1929.68,1930.66,0
2023-03-17 12:00:00,1930.62,1937.14,1929.29,1935.05,0
2023-03-17 13:00:00,1935.29,1946.12,1934.94,1944.96,0
2023-03-17 14:00:00,1944.97,1952.16,1944.39,1950.72,0
2023-03-17 15:00:00,1950.72,1964.99,1949.76,1962.28,0
2023-03-17 16:00:00,1962.38,1964.55,1955.74,1959.3,0
2023-03-17 17:00:00,1959.33,1962.38,1955.31,1961.78,0
2023-03-17 18:00:00,1961.8,1975.22,1961.47,1972.94,0
2023-03-17 19:00:00,1972.89,1987.79,1970.38,1983.72,0
2023-03-17 20:00:00,1983.61,1984.68,1973.75,1976.28,0
2023-03-17 21:00:00,1976.38,1987.88,1975.32,1987.68,0
2023-03-19 23:00:00,1987.69,1988.49,1975.05,1977.35,0
2023-03-20 00:00:00,1977.39,1979.59,1975.9,1977.03,0
2023-03-20 01:00:00,1977.25,1978.48,1971.93,1972.16,0
2023-03-20 02:00:00,1972.16,1972.68,1968.16,1969.67,0
2023-03-20 03:00:00,1969.71,1975.5,1969.23,1974.84,0
2023-03-20 04:00:00,1974.78,1975.44,1972.53,1973.3,0
2023-03-20 05:00:00,1973.3,1975.45,1973.11,1974.86,0
2023-03-20 06:00:00,1974.86,1988.6,1974.44,1988.07,0
2023-03-20 07:00:00,1988.15,1993.28,1981.88,1988.69,0
2023-03-20 08:00:00,1988.82,2009.8,1988.82,2003.52,0
2023-03-20 09:00:00,2003.48,2006.14,1995.61,1996.38,0
2023-03-20 10:00:00,1996.37,1999.48,1983.94,1984.95,0
2023-03-20 11:00:00,1984.77,1988.62,1973.92,1980.7,0
2023-03-20 12:00:00,1980.68,1985.96,1979.15,1983.85,0
2023-03-20 13:00:00,1983.88,1986.6,1972.5,1974.5,0
2023-03-20 14:00:00,1974.68,1984.88,1974.68,1978.04,0
2023-03-20 15:00:00,1978.12,1978.28,1965.88,1970.69,0
2023-03-20 16:00:00,1970.73,1973.88,1967.21,1973.84,0
2023-03-20 17:00:00,1973.78,1980.96,1973.0,1974.82,0
2023-03-20 18:00:00,1974.82,1979.15,1974.16,1977.58,0
2023-03-20 19:00:00,1977.63,1984.08,1976.24,1983.73,0
2023-03-20 20:00:00,1983.89,1984.34,1977.12,1977.24,0
2023-03-20 21:00:00,1977.46,1979.51,1977.46,1978.64,0
2023-03-20 23:00:00,1979.09,1980.08,1978.23,1978.38,0
2023-03-21 00:00:00,1978.36,1979.01,1976.34,1976.61,0
2023-03-21 01:00:00,1976.71,1982.62,1975.42,1980.44,0
2023-03-21 02:00:00,1980.43,1982.87,1979.28,1980.18,0
2023-03-21 03:00:00,1980.2,1984.44,1979.2,1983.24,0
2023-03-21 04:00:00,1983.19,1985.15,1981.94,1983.86,0
2023-03-21 05:00:00,1983.87,1983.87,1981.04,1981.38,0
2023-03-21 06:00:00,1981.38,1982.86,1980.02,1982.54,0
2023-03-21 07:00:00,1982.48,1983.27,1971.87,1973.4,0
2023-03-21 08:00:00,1973.38,1978.83,1970.32,1970.32,0
2023-03-21 09:00:00,1970.28,1970.92,1963.0,1966.39,0
2023-03-21 10:00:00,1966.35,1969.84,1965.42,1969.02,0
2023-03-21 11:00:00,1969.04,1969.49,1964.36,1968.72,0
2023-03-21 12:00:00,1968.7,1969.39,1965.82,1966.35,0
2023-03-21 13:00:00,1966.4,1967.1,1960.57,1963.62,0
2023-03-21 14:00:00,1963.65,1965.82,1952.14,1952.97,0
2023-03-21 15:00:00,1952.99,1954.94,1945.28,1953.16,0
2023-03-21 16:00:00,1952.85,1953.25,1943.32,1948.16,0
2023-03-21 17:00:00,1948.11,1948.98,1940.18,1944.29,0
2023-03-21 18:00:00,1944.32,1944.82,1936.64,1941.56,0
2023-03-21 19:00:00,1941.57,1942.15,1935.45,1936.64,0
2023-03-21 20:00:00,1936.7,1940.68,1936.06,1940.15,0
2023-03-21 21:00:00,1940.21,1940.76,1939.3,1940.53,0
2023-03-21 23:00:00,1939.32,1942.51,1939.32,1941.18,0
2023-03-22 00:00:00,1941.31,1943.98,1941.13,1943.16,0
2023-03-22 01:00:00,1943.18,1944.76,1942.38,1943.52,0
2023-03-22 02:00:00,1943.52,1946.28,1942.92,1943.92,0
2023-03-22 03:00:00,1943.89,1943.89,1938.97,1939.48,0
2023-03-22 04:00:00,1939.52,1941.9,1938.17,1939.69,0
2023-03-22 05:00:00,1939.61,1940.08,1937.92,1939.32,0
2023-03-22 06:00:00,1939.35,1941.17,1938.08,1939.8,0
2023-03-22 07:00:00,1939.8,1943.59,1939.08,1942.42,0
2023-03-22 08:00:00,1942.4,1942.86,1934.27,1939.86,0
2023-03-22 09:00:00,1939.67,1945.32,1939.67,1941.94,0
2023-03-22 10:00:00,1942.03,1945.65,1941.93,1944.15,0
2023-03-22 11:00:00,1944.14,1945.39,1940.26,1942.64,0
2023-03-22 12:00:00,1942.6,1943.49,1939.78,1942.46,0
2023-03-22 13:00:00,1942.37,1943.47,1937.12,1937.54,0
2023-03-22 14:00:00,1937.51,1944.43,1937.41,1942.86,0
2023-03-22 15:00:00,1942.91,1951.68,1942.55,1950.72,0
2023-03-22 16:00:00,1950.65,1951.96,1946.64,1947.32,0
2023-03-22 17:00:00,1947.32,1949.85,1945.71,1949.11,0
2023-03-22 18:00:00,1949.06,1950.82,1944.87,1945.81,0
2023-03-22 19:00:00,1950.84,1978.86,1948.87,1971.02,0
2023-03-22 20:00:00,1970.97,1975.3,1954.2,1972.66,0
2023-03-22 21:00:00,1972.89,1975.12,1966.92,1969.79,0
2023-03-22 23:00:00,1968.92,1968.92,1964.59,1965.52,0
2023-03-23 00:00:00,1965.69,1970.29,1965.69,1969.66,0
2023-03-23 01:00:00,1969.84,1973.79,1969.61,1972.89,0
2023-03-23 02:00:00,1972.88,1973.18,1966.4,1969.12,0
2023-03-23 03:00:00,1969.05,1976.15,1968.91,1975.31,0
2023-03-23 04:00:00,1975.3,1977.66,1973.41,1976.86,0
2023-03-23 05:00:00,1976.84,1978.19,1974.96,1977.74,0
2023-03-23 06:00:00,1977.78,1980.94,1976.12,1977.15,0
2023-03-23 07:00:00,1977.14,1983.54,1976.66,1978.22,0
2023-03-23 08:00:00,1978.26,1983.64,1974.92,1976.89,0
2023-03-23 09:00:00,1976.89,1978.9,1974.26,1976.53,0
2023-03-23 10:00:00,1976.53,1978.86,1974.99,1978.12,0
2023-03-23 11:00:00,1978.19,1980.68,1976.32,1977.74,0
2023-03-23 12:00:00,1977.71,1978.7,1975.58,1978.39,0
2023-03-23 13:00:00,1978.39,1980.37,1966.66,1971.96,0
2023-03-23 14:00:00,1971.98,1985.0,1971.35,1984.04,0
2023-03-23 15:00:00,1984.04,1984.46,1979.01,1979.15,0
2023-03-23 16:00:00,1979.04,1987.09,1977.76,1984.11,0
2023-03-23 17:00:00,1984.12,1995.22,1982.78,1994.28,0
2023-03-23 18:00:00,1994.24,1999.66,1990.83,1999.58,0
2023-03-23 19:00:00,1999.58,2003.34,1992.64,1993.43,0
2023-03-23 20:00:00,1993.47,1999.2,1988.09,1997.72,0
2023-03-23 21:00:00,1997.8,1998.88,1992.59,1993.97,0
2023-03-23 23:00:00,1993.18,1993.74,1990.18,1992.0,0
2023-03-24 00:00:00,1991.96,1993.17,1990.62,1991.32,0
2023-03-24 01:00:00,1991.31,1994.58,1989.75,1993.81,0
2023-03-24 02:00:00,1993.8,1994.91,1990.3,1990.76,0
2023-03-24 03:00:00,1990.8,1993.4,1990.5,1991.69,0
2023-03-24 04:00:00,1991.68,1993.5,1989.75,1992.84,0
2023-03-24 05:00:00,1992.86,1993.24,1991.21,1993.22,0
2023-03-24 06:00:00,1993.18,1993.31,1989.37,1990.52,0
2023-03-24 07:00:00,1990.5,1990.98,1985.26,1986.04,0
2023-03-24 08:00:00,1986.03,1990.2,1986.01,1989.51,0
2023-03-24 09:00:00,1989.37,1992.89,1981.29,1985.5,0
2023-03-24 10:00:00,1985.5,1994.86,1985.5,1994.43,0
2023-03-24 11:00:00,1994.42,2000.32,1992.6,1993.8,0
2023-03-24 12:00:00,1993.83,1996.08,1990.72,1995.84,0
2023-03-24 13:00:00,1995.78,2003.04,1993.28,1998.95,0
2023-03-24 14:00:00,1999.04,2001.88,1988.64,1989.58,0
2023-03-24 15:00:00,1989.5,1998.36,1985.99,1994.49,0
2023-03-24 16:00:00,1994.49,1995.75,1987.11,1987.36,0
2023-03-24 17:00:00,1987.06,1990.59,1983.9,1986.86,0
2023-03-24 18:00:00,1986.81,1987.23,1975.66,1979.8,0
2023-03-24 19:00:00,1979.84,1979.95,1975.28,1978.38,0
2023-03-24 20:00:00,1978.24,1979.64,1975.84,1976.02,0
2023-03-24 21:00:00,1975.97,1979.36,1975.24,1978.55,0
2023-03-26 23:00:00,1978.94,1979.3,1969.3,1973.92,0
2023-03-27 00:00:00,1973.93,1976.8,1973.1,1975.77,0
2023-03-27 01:00:00,1975.64,1976.18,1972.61,1973.7,0
2023-03-27 02:00:00,1973.74,1978.71,1972.12,1974.45,0
2023-03-27 03:00:00,1974.44,1977.1,1973.52,1976.9,0
2023-03-27 04:00:00,1976.83,1977.03,1974.51,1974.68,0
2023-03-27 05:00:00,1974.64,1975.55,1973.33,1973.72,0
2023-03-27 06:00:00,1973.76,1973.96,1969.36,1970.13,0
2023-03-27 07:00:00,1969.96,1971.84,1966.66,1969.68,0
2023-03-27 08:00:00,1969.61,1972.63,1965.91,1970.85,0
2023-03-27 09:00:00,1970.76,1972.2,1967.3,1968.35,0
2023-03-27 10:00:00,1968.34,1968.7,1955.97,1956.09,0
2023-03-27 11:00:00,1956.01,1957.31,1948.24,1949.81,0
2023-03-27 12:00:00,1949.8,1955.09,1949.24,1954.2,0
2023-03-27 13:00:00,1954.08,1958.19,1944.42,1945.72,0
2023-03-27 14:00:00,1945.71,1950.88,1944.06,1949.16,0
2023-03-27 15:00:00,1949.84,1956.75,1945.87,1954.27,0
2023-03-27 16:00:00,1954.24,1958.71,1953.22,1956.89,0
2023-03-27 17:00:00,1956.98,1959.44,1954.67,1955.89,0
2023-03-27 18:00:00,1955.86,1956.28,1950.77,1952.74,0
2023-03-27 19:00:00,1952.79,1956.75,1952.68,1956.05,0
2023-03-27 20:00:00,1956.04,1958.22,1955.55,1956.9,0
2023-03-27 21:00:00,1957.13,1957.6,1955.71,1956.35,0
2023-03-27 23:00:00,1956.82,1958.1,1956.42,1957.16,0
2023-03-28 00:00:00,1957.27,1958.32,1957.15,1958.11,0
2023-03-28 01:00:00,1958.11,1960.79,1957.7,1959.36,0
2023-03-28 02:00:00,1959.44,1964.06,1959.04,1962.64,0
2023-03-28 03:00:00,1962.7,1962.71,1959.28,1960.26,0
2023-03-28 04:00:00,1960.27,1961.16,1958.94,1959.7,0
2023-03-28 05:00:00,1959.65,1960.11,1957.41,1957.8,0
2023-03-28 06:00:00,1957.76,1960.9,1956.76,1959.5,0
2023-03-28 07:00:00,1959.56,1959.56,1953.17,1954.98,0
2023-03-28 08:00:00,1954.91,1956.87,1951.96,1953.94,0
2023-03-28 09:00:00,1953.92,1955.93,1949.83,1950.33,0
2023-03-28 10:00:00,1950.37,1953.93,1949.16,1953.81,0
2023-03-28 11:00:00,1953.72,1957.35,1953.5,1956.75,0
2023-03-28 12:00:00,1956.75,1958.6,1955.74,1957.04,0
2023-03-28 13:00:00,1957.14,1967.45,1957.01,1965.32,0
2023-03-28 14:00:00,1965.32,1966.04,1960.79,1963.28,0
2023-03-28 15:00:00,1963.28,1969.94,1958.98,1969.2,0
2023-03-28 16:00:00,1969.3,1969.9,1966.12,1966.68,0
2023-03-28 17:00:00,1966.72,1969.33,1965.72,1969.06,0
2023-03-28 18:00:00,1969.07,1975.07,1968.88,1974.53,0
2023-03-28 19:00:00,1974.61,1975.15,1971.16,1973.24,0
2023-03-28 20:00:00,1973.24,1975.28,1972.54,1973.45,0
2023-03-28 21:00:00,1973.45,1974.16,1971.63,1973.52,0
2023-03-28 23:00:00,1973.38,1974.39,1972.54,1973.14,0
2023-03-29 00:00:00,1973.0,1973.76,1971.46,1971.96,0
2023-03-29 01:00:00,1972.02,1972.84,1969.99,1970.44,0
2023-03-29 02:00:00,1970.44,1971.9,1966.91,1969.12,0
2023-03-29 03:00:00,1969.01,1970.3,1967.48,1968.39,0
2023-03-29 04:00:00,1968.42,1969.23,1965.82,1966.48,0
2023-03-29 05:00:00,1966.49,1968.92,1965.88,1966.27,0
2023-03-29 06:00:00,1966.32,1967.68,1963.06,1963.08,0
2023-03-29 07:00:00,1963.08,1963.6,1960.19,1962.14,0
2023-03-29 08:00:00,1962.14,1964.78,1958.73,1961.73,0
2023-03-29 09:00:00,1961.73,1964.54,1960.82,1964.34,0
2023-03-29 10:00:00,1964.32,1968.1,1964.32,1967.46,0
2023-03-29 11:00:00,1967.34,1969.23,1965.84,1967.8,0
2023-03-29 12:00:00,1967.82,1968.52,1963.31,1966.72,0
2023-03-29 13:00:00,1966.73,1968.7,1962.53,1964.85,0
2023-03-29 14:00:00,1965.01,1968.17,1961.1,1965.66,0
2023-03-29 15:00:00,1965.68,1971.73,1963.32,1969.19,0
2023-03-29 16:00:00,1969.19,1969.41,1960.72,1961.88,0
2023-03-29 17:00:00,1961.92,1965.63,1961.63,1965.05,0
2023-03-29 18:00:00,1965.05,1969.21,1963.49,1969.06,0
2023-03-29 19:00:00,1969.05,1969.13,1966.67,1966.93,0
2023-03-29 20:00:00,1966.84,1966.84,1961.12,1963.14,0
2023-03-29 21:00:00,1963.44,1964.68,1962.72,1964.37,0
2023-03-29 23:00:00,1963.44,1964.97,1963.32,1964.42,0
2023-03-30 00:00:00,1964.4,1964.46,1962.92,1963.26,0
2023-03-30 01:00:00,1963.31,1963.58,1960.85,1961.47,0
2023-03-30 02:00:00,1961.47,1962.03,1955.36,1959.08,0
2023-03-30 03:00:00,1959.06,1960.3,1958.01,1958.43,0
2023-03-30 04:00:00,1958.4,1960.88,1957.63,1959.58,0
2023-03-30 05:00:00,1959.64,1961.38,1958.95,1960.84,0
2023-03-30 06:00:00,1960.85,1965.48,1960.28,1964.64,0
2023-03-30 07:00:00,1964.54,1969.47,1963.84,1968.85,0
2023-03-30 08:00:00,1968.81,1971.52,1966.12,1966.73,0
2023-03-30 09:00:00,1966.67,1968.6,1964.88,1967.93,0
2023-03-30 10:00:00,1967.86,1968.56,1967.03,1967.44,0
2023-03-30 11:00:00,1967.44,1971.01,1967.0,1968.91,0
2023-03-30 12:00:00,1968.9,1971.2,1968.29,1968.68,0
2023-03-30 13:00:00,1968.69,1975.32,1967.83,1970.34,0
2023-03-30 14:00:00,1970.3,1971.09,1965.25,1966.68,0
2023-03-30 15:00:00,1966.76,1972.38,1963.98,1972.18,0
2023-03-30 16:00:00,1972.1,1975.28,1971.14,1974.76,0
2023-03-30 17:00:00,1974.92,1984.34,1974.8,1983.16,0
2023-03-30 18:00:00,1983.38,1983.49,1978.16,1979.91,0
2023-03-30 19:00:00,1979.83,1981.9,1979.51,1981.43,0
2023-03-30 20:00:00,1981.43,1983.08,1980.57,1981.4,0
2023-03-30 21:00:00,1981.29,1981.97,1979.95,1980.21,0
2023-03-30 23:00:00,1980.24,1980.54,1979.08,1979.09,0
2023-03-31 00:00:00,1979.09,1980.16,1978.0,1978.5,0
2023-03-31 01:00:00,1978.48,1979.76,1977.68,1979.67,0
2023-03-31 02:00:00,1979.66,1983.66,1979.09,1982.43,0
2023-03-31 03:00:00,1982.32,1983.33,1980.78,1981.71,0
2023-03-31 04:00:00,1981.66,1981.95,1980.78,1981.16,0
2023-03-31 05:00:00,1981.18,1982.05,1980.22,1980.8,0
2023-03-31 06:00:00,1980.8,1980.88,1978.1,1979.05,0
2023-03-31 07:00:00,1979.1,1985.06,1979.08,1984.18,0
2023-03-31 08:00:00,1984.18,1984.18,1974.87,1975.36,0
2023-03-31 09:00:00,1975.34,1978.75,1973.24,1975.13,0
2023-03-31 10:00:00,1975.62,1980.44,1975.62,1978.45,0
2023-03-31 11:00:00,1978.44,1981.08,1977.03,1979.43,0
2023-03-31 12:00:00,1979.59,1981.96,1979.35,1980.3,0
2023-03-31 13:00:00,1980.34,1987.56,1976.24,1979.66,0
2023-03-31 14:00:00,1979.65,1984.13,1974.98,1979.76,0
2023-03-31 15:00:00,1980.06,1981.09,1975.28,1977.97,0
2023-03-31 16:00:00,1978.04,1981.11,1974.94,1979.71,0
2023-03-31 17:00:00,1979.7,1979.8,1975.32,1977.17,0
2023-03-31 18:00:00,1977.21,1977.27,1966.92,1967.43,0
2023-03-31 19:00:00,1967.52,1972.14,1967.26,1971.25,0
2023-03-31 20:00:00,1971.34,1971.45,1968.32,1970.91,0
2023-03-31 21:00:00,1970.88,1970.88,1968.53,1969.22,0
2023-04-02 23:00:00,1967.87,1968.42,1960.18,1962.56,0
2023-04-03 00:00:00,1962.4,1962.67,1957.02,1957.12,0
2023-04-03 01:00:00,1957.12,1964.14,1956.89,1962.38,0
2023-04-03 02:00:00,1962.39,1964.56,1958.48,1960.34,0
2023-04-03 03:00:00,1960.34,1960.4,1952.52,1952.57,0
2023-04-03 04:00:00,1952.57,1953.82,1949.74,1951.87,0
2023-04-03 05:00:00,1951.84,1952.72,1950.54,1952.6,0
2023-04-03 06:00:00,1952.62,1954.12,1951.48,1953.84,0
2023-04-03 07:00:00,1953.72,1957.18,1950.84,1954.8,0
2023-04-03 08:00:00,1954.8,1962.02,1953.34,1961.83,0
2023-04-03 09:00:00,1961.8,1966.46,1961.23,1965.84,0
2023-04-03 10:00:00,1965.78,1967.03,1963.07,1966.15,0
2023-04-03 11:00:00,1966.14,1972.55,1965.98,1972.52,0
2023-04-03 12:00:00,1972.52,1978.75,1971.2,1978.63,0
2023-04-03 13:00:00,1978.47,1979.94,1975.75,1979.04,0
2023-04-03 14:00:00,1979.08,1980.75,1972.45,1976.08,0
2023-04-03 15:00:00,1979.14,1989.82,1978.66,1986.06,0
2023-04-03 16:00:00,1986.05,1990.43,1983.97,1987.99,0
2023-04-03 17:00:00,1987.97,1990.55,1986.84,1987.0,0
2023-04-03 18:00:00,1987.02,1987.02,1981.89,1985.02,0
2023-04-03 19:00:00,1985.02,1985.23,1982.25,1982.46,0
2023-04-03 20:00:00,1982.54,1986.04,1982.28,1985.16,0
2023-04-03 21:00:00,1985.08,1985.88,1983.64,1984.35,0
2023-04-03 23:00:00,1985.14,1985.61,1983.65,1983.92,0
2023-04-04 00:00:00,1983.92,1985.52,1983.56,1984.93,0
2023-04-04 01:00:00,1984.92,1985.28,1982.19,1982.92,0
2023-04-04 02:00:00,1982.92,1983.64,1977.85,1978.3,0
2023-04-04 03:00:00,1978.22,1981.46,1978.09,1980.87,0
2023-04-04 04:00:00,1980.84,1980.9,1977.86,1978.18,0
2023-04-04 05:00:00,1978.17,1980.72,1977.9,1979.77,0
2023-04-04 06:00:00,1979.76,1980.94,1978.19,1978.87,0
2023-04-04 07:00:00,1979.02,1982.4,1977.02,1981.6,0
2023-04-04 08:00:00,1981.58,1983.82,1978.77,1982.18,0
2023-04-04 09:00:00,1982.2,1984.24,1980.3,1980.7,0
2023-04-04 10:00:00,1980.67,1983.91,1980.22,1983.03,0
2023-04-04 11:00:00,1983.02,1984.34,1981.38,1982.18,0
2023-04-04 12:00:00,1982.14,1982.51,1978.52,1982.02,0
2023-04-04 13:00:00,1982.02,1985.63,1981.53,1983.69,0
2023-04-04 14:00:00,1983.7,1993.27,1983.46,1992.69,0
2023-04-04 15:00:00,1992.56,2024.95,1992.56,2016.12,0
2023-04-04 16:00:00,2016.55,2023.12,2015.64,2020.25,0
2023-04-04 17:00:00,2020.28,2024.96,2019.65,2020.83,0
2023-04-04 18:00:00,2020.83,2020.96,2017.84,2018.34,0
2023-04-04 19:00:00,2018.22,2021.53,2017.85,2021.24,0
2023-04-04 20:00:00,2021.26,2022.42,2020.32,2021.81,0
2023-04-04 21:00:00,2021.91,2022.01,2020.11,2020.53,0
2023-04-04 23:00:00,2021.52,2021.57,2019.76,2020.6,0
2023-04-05 00:00:00,2020.6,2023.62,2020.6,2021.86,0
2023-04-05 01:00:00,2021.8,2022.51,2019.42,2019.54,0
2023-04-05 02:00:00,2019.56,2021.92,2019.56,2020.52,0
2023-04-05 03:00:00,2020.4,2025.33,2020.2,2023.96,0
2023-04-05 04:00:00,2023.98,2024.05,2021.88,2023.07,0
2023-04-05 05:00:00,2023.02,2023.75,2022.1,2023.32,0
2023-04-05 06:00:00,2023.32,2024.76,2022.79,2024.31,0
2023-04-05 07:00:00,2024.31,2026.37,2022.98,2024.45,0
2023-04-05 08:00:00,2024.43,2028.39,2022.92,2025.43,0
2023-04-05 09:00:00,2025.41,2028.15,2023.25,2024.06,0
2023-04-05 10:00:00,2024.07,2025.21,2021.88,2024.55,0
2023-04-05 11:00:00,2024.54,2025.17,2021.78,2022.31,0
2023-04-05 12:00:00,2022.33,2024.63,2021.54,2022.99,0
2023-04-05 13:00:00,2023.12,2032.06,2022.27,2031.56,0
2023-04-05 14:00:00,2031.69,2032.07,2021.06,2022.66,0
2023-04-05 15:00:00,2029.47,2031.53,2010.06,2018.81,0
2023-04-05 16:00:00,2018.8,2023.04,2015.97,2021.68,0
2023-04-05 17:00:00,2021.72,2023.96,2019.67,2021.36,0
2023-04-05 18:00:00,2021.28,2022.04,2019.13,2020.99,0
2023-04-05 19:00:00,2021.1,2023.32,2020.7,2023.07,0
2023-04-05 20:00:00,2023.1,2023.25,2020.68,2021.04,0
2023-04-05 21:00:00,2021.14,2021.64,2020.1,2020.66,0
2023-04-05 23:00:00,2020.85,2021.4,2018.74,2020.45,0
2023-04-06 00:00:00,2020.42,2021.04,2020.1,2020.3,0
2023-04-06 01:00:00,2020.3,2020.49,2016.99,2017.03,0
2023-04-06 02:00:00,2017.04,2017.1,2012.52,2012.68,0
2023-04-06 03:00:00,2012.7,2013.26,2008.04,2011.01,0
2023-04-06 04:00:00,2011.01,2012.28,2010.13,2011.37,0
2023-04-06 05:00:00,2011.37,2013.96,2010.54,2013.65,0
2023-04-06 06:00:00,2013.73,2016.05,2012.05,2015.66,0
2023-04-06 07:00:00,2015.68,2016.89,2011.82,2013.77,0
2023-04-06 08:00:00,2013.72,2018.09,2012.71,2016.35,0
2023-04-06 09:00:00,2016.35,2019.68,2014.81,2017.35,0
2023-04-06 10:00:00,2017.36,2020.44,2017.1,2019.6,0
2023-04-06 11:00:00,2019.6,2020.8,2017.58,2020.32,0
2023-04-06 12:00:00,2020.37,2020.95,2017.14,2018.58,0
2023-04-06 13:00:00,2018.44,2020.76,2011.26,2012.98,0
2023-04-06 14:00:00,2012.87,2014.17,2000.84,2003.68,0
2023-04-06 15:00:00,2003.64,2012.09,2001.37,2011.87,0
2023-04-06 16:00:00,2011.86,2013.03,2009.15,2011.19,0
2023-04-06 17:00:00,2011.19,2014.96,2010.74,2011.7,0
2023-04-06 18:00:00,2011.7,2012.58,2008.74,2010.02,0
2023-04-06 19:00:00,2010.01,2011.59,2008.23,2009.26,0
2023-04-06 20:00:00,2009.26,2009.47,2006.25,2006.47,0
2023-04-06 21:00:00,2006.78,2008.17,2005.77,2007.32,0
2023-04-09 23:00:00,1996.2,2006.58,1995.82,2005.56,0
2023-04-10 00:00:00,2005.59,2006.08,2004.78,2005.5,0
2023-04-10 01:00:00,2005.6,2005.85,1997.64,1998.32,0
2023-04-10 02:00:00,1998.32,2000.7,1995.57,1997.03,0
2023-04-10 03:00:00,1997.09,1997.22,1988.88,1991.18,0
2023-04-10 04:00:00,1991.18,1992.88,1990.41,1990.97,0
2023-04-10 05:00:00,1991.01,1993.78,1989.66,1992.18,0
2023-04-10 06:00:00,1992.16,1995.2,1991.3,1994.54,0
2023-04-10 07:00:00,1994.44,1996.38,1991.72,1995.88,0
2023-04-10 08:00:00,1995.88,1997.64,1995.04,1997.48,0
2023-04-10 09:00:00,1997.47,1999.38,1995.9,1997.42,0
2023-04-10 10:00:00,1997.43,2001.99,1997.05,2000.64,0
2023-04-10 11:00:00,2000.6,2002.82,1999.98,2001.9,0
2023-04-10 12:00:00,2001.9,2003.02,2000.01,2001.54,0
2023-04-10 13:00:00,2001.54,2001.99,1989.17,1989.5,0
2023-04-10 14:00:00,1989.5,1994.35,1986.28,1988.13,0
2023-04-10 15:00:00,1988.32,1992.02,1981.71,1987.52,0
2023-04-10 16:00:00,1987.63,1990.11,1987.23,1988.67,0
2023-04-10 17:00:00,1988.65,1990.94,1987.17,1989.77,0
2023-04-10 18:00:00,1989.74,1991.14,1988.08,1988.98,0
2023-04-10 19:00:00,1988.98,1990.9,1987.64,1990.51,0
2023-04-10 20:00:00,1990.5,1992.86,1990.27,1991.5,0
2023-04-10 21:00:00,1991.56,1991.72,1990.82,1991.18,0
2023-04-10 23:00:00,1991.21,1991.52,1990.36,1991.4,0
2023-04-11 00:00:00,1991.4,1992.57,1991.09,1992.42,0
2023-04-11 01:00:00,1992.36,1995.37,1992.36,1993.23,0
2023-04-11 02:00:00,1993.33,1993.5,1988.8,1991.21,0
2023-04-11 03:00:00,1991.14,1998.02,1991.1,1997.83,0
2023-04-11 04:00:00,1997.75,1998.22,1996.48,1997.52,0
2023-04-11 05:00:00,1997.5,2000.06,1997.34,1999.76,0
2023-04-11 06:00:00,1999.78,2001.59,1998.67,1999.06,0
2023-04-11 07:00:00,1999.04,2001.93,1998.4,1999.27,0
2023-04-11 08:00:00,1999.23,2003.72,1997.85,2002.1,0
2023-04-11 09:00:00,2002.06,2007.49,2001.34,2004.63,0
2023-04-11 10:00:00,2004.63,2005.43,2002.53,2004.54,0
2023-04-11 11:00:00,2004.54,2005.07,2001.57,2004.46,0
2023-04-11 12:00:00,2004.4,2004.4,1999.38,2000.53,0
2023-04-11 13:00:00,2000.52,2002.56,1998.42,1998.62,0
2023-04-11 14:00:00,1998.62,2002.41,1995.6,2001.45,0
2023-04-11 15:00:00,2001.29,2004.71,1999.78,2002.47,0
2023-04-11 16:00:00,2002.49,2006.28,2001.6,2004.17,0
2023-04-11 17:00:00,2004.16,2006.55,2003.97,2006.23,0
2023-04-11 18:00:00,2006.23,2006.45,2001.06,2005.6,0
2023-04-11 19:00:00,2005.59,2005.91,2004.01,2004.53,0
2023-04-11 20:00:00,2004.67,2006.79,2003.54,2004.1,0
2023-04-11 21:00:00,2004.1,2004.66,2002.94,2003.52,0
2023-04-11 23:00:00,2003.38,2004.33,2003.06,2003.89,0
2023-04-12 00:00:00,2003.87,2005.12,2003.48,2004.75,0
2023-04-12 01:00:00,2004.72,2005.58,2004.03,2005.53,0
2023-04-12 02:00:00,2005.45,2015.12,2003.95,2014.72,0
2023-04-12 03:00:00,2014.78,2019.42,2013.83,2014.96,0
2023-04-12 04:00:00,2014.97,2018.31,2014.19,2017.23,0
2023-04-12 05:00:00,2017.23,2021.13,2017.06,2020.36,0
2023-04-12 06:00:00,2020.36,2020.78,2017.55,2018.27,0
2023-04-12 07:00:00,2018.19,2018.79,2013.54,2015.66,0
2023-04-12 08:00:00,2015.65,2016.61,2011.68,2013.1,0
2023-04-12 09:00:00,2013.07,2013.67,2008.96,2009.08,0
2023-04-12 10:00:00,2009.03,2011.64,2008.59,2010.88,0
2023-04-12 11:00:00,2010.8,2011.56,2007.28,2008.86,0
2023-04-12 12:00:00,2008.95,2010.32,2007.36,2007.76,0
2023-04-12 13:00:00,2007.7,2028.25,2006.27,2022.25,0
2023-04-12 14:00:00,2022.51,2023.86,2001.44,2007.71,0
2023-04-12 15:00:00,2007.75,2013.14,2003.17,2006.98,0
2023-04-12 16:00:00,2006.98,2009.47,2005.63,2005.83,0
2023-04-12 17:00:00,2005.77,2009.34,2005.24,2007.88,0
2023-04-12 18:00:00,2007.88,2012.58,2006.39,2011.5,0
2023-04-12 19:00:00,2011.53,2016.94,2011.27,2015.76,0
2023-04-12 20:00:00,2015.78,2018.12,2013.13,2013.64,0
2023-04-12 21:00:00,2013.6,2015.04,2013.25,2014.77,0
2023-04-12 23:00:00,2014.48,2015.22,2014.04,2015.2,0
2023-04-13 00:00:00,2015.16,2018.54,2015.15,2018.2,0
2023-04-13 01:00:00,2018.24,2019.82,2016.58,2017.89,0
2023-04-13 02:00:00,2017.91,2019.28,2015.83,2017.88,0
2023-04-13 03:00:00,2017.69,2019.36,2016.4,2017.88,0
2023-04-13 04:00:00,2017.88,2017.92,2015.73,2017.49,0
2023-04-13 05:00:00,2017.52,2019.5,2017.44,2018.5,0
2023-04-13 06:00:00,2018.51,2019.18,2015.4,2015.46,0
2023-04-13 07:00:00,2015.45,2023.33,2015.34,2020.53,0
2023-04-13 08:00:00,2020.6,2025.67,2020.6,2024.53,0
2023-04-13 09:00:00,2024.53,2029.24,2024.43,2026.6,0
2023-04-13 10:00:00,2026.6,2028.66,2025.79,2026.6,0
2023-04-13 11:00:00,2026.66,2028.03,2025.06,2026.74,0
2023-04-13 12:00:00,2026.68,2028.76,2025.48,2028.63,0
2023-04-13 13:00:00,2028.64,2045.8,2026.52,2045.06,0
2023-04-13 14:00:00,2045.25,2047.12,2039.78,2046.52,0
2023-04-13 15:00:00,2046.52,2048.78,2033.64,2034.22,0
2023-04-13 16:00:00,2034.21,2042.32,2034.04,2038.93,0
2023-04-13 17:00:00,2038.94,2040.52,2037.28,2040.19,0
2023-04-13 18:00:00,2040.22,2044.1,2039.2,2043.72,0
2023-04-13 19:00:00,2043.73,2043.99,2037.49,2038.4,0
2023-04-13 20:00:00,2038.45,2040.84,2036.67,2040.66,0
2023-04-13 21:00:00,2040.44,2041.08,2039.84,2040.1,0
2023-04-13 23:00:00,2040.21,2040.72,2040.03,2040.15,0
2023-04-14 00:00:00,2040.15,2040.23,2038.73,2039.77,0
2023-04-14 01:00:00,2039.7,2043.65,2038.65,2041.9,0
2023-04-14 02:00:00,2041.92,2046.0,2041.1,2045.98,0
2023-04-14 03:00:00,2045.86,2047.43,2044.91,2046.1,0
2023-04-14 04:00:00,2046.03,2046.03,2043.06,2045.08,0
2023-04-14 05:00:00,2045.08,2046.48,2042.51,2043.23,0
2023-04-14 06:00:00,2043.28,2043.6,2039.62,2042.72,0
2023-04-14 07:00:00,2042.82,2044.32,2040.74,2041.41,0
2023-04-14 08:00:00,2041.4,2041.4,2036.63,2039.28,0
2023-04-14 09:00:00,2039.27,2039.4,2031.83,2035.73,0
2023-04-14 10:00:00,2035.69,2038.72,2034.49,2038.7,0
2023-04-14 11:00:00,2038.73,2042.24,2037.74,2038.29,0
2023-04-14 12:00:00,2038.29,2038.29,2032.32,2033.32,0
2023-04-14 13:00:00,2033.32,2040.09,2017.27,2024.68,0
2023-04-14 14:00:00,2024.67,2028.05,2019.93,2023.44,0
2023-04-14 15:00:00,2022.14,2022.48,1997.96,1998.52,0
2023-04-14 16:00:00,1998.57,2000.83,1993.8,1995.68,0
2023-04-14 17:00:00,1995.78,1999.68,1992.43,1999.57,0
2023-04-14 18:00:00,1999.57,2004.18,1998.62,2003.92,0
2023-04-14 19:00:00,2003.89,2006.85,2003.33,2006.35,0
2023-04-14 20:00:00,2006.38,2008.0,2005.04,2005.32,0
2023-04-14 21:00:00,2005.36,2005.67,2003.87,2004.42,0
2023-04-16 23:00:00,1998.73,2005.07,1998.34,2001.13,0
2023-04-17 00:00:00,2001.14,2004.98,2001.14,2002.9,0
2023-04-17 01:00:00,2002.97,2004.71,2001.52,2002.14,0
2023-04-17 02:00:00,2002.17,2005.05,1995.45,2003.21,0
2023-04-17 03:00:00,2003.21,2006.2,2003.17,2004.08,0
2023-04-17 04:00:00,2004.04,2005.18,2004.0,2004.58,0
2023-04-17 05:00:00,2004.58,2006.09,2003.82,2004.44,0
2023-04-17 06:00:00,2004.39,2012.75,2003.81,2011.36,0
2023-04-17 07:00:00,2011.26,2013.56,2010.57,2011.4,0
2023-04-17 08:00:00,2011.42,2015.05,2010.21,2010.85,0
2023-04-17 09:00:00,2010.84,2012.73,2008.34,2009.92,0
2023-04-17 10:00:00,2009.92,2012.18,2009.76,2010.43,0
2023-04-17 11:00:00,2010.42,2011.14,2006.98,2007.65,0
2023-04-17 12:00:00,2007.63,2010.16,2004.91,2009.2,0
2023-04-17 13:00:00,2009.14,2010.63,1999.16,2000.62,0
2023-04-17 14:00:00,2000.55,2002.22,1992.18,1996.04,0
2023-04-17 15:00:00,1995.98,1997.07,1981.2,1985.29,0
2023-04-17 16:00:00,1985.46,1992.06,1985.19,1989.95,0
2023-04-17 17:00:00,1989.96,1992.1,1987.32,1991.52,0
2023-04-17 18:00:00,1991.5,1995.9,1991.36,1995.3,0
2023-04-17 19:00:00,1995.29,1997.14,1994.09,1995.56,0
2023-04-17 20:00:00,1995.57,1996.64,1994.56,1996.25,0
2023-04-17 21:00:00,1996.39,1996.41,1994.54,1995.08,0
2023-04-17 23:00:00,1994.78,1994.94,1993.98,1994.58,0
2023-04-18 00:00:00,1994.6,1995.35,1993.85,1994.0,0
2023-04-18 01:00:00,1993.93,1996.17,1993.33,1995.14,0
2023-04-18 02:00:00,1995.14,1999.38,1994.44,1997.79,0
2023-04-18 03:00:00,1997.8,2000.9,1996.21,2000.41,0
2023-04-18 04:00:00,2000.4,2001.8,1999.42,2000.22,0
2023-04-18 05:00:00,2000.32,2000.43,1998.2,1998.37,0
2023-04-18 06:00:00,1998.38,2001.8,1996.52,2000.58,0
2023-04-18 07:00:00,2000.58,2001.18,1998.16,1999.78,0
2023-04-18 08:00:00,1999.8,2004.16,1998.58,2002.29,0
2023-04-18 09:00:00,2002.34,2005.18,2001.95,2003.24,0
2023-04-18 10:00:00,2003.27,2004.14,1999.14,2001.27,0
2023-04-18 11:00:00,2001.24,2004.79,1999.75,2003.48,0
2023-04-18 12:00:00,2003.54,2004.96,2002.96,2003.92,0
2023-04-18 13:00:00,2003.98,2005.76,2000.77,2001.29,0
2023-04-18 14:00:00,2001.34,2001.75,1991.32,1999.15,0
2023-04-18 15:00:00,1999.22,2010.71,1999.04,2009.25,0
2023-04-18 16:00:00,2009.23,2011.85,2007.13,2008.52,0
2023-04-18 17:00:00,2008.55,2008.55,2005.2,2007.17,0
2023-04-18 18:00:00,2007.23,2008.3,2003.93,2004.11,0
2023-04-18 19:00:00,2004.15,2005.7,2003.43,2005.4,0
2023-04-18 20:00:00,2005.48,2006.24,2003.86,2004.17,0
2023-04-18 21:00:00,2004.29,2005.47,2004.16,2005.21,0
2023-04-18 23:00:00,2005.16,2005.97,2004.54,2005.54,0
2023-04-19 00:00:00,2005.56,2006.29,2004.78,2005.79,0
2023-04-19 01:00:00,2005.86,2007.54,2004.85,2007.37,0
2023-04-19 02:00:00,2007.35,2008.13,2002.84,2003.45,0
2023-04-19 03:00:00,2003.46,2006.93,2001.99,2004.27,0
2023-04-19 04:00:00,2004.2,2004.78,2002.24,2003.47,0
2023-04-19 05:00:00,2003.54,2004.48,2002.6,2003.88,0
2023-04-19 06:00:00,2003.9,2004.28,1999.49,2000.4,0
2023-04-19 07:00:00,2000.52,2001.27,1987.01,1991.08,0
2023-04-19 08:00:00,1991.2,1995.53,1990.34,1991.36,0
2023-04-19 09:00:00,1991.48,1991.48,1976.65,1980.08,0
2023-04-19 10:00:00,1979.85,1980.39,1972.71,1974.13,0
2023-04-19 11:00:00,1974.22,1976.24,1971.36,1973.02,0
2023-04-19 12:00:00,1973.02,1973.22,1969.26,1970.66,0
2023-04-19 13:00:00,1970.62,1980.47,1969.71,1980.33,0
2023-04-19 14:00:00,1980.39,1992.89,1979.34,1990.65,0
2023-04-19 15:00:00,1990.68,1995.92,1990.39,1992.85,0
2023-04-19 16:00:00,1992.88,1995.77,1988.88,1990.82,0
2023-04-19 17:00:00,1990.83,1996.46,1990.37,1996.07,0
2023-04-19 18:00:00,1996.06,1996.54,1993.66,1994.03,0
2023-04-19 19:00:00,1994.05,1996.73,1993.66,1996.38,0
2023-04-19 20:00:00,1996.37,1996.85,1993.8,1994.48,0
2023-04-19 21:00:00,1994.43,1995.34,1993.88,1994.67,0
2023-04-19 23:00:00,1994.54,1995.74,1994.19,1994.44,0
2023-04-20 00:00:00,1994.44,1994.7,1993.09,1993.72,0
2023-04-20 01:00:00,1993.78,1996.66,1993.54,1995.6,0
2023-04-20 02:00:00,1995.61,1998.82,1992.23,1995.77,0
2023-04-20 03:00:00,1995.76,1996.88,1991.59,1991.84,0
2023-04-20 04:00:00,1991.88,1993.26,1990.5,1992.86,0
2023-04-20 05:00:00,1993.03,1994.36,1992.04,1992.74,0
2023-04-20 06:00:00,1992.74,1995.3,1991.38,1994.28,0
2023-04-20 07:00:00,1994.36,2001.24,1994.36,1999.2,0
2023-04-20 08:00:00,1999.17,1999.96,1995.55,1997.23,0
2023-04-20 09:00:00,1997.23,1999.09,1994.55,1996.68,0
2023-04-20 10:00:00,1996.67,2000.18,1992.38,1999.57,0
2023-04-20 11:00:00,1999.68,2004.87,1999.58,2003.63,0
2023-04-20 12:00:00,2003.59,2004.65,2000.97,2001.12,0
2023-04-20 13:00:00,2001.14,2011.23,1997.48,2006.85,0
2023-04-20 14:00:00,2006.82,2007.32,2003.04,2003.62,0
2023-04-20 15:00:00,2003.61,2012.33,2001.04,2003.64,0
2023-04-20 16:00:00,2003.64,2004.21,1999.04,2002.55,0
2023-04-20 17:00:00,2002.63,2007.02,2002.3,2005.8,0
2023-04-20 18:00:00,2005.84,2008.43,2005.47,2006.65,0
2023-04-20 19:00:00,2006.72,2006.83,2004.24,2005.83,0
2023-04-20 20:00:00,2005.73,2005.92,2002.24,2003.18,0
2023-04-20 21:00:00,2003.31,2005.79,2003.15,2004.7,0
2023-04-20 23:00:00,2004.26,2004.97,2002.52,2004.77,0
2023-04-21 00:00:00,2004.76,2005.53,2001.86,2005.3,0
2023-04-21 01:00:00,2005.29,2005.54,2001.86,2004.6,0
2023-04-21 02:00:00,2004.65,2005.18,2000.48,2002.12,0
2023-04-21 03:00:00,2002.12,2003.96,2001.56,2003.02,0
2023-04-21 04:00:00,2002.99,2003.3,2001.2,2002.21,0
2023-04-21 05:00:00,2002.21,2002.4,2000.36,2000.6,0
2023-04-21 06:00:00,2000.66,2001.05,1993.98,1994.98,0
2023-04-21 07:00:00,1994.97,1998.06,1981.98,1986.3,0
2023-04-21 08:00:00,1986.37,1987.63,1982.93,1986.78,0
2023-04-21 09:00:00,1986.82,1989.6,1984.08,1988.39,0
2023-04-21 10:00:00,1988.39,1990.27,1984.81,1986.18,0
2023-04-21 11:00:00,1986.18,1992.44,1986.08,1988.11,0
2023-04-21 12:00:00,1988.15,1988.51,1984.73,1987.99,0
2023-04-21 13:00:00,1987.97,1991.05,1982.26,1988.99,0
2023-04-21 14:00:00,1988.97,1997.88,1972.56,1973.85,0
2023-04-21 15:00:00,1973.78,1987.46,1971.64,1978.95,0
2023-04-21 16:00:00,1979.0,1979.8,1974.49,1975.89,0
2023-04-21 17:00:00,1976.0,1978.57,1974.05,1977.48,0
2023-04-21 18:00:00,1977.44,1980.73,1977.42,1980.64,0
2023-04-21 19:00:00,1980.67,1982.68,1978.92,1979.23,0
2023-04-21 20:00:00,1979.23,1983.03,1978.65,1982.72,0
2023-04-21 21:00:00,1982.66,1983.59,1981.64,1982.84,0
2023-04-23 23:00:00,1981.83,1984.02,1981.62,1983.98,0
2023-04-24 00:00:00,1984.08,1985.36,1983.96,1984.7,0
2023-04-24 01:00:00,1984.62,1984.62,1981.34,1983.84,0
2023-04-24 02:00:00,1983.84,1984.62,1979.1,1979.42,0
2023-04-24 03:00:00,1979.46,1983.19,1978.48,1980.32,0
2023-04-24 04:00:00,1980.12,1981.51,1980.06,1980.83,0
2023-04-24 05:00:00,1980.78,1981.23,1978.26,1979.54,0
2023-04-24 06:00:00,1979.64,1979.82,1976.46,1978.64,0
2023-04-24 07:00:00,1978.63,1981.69,1977.72,1979.04,0
2023-04-24 08:00:00,1979.0,1983.2,1978.15,1982.72,0
2023-04-24 09:00:00,1982.71,1985.28,1980.81,1985.14,0
2023-04-24 10:00:00,1985.14,1986.97,1982.95,1983.1,0
2023-04-24 11:00:00,1983.1,1985.44,1983.07,1983.72,0
2023-04-24 12:00:00,1983.79,1985.32,1982.66,1983.13,0
2023-04-24 13:00:00,1983.12,1984.56,1981.03,1983.9,0
2023-04-24 14:00:00,1983.92,1985.05,1974.13,1978.0,0
2023-04-24 15:00:00,1978.0,1987.18,1976.56,1982.5,0
2023-04-24 16:00:00,1982.5,1985.44,1981.48,1984.8,0
2023-04-24 17:00:00,1984.8,1987.67,1984.63,1986.61,0
2023-04-24 18:00:00,1986.6,1990.81,1986.54,1989.47,0
2023-04-24 19:00:00,1989.5,1990.39,1987.9,1989.75,0
2023-04-24 20:00:00,1989.64,1989.82,1987.46,1988.71,0
2023-04-24 21:00:00,1988.64,1989.43,1988.3,1989.05,0
2023-04-24 23:00:00,1989.04,1993.36,1989.04,1992.68,0
2023-04-25 00:00:00,1992.66,1996.56,1991.68,1995.04,0
2023-04-25 01:00:00,1995.03,2000.93,1993.28,1996.88,0
2023-04-25 02:00:00,1997.04,2000.57,1995.39,1997.2,0
2023-04-25 03:00:00,1997.08,1998.32,1994.22,1994.8,0
2023-04-25 04:00:00,1994.74,1996.37,1992.88,1992.88,0
2023-04-25 05:00:00,1992.87,1993.89,1990.96,1991.13,0
2023-04-25 06:00:00,1991.11,1995.74,1990.9,1995.51,0
2023-04-25 07:00:00,1995.33,1996.94,1992.96,1994.34,0
2023-04-25 08:00:00,1994.32,1997.28,1987.56,1990.25,0
2023-04-25 09:00:00,1990.25,1991.13,1986.94,1988.65,0
2023-04-25 10:00:00,1988.65,1990.98,1987.09,1988.14,0
2023-04-25 11:00:00,1988.13,1988.5,1981.83,1982.16,0
2023-04-25 12:00:00,1982.18,1982.89,1976.69,1977.64,0
2023-04-25 13:00:00,1977.62,1994.54,1976.12,1992.98,0
2023-04-25 14:00:00,1992.95,1993.68,1984.14,1985.44,0
2023-04-25 15:00:00,1985.4,1989.2,1983.53,1985.86,0
2023-04-25 16:00:00,1985.86,1990.68,1985.47,1989.94,0
2023-04-25 17:00:00,1990.13,1991.68,1988.27,1990.59,0
2023-04-25 18:00:00,1990.6,1999.6,1989.97,1999.02,0
2023-04-25 19:00:00,1999.17,2003.8,1994.4,1995.72,0
2023-04-25 20:00:00,1995.64,1999.37,1994.7,1999.15,0
2023-04-25 21:00:00,1999.06,1999.06,1995.82,1997.06,0
2023-04-25 23:00:00,1996.54,1998.22,1996.23,1997.63,0
2023-04-26 00:00:00,1997.76,2001.69,1997.76,2000.23,0
2023-04-26 01:00:00,2000.24,2002.4,1997.36,1997.84,0
2023-04-26 02:00:00,1997.82,1999.58,1995.69,1999.04,0
2023-04-26 03:00:00,1998.92,2000.74,1996.77,1998.57,0
2023-04-26 04:00:00,1998.56,1998.58,1993.2,1994.14,0
2023-04-26 05:00:00,1994.2,1996.2,1994.18,1995.56,0
2023-04-26 06:00:00,1995.56,1998.08,1995.26,1996.21,0
2023-04-26 07:00:00,1996.24,1999.02,1994.38,1998.38,0
2023-04-26 08:00:00,1998.43,1999.34,1995.25,1997.93,0
2023-04-26 09:00:00,1997.96,1998.32,1995.4,1997.66,0
2023-04-26 10:00:00,1997.69,2000.13,1997.13,1998.87,0
2023-04-26 11:00:00,1998.88,2000.48,1998.68,1999.33,0
2023-04-26 12:00:00,1999.31,2001.73,1991.52,1995.75,0
2023-04-26 13:00:00,1995.74,2000.15,1993.9,1998.0,0
2023-04-26 14:00:00,1998.04,2009.34,1997.6,2003.1,0
2023-04-26 15:00:00,2002.8,2004.14,1997.56,1998.6,0
2023-04-26 16:00:00,1998.77,1999.57,1991.48,1991.48,0
2023-04-26 17:00:00,1991.56,1992.52,1985.5,1986.65,0
2023-04-26 18:00:00,1986.65,1988.74,1983.32,1988.36,0
2023-04-26 19:00:00,1988.33,1990.98,1984.58,1990.41,0
2023-04-26 20:00:00,1990.51,1991.6,1987.04,1988.1,0
2023-04-26 21:00:00,1988.06,1989.71,1987.24,1989.29,0
2023-04-26 23:00:00,1989.64,1990.8,1989.15,1990.17,0
2023-04-27 00:00:00,1990.25,1991.9,1989.97,1991.68,0
2023-04-27 01:00:00,1991.63,1992.22,1989.84,1991.54,0
2023-04-27 02:00:00,1991.66,1995.08,1989.53,1992.68,0
2023-04-27 03:00:00,1992.52,1998.96,1992.12,1998.72,0
2023-04-27 04:00:00,1998.79,2000.85,1998.44,1999.8,0
2023-04-27 05:00:00,1999.8,2000.62,1997.8,1999.71,0
2023-04-27 06:00:00,1999.7,2002.74,1997.77,1999.07,0
2023-04-27 07:00:00,1999.1,2003.19,1997.38,2002.05,0
2023-04-27 08:00:00,2002.03,2003.22,1998.34,1999.41,0
2023-04-27 09:00:00,1999.49,1999.94,1997.63,1998.18,0
2023-04-27 10:00:00,1998.24,1999.97,1996.91,1997.02,0
2023-04-27 11:00:00,1996.96,2001.14,1995.93,2000.63,0
2023-04-27 12:00:00,2000.61,2001.22,1996.19,1996.93,0
2023-04-27 13:00:00,1996.94,2003.14,1981.86,1985.76,0
2023-04-27 14:00:00,1985.9,1988.8,1974.18,1981.89,0
2023-04-27 15:00:00,1981.88,1986.4,1978.9,1983.4,0
2023-04-27 16:00:00,1983.4,1985.86,1981.97,1982.3,0
2023-04-27 17:00:00,1982.28,1984.55,1981.18,1984.33,0
2023-04-27 18:00:00,1984.44,1991.1,1983.68,1989.1,0
2023-04-27 19:00:00,1989.15,1989.81,1987.09,1989.06,0
2023-04-27 20:00:00,1989.04,1989.92,1986.9,1988.15,0
2023-04-27 21:00:00,1988.26,1988.65,1987.42,1987.74,0
2023-04-27 23:00:00,1987.45,1988.02,1986.58,1986.86,0
2023-04-28 00:00:00,1986.72,1987.74,1986.38,1986.91,0
2023-04-28 01:00:00,1986.95,1987.53,1985.64,1985.88,0
2023-04-28 02:00:00,1985.86,1991.52,1985.01,1990.52,0
2023-04-28 03:00:00,1990.58,1990.83,1988.52,1990.54,0
2023-04-28 04:00:00,1990.53,1991.1,1987.3,1988.88,0
2023-04-28 05:00:00,1988.89,1990.32,1986.28,1987.39,0
2023-04-28 06:00:00,1987.39,1989.59,1983.43,1984.8,0
2023-04-28 07:00:00,1984.71,1987.13,1983.31,1985.82,0
2023-04-28 08:00:00,1985.97,1986.18,1981.59,1982.36,0
2023-04-28 09:00:00,1982.36,1983.72,1979.83,1983.38,0
2023-04-28 10:00:00,1983.4,1983.82,1981.92,1983.01,0
2023-04-28 11:00:00,1983.0,1984.46,1982.48,1983.38,0
2023-04-28 12:00:00,1983.38,1984.86,1982.1,1983.32,0
2023-04-28 13:00:00,1983.34,1987.52,1975.99,1984.28,0
2023-04-28 14:00:00,1984.27,1990.06,1982.41,1986.64,0
2023-04-28 15:00:00,1986.52,1993.66,1982.14,1992.4,0
2023-04-28 16:00:00,1992.4,1995.08,1987.78,1991.75,0
2023-04-28 17:00:00,1991.8,1994.06,1989.13,1991.48,0
2023-04-28 18:00:00,1991.53,1992.84,1988.94,1990.69,0
2023-04-28 19:00:00,1990.7,1991.23,1988.7,1988.91,0
2023-04-28 20:00:00,1989.04,1989.7,1987.52,1989.18,0
2023-04-28 21:00:00,1989.3,1989.84,1987.96,1989.55,0
2023-04-30 23:00:00,1989.62,1991.88,1988.54,1989.24,0
2023-05-01 00:00:00,1989.33,1989.35,1986.62,1986.9,0
2023-05-01 01:00:00,1986.88,1987.4,1983.7,1983.98,0
2023-05-01 02:00:00,1983.94,1985.04,1981.03,1981.94,0
2023-05-01 03:00:00,1981.93,1983.77,1981.6,1982.7,0
2023-05-01 04:00:00,1982.62,1983.44,1980.62,1983.34,0
2023-05-01 05:00:00,1983.34,1986.33,1982.52,1984.2,0
2023-05-01 06:00:00,1984.16,1984.18,1979.88,1982.1,0
2023-05-01 07:00:00,1981.87,1981.89,1979.54,1979.92,0
2023-05-01 08:00:00,1980.13,1981.38,1978.98,1980.94,0
2023-05-01 09:00:00,1980.87,1981.3,1977.11,1977.34,0
2023-05-01 10:00:00,1977.3,1985.23,1977.08,1984.69,0
2023-05-01 11:00:00,1984.7,1988.86,1984.58,1988.58,0
2023-05-01 12:00:00,1988.6,1989.93,1986.86,1989.02,0
2023-05-01 13:00:00,1989.08,2005.25,1988.28,2004.05,0
2023-05-01 14:00:00,2004.35,2006.02,1997.16,1997.27,0
2023-05-01 15:00:00,1994.05,1994.99,1983.04,1984.27,0
2023-05-01 16:00:00,1984.27,1985.23,1980.58,1983.0,0
2023-05-01 17:00:00,1983.02,1984.06,1979.94,1981.66,0
2023-05-01 18:00:00,1981.67,1984.02,1979.94,1982.15,0
2023-05-01 19:00:00,1982.18,1983.34,1980.6,1980.72,0
2023-05-01 20:00:00,1980.84,1981.68,1979.46,1979.79,0
2023-05-01 21:00:00,1979.78,1982.72,1979.78,1982.44,0
2023-05-01 23:00:00,1982.22,1983.26,1981.28,1982.72,0
2023-05-02 00:00:00,1982.7,1982.95,1980.76,1981.42,0
2023-05-02 01:00:00,1981.43,1983.7,1981.34,1982.15,0
2023-05-02 02:00:00,1982.15,1985.24,1981.94,1983.24,0
2023-05-02 03:00:00,1983.3,1983.38,1981.29,1982.84,0
2023-05-02 04:00:00,1982.84,1982.92,1981.5,1982.14,0
2023-05-02 05:00:00,1982.14,1982.87,1981.39,1982.22,0
2023-05-02 06:00:00,1982.22,1984.28,1981.32,1982.76,0
2023-05-02 07:00:00,1982.76,1985.72,1982.26,1984.71,0
2023-05-02 08:00:00,1984.68,1985.77,1980.41,1981.39,0
2023-05-02 09:00:00,1981.43,1982.3,1978.5,1981.37,0
2023-05-02 10:00:00,1981.35,1986.35,1980.58,1984.16,0
2023-05-02 11:00:00,1984.16,1988.44,1983.32,1988.28,0
2023-05-02 12:00:00,1988.26,1990.19,1985.84,1986.43,0
2023-05-02 13:00:00,1986.37,1987.9,1985.2,1985.64,0
2023-05-02 14:00:00,1985.62,1989.47,1984.5,1987.16,0
2023-05-02 15:00:00,1987.16,2012.93,1987.16,2008.44,0
2023-05-02 16:00:00,2008.6,2015.51,2006.83,2014.44,0
2023-05-02 17:00:00,2014.47,2019.38,2013.61,2015.14,0
2023-05-02 18:00:00,2015.12,2017.01,2011.23,2012.31,0
2023-05-02 19:00:00,2012.28,2015.67,2011.31,2014.28,0
2023-05-02 20:00:00,2014.28,2018.32,2014.28,2018.2,0
2023-05-02 21:00:00,2018.2,2018.26,2015.86,2016.53,0
2023-05-02 23:00:00,2015.99,2016.48,2015.51,2015.74,0
2023-05-03 00:00:00,2015.74,2016.45,2015.62,2015.94,0
2023-05-03 01:00:00,2015.95,2017.02,2014.23,2016.32,0
2023-05-03 02:00:00,2016.3,2017.89,2015.79,2016.91,0
2023-05-03 03:00:00,2016.86,2018.8,2016.62,2017.14,0
2023-05-03 04:00:00,2017.08,2018.63,2016.98,2018.56,0
2023-05-03 05:00:00,2018.52,2019.5,2015.89,2015.94,0
2023-05-03 06:00:00,2015.97,2016.58,2014.55,2014.93,0
2023-05-03 07:00:00,2015.06,2018.79,2014.43,2018.1,0
2023-05-03 08:00:00,2017.98,2018.74,2012.68,2014.84,0
2023-05-03 09:00:00,2014.84,2016.77,2014.4,2015.65,0
2023-05-03 10:00:00,2015.59,2017.45,2015.31,2017.01,0
2023-05-03 11:00:00,2017.02,2017.45,2015.22,2016.57,0
2023-05-03 12:00:00,2016.56,2017.07,2014.4,2015.92,0
2023-05-03 13:00:00,2015.94,2016.34,2007.36,2013.75,0
2023-05-03 14:00:00,2013.75,2020.1,2012.41,2013.49,0
2023-05-03 15:00:00,2013.38,2021.98,2011.95,2021.32,0
2023-05-03 16:00:00,2021.31,2026.86,2020.31,2023.61,0
2023-05-03 17:00:00,2023.57,2025.38,2022.9,2024.09,0
2023-05-03 18:00:00,2024.17,2028.59,2022.36,2023.52,0
2023-05-03 19:00:00,2023.57,2036.04,2017.12,2022.92,0
2023-05-03 20:00:00,2022.91,2035.91,2019.2,2035.06,0
2023-05-03 21:00:00,2035.14,2040.37,2029.04,2038.52,0
2023-05-03 23:00:00,2071.72,2071.72,2044.1,2056.62,0
2023-05-04 00:00:00,2056.62,2056.73,2050.5,2051.94,0
2023-05-04 01:00:00,2051.94,2057.14,2051.84,2054.46,0
2023-05-04 02:00:00,2054.44,2054.88,2043.62,2044.56,0
2023-05-04 03:00:00,2044.32,2046.46,2038.46,2043.58,0
2023-05-04 04:00:00,2043.64,2043.64,2039.8,2041.02,0
2023-05-04 05:00:00,2041.0,2045.46,2040.8,2044.28,0
2023-05-04 06:00:00,2044.1,2045.4,2041.27,2042.8,0
2023-05-04 07:00:00,2042.88,2043.49,2036.68,2039.2,0
2023-05-04 08:00:00,2039.2,2039.49,2030.4,2034.6,0
2023-05-04 09:00:00,2034.59,2035.59,2031.17,2034.47,0
2023-05-04 10:00:00,2034.44,2038.55,2033.72,2037.82,0
2023-05-04 11:00:00,2037.86,2040.71,2036.62,2039.93,0
2023-05-04 12:00:00,2039.93,2044.92,2039.62,2042.0,0
2023-05-04 13:00:00,2041.95,2042.94,2033.8,2036.93,0
2023-05-04 14:00:00,2036.94,2045.45,2032.06,2044.33,0
2023-05-04 15:00:00,2044.29,2059.6,2042.96,2055.28,0
2023-05-04 16:00:00,2055.29,2055.96,2043.48,2050.99,0
2023-05-04 17:00:00,2050.92,2054.11,2047.32,2050.79,0
2023-05-04 18:00:00,2050.57,2051.01,2044.5,2046.31,0
2023-05-04 19:00:00,2046.2,2050.75,2045.02,2049.48,0
2023-05-04 20:00:00,2049.51,2050.23,2047.16,2049.56,0
2023-05-04 21:00:00,2049.56,2050.94,2049.0,2050.15,0
2023-05-04 23:00:00,2048.72,2049.38,2047.52,2049.17,0
2023-05-05 00:00:00,2049.16,2050.08,2048.62,2049.98,0
2023-05-05 01:00:00,2049.98,2049.98,2048.29,2048.93,0
2023-05-05 02:00:00,2048.93,2053.02,2048.31,2051.98,0
2023-05-05 03:00:00,2051.98,2052.15,2045.49,2046.92,0
2023-05-05 04:00:00,2046.9,2050.84,2046.7,2049.8,0
2023-05-05 05:00:00,2049.86,2051.13,2048.47,2048.55,0
2023-05-05 06:00:00,2048.58,2049.62,2045.61,2045.97,0
2023-05-05 07:00:00,2045.96,2048.32,2044.69,2047.17,0
2023-05-05 08:00:00,2047.08,2047.46,2039.39,2040.56,0
2023-05-05 09:00:00,2040.54,2041.71,2038.9,2039.9,0
2023-05-05 10:00:00,2040.0,2040.27,2037.37,2037.9,0
2023-05-05 11:00:00,2037.93,2039.38,2036.24,2039.28,0
2023-05-05 12:00:00,2039.28,2039.28,2034.79,2035.48,0
2023-05-05 13:00:00,2035.48,2038.34,2007.78,2010.38,0
2023-05-05 14:00:00,2010.39,2013.02,2001.16,2003.91,0
2023-05-05 15:00:00,2004.0,2010.8,1999.52,2010.71,0
2023-05-05 16:00:00,2010.71,2015.16,2007.68,2015.16,0
2023-05-05 17:00:00,2015.26,2018.72,2013.02,2017.16,0
2023-05-05 18:00:00,2017.16,2018.45,2014.8,2015.46,0
2023-05-05 19:00:00,2015.48,2016.69,2013.49,2016.68,0
2023-05-05 20:00:00,2016.68,2018.82,2015.2,2017.71,0
2023-05-05 21:00:00,2017.94,2018.94,2015.82,2016.54,0
2023-05-07 23:00:00,2016.7,2017.49,2014.3,2014.62,0
2023-05-08 00:00:00,2014.62,2017.36,2014.62,2016.08,0
2023-05-08 01:00:00,2016.08,2018.64,2015.78,2018.04,0
2023-05-08 02:00:00,2017.84,2018.45,2015.16,2017.09,0
2023-05-08 03:00:00,2017.08,2021.26,2016.28,2020.17,0
2023-05-08 04:00:00,2020.15,2023.97,2019.47,2023.2,0
2023-05-08 05:00:00,2023.2,2024.62,2022.78,2023.68,0
2023-05-08 06:00:00,2023.71,2024.77,2020.09,2020.94,0
2023-05-08 07:00:00,2020.96,2022.89,2020.39,2022.04,0
2023-05-08 08:00:00,2022.0,2022.74,2020.91,2021.54,0
2023-05-08 09:00:00,2021.48,2023.06,2019.96,2022.58,0
2023-05-08 10:00:00,2022.55,2024.28,2022.09,2022.67,0
2023-05-08 11:00:00,2022.67,2025.08,2022.47,2024.14,0
2023-05-08 12:00:00,2024.11,2025.45,2021.53,2022.28,0
2023-05-08 13:00:00,2022.3,2026.98,2021.83,2026.1,0
2023-05-08 14:00:00,2026.17,2026.82,2017.88,2024.9,0
2023-05-08 15:00:00,2024.91,2026.58,2022.92,2025.05,0
2023-05-08 16:00:00,2024.93,2029.3,2022.89,2027.13,0
2023-05-08 17:00:00,2027.15,2029.39,2026.26,2027.09,0
2023-05-08 18:00:00,2027.05,2027.9,2022.91,2023.87,0
2023-05-08 19:00:00,2023.84,2023.88,2020.55,2021.55,0
2023-05-08 20:00:00,2021.54,2022.49,2020.28,2020.36,0
2023-05-08 21:00:00,2020.36,2021.53,2020.21,2021.36,0
2023-05-08 23:00:00,2021.1,2022.46,2020.64,2022.2,0
2023-05-09 00:00:00,2022.22,2022.22,2020.25,2021.29,0
2023-05-09 01:00:00,2021.26,2021.35,2019.51,2020.14,0
2023-05-09 02:00:00,2020.13,2024.54,2019.84,2022.82,0
2023-05-09 03:00:00,2022.81,2024.28,2021.96,2023.77,0
2023-05-09 04:00:00,2023.85,2024.99,2022.02,2024.96,0
2023-05-09 05:00:00,2024.98,2026.78,2024.61,2025.64,0
2023-05-09 06:00:00,2025.65,2028.73,2025.38,2026.06,0
2023-05-09 07:00:00,2026.22,2027.89,2023.82,2024.2,0
2023-05-09 08:00:00,2024.21,2025.68,2021.67,2024.72,0
2023-05-09 09:00:00,2024.66,2026.13,2021.44,2025.29,0
2023-05-09 10:00:00,2025.43,2028.42,2024.85,2028.36,0
2023-05-09 11:00:00,2028.32,2031.15,2028.05,2030.86,0
2023-05-09 12:00:00,2030.84,2032.85,2030.6,2031.08,0
2023-05-09 13:00:00,2031.12,2032.13,2026.65,2027.04,0
2023-05-09 14:00:00,2027.14,2030.57,2023.02,2030.34,0
2023-05-09 15:00:00,2030.33,2030.45,2025.65,2026.12,0
2023-05-09 16:00:00,2026.0,2027.64,2024.42,2026.93,0
2023-05-09 17:00:00,2026.96,2032.67,2026.86,2031.03,0
2023-05-09 18:00:00,2031.04,2037.59,2030.73,2035.64,0
2023-05-09 19:00:00,2035.55,2037.12,2035.0,2035.32,0
2023-05-09 20:00:00,2035.37,2035.69,2034.13,2034.24,0
2023-05-09 21:00:00,2034.34,2035.16,2034.15,2034.42,0
2023-05-09 23:00:00,2034.51,2036.48,2034.16,2036.02,0
2023-05-10 00:00:00,2036.06,2037.21,2035.86,2036.29,0
2023-05-10 01:00:00,2036.28,2038.18,2034.97,2036.52,0
2023-05-10 02:00:00,2036.52,2037.12,2032.68,2032.82,0
2023-05-10 03:00:00,2032.76,2033.6,2030.48,2031.32,0
2023-05-10 04:00:00,2031.32,2032.53,2030.75,2031.72,0
2023-05-10 05:00:00,2031.72,2031.72,2029.74,2030.74,0
2023-05-10 06:00:00,2030.72,2031.52,2027.72,2029.08,0
2023-05-10 07:00:00,2029.04,2032.99,2027.48,2032.1,0
2023-05-10 08:00:00,2031.96,2032.12,2028.23,2031.68,0
2023-05-10 09:00:00,2031.67,2031.85,2026.28,2028.5,0
2023-05-10 10:00:00,2028.48,2030.12,2028.14,2029.03,0
2023-05-10 11:00:00,2029.08,2032.1,2029.0,2031.29,0
2023-05-10 12:00:00,2031.29,2031.78,2028.35,2029.34,0
2023-05-10 13:00:00,2029.36,2048.18,2025.08,2045.52,0
2023-05-10 14:00:00,2045.63,2046.7,2032.01,2038.12,0
2023-05-10 15:00:00,2038.05,2038.08,2028.29,2029.11,0
2023-05-10 16:00:00,2029.09,2029.88,2021.54,2025.04,0
2023-05-10 17:00:00,2025.04,2028.87,2024.53,2027.81,0
2023-05-10 18:00:00,2027.96,2033.28,2027.36,2030.9,0
2023-05-10 19:00:00,2030.92,2034.15,2030.57,2032.26,0
2023-05-10 20:00:00,2032.24,2032.7,2029.16,2030.96,0
2023-05-10 21:00:00,2030.97,2031.58,2029.0,2030.1,0
2023-05-10 23:00:00,2029.56,2031.42,2029.56,2030.92,0
2023-05-11 00:00:00,2030.91,2032.08,2030.74,2031.44,0
2023-05-11 01:00:00,2031.43,2035.42,2031.26,2035.29,0
2023-05-11 02:00:00,2035.34,2036.44,2032.97,2033.62,0
2023-05-11 03:00:00,2033.59,2034.18,2031.2,2032.23,0
2023-05-11 04:00:00,2032.2,2033.76,2031.8,2032.37,0
2023-05-11 05:00:00,2032.38,2032.52,2030.09,2031.08,0
2023-05-11 06:00:00,2031.06,2033.15,2030.03,2032.26,0
2023-05-11 07:00:00,2032.22,2032.73,2027.28,2027.42,0
2023-05-11 08:00:00,2027.44,2028.38,2021.84,2025.66,0
2023-05-11 09:00:00,2025.66,2025.66,2021.97,2022.54,0
2023-05-11 10:00:00,2022.54,2028.12,2021.68,2026.97,0
2023-05-11 11:00:00,2026.83,2029.5,2026.31,2029.04,0
2023-05-11 12:00:00,2029.08,2039.18,2028.74,2036.79,0
2023-05-11 13:00:00,2036.94,2041.14,2028.52,2037.49,0
2023-05-11 14:00:00,2037.55,2038.09,2011.13,2012.88,0
2023-05-11 15:00:00,2012.69,2022.18,2012.46,2021.32,0
2023-05-11 16:00:00,2021.26,2021.92,2013.19,2013.62,0
2023-05-11 17:00:00,2013.55,2018.35,2012.9,2015.7,0
2023-05-11 18:00:00,2015.71,2017.68,2013.6,2013.96,0
2023-05-11 19:00:00,2013.96,2015.18,2013.46,2014.51,0
2023-05-11 20:00:00,2014.51,2016.61,2013.49,2014.25,0
2023-05-11 21:00:00,2014.28,2015.14,2013.78,2014.95,0
2023-05-11 23:00:00,2015.05,2016.5,2014.93,2015.98,0
2023-05-12 00:00:00,2016.0,2016.72,2015.34,2016.37,0
2023-05-12 01:00:00,2016.36,2017.56,2015.0,2015.86,0
2023-05-12 02:00:00,2015.9,2016.36,2010.78,2012.02,0
2023-05-12 03:00:00,2012.02,2012.8,2008.7,2010.79,0
2023-05-12 04:00:00,2010.8,2012.34,2010.0,2011.67,0
2023-05-12 05:00:00,2011.67,2012.3,2010.93,2011.89,0
2023-05-12 06:00:00,2011.88,2012.12,2008.64,2009.56,0
2023-05-12 07:00:00,2009.7,2011.6,2005.69,2009.71,0
2023-05-12 08:00:00,2009.96,2012.66,2008.11,2008.84,0
2023-05-12 09:00:00,2008.84,2009.86,2005.56,2006.63,0
2023-05-12 10:00:00,2006.57,2007.14,2000.93,2002.89,0
2023-05-12 11:00:00,2002.9,2007.74,2002.6,2006.13,0
2023-05-12 12:00:00,2006.15,2006.16,2002.7,2004.79,0
2023-05-12 13:00:00,2004.76,2015.85,2003.58,2014.15,0
2023-05-12 14:00:00,2014.16,2022.59,2012.86,2020.02,0
2023-05-12 15:00:00,2019.88,2021.43,2010.14,2011.29,0
2023-05-12 16:00:00,2011.35,2012.36,2008.98,2009.48,0
2023-05-12 17:00:00,2009.44,2013.73,2008.4,2013.72,0
2023-05-12 18:00:00,2013.89,2016.41,2013.33,2014.55,0
2023-05-12 19:00:00,2014.58,2015.65,2013.91,2014.43,0
2023-05-12 20:00:00,2014.44,2014.72,2010.74,2010.95,0
2023-05-12 21:00:00,2011.05,2011.52,2010.44,2010.91,0
2023-05-14 23:00:00,2008.16,2012.01,2007.28,2010.98,0
2023-05-15 00:00:00,2010.94,2011.0,2009.35,2009.59,0
2023-05-15 01:00:00,2009.57,2012.08,2008.7,2012.03,0
2023-05-15 02:00:00,2012.1,2018.82,2012.1,2017.58,0
2023-05-15 03:00:00,2017.62,2017.79,2013.33,2013.52,0
2023-05-15 04:00:00,2013.51,2014.97,2013.22,2014.0,0
2023-05-15 05:00:00,2013.98,2014.7,2013.47,2014.22,0
2023-05-15 06:00:00,2014.23,2019.24,2013.26,2016.9,0
2023-05-15 07:00:00,2016.84,2017.07,2013.94,2016.53,0
2023-05-15 08:00:00,2016.4,2020.07,2016.4,2018.42,0
2023-05-15 09:00:00,2018.38,2020.89,2017.04,2017.47,0
2023-05-15 10:00:00,2017.48,2017.81,2015.05,2016.41,0
2023-05-15 11:00:00,2016.39,2016.92,2014.44,2014.74,0
2023-05-15 12:00:00,2014.77,2015.85,2011.97,2013.15,0
2023-05-15 13:00:00,2013.06,2019.2,2011.56,2017.12,0
2023-05-15 14:00:00,2017.11,2022.19,2014.43,2020.9,0
2023-05-15 15:00:00,2020.83,2021.22,2013.32,2015.29,0
2023-05-15 16:00:00,2015.25,2018.45,2014.22,2017.75,0
2023-05-15 17:00:00,2017.74,2020.34,2017.1,2020.24,0
2023-05-15 18:00:00,2020.24,2021.45,2016.85,2018.1,0
2023-05-15 19:00:00,2018.16,2018.28,2014.72,2014.84,0
2023-05-15 20:00:00,2014.85,2015.87,2014.45,2015.06,0
2023-05-15 21:00:00,2015.22,2016.33,2015.22,2016.32,0
2023-05-15 23:00:00,2016.5,2016.68,2015.82,2015.98,0
2023-05-16 00:00:00,2015.98,2015.98,2013.76,2014.46,0
2023-05-16 01:00:00,2014.48,2015.8,2014.2,2015.71,0
2023-05-16 02:00:00,2015.7,2018.36,2015.37,2017.64,0
2023-05-16 03:00:00,2017.62,2017.63,2014.76,2016.98,0
2023-05-16 04:00:00,2016.98,2018.1,2016.44,2016.94,0
2023-05-16 05:00:00,2016.94,2016.94,2015.99,2016.24,0
2023-05-16 06:00:00,2016.25,2017.72,2012.39,2012.7,0
2023-05-16 07:00:00,2012.95,2012.98,2002.74,2007.13,0
2023-05-16 08:00:00,2007.13,2010.35,2005.93,2010.01,0
2023-05-16 09:00:00,2009.98,2010.36,2008.82,2010.13,0
2023-05-16 10:00:00,2010.16,2010.24,2008.82,2009.62,0
2023-05-16 11:00:00,2009.69,2010.12,2007.57,2008.22,0
2023-05-16 12:00:00,2008.26,2009.34,2005.22,2005.56,0
2023-05-16 13:00:00,2005.56,2014.89,2001.12,2012.04,0
2023-05-16 14:00:00,2011.97,2012.47,2007.14,2007.62,0
2023-05-16 15:00:00,2007.66,2008.47,2002.02,2003.28,0
2023-05-16 16:00:00,2003.3,2003.67,1994.75,1996.03,0
2023-05-16 17:00:00,1995.96,1997.12,1987.55,1987.61,0
2023-05-16 18:00:00,1987.56,1990.06,1985.49,1986.87,0
2023-05-16 19:00:00,1986.99,1991.23,1986.95,1990.75,0
2023-05-16 20:00:00,1990.8,1991.22,1989.56,1989.9,0
2023-05-16 21:00:00,1990.11,1991.14,1988.6,1988.81,0
2023-05-16 23:00:00,1989.18,1990.12,1988.1,1990.02,0
2023-05-17 00:00:00,1990.0,1990.0,1988.89,1989.72,0
2023-05-17 01:00:00,1989.73,1993.04,1989.73,1992.05,0
2023-05-17 02:00:00,1992.05,1993.04,1989.85,1992.62,0
2023-05-17 03:00:00,1992.63,1993.09,1990.79,1992.74,0
2023-05-17 04:00:00,1992.74,1992.8,1991.19,1991.36,0
2023-05-17 05:00:00,1991.35,1992.1,1990.8,1991.46,0
2023-05-17 06:00:00,1991.48,1991.74,1987.74,1987.88,0
2023-05-17 07:00:00,1987.87,1989.59,1986.79,1988.78,0
2023-05-17 08:00:00,1988.75,1990.6,1987.61,1987.71,0
2023-05-17 09:00:00,1987.71,1989.15,1985.98,1986.18,0
2023-05-17 10:00:00,1986.18,1986.18,1983.87,1983.98,0
2023-05-17 11:00:00,1983.96,1988.9,1983.7,1988.13,0
2023-05-17 12:00:00,1988.16,1988.73,1986.5,1987.5,0
2023-05-17 13:00:00,1987.5,1987.93,1981.9,1984.97,0
2023-05-17 14:00:00,1984.94,1988.07,1976.55,1977.74,0
2023-05-17 15:00:00,1977.62,1985.19,1975.04,1983.01,0
2023-05-17 16:00:00,1983.04,1983.4,1979.6,1980.43,0
2023-05-17 17:00:00,1980.39,1984.34,1980.12,1983.78,0
2023-05-17 18:00:00,1983.77,1984.48,1980.45,1981.57,0
2023-05-17 19:00:00,1981.6,1984.5,1981.12,1983.89,0
2023-05-17 20:00:00,1983.91,1984.5,1982.15,1983.02,0
2023-05-17 21:00:00,1982.96,1983.21,1981.27,1981.41,0
2023-05-17 23:00:00,1981.24,1983.7,1981.18,1983.0,0
2023-05-18 00:00:00,1983.07,1983.6,1982.45,1982.76,0
2023-05-18 01:00:00,1982.79,1983.71,1981.99,1983.52,0
2023-05-18 02:00:00,1983.44,1985.22,1982.48,1985.11,0
2023-05-18 03:00:00,1985.17,1986.01,1983.64,1984.23,0
2023-05-18 04:00:00,1984.21,1984.46,1981.42,1982.3,0
2023-05-18 05:00:00,1982.3,1982.75,1979.52,1979.83,0
2023-05-18 06:00:00,1979.91,1979.91,1977.55,1978.25,0
2023-05-18 07:00:00,1978.25,1981.58,1977.19,1977.38,0
2023-05-18 08:00:00,1977.34,1979.44,1973.6,1974.56,0
2023-05-18 09:00:00,1974.56,1976.22,1972.2,1975.38,0
2023-05-18 10:00:00,1975.38,1978.11,1975.2,1977.49,0
2023-05-18 11:00:00,1977.43,1978.93,1976.59,1977.05,0
2023-05-18 12:00:00,1977.05,1977.05,1973.82,1974.19,0
2023-05-18 13:00:00,1974.03,1975.36,1966.29,1967.08,0
2023-05-18 14:00:00,1967.06,1968.25,1956.63,1959.97,0
2023-05-18 15:00:00,1959.97,1962.06,1954.41,1955.34,0
2023-05-18 16:00:00,1955.41,1956.85,1951.97,1956.06,0
2023-05-18 17:00:00,1956.04,1957.88,1954.17,1955.72,0
2023-05-18 18:00:00,1955.69,1958.56,1953.98,1958.53,0
2023-05-18 19:00:00,1958.54,1958.95,1955.53,1956.38,0
2023-05-18 20:00:00,1956.4,1957.74,1955.2,1957.28,0
2023-05-18 21:00:00,1957.26,1957.64,1956.92,1957.39,0
2023-05-18 23:00:00,1958.27,1958.96,1957.92,1958.65,0
2023-05-19 00:00:00,1958.58,1959.27,1958.04,1958.41,0
2023-05-19 01:00:00,1958.45,1959.8,1957.17,1957.72,0
2023-05-19 02:00:00,1957.72,1960.4,1954.01,1957.18,0
2023-05-19 03:00:00,1957.15,1963.31,1955.97,1962.87,0
2023-05-19 04:00:00,1962.86,1963.72,1962.06,1963.28,0
2023-05-19 05:00:00,1963.31,1964.14,1961.96,1962.56,0
2023-05-19 06:00:00,1962.51,1963.97,1960.62,1962.73,0
2023-05-19 07:00:00,1962.72,1968.72,1961.64,1964.44,0
2023-05-19 08:00:00,1964.44,1967.96,1964.27,1966.95,0
2023-05-19 09:00:00,1966.94,1967.37,1964.43,1964.68,0
2023-05-19 10:00:00,1964.71,1968.26,1964.42,1967.68,0
2023-05-19 11:00:00,1967.74,1967.94,1963.49,1965.69,0
2023-05-19 12:00:00,1965.66,1965.93,1962.34,1963.74,0
2023-05-19 13:00:00,1963.67,1964.84,1960.33,1960.87,0
2023-05-19 14:00:00,1960.79,1963.92,1957.95,1961.05,0
2023-05-19 15:00:00,1961.05,1961.98,1957.22,1958.58,0
2023-05-19 16:00:00,1958.56,1984.16,1958.1,1974.74,0
2023-05-19 17:00:00,1974.82,1979.21,1973.18,1978.39,0
2023-05-19 18:00:00,1978.5,1983.24,1977.32,1982.91,0
2023-05-19 19:00:00,1983.03,1983.21,1976.8,1976.93,0
2023-05-19 20:00:00,1976.96,1977.38,1974.24,1976.12,0
2023-05-19 21:00:00,1976.18,1977.76,1975.52,1977.5,0
2023-05-21 23:00:00,1977.74,1981.36,1977.67,1980.18,0
2023-05-22 00:00:00,1980.19,1981.48,1979.28,1980.83,0
2023-05-22 01:00:00,1980.83,1981.3,1978.38,1981.01,0
2023-05-22 02:00:00,1981.11,1982.33,1978.41,1980.31,0
2023-05-22 03:00:00,1980.26,1980.33,1976.29,1978.18,0
2023-05-22 04:00:00,1978.18,1979.19,1976.69,1977.82,0
2023-05-22 05:00:00,1977.87,1978.81,1975.95,1976.34,0
2023-05-22 06:00:00,1976.34,1976.43,1972.37,1973.12,0
2023-05-22 07:00:00,1973.11,1976.83,1971.24,1976.28,0
2023-05-22 08:00:00,1976.2,1978.71,1974.38,1976.86,0
2023-05-22 09:00:00,1976.87,1980.82,1975.2,1980.71,0
2023-05-22 10:00:00,1980.71,1982.62,1979.26,1979.7,0
2023-05-22 11:00:00,1979.68,1981.44,1977.64,1978.15,0
2023-05-22 12:00:00,1978.18,1978.86,1969.83,1972.97,0
2023-05-22 13:00:00,1972.99,1978.58,1972.69,1975.59,0
2023-05-22 14:00:00,1975.6,1976.04,1971.33,1971.6,0
2023-05-22 15:00:00,1971.54,1978.74,1968.94,1973.41,0
2023-05-22 16:00:00,1973.42,1974.61,1970.87,1972.49,0
2023-05-22 17:00:00,1972.51,1975.5,1972.44,1974.53,0
2023-05-22 18:00:00,1974.48,1978.93,1974.07,1974.95,0
2023-05-22 19:00:00,1974.97,1975.81,1972.48,1973.04,0
2023-05-22 20:00:00,1973.07,1973.86,1971.72,1972.17,0
2023-05-22 21:00:00,1972.14,1972.59,1971.57,1971.73,0
2023-05-22 23:00:00,1971.98,1972.68,1970.98,1971.3,0
2023-05-23 00:00:00,1971.29,1971.7,1969.61,1969.8,0
2023-05-23 01:00:00,1969.81,1971.78,1966.91,1967.34,0
2023-05-23 02:00:00,1967.11,1968.56,1960.38,1960.38,0
2023-05-23 03:00:00,1960.42,1964.34,1960.31,1963.79,0
2023-05-23 04:00:00,1963.77,1964.13,1960.42,1962.73,0
2023-05-23 05:00:00,1962.7,1964.43,1962.54,1963.34,0
2023-05-23 06:00:00,1963.35,1963.72,1959.62,1961.06,0
2023-05-23 07:00:00,1961.03,1964.62,1959.53,1962.39,0
2023-05-23 08:00:00,1962.34,1962.39,1955.4,1957.26,0
2023-05-23 09:00:00,1957.27,1960.72,1954.26,1959.89,0
2023-05-23 10:00:00,1959.88,1961.38,1956.94,1957.05,0
2023-05-23 11:00:00,1957.04,1958.95,1954.56,1958.32,0
2023-05-23 12:00:00,1958.35,1960.16,1957.27,1958.94,0
2023-05-23 13:00:00,1958.93,1962.74,1957.76,1958.83,0
2023-05-23 14:00:00,1958.87,1973.32,1958.87,1969.7,0
2023-05-23 15:00:00,1969.68,1973.53,1966.57,1968.78,0
2023-05-23 16:00:00,1968.79,1969.02,1964.34,1967.38,0
2023-05-23 17:00:00,1967.34,1974.71,1966.33,1973.14,0
2023-05-23 18:00:00,1973.27,1975.15,1971.5,1974.94,0
2023-05-23 19:00:00,1974.93,1977.64,1973.93,1976.26,0
2023-05-23 20:00:00,1976.28,1976.4,1974.47,1974.79,0
2023-05-23 21:00:00,1974.81,1975.31,1974.31,1974.88,0
2023-05-23 23:00:00,1975.1,1977.08,1974.84,1976.89,0
2023-05-24 00:00:00,1976.9,1977.29,1974.74,1975.0,0
2023-05-24 01:00:00,1975.05,1977.05,1974.64,1975.06,0
2023-05-24 02:00:00,1975.09,1976.07,1973.06,1973.9,0
2023-05-24 03:00:00,1973.64,1975.05,1972.83,1973.3,0
2023-05-24 04:00:00,1973.3,1976.54,1972.8,1976.54,0
2023-05-24 05:00:00,1976.54,1978.7,1976.24,1977.62,0
2023-05-24 06:00:00,1977.67,1980.58,1976.98,1979.42,0
2023-05-24 07:00:00,1979.46,1979.77,1971.16,1971.92,0
2023-05-24 08:00:00,1971.82,1976.4,1970.7,1974.02,0
2023-05-24 09:00:00,1974.08,1977.73,1973.57,1976.27,0
2023-05-24 10:00:00,1976.31,1977.19,1973.9,1976.1,0
2023-05-24 11:00:00,1976.07,1977.28,1974.15,1976.7,0
2023-05-24 12:00:00,1976.7,1982.03,1976.18,1981.93,0
2023-05-24 13:00:00,1981.91,1985.24,1978.46,1979.95,0
2023-05-24 14:00:00,1979.95,1980.91,1971.54,1972.62,0
2023-05-24 15:00:00,1972.55,1972.93,1966.66,1969.51,0
2023-05-24 16:00:00,1969.54,1970.6,1960.52,1963.11,0
2023-05-24 17:00:00,1963.12,1963.38,1956.74,1959.1,0
2023-05-24 18:00:00,1959.12,1964.4,1958.43,1962.5,0
2023-05-24 19:00:00,1962.54,1965.26,1959.56,1959.86,0
2023-05-24 20:00:00,1959.95,1961.18,1958.09,1958.98,0
2023-05-24 21:00:00,1959.03,1960.1,1957.06,1957.24,0
2023-05-24 23:00:00,1958.34,1961.84,1957.44,1961.09,0
2023-05-25 00:00:00,1960.99,1961.0,1958.08,1959.82,0
2023-05-25 01:00:00,1959.82,1960.18,1957.73,1959.4,0
2023-05-25 02:00:00,1959.36,1960.16,1955.04,1956.52,0
2023-05-25 03:00:00,1956.49,1958.81,1955.74,1957.62,0
2023-05-25 04:00:00,1957.62,1958.91,1956.93,1957.22,0
2023-05-25 05:00:00,1957.24,1958.13,1956.35,1957.89,0
2023-05-25 06:00:00,1957.9,1958.56,1955.0,1955.99,0
2023-05-25 07:00:00,1955.95,1960.54,1954.98,1959.02,0
2023-05-25 08:00:00,1958.98,1961.39,1957.53,1959.51,0
2023-05-25 09:00:00,1959.53,1964.75,1959.25,1962.03,0
2023-05-25 10:00:00,1962.04,1963.95,1960.47,1961.08,0
2023-05-25 11:00:00,1961.08,1962.87,1960.95,1961.93,0
2023-05-25 12:00:00,1961.96,1962.61,1960.05,1961.96,0
2023-05-25 13:00:00,1962.02,1963.08,1939.33,1943.69,0
2023-05-25 14:00:00,1943.66,1954.04,1943.45,1946.59,0
2023-05-25 15:00:00,1946.64,1951.68,1944.15,1945.33,0
2023-05-25 16:00:00,1945.24,1946.93,1943.41,1945.44,0
2023-05-25 17:00:00,1945.5,1946.94,1942.98,1943.62,0
2023-05-25 18:00:00,1943.62,1945.06,1942.72,1944.53,0
2023-05-25 19:00:00,1944.4,1944.4,1941.85,1942.2,0
2023-05-25 20:00:00,1942.1,1942.38,1938.85,1940.16,0
2023-05-25 21:00:00,1940.03,1940.95,1939.82,1940.69,0
2023-05-25 23:00:00,1941.38,1943.04,1941.2,1942.32,0
2023-05-26 00:00:00,1942.28,1942.3,1939.43,1940.58,0
2023-05-26 01:00:00,1940.58,1941.7,1936.72,1940.91,0
2023-05-26 02:00:00,1940.98,1946.89,1940.36,1946.8,0
2023-05-26 03:00:00,1946.8,1948.83,1945.88,1946.0,0
2023-05-26 04:00:00,1945.98,1948.8,1944.96,1948.5,0
2023-05-26 05:00:00,1948.48,1948.96,1947.2,1947.95,0
2023-05-26 06:00:00,1948.0,1951.83,1947.51,1948.68,0
2023-05-26 07:00:00,1948.68,1952.51,1946.98,1951.74,0
2023-05-26 08:00:00,1951.44,1957.31,1950.34,1956.26,0
2023-05-26 09:00:00,1956.15,1956.77,1951.42,1952.6,0
2023-05-26 10:00:00,1952.59,1954.18,1951.76,1953.65,0
2023-05-26 11:00:00,1953.66,1953.97,1951.93,1953.47,0
2023-05-26 12:00:00,1953.47,1953.77,1951.08,1951.49,0
2023-05-26 13:00:00,1951.48,1953.94,1944.31,1947.41,0
2023-05-26 14:00:00,1947.44,1950.54,1946.12,1946.98,0
2023-05-26 15:00:00,1946.94,1951.92,1938.93,1942.15,0
2023-05-26 16:00:00,1942.15,1943.76,1938.81,1943.52,0
2023-05-26 17:00:00,1943.49,1946.54,1942.84,1944.13,0
2023-05-26 18:00:00,1944.1,1945.4,1943.08,1944.93,0
2023-05-26 19:00:00,1944.96,1947.0,1944.57,1946.21,0
2023-05-26 20:00:00,1946.25,1947.59,1944.8,1947.4,0
2023-05-26 21:00:00,1947.44,1947.52,1946.27,1946.72,0
2023-05-28 23:00:00,1943.15,1946.42,1941.96,1944.02,0
2023-05-29 00:00:00,1944.02,1944.73,1943.32,1943.72,0
2023-05-29 01:00:00,1943.7,1944.07,1941.03,1941.6,0
2023-05-29 02:00:00,1941.6,1946.22,1940.26,1943.2,0
2023-05-29 03:00:00,1943.26,1945.17,1942.66,1945.13,0
2023-05-29 04:00:00,1945.12,1945.9,1944.62,1945.63,0
2023-05-29 05:00:00,1945.64,1946.11,1945.26,1945.81,0
2023-05-29 06:00:00,1945.88,1947.05,1945.1,1947.01,0
2023-05-29 07:00:00,1946.98,1948.93,1946.34,1946.62,0
2023-05-29 08:00:00,1946.61,1947.2,1943.89,1944.26,0
2023-05-29 09:00:00,1944.27,1945.47,1940.89,1945.32,0
2023-05-29 10:00:00,1945.28,1946.33,1944.38,1945.92,0
2023-05-29 11:00:00,1945.91,1945.98,1944.26,1945.58,0
2023-05-29 12:00:00,1945.54,1946.67,1945.07,1946.37,0
2023-05-29 13:00:00,1946.44,1949.72,1944.84,1948.83,0
2023-05-29 14:00:00,1948.83,1949.65,1945.16,1946.66,0
2023-05-29 15:00:00,1946.74,1948.3,1946.19,1947.05,0
2023-05-29 16:00:00,1946.99,1947.65,1945.9,1945.95,0
2023-05-29 17:00:00,1945.96,1945.96,1943.19,1943.55,0
2023-05-29 18:00:00,1943.53,1944.08,1942.84,1943.47,0
2023-05-29 19:00:00,1943.46,1943.65,1943.02,1943.58,0
2023-05-29 23:00:00,1943.46,1944.35,1942.8,1943.14,0
2023-05-30 00:00:00,1943.13,1943.14,1941.41,1941.6,0
2023-05-30 01:00:00,1941.46,1943.23,1941.06,1942.71,0
2023-05-30 02:00:00,1942.72,1945.19,1942.7,1945.06,0
2023-05-30 03:00:00,1945.08,1946.66,1944.72,1945.4,0
2023-05-30 04:00:00,1945.4,1945.68,1939.34,1939.46,0
2023-05-30 05:00:00,1939.43,1940.92,1937.95,1938.96,0
2023-05-30 06:00:00,1938.96,1938.99,1932.07,1933.42,0
2023-05-30 07:00:00,1933.38,1937.61,1932.18,1936.92,0
2023-05-30 08:00:00,1936.91,1942.37,1934.86,1942.36,0
2023-05-30 09:00:00,1942.26,1946.96,1941.67,1944.99,0
2023-05-30 10:00:00,1944.96,1953.02,1942.39,1952.91,0
2023-05-30 11:00:00,1952.9,1956.31,1952.33,1955.45,0
2023-05-30 12:00:00,1955.48,1960.82,1954.35,1960.23,0
2023-05-30 13:00:00,1960.3,1962.26,1956.19,1956.46,0
2023-05-30 14:00:00,1956.52,1958.26,1952.44,1952.8,0
2023-05-30 15:00:00,1952.82,1959.94,1951.04,1958.52,0
2023-05-30 16:00:00,1958.51,1962.06,1957.74,1962.06,0
2023-05-30 17:00:00,1962.08,1963.48,1959.77,1959.85,0
2023-05-30 18:00:00,1959.85,1959.95,1957.84,1958.66,0
2023-05-30 19:00:00,1958.62,1959.85,1957.77,1958.45,0
2023-05-30 20:00:00,1958.42,1960.81,1957.8,1960.2,0
2023-05-30 21:00:00,1960.14,1960.14,1958.94,1959.17,0
2023-05-30 23:00:00,1959.02,1959.43,1958.03,1958.58,0
2023-05-31 00:00:00,1958.6,1959.47,1958.45,1958.58,0
2023-05-31 01:00:00,1958.58,1960.04,1957.44,1959.66,0
2023-05-31 02:00:00,1959.66,1960.54,1954.79,1954.88,0
2023-05-31 03:00:00,1954.81,1957.21,1953.69,1956.14,0
2023-05-31 04:00:00,1956.2,1958.88,1955.93,1958.08,0
2023-05-31 05:00:00,1958.06,1960.16,1957.83,1960.13,0
2023-05-31 06:00:00,1960.14,1965.38,1958.08,1964.4,0
2023-05-31 07:00:00,1964.46,1965.01,1960.16,1960.43,0
2023-05-31 08:00:00,1960.24,1960.24,1955.77,1956.1,0
2023-05-31 09:00:00,1956.13,1959.93,1955.25,1955.34,0
2023-05-31 10:00:00,1955.07,1960.14,1955.01,1958.68,0
2023-05-31 11:00:00,1958.67,1959.25,1954.92,1957.3,0
2023-05-31 12:00:00,1957.29,1960.81,1957.0,1960.37,0
2023-05-31 13:00:00,1960.36,1963.51,1959.98,1962.71,0
2023-05-31 14:00:00,1962.63,1973.7,1961.69,1969.9,0
2023-05-31 15:00:00,1969.9,1974.71,1960.6,1969.9,0
2023-05-31 16:00:00,1969.91,1973.46,1968.62,1968.62,0
2023-05-31 17:00:00,1968.62,1969.29,1963.77,1965.1,0
2023-05-31 18:00:00,1965.19,1968.74,1963.12,1966.24,0
2023-05-31 19:00:00,1966.24,1967.55,1964.3,1964.57,0
2023-05-31 20:00:00,1964.56,1964.99,1962.7,1963.13,0
2023-05-31 21:00:00,1963.06,1963.69,1962.39,1962.6,0
2023-05-31 23:00:00,1963.15,1966.91,1963.05,1966.46,0
2023-06-01 00:00:00,1966.45,1967.02,1965.7,1966.34,0
2023-06-01 01:00:00,1966.37,1967.46,1964.92,1965.9,0
2023-06-01 02:00:00,1965.92,1967.5,1962.14,1965.64,0
2023-06-01 03:00:00,1965.7,1965.7,1963.22,1964.5,0
2023-06-01 04:00:00,1964.48,1966.16,1963.91,1964.27,0
2023-06-01 05:00:00,1964.26,1964.98,1963.42,1964.0,0
2023-06-01 06:00:00,1963.84,1965.86,1962.69,1962.76,0
2023-06-01 07:00:00,1962.91,1963.28,1960.54,1961.58,0
2023-06-01 08:00:00,1961.58,1961.77,1955.18,1955.59,0
2023-06-01 09:00:00,1955.62,1956.81,1953.37,1955.97,0
2023-06-01 10:00:00,1955.98,1960.71,1955.33,1960.15,0
2023-06-01 11:00:00,1960.15,1967.11,1960.0,1966.57,0
2023-06-01 12:00:00,1966.6,1968.38,1966.32,1967.91,0
2023-06-01 13:00:00,1967.9,1968.41,1958.77,1968.4,0
2023-06-01 14:00:00,1968.45,1974.48,1966.05,1973.24,0
2023-06-01 15:00:00,1973.23,1977.44,1969.82,1976.34,0
2023-06-01 16:00:00,1976.33,1983.15,1975.54,1982.12,0
2023-06-01 17:00:00,1982.05,1982.68,1978.46,1978.47,0
2023-06-01 18:00:00,1978.41,1978.43,1976.23,1978.1,0
2023-06-01 19:00:00,1978.1,1978.84,1975.68,1976.12,0
2023-06-01 20:00:00,1976.1,1978.32,1976.1,1978.16,0
2023-06-01 21:00:00,1978.14,1978.4,1977.39,1977.4,0
2023-06-01 23:00:00,1976.89,1977.43,1976.26,1977.38,0
2023-06-02 00:00:00,1977.3,1977.46,1975.94,1977.0,0
2023-06-02 01:00:00,1977.04,1977.55,1975.54,1975.78,0
2023-06-02 02:00:00,1975.84,1978.69,1974.04,1977.37,0
2023-06-02 03:00:00,1977.41,1980.77,1977.04,1980.48,0
2023-06-02 04:00:00,1980.44,1983.43,1980.18,1982.53,0
2023-06-02 05:00:00,1982.48,1982.91,1979.35,1979.76,0
2023-06-02 06:00:00,1979.73,1981.97,1978.31,1980.58,0
2023-06-02 07:00:00,1980.71,1981.05,1977.06,1978.48,0
2023-06-02 08:00:00,1978.45,1978.92,1975.89,1976.1,0
2023-06-02 09:00:00,1976.04,1979.89,1975.05,1979.15,0
2023-06-02 10:00:00,1979.09,1981.23,1978.22,1980.58,0
2023-06-02 11:00:00,1980.43,1980.92,1978.22,1978.59,0
2023-06-02 12:00:00,1978.59,1980.94,1977.9,1978.82,0
2023-06-02 13:00:00,1978.82,1980.11,1968.66,1970.98,0
2023-06-02 14:00:00,1970.95,1976.66,1961.95,1963.53,0
2023-06-02 15:00:00,1963.68,1967.24,1961.03,1965.05,0
2023-06-02 16:00:00,1964.98,1965.5,1961.2,1962.08,0
2023-06-02 17:00:00,1962.06,1962.25,1952.25,1952.27,0
2023-06-02 18:00:00,1952.35,1953.81,1951.32,1951.96,0
2023-06-02 19:00:00,1951.98,1952.14,1950.13,1951.08,0
2023-06-02 20:00:00,1951.13,1951.17,1948.09,1948.7,0
2023-06-02 21:00:00,1948.72,1948.98,1947.5,1947.62,0
2023-06-04 23:00:00,1947.26,1950.12,1947.13,1948.92,0
2023-06-05 00:00:00,1948.9,1949.95,1947.41,1949.4,0
2023-06-05 01:00:00,1949.44,1949.5,1945.7,1946.5,0
2023-06-05 02:00:00,1946.57,1948.38,1945.77,1947.51,0
2023-06-05 03:00:00,1947.51,1948.28,1944.03,1944.96,0
2023-06-05 04:00:00,1944.95,1947.54,1944.36,1947.14,0
2023-06-05 05:00:00,1947.08,1947.4,1944.93,1946.06,0
2023-06-05 06:00:00,1946.06,1946.61,1942.97,1944.9,0
2023-06-05 07:00:00,1944.72,1945.44,1941.92,1942.92,0
2023-06-05 08:00:00,1942.9,1944.0,1938.56,1939.89,0
2023-06-05 09:00:00,1939.88,1943.84,1938.63,1942.31,0
2023-06-05 10:00:00,1942.29,1946.0,1940.24,1944.77,0
2023-06-05 11:00:00,1944.77,1945.81,1942.19,1943.51,0
2023-06-05 12:00:00,1943.48,1944.19,1938.36,1942.31,0
2023-06-05 13:00:00,1942.33,1943.42,1938.14,1942.96,0
2023-06-05 14:00:00,1942.77,1948.79,1942.76,1946.67,0
2023-06-05 15:00:00,1946.84,1961.94,1946.84,1957.58,0
2023-06-05 16:00:00,1957.58,1959.62,1955.63,1958.17,0
2023-06-05 17:00:00,1958.18,1961.13,1957.13,1958.28,0
2023-06-05 18:00:00,1958.3,1960.97,1957.31,1960.31,0
2023-06-05 19:00:00,1960.31,1962.66,1960.11,1960.76,0
2023-06-05 20:00:00,1960.81,1964.02,1960.8,1961.09,0
2023-06-05 21:00:00,1961.1,1961.87,1961.0,1961.7,0
2023-06-05 23:00:00,1961.58,1962.57,1960.78,1962.46,0
2023-06-06 00:00:00,1962.47,1963.14,1961.01,1961.3,0
2023-06-06 01:00:00,1961.34,1961.7,1960.51,1961.08,0
2023-06-06 02:00:00,1961.14,1961.42,1959.01,1960.5,0
2023-06-06 03:00:00,1960.48,1964.6,1959.65,1961.0,0
2023-06-06 04:00:00,1961.09,1961.1,1959.05,1959.26,0
2023-06-06 05:00:00,1959.51,1961.24,1959.06,1961.24,0
2023-06-06 06:00:00,1961.27,1962.76,1957.86,1957.86,0
2023-06-06 07:00:00,1957.92,1961.52,1957.76,1959.35,0
2023-06-06 08:00:00,1959.26,1960.97,1956.82,1957.59,0
2023-06-06 09:00:00,1957.59,1961.42,1957.27,1960.24,0
2023-06-06 10:00:00,1960.26,1963.48,1960.17,1962.34,0
2023-06-06 11:00:00,1962.37,1964.97,1961.98,1963.46,0
2023-06-06 12:00:00,1963.47,1964.92,1962.81,1962.81,0
2023-06-06 13:00:00,1962.8,1966.36,1959.89,1961.88,0
2023-06-06 14:00:00,1961.82,1964.68,1954.38,1957.22,0
2023-06-06 15:00:00,1957.26,1962.58,1956.66,1960.05,0
2023-06-06 16:00:00,1960.07,1964.34,1958.61,1963.46,0
2023-06-06 17:00:00,1963.48,1966.41,1961.06,1963.6,0
2023-06-06 18:00:00,1963.6,1966.09,1962.97,1964.48,0
2023-06-06 19:00:00,1964.5,1965.11,1963.06,1963.26,0
2023-06-06 20:00:00,1963.24,1963.46,1962.32,1962.88,0
2023-06-06 21:00:00,1962.94,1963.51,1962.48,1963.23,0
2023-06-06 23:00:00,1963.86,1964.52,1963.06,1963.72,0
2023-06-07 00:00:00,1963.68,1964.28,1962.78,1963.42,0
2023-06-07 01:00:00,1963.43,1965.1,1963.28,1964.86,0
2023-06-07 02:00:00,1964.94,1966.66,1964.24,1964.92,0
2023-06-07 03:00:00,1964.92,1965.5,1963.11,1964.6,0
2023-06-07 04:00:00,1964.55,1964.62,1962.91,1963.44,0
2023-06-07 05:00:00,1963.42,1964.54,1963.3,1964.5,0
2023-06-07 06:00:00,1964.52,1965.06,1962.74,1963.18,0
2023-06-07 07:00:00,1963.17,1964.06,1957.12,1957.59,0
2023-06-07 08:00:00,1957.52,1957.93,1954.98,1956.18,0
2023-06-07 09:00:00,1956.18,1961.66,1955.8,1961.62,0
2023-06-07 10:00:00,1961.72,1964.56,1961.44,1964.5,0
2023-06-07 11:00:00,1964.46,1966.38,1962.35,1962.67,0
2023-06-07 12:00:00,1962.73,1965.23,1960.91,1961.31,0
2023-06-07 13:00:00,1961.3,1961.36,1957.2,1958.6,0
2023-06-07 14:00:00,1958.52,1970.19,1958.08,1969.51,0
2023-06-07 15:00:00,1969.73,1969.73,1956.58,1957.72,0
2023-06-07 16:00:00,1957.7,1958.73,1946.45,1947.19,0
2023-06-07 17:00:00,1947.44,1947.7,1940.9,1942.22,0
2023-06-07 18:00:00,1942.22,1946.57,1940.92,1944.47,0
2023-06-07 19:00:00,1944.49,1944.84,1942.01,1942.76,0
2023-06-07 20:00:00,1942.7,1943.2,1940.07,1940.14,0
2023-06-07 21:00:00,1940.09,1941.6,1939.77,1939.87,0
2023-06-07 23:00:00,1940.46,1943.55,1940.12,1942.28,0
2023-06-08 00:00:00,1942.28,1945.41,1941.7,1944.48,0
2023-06-08 01:00:00,1944.61,1946.33,1944.34,1946.19,0
2023-06-08 02:00:00,1946.2,1946.69,1944.46,1945.9,0
2023-06-08 03:00:00,1945.94,1947.02,1944.46,1946.31,0
2023-06-08 04:00:00,1946.28,1947.16,1945.82,1946.35,0
2023-06-08 05:00:00,1946.37,1947.35,1945.76,1946.6,0
2023-06-08 06:00:00,1946.62,1947.84,1945.7,1945.97,0
2023-06-08 07:00:00,1945.96,1947.24,1942.81,1944.76,0
2023-06-08 08:00:00,1944.69,1948.25,1944.3,1947.32,0
2023-06-08 09:00:00,1947.25,1949.15,1946.69,1948.32,0
2023-06-08 10:00:00,1948.32,1948.63,1945.84,1946.45,0
2023-06-08 11:00:00,1946.56,1947.96,1945.86,1946.68,0
2023-06-08 12:00:00,1946.68,1947.86,1944.96,1946.68,0
2023-06-08 13:00:00,1946.72,1960.04,1946.25,1959.3,0
2023-06-08 14:00:00,1959.38,1968.5,1957.13,1966.65,0
2023-06-08 15:00:00,1966.71,1970.5,1965.11,1967.21,0
2023-06-08 16:00:00,1967.22,1968.64,1965.66,1966.84,0
2023-06-08 17:00:00,1966.83,1969.26,1965.47,1966.35,0
2023-06-08 18:00:00,1966.16,1966.67,1961.8,1963.9,0
2023-06-08 19:00:00,1963.9,1965.4,1962.9,1965.22,0
2023-06-08 20:00:00,1965.23,1965.48,1963.29,1965.02,0
2023-06-08 21:00:00,1965.01,1966.04,1964.84,1965.44,0
2023-06-08 23:00:00,1965.79,1966.44,1965.67,1966.13,0
2023-06-09 00:00:00,1966.12,1966.21,1965.26,1965.4,0
2023-06-09 01:00:00,1965.4,1965.55,1963.38,1963.38,0
2023-06-09 02:00:00,1963.41,1965.7,1963.19,1964.52,0
2023-06-09 03:00:00,1964.4,1964.75,1963.45,1964.24,0
2023-06-09 04:00:00,1964.23,1964.94,1963.66,1963.83,0
2023-06-09 05:00:00,1963.82,1964.2,1962.41,1963.18,0
2023-06-09 06:00:00,1963.18,1965.42,1962.68,1964.78,0
2023-06-09 07:00:00,1964.84,1966.09,1964.08,1965.72,0
2023-06-09 08:00:00,1965.71,1965.71,1962.85,1963.25,0
2023-06-09 09:00:00,1963.22,1963.41,1960.63,1962.17,0
2023-06-09 10:00:00,1962.16,1963.81,1961.76,1961.9,0
2023-06-09 11:00:00,1961.93,1965.05,1961.66,1963.64,0
2023-06-09 12:00:00,1963.65,1967.0,1963.1,1966.48,0
2023-06-09 13:00:00,1966.47,1973.0,1962.12,1962.93,0
2023-06-09 14:00:00,1962.92,1965.18,1956.64,1961.62,0
2023-06-09 15:00:00,1961.59,1968.11,1960.24,1963.42,0
2023-06-09 16:00:00,1963.42,1965.48,1960.79,1962.18,0
2023-06-09 17:00:00,1962.19,1962.83,1960.87,1961.25,0
2023-06-09 18:00:00,1961.2,1962.88,1960.43,1961.62,0
2023-06-09 19:00:00,1961.66,1962.82,1960.97,1961.51,0
2023-06-09 20:00:00,1961.51,1961.96,1959.67,1960.19,0
2023-06-09 21:00:00,1960.22,1961.15,1960.09,1960.46,0
2023-06-11 23:00:00,1960.16,1960.51,1958.76,1959.0,0
2023-06-12 00:00:00,1958.96,1960.57,1958.03,1960.0,0
2023-06-12 01:00:00,1959.94,1960.49,1958.02,1958.34,0
2023-06-12 02:00:00,1958.32,1959.54,1955.51,1955.99,0
2023-06-12 03:00:00,1955.92,1956.29,1954.3,1956.04,0
2023-06-12 04:00:00,1956.02,1958.81,1955.36,1958.47,0
2023-06-12 05:00:00,1958.47,1958.47,1956.71,1956.99,0
2023-06-12 06:00:00,1957.0,1961.47,1956.6,1959.12,0
2023-06-12 07:00:00,1959.16,1962.13,1958.0,1960.38,0
2023-06-12 08:00:00,1960.24,1961.5,1958.76,1960.61,0
2023-06-12 09:00:00,1960.49,1965.42,1960.22,1964.85,0
2023-06-12 10:00:00,1964.95,1965.63,1963.66,1965.2,0
2023-06-12 11:00:00,1965.23,1966.98,1964.01,1964.11,0
2023-06-12 12:00:00,1964.12,1965.08,1961.71,1964.05,0
2023-06-12 13:00:00,1964.05,1965.96,1961.08,1962.82,0
2023-06-12 14:00:00,1962.84,1964.0,1949.22,1952.04,0
2023-06-12 15:00:00,1952.12,1954.81,1949.45,1954.26,0
2023-06-12 16:00:00,1954.28,1958.68,1953.88,1955.43,0
2023-06-12 17:00:00,1955.43,1956.25,1953.11,1954.18,0
2023-06-12 18:00:00,1954.16,1956.77,1953.22,1955.9,0
2023-06-12 19:00:00,1955.87,1957.91,1955.85,1956.62,0
2023-06-12 20:00:00,1956.59,1958.7,1955.74,1958.0,0
2023-06-12 21:00:00,1958.13,1958.68,1956.78,1957.34,0
2023-06-12 23:00:00,1957.07,1958.4,1956.76,1958.29,0
2023-06-13 00:00:00,1958.31,1960.58,1958.27,1959.95,0
2023-06-13 01:00:00,1959.93,1960.96,1957.81,1957.9,0
2023-06-13 02:00:00,1957.87,1959.77,1956.12,1956.96,0
2023-06-13 03:00:00,1956.95,1959.4,1955.97,1959.02,0
2023-06-13 04:00:00,1959.03,1962.12,1958.38,1962.04,0
2023-06-13 05:00:00,1962.05,1962.2,1960.48,1960.91,0
2023-06-13 06:00:00,1960.86,1961.49,1958.28,1958.42,0
2023-06-13 07:00:00,1958.46,1963.42,1958.35,1962.45,0
2023-06-13 08:00:00,1962.49,1965.39,1962.15,1962.26,0
2023-06-13 09:00:00,1962.29,1964.76,1961.5,1964.16,0
2023-06-13 10:00:00,1964.24,1964.61,1962.7,1963.28,0
2023-06-13 11:00:00,1963.28,1966.04,1962.02,1965.88,0
2023-06-13 12:00:00,1965.95,1966.23,1963.51,1963.8,0
2023-06-13 13:00:00,1963.74,1970.9,1950.58,1961.39,0
2023-06-13 14:00:00,1961.41,1965.98,1953.69,1954.2,0
2023-06-13 15:00:00,1954.15,1955.81,1950.93,1952.63,0
2023-06-13 16:00:00,1952.6,1953.15,1942.08,1943.18,0
2023-06-13 17:00:00,1943.17,1947.14,1942.57,1945.03,0
2023-06-13 18:00:00,1944.99,1946.67,1941.29,1942.61,0
2023-06-13 19:00:00,1942.61,1943.77,1940.35,1940.6,0
2023-06-13 20:00:00,1940.57,1943.86,1940.06,1943.57,0
2023-06-13 21:00:00,1943.51,1944.53,1942.12,1943.44,0
2023-06-13 23:00:00,1943.22,1945.15,1943.13,1944.12,0
2023-06-14 00:00:00,1944.12,1944.12,1942.22,1943.9,0
2023-06-14 01:00:00,1944.02,1945.64,1942.82,1944.42,0
2023-06-14 02:00:00,1944.42,1947.71,1944.1,1946.92,0
2023-06-14 03:00:00,1946.9,1947.96,1946.22,1947.58,0
2023-06-14 04:00:00,1947.52,1949.4,1946.86,1949.29,0
2023-06-14 05:00:00,1949.28,1949.5,1947.92,1948.82,0
2023-06-14 06:00:00,1948.8,1949.23,1946.09,1946.4,0
2023-06-14 07:00:00,1946.35,1947.8,1945.46,1946.34,0
2023-06-14 08:00:00,1946.15,1951.58,1945.29,1949.66,0
2023-06-14 09:00:00,1949.62,1950.97,1948.47,1949.88,0
2023-06-14 10:00:00,1949.88,1952.92,1949.88,1951.34,0
2023-06-14 11:00:00,1951.41,1951.44,1947.81,1947.86,0
2023-06-14 12:00:00,1947.79,1948.14,1945.82,1947.02,0
2023-06-14 13:00:00,1947.04,1960.25,1946.55,1957.16,0
2023-06-14 14:00:00,1957.02,1958.93,1955.02,1956.09,0
2023-06-14 15:00:00,1956.07,1959.26,1955.05,1957.9,0
2023-06-14 16:00:00,1957.92,1959.25,1955.55,1956.05,0
2023-06-14 17:00:00,1956.06,1957.45,1954.95,1955.11,0
2023-06-14 18:00:00,1955.07,1955.78,1953.34,1953.57,0
2023-06-14 19:00:00,1953.66,1953.66,1940.01,1950.08,0
2023-06-14 20:00:00,1950.06,1951.54,1943.59,1945.02,0
2023-06-14 21:00:00,1944.95,1946.16,1939.61,1941.74,0
2023-06-14 23:00:00,1942.09,1945.24,1942.01,1944.0,0
2023-06-15 00:00:00,1943.97,1945.34,1942.83,1945.28,0
2023-06-15 01:00:00,1945.2,1945.26,1936.38,1939.28,0
2023-06-15 02:00:00,1939.24,1939.29,1932.94,1933.39,0
2023-06-15 03:00:00,1933.32,1936.14,1932.41,1935.27,0
2023-06-15 04:00:00,1935.2,1936.48,1934.3,1934.88,0
2023-06-15 05:00:00,1934.92,1935.65,1933.3,1934.53,0
2023-06-15 06:00:00,1934.47,1939.86,1930.76,1937.77,0
2023-06-15 07:00:00,1937.6,1937.69,1931.96,1932.61,0
2023-06-15 08:00:00,1932.65,1934.5,1929.03,1933.54,0
2023-06-15 09:00:00,1933.51,1934.59,1930.74,1931.67,0
2023-06-15 10:00:00,1931.82,1936.15,1931.1,1935.79,0
2023-06-15 11:00:00,1935.78,1936.8,1933.34,1933.81,0
2023-06-15 12:00:00,1933.81,1933.94,1927.9,1928.56,0
2023-06-15 13:00:00,1928.57,1933.76,1924.82,1933.52,0
2023-06-15 14:00:00,1933.49,1953.55,1933.47,1952.84,0
2023-06-15 15:00:00,1952.87,1959.73,1951.41,1953.09,0
2023-06-15 16:00:00,1953.12,1957.8,1951.99,1956.57,0
2023-06-15 17:00:00,1956.56,1960.2,1956.56,1959.57,0
2023-06-15 18:00:00,1959.57,1960.29,1957.7,1958.79,0
2023-06-15 19:00:00,1958.8,1959.5,1956.93,1957.53,0
2023-06-15 20:00:00,1957.54,1959.63,1957.51,1958.69,0
2023-06-15 21:00:00,1958.74,1958.9,1957.63,1957.96,0
2023-06-15 23:00:00,1957.17,1958.68,1957.11,1958.56,0
2023-06-16 00:00:00,1958.59,1959.26,1958.16,1958.24,0
2023-06-16 01:00:00,1958.22,1959.41,1956.58,1956.88,0
2023-06-16 02:00:00,1956.88,1962.02,1956.49,1959.32,0
2023-06-16 03:00:00,1959.38,1959.43,1955.24,1955.45,0
2023-06-16 04:00:00,1955.42,1958.08,1955.38,1956.65,0
2023-06-16 05:00:00,1956.66,1956.67,1954.94,1955.45,0
2023-06-16 06:00:00,1955.47,1958.29,1954.69,1958.1,0
2023-06-16 07:00:00,1958.24,1963.4,1957.4,1960.92,0
2023-06-16 08:00:00,1960.91,1962.7,1959.26,1961.57,0
2023-06-16 09:00:00,1961.61,1964.02,1959.99,1963.15,0
2023-06-16 10:00:00,1963.16,1964.75,1963.16,1964.32,0
2023-06-16 11:00:00,1964.29,1965.57,1963.08,1964.86,0
2023-06-16 12:00:00,1964.92,1966.56,1963.95,1965.63,0
2023-06-16 13:00:00,1965.71,1967.91,1962.42,1962.62,0
2023-06-16 14:00:00,1962.63,1963.93,1956.47,1961.02,0
2023-06-16 15:00:00,1963.2,1966.05,1953.29,1960.29,0
2023-06-16 16:00:00,1960.32,1961.72,1955.29,1956.29,0
2023-06-16 17:00:00,1956.29,1956.91,1954.0,1955.3,0
2023-06-16 18:00:00,1955.3,1959.55,1955.19,1959.24,0
2023-06-16 19:00:00,1959.24,1959.79,1957.93,1958.68,0
2023-06-16 20:00:00,1958.68,1958.68,1955.46,1955.46,0
2023-06-16 21:00:00,1955.5,1958.16,1955.5,1957.28,0
2023-06-18 23:00:00,1958.1,1958.5,1956.91,1958.04,0
2023-06-19 00:00:00,1958.08,1958.3,1956.17,1957.14,0
2023-06-19 01:00:00,1957.16,1958.66,1956.24,1956.78,0
2023-06-19 02:00:00,1956.76,1958.31,1955.63,1956.05,0
2023-06-19 03:00:00,1956.04,1956.48,1954.25,1955.47,0
2023-06-19 04:00:00,1955.48,1955.81,1953.96,1955.76,0
2023-06-19 05:00:00,1955.76,1957.16,1954.58,1957.09,0
2023-06-19 06:00:00,1957.16,1957.48,1954.21,1954.64,0
2023-06-19 07:00:00,1954.63,1955.87,1953.18,1954.28,0
2023-06-19 08:00:00,1954.33,1955.22,1952.77,1955.11,0
2023-06-19 09:00:00,1955.07,1958.73,1955.07,1956.5,0
2023-06-19 10:00:00,1956.48,1956.65,1950.2,1950.44,0
2023-06-19 11:00:00,1950.44,1951.06,1949.02,1949.74,0
2023-06-19 12:00:00,1949.78,1950.73,1948.39,1948.52,0
2023-06-19 13:00:00,1948.54,1952.25,1947.83,1952.21,0
2023-06-19 14:00:00,1952.26,1953.35,1951.23,1952.02,0
2023-06-19 15:00:00,1952.14,1953.18,1950.8,1952.66,0
2023-06-19 16:00:00,1952.7,1953.5,1950.54,1950.68,0
2023-06-19 17:00:00,1950.69,1951.88,1949.99,1950.23,0
2023-06-19 18:00:00,1950.21,1950.63,1949.52,1949.69,0
2023-06-19 19:00:00,1949.64,1950.6,1949.54,1950.5,0
2023-06-19 23:00:00,1951.02,1954.12,1950.97,1952.22,0
2023-06-20 00:00:00,1952.2,1952.52,1950.98,1952.52,0
2023-06-20 01:00:00,1952.58,1953.02,1950.59,1951.07,0
2023-06-20 02:00:00,1951.04,1951.84,1945.19,1947.03,0
2023-06-20 03:00:00,1946.94,1950.86,1946.49,1950.02,0
2023-06-20 04:00:00,1950.06,1950.72,1949.2,1950.29,0
2023-06-20 05:00:00,1950.3,1951.32,1949.77,1949.92,0
2023-06-20 06:00:00,1949.89,1950.36,1946.91,1948.81,0
2023-06-20 07:00:00,1948.76,1953.83,1948.18,1951.24,0
2023-06-20 08:00:00,1951.24,1956.83,1951.22,1954.94,0
2023-06-20 09:00:00,1954.84,1955.6,1952.86,1953.32,0
2023-06-20 10:00:00,1953.37,1954.51,1952.2,1952.74,0
2023-06-20 11:00:00,1952.78,1953.04,1949.99,1951.52,0
2023-06-20 12:00:00,1951.51,1953.63,1950.45,1951.4,0
2023-06-20 13:00:00,1951.43,1954.58,1944.19,1944.77,0
2023-06-20 14:00:00,1944.7,1945.25,1931.01,1931.89,0
2023-06-20 15:00:00,1931.83,1936.2,1929.83,1934.98,0
2023-06-20 16:00:00,1934.98,1936.5,1933.33,1935.22,0
2023-06-20 17:00:00,1935.3,1938.04,1934.22,1937.58,0
2023-06-20 18:00:00,1937.57,1938.11,1936.16,1938.11,0
2023-06-20 19:00:00,1938.11,1938.32,1936.39,1938.23,0
2023-06-20 20:00:00,1938.24,1938.64,1935.93,1936.1,0
2023-06-20 21:00:00,1936.23,1936.84,1935.48,1936.17,0
2023-06-20 23:00:00,1936.54,1938.19,1936.31,1936.65,0
2023-06-21 00:00:00,1936.66,1938.89,1936.35,1937.3,0
2023-06-21 01:00:00,1937.34,1938.23,1936.34,1936.84,0
2023-06-21 02:00:00,1936.77,1938.45,1936.01,1936.39,0
2023-06-21 03:00:00,1936.42,1939.53,1935.46,1937.2,0
2023-06-21 04:00:00,1937.21,1937.79,1936.52,1937.04,0
2023-06-21 05:00:00,1937.04,1937.37,1935.47,1935.82,0
2023-06-21 06:00:00,1935.83,1936.75,1934.23,1935.51,0
2023-06-21 07:00:00,1935.52,1935.64,1931.3,1934.93,0
2023-06-21 08:00:00,1934.96,1937.44,1933.85,1935.08,0
2023-06-21 09:00:00,1935.08,1935.93,1933.61,1934.62,0
2023-06-21 10:00:00,1934.67,1935.85,1932.14,1933.27,0
2023-06-21 11:00:00,1933.26,1935.7,1932.24,1934.35,0
2023-06-21 12:00:00,1934.37,1935.47,1933.4,1934.59,0
2023-06-21 13:00:00,1934.57,1935.38,1925.98,1929.85,0
2023-06-21 14:00:00,1929.84,1930.93,1919.2,1928.65,0
2023-06-21 15:00:00,1928.6,1934.66,1924.26,1931.96,0
2023-06-21 16:00:00,1931.99,1932.92,1929.29,1932.27,0
2023-06-21 17:00:00,1932.27,1934.14,1930.45,1933.36,0
2023-06-21 18:00:00,1933.26,1935.8,1933.04,1934.16,0
2023-06-21 19:00:00,1934.13,1937.66,1934.02,1935.9,0
2023-06-21 20:00:00,1935.94,1936.04,1933.24,1933.59,0
2023-06-21 21:00:00,1933.59,1934.51,1931.94,1932.6,0
2023-06-21 23:00:00,1932.68,1934.56,1932.66,1933.55,0
2023-06-22 00:00:00,1933.52,1934.95,1932.96,1933.86,0
2023-06-22 01:00:00,1933.93,1934.02,1932.29,1932.3,0
2023-06-22 02:00:00,1932.22,1934.23,1931.5,1933.23,0
2023-06-22 03:00:00,1933.13,1933.66,1932.02,1933.41,0
2023-06-22 04:00:00,1933.41,1934.27,1932.29,1932.66,0
2023-06-22 05:00:00,1932.61,1933.11,1929.74,1929.77,0
2023-06-22 06:00:00,1929.8,1930.72,1927.97,1930.55,0
2023-06-22 07:00:00,1930.5,1931.51,1927.71,1928.04,0
2023-06-22 08:00:00,1928.1,1930.9,1927.11,1930.0,0
2023-06-22 09:00:00,1929.94,1931.47,1924.9,1927.42,0
2023-06-22 10:00:00,1927.41,1929.49,1926.28,1928.76,0
2023-06-22 11:00:00,1928.74,1929.36,1926.72,1928.72,0
2023-06-22 12:00:00,1928.72,1929.77,1925.33,1927.39,0
2023-06-22 13:00:00,1927.36,1930.96,1923.48,1923.5,0
2023-06-22 14:00:00,1923.44,1927.47,1919.03,1922.23,0
2023-06-22 15:00:00,1922.23,1922.71,1914.93,1915.35,0
2023-06-22 16:00:00,1915.32,1918.99,1912.82,1913.49,0
2023-06-22 17:00:00,1913.36,1917.82,1913.08,1915.58,0
2023-06-22 18:00:00,1915.6,1916.8,1913.31,1916.53,0
2023-06-22 19:00:00,1916.62,1916.62,1913.92,1915.33,0
2023-06-22 20:00:00,1915.32,1915.99,1913.67,1913.96,0
2023-06-22 21:00:00,1914.16,1914.57,1912.43,1913.68,0
2023-06-22 23:00:00,1914.06,1914.29,1913.0,1913.7,0
2023-06-23 00:00:00,1913.71,1915.0,1913.39,1914.47,0
2023-06-23 01:00:00,1914.55,1916.12,1914.05,1915.6,0
2023-06-23 02:00:00,1915.52,1915.83,1910.92,1912.22,0
2023-06-23 03:00:00,1912.17,1912.95,1910.17,1910.52,0
2023-06-23 04:00:00,1910.5,1912.52,1910.33,1912.44,0
2023-06-23 05:00:00,1912.46,1917.27,1912.16,1916.56,0
2023-06-23 06:00:00,1916.57,1918.09,1915.17,1915.23,0
2023-06-23 07:00:00,1915.12,1916.9,1912.97,1913.6,0
2023-06-23 08:00:00,1913.57,1918.96,1913.03,1918.11,0
2023-06-23 09:00:00,1917.93,1920.15,1917.08,1917.7,0
2023-06-23 10:00:00,1917.7,1919.65,1916.95,1917.93,0
2023-06-23 11:00:00,1917.93,1918.24,1916.61,1917.63,0
2023-06-23 12:00:00,1917.6,1920.7,1917.58,1919.22,0
2023-06-23 13:00:00,1919.26,1929.76,1918.92,1928.89,0
2023-06-23 14:00:00,1928.97,1937.42,1928.7,1932.27,0
2023-06-23 15:00:00,1932.19,1933.09,1924.3,1926.99,0
2023-06-23 16:00:00,1927.02,1927.78,1920.98,1921.08,0
2023-06-23 17:00:00,1921.08,1922.41,1917.99,1918.73,0
2023-06-23 18:00:00,1918.73,1921.29,1918.49,1920.9,0
2023-06-23 19:00:00,1920.89,1920.93,1919.35,1920.59,0
2023-06-23 20:00:00,1920.58,1921.27,1919.03,1919.15,0
2023-06-23 21:00:00,1919.08,1921.67,1919.08,1920.85,0
2023-06-25 23:00:00,1923.86,1924.9,1922.72,1924.76,0
2023-06-26 00:00:00,1924.75,1925.49,1923.89,1925.32,0
2023-06-26 01:00:00,1925.31,1927.02,1924.7,1926.46,0
2023-06-26 02:00:00,1926.38,1928.58,1925.07,1925.45,0
2023-06-26 03:00:00,1925.35,1926.7,1924.17,1924.58,0
2023-06-26 04:00:00,1924.55,1926.89,1924.41,1925.52,0
2023-06-26 05:00:00,1925.53,1925.95,1924.5,1925.08,0
2023-06-26 06:00:00,1925.07,1927.21,1924.03,1926.82,0
2023-06-26 07:00:00,1926.78,1927.7,1922.21,1922.75,0
2023-06-26 08:00:00,1922.69,1929.17,1922.41,1929.0,0
2023-06-26 09:00:00,1929.07,1933.34,1928.98,1931.77,0
2023-06-26 10:00:00,1931.77,1932.44,1929.34,1929.88,0
2023-06-26 11:00:00,1929.93,1933.36,1929.53,1931.97,0
2023-06-26 12:00:00,1931.95,1932.66,1931.14,1931.38,0
2023-06-26 13:00:00,1931.38,1933.1,1929.85,1931.51,0
2023-06-26 14:00:00,1931.48,1931.72,1921.57,1924.82,0
2023-06-26 15:00:00,1924.82,1925.64,1922.54,1923.34,0
2023-06-26 16:00:00,1923.37,1928.57,1923.36,1925.74,0
2023-06-26 17:00:00,1925.74,1926.54,1923.49,1923.8,0
2023-06-26 18:00:00,1923.79,1925.27,1923.25,1924.57,0
2023-06-26 19:00:00,1924.65,1924.86,1923.12,1923.5,0
2023-06-26 20:00:00,1923.47,1924.06,1922.38,1922.91,0
2023-06-26 21:00:00,1922.84,1923.51,1922.62,1923.14,0
2023-06-26 23:00:00,1923.35,1924.68,1923.34,1924.68,0
2023-06-27 00:00:00,1924.67,1924.67,1921.05,1922.52,0
2023-06-27 01:00:00,1922.48,1924.76,1921.73,1922.76,0
2023-06-27 02:00:00,1922.8,1930.44,1922.69,1929.21,0
2023-06-27 03:00:00,1929.21,1929.64,1927.02,1928.83,0
2023-06-27 04:00:00,1928.73,1929.55,1927.96,1928.46,0
2023-06-27 05:00:00,1928.49,1929.66,1928.37,1928.54,0
2023-06-27 06:00:00,1928.54,1929.57,1925.04,1925.04,0
2023-06-27 07:00:00,1924.96,1927.69,1924.2,1927.48,0
2023-06-27 08:00:00,1927.49,1929.75,1927.18,1928.21,0
2023-06-27 09:00:00,1928.14,1928.7,1924.28,1925.6,0
2023-06-27 10:00:00,1925.56,1925.83,1923.87,1924.12,0
2023-06-27 11:00:00,1924.12,1924.57,1922.83,1923.48,0
2023-06-27 12:00:00,1923.48,1923.49,1919.72,1923.16,0
2023-06-27 13:00:00,1923.13,1930.48,1923.1,1926.26,0
2023-06-27 14:00:00,1926.29,1930.69,1922.82,1923.58,0
2023-06-27 15:00:00,1923.28,1924.09,1911.59,1917.21,0
2023-06-27 16:00:00,1917.28,1917.53,1913.4,1913.55,0
2023-06-27 17:00:00,1913.53,1916.65,1912.06,1914.62,0
2023-06-27 18:00:00,1914.61,1915.88,1911.68,1912.19,0
2023-06-27 19:00:00,1912.21,1914.92,1910.92,1914.8,0
2023-06-27 20:00:00,1914.8,1915.75,1913.4,1913.8,0
2023-06-27 21:00:00,1913.82,1913.89,1912.97,1913.62,0
2023-06-27 23:00:00,1914.25,1915.64,1914.17,1915.02,0
2023-06-28 00:00:00,1915.02,1915.88,1914.79,1915.49,0
2023-06-28 01:00:00,1915.5,1917.26,1915.25,1916.23,0
2023-06-28 02:00:00,1916.43,1916.83,1913.54,1915.13,0
2023-06-28 03:00:00,1915.05,1916.06,1913.46,1915.18,0
2023-06-28 04:00:00,1915.15,1916.87,1914.83,1915.2,0
2023-06-28 05:00:00,1915.21,1916.29,1915.11,1915.23,0
2023-06-28 06:00:00,1915.22,1916.81,1915.05,1915.64,0
2023-06-28 07:00:00,1915.58,1916.32,1909.6,1910.88,0
2023-06-28 08:00:00,1910.94,1912.11,1909.2,1910.96,0
2023-06-28 09:00:00,1910.86,1911.68,1908.28,1909.97,0
2023-06-28 10:00:00,1909.99,1911.98,1907.22,1907.33,0
2023-06-28 11:00:00,1907.41,1909.07,1906.16,1906.94,0
2023-06-28 12:00:00,1906.93,1907.8,1905.73,1907.16,0
2023-06-28 13:00:00,1907.17,1908.53,1905.62,1906.98,0
2023-06-28 14:00:00,1906.97,1911.56,1902.85,1909.99,0
2023-06-28 15:00:00,1910.15,1911.14,1905.18,1907.14,0
2023-06-28 16:00:00,1907.08,1913.28,1906.19,1910.91,0
2023-06-28 17:00:00,1910.9,1912.93,1909.89,1912.29,0
2023-06-28 18:00:00,1912.31,1913.43,1911.53,1911.76,0
2023-06-28 19:00:00,1911.82,1913.16,1911.81,1912.25,0
2023-06-28 20:00:00,1912.15,1912.34,1909.29,1909.35,0
2023-06-28 21:00:00,1909.32,1910.12,1906.82,1907.28,0
2023-06-28 23:00:00,1907.59,1910.4,1907.21,1909.94,0
2023-06-29 00:00:00,1909.98,1910.73,1909.61,1909.75,0
2023-06-29 01:00:00,1909.76,1910.18,1908.01,1909.98,0
2023-06-29 02:00:00,1909.97,1912.8,1909.44,1909.86,0
2023-06-29 03:00:00,1909.81,1909.81,1904.45,1904.62,0
2023-06-29 04:00:00,1904.58,1905.65,1902.8,1905.48,0
2023-06-29 05:00:00,1905.42,1905.98,1904.5,1905.32,0
2023-06-29 06:00:00,1905.35,1905.55,1903.16,1904.49,0
2023-06-29 07:00:00,1904.48,1905.32,1902.6,1904.72,0
2023-06-29 08:00:00,1904.33,1907.47,1902.62,1905.72,0
2023-06-29 09:00:00,1906.02,1908.16,1904.51,1906.21,0
2023-06-29 10:00:00,1906.24,1906.33,1903.94,1905.13,0
2023-06-29 11:00:00,1905.17,1909.94,1904.56,1909.94,0
2023-06-29 12:00:00,1909.91,1910.99,1909.21,1910.03,0
2023-06-29 13:00:00,1909.94,1912.15,1895.5,1896.14,0
2023-06-29 14:00:00,1896.16,1899.88,1893.01,1899.68,0
2023-06-29 15:00:00,1899.69,1913.12,1899.32,1910.96,0
2023-06-29 16:00:00,1910.96,1912.67,1908.44,1908.98,0
2023-06-29 17:00:00,1908.97,1910.42,1908.13,1910.3,0
2023-06-29 18:00:00,1910.21,1910.78,1907.78,1908.02,0
2023-06-29 19:00:00,1908.02,1908.61,1906.73,1907.05,0
2023-06-29 20:00:00,1907.04,1909.21,1906.26,1907.8,0
2023-06-29 21:00:00,1907.67,1908.47,1907.5,1908.25,0
2023-06-29 23:00:00,1908.57,1909.06,1907.64,1908.24,0
2023-06-30 00:00:00,1908.26,1908.9,1907.09,1908.75,0
2023-06-30 01:00:00,1908.78,1909.27,1907.57,1908.71,0
2023-06-30 02:00:00,1908.76,1909.7,1907.1,1907.93,0
2023-06-30 03:00:00,1907.89,1909.65,1907.63,1907.86,0
2023-06-30 04:00:00,1907.78,1909.37,1907.45,1908.29,0
2023-06-30 05:00:00,1908.34,1908.64,1906.88,1908.21,0
2023-06-30 06:00:00,1908.31,1909.95,1907.18,1907.18,0
2023-06-30 07:00:00,1907.18,1907.53,1903.74,1906.84,0
2023-06-30 08:00:00,1906.83,1907.53,1904.44,1905.29,0
2023-06-30 09:00:00,1905.36,1905.57,1900.54,1901.91,0
2023-06-30 10:00:00,1902.22,1905.48,1901.54,1905.2,0
2023-06-30 11:00:00,1905.18,1906.48,1904.26,1906.31,0
2023-06-30 12:00:00,1906.32,1906.66,1904.35,1905.34,0
2023-06-30 13:00:00,1905.38,1913.81,1904.64,1911.04,0
2023-06-30 14:00:00,1910.97,1914.5,1909.7,1911.92,0
2023-06-30 15:00:00,1912.81,1919.05,1911.88,1915.45,0
2023-06-30 16:00:00,1915.44,1919.48,1914.56,1919.1,0
2023-06-30 17:00:00,1919.08,1920.58,1917.46,1920.08,0
2023-06-30 18:00:00,1920.07,1922.79,1917.85,1918.63,0
2023-06-30 19:00:00,1918.66,1920.06,1918.51,1919.03,0
2023-06-30 20:00:00,1919.09,1920.36,1917.89,1920.08,0
2023-06-30 21:00:00,1920.04,1920.08,1918.19,1919.17,0
2023-07-02 23:00:00,1918.99,1919.66,1918.33,1919.28,0
2023-07-03 00:00:00,1919.3,1919.36,1917.53,1918.25,0
2023-07-03 01:00:00,1918.2,1918.86,1916.77,1917.1,0
2023-07-03 02:00:00,1917.08,1918.93,1916.0,1917.32,0
2023-07-03 03:00:00,1917.32,1917.76,1914.65,1914.88,0
2023-07-03 04:00:00,1914.85,1919.09,1914.74,1918.37,0
2023-07-03 05:00:00,1918.36,1920.19,1917.94,1920.11,0
2023-07-03 06:00:00,1920.11,1920.64,1916.68,1917.02,0
2023-07-03 07:00:00,1917.01,1917.69,1913.48,1915.17,0
2023-07-03 08:00:00,1915.25,1916.18,1912.12,1912.2,0
2023-07-03 09:00:00,1912.22,1913.43,1910.12,1912.11,0
2023-07-03 10:00:00,1912.11,1914.27,1911.77,1913.18,0
2023-07-03 11:00:00,1913.18,1914.38,1911.79,1913.91,0
2023-07-03 12:00:00,1913.91,1914.43,1911.98,1912.6,0
2023-07-03 13:00:00,1912.57,1922.08,1911.62,1921.94,0
2023-07-03 14:00:00,1921.94,1927.04,1919.48,1926.11,0
2023-07-03 15:00:00,1929.68,1930.99,1924.26,1930.2,0
2023-07-03 16:00:00,1930.25,1930.38,1926.0,1926.64,0
2023-07-03 17:00:00,1926.58,1926.72,1921.83,1921.94,0
2023-07-03 18:00:00,1922.17,1922.19,1920.65,1920.66,0
2023-07-03 19:00:00,1920.66,1921.81,1920.65,1921.28,0
2023-07-03 20:00:00,1921.31,1921.82,1921.09,1921.38,0
2023-07-03 21:00:00,1921.42,1921.68,1921.08,1921.48,0
2023-07-03 23:00:00,1921.36,1921.64,1921.15,1921.24,0
2023-07-04 00:00:00,1921.24,1921.36,1919.95,1921.26,0
2023-07-04 01:00:00,1921.26,1922.09,1920.86,1921.2,0
2023-07-04 02:00:00,1921.21,1923.18,1920.04,1921.61,0
2023-07-04 03:00:00,1921.6,1921.91,1920.57,1921.52,0
2023-07-04 04:00:00,1921.52,1923.53,1921.38,1923.05,0
2023-07-04 05:00:00,1923.05,1924.53,1922.83,1924.3,0
2023-07-04 06:00:00,1924.28,1924.73,1923.3,1923.7,0
2023-07-04 07:00:00,1923.72,1927.58,1923.44,1927.44,0
2023-07-04 08:00:00,1927.5,1928.47,1926.0,1928.06,0
2023-07-04 09:00:00,1928.07,1928.86,1925.76,1928.59,0
2023-07-04 10:00:00,1928.6,1930.72,1928.58,1929.79,0
2023-07-04 11:00:00,1929.79,1930.75,1928.66,1928.82,0
2023-07-04 12:00:00,1928.83,1929.67,1927.65,1928.61,0
2023-07-04 13:00:00,1928.57,1930.3,1926.24,1926.81,0
2023-07-04 14:00:00,1926.81,1928.97,1926.17,1928.26,0
2023-07-04 15:00:00,1928.33,1929.56,1927.49,1928.14,0
2023-07-04 16:00:00,1928.12,1928.22,1926.9,1927.11,0
2023-07-04 17:00:00,1927.11,1927.29,1924.09,1924.2,0
2023-07-04 18:00:00,1924.16,1925.82,1923.98,1925.46,0
2023-07-04 19:00:00,1925.47,1926.1,1924.98,1925.88,0
2023-07-04 23:00:00,1925.79,1927.14,1924.62,1926.16,0
2023-07-05 00:00:00,1926.12,1926.39,1924.89,1926.36,0
2023-07-05 01:00:00,1926.36,1927.13,1925.85,1926.74,0
2023-07-05 02:00:00,1926.84,1926.84,1924.04,1924.18,0
2023-07-05 03:00:00,1924.18,1924.76,1923.21,1924.73,0
2023-07-05 04:00:00,1924.73,1925.1,1924.06,1924.4,0
2023-07-05 05:00:00,1924.39,1926.03,1924.2,1925.57,0
2023-07-05 06:00:00,1925.6,1926.49,1925.01,1925.53,0
2023-07-05 07:00:00,1925.65,1925.75,1920.85,1922.17,0
2023-07-05 08:00:00,1922.15,1927.76,1921.69,1927.48,0
2023-07-05 09:00:00,1927.4,1928.08,1925.21,1926.99,0
2023-07-05 10:00:00,1926.97,1929.12,1926.81,1929.05,0
2023-07-05 11:00:00,1929.04,1929.6,1926.64,1927.34,0
2023-07-05 12:00:00,1927.31,1928.26,1926.25,1927.54,0
2023-07-05 13:00:00,1927.49,1930.14,1925.19,1929.35,0
2023-07-05 14:00:00,1929.37,1935.08,1922.74,1925.19,0
2023-07-05 15:00:00,1925.96,1925.96,1919.11,1922.72,0
2023-07-05 16:00:00,1922.7,1925.26,1922.24,1923.23,0
2023-07-05 17:00:00,1923.24,1924.82,1921.4,1921.62,0
2023-07-05 18:00:00,1921.63,1921.63,1919.05,1919.75,0
2023-07-05 19:00:00,1919.84,1921.39,1915.98,1916.06,0
2023-07-05 20:00:00,1916.08,1917.9,1915.22,1915.89,0
2023-07-05 21:00:00,1915.78,1916.76,1914.75,1915.16,0
2023-07-05 23:00:00,1915.98,1917.96,1915.92,1916.29,0
2023-07-06 00:00:00,1916.26,1917.24,1915.59,1916.87,0
2023-07-06 01:00:00,1916.87,1917.71,1916.13,1917.39,0
2023-07-06 02:00:00,1917.39,1919.74,1916.44,1919.55,0
2023-07-06 03:00:00,1919.61,1919.75,1918.11,1918.76,0
2023-07-06 04:00:00,1918.73,1919.27,1918.08,1918.15,0
2023-07-06 05:00:00,1918.03,1918.2,1916.9,1917.9,0
2023-07-06 06:00:00,1917.9,1921.25,1917.78,1920.15,0
2023-07-06 07:00:00,1920.04,1921.55,1919.23,1920.49,0
2023-07-06 08:00:00,1920.55,1921.19,1918.94,1918.97,0
2023-07-06 09:00:00,1918.98,1919.74,1916.09,1918.15,0
2023-07-06 10:00:00,1918.08,1919.55,1916.72,1917.35,0
2023-07-06 11:00:00,1917.33,1925.01,1917.28,1924.86,0
2023-07-06 12:00:00,1924.84,1927.51,1924.41,1926.67,0
2023-07-06 13:00:00,1926.67,1927.66,1902.66,1906.3,0
2023-07-06 14:00:00,1906.39,1915.0,1904.69,1910.67,0
2023-07-06 15:00:00,1908.58,1910.82,1902.77,1907.88,0
2023-07-06 16:00:00,1907.92,1911.69,1907.19,1911.53,0
2023-07-06 17:00:00,1911.54,1912.43,1909.0,1909.88,0
2023-07-06 18:00:00,1909.87,1910.99,1908.94,1910.9,0
2023-07-06 19:00:00,1910.89,1911.16,1909.66,1910.89,0
2023-07-06 20:00:00,1910.9,1911.94,1909.9,1910.24,0
2023-07-06 21:00:00,1910.24,1911.11,1910.05,1910.93,0
2023-07-06 23:00:00,1910.59,1911.25,1909.58,1910.95,0
2023-07-07 00:00:00,1910.96,1912.29,1910.96,1911.58,0
2023-07-07 01:00:00,1911.64,1912.44,1909.62,1910.6,0
2023-07-07 02:00:00,1910.61,1912.1,1910.32,1910.67,0
2023-07-07 03:00:00,1910.67,1911.61,1909.87,1910.93,0
2023-07-07 04:00:00,1910.91,1912.24,1910.41,1911.19,0
2023-07-07 05:00:00,1911.23,1912.35,1910.32,1912.15,0
2023-07-07 06:00:00,1912.25,1914.56,1911.95,1914.32,0
2023-07-07 07:00:00,1914.44,1915.46,1913.0,1913.36,0
2023-07-07 08:00:00,1913.28,1916.49,1912.09,1914.63,0
2023-07-07 09:00:00,1914.66,1915.79,1913.36,1915.6,0
2023-07-07 10:00:00,1915.63,1916.8,1914.44,1916.15,0
2023-07-07 11:00:00,1916.1,1917.86,1915.19,1916.32,0
2023-07-07 12:00:00,1916.39,1918.38,1915.95,1917.53,0
2023-07-07 13:00:00,1917.63,1927.98,1914.3,1918.88,0
2023-07-07 14:00:00,1918.72,1927.62,1915.52,1923.31,0
2023-07-07 15:00:00,1923.43,1934.2,1921.34,1933.72,0
2023-07-07 16:00:00,1933.58,1934.86,1926.52,1927.68,0
2023-07-07 17:00:00,1927.66,1929.35,1926.4,1926.91,0
2023-07-07 18:00:00,1926.95,1928.11,1926.11,1927.01,0
2023-07-07 19:00:00,1927.12,1927.31,1925.44,1926.42,0
2023-07-07 20:00:00,1926.28,1926.37,1924.73,1924.75,0
2023-07-07 21:00:00,1924.75,1925.58,1924.38,1925.31,0
2023-07-09 23:00:00,1924.52,1928.25,1924.51,1926.08,0
2023-07-10 00:00:00,1926.1,1926.1,1923.9,1924.88,0
2023-07-10 01:00:00,1924.92,1925.32,1922.82,1924.32,0
2023-07-10 02:00:00,1924.3,1926.91,1924.25,1924.97,0
2023-07-10 03:00:00,1924.97,1925.54,1924.12,1925.06,0
2023-07-10 04:00:00,1925.07,1925.69,1922.57,1923.92,0
2023-07-10 05:00:00,1923.92,1923.93,1921.03,1921.31,0
2023-07-10 06:00:00,1921.29,1921.59,1919.64,1920.18,0
2023-07-10 07:00:00,1920.22,1924.48,1919.39,1923.42,0
2023-07-10 08:00:00,1923.46,1925.73,1922.68,1924.91,0
2023-07-10 09:00:00,1924.93,1925.66,1922.73,1925.18,0
2023-07-10 10:00:00,1925.3,1926.29,1922.82,1923.26,0
2023-07-10 11:00:00,1923.26,1924.44,1922.73,1923.62,0
2023-07-10 12:00:00,1923.62,1925.78,1922.98,1924.73,0
2023-07-10 13:00:00,1924.75,1924.97,1912.68,1914.02,0
2023-07-10 14:00:00,1914.04,1924.6,1914.04,1923.08,0
2023-07-10 15:00:00,1923.2,1925.02,1920.68,1922.04,0
2023-07-10 16:00:00,1922.04,1924.05,1921.53,1923.53,0
2023-07-10 17:00:00,1923.52,1926.0,1922.68,1925.59,0
2023-07-10 18:00:00,1925.59,1926.86,1925.1,1925.7,0
2023-07-10 19:00:00,1925.72,1926.09,1924.87,1925.76,0
2023-07-10 20:00:00,1925.81,1926.49,1924.9,1925.89,0
2023-07-10 21:00:00,1925.68,1925.94,1924.91,1925.28,0
2023-07-10 23:00:00,1925.18,1925.65,1924.57,1925.14,0
2023-07-11 00:00:00,1925.12,1925.64,1924.38,1924.94,0
2023-07-11 01:00:00,1924.98,1927.19,1924.42,1926.42,0
2023-07-11 02:00:00,1926.42,1927.88,1925.09,1925.56,0
2023-07-11 03:00:00,1925.58,1927.88,1924.84,1927.82,0
2023-07-11 04:00:00,1927.75,1929.06,1925.8,1926.72,0
2023-07-11 05:00:00,1926.68,1929.45,1926.42,1929.43,0
2023-07-11 06:00:00,1929.43,1930.09,1928.12,1929.02,0
2023-07-11 07:00:00,1929.08,1938.38,1928.86,1936.17,0
2023-07-11 08:00:00,1936.22,1936.3,1929.92,1932.28,0
2023-07-11 09:00:00,1932.34,1937.36,1931.98,1936.7,0
2023-07-11 10:00:00,1936.89,1938.25,1934.86,1938.21,0
2023-07-11 11:00:00,1938.16,1938.45,1934.91,1935.19,0
2023-07-11 12:00:00,1935.16,1937.58,1934.75,1936.33,0
2023-07-11 13:00:00,1936.34,1936.55,1929.53,1932.0,0
2023-07-11 14:00:00,1931.95,1934.05,1929.49,1933.52,0
2023-07-11 15:00:00,1933.52,1935.42,1931.28,1931.84,0
2023-07-11 16:00:00,1931.84,1933.18,1930.25,1931.04,0
2023-07-11 17:00:00,1931.06,1932.86,1929.38,1932.39,0
2023-07-11 18:00:00,1932.4,1932.64,1930.73,1932.12,0
2023-07-11 19:00:00,1932.13,1932.4,1930.54,1931.9,0
2023-07-11 20:00:00,1931.89,1932.57,1931.59,1932.48,0
2023-07-11 21:00:00,1932.4,1932.51,1931.58,1932.09,0
2023-07-11 23:00:00,1932.34,1933.81,1932.26,1933.51,0
2023-07-12 00:00:00,1933.52,1933.55,1932.9,1933.35,0
2023-07-12 01:00:00,1933.4,1936.3,1933.29,1935.8,0
2023-07-12 02:00:00,1935.8,1939.08,1935.73,1937.53,0
2023-07-12 03:00:00,1937.54,1941.0,1936.68,1940.14,0
2023-07-12 04:00:00,1940.14,1940.24,1937.72,1938.57,0
2023-07-12 05:00:00,1938.56,1939.16,1937.6,1938.95,0
2023-07-12 06:00:00,1938.97,1940.27,1937.89,1938.65,0
2023-07-12 07:00:00,1938.72,1940.21,1934.39,1934.86,0
2023-07-12 08:00:00,1934.81,1936.1,1933.94,1934.74,0
2023-07-12 09:00:00,1934.76,1936.53,1933.72,1934.85,0
2023-07-12 10:00:00,1934.84,1936.35,1934.42,1935.51,0
2023-07-12 11:00:00,1935.5,1935.56,1933.78,1934.32,0
2023-07-12 12:00:00,1934.32,1936.42,1933.48,1934.71,0
2023-07-12 13:00:00,1934.7,1950.06,1933.64,1943.13,0
2023-07-12 14:00:00,1943.17,1957.4,1940.96,1956.1,0
2023-07-12 15:00:00,1956.06,1957.91,1952.57,1957.72,0
2023-07-12 16:00:00,1957.74,1958.36,1953.38,1955.74,0
2023-07-12 17:00:00,1955.73,1959.5,1955.37,1959.19,0
2023-07-12 18:00:00,1959.24,1959.67,1955.75,1957.22,0
2023-07-12 19:00:00,1957.27,1957.87,1956.73,1957.76,0
2023-07-12 20:00:00,1957.73,1958.84,1956.96,1958.74,0
2023-07-12 21:00:00,1958.76,1958.77,1957.32,1957.35,0
2023-07-12 23:00:00,1957.09,1958.36,1956.89,1957.74,0
2023-07-13 00:00:00,1957.72,1958.07,1957.44,1957.82,0
2023-07-13 01:00:00,1957.89,1958.93,1956.51,1957.04,0
2023-07-13 02:00:00,1957.05,1959.94,1956.44,1959.61,0
2023-07-13 03:00:00,1959.66,1961.7,1958.64,1960.14,0
2023-07-13 04:00:00,1960.11,1961.06,1958.8,1960.29,0
2023-07-13 05:00:00,1960.36,1962.35,1957.11,1957.24,0
2023-07-13 06:00:00,1957.26,1958.44,1955.29,1955.46,0
2023-07-13 07:00:00,1955.48,1963.04,1955.48,1962.88,0
2023-07-13 08:00:00,1962.84,1963.38,1959.32,1961.85,0
2023-07-13 09:00:00,1961.85,1962.8,1960.32,1960.92,0
2023-07-13 10:00:00,1960.93,1961.0,1959.49,1960.03,0
2023-07-13 11:00:00,1960.07,1960.63,1958.22,1960.52,0
2023-07-13 12:00:00,1960.53,1960.72,1957.95,1959.95,0
2023-07-13 13:00:00,1960.08,1963.58,1952.43,1957.54,0
2023-07-13 14:00:00,1957.52,1961.43,1956.74,1958.59,0
2023-07-13 15:00:00,1958.38,1961.95,1957.59,1960.9,0
2023-07-13 16:00:00,1960.9,1961.66,1954.68,1955.02,0
2023-07-13 17:00:00,1955.14,1959.78,1954.78,1958.82,0
2023-07-13 18:00:00,1958.83,1960.47,1957.61,1960.06,0
2023-07-13 19:00:00,1960.06,1960.81,1958.89,1959.92,0
2023-07-13 20:00:00,1959.92,1960.58,1959.61,1959.98,0
2023-07-13 21:00:00,1960.06,1960.7,1959.87,1960.39,0
2023-07-13 23:00:00,1960.28,1960.95,1959.94,1960.0,0
2023-07-14 00:00:00,1960.0,1961.86,1959.88,1960.1,0
2023-07-14 01:00:00,1960.29,1960.56,1958.36,1959.38,0
2023-07-14 02:00:00,1959.4,1963.27,1958.48,1962.9,0
2023-07-14 03:00:00,1962.88,1963.77,1961.56,1961.61,0
2023-07-14 04:00:00,1961.62,1963.13,1961.12,1962.62,0
2023-07-14 05:00:00,1962.58,1962.6,1960.33,1960.42,0
2023-07-14 06:00:00,1960.43,1961.33,1957.9,1958.85,0
2023-07-14 07:00:00,1958.89,1960.41,1955.69,1956.63,0
2023-07-14 08:00:00,1956.64,1957.42,1954.37,1956.88,0
2023-07-14 09:00:00,1956.89,1958.25,1955.67,1956.24,0
2023-07-14 10:00:00,1956.28,1957.4,1955.37,1955.97,0
2023-07-14 11:00:00,1955.95,1957.1,1955.2,1956.13,0
2023-07-14 12:00:00,1956.15,1960.12,1956.15,1959.32,0
2023-07-14 13:00:00,1959.33,1962.69,1956.94,1957.55,0
2023-07-14 14:00:00,1957.5,1960.98,1954.49,1960.06,0
2023-07-14 15:00:00,1957.18,1960.67,1950.95,1960.2,0
2023-07-14 16:00:00,1960.45,1962.01,1957.42,1958.16,0
2023-07-14 17:00:00,1958.14,1959.37,1957.14,1958.99,0
2023-07-14 18:00:00,1959.02,1960.4,1958.3,1960.34,0
2023-07-14 19:00:00,1960.33,1961.07,1959.11,1959.29,0
2023-07-14 20:00:00,1959.17,1959.29,1954.36,1954.36,0
2023-07-14 21:00:00,1954.43,1955.81,1954.33,1955.45,0
2023-07-16 23:00:00,1955.42,1955.66,1952.92,1953.14,0
2023-07-17 00:00:00,1953.18,1953.46,1951.47,1953.34,0
2023-07-17 01:00:00,1953.38,1954.76,1952.44,1954.69,0
2023-07-17 02:00:00,1954.68,1955.94,1951.96,1952.63,0
2023-07-17 03:00:00,1952.44,1953.93,1951.3,1953.61,0
2023-07-17 04:00:00,1953.61,1953.76,1950.98,1952.18,0
2023-07-17 05:00:00,1952.15,1953.75,1951.5,1953.72,0
2023-07-17 06:00:00,1953.72,1956.84,1953.51,1954.03,0
2023-07-17 07:00:00,1954.05,1955.08,1952.03,1953.26,0
2023-07-17 08:00:00,1953.33,1955.08,1950.56,1952.42,0
2023-07-17 09:00:00,1952.42,1957.42,1952.04,1955.83,0
2023-07-17 10:00:00,1955.93,1959.28,1954.34,1958.68,0
2023-07-17 11:00:00,1958.7,1959.9,1956.91,1957.25,0
2023-07-17 12:00:00,1957.25,1958.08,1956.68,1957.63,0
2023-07-17 13:00:00,1957.6,1959.5,1948.16,1948.62,0
2023-07-17 14:00:00,1948.72,1951.71,1945.78,1950.57,0
2023-07-17 15:00:00,1950.69,1954.25,1949.36,1954.08,0
2023-07-17 16:00:00,1954.2,1955.17,1951.28,1954.58,0
2023-07-17 17:00:00,1954.62,1955.68,1953.92,1954.61,0
2023-07-17 18:00:00,1954.69,1955.3,1952.5,1955.28,0
2023-07-17 19:00:00,1955.27,1955.99,1954.78,1955.6,0
2023-07-17 20:00:00,1955.62,1956.43,1954.62,1955.38,0
2023-07-17 21:00:00,1955.33,1955.5,1954.51,1954.92,0
2023-07-17 23:00:00,1954.69,1955.12,1954.61,1955.1,0
2023-07-18 00:00:00,1955.09,1956.31,1955.06,1955.43,0
2023-07-18 01:00:00,1955.46,1956.82,1954.69,1955.45,0
2023-07-18 02:00:00,1955.46,1959.55,1955.11,1957.16,0
2023-07-18 03:00:00,1957.14,1959.08,1955.82,1959.07,0
2023-07-18 04:00:00,1959.07,1960.76,1958.62,1959.86,0
2023-07-18 05:00:00,1959.89,1961.12,1959.67,1959.94,0
2023-07-18 06:00:00,1959.96,1961.76,1959.03,1959.28,0
2023-07-18 07:00:00,1959.32,1961.98,1957.78,1961.66,0
2023-07-18 08:00:00,1961.56,1964.13,1960.81,1961.5,0
2023-07-18 09:00:00,1961.52,1963.0,1960.52,1961.67,0
2023-07-18 10:00:00,1961.68,1963.37,1961.22,1962.98,0
2023-07-18 11:00:00,1962.98,1964.37,1961.79,1963.12,0
2023-07-18 12:00:00,1963.13,1972.16,1961.03,1963.1,0
2023-07-18 13:00:00,1963.38,1971.14,1960.8,1968.78,0
2023-07-18 14:00:00,1968.83,1972.15,1963.75,1971.36,0
2023-07-18 15:00:00,1971.29,1983.67,1971.17,1982.83,0
2023-07-18 16:00:00,1982.83,1984.42,1977.49,1978.12,0
2023-07-18 17:00:00,1978.12,1981.54,1976.96,1977.94,0
2023-07-18 18:00:00,1977.98,1977.98,1975.03,1976.32,0
2023-07-18 19:00:00,1976.28,1977.63,1975.36,1976.82,0
2023-07-18 20:00:00,1976.76,1978.19,1976.28,1977.7,0
2023-07-18 21:00:00,1977.65,1978.98,1977.38,1978.74,0
2023-07-18 23:00:00,1978.89,1979.2,1978.56,1978.83,0
2023-07-19 00:00:00,1978.85,1979.17,1976.81,1977.52,0
2023-07-19 01:00:00,1977.57,1978.53,1976.57,1978.53,0
2023-07-19 02:00:00,1978.54,1978.56,1976.38,1976.66,0
2023-07-19 03:00:00,1976.63,1977.31,1974.4,1976.44,0
2023-07-19 04:00:00,1976.42,1977.17,1975.53,1975.54,0
2023-07-19 05:00:00,1975.55,1976.14,1974.08,1974.82,0
2023-07-19 06:00:00,1974.82,1978.4,1974.5,1978.16,0
2023-07-19 07:00:00,1978.39,1979.87,1973.02,1976.59,0
2023-07-19 08:00:00,1976.6,1980.91,1976.56,1977.96,0
2023-07-19 09:00:00,1977.91,1979.1,1977.2,1977.56,0
2023-07-19 10:00:00,1977.55,1979.19,1976.84,1977.23,0
2023-07-19 11:00:00,1977.24,1978.19,1974.16,1974.86,0
2023-07-19 12:00:00,1974.92,1975.95,1971.61,1973.74,0
2023-07-19 13:00:00,1973.75,1979.56,1973.6,1977.62,0
2023-07-19 14:00:00,1977.61,1979.85,1975.67,1977.16,0
2023-07-19 15:00:00,1977.09,1977.89,1969.77,1974.56,0
2023-07-19 16:00:00,1974.56,1976.55,1972.47,1973.93,0
2023-07-19 17:00:00,1973.92,1977.94,1972.07,1977.57,0
2023-07-19 18:00:00,1977.55,1978.94,1976.25,1977.35,0
2023-07-19 19:00:00,1977.35,1978.13,1976.53,1977.88,0
2023-07-19 20:00:00,1977.88,1978.58,1977.6,1978.51,0
2023-07-19 21:00:00,1978.36,1978.57,1976.63,1976.97,0
2023-07-19 23:00:00,1976.56,1978.8,1976.53,1977.47,0
2023-07-20 00:00:00,1977.47,1977.93,1976.91,1977.78,0
2023-07-20 01:00:00,1977.77,1979.31,1977.36,1979.08,0
2023-07-20 02:00:00,1979.08,1985.26,1979.0,1984.93,0
2023-07-20 03:00:00,1985.02,1986.57,1983.67,1986.48,0
2023-07-20 04:00:00,1986.39,1987.46,1985.12,1985.16,0
2023-07-20 05:00:00,1985.2,1985.46,1984.09,1984.61,0
2023-07-20 06:00:00,1984.62,1984.7,1980.12,1980.83,0
2023-07-20 07:00:00,1980.84,1982.49,1979.02,1980.55,0
2023-07-20 08:00:00,1980.71,1982.67,1977.93,1979.28,0
2023-07-20 09:00:00,1979.25,1983.87,1978.23,1981.58,0
2023-07-20 10:00:00,1981.58,1982.37,1980.6,1980.92,0
2023-07-20 11:00:00,1980.97,1983.24,1980.22,1980.64,0
2023-07-20 12:00:00,1980.64,1982.4,1979.4,1981.49,0
2023-07-20 13:00:00,1981.47,1981.65,1972.42,1973.98,0
2023-07-20 14:00:00,1973.95,1980.18,1972.85,1975.96,0
2023-07-20 15:00:00,1976.3,1977.44,1965.84,1970.53,0
2023-07-20 16:00:00,1970.53,1971.06,1967.2,1968.65,0
2023-07-20 17:00:00,1968.68,1968.98,1965.38,1968.01,0
2023-07-20 18:00:00,1968.06,1971.0,1967.99,1970.62,0
2023-07-20 19:00:00,1970.7,1971.56,1969.2,1969.72,0
2023-07-20 20:00:00,1969.77,1971.47,1968.58,1968.86,0
2023-07-20 21:00:00,1968.83,1969.88,1968.58,1969.5,0
2023-07-20 23:00:00,1970.39,1970.81,1970.12,1970.7,0
2023-07-21 00:00:00,1970.71,1972.89,1970.7,1972.24,0
2023-07-21 01:00:00,1972.26,1973.42,1971.66,1973.01,0
2023-07-21 02:00:00,1973.03,1973.8,1971.5,1972.34,0
2023-07-21 03:00:00,1972.34,1972.78,1970.5,1970.95,0
2023-07-21 04:00:00,1970.97,1971.12,1969.94,1970.26,0
2023-07-21 05:00:00,1970.26,1971.07,1969.05,1969.96,0
2023-07-21 06:00:00,1969.99,1970.46,1968.1,1969.41,0
2023-07-21 07:00:00,1969.43,1972.25,1969.06,1970.74,0
2023-07-21 08:00:00,1970.71,1971.14,1964.1,1964.28,0
2023-07-21 09:00:00,1964.23,1965.32,1961.18,1961.46,0
2023-07-21 10:00:00,1961.51,1964.59,1961.06,1963.93,0
2023-07-21 11:00:00,1963.92,1964.41,1962.23,1963.84,0
2023-07-21 12:00:00,1963.86,1966.86,1962.24,1965.77,0
2023-07-21 13:00:00,1965.74,1968.14,1962.46,1963.16,0
2023-07-21 14:00:00,1963.2,1964.38,1958.55,1961.58,0
2023-07-21 15:00:00,1961.54,1965.26,1958.08,1959.78,0
2023-07-21 16:00:00,1959.76,1962.87,1956.86,1960.27,0
2023-07-21 17:00:00,1960.16,1963.86,1960.14,1963.56,0
2023-07-21 18:00:00,1963.58,1964.9,1962.74,1962.79,0
2023-07-21 19:00:00,1962.78,1964.26,1962.73,1963.22,0
2023-07-21 20:00:00,1963.15,1963.15,1961.69,1962.4,0
2023-07-21 21:00:00,1962.47,1962.64,1961.53,1961.84,0
2023-07-23 23:00:00,1962.1,1962.91,1961.71,1962.04,0
2023-07-24 00:00:00,1962.07,1962.31,1960.39,1961.2,0
2023-07-24 01:00:00,1961.29,1962.04,1959.89,1961.82,0
2023-07-24 02:00:00,1961.85,1962.63,1959.12,1961.5,0
2023-07-24 03:00:00,1961.49,1961.99,1960.23,1960.76,0
2023-07-24 04:00:00,1960.67,1962.02,1959.83,1960.19,0
2023-07-24 05:00:00,1960.19,1960.72,1959.05,1960.57,0
2023-07-24 06:00:00,1960.55,1962.14,1959.8,1959.98,0
2023-07-24 07:00:00,1960.03,1962.18,1957.88,1961.77,0
2023-07-24 08:00:00,1961.82,1965.64,1961.6,1963.27,0
2023-07-24 09:00:00,1963.31,1963.93,1959.44,1959.62,0
2023-07-24 10:00:00,1959.65,1966.12,1959.45,1965.41,0
2023-07-24 11:00:00,1965.37,1966.53,1963.86,1965.5,0
2023-07-24 12:00:00,1965.57,1967.91,1964.81,1964.98,0
2023-07-24 13:00:00,1965.03,1967.69,1963.97,1967.46,0
2023-07-24 14:00:00,1967.5,1967.56,1959.15,1959.5,0
2023-07-24 15:00:00,1959.53,1962.47,1957.21,1961.41,0
2023-07-24 16:00:00,1961.49,1962.22,1957.84,1959.67,0
2023-07-24 17:00:00,1959.67,1961.48,1958.37,1959.9,0
2023-07-24 18:00:00,1959.84,1960.71,1958.91,1959.09,0
2023-07-24 19:00:00,1959.12,1959.2,1954.03,1954.99,0
2023-07-24 20:00:00,1955.08,1955.11,1953.4,1954.41,0
2023-07-24 21:00:00,1954.37,1955.52,1954.14,1954.87,0
2023-07-24 23:00:00,1955.34,1955.41,1954.79,1955.03,0
2023-07-25 00:00:00,1954.92,1954.92,1953.22,1954.47,0
2023-07-25 01:00:00,1954.49,1955.67,1953.89,1955.32,0
2023-07-25 02:00:00,1955.39,1962.86,1955.39,1962.7,0
2023-07-25 03:00:00,1962.71,1963.52,1961.53,1962.38,0
2023-07-25 04:00:00,1962.34,1963.56,1961.04,1961.63,0
2023-07-25 05:00:00,1961.63,1962.12,1960.59,1960.63,0
2023-07-25 06:00:00,1960.65,1963.25,1960.43,1962.63,0
2023-07-25 07:00:00,1962.63,1964.03,1960.58,1962.38,0
2023-07-25 08:00:00,1962.4,1962.83,1959.76,1961.3,0
2023-07-25 09:00:00,1961.21,1963.39,1959.35,1962.94,0
2023-07-25 10:00:00,1962.94,1963.7,1961.28,1962.14,0
2023-07-25 11:00:00,1962.13,1962.69,1959.16,1959.17,0
2023-07-25 12:00:00,1959.17,1960.76,1953.19,1960.75,0
2023-07-25 13:00:00,1960.73,1963.54,1956.2,1959.34,0
2023-07-25 14:00:00,1959.33,1961.1,1955.88,1956.96,0
2023-07-25 15:00:00,1956.73,1962.02,1952.14,1961.82,0
2023-07-25 16:00:00,1961.99,1965.28,1961.64,1964.33,0
2023-07-25 17:00:00,1964.31,1965.67,1962.16,1962.39,0
2023-07-25 18:00:00,1962.38,1963.86,1961.28,1962.28,0
2023-07-25 19:00:00,1962.28,1964.13,1962.2,1963.6,0
2023-07-25 20:00:00,1963.52,1965.24,1963.5,1964.52,0
2023-07-25 21:00:00,1964.57,1965.19,1964.25,1964.85,0
2023-07-25 23:00:00,1965.11,1966.3,1964.14,1964.54,0
2023-07-26 00:00:00,1964.55,1965.98,1964.54,1965.36,0
2023-07-26 01:00:00,1965.42,1966.12,1964.77,1964.94,0
2023-07-26 02:00:00,1964.94,1965.63,1962.0,1963.9,0
2023-07-26 03:00:00,1963.9,1964.8,1962.44,1964.15,0
2023-07-26 04:00:00,1964.17,1964.68,1963.19,1964.0,0
2023-07-26 05:00:00,1964.02,1964.5,1963.05,1963.18,0
2023-07-26 06:00:00,1963.2,1965.16,1962.4,1965.03,0
2023-07-26 07:00:00,1965.08,1970.99,1964.45,1969.64,0
2023-07-26 08:00:00,1969.62,1971.18,1968.08,1970.7,0
2023-07-26 09:00:00,1970.72,1972.56,1970.14,1972.1,0
2023-07-26 10:00:00,1972.3,1972.49,1971.02,1971.48,0
2023-07-26 11:00:00,1971.5,1972.09,1969.62,1971.77,0
2023-07-26 12:00:00,1971.78,1974.21,1971.39,1972.23,0
2023-07-26 13:00:00,1972.26,1974.17,1971.26,1972.34,0
2023-07-26 14:00:00,1972.36,1972.36,1963.92,1966.71,0
2023-07-26 15:00:00,1966.61,1969.31,1964.32,1969.08,0
2023-07-26 16:00:00,1969.07,1975.07,1968.6,1972.43,0
2023-07-26 17:00:00,1972.42,1973.4,1969.92,1970.36,0
2023-07-26 18:00:00,1970.26,1970.49,1967.69,1969.44,0
2023-07-26 19:00:00,1969.47,1978.41,1965.62,1977.22,0
2023-07-26 20:00:00,1977.26,1977.43,1971.8,1974.82,0
2023-07-26 21:00:00,1974.8,1974.8,1972.06,1972.27,0
2023-07-26 23:00:00,1971.52,1974.8,1970.89,1973.43,0
2023-07-27 00:00:00,1973.41,1973.9,1971.74,1972.02,0
2023-07-27 01:00:00,1972.12,1973.03,1971.19,1972.51,0
2023-07-27 02:00:00,1972.32,1978.08,1972.32,1977.78,0
2023-07-27 03:00:00,1977.8,1982.05,1977.8,1979.23,0
2023-07-27 04:00:00,1979.24,1979.59,1976.72,1977.99,0
2023-07-27 05:00:00,1978.0,1978.84,1976.52,1976.7,0
2023-07-27 06:00:00,1976.46,1976.86,1975.04,1975.74,0
2023-07-27 07:00:00,1975.78,1977.38,1974.08,1974.77,0
2023-07-27 08:00:00,1974.78,1982.2,1974.27,1979.94,0
2023-07-27 09:00:00,1979.92,1981.12,1975.78,1975.9,0
2023-07-27 10:00:00,1975.89,1978.12,1973.62,1975.4,0
2023-07-27 11:00:00,1975.42,1976.92,1975.04,1976.27,0
2023-07-27 12:00:00,1976.31,1979.11,1975.6,1979.1,0
2023-07-27 13:00:00,1979.1,1979.2,1957.95,1960.2,0
2023-07-27 14:00:00,1960.32,1960.41,1943.38,1945.31,0
2023-07-27 15:00:00,1945.26,1947.88,1942.7,1944.64,0
2023-07-27 16:00:00,1944.66,1947.48,1943.8,1946.94,0
2023-07-27 17:00:00,1946.92,1947.8,1942.62,1944.3,0
2023-07-27 18:00:00,1944.28,1949.67,1943.39,1948.8,0
2023-07-27 19:00:00,1948.79,1948.83,1944.02,1945.44,0
2023-07-27 20:00:00,1945.45,1947.46,1943.7,1944.26,0
2023-07-27 21:00:00,1944.14,1945.52,1943.46,1945.52,0
2023-07-27 23:00:00,1946.63,1947.66,1946.26,1946.9,0
2023-07-28 00:00:00,1946.89,1948.09,1945.38,1947.43,0
2023-07-28 01:00:00,1947.42,1947.83,1946.06,1947.0,0
2023-07-28 02:00:00,1947.0,1951.27,1946.6,1951.08,0
2023-07-28 03:00:00,1951.07,1952.34,1948.52,1952.19,0
2023-07-28 04:00:00,1952.22,1954.91,1950.24,1954.24,0
2023-07-28 05:00:00,1954.28,1956.78,1950.67,1951.89,0
2023-07-28 06:00:00,1951.91,1953.49,1950.72,1952.78,0
2023-07-28 07:00:00,1952.78,1953.58,1950.02,1951.56,0
2023-07-28 08:00:00,1951.34,1953.32,1948.25,1949.65,0
2023-07-28 09:00:00,1949.7,1950.47,1947.9,1949.59,0
2023-07-28 10:00:00,1949.6,1953.71,1948.38,1951.93,0
2023-07-28 11:00:00,1951.95,1954.65,1951.08,1953.17,0
2023-07-28 12:00:00,1953.16,1957.99,1953.09,1956.62,0
2023-07-28 13:00:00,1956.56,1961.13,1954.17,1955.61,0
2023-07-28 14:00:00,1955.52,1958.08,1952.32,1955.9,0
2023-07-28 15:00:00,1955.94,1960.58,1955.1,1960.25,0
2023-07-28 16:00:00,1960.25,1963.41,1959.76,1960.94,0
2023-07-28 17:00:00,1960.98,1963.58,1960.34,1961.14,0
2023-07-28 18:00:00,1961.16,1962.44,1958.87,1959.7,0
2023-07-28 19:00:00,1959.76,1960.96,1958.92,1959.0,0
2023-07-28 20:00:00,1958.94,1959.52,1957.51,1959.05,0
2023-07-28 21:00:00,1959.08,1959.56,1958.62,1959.15,0
2023-07-30 23:00:00,1959.54,1960.63,1959.44,1960.13,0
2023-07-31 00:00:00,1960.15,1960.24,1957.46,1958.1,0
2023-07-31 01:00:00,1958.1,1958.92,1956.42,1958.22,0
2023-07-31 02:00:00,1958.27,1958.62,1955.49,1956.72,0
2023-07-31 03:00:00,1956.71,1958.43,1956.16,1956.74,0
2023-07-31 04:00:00,1956.74,1957.63,1953.76,1954.6,0
2023-07-31 05:00:00,1954.66,1955.84,1953.48,1954.53,0
2023-07-31 06:00:00,1954.54,1955.35,1953.13,1955.15,0
2023-07-31 07:00:00,1955.06,1957.16,1953.64,1954.85,0
2023-07-31 08:00:00,1954.91,1956.29,1953.24,1954.95,0
2023-07-31 09:00:00,1954.98,1956.02,1951.31,1953.51,0
2023-07-31 10:00:00,1953.52,1957.19,1953.31,1956.85,0
2023-07-31 11:00:00,1956.84,1958.4,1956.42,1958.37,0
2023-07-31 12:00:00,1958.42,1961.11,1957.92,1959.13,0
2023-07-31 13:00:00,1959.16,1967.07,1957.51,1965.47,0
2023-07-31 14:00:00,1965.49,1972.42,1962.86,1971.46,0
2023-07-31 15:00:00,1971.5,1971.96,1965.64,1967.42,0
2023-07-31 16:00:00,1967.39,1971.72,1966.82,1970.78,0
2023-07-31 17:00:00,1970.75,1972.32,1970.22,1970.95,0
2023-07-31 18:00:00,1970.97,1972.1,1970.55,1970.98,0
2023-07-31 19:00:00,1970.94,1971.08,1966.4,1966.52,0
2023-07-31 20:00:00,1966.54,1967.12,1964.24,1964.58,0
2023-07-31 21:00:00,1964.58,1966.0,1964.57,1965.52,0
2023-07-31 23:00:00,1965.87,1966.05,1964.55,1965.66,0
2023-08-01 00:00:00,1965.77,1965.78,1963.91,1963.93,0
2023-08-01 01:00:00,1963.94,1964.74,1962.99,1963.46,0
2023-08-01 02:00:00,1963.48,1964.0,1960.76,1960.96,0
2023-08-01 03:00:00,1960.89,1961.14,1959.01,1960.63,0
2023-08-01 04:00:00,1960.61,1962.81,1959.71,1962.23,0
2023-08-01 05:00:00,1962.22,1962.35,1958.89,1959.67,0
2023-08-01 06:00:00,1959.66,1960.21,1958.28,1958.94,0
2023-08-01 07:00:00,1958.93,1959.16,1955.86,1957.71,0
2023-08-01 08:00:00,1957.7,1957.74,1954.46,1955.53,0
2023-08-01 09:00:00,1955.5,1957.24,1954.7,1955.84,0
2023-08-01 10:00:00,1955.83,1957.7,1955.68,1956.9,0
2023-08-01 11:00:00,1956.9,1957.46,1954.56,1956.24,0
2023-08-01 12:00:00,1956.52,1956.62,1953.12,1953.62,0
2023-08-01 13:00:00,1953.66,1956.06,1946.02,1946.85,0
2023-08-01 14:00:00,1946.93,1948.76,1944.47,1947.71,0
2023-08-01 15:00:00,1949.12,1953.79,1943.59,1946.7,0
2023-08-01 16:00:00,1946.71,1946.84,1941.51,1944.35,0
2023-08-01 17:00:00,1944.28,1944.3,1941.98,1943.16,0
2023-08-01 18:00:00,1943.16,1943.67,1941.27,1942.86,0
2023-08-01 19:00:00,1942.85,1945.52,1942.85,1944.35,0
2023-08-01 20:00:00,1944.35,1945.65,1944.02,1944.41,0
2023-08-01 21:00:00,1944.57,1944.92,1944.13,1944.19,0
2023-08-01 23:00:00,1950.77,1951.74,1948.42,1951.2,0
2023-08-02 00:00:00,1951.22,1952.91,1950.54,1952.18,0
2023-08-02 01:00:00,1952.17,1952.44,1948.39,1949.28,0
2023-08-02 02:00:00,1949.28,1949.92,1947.72,1947.74,0
2023-08-02 03:00:00,1947.53,1949.85,1947.18,1948.24,0
2023-08-02 04:00:00,1948.3,1949.54,1946.71,1949.34,0
2023-08-02 05:00:00,1949.34,1949.44,1945.29,1946.4,0
2023-08-02 06:00:00,1946.4,1950.0,1946.36,1949.03,0
2023-08-02 07:00:00,1949.03,1950.45,1947.94,1949.16,0
2023-08-02 08:00:00,1949.34,1950.3,1947.77,1948.4,0
2023-08-02 09:00:00,1948.55,1951.82,1948.38,1949.9,0
2023-08-02 10:00:00,1949.88,1951.38,1948.41,1949.69,0
2023-08-02 11:00:00,1949.68,1953.04,1948.32,1952.73,0
2023-08-02 12:00:00,1952.73,1954.78,1950.43,1950.74,0
2023-08-02 13:00:00,1950.84,1951.93,1943.68,1945.7,0
2023-08-02 14:00:00,1945.7,1947.72,1943.62,1945.14,0
2023-08-02 15:00:00,1945.21,1945.31,1934.0,1935.98,0
2023-08-02 16:00:00,1935.57,1936.98,1933.04,1935.6,0
2023-08-02 17:00:00,1935.5,1938.45,1935.12,1935.74,0
2023-08-02 18:00:00,1935.72,1939.12,1935.52,1936.66,0
2023-08-02 19:00:00,1936.67,1936.86,1935.68,1936.56,0
2023-08-02 20:00:00,1936.57,1936.85,1935.08,1935.28,0
2023-08-02 21:00:00,1935.24,1935.62,1934.48,1934.87,0
2023-08-02 23:00:00,1935.42,1936.96,1934.61,1936.42,0
2023-08-03 00:00:00,1936.36,1936.72,1935.58,1936.08,0
2023-08-03 01:00:00,1936.14,1937.09,1935.38,1935.54,0
2023-08-03 02:00:00,1935.52,1939.0,1935.18,1936.88,0
2023-08-03 03:00:00,1936.81,1938.27,1935.97,1936.29,0
2023-08-03 04:00:00,1936.22,1937.42,1933.98,1937.32,0
2023-08-03 05:00:00,1937.32,1938.04,1933.92,1934.12,0
2023-08-03 06:00:00,1934.14,1935.65,1932.94,1935.14,0
2023-08-03 07:00:00,1935.19,1936.2,1932.79,1933.49,0
2023-08-03 08:00:00,1933.52,1938.26,1930.91,1936.91,0
2023-08-03 09:00:00,1936.96,1938.45,1934.76,1937.79,0
2023-08-03 10:00:00,1937.78,1937.86,1935.48,1936.2,0
2023-08-03 11:00:00,1936.16,1937.44,1932.84,1934.31,0
2023-08-03 12:00:00,1934.29,1937.21,1933.22,1935.15,0
2023-08-03 13:00:00,1935.08,1938.45,1929.55,1932.91,0
2023-08-03 14:00:00,1932.92,1937.82,1930.36,1932.3,0
2023-08-03 15:00:00,1932.35,1938.61,1932.35,1935.02,0
2023-08-03 16:00:00,1934.99,1938.78,1932.84,1933.09,0
2023-08-03 17:00:00,1933.09,1935.98,1932.87,1935.73,0
2023-08-03 18:00:00,1935.67,1935.9,1933.32,1934.75,0
2023-08-03 19:00:00,1934.76,1935.4,1932.69,1933.14,0
2023-08-03 20:00:00,1933.13,1934.47,1932.5,1934.24,0
2023-08-03 21:00:00,1934.24,1934.75,1933.88,1933.98,0
2023-08-03 23:00:00,1934.69,1937.04,1934.44,1935.52,0
2023-08-04 00:00:00,1935.52,1935.88,1934.78,1935.85,0
2023-08-04 01:00:00,1935.85,1936.76,1934.84,1936.75,0
2023-08-04 02:00:00,1936.79,1938.0,1935.57,1936.62,0
2023-08-04 03:00:00,1936.61,1937.6,1934.69,1935.24,0
2023-08-04 04:00:00,1935.22,1936.66,1934.31,1935.3,0
2023-08-04 05:00:00,1935.32,1935.54,1933.16,1934.57,0
2023-08-04 06:00:00,1934.58,1937.51,1934.24,1936.38,0
2023-08-04 07:00:00,1936.34,1936.49,1932.12,1933.13,0
2023-08-04 08:00:00,1932.98,1934.15,1932.14,1932.96,0
2023-08-04 09:00:00,1932.96,1933.76,1932.18,1932.52,0
2023-08-04 10:00:00,1932.53,1934.23,1932.2,1933.52,0
2023-08-04 11:00:00,1933.54,1933.8,1931.22,1932.68,0
2023-08-04 12:00:00,1932.81,1933.46,1931.37,1932.36,0
2023-08-04 13:00:00,1932.38,1942.76,1925.68,1939.02,0
2023-08-04 14:00:00,1938.88,1946.76,1938.75,1943.46,0
2023-08-04 15:00:00,1943.1,1944.07,1938.92,1939.05,0
2023-08-04 16:00:00,1939.05,1944.06,1937.58,1942.74,0
2023-08-04 17:00:00,1942.74,1943.54,1940.82,1941.82,0
2023-08-04 18:00:00,1941.81,1942.25,1940.62,1942.02,0
2023-08-04 19:00:00,1942.08,1942.11,1939.85,1941.28,0
2023-08-04 20:00:00,1941.43,1942.7,1940.73,1941.4,0
2023-08-04 21:00:00,1941.37,1943.36,1941.2,1942.65,0
2023-08-06 23:00:00,1942.55,1946.71,1942.18,1943.74,0
2023-08-07 00:00:00,1943.7,1944.0,1942.72,1943.94,0
2023-08-07 01:00:00,1943.99,1945.35,1942.98,1944.34,0
2023-08-07 02:00:00,1944.19,1944.28,1941.18,1942.41,0
2023-08-07 03:00:00,1942.42,1942.89,1940.14,1940.85,0
2023-08-07 04:00:00,1940.84,1941.77,1938.23,1939.34,0
2023-08-07 05:00:00,1939.31,1939.56,1937.52,1938.85,0
2023-08-07 06:00:00,1938.84,1938.98,1936.23,1936.7,0
2023-08-07 07:00:00,1936.74,1938.21,1935.53,1937.18,0
2023-08-07 08:00:00,1937.21,1938.2,1935.52,1936.84,0
2023-08-07 09:00:00,1936.82,1936.85,1934.52,1936.22,0
2023-08-07 10:00:00,1936.21,1937.62,1934.26,1934.34,0
2023-08-07 11:00:00,1934.32,1935.73,1933.35,1935.28,0
2023-08-07 12:00:00,1935.28,1936.4,1933.76,1936.22,0
2023-08-07 13:00:00,1936.28,1938.31,1933.65,1938.08,0
2023-08-07 14:00:00,1938.08,1941.68,1933.67,1933.75,0
2023-08-07 15:00:00,1933.78,1936.92,1931.53,1934.24,0
2023-08-07 16:00:00,1933.92,1935.43,1931.99,1932.58,0
2023-08-07 17:00:00,1932.58,1935.06,1932.18,1934.45,0
2023-08-07 18:00:00,1934.44,1937.04,1934.15,1936.07,0
2023-08-07 19:00:00,1936.08,1937.13,1935.67,1937.0,0
2023-08-07 20:00:00,1936.99,1937.64,1936.16,1936.82,0
2023-08-07 21:00:00,1936.68,1936.72,1935.74,1936.52,0
2023-08-07 23:00:00,1936.2,1937.36,1935.66,1936.12,0
2023-08-08 00:00:00,1936.24,1938.08,1936.24,1936.82,0
2023-08-08 01:00:00,1936.89,1937.34,1935.18,1935.8,0
2023-08-08 02:00:00,1935.74,1935.81,1931.57,1931.64,0
2023-08-08 03:00:00,1931.64,1935.24,1931.16,1935.02,0
2023-08-08 04:00:00,1935.03,1935.36,1932.91,1933.12,0
2023-08-08 05:00:00,1933.12,1934.64,1932.54,1934.48,0
2023-08-08 06:00:00,1934.58,1934.92,1932.64,1934.02,0
2023-08-08 07:00:00,1934.07,1934.84,1932.55,1933.19,0
2023-08-08 08:00:00,1933.23,1934.31,1930.23,1930.52,0
2023-08-08 09:00:00,1930.78,1935.18,1930.6,1935.15,0
2023-08-08 10:00:00,1935.04,1935.64,1932.78,1934.96,0
2023-08-08 11:00:00,1934.97,1935.4,1930.4,1930.78,0
2023-08-08 12:00:00,1930.8,1933.28,1928.17,1928.82,0
2023-08-08 13:00:00,1928.92,1929.98,1923.84,1925.38,0
2023-08-08 14:00:00,1925.31,1929.02,1922.78,1926.43,0
2023-08-08 15:00:00,1926.4,1932.06,1924.85,1927.13,0
2023-08-08 16:00:00,1927.3,1928.09,1925.27,1925.9,0
2023-08-08 17:00:00,1925.9,1928.5,1924.72,1925.36,0
2023-08-08 18:00:00,1925.42,1926.47,1923.64,1925.62,0
2023-08-08 19:00:00,1925.62,1926.29,1924.4,1925.38,0
2023-08-08 20:00:00,1925.3,1926.67,1924.62,1924.87,0
2023-08-08 21:00:00,1924.83,1925.36,1924.62,1925.22,0
2023-08-08 23:00:00,1925.07,1925.57,1924.57,1925.05,0
2023-08-09 00:00:00,1925.06,1925.72,1924.88,1925.62,0
2023-08-09 01:00:00,1925.66,1926.57,1924.78,1925.12,0
2023-08-09 02:00:00,1925.09,1929.14,1924.3,1927.72,0
2023-08-09 03:00:00,1927.71,1930.68,1927.46,1929.66,0
2023-08-09 04:00:00,1929.67,1930.86,1928.5,1930.14,0
2023-08-09 05:00:00,1930.18,1931.1,1929.44,1930.34,0
2023-08-09 06:00:00,1930.36,1932.14,1930.14,1931.16,0
2023-08-09 07:00:00,1931.2,1932.39,1928.58,1930.28,0
2023-08-09 08:00:00,1930.18,1931.26,1929.48,1930.64,0
2023-08-09 09:00:00,1930.63,1930.75,1927.44,1928.11,0
2023-08-09 10:00:00,1928.12,1928.38,1925.88,1926.2,0
2023-08-09 11:00:00,1926.16,1926.62,1924.61,1925.3,0
2023-08-09 12:00:00,1925.2,1926.31,1923.26,1924.61,0
2023-08-09 13:00:00,1924.54,1926.46,1922.16,1924.95,0
2023-08-09 14:00:00,1924.95,1926.08,1921.57,1922.84,0
2023-08-09 15:00:00,1922.83,1927.6,1916.06,1917.36,0
2023-08-09 16:00:00,1917.16,1918.69,1915.63,1916.72,0
2023-08-09 17:00:00,1916.76,1918.18,1915.66,1916.34,0
2023-08-09 18:00:00,1916.33,1918.04,1916.0,1916.42,0
2023-08-09 19:00:00,1916.44,1916.52,1915.45,1916.22,0
2023-08-09 20:00:00,1916.23,1916.99,1915.55,1915.56,0
2023-08-09 21:00:00,1915.53,1915.72,1914.07,1914.7,0
2023-08-09 23:00:00,1914.81,1916.54,1914.56,1916.38,0
2023-08-10 00:00:00,1916.4,1916.96,1916.29,1916.73,0
2023-08-10 01:00:00,1916.78,1917.45,1915.7,1916.98,0
2023-08-10 02:00:00,1917.02,1919.04,1915.32,1918.02,0
2023-08-10 03:00:00,1918.01,1919.2,1916.99,1917.01,0
2023-08-10 04:00:00,1916.98,1919.11,1916.9,1918.7,0
2023-08-10 05:00:00,1918.7,1918.87,1916.28,1916.74,0
2023-08-10 06:00:00,1916.76,1919.18,1915.77,1918.5,0
2023-08-10 07:00:00,1918.53,1919.1,1915.54,1918.03,0
2023-08-10 08:00:00,1918.0,1920.62,1917.37,1919.37,0
2023-08-10 09:00:00,1919.35,1921.3,1918.63,1919.42,0
2023-08-10 10:00:00,1919.43,1921.6,1919.23,1920.89,0
2023-08-10 11:00:00,1920.9,1922.44,1919.88,1921.77,0
2023-08-10 12:00:00,1921.76,1922.71,1920.84,1921.91,0
2023-08-10 13:00:00,1921.91,1930.15,1921.14,1926.3,0
2023-08-10 14:00:00,1926.26,1927.2,1918.9,1922.74,0
2023-08-10 15:00:00,1922.79,1922.87,1913.44,1915.01,0
2023-08-10 16:00:00,1915.0,1920.33,1912.9,1920.08,0
2023-08-10 17:00:00,1919.98,1921.73,1919.48,1920.56,0
2023-08-10 18:00:00,1920.52,1920.98,1913.42,1913.64,0
2023-08-10 19:00:00,1913.62,1915.14,1912.9,1914.96,0
2023-08-10 20:00:00,1914.96,1915.14,1913.07,1913.36,0
2023-08-10 21:00:00,1913.36,1913.74,1912.17,1912.33,0
2023-08-10 23:00:00,1912.41,1913.41,1912.03,1912.78,0
2023-08-11 00:00:00,1912.73,1912.76,1910.8,1912.41,0
2023-08-11 01:00:00,1912.42,1915.16,1911.89,1914.71,0
2023-08-11 02:00:00,1914.65,1915.69,1914.28,1915.52,0
2023-08-11 03:00:00,1915.55,1916.01,1914.24,1914.83,0
2023-08-11 04:00:00,1914.79,1915.64,1913.18,1914.69,0
2023-08-11 05:00:00,1914.67,1914.88,1912.64,1913.54,0
2023-08-11 06:00:00,1913.54,1915.92,1912.77,1915.76,0
2023-08-11 07:00:00,1915.7,1917.63,1915.37,1916.36,0
2023-08-11 08:00:00,1916.37,1918.1,1915.85,1917.91,0
2023-08-11 09:00:00,1917.92,1919.42,1916.14,1919.02,0
2023-08-11 10:00:00,1919.03,1919.87,1917.02,1917.98,0
2023-08-11 11:00:00,1917.98,1918.44,1917.15,1917.96,0
2023-08-11 12:00:00,1917.96,1919.14,1917.44,1919.06,0
2023-08-11 13:00:00,1919.07,1920.92,1913.16,1916.11,0
2023-08-11 14:00:00,1916.11,1917.81,1912.92,1916.02,0
2023-08-11 15:00:00,1918.95,1920.66,1915.39,1918.64,0
2023-08-11 16:00:00,1918.65,1919.61,1912.98,1914.08,0
2023-08-11 17:00:00,1914.08,1915.28,1913.6,1914.38,0
2023-08-11 18:00:00,1914.37,1915.56,1913.12,1913.28,0
2023-08-11 19:00:00,1913.35,1913.9,1912.56,1913.4,0
2023-08-11 20:00:00,1913.4,1913.75,1912.23,1913.58,0
2023-08-11 21:00:00,1913.46,1914.08,1912.9,1913.62,0
2023-08-13 23:00:00,1912.52,1915.18,1912.48,1913.68,0
2023-08-14 00:00:00,1913.69,1914.38,1912.36,1913.69,0
2023-08-14 01:00:00,1913.71,1913.8,1910.72,1911.03,0
2023-08-14 02:00:00,1911.05,1913.0,1910.1,1911.61,0
2023-08-14 03:00:00,1911.53,1912.77,1910.62,1912.06,0
2023-08-14 04:00:00,1912.08,1913.62,1911.62,1912.81,0
2023-08-14 05:00:00,1912.8,1913.15,1911.81,1912.36,0
2023-08-14 06:00:00,1912.38,1914.62,1911.96,1912.94,0
2023-08-14 07:00:00,1912.93,1914.06,1911.56,1912.13,0
2023-08-14 08:00:00,1912.1,1915.92,1910.56,1914.46,0
2023-08-14 09:00:00,1914.46,1916.2,1913.91,1914.33,0
2023-08-14 10:00:00,1914.36,1914.46,1912.23,1914.03,0
2023-08-14 11:00:00,1914.03,1915.0,1913.14,1914.43,0
2023-08-14 12:00:00,1914.41,1915.02,1913.42,1914.0,0
2023-08-14 13:00:00,1913.95,1914.03,1906.03,1910.37,0
2023-08-14 14:00:00,1910.39,1910.95,1902.74,1904.19,0
2023-08-14 15:00:00,1904.2,1911.62,1903.28,1908.5,0
2023-08-14 16:00:00,1908.5,1911.26,1908.24,1910.69,0
2023-08-14 17:00:00,1910.66,1913.18,1910.66,1911.91,0
2023-08-14 18:00:00,1911.86,1913.16,1910.18,1910.32,0
2023-08-14 19:00:00,1910.3,1910.61,1907.78,1908.07,0
2023-08-14 20:00:00,1908.05,1908.26,1907.24,1907.56,0
2023-08-14 21:00:00,1907.6,1907.92,1907.07,1907.42,0
2023-08-14 23:00:00,1907.19,1907.8,1907.0,1907.56,0
2023-08-15 00:00:00,1907.55,1908.14,1905.06,1907.6,0
2023-08-15 01:00:00,1907.58,1907.72,1904.87,1907.18,0
2023-08-15 02:00:00,1907.18,1908.18,1903.34,1906.08,0
2023-08-15 03:00:00,1906.02,1906.96,1904.68,1906.15,0
2023-08-15 04:00:00,1906.14,1907.72,1905.58,1907.18,0
2023-08-15 05:00:00,1907.18,1907.35,1906.47,1906.6,0
2023-08-15 06:00:00,1906.5,1907.51,1904.16,1905.22,0
2023-08-15 07:00:00,1905.29,1907.14,1903.9,1905.1,0
2023-08-15 08:00:00,1905.09,1905.58,1903.46,1904.97,0
2023-08-15 09:00:00,1904.92,1905.2,1903.1,1904.28,0
2023-08-15 10:00:00,1904.28,1904.96,1902.88,1904.43,0
2023-08-15 11:00:00,1904.48,1904.92,1902.6,1903.96,0
2023-08-15 12:00:00,1903.84,1904.3,1901.98,1904.25,0
2023-08-15 13:00:00,1904.31,1905.88,1896.36,1903.45,0
2023-08-15 14:00:00,1903.51,1907.53,1900.1,1903.78,0
2023-08-15 15:00:00,1903.81,1911.64,1902.7,1909.96,0
2023-08-15 16:00:00,1909.97,1911.16,1906.63,1906.87,0
2023-08-15 17:00:00,1906.85,1907.45,1903.5,1903.67,0
2023-08-15 18:00:00,1903.68,1905.51,1903.32,1904.47,0
2023-08-15 19:00:00,1904.5,1905.3,1902.5,1902.66,0
2023-08-15 20:00:00,1902.63,1903.8,1902.44,1902.72,0
2023-08-15 21:00:00,1902.81,1903.6,1901.34,1901.85,0
2023-08-15 23:00:00,1901.12,1902.58,1901.12,1901.49,0
2023-08-16 00:00:00,1901.49,1902.3,1900.36,1901.42,0
2023-08-16 01:00:00,1901.44,1902.48,1901.0,1902.25,0
2023-08-16 02:00:00,1902.26,1904.19,1900.5,1902.85,0
2023-08-16 03:00:00,1902.76,1904.74,1902.48,1903.83,0
2023-08-16 04:00:00,1903.82,1905.33,1903.71,1904.15,0
2023-08-16 05:00:00,1904.14,1904.61,1902.76,1904.02,0
2023-08-16 06:00:00,1904.02,1905.46,1903.47,1905.14,0
2023-08-16 07:00:00,1905.19,1906.58,1904.63,1905.54,0
2023-08-16 08:00:00,1905.56,1905.69,1902.83,1904.63,0
2023-08-16 09:00:00,1904.63,1905.76,1903.5,1905.41,0
2023-08-16 10:00:00,1905.41,1907.2,1905.21,1906.07,0
2023-08-16 11:00:00,1906.07,1906.81,1905.68,1906.12,0
2023-08-16 12:00:00,1906.12,1906.71,1903.11,1903.12,0
2023-08-16 13:00:00,1903.12,1904.21,1900.1,1900.8,0
2023-08-16 14:00:00,1900.83,1906.49,1899.59,1904.23,0
2023-08-16 15:00:00,1904.16,1905.98,1903.25,1904.67,0
2023-08-16 16:00:00,1904.69,1904.83,1901.4,1901.98,0
2023-08-16 17:00:00,1901.98,1902.64,1898.82,1899.48,0
2023-08-16 18:00:00,1899.51,1899.57,1896.91,1898.34,0
2023-08-16 19:00:00,1898.36,1899.68,1894.62,1895.02,0
2023-08-16 20:00:00,1895.06,1895.54,1891.84,1892.22,0
2023-08-16 21:00:00,1892.25,1893.72,1891.85,1891.92,0
2023-08-16 23:00:00,1891.93,1894.96,1891.84,1894.4,0
2023-08-17 00:00:00,1894.42,1894.43,1892.2,1893.36,0
2023-08-17 01:00:00,1893.39,1893.39,1891.06,1892.82,0
2023-08-17 02:00:00,1892.86,1893.04,1889.48,1892.72,0
2023-08-17 03:00:00,1892.6,1893.82,1892.22,1893.72,0
2023-08-17 04:00:00,1893.7,1893.94,1892.39,1892.73,0
2023-08-17 05:00:00,1892.75,1893.94,1892.26,1893.82,0
2023-08-17 06:00:00,1893.82,1893.98,1892.13,1893.47,0
2023-08-17 07:00:00,1893.45,1897.4,1892.74,1897.4,0
2023-08-17 08:00:00,1897.4,1897.6,1895.36,1896.47,0
2023-08-17 09:00:00,1896.46,1896.56,1893.82,1893.99,0
2023-08-17 10:00:00,1893.96,1895.32,1893.66,1895.27,0
2023-08-17 11:00:00,1895.3,1899.27,1895.22,1897.92,0
2023-08-17 12:00:00,1897.93,1899.58,1896.97,1898.89,0
2023-08-17 13:00:00,1898.83,1902.48,1896.54,1899.55,0
2023-08-17 14:00:00,1899.47,1903.46,1895.81,1895.99,0
2023-08-17 15:00:00,1895.83,1897.7,1893.85,1895.43,0
2023-08-17 16:00:00,1895.42,1896.39,1889.16,1889.52,0
2023-08-17 17:00:00,1889.51,1891.2,1887.82,1888.45,0
2023-08-17 18:00:00,1888.46,1888.55,1885.04,1886.18,0
2023-08-17 19:00:00,1886.2,1886.99,1885.04,1886.62,0
2023-08-17 20:00:00,1886.62,1890.12,1886.58,1889.1,0
2023-08-17 21:00:00,1889.04,1889.59,1888.42,1889.33,0
2023-08-17 23:00:00,1889.25,1890.18,1889.02,1889.85,0
2023-08-18 00:00:00,1889.94,1891.66,1889.27,1891.29,0
2023-08-18 01:00:00,1891.38,1893.88,1890.7,1893.34,0
2023-08-18 02:00:00,1893.4,1895.16,1892.47,1893.65,0
2023-08-18 03:00:00,1893.55,1894.92,1892.85,1893.25,0
2023-08-18 04:00:00,1893.22,1893.65,1891.66,1892.73,0
2023-08-18 05:00:00,1892.72,1893.34,1891.14,1892.21,0
2023-08-18 06:00:00,1892.22,1894.15,1891.68,1893.58,0
2023-08-18 07:00:00,1893.73,1893.94,1891.84,1892.14,0
2023-08-18 08:00:00,1892.1,1894.03,1891.9,1892.61,0
2023-08-18 09:00:00,1892.58,1893.56,1891.42,1892.07,0
2023-08-18 10:00:00,1892.07,1892.89,1891.4,1892.78,0
2023-08-18 11:00:00,1892.79,1895.53,1892.77,1894.22,0
2023-08-18 12:00:00,1894.21,1895.06,1893.25,1893.81,0
2023-08-18 13:00:00,1893.89,1894.92,1888.69,1890.26,0
2023-08-18 14:00:00,1890.27,1896.84,1889.37,1893.89,0
2023-08-18 15:00:00,1893.89,1894.88,1891.64,1893.66,0
2023-08-18 16:00:00,1893.65,1893.69,1890.49,1891.33,0
2023-08-18 17:00:00,1891.31,1892.01,1888.69,1889.56,0
2023-08-18 18:00:00,1889.56,1890.38,1886.8,1888.99,0
2023-08-18 19:00:00,1889.02,1889.36,1887.62,1888.54,0
2023-08-18 20:00:00,1888.52,1889.86,1887.6,1889.29,0
2023-08-18 21:00:00,1889.2,1890.04,1888.3,1889.37,0
2023-08-20 23:00:00,1889.08,1890.84,1889.06,1890.32,0
2023-08-21 00:00:00,1890.28,1890.28,1888.78,1889.98,0
2023-08-21 01:00:00,1889.98,1891.12,1889.87,1889.99,0
2023-08-21 02:00:00,1889.96,1890.04,1885.04,1885.51,0
2023-08-21 03:00:00,1885.5,1893.06,1884.86,1892.86,0
2023-08-21 04:00:00,1892.92,1893.68,1890.65,1891.68,0
2023-08-21 05:00:00,1891.7,1893.73,1891.46,1892.54,0
2023-08-21 06:00:00,1892.53,1894.13,1887.88,1888.04,0
2023-08-21 07:00:00,1888.08,1889.53,1887.4,1888.94,0
2023-08-21 08:00:00,1888.97,1890.41,1887.95,1888.16,0
2023-08-21 09:00:00,1888.15,1889.41,1887.55,1888.67,0
2023-08-21 10:00:00,1888.7,1890.88,1888.32,1889.52,0
2023-08-21 11:00:00,1889.52,1889.63,1886.81,1888.69,0
2023-08-21 12:00:00,1888.68,1893.14,1887.88,1893.08,0
2023-08-21 13:00:00,1893.11,1897.69,1892.82,1897.2,0
2023-08-21 14:00:00,1897.21,1898.78,1888.58,1890.05,0
2023-08-21 15:00:00,1890.09,1891.28,1885.3,1886.89,0
2023-08-21 16:00:00,1886.89,1889.82,1885.95,1889.16,0
2023-08-21 17:00:00,1889.19,1893.05,1889.09,1892.59,0
2023-08-21 18:00:00,1892.69,1895.38,1892.5,1894.35,0
2023-08-21 19:00:00,1894.34,1895.05,1893.86,1894.58,0
2023-08-21 20:00:00,1894.59,1895.21,1894.22,1894.32,0
2023-08-21 21:00:00,1894.3,1894.89,1894.26,1894.67,0
2023-08-21 23:00:00,1894.52,1895.18,1894.29,1895.06,0
2023-08-22 00:00:00,1895.08,1896.11,1894.68,1894.8,0
2023-08-22 01:00:00,1894.8,1895.82,1893.72,1895.51,0
2023-08-22 02:00:00,1895.5,1897.3,1894.32,1895.14,0
2023-08-22 03:00:00,1895.13,1897.24,1894.43,1894.46,0
2023-08-22 04:00:00,1894.46,1897.16,1894.24,1896.11,0
2023-08-22 05:00:00,1896.12,1896.42,1893.86,1894.01,0
2023-08-22 06:00:00,1893.96,1896.44,1893.96,1895.48,0
2023-08-22 07:00:00,1895.48,1900.27,1895.16,1898.96,0
2023-08-22 08:00:00,1898.89,1901.91,1898.11,1901.55,0
2023-08-22 09:00:00,1901.56,1902.35,1898.38,1899.96,0
2023-08-22 10:00:00,1900.0,1903.72,1899.36,1902.79,0
2023-08-22 11:00:00,1902.79,1904.47,1901.85,1901.98,0
2023-08-22 12:00:00,1901.98,1903.44,1901.49,1902.18,0
2023-08-22 13:00:00,1902.17,1903.43,1896.31,1897.46,0
2023-08-22 14:00:00,1897.4,1897.62,1889.16,1890.44,0
2023-08-22 15:00:00,1890.42,1895.85,1890.2,1895.12,0
2023-08-22 16:00:00,1895.12,1899.12,1895.06,1897.85,0
2023-08-22 17:00:00,1897.85,1898.94,1896.75,1897.36,0
2023-08-22 18:00:00,1897.36,1898.39,1896.96,1897.73,0
2023-08-22 19:00:00,1897.77,1897.81,1896.39,1897.2,0
2023-08-22 20:00:00,1897.15,1897.69,1896.88,1897.6,0
2023-08-22 21:00:00,1897.54,1897.84,1897.11,1897.38,0
2023-08-22 23:00:00,1897.46,1898.28,1897.17,1897.96,0
2023-08-23 00:00:00,1897.97,1898.69,1897.77,1898.59,0
2023-08-23 01:00:00,1898.68,1900.35,1898.5,1899.02,0
2023-08-23 02:00:00,1899.04,1901.9,1898.83,1901.66,0
2023-08-23 03:00:00,1901.67,1903.02,1900.79,1901.03,0
2023-08-23 04:00:00,1901.03,1902.06,1900.14,1901.6,0
2023-08-23 05:00:00,1901.59,1903.38,1900.75,1903.31,0
2023-08-23 06:00:00,1903.37,1903.98,1902.4,1902.65,0
2023-08-23 07:00:00,1902.64,1904.73,1902.24,1902.9,0
2023-08-23 08:00:00,1902.9,1904.38,1901.68,1903.64,0
2023-08-23 09:00:00,1903.61,1905.44,1903.45,1903.77,0
2023-08-23 10:00:00,1903.76,1905.17,1901.83,1902.68,0
2023-08-23 11:00:00,1902.67,1904.1,1901.26,1903.28,0
2023-08-23 12:00:00,1903.26,1904.62,1902.82,1903.33,0
2023-08-23 13:00:00,1903.31,1908.63,1902.69,1903.76,0
2023-08-23 14:00:00,1903.78,1918.89,1903.07,1918.02,0
2023-08-23 15:00:00,1918.03,1918.3,1914.56,1915.68,0
2023-08-23 16:00:00,1915.66,1918.32,1915.5,1918.3,0
2023-08-23 17:00:00,1918.3,1920.38,1918.2,1919.8,0
2023-08-23 18:00:00,1919.79,1919.88,1917.46,1918.0,0
2023-08-23 19:00:00,1917.9,1918.13,1916.3,1916.64,0
2023-08-23 20:00:00,1916.64,1917.59,1916.42,1916.82,0
2023-08-23 21:00:00,1916.86,1916.94,1914.51,1915.38,0
2023-08-23 23:00:00,1915.14,1917.59,1915.02,1917.04,0
2023-08-24 00:00:00,1917.07,1918.1,1916.24,1917.9,0
2023-08-24 01:00:00,1917.94,1919.32,1917.34,1918.66,0
2023-08-24 02:00:00,1918.65,1919.11,1917.56,1918.8,0
2023-08-24 03:00:00,1918.8,1920.86,1918.76,1919.92,0
2023-08-24 04:00:00,1919.91,1921.64,1919.42,1920.96,0
2023-08-24 05:00:00,1920.95,1922.34,1920.0,1921.12,0
2023-08-24 06:00:00,1921.22,1922.42,1920.3,1921.56,0
2023-08-24 07:00:00,1921.62,1922.92,1920.72,1921.68,0
2023-08-24 08:00:00,1921.69,1922.26,1919.52,1919.57,0
2023-08-24 09:00:00,1919.63,1922.01,1919.55,1920.36,0
2023-08-24 10:00:00,1920.35,1921.04,1919.34,1919.62,0
2023-08-24 11:00:00,1919.61,1920.77,1918.8,1919.31,0
2023-08-24 12:00:00,1919.3,1919.69,1916.47,1916.67,0
2023-08-24 13:00:00,1916.7,1916.78,1911.81,1915.16,0
2023-08-24 14:00:00,1915.18,1916.8,1911.96,1916.13,0
2023-08-24 15:00:00,1916.21,1923.35,1916.13,1921.42,0
2023-08-24 16:00:00,1921.5,1922.26,1920.01,1921.08,0
2023-08-24 17:00:00,1920.98,1921.48,1917.4,1918.39,0
2023-08-24 18:00:00,1918.41,1919.65,1916.74,1917.17,0
2023-08-24 19:00:00,1917.2,1918.08,1916.7,1916.93,0
2023-08-24 20:00:00,1916.97,1918.08,1916.78,1916.78,0
2023-08-24 21:00:00,1916.85,1917.5,1916.34,1916.69,0
2023-08-24 23:00:00,1916.92,1917.3,1916.58,1916.92,0
2023-08-25 00:00:00,1916.91,1916.92,1915.7,1915.91,0
2023-08-25 01:00:00,1915.89,1916.58,1915.16,1915.54,0
2023-08-25 02:00:00,1915.56,1917.56,1914.71,1917.05,0
2023-08-25 03:00:00,1916.97,1917.14,1914.4,1914.86,0
2023-08-25 04:00:00,1914.85,1915.01,1913.19,1913.45,0
2023-08-25 05:00:00,1913.48,1914.85,1913.32,1913.76,0
2023-08-25 06:00:00,1913.79,1914.73,1913.11,1914.48,0
2023-08-25 07:00:00,1914.53,1915.09,1912.81,1913.1,0
2023-08-25 08:00:00,1913.1,1916.16,1913.1,1914.23,0
2023-08-25 09:00:00,1914.23,1915.49,1913.33,1915.43,0
2023-08-25 10:00:00,1915.39,1918.0,1915.19,1916.13,0
2023-08-25 11:00:00,1916.13,1917.84,1915.73,1917.75,0
2023-08-25 12:00:00,1917.75,1918.45,1916.2,1918.36,0
2023-08-25 13:00:00,1918.31,1920.24,1916.46,1917.27,0
2023-08-25 14:00:00,1917.33,1917.68,1913.38,1915.09,0
2023-08-25 15:00:00,1915.46,1922.36,1903.8,1904.58,0
2023-08-25 16:00:00,1904.66,1910.64,1903.92,1907.8,0
2023-08-25 17:00:00,1907.79,1910.68,1907.6,1910.02,0
2023-08-25 18:00:00,1910.02,1912.74,1909.91,1912.36,0
2023-08-25 19:00:00,1912.35,1914.74,1911.9,1913.33,0
2023-08-25 20:00:00,1913.34,1914.41,1912.08,1914.34,0
2023-08-25 21:00:00,1914.36,1914.96,1913.29,1914.21,0
2023-08-27 23:00:00,1915.31,1916.0,1914.6,1914.9,0
2023-08-28 00:00:00,1914.98,1916.11,1914.32,1915.07,0
2023-08-28 01:00:00,1915.1,1916.65,1914.62,1915.77,0
2023-08-28 02:00:00,1915.64,1917.48,1915.24,1915.52,0
2023-08-28 03:00:00,1915.54,1916.22,1915.1,1915.53,0
2023-08-28 04:00:00,1915.55,1917.06,1915.35,1916.33,0
2023-08-28 05:00:00,1916.3,1916.8,1914.73,1915.64,0
2023-08-28 06:00:00,1915.65,1917.56,1915.21,1915.71,0
2023-08-28 07:00:00,1915.7,1917.77,1915.7,1915.97,0
2023-08-28 08:00:00,1915.98,1916.42,1914.35,1914.58,0
2023-08-28 09:00:00,1914.59,1915.34,1913.52,1914.7,0
2023-08-28 10:00:00,1914.69,1915.78,1913.92,1914.08,0
2023-08-28 11:00:00,1914.15,1915.24,1913.79,1915.23,0
2023-08-28 12:00:00,1915.23,1915.46,1914.44,1914.76,0
2023-08-28 13:00:00,1914.78,1917.38,1913.42,1917.12,0
2023-08-28 14:00:00,1917.14,1918.87,1912.84,1918.14,0
2023-08-28 15:00:00,1918.14,1919.92,1917.31,1918.75,0
2023-08-28 16:00:00,1918.76,1926.08,1918.13,1924.79,0
2023-08-28 17:00:00,1924.78,1925.22,1920.2,1920.69,0
2023-08-28 18:00:00,1920.68,1920.86,1916.91,1920.3,0
2023-08-28 19:00:00,1920.31,1920.51,1919.46,1919.59,0
2023-08-28 20:00:00,1919.65,1920.63,1919.51,1919.71,0
2023-08-28 21:00:00,1919.71,1920.38,1919.63,1920.06,0
2023-08-28 23:00:00,1919.78,1920.96,1919.71,1920.82,0
2023-08-29 00:00:00,1920.81,1921.63,1920.74,1921.28,0
2023-08-29 01:00:00,1921.27,1922.1,1921.08,1921.67,0
2023-08-29 02:00:00,1921.67,1923.06,1921.33,1922.09,0
2023-08-29 03:00:00,1922.1,1923.95,1921.49,1923.81,0
2023-08-29 04:00:00,1923.88,1925.85,1923.54,1925.42,0
2023-08-29 05:00:00,1925.4,1925.61,1923.84,1923.9,0
2023-08-29 06:00:00,1923.95,1925.6,1923.29,1924.44,0
2023-08-29 07:00:00,1924.47,1925.32,1922.84,1922.92,0
2023-08-29 08:00:00,1922.75,1924.94,1921.59,1923.26,0
2023-08-29 09:00:00,1923.26,1924.31,1922.26,1922.88,0
2023-08-29 10:00:00,1922.84,1924.46,1922.58,1924.37,0
2023-08-29 11:00:00,1924.36,1924.37,1920.19,1920.33,0
2023-08-29 12:00:00,1920.34,1920.46,1916.7,1917.22,0
2023-08-29 13:00:00,1917.24,1917.26,1914.46,1917.06,0
2023-08-29 14:00:00,1917.1,1921.92,1916.78,1921.01,0
2023-08-29 15:00:00,1920.92,1934.91,1920.92,1934.17,0
2023-08-29 16:00:00,1934.17,1937.64,1932.7,1936.7,0
2023-08-29 17:00:00,1936.7,1937.7,1934.01,1936.27,0
2023-08-29 18:00:00,1936.29,1938.15,1935.88,1937.2,0
2023-08-29 19:00:00,1937.19,1937.21,1935.16,1937.05,0
2023-08-29 20:00:00,1937.0,1938.12,1936.4,1938.02,0
2023-08-29 21:00:00,1937.94,1937.96,1937.28,1937.32,0
2023-08-29 23:00:00,1937.55,1937.73,1936.6,1937.2,0
2023-08-30 00:00:00,1937.21,1937.58,1935.98,1936.24,0
2023-08-30 01:00:00,1936.25,1937.23,1935.96,1936.8,0
2023-08-30 02:00:00,1936.84,1937.08,1935.39,1936.17,0
2023-08-30 03:00:00,1936.18,1937.51,1936.14,1936.79,0
2023-08-30 04:00:00,1936.76,1936.99,1935.97,1936.82,0
2023-08-30 05:00:00,1936.82,1937.13,1935.93,1936.12,0
2023-08-30 06:00:00,1936.12,1936.89,1935.28,1935.39,0
2023-08-30 07:00:00,1935.39,1936.86,1935.14,1936.12,0
2023-08-30 08:00:00,1936.15,1936.81,1934.97,1936.5,0
2023-08-30 09:00:00,1936.46,1936.94,1935.47,1936.59,0
2023-08-30 10:00:00,1936.58,1938.75,1935.95,1938.1,0
2023-08-30 11:00:00,1938.09,1938.3,1936.62,1937.92,0
2023-08-30 12:00:00,1937.89,1939.61,1937.25,1939.11,0
2023-08-30 13:00:00,1939.12,1945.77,1938.71,1945.19,0
2023-08-30 14:00:00,1945.12,1948.69,1942.88,1947.42,0
2023-08-30 15:00:00,1947.42,1949.1,1945.08,1946.64,0
2023-08-30 16:00:00,1946.64,1946.98,1944.1,1944.96,0
2023-08-30 17:00:00,1944.91,1945.07,1943.19,1944.92,0
2023-08-30 18:00:00,1944.91,1945.71,1943.53,1943.72,0
2023-08-30 19:00:00,1943.73,1944.54,1942.91,1943.88,0
2023-08-30 20:00:00,1943.87,1943.92,1943.12,1943.43,0
2023-08-30 21:00:00,1943.34,1943.67,1942.02,1942.42,0
2023-08-30 23:00:00,1942.55,1945.7,1942.12,1944.61,0
2023-08-31 00:00:00,1944.66,1944.76,1943.76,1944.28,0
2023-08-31 01:00:00,1944.35,1945.57,1944.18,1945.42,0
2023-08-31 02:00:00,1945.4,1947.75,1945.37,1947.25,0
2023-08-31 03:00:00,1947.26,1947.78,1945.46,1946.17,0
2023-08-31 04:00:00,1946.18,1946.21,1944.74,1945.17,0
2023-08-31 05:00:00,1945.16,1946.08,1944.91,1945.78,0
2023-08-31 06:00:00,1945.79,1945.98,1944.52,1945.42,0
2023-08-31 07:00:00,1945.44,1945.78,1943.26,1943.81,0
2023-08-31 08:00:00,1943.84,1946.32,1943.84,1945.06,0
2023-08-31 09:00:00,1945.06,1945.53,1944.36,1944.45,0
2023-08-31 10:00:00,1944.4,1945.2,1943.68,1944.81,0
2023-08-31 11:00:00,1944.8,1945.34,1943.89,1944.31,0
2023-08-31 12:00:00,1944.33,1945.9,1943.84,1945.7,0
2023-08-31 13:00:00,1945.71,1947.87,1943.11,1945.77,0
2023-08-31 14:00:00,1945.79,1946.38,1940.43,1943.7,0
2023-08-31 15:00:00,1943.76,1945.13,1941.08,1942.97,0
2023-08-31 16:00:00,1943.06,1943.73,1939.01,1940.68,0
2023-08-31 17:00:00,1940.69,1942.53,1940.53,1941.71,0
2023-08-31 18:00:00,1941.72,1941.81,1939.05,1940.48,0
2023-08-31 19:00:00,1940.48,1942.08,1940.27,1941.37,0
2023-08-31 20:00:00,1941.37,1941.67,1939.95,1940.06,0
2023-08-31 21:00:00,1940.1,1940.61,1939.38,1940.06,0
2023-08-31 23:00:00,1939.88,1940.31,1939.73,1940.07,0
2023-09-01 00:00:00,1940.13,1940.18,1938.99,1939.92,0
2023-09-01 01:00:00,1939.96,1940.29,1938.65,1939.32,0
2023-09-01 02:00:00,1939.36,1944.01,1939.3,1942.63,0
2023-09-01 03:00:00,1942.61,1942.68,1939.95,1940.49,0
2023-09-01 04:00:00,1940.4,1940.4,1938.73,1938.93,0
2023-09-01 05:00:00,1938.92,1940.21,1938.2,1939.97,0
2023-09-01 06:00:00,1940.0,1940.69,1939.21,1939.76,0
2023-09-01 07:00:00,1939.81,1940.47,1938.43,1940.4,0
2023-09-01 08:00:00,1940.42,1943.53,1940.3,1943.11,0
2023-09-01 09:00:00,1943.13,1943.75,1941.89,1942.99,0
2023-09-01 10:00:00,1942.98,1944.45,1942.92,1944.25,0
2023-09-01 11:00:00,1944.27,1944.38,1943.43,1944.28,0
2023-09-01 12:00:00,1944.28,1945.85,1944.0,1944.52,0
2023-09-01 13:00:00,1944.49,1952.91,1944.24,1949.95,0
2023-09-01 14:00:00,1950.04,1951.45,1940.13,1943.76,0
2023-09-01 15:00:00,1940.97,1942.57,1934.44,1940.08,0
2023-09-01 16:00:00,1940.08,1940.5,1936.74,1938.82,0
2023-09-01 17:00:00,1938.84,1939.83,1937.62,1938.15,0
2023-09-01 18:00:00,1938.17,1941.58,1937.33,1941.19,0
2023-09-01 19:00:00,1941.21,1941.23,1940.26,1941.15,0
2023-09-01 20:00:00,1941.13,1941.36,1940.46,1940.57,0
2023-09-01 21:00:00,1940.62,1940.73,1939.6,1939.85,0
2023-09-03 23:00:00,1940.34,1940.41,1939.38,1939.61,0
2023-09-04 00:00:00,1939.61,1941.12,1939.52,1940.61,0
2023-09-04 01:00:00,1940.56,1941.73,1940.13,1940.94,0
2023-09-04 02:00:00,1940.94,1944.04,1940.44,1943.02,0
2023-09-04 03:00:00,1943.06,1946.13,1943.02,1945.69,0
2023-09-04 04:00:00,1945.7,1946.05,1944.86,1945.0,0
2023-09-04 05:00:00,1944.98,1945.21,1944.26,1945.11,0
2023-09-04 06:00:00,1945.11,1945.86,1944.06,1944.57,0
2023-09-04 07:00:00,1944.64,1946.36,1944.42,1945.17,0
2023-09-04 08:00:00,1945.17,1945.3,1943.12,1943.85,0
2023-09-04 09:00:00,1943.91,1944.5,1942.7,1943.92,0
2023-09-04 10:00:00,1943.92,1944.25,1940.82,1941.01,0
2023-09-04 11:00:00,1941.02,1942.8,1940.32,1940.56,0
2023-09-04 12:00:00,1940.57,1942.02,1939.89,1941.7,0
2023-09-04 13:00:00,1941.7,1941.77,1939.91,1940.0,0
2023-09-04 14:00:00,1939.97,1940.26,1937.88,1938.26,0
2023-09-04 15:00:00,1938.21,1938.83,1936.79,1938.36,0
2023-09-04 16:00:00,1938.38,1939.1,1938.1,1938.69,0
2023-09-04 17:00:00,1938.7,1938.91,1938.0,1938.36,0
2023-09-04 18:00:00,1938.37,1938.9,1938.02,1938.55,0
2023-09-04 19:00:00,1938.63,1938.85,1938.28,1938.58,0
2023-09-04 23:00:00,1938.4,1938.88,1937.99,1938.14,0
2023-09-05 00:00:00,1938.16,1938.62,1937.54,1937.6,0
2023-09-05 01:00:00,1937.6,1937.99,1937.04,1937.89,0
2023-09-05 02:00:00,1937.9,1938.73,1934.91,1935.89,0
2023-09-05 03:00:00,1935.9,1937.52,1935.21,1937.04,0
2023-09-05 04:00:00,1937.03,1937.39,1936.12,1937.04,0
2023-09-05 05:00:00,1937.04,1938.94,1936.94,1938.56,0
2023-09-05 06:00:00,1938.57,1938.97,1936.59,1937.0,0
2023-09-05 07:00:00,1937.01,1937.32,1935.16,1936.74,0
2023-09-05 08:00:00,1936.76,1938.19,1935.48,1935.58,0
2023-09-05 09:00:00,1935.48,1935.69,1932.2,1933.54,0
2023-09-05 10:00:00,1933.47,1933.54,1930.6,1930.78,0
2023-09-05 11:00:00,1930.74,1932.43,1930.16,1931.07,0
2023-09-05 12:00:00,1931.1,1931.92,1929.9,1930.52,0
2023-09-05 13:00:00,1930.53,1934.78,1927.99,1933.8,0
2023-09-05 14:00:00,1933.76,1934.24,1926.76,1927.89,0
2023-09-05 15:00:00,1927.96,1928.32,1925.37,1927.45,0
2023-09-05 16:00:00,1927.45,1928.99,1926.06,1926.06,0
2023-09-05 17:00:00,1926.04,1928.01,1926.03,1927.28,0
2023-09-05 18:00:00,1927.28,1927.5,1926.26,1926.56,0
2023-09-05 19:00:00,1926.53,1927.54,1925.97,1926.06,0
2023-09-05 20:00:00,1926.06,1927.34,1925.43,1925.87,0
2023-09-05 21:00:00,1926.04,1926.48,1925.36,1925.97,0
2023-09-05 23:00:00,1926.0,1926.57,1926.0,1926.42,0
2023-09-06 00:00:00,1926.39,1926.95,1925.85,1926.63,0
2023-09-06 01:00:00,1926.67,1926.79,1924.5,1924.75,0
2023-09-06 02:00:00,1924.78,1925.71,1924.18,1924.93,0
2023-09-06 03:00:00,1924.99,1926.78,1924.36,1926.37,0
2023-09-06 04:00:00,1926.36,1926.65,1925.73,1926.59,0
2023-09-06 05:00:00,1926.56,1927.37,1926.43,1927.18,0
2023-09-06 06:00:00,1927.19,1928.48,1927.16,1928.24,0
2023-09-06 07:00:00,1928.24,1928.39,1925.67,1926.15,0
2023-09-06 08:00:00,1926.04,1926.6,1922.88,1922.95,0
2023-09-06 09:00:00,1922.92,1924.96,1922.54,1924.77,0
2023-09-06 10:00:00,1924.76,1925.55,1922.82,1925.26,0
2023-09-06 11:00:00,1925.32,1927.69,1925.3,1926.46,0
2023-09-06 12:00:00,1926.55,1927.01,1925.33,1925.5,0
2023-09-06 13:00:00,1925.53,1927.34,1923.17,1923.26,0
2023-09-06 14:00:00,1923.2,1929.18,1921.16,1927.99,0
2023-09-06 15:00:00,1924.39,1924.39,1915.31,1918.17,0
2023-09-06 16:00:00,1918.19,1918.27,1915.52,1916.82,0
2023-09-06 17:00:00,1916.87,1920.24,1916.3,1920.0,0
2023-09-06 18:00:00,1920.03,1920.68,1917.52,1917.71,0
2023-09-06 19:00:00,1917.74,1918.16,1916.01,1917.64,0
2023-09-06 20:00:00,1917.66,1917.74,1916.38,1916.68,0
2023-09-06 21:00:00,1916.66,1917.07,1915.98,1916.42,0
2023-09-06 23:00:00,1916.6,1918.3,1916.47,1917.64,0
2023-09-07 00:00:00,1917.65,1917.93,1916.93,1917.2,0
2023-09-07 01:00:00,1917.19,1917.19,1916.29,1916.87,0
2023-09-07 02:00:00,1916.86,1919.67,1916.63,1919.56,0
2023-09-07 03:00:00,1919.54,1919.85,1917.73,1919.79,0
2023-09-07 04:00:00,1919.79,1920.71,1919.4,1920.13,0
2023-09-07 05:00:00,1920.1,1920.24,1917.98,1919.0,0
2023-09-07 06:00:00,1919.03,1919.4,1917.4,1917.55,0
2023-09-07 07:00:00,1917.54,1919.81,1917.45,1918.45,0
2023-09-07 08:00:00,1918.53,1918.75,1917.11,1918.31,0
2023-09-07 09:00:00,1918.3,1919.34,1917.39,1918.86,0
2023-09-07 10:00:00,1918.88,1920.5,1918.55,1920.3,0
2023-09-07 11:00:00,1920.28,1921.16,1919.46,1920.02,0
2023-09-07 12:00:00,1920.02,1922.34,1920.02,1921.89,0
2023-09-07 13:00:00,1921.88,1923.58,1916.26,1923.28,0
2023-09-07 14:00:00,1923.31,1923.52,1918.25,1920.06,0
2023-09-07 15:00:00,1920.06,1921.53,1917.27,1918.11,0
2023-09-07 16:00:00,1918.11,1921.4,1917.27,1920.94,0
2023-09-07 17:00:00,1920.95,1921.44,1918.03,1918.05,0
2023-09-07 18:00:00,1918.05,1919.34,1917.43,1918.44,0
2023-09-07 19:00:00,1918.46,1920.76,1918.08,1920.34,0
2023-09-07 20:00:00,1920.34,1920.57,1918.66,1918.78,0
2023-09-07 21:00:00,1918.85,1919.81,1918.85,1919.62,0
2023-09-07 23:00:00,1919.38,1920.2,1919.37,1919.8,0
2023-09-08 00:00:00,1919.82,1920.34,1919.79,1920.3,0
2023-09-08 01:00:00,1920.29,1924.54,1920.09,1923.66,0
2023-09-08 02:00:00,1923.66,1926.06,1922.92,1925.9,0
2023-09-08 03:00:00,1925.9,1927.22,1925.09,1925.99,0
2023-09-08 04:00:00,1925.96,1926.28,1924.4,1924.94,0
2023-09-08 05:00:00,1924.98,1925.09,1924.31,1924.52,0
2023-09-08 06:00:00,1924.55,1925.94,1924.28,1925.67,0
2023-09-08 07:00:00,1925.7,1927.31,1924.89,1925.36,0
2023-09-08 08:00:00,1925.4,1925.97,1923.86,1924.16,0
2023-09-08 09:00:00,1924.17,1924.78,1923.37,1924.68,0
2023-09-08 10:00:00,1924.68,1925.84,1923.9,1925.22,0
2023-09-08 11:00:00,1925.23,1925.59,1923.34,1923.52,0
2023-09-08 12:00:00,1923.56,1923.98,1922.67,1923.01,0
2023-09-08 13:00:00,1923.05,1926.05,1920.41,1920.47,0
2023-09-08 14:00:00,1920.5,1928.9,1920.22,1928.62,0
2023-09-08 15:00:00,1928.7,1929.71,1923.87,1923.91,0
2023-09-08 16:00:00,1923.92,1924.29,1919.23,1919.64,0
2023-09-08 17:00:00,1919.64,1919.92,1917.34,1919.71,0
2023-09-08 18:00:00,1919.74,1920.51,1918.84,1920.5,0
2023-09-08 19:00:00,1920.54,1920.72,1918.44,1918.59,0
2023-09-08 20:00:00,1918.59,1919.42,1918.12,1919.19,0
2023-09-08 21:00:00,1919.18,1919.42,1918.8,1919.13,0
2023-09-10 23:00:00,1919.83,1920.52,1917.97,1918.37,0
2023-09-11 00:00:00,1918.34,1919.68,1916.8,1918.86,0
2023-09-11 01:00:00,1918.87,1920.26,1918.36,1920.04,0
2023-09-11 02:00:00,1920.04,1923.27,1919.11,1922.4,0
2023-09-11 03:00:00,1922.42,1924.14,1922.32,1922.72,0
2023-09-11 04:00:00,1922.71,1923.65,1922.3,1923.32,0
2023-09-11 05:00:00,1923.28,1926.74,1922.96,1926.52,0
2023-09-11 06:00:00,1926.42,1928.02,1925.96,1927.66,0
2023-09-11 07:00:00,1927.64,1928.66,1926.32,1927.89,0
2023-09-11 08:00:00,1927.93,1930.73,1926.3,1926.46,0
2023-09-11 09:00:00,1926.46,1927.8,1925.42,1927.8,0
2023-09-11 10:00:00,1927.74,1928.07,1925.32,1925.36,0
2023-09-11 11:00:00,1925.36,1926.37,1924.77,1925.83,0
2023-09-11 12:00:00,1925.78,1926.52,1924.68,1925.2,0
2023-09-11 13:00:00,1925.28,1927.35,1924.25,1927.32,0
2023-09-11 14:00:00,1927.26,1930.14,1924.42,1925.91,0
2023-09-11 15:00:00,1925.92,1926.7,1921.56,1922.6,0
2023-09-11 16:00:00,1922.59,1924.38,1921.41,1923.06,0
2023-09-11 17:00:00,1923.06,1925.12,1922.78,1923.44,0
2023-09-11 18:00:00,1923.43,1924.38,1922.44,1922.69,0
2023-09-11 19:00:00,1922.65,1922.97,1921.46,1921.84,0
2023-09-11 20:00:00,1921.86,1923.2,1921.56,1922.75,0
2023-09-11 21:00:00,1922.73,1922.73,1922.22,1922.33,0
2023-09-11 23:00:00,1922.74,1923.35,1922.5,1922.51,0
2023-09-12 00:00:00,1922.55,1922.56,1921.22,1921.64,0
2023-09-12 01:00:00,1921.67,1922.63,1921.18,1921.54,0
2023-09-12 02:00:00,1921.54,1923.56,1920.42,1921.86,0
2023-09-12 03:00:00,1921.79,1923.39,1921.24,1923.0,0
2023-09-12 04:00:00,1922.99,1924.31,1922.23,1923.71,0
2023-09-12 05:00:00,1923.73,1924.5,1922.26,1922.26,0
2023-09-12 06:00:00,1922.35,1922.39,1919.86,1920.23,0
2023-09-12 07:00:00,1920.26,1920.71,1918.91,1920.04,0
2023-09-12 08:00:00,1920.03,1920.15,1918.82,1919.02,0
2023-09-12 09:00:00,1919.05,1921.34,1918.61,1919.71,0
2023-09-12 10:00:00,1919.72,1920.08,1918.58,1918.99,0
2023-09-12 11:00:00,1918.98,1919.63,1915.03,1915.57,0
2023-09-12 12:00:00,1915.59,1915.59,1911.14,1912.96,0
2023-09-12 13:00:00,1912.96,1912.96,1908.64,1909.77,0
2023-09-12 14:00:00,1909.71,1911.96,1907.64,1909.24,0
2023-09-12 15:00:00,1909.24,1914.6,1908.36,1911.93,0
2023-09-12 16:00:00,1911.95,1913.75,1911.68,1912.48,0
2023-09-12 17:00:00,1912.49,1915.06,1911.68,1912.4,0
2023-09-12 18:00:00,1912.4,1913.32,1911.78,1912.05,0
2023-09-12 19:00:00,1912.06,1913.51,1911.86,1913.4,0
2023-09-12 20:00:00,1913.39,1913.62,1912.67,1912.99,0
2023-09-12 21:00:00,1912.92,1913.52,1912.25,1913.34,0
2023-09-12 23:00:00,1912.77,1913.78,1912.77,1913.47,0
2023-09-13 00:00:00,1913.5,1913.78,1912.48,1912.91,0
2023-09-13 01:00:00,1912.92,1913.73,1912.44,1912.57,0
2023-09-13 02:00:00,1912.52,1913.82,1910.72,1911.46,0
2023-09-13 03:00:00,1911.47,1911.87,1908.86,1909.13,0
2023-09-13 04:00:00,1909.12,1909.67,1908.21,1909.67,0
2023-09-13 05:00:00,1909.68,1911.98,1909.44,1911.63,0
2023-09-13 06:00:00,1911.65,1912.65,1909.2,1910.22,0
2023-09-13 07:00:00,1910.29,1910.5,1908.26,1909.96,0
2023-09-13 08:00:00,1909.9,1912.14,1909.32,1912.02,0
2023-09-13 09:00:00,1912.0,1912.6,1911.15,1912.2,0
2023-09-13 10:00:00,1912.19,1912.47,1910.74,1911.22,0
2023-09-13 11:00:00,1911.2,1912.56,1910.8,1912.56,0
2023-09-13 12:00:00,1912.64,1913.1,1911.38,1912.32,0
2023-09-13 13:00:00,1912.33,1914.48,1905.59,1912.3,0
2023-09-13 14:00:00,1912.31,1915.71,1909.41,1913.36,0
2023-09-13 15:00:00,1913.37,1914.74,1909.78,1912.67,0
2023-09-13 16:00:00,1912.69,1913.58,1909.23,1910.43,0
2023-09-13 17:00:00,1910.44,1911.7,1908.9,1909.43,0
2023-09-13 18:00:00,1909.41,1911.19,1908.15,1910.06,0
2023-09-13 19:00:00,1910.04,1910.38,1908.84,1909.37,0
2023-09-13 20:00:00,1909.36,1909.36,1908.44,1908.85,0
2023-09-13 21:00:00,1908.89,1908.97,1908.13,1908.15,0
2023-09-13 23:00:00,1908.54,1909.89,1908.44,1908.89,0
2023-09-14 00:00:00,1908.9,1909.58,1907.54,1909.23,0
2023-09-14 01:00:00,1909.17,1912.82,1909.02,1912.64,0
2023-09-14 02:00:00,1912.56,1912.88,1910.63,1911.16,0
2023-09-14 03:00:00,1911.11,1911.4,1908.82,1909.99,0
2023-09-14 04:00:00,1910.0,1910.68,1908.86,1909.73,0
2023-09-14 05:00:00,1909.72,1910.68,1909.18,1909.48,0
2023-09-14 06:00:00,1909.48,1911.06,1907.74,1908.06,0
2023-09-14 07:00:00,1908.06,1908.68,1907.02,1907.36,0
2023-09-14 08:00:00,1907.34,1907.52,1905.2,1905.9,0
2023-09-14 09:00:00,1905.86,1907.37,1905.53,1907.29,0
2023-09-14 10:00:00,1907.32,1907.56,1906.12,1906.3,0
2023-09-14 11:00:00,1906.31,1909.12,1906.24,1909.04,0
2023-09-14 12:00:00,1909.05,1909.11,1907.16,1907.51,0
2023-09-14 13:00:00,1907.54,1910.32,1901.15,1904.45,0
2023-09-14 14:00:00,1904.4,1907.57,1901.98,1903.22,0
2023-09-14 15:00:00,1903.14,1910.46,1901.0,1908.48,0
2023-09-14 16:00:00,1908.5,1911.38,1905.81,1908.03,0
2023-09-14 17:00:00,1908.02,1912.04,1908.0,1910.24,0
2023-09-14 18:00:00,1910.22,1911.44,1908.39,1908.75,0
2023-09-14 19:00:00,1908.72,1909.52,1908.11,1908.28,0
2023-09-14 20:00:00,1908.3,1909.48,1908.26,1909.46,0
2023-09-14 21:00:00,1909.38,1910.66,1909.2,1910.51,0
2023-09-14 23:00:00,1910.77,1911.04,1910.25,1910.39,0
2023-09-15 00:00:00,1910.39,1911.1,1909.82,1909.84,0
2023-09-15 01:00:00,1909.84,1911.54,1909.8,1911.29,0
2023-09-15 02:00:00,1911.31,1915.47,1910.42,1915.39,0
2023-09-15 03:00:00,1915.38,1915.98,1914.6,1915.57,0
2023-09-15 04:00:00,1915.55,1915.95,1914.64,1915.65,0
2023-09-15 05:00:00,1915.66,1916.85,1915.22,1916.16,0
2023-09-15 06:00:00,1916.18,1916.29,1914.95,1916.26,0
2023-09-15 07:00:00,1916.26,1919.57,1916.04,1918.61,0
2023-09-15 08:00:00,1918.62,1918.86,1915.46,1918.06,0
2023-09-15 09:00:00,1918.1,1918.49,1916.79,1918.05,0
2023-09-15 10:00:00,1918.03,1919.22,1917.78,1918.0,0
2023-09-15 11:00:00,1918.01,1918.25,1917.08,1917.13,0
2023-09-15 12:00:00,1917.14,1919.96,1916.77,1919.28,0
2023-09-15 13:00:00,1919.26,1920.59,1916.08,1917.19,0
2023-09-15 14:00:00,1917.19,1926.79,1916.93,1924.66,0
2023-09-15 15:00:00,1924.53,1930.39,1924.53,1928.49,0
2023-09-15 16:00:00,1928.51,1929.68,1924.79,1926.44,0
2023-09-15 17:00:00,1926.46,1927.86,1924.97,1925.36,0
2023-09-15 18:00:00,1925.49,1926.0,1923.92,1924.74,0
2023-09-15 19:00:00,1924.75,1924.99,1923.88,1924.02,0
2023-09-15 20:00:00,1924.02,1924.52,1922.36,1922.46,0
2023-09-15 21:00:00,1922.51,1923.97,1922.38,1923.68,0
2023-09-17 23:00:00,1923.77,1924.58,1923.28,1923.68,0
2023-09-18 00:00:00,1923.69,1923.7,1922.57,1923.26,0
2023-09-18 01:00:00,1923.34,1924.73,1923.24,1924.6,0
2023-09-18 02:00:00,1924.66,1926.62,1923.36,1925.25,0
2023-09-18 03:00:00,1925.25,1928.72,1925.15,1928.15,0
2023-09-18 04:00:00,1928.12,1929.49,1928.0,1928.8,0
2023-09-18 05:00:00,1928.74,1929.34,1927.71,1928.18,0
2023-09-18 06:00:00,1928.18,1930.63,1927.79,1929.87,0
2023-09-18 07:00:00,1929.91,1930.36,1928.16,1928.52,0
2023-09-18 08:00:00,1928.54,1929.21,1926.46,1926.51,0
2023-09-18 09:00:00,1926.41,1926.67,1925.12,1926.18,0
2023-09-18 10:00:00,1926.17,1927.02,1925.62,1926.94,0
2023-09-18 11:00:00,1926.94,1927.53,1926.36,1926.87,0
2023-09-18 12:00:00,1926.86,1928.23,1926.5,1926.85,0
2023-09-18 13:00:00,1926.85,1928.11,1923.55,1924.08,0
2023-09-18 14:00:00,1924.05,1928.47,1923.5,1924.08,0
2023-09-18 15:00:00,1924.08,1927.76,1922.87,1926.87,0
2023-09-18 16:00:00,1926.85,1929.38,1926.27,1928.98,0
2023-09-18 17:00:00,1929.02,1931.17,1927.7,1931.06,0
2023-09-18 18:00:00,1931.06,1933.48,1930.96,1932.17,0
2023-09-18 19:00:00,1932.18,1932.28,1931.1,1931.5,0
2023-09-18 20:00:00,1931.55,1933.6,1931.47,1933.32,0
2023-09-18 21:00:00,1933.36,1934.23,1933.05,1933.61,0
2023-09-18 23:00:00,1933.44,1933.92,1933.33,1933.68,0
2023-09-19 00:00:00,1933.68,1934.56,1933.35,1934.14,0
2023-09-19 01:00:00,1934.14,1934.6,1932.68,1932.77,0
2023-09-19 02:00:00,1932.81,1933.36,1931.77,1933.02,0
2023-09-19 03:00:00,1933.08,1933.46,1932.43,1932.92,0
2023-09-19 04:00:00,1932.91,1933.09,1932.12,1932.27,0
2023-09-19 05:00:00,1932.26,1932.54,1931.32,1931.33,0
2023-09-19 06:00:00,1931.28,1931.83,1930.35,1930.86,0
2023-09-19 07:00:00,1930.89,1931.36,1929.82,1930.5,0
2023-09-19 08:00:00,1930.6,1934.82,1930.58,1934.48,0
2023-09-19 09:00:00,1934.49,1934.96,1933.49,1933.8,0
2023-09-19 10:00:00,1933.81,1935.38,1933.63,1935.16,0
2023-09-19 11:00:00,1935.17,1936.8,1934.58,1935.34,0
2023-09-19 12:00:00,1935.34,1936.09,1934.45,1935.33,0
2023-09-19 13:00:00,1935.35,1937.41,1934.17,1935.85,0
2023-09-19 14:00:00,1935.88,1936.4,1932.8,1934.81,0
2023-09-19 15:00:00,1934.8,1935.23,1931.11,1934.9,0
2023-09-19 16:00:00,1934.91,1935.05,1932.06,1933.15,0
2023-09-19 17:00:00,1933.16,1933.78,1930.83,1930.96,0
2023-09-19 18:00:00,1930.95,1933.04,1930.63,1930.89,0
2023-09-19 19:00:00,1930.88,1931.27,1929.81,1930.84,0
2023-09-19 20:00:00,1930.84,1932.37,1930.74,1931.98,0
2023-09-19 21:00:00,1931.78,1931.88,1931.07,1931.32,0
2023-09-19 23:00:00,1931.62,1932.4,1931.6,1931.91,0
2023-09-20 00:00:00,1931.91,1931.91,1930.91,1931.44,0
2023-09-20 01:00:00,1931.45,1931.58,1930.32,1930.72,0
2023-09-20 02:00:00,1930.74,1930.79,1928.53,1930.05,0
2023-09-20 03:00:00,1930.04,1931.23,1930.0,1930.78,0
2023-09-20 04:00:00,1930.74,1931.47,1930.4,1930.67,0
2023-09-20 05:00:00,1930.66,1930.94,1929.68,1929.83,0
2023-09-20 06:00:00,1929.81,1931.69,1929.67,1931.15,0
2023-09-20 07:00:00,1931.11,1932.35,1929.88,1930.45,0
2023-09-20 08:00:00,1930.32,1930.53,1927.95,1928.79,0
2023-09-20 09:00:00,1928.75,1930.31,1928.71,1929.14,0
2023-09-20 10:00:00,1929.13,1931.83,1929.12,1931.78,0
2023-09-20 11:00:00,1931.7,1932.71,1931.58,1932.57,0
2023-09-20 12:00:00,1932.61,1932.69,1930.99,1932.06,0
2023-09-20 13:00:00,1932.01,1934.07,1930.99,1932.23,0
2023-09-20 14:00:00,1932.26,1943.45,1931.96,1940.67,0
2023-09-20 15:00:00,1940.59,1944.54,1940.38,1943.98,0
2023-09-20 16:00:00,1944.03,1945.82,1941.63,1941.88,0
2023-09-20 17:00:00,1941.79,1946.71,1941.68,1946.68,0
2023-09-20 18:00:00,1946.74,1947.42,1945.28,1945.91,0
2023-09-20 19:00:00,1945.88,1946.74,1939.32,1940.47,0
2023-09-20 20:00:00,1940.45,1941.25,1932.89,1933.04,0
2023-09-20 21:00:00,1933.1,1933.65,1929.18,1930.36,0
2023-09-20 23:00:00,1930.78,1931.59,1929.55,1931.26,0
2023-09-21 00:00:00,1931.25,1931.25,1929.26,1929.44,0
2023-09-21 01:00:00,1929.46,1929.72,1924.6,1924.96,0
2023-09-21 02:00:00,1925.0,1927.23,1924.18,1926.86,0
2023-09-21 03:00:00,1926.84,1927.56,1925.69,1926.71,0
2023-09-21 04:00:00,1926.69,1928.68,1926.69,1928.3,0
2023-09-21 05:00:00,1928.31,1928.6,1927.82,1928.03,0
2023-09-21 06:00:00,1927.94,1928.99,1926.98,1928.76,0
2023-09-21 07:00:00,1928.76,1930.5,1927.73,1928.18,0
2023-09-21 08:00:00,1928.27,1928.72,1926.35,1927.15,0
2023-09-21 09:00:00,1927.16,1927.39,1922.87,1923.08,0
2023-09-21 10:00:00,1922.99,1924.79,1922.52,1924.7,0
2023-09-21 11:00:00,1924.7,1926.09,1923.74,1925.18,0
2023-09-21 12:00:00,1925.2,1925.31,1920.24,1920.78,0
2023-09-21 13:00:00,1920.63,1920.7,1914.13,1916.47,0
2023-09-21 14:00:00,1916.58,1918.94,1913.94,1916.53,0
2023-09-21 15:00:00,1916.51,1923.79,1915.24,1920.16,0
2023-09-21 16:00:00,1920.17,1921.3,1917.16,1917.47,0
2023-09-21 17:00:00,1917.52,1919.92,1916.36,1919.5,0
2023-09-21 18:00:00,1919.48,1921.26,1918.69,1920.48,0
2023-09-21 19:00:00,1920.47,1921.23,1919.58,1919.88,0
2023-09-21 20:00:00,1919.89,1921.11,1919.34,1919.74,0
2023-09-21 21:00:00,1919.74,1920.24,1919.54,1919.94,0
2023-09-21 23:00:00,1919.88,1920.4,1919.44,1920.18,0
2023-09-22 00:00:00,1920.19,1921.6,1920.17,1921.4,0
2023-09-22 01:00:00,1921.41,1923.64,1921.25,1923.45,0
2023-09-22 02:00:00,1923.42,1924.22,1922.06,1924.01,0
2023-09-22 03:00:00,1924.1,1925.52,1923.45,1923.94,0
2023-09-22 04:00:00,1923.97,1924.62,1922.57,1923.85,0
2023-09-22 05:00:00,1923.83,1924.85,1923.4,1924.38,0
2023-09-22 06:00:00,1924.36,1925.14,1923.71,1924.74,0
2023-09-22 07:00:00,1924.74,1925.99,1924.36,1925.51,0
2023-09-22 08:00:00,1925.47,1928.68,1924.7,1928.05,0
2023-09-22 09:00:00,1927.97,1928.0,1926.35,1926.74,0
2023-09-22 10:00:00,1926.72,1927.64,1925.11,1925.4,0
2023-09-22 11:00:00,1925.39,1926.45,1924.3,1924.6,0
2023-09-22 12:00:00,1924.61,1926.82,1924.48,1925.54,0
2023-09-22 13:00:00,1925.55,1926.56,1924.17,1926.13,0
2023-09-22 14:00:00,1926.12,1928.46,1924.91,1926.09,0
2023-09-22 15:00:00,1926.0,1929.1,1925.6,1928.17,0
2023-09-22 16:00:00,1928.27,1928.8,1926.64,1927.73,0
2023-09-22 17:00:00,1927.65,1928.56,1924.89,1925.34,0
2023-09-22 18:00:00,1925.35,1926.38,1924.6,1925.56,0
2023-09-22 19:00:00,1925.6,1925.97,1924.34,1925.02,0
2023-09-22 20:00:00,1924.96,1925.66,1924.48,1925.44,0
2023-09-22 21:00:00,1925.44,1925.54,1924.66,1925.25,0
2023-09-24 23:00:00,1924.76,1926.35,1924.76,1925.75,0
2023-09-25 00:00:00,1925.77,1925.77,1924.45,1924.79,0
2023-09-25 01:00:00,1924.75,1925.12,1923.3,1924.91,0
2023-09-25 02:00:00,1924.92,1925.29,1922.91,1923.7,0
2023-09-25 03:00:00,1923.7,1923.97,1922.67,1923.76,0
2023-09-25 04:00:00,1923.79,1924.29,1922.84,1923.69,0
2023-09-25 05:00:00,1923.69,1923.69,1922.82,1923.16,0
2023-09-25 06:00:00,1923.16,1923.55,1921.73,1921.73,0
2023-09-25 07:00:00,1921.72,1924.82,1920.86,1924.1,0
2023-09-25 08:00:00,1924.18,1927.16,1922.49,1923.48,0
2023-09-25 09:00:00,1923.49,1923.9,1921.0,1921.72,0
2023-09-25 10:00:00,1921.71,1923.1,1921.62,1922.84,0
2023-09-25 11:00:00,1922.83,1924.97,1922.16,1924.9,0
2023-09-25 12:00:00,1924.91,1925.03,1923.67,1924.08,0
2023-09-25 13:00:00,1924.07,1926.82,1923.67,1925.89,0
2023-09-25 14:00:00,1925.86,1926.36,1922.28,1925.37,0
2023-09-25 15:00:00,1925.28,1925.54,1915.16,1916.86,0
2023-09-25 16:00:00,1916.88,1919.17,1915.87,1917.5,0
2023-09-25 17:00:00,1917.5,1918.26,1915.76,1916.72,0
2023-09-25 18:00:00,1916.74,1917.66,1915.5,1916.0,0
2023-09-25 19:00:00,1916.03,1917.2,1915.2,1915.66,0
2023-09-25 20:00:00,1915.7,1916.22,1915.46,1915.51,0
2023-09-25 21:00:00,1915.54,1916.1,1915.48,1915.78,0
2023-09-25 23:00:00,1916.04,1916.81,1915.95,1916.52,0
2023-09-26 00:00:00,1916.56,1916.7,1916.14,1916.29,0
2023-09-26 01:00:00,1916.28,1916.49,1914.65,1914.84,0
2023-09-26 02:00:00,1914.85,1915.85,1914.56,1914.85,0
2023-09-26 03:00:00,1914.88,1915.2,1913.24,1913.67,0
2023-09-26 04:00:00,1913.59,1914.16,1913.06,1913.69,0
2023-09-26 05:00:00,1913.64,1914.64,1913.23,1914.62,0
2023-09-26 06:00:00,1914.59,1915.19,1913.54,1913.56,0
2023-09-26 07:00:00,1913.56,1913.7,1910.46,1910.46,0
2023-09-26 08:00:00,1910.5,1913.76,1909.68,1913.69,0
2023-09-26 09:00:00,1913.71,1915.69,1913.12,1913.77,0
2023-09-26 10:00:00,1913.87,1913.88,1912.12,1913.03,0
2023-09-26 11:00:00,1913.02,1913.42,1911.28,1911.77,0
2023-09-26 12:00:00,1911.77,1913.64,1910.52,1911.61,0
2023-09-26 13:00:00,1911.6,1912.86,1905.35,1910.2,0
2023-09-26 14:00:00,1910.2,1910.22,1904.69,1906.74,0
2023-09-26 15:00:00,1906.77,1909.48,1905.59,1906.48,0
2023-09-26 16:00:00,1906.4,1906.52,1900.82,1902.43,0
2023-09-26 17:00:00,1902.43,1903.58,1900.78,1901.26,0
2023-09-26 18:00:00,1901.33,1902.28,1900.6,1901.0,0
2023-09-26 19:00:00,1901.05,1901.54,1899.12,1899.94,0
2023-09-26 20:00:00,1899.94,1901.08,1899.46,1900.54,0
2023-09-26 21:00:00,1900.54,1900.84,1900.28,1900.58,0
2023-09-26 23:00:00,1900.38,1901.34,1900.14,1900.89,0
2023-09-27 00:00:00,1900.91,1902.06,1900.91,1901.54,0
2023-09-27 01:00:00,1901.54,1902.47,1899.74,1900.65,0
2023-09-27 02:00:00,1900.64,1903.9,1899.86,1902.6,0
2023-09-27 03:00:00,1902.61,1902.61,1899.98,1900.87,0
2023-09-27 04:00:00,1900.85,1900.94,1899.48,1899.9,0
2023-09-27 05:00:00,1899.89,1899.89,1896.56,1897.7,0
2023-09-27 06:00:00,1897.7,1898.43,1895.6,1896.4,0
2023-09-27 07:00:00,1896.36,1898.8,1895.94,1898.09,0
2023-09-27 08:00:00,1898.08,1899.05,1896.44,1896.71,0
2023-09-27 09:00:00,1896.7,1897.85,1895.11,1896.64,0
2023-09-27 10:00:00,1896.61,1896.67,1894.62,1895.58,0
2023-09-27 11:00:00,1895.59,1896.38,1893.64,1893.9,0
2023-09-27 12:00:00,1893.87,1894.16,1892.48,1892.9,0
2023-09-27 13:00:00,1892.89,1893.09,1889.84,1891.83,0
2023-09-27 14:00:00,1891.76,1892.18,1884.51,1887.82,0
2023-09-27 15:00:00,1887.89,1888.98,1883.6,1883.63,0
2023-09-27 16:00:00,1883.63,1885.08,1879.8,1881.49,0
2023-09-27 17:00:00,1881.5,1881.58,1875.47,1875.88,0
2023-09-27 18:00:00,1875.88,1877.34,1872.62,1874.68,0
2023-09-27 19:00:00,1874.7,1877.5,1872.54,1876.04,0
2023-09-27 20:00:00,1875.99,1878.26,1875.27,1876.67,0
2023-09-27 21:00:00,1876.72,1876.88,1874.6,1874.99,0
2023-09-27 23:00:00,1876.04,1877.28,1875.61,1877.01,0
2023-09-28 00:00:00,1877.03,1877.7,1876.28,1877.61,0
2023-09-28 01:00:00,1877.68,1877.92,1876.09,1877.08,0
2023-09-28 02:00:00,1877.05,1877.51,1873.55,1874.1,0
2023-09-28 03:00:00,1874.12,1875.3,1873.86,1874.82,0
2023-09-28 04:00:00,1874.74,1875.24,1873.74,1874.66,0
2023-09-28 05:00:00,1874.64,1875.26,1873.65,1874.86,0
2023-09-28 06:00:00,1874.88,1877.27,1874.56,1877.05,0
2023-09-28 07:00:00,1877.05,1877.7,1873.94,1874.98,0
2023-09-28 08:00:00,1875.08,1878.2,1874.64,1875.77,0
2023-09-28 09:00:00,1875.83,1876.27,1873.7,1874.18,0
2023-09-28 10:00:00,1874.17,1877.22,1873.74,1875.84,0
2023-09-28 11:00:00,1875.84,1876.38,1874.48,1874.95,0
2023-09-28 12:00:00,1874.86,1876.87,1874.62,1876.05,0
2023-09-28 13:00:00,1876.06,1879.53,1871.84,1872.46,0
2023-09-28 14:00:00,1872.45,1877.08,1871.32,1873.1,0
2023-09-28 15:00:00,1872.96,1876.49,1865.28,1865.32,0
2023-09-28 16:00:00,1865.35,1866.02,1857.68,1864.78,0
2023-09-28 17:00:00,1864.76,1865.86,1862.32,1863.52,0
2023-09-28 18:00:00,1863.54,1864.22,1861.01,1861.95,0
2023-09-28 19:00:00,1861.94,1865.98,1861.6,1865.61,0
2023-09-28 20:00:00,1865.61,1867.27,1864.64,1867.13,0
2023-09-28 21:00:00,1867.08,1867.31,1864.54,1864.8,0
2023-09-28 23:00:00,1865.24,1866.29,1863.94,1864.34,0
2023-09-29 00:00:00,1864.34,1866.77,1863.8,1866.73,0
2023-09-29 01:00:00,1866.7,1867.26,1864.84,1865.37,0
2023-09-29 02:00:00,1865.36,1866.34,1864.52,1865.82,0
2023-09-29 03:00:00,1865.8,1866.99,1864.68,1864.87,0
2023-09-29 04:00:00,1864.88,1864.92,1862.99,1863.37,0
2023-09-29 05:00:00,1863.37,1865.7,1863.12,1865.05,0
2023-09-29 06:00:00,1865.05,1868.39,1864.44,1867.35,0
2023-09-29 07:00:00,1867.4,1870.46,1866.27,1870.13,0
2023-09-29 08:00:00,1869.94,1873.99,1869.52,1873.56,0
2023-09-29 09:00:00,1873.54,1873.78,1871.38,1871.62,0
2023-09-29 10:00:00,1871.78,1873.68,1870.97,1873.61,0
2023-09-29 11:00:00,1873.62,1873.62,1872.32,1872.32,0
2023-09-29 12:00:00,1872.3,1872.3,1867.62,1869.48,0
2023-09-29 13:00:00,1869.52,1874.06,1868.06,1873.9,0
2023-09-29 14:00:00,1873.92,1879.84,1870.22,1870.58,0
2023-09-29 15:00:00,1870.83,1871.83,1859.0,1860.87,0
2023-09-29 16:00:00,1860.88,1861.07,1852.26,1854.78,0
2023-09-29 17:00:00,1854.82,1856.46,1852.94,1853.7,0
2023-09-29 18:00:00,1853.72,1853.73,1849.67,1850.01,0
2023-09-29 19:00:00,1850.0,1850.92,1846.32,1848.92,0
2023-09-29 20:00:00,1848.88,1850.28,1847.98,1848.26,0
2023-09-29 21:00:00,1848.2,1849.91,1847.72,1848.74,0
2023-10-01 23:00:00,1847.81,1850.59,1845.72,1846.49,0
2023-10-02 00:00:00,1846.47,1848.5,1846.14,1848.42,0
2023-10-02 01:00:00,1848.42,1848.98,1845.14,1845.48,0
2023-10-02 02:00:00,1845.5,1847.4,1843.98,1843.98,0
2023-10-02 03:00:00,1843.93,1845.11,1842.84,1844.06,0
2023-10-02 04:00:00,1844.06,1844.92,1843.36,1843.53,0
2023-10-02 05:00:00,1843.52,1844.37,1842.44,1842.54,0
2023-10-02 06:00:00,1842.54,1843.13,1839.24,1839.66,0
2023-10-02 07:00:00,1839.63,1846.25,1839.46,1844.61,0
2023-10-02 08:00:00,1844.56,1846.02,1839.4,1839.8,0
2023-10-02 09:00:00,1839.79,1843.21,1839.51,1839.56,0
2023-10-02 10:00:00,1839.54,1839.68,1831.12,1834.28,0
2023-10-02 11:00:00,1834.3,1836.3,1832.83,1833.5,0
2023-10-02 12:00:00,1833.48,1838.19,1833.48,1837.34,0
2023-10-02 13:00:00,1837.32,1840.6,1834.02,1836.25,0
2023-10-02 14:00:00,1836.27,1838.42,1832.38,1833.79,0
2023-10-02 15:00:00,1833.33,1836.83,1827.14,1828.85,0
2023-10-02 16:00:00,1828.91,1834.66,1827.54,1832.65,0
2023-10-02 17:00:00,1832.7,1833.24,1830.46,1831.62,0
2023-10-02 18:00:00,1831.62,1833.58,1831.0,1831.88,0
2023-10-02 19:00:00,1831.9,1833.44,1830.26,1830.62,0
2023-10-02 20:00:00,1830.6,1830.67,1829.23,1829.38,0
2023-10-02 21:00:00,1829.27,1829.67,1827.52,1827.77,0
2023-10-02 23:00:00,1828.8,1829.65,1827.4,1828.2,0
2023-10-03 00:00:00,1828.23,1828.23,1820.5,1825.0,0
2023-10-03 01:00:00,1824.9,1825.3,1822.05,1824.68,0
2023-10-03 02:00:00,1824.75,1825.12,1822.68,1822.94,0
2023-10-03 03:00:00,1822.98,1823.24,1815.32,1817.42,0
2023-10-03 04:00:00,1817.42,1820.75,1816.92,1820.5,0
2023-10-03 05:00:00,1820.64,1821.74,1819.72,1820.7,0
2023-10-03 06:00:00,1820.7,1820.96,1818.19,1819.44,0
2023-10-03 07:00:00,1819.48,1824.64,1819.1,1823.88,0
2023-10-03 08:00:00,1823.82,1824.47,1820.7,1824.07,0
2023-10-03 09:00:00,1824.07,1829.12,1823.99,1826.23,0
2023-10-03 10:00:00,1826.24,1827.99,1823.78,1826.5,0
2023-10-03 11:00:00,1826.44,1827.36,1825.0,1825.8,0
2023-10-03 12:00:00,1825.8,1827.32,1823.67,1825.95,0
2023-10-03 13:00:00,1825.99,1829.78,1824.42,1824.82,0
2023-10-03 14:00:00,1824.9,1831.35,1823.36,1829.05,0
2023-10-03 15:00:00,1828.9,1833.36,1819.3,1826.44,0
2023-10-03 16:00:00,1826.46,1828.61,1822.03,1824.87,0
2023-10-03 17:00:00,1824.9,1828.08,1822.88,1823.92,0
2023-10-03 18:00:00,1823.91,1825.98,1822.91,1823.63,0
2023-10-03 19:00:00,1823.62,1825.49,1821.94,1823.86,0
2023-10-03 20:00:00,1823.78,1825.24,1823.38,1823.94,0
2023-10-03 21:00:00,1823.95,1825.0,1822.79,1822.94,0
2023-10-03 23:00:00,1822.84,1824.21,1822.12,1822.66,0
2023-10-04 00:00:00,1822.66,1824.96,1822.22,1823.35,0
2023-10-04 01:00:00,1823.2,1825.02,1821.86,1823.26,0
2023-10-04 02:00:00,1823.26,1824.34,1820.8,1822.74,0
2023-10-04 03:00:00,1822.68,1822.96,1820.04,1820.82,0
2023-10-04 04:00:00,1820.82,1822.16,1819.71,1820.78,0
2023-10-04 05:00:00,1820.79,1823.78,1820.79,1823.56,0
2023-10-04 06:00:00,1823.55,1823.7,1820.95,1821.29,0
2023-10-04 07:00:00,1821.3,1821.48,1816.72,1819.1,0
2023-10-04 08:00:00,1819.08,1823.14,1817.38,1823.09,0
2023-10-04 09:00:00,1823.04,1823.58,1820.27,1822.98,0
2023-10-04 10:00:00,1823.06,1824.52,1821.4,1822.14,0
2023-10-04 11:00:00,1822.12,1823.24,1821.12,1823.13,0
2023-10-04 12:00:00,1823.14,1827.2,1822.88,1824.94,0
2023-10-04 13:00:00,1824.96,1830.51,1823.63,1827.32,0
2023-10-04 14:00:00,1827.33,1827.46,1817.73,1820.25,0
2023-10-04 15:00:00,1818.84,1821.93,1817.08,1818.42,0
2023-10-04 16:00:00,1818.41,1826.34,1817.4,1823.88,0
2023-10-04 17:00:00,1823.96,1824.08,1820.98,1821.01,0
2023-10-04 18:00:00,1820.92,1821.32,1818.29,1818.36,0
2023-10-04 19:00:00,1818.36,1818.81,1816.64,1817.61,0
2023-10-04 20:00:00,1817.68,1823.65,1817.44,1823.31,0
2023-10-04 21:00:00,1823.36,1823.36,1820.5,1821.1,0
2023-10-04 23:00:00,1821.53,1822.42,1821.1,1822.41,0
2023-10-05 00:00:00,1822.42,1824.07,1822.32,1822.54,0
2023-10-05 01:00:00,1822.54,1825.71,1821.76,1825.71,0
2023-10-05 02:00:00,1825.71,1828.22,1825.65,1828.08,0
2023-10-05 03:00:00,1828.06,1828.42,1826.03,1826.18,0
2023-10-05 04:00:00,1826.17,1828.73,1825.85,1828.35,0
2023-10-05 05:00:00,1828.38,1829.2,1827.44,1827.66,0
2023-10-05 06:00:00,1827.64,1828.23,1826.31,1826.32,0
2023-10-05 07:00:00,1826.37,1826.62,1822.13,1822.28,0
2023-10-05 08:00:00,1822.25,1822.87,1819.92,1820.83,0
2023-10-05 09:00:00,1820.84,1822.46,1819.7,1819.86,0
2023-10-05 10:00:00,1819.85,1823.33,1819.66,1821.97,0
2023-10-05 11:00:00,1822.04,1823.98,1820.7,1823.22,0
2023-10-05 12:00:00,1823.2,1823.42,1820.25,1823.05,0
2023-10-05 13:00:00,1823.05,1823.94,1813.07,1815.71,0
2023-10-05 14:00:00,1815.68,1821.83,1814.18,1820.74,0
2023-10-05 15:00:00,1820.74,1821.12,1816.47,1819.91,0
2023-10-05 16:00:00,1819.91,1819.96,1814.41,1815.53,0
2023-10-05 17:00:00,1815.57,1818.38,1814.86,1818.15,0
2023-10-05 18:00:00,1818.16,1819.5,1815.82,1819.11,0
2023-10-05 19:00:00,1819.26,1820.6,1818.62,1820.26,0
2023-10-05 20:00:00,1820.22,1820.9,1819.72,1820.38,0
2023-10-05 21:00:00,1820.4,1820.66,1819.48,1820.24,0
2023-10-05 23:00:00,1820.26,1821.51,1820.25,1821.23,0
2023-10-06 00:00:00,1821.28,1823.16,1821.25,1821.32,0
2023-10-06 01:00:00,1821.34,1822.12,1820.18,1820.73,0
2023-10-06 02:00:00,1820.62,1823.26,1819.7,1822.8,0
2023-10-06 03:00:00,1822.78,1824.12,1822.4,1823.87,0
2023-10-06 04:00:00,1823.89,1824.46,1823.28,1824.05,0
2023-10-06 05:00:00,1823.98,1824.6,1822.64,1822.79,0
2023-10-06 06:00:00,1822.8,1822.96,1820.74,1821.38,0
2023-10-06 07:00:00,1821.39,1821.69,1818.63,1819.4,0
2023-10-06 08:00:00,1819.4,1821.64,1818.62,1821.43,0
2023-10-06 09:00:00,1821.41,1822.11,1819.33,1821.91,0
2023-10-06 10:00:00,1821.94,1822.31,1820.04,1820.5,0
2023-10-06 11:00:00,1820.5,1825.09,1820.5,1822.65,0
2023-10-06 12:00:00,1822.66,1822.81,1820.66,1821.3,0
2023-10-06 13:00:00,1821.3,1821.72,1810.43,1815.08,0
2023-10-06 14:00:00,1815.12,1826.0,1813.88,1821.3,0
2023-10-06 15:00:00,1821.46,1831.52,1820.96,1823.6,0
2023-10-06 16:00:00,1823.58,1834.88,1823.58,1832.62,0
2023-10-06 17:00:00,1832.62,1833.44,1829.0,1829.23,0
2023-10-06 18:00:00,1829.22,1832.24,1828.8,1831.78,0
2023-10-06 19:00:00,1831.8,1833.96,1831.41,1831.9,0
2023-10-06 20:00:00,1831.91,1832.01,1829.08,1829.41,0
2023-10-06 21:00:00,1829.44,1832.23,1828.94,1831.84,0
2023-10-08 23:00:00,1848.06,1855.6,1845.47,1849.86,0
2023-10-09 00:00:00,1849.87,1849.87,1846.56,1847.98,0
2023-10-09 01:00:00,1847.99,1852.49,1846.24,1852.4,0
2023-10-09 02:00:00,1852.34,1852.81,1847.34,1848.96,0
2023-10-09 03:00:00,1849.0,1852.74,1848.89,1850.47,0
2023-10-09 04:00:00,1850.48,1851.56,1848.74,1851.08,0
2023-10-09 05:00:00,1851.13,1853.24,1850.14,1850.5,0
2023-10-09 06:00:00,1850.52,1852.34,1848.06,1851.81,0
2023-10-09 07:00:00,1851.82,1854.34,1849.95,1850.04,0
2023-10-09 08:00:00,1849.98,1852.61,1848.06,1850.42,0
2023-10-09 09:00:00,1850.38,1850.97,1848.96,1850.49,0
2023-10-09 10:00:00,1850.5,1852.3,1850.03,1851.25,0
2023-10-09 11:00:00,1851.25,1852.02,1849.82,1850.1,0
2023-10-09 12:00:00,1850.12,1850.43,1849.06,1850.05,0
2023-10-09 13:00:00,1850.06,1850.06,1844.96,1847.99,0
2023-10-09 14:00:00,1847.89,1849.39,1844.23,1845.33,0
2023-10-09 15:00:00,1845.33,1852.47,1845.13,1852.14,0
2023-10-09 16:00:00,1852.17,1853.24,1850.54,1851.61,0
2023-10-09 17:00:00,1851.63,1851.84,1848.68,1850.06,0
2023-10-09 18:00:00,1850.06,1855.48,1849.96,1854.48,0
2023-10-09 19:00:00,1854.49,1857.7,1854.45,1857.1,0
2023-10-09 20:00:00,1857.1,1863.5,1857.01,1863.27,0
2023-10-09 21:00:00,1863.11,1863.11,1860.93,1861.35,0
2023-10-09 23:00:00,1861.1,1861.84,1860.6,1861.48,0
2023-10-10 00:00:00,1861.52,1862.74,1860.37,1862.56,0
2023-10-10 01:00:00,1862.61,1865.4,1861.39,1864.06,0
2023-10-10 02:00:00,1864.06,1865.23,1863.1,1863.76,0
2023-10-10 03:00:00,1863.76,1864.66,1862.32,1862.98,0
2023-10-10 04:00:00,1862.93,1863.77,1862.4,1862.48,0
2023-10-10 05:00:00,1862.49,1862.54,1860.78,1860.84,0
2023-10-10 06:00:00,1860.85,1862.17,1859.84,1860.78,0
2023-10-10 07:00:00,1860.8,1862.04,1855.18,1856.54,0
2023-10-10 08:00:00,1856.42,1858.03,1855.3,1857.37,0
2023-10-10 09:00:00,1857.41,1859.82,1855.39,1858.52,0
2023-10-10 10:00:00,1858.5,1859.59,1857.58,1858.32,0
2023-10-10 11:00:00,1858.31,1858.41,1856.36,1856.72,0
2023-10-10 12:00:00,1856.77,1857.42,1854.86,1857.16,0
2023-10-10 13:00:00,1857.2,1857.72,1853.0,1854.52,0
2023-10-10 14:00:00,1854.51,1857.58,1853.1,1857.48,0
2023-10-10 15:00:00,1857.48,1858.8,1853.37,1856.52,0
2023-10-10 16:00:00,1856.57,1862.34,1856.0,1861.29,0
2023-10-10 17:00:00,1861.28,1862.4,1858.37,1861.92,0
2023-10-10 18:00:00,1861.97,1862.82,1858.27,1858.48,0
2023-10-10 19:00:00,1858.48,1860.24,1858.1,1859.36,0
2023-10-10 20:00:00,1859.39,1860.43,1858.42,1860.18,0
2023-10-10 21:00:00,1860.16,1860.81,1859.67,1860.42,0
2023-10-10 23:00:00,1859.76,1860.51,1859.35,1859.82,0
2023-10-11 00:00:00,1859.85,1860.72,1859.62,1859.68,0
2023-10-11 01:00:00,1859.72,1862.09,1859.54,1860.98,0
2023-10-11 02:00:00,1860.97,1861.89,1860.34,1861.7,0
2023-10-11 03:00:00,1861.7,1862.1,1859.78,1861.48,0
2023-10-11 04:00:00,1861.48,1861.51,1859.77,1860.13,0
2023-10-11 05:00:00,1860.11,1860.73,1859.46,1859.77,0
2023-10-11 06:00:00,1859.76,1860.62,1858.63,1859.46,0
2023-10-11 07:00:00,1859.46,1863.74,1858.8,1862.57,0
2023-10-11 08:00:00,1862.58,1868.18,1862.46,1867.96,0
2023-10-11 09:00:00,1867.94,1869.82,1866.91,1869.6,0
2023-10-11 10:00:00,1869.56,1871.06,1869.08,1870.52,0
2023-10-11 11:00:00,1870.49,1874.77,1869.9,1873.91,0
2023-10-11 12:00:00,1873.91,1874.61,1870.88,1871.0,0
2023-10-11 13:00:00,1871.03,1873.06,1867.61,1872.86,0
2023-10-11 14:00:00,1872.95,1875.05,1868.19,1872.24,0
2023-10-11 15:00:00,1872.2,1872.45,1869.07,1871.2,0
2023-10-11 16:00:00,1871.21,1873.66,1869.53,1873.04,0
2023-10-11 17:00:00,1873.03,1877.18,1872.88,1874.35,0
2023-10-11 18:00:00,1874.36,1874.72,1870.8,1871.93,0
2023-10-11 19:00:00,1871.96,1873.33,1870.97,1872.44,0
2023-10-11 20:00:00,1872.42,1874.24,1872.39,1873.58,0
2023-10-11 21:00:00,1873.59,1874.56,1873.46,1874.27,0
2023-10-11 23:00:00,1874.56,1875.33,1873.9,1874.68,0
2023-10-12 00:00:00,1874.68,1875.72,1874.66,1875.31,0
2023-10-12 01:00:00,1875.37,1876.62,1874.74,1875.44,0
2023-10-12 02:00:00,1875.45,1878.73,1874.51,1877.46,0
2023-10-12 03:00:00,1877.45,1878.0,1875.62,1876.76,0
2023-10-12 04:00:00,1876.76,1878.14,1876.72,1877.69,0
2023-10-12 05:00:00,1877.68,1879.11,1876.77,1878.88,0
2023-10-12 06:00:00,1878.86,1880.09,1878.4,1880.09,0
2023-10-12 07:00:00,1880.14,1882.64,1878.61,1882.22,0
2023-10-12 08:00:00,1882.2,1882.71,1878.76,1878.88,0
2023-10-12 09:00:00,1878.85,1881.49,1878.64,1880.34,0
2023-10-12 10:00:00,1880.39,1882.12,1879.58,1880.94,0
2023-10-12 11:00:00,1880.95,1882.72,1880.61,1881.34,0
2023-10-12 12:00:00,1881.35,1884.49,1881.14,1883.55,0
2023-10-12 13:00:00,1883.61,1884.95,1875.33,1879.07,0
2023-10-12 14:00:00,1879.02,1880.03,1872.94,1873.91,0
2023-10-12 15:00:00,1873.86,1876.69,1871.17,1872.18,0
2023-10-12 16:00:00,1872.15,1873.39,1870.7,1872.34,0
2023-10-12 17:00:00,1872.42,1873.66,1870.98,1871.38,0
2023-10-12 18:00:00,1871.42,1872.0,1868.02,1868.98,0
2023-10-12 19:00:00,1868.94,1870.68,1867.89,1868.43,0
2023-10-12 20:00:00,1868.48,1870.1,1868.14,1868.36,0
2023-10-12 21:00:00,1868.35,1869.08,1868.35,1868.73,0
2023-10-12 23:00:00,1868.85,1871.14,1868.7,1869.75,0
2023-10-13 00:00:00,1869.73,1871.27,1869.73,1870.6,0
2023-10-13 01:00:00,1870.6,1872.6,1870.1,1872.56,0
2023-10-13 02:00:00,1872.55,1872.99,1871.36,1871.99,0
2023-10-13 03:00:00,1871.99,1873.59,1871.67,1873.39,0
2023-10-13 04:00:00,1873.4,1874.02,1872.58,1873.7,0
2023-10-13 05:00:00,1873.67,1876.78,1873.56,1876.31,0
2023-10-13 06:00:00,1876.34,1878.04,1876.04,1877.1,0
2023-10-13 07:00:00,1877.06,1878.0,1875.76,1876.98,0
2023-10-13 08:00:00,1876.93,1883.12,1876.78,1882.15,0
2023-10-13 09:00:00,1882.15,1884.94,1882.01,1883.86,0
2023-10-13 10:00:00,1883.83,1888.21,1882.47,1887.59,0
2023-10-13 11:00:00,1887.6,1889.92,1886.66,1887.62,0
2023-10-13 12:00:00,1887.58,1899.9,1887.39,1896.44,0
2023-10-13 13:00:00,1896.44,1919.15,1896.44,1913.35,0
2023-10-13 14:00:00,1913.39,1913.4,1905.56,1910.63,0
2023-10-13 15:00:00,1909.01,1921.01,1908.01,1920.84,0
2023-10-13 16:00:00,1920.86,1923.19,1917.2,1923.0,0
2023-10-13 17:00:00,1923.04,1927.46,1922.45,1927.14,0
2023-10-13 18:00:00,1927.15,1929.91,1926.84,1928.31,0
2023-10-13 19:00:00,1928.36,1930.74,1927.67,1928.7,0
2023-10-13 20:00:00,1928.68,1928.93,1927.81,1928.37,0
2023-10-13 21:00:00,1928.28,1932.41,1928.13,1932.41,0
2023-10-15 23:00:00,1929.58,1929.58,1921.18,1924.44,0
2023-10-16 00:00:00,1924.48,1926.34,1921.58,1925.87,0
2023-10-16 01:00:00,1925.85,1925.94,1921.42,1921.66,0
2023-10-16 02:00:00,1921.68,1923.48,1920.4,1920.51,0
2023-10-16 03:00:00,1920.54,1921.54,1918.46,1920.42,0
2023-10-16 04:00:00,1920.44,1920.46,1918.07,1920.06,0
2023-10-16 05:00:00,1920.04,1920.44,1919.13,1920.16,0
2023-10-16 06:00:00,1920.2,1920.2,1914.26,1915.03,0
2023-10-16 07:00:00,1915.2,1915.86,1909.28,1909.94,0
2023-10-16 08:00:00,1909.89,1912.38,1908.18,1911.45,0
2023-10-16 09:00:00,1911.44,1913.52,1909.92,1911.64,0
2023-10-16 10:00:00,1911.56,1916.5,1911.22,1916.2,0
2023-10-16 11:00:00,1916.2,1918.31,1914.49,1917.98,0
2023-10-16 12:00:00,1918.0,1918.25,1914.77,1915.61,0
2023-10-16 13:00:00,1915.6,1924.55,1914.6,1918.71,0
2023-10-16 14:00:00,1918.71,1921.23,1914.46,1917.99,0
2023-10-16 15:00:00,1917.99,1920.36,1916.24,1918.19,0
2023-10-16 16:00:00,1918.22,1922.29,1917.99,1921.51,0
2023-10-16 17:00:00,1921.53,1922.04,1920.34,1921.9,0
2023-10-16 18:00:00,1921.9,1922.76,1918.56,1919.15,0
2023-10-16 19:00:00,1919.18,1919.67,1918.72,1919.09,0
2023-10-16 20:00:00,1919.09,1920.75,1917.86,1919.0,0
2023-10-16 21:00:00,1918.98,1920.06,1918.98,1920.06,0
2023-10-16 23:00:00,1919.7,1920.97,1918.77,1918.84,0
2023-10-17 00:00:00,1918.84,1921.81,1918.82,1919.44,0
2023-10-17 01:00:00,1919.46,1920.03,1914.44,1916.6,0
2023-10-17 02:00:00,1916.59,1917.6,1913.32,1915.1,0
2023-10-17 03:00:00,1915.11,1915.17,1912.41,1914.78,0
2023-10-17 04:00:00,1914.77,1916.84,1914.31,1916.84,0
2023-10-17 05:00:00,1916.83,1916.97,1914.54,1914.68,0
2023-10-17 06:00:00,1914.7,1916.81,1914.19,1916.47,0
2023-10-17 07:00:00,1916.59,1918.08,1915.68,1917.36,0
2023-10-17 08:00:00,1917.39,1921.4,1917.12,1920.1,0
2023-10-17 09:00:00,1920.04,1920.57,1918.66,1919.3,0
2023-10-17 10:00:00,1919.3,1923.75,1918.9,1923.03,0
2023-10-17 11:00:00,1923.06,1926.54,1922.58,1923.47,0
2023-10-17 12:00:00,1923.51,1925.59,1922.19,1924.1,0
2023-10-17 13:00:00,1923.98,1928.98,1919.05,1926.02,0
2023-10-17 14:00:00,1926.04,1931.56,1920.86,1927.84,0
2023-10-17 15:00:00,1927.89,1930.96,1922.74,1924.07,0
2023-10-17 16:00:00,1924.09,1926.92,1923.11,1926.83,0
2023-10-17 17:00:00,1926.81,1926.81,1923.08,1924.1,0
2023-10-17 18:00:00,1924.12,1925.11,1919.66,1919.82,0
2023-10-17 19:00:00,1919.82,1922.13,1919.16,1922.04,0
2023-10-17 20:00:00,1922.07,1925.13,1921.86,1922.64,0
2023-10-17 21:00:00,1922.65,1923.27,1922.14,1923.05,0
2023-10-17 23:00:00,1923.36,1925.53,1923.24,1924.89,0
2023-10-18 00:00:00,1924.96,1925.51,1924.11,1924.74,0
2023-10-18 01:00:00,1924.84,1928.23,1923.75,1927.42,0
2023-10-18 02:00:00,1927.43,1940.4,1926.89,1939.07,0
2023-10-18 03:00:00,1939.16,1942.74,1935.8,1937.25,0
2023-10-18 04:00:00,1937.23,1938.09,1935.23,1937.52,0
2023-10-18 05:00:00,1937.45,1938.6,1936.74,1938.13,0
2023-10-18 06:00:00,1938.12,1939.68,1936.43,1937.02,0
2023-10-18 07:00:00,1937.03,1938.79,1935.08,1936.12,0
2023-10-18 08:00:00,1936.13,1940.08,1935.56,1939.66,0
2023-10-18 09:00:00,1939.65,1939.79,1937.28,1938.45,0
2023-10-18 10:00:00,1938.44,1946.14,1938.38,1944.31,0
2023-10-18 11:00:00,1944.32,1945.36,1942.56,1945.28,0
2023-10-18 12:00:00,1945.28,1947.5,1944.22,1946.21,0
2023-10-18 13:00:00,1946.22,1950.12,1944.78,1948.88,0
2023-10-18 14:00:00,1948.91,1962.6,1947.22,1957.12,0
2023-10-18 15:00:00,1957.11,1958.82,1943.64,1947.04,0
2023-10-18 16:00:00,1946.86,1947.44,1938.29,1945.23,0
2023-10-18 17:00:00,1945.23,1950.47,1944.64,1949.88,0
2023-10-18 18:00:00,1949.86,1956.57,1949.51,1954.04,0
2023-10-18 19:00:00,1954.04,1954.16,1948.82,1950.58,0
2023-10-18 20:00:00,1950.56,1951.68,1948.58,1950.42,0
2023-10-18 21:00:00,1950.42,1950.65,1947.36,1947.62,0
2023-10-18 23:00:00,1947.5,1951.03,1947.28,1949.78,0
2023-10-19 00:00:00,1949.8,1951.72,1949.8,1950.84,0
2023-10-19 01:00:00,1950.85,1953.32,1948.76,1950.21,0
2023-10-19 02:00:00,1950.2,1951.74,1946.28,1948.27,0
2023-10-19 03:00:00,1948.23,1950.06,1947.79,1949.63,0
2023-10-19 04:00:00,1949.52,1950.72,1945.25,1946.37,0
2023-10-19 05:00:00,1946.35,1948.93,1945.37,1948.21,0
2023-10-19 06:00:00,1948.19,1949.3,1945.94,1946.94,0
2023-10-19 07:00:00,1946.94,1948.6,1945.5,1948.06,0
2023-10-19 08:00:00,1948.23,1952.75,1947.72,1949.48,0
2023-10-19 09:00:00,1949.48,1954.42,1948.0,1949.75,0
2023-10-19 10:00:00,1949.7,1950.76,1947.89,1950.72,0
2023-10-19 11:00:00,1950.71,1951.47,1949.02,1951.0,0
2023-10-19 12:00:00,1951.0,1952.3,1949.62,1952.17,0
2023-10-19 13:00:00,1952.22,1957.17,1950.47,1954.85,0
2023-10-19 14:00:00,1954.84,1956.36,1950.08,1954.45,0
2023-10-19 15:00:00,1954.45,1955.12,1949.76,1950.35,0
2023-10-19 16:00:00,1950.33,1959.97,1950.04,1956.13,0
2023-10-19 17:00:00,1956.21,1962.08,1952.12,1962.0,0
2023-10-19 18:00:00,1962.06,1972.78,1960.8,1972.73,0
2023-10-19 19:00:00,1972.64,1975.11,1970.7,1973.12,0
2023-10-19 20:00:00,1973.13,1977.72,1973.12,1974.37,0
2023-10-19 21:00:00,1974.38,1975.36,1972.94,1974.28,0
2023-10-19 23:00:00,1974.09,1976.62,1972.53,1972.53,0
2023-10-20 00:00:00,1972.53,1982.5,1972.53,1977.24,0
2023-10-20 01:00:00,1977.19,1977.65,1974.08,1975.01,0
2023-10-20 02:00:00,1974.97,1978.04,1972.02,1977.87,0
2023-10-20 03:00:00,1977.85,1981.95,1976.52,1979.5,0
2023-10-20 04:00:00,1979.43,1980.5,1977.15,1977.82,0
2023-10-20 05:00:00,1977.75,1978.26,1976.59,1977.25,0
2023-10-20 06:00:00,1977.32,1979.96,1975.85,1977.58,0
2023-10-20 07:00:00,1977.57,1980.1,1974.1,1979.35,0
2023-10-20 08:00:00,1979.41,1982.18,1978.15,1980.13,0
2023-10-20 09:00:00,1980.18,1985.12,1979.98,1983.73,0
2023-10-20 10:00:00,1983.76,1985.34,1980.31,1982.63,0
2023-10-20 11:00:00,1982.6,1984.36,1982.3,1983.28,0
2023-10-20 12:00:00,1983.3,1985.9,1976.44,1977.21,0
2023-10-20 13:00:00,1977.32,1980.18,1973.29,1978.41,0
2023-10-20 14:00:00,1978.31,1988.04,1976.58,1987.1,0
2023-10-20 15:00:00,1987.19,1991.36,1984.21,1990.95,0
2023-10-20 16:00:00,1991.08,1997.17,1989.82,1991.62,0
2023-10-20 17:00:00,1991.6,1992.42,1981.2,1982.67,0
2023-10-20 18:00:00,1982.63,1986.7,1974.38,1982.51,0
2023-10-20 19:00:00,1982.52,1982.74,1976.07,1980.26,0
2023-10-20 20:00:00,1980.26,1982.12,1978.94,1979.71,0
2023-10-20 21:00:00,1979.6,1981.38,1978.96,1980.9,0
2023-10-22 23:00:00,1965.68,1978.6,1964.92,1976.32,0
2023-10-23 00:00:00,1976.7,1978.19,1970.15,1971.57,0
2023-10-23 01:00:00,1971.59,1973.26,1964.38,1966.31,0
2023-10-23 02:00:00,1966.33,1968.28,1964.43,1966.66,0
2023-10-23 03:00:00,1966.51,1974.33,1966.5,1972.68,0
2023-10-23 04:00:00,1972.67,1974.75,1971.74,1973.67,0
2023-10-23 05:00:00,1973.68,1974.78,1972.79,1973.78,0
2023-10-23 06:00:00,1973.68,1976.78,1972.77,1975.72,0
2023-10-23 07:00:00,1975.84,1977.56,1975.08,1975.77,0
2023-10-23 08:00:00,1975.68,1979.76,1974.5,1979.46,0
2023-10-23 09:00:00,1979.43,1981.96,1979.1,1981.46,0
2023-10-23 10:00:00,1981.46,1982.82,1976.9,1977.64,0
2023-10-23 11:00:00,1977.72,1978.49,1975.3,1977.48,0
2023-10-23 12:00:00,1977.46,1979.86,1975.98,1979.36,0
2023-10-23 13:00:00,1979.37,1981.99,1976.04,1977.58,0
2023-10-23 14:00:00,1977.59,1980.04,1970.12,1974.78,0
2023-10-23 15:00:00,1974.75,1978.63,1972.46,1976.25,0
2023-10-23 16:00:00,1976.21,1978.86,1973.6,1975.35,0
2023-10-23 17:00:00,1975.36,1979.38,1973.7,1974.46,0
2023-10-23 18:00:00,1974.22,1977.68,1972.36,1976.2,0
2023-10-23 19:00:00,1976.2,1978.12,1975.78,1977.54,0
2023-10-23 20:00:00,1977.54,1977.81,1971.14,1973.24,0
2023-10-23 21:00:00,1973.2,1973.47,1971.56,1972.74,0
2023-10-23 23:00:00,1972.68,1973.82,1972.66,1973.07,0
2023-10-24 00:00:00,1973.04,1973.86,1971.39,1973.64,0
2023-10-24 01:00:00,1973.64,1975.94,1972.44,1973.81,0
2023-10-24 02:00:00,1973.82,1978.72,1973.82,1976.59,0
2023-10-24 03:00:00,1976.63,1980.83,1975.79,1977.71,0
2023-10-24 04:00:00,1977.72,1978.29,1975.41,1976.93,0
2023-10-24 05:00:00,1976.86,1977.42,1975.39,1976.24,0
2023-10-24 06:00:00,1976.31,1976.65,1974.48,1976.48,0
2023-10-24 07:00:00,1976.42,1978.11,1975.66,1977.52,0
2023-10-24 08:00:00,1977.66,1979.2,1974.87,1975.32,0
2023-10-24 09:00:00,1975.49,1975.95,1970.12,1972.24,0
2023-10-24 10:00:00,1972.14,1972.51,1964.94,1966.58,0
2023-10-24 11:00:00,1966.48,1967.43,1961.0,1961.86,0
2023-10-24 12:00:00,1961.89,1964.22,1953.59,1963.68,0
2023-10-24 13:00:00,1963.65,1966.8,1960.75,1964.93,0
2023-10-24 14:00:00,1964.96,1966.15,1959.0,1964.6,0
2023-10-24 15:00:00,1964.58,1965.79,1961.77,1963.83,0
2023-10-24 16:00:00,1963.82,1970.1,1961.28,1969.78,0
2023-10-24 17:00:00,1969.8,1975.99,1968.93,1974.31,0
2023-10-24 18:00:00,1974.3,1977.56,1973.67,1975.93,0
2023-10-24 19:00:00,1975.94,1976.23,1971.84,1973.79,0
2023-10-24 20:00:00,1973.69,1973.96,1971.14,1972.72,0
2023-10-24 21:00:00,1972.72,1973.15,1970.82,1971.03,0
2023-10-24 23:00:00,1971.38,1971.38,1969.92,1970.55,0
2023-10-25 00:00:00,1970.55,1973.43,1970.44,1972.81,0
2023-10-25 01:00:00,1972.82,1975.29,1972.08,1974.53,0
2023-10-25 02:00:00,1974.58,1977.03,1972.8,1976.01,0
2023-10-25 03:00:00,1976.0,1976.88,1971.29,1972.69,0
2023-10-25 04:00:00,1972.68,1973.38,1970.92,1973.31,0
2023-10-25 05:00:00,1973.29,1974.54,1971.89,1972.45,0
2023-10-25 06:00:00,1972.47,1973.52,1970.78,1972.82,0
2023-10-25 07:00:00,1972.83,1975.94,1971.28,1971.36,0
2023-10-25 08:00:00,1971.34,1973.27,1968.36,1971.16,0
2023-10-25 09:00:00,1971.15,1974.9,1970.63,1971.42,0
2023-10-25 10:00:00,1971.28,1971.96,1969.44,1969.54,0
2023-10-25 11:00:00,1969.55,1973.95,1969.47,1973.06,0
2023-10-25 12:00:00,1973.03,1976.45,1972.46,1974.71,0
2023-10-25 13:00:00,1974.79,1976.93,1972.42,1975.15,0
2023-10-25 14:00:00,1975.19,1987.24,1974.86,1985.16,0
2023-10-25 15:00:00,1985.16,1985.89,1974.83,1977.13,0
2023-10-25 16:00:00,1977.07,1984.73,1963.05,1981.28,0
2023-10-25 17:00:00,1981.28,1983.68,1977.59,1978.22,0
2023-10-25 18:00:00,1978.29,1985.65,1976.6,1983.09,0
2023-10-25 19:00:00,1983.19,1984.36,1980.84,1981.54,0
2023-10-25 20:00:00,1981.54,1982.68,1980.4,1980.82,0
2023-10-25 21:00:00,1980.82,1980.86,1977.69,1979.45,0
2023-10-25 23:00:00,1980.79,1984.14,1979.58,1982.19,0
2023-10-26 00:00:00,1982.2,1983.84,1981.54,1983.02,0
2023-10-26 01:00:00,1983.02,1984.78,1982.44,1983.48,0
2023-10-26 02:00:00,1983.55,1986.62,1983.33,1985.01,0
2023-10-26 03:00:00,1985.01,1986.92,1984.59,1984.84,0
2023-10-26 04:00:00,1984.83,1987.39,1983.47,1987.23,0
2023-10-26 05:00:00,1987.24,1989.4,1987.18,1988.52,0
2023-10-26 06:00:00,1988.46,1989.56,1984.84,1985.8,0
2023-10-26 07:00:00,1985.79,1988.26,1984.0,1984.98,0
2023-10-26 08:00:00,1985.08,1990.14,1984.4,1990.1,0
2023-10-26 09:00:00,1990.1,1993.45,1988.69,1992.17,0
2023-10-26 10:00:00,1992.2,1992.22,1989.36,1990.66,0
2023-10-26 11:00:00,1990.64,1991.21,1986.0,1986.7,0
2023-10-26 12:00:00,1986.66,1987.59,1982.56,1984.67,0
2023-10-26 13:00:00,1984.67,1986.71,1974.85,1979.53,0
2023-10-26 14:00:00,1979.64,1981.82,1974.62,1978.97,0
2023-10-26 15:00:00,1978.75,1980.45,1971.86,1979.61,0
2023-10-26 16:00:00,1979.7,1981.35,1976.44,1980.3,0
2023-10-26 17:00:00,1980.25,1985.86,1979.74,1984.22,0
2023-10-26 18:00:00,1984.25,1989.28,1984.1,1986.96,0
2023-10-26 19:00:00,1986.96,1987.14,1984.8,1986.01,0
2023-10-26 20:00:00,1986.0,1986.86,1982.36,1984.4,0
2023-10-26 21:00:00,1984.48,1985.57,1983.9,1984.73,0
2023-10-26 23:00:00,1984.51,1985.64,1983.85,1985.36,0
2023-10-27 00:00:00,1985.42,1986.78,1983.45,1984.45,0
2023-10-27 01:00:00,1984.43,1984.9,1982.89,1983.51,0
2023-10-27 02:00:00,1983.48,1986.8,1983.25,1985.53,0
2023-10-27 03:00:00,1985.6,1988.86,1985.6,1986.68,0
2023-10-27 04:00:00,1986.64,1988.31,1986.47,1987.92,0
2023-10-27 05:00:00,1987.92,1990.0,1987.92,1989.52,0
2023-10-27 06:00:00,1989.56,1989.6,1986.44,1988.9,0
2023-10-27 07:00:00,1988.94,1989.71,1986.23,1987.52,0
2023-10-27 08:00:00,1987.57,1989.11,1985.8,1987.37,0
2023-10-27 09:00:00,1987.38,1987.54,1985.55,1986.97,0
2023-10-27 10:00:00,1987.0,1987.95,1985.24,1985.93,0
2023-10-27 11:00:00,1985.91,1986.17,1980.64,1980.66,0
2023-10-27 12:00:00,1980.64,1982.97,1979.99,1981.84,0
2023-10-27 13:00:00,1981.85,1986.21,1977.06,1980.4,0
2023-10-27 14:00:00,1980.2,1985.09,1976.88,1982.99,0
2023-10-27 15:00:00,1982.05,1985.67,1980.86,1982.12,0
2023-10-27 16:00:00,1982.14,1983.51,1978.68,1979.95,0
2023-10-27 17:00:00,1979.98,1983.79,1979.2,1983.65,0
2023-10-27 18:00:00,1983.68,1997.01,1983.02,1996.76,0
2023-10-27 19:00:00,1996.77,2008.64,1995.86,2005.38,0
2023-10-27 20:00:00,2005.34,2009.36,2004.79,2006.96,0
2023-10-27 21:00:00,2006.99,2007.16,2004.38,2005.91,0
2023-10-29 23:00:00,2004.22,2006.68,1996.86,2001.33,0
2023-10-30 00:00:00,2001.35,2003.68,2000.61,2002.81,0
2023-10-30 01:00:00,2002.72,2006.82,2002.36,2004.7,0
2023-10-30 02:00:00,2004.65,2005.76,2002.59,2004.76,0
2023-10-30 03:00:00,2004.6,2004.78,2001.99,2002.92,0
2023-10-30 04:00:00,2002.9,2003.54,2001.55,2002.05,0
2023-10-30 05:00:00,2002.05,2002.77,2000.2,2001.56,0
2023-10-30 06:00:00,2001.48,2002.6,1999.52,1999.61,0
2023-10-30 07:00:00,1999.65,2000.78,1995.04,1995.6,0
2023-10-30 08:00:00,1995.61,1997.78,1993.35,1993.64,0
2023-10-30 09:00:00,1994.08,1994.84,1990.92,1993.78,0
2023-10-30 10:00:00,1993.88,1997.18,1991.62,1996.61,0
2023-10-30 11:00:00,1996.61,1997.4,1994.12,1994.42,0
2023-10-30 12:00:00,1994.46,1995.8,1992.63,1995.8,0
2023-10-30 13:00:00,1995.82,2000.06,1993.88,1998.03,0
2023-10-30 14:00:00,1998.05,2002.54,1996.02,1998.56,0
2023-10-30 15:00:00,1998.53,2002.55,1992.04,1997.08,0
2023-10-30 16:00:00,1997.1,2000.44,1996.28,1999.19,0
2023-10-30 17:00:00,1999.21,2000.66,1997.65,1998.97,0
2023-10-30 18:00:00,1999.05,1999.73,1994.7,1997.96,0
2023-10-30 19:00:00,1997.94,1999.9,1997.37,1997.88,0
2023-10-30 20:00:00,1997.86,1998.72,1994.76,1995.92,0
2023-10-30 21:00:00,1995.9,1996.75,1995.28,1996.15,0
2023-10-30 23:00:00,1995.58,1996.38,1994.93,1995.15,0
2023-10-31 00:00:00,1995.11,1996.24,1994.03,1995.59,0
2023-10-31 01:00:00,1995.37,1996.29,1994.38,1995.66,0
2023-10-31 02:00:00,1995.65,1997.31,1994.75,1996.42,0
2023-10-31 03:00:00,1996.42,1997.15,1994.4,1994.51,0
2023-10-31 04:00:00,1994.5,1995.01,1991.7,1992.2,0
2023-10-31 05:00:00,1992.16,1993.13,1990.7,1992.77,0
2023-10-31 06:00:00,1992.84,1995.1,1992.65,1993.07,0
2023-10-31 07:00:00,1993.08,1995.17,1992.43,1994.92,0
2023-10-31 08:00:00,1994.98,1997.63,1994.64,1996.25,0
2023-10-31 09:00:00,1996.22,1999.22,1995.02,1997.0,0
2023-10-31 10:00:00,1996.93,1998.46,1996.2,1997.48,0
2023-10-31 11:00:00,1997.54,2000.02,1996.45,2000.02,0
2023-10-31 12:00:00,2000.0,2000.38,1997.6,1999.9,0
2023-10-31 13:00:00,1999.85,2001.55,1994.86,1995.65,0
2023-10-31 14:00:00,1995.54,2004.08,1994.58,2002.54,0
2023-10-31 15:00:00,2002.43,2007.89,1998.86,1999.16,0
2023-10-31 16:00:00,1999.09,1999.38,1992.38,1994.22,0
2023-10-31 17:00:00,1994.21,1994.8,1986.72,1990.77,0
2023-10-31 18:00:00,1990.85,1991.28,1983.32,1984.14,0
2023-10-31 19:00:00,1984.15,1985.07,1978.88,1984.57,0
2023-10-31 20:00:00,1984.56,1986.72,1984.15,1984.85,0
2023-10-31 21:00:00,1984.84,1985.14,1983.32,1983.97,0
2023-10-31 23:00:00,1983.8,1986.16,1983.41,1984.73,0
2023-11-01 00:00:00,1984.89,1985.31,1983.16,1983.72,0
2023-11-01 01:00:00,1983.76,1984.02,1978.79,1980.0,0
2023-11-01 02:00:00,1979.97,1981.47,1978.0,1979.58,0
2023-11-01 03:00:00,1979.58,1980.96,1978.33,1978.37,0
2023-11-01 04:00:00,1978.36,1979.09,1976.94,1977.12,0
2023-11-01 05:00:00,1977.14,1978.38,1975.25,1977.67,0
2023-11-01 06:00:00,1977.62,1979.4,1976.34,1979.04,0
2023-11-01 07:00:00,1979.04,1981.02,1979.04,1980.3,0
2023-11-01 08:00:00,1980.22,1980.57,1976.49,1977.13,0
2023-11-01 09:00:00,1977.12,1983.0,1977.12,1982.45,0
2023-11-01 10:00:00,1982.46,1983.72,1980.52,1982.7,0
2023-11-01 11:00:00,1982.82,1984.11,1982.05,1983.29,0
2023-11-01 12:00:00,1983.29,1985.22,1982.41,1983.44,0
2023-11-01 13:00:00,1983.45,1988.56,1983.24,1986.63,0
2023-11-01 14:00:00,1986.63,1987.3,1981.08,1985.64,0
2023-11-01 15:00:00,1988.66,1992.02,1985.94,1986.58,0
2023-11-01 16:00:00,1986.61,1987.24,1978.33,1979.25,0
2023-11-01 17:00:00,1979.28,1980.5,1974.62,1977.85,0
2023-11-01 18:00:00,1977.88,1979.89,1977.42,1977.75,0
2023-11-01 19:00:00,1977.78,1982.19,1969.88,1974.92,0
2023-11-01 20:00:00,1974.87,1982.27,1974.77,1978.59,0
2023-11-01 21:00:00,1978.54,1982.83,1977.06,1982.67,0
2023-11-01 23:00:00,1983.25,1984.15,1981.35,1983.88,0
2023-11-02 00:00:00,1983.79,1985.74,1983.58,1985.11,0
2023-11-02 01:00:00,1985.12,1986.21,1983.94,1984.68,0
2023-11-02 02:00:00,1984.66,1988.18,1984.28,1986.3,0
2023-11-02 03:00:00,1986.3,1986.57,1983.5,1983.82,0
2023-11-02 04:00:00,1983.76,1985.53,1983.4,1985.4,0
2023-11-02 05:00:00,1985.44,1986.56,1984.28,1986.1,0
2023-11-02 06:00:00,1986.1,1986.66,1984.2,1985.43,0
2023-11-02 07:00:00,1985.42,1986.17,1984.34,1985.76,0
2023-11-02 08:00:00,1985.68,1986.45,1983.68,1985.47,0
2023-11-02 09:00:00,1985.46,1988.41,1984.48,1986.83,0
2023-11-02 10:00:00,1986.83,1989.6,1986.62,1988.22,0
2023-11-02 11:00:00,1988.2,1989.46,1985.8,1988.85,0
2023-11-02 12:00:00,1988.86,1990.42,1987.48,1988.49,0
2023-11-02 13:00:00,1988.6,1991.01,1986.89,1990.37,0
2023-11-02 14:00:00,1990.34,1991.03,1982.0,1984.37,0
2023-11-02 15:00:00,1984.04,1985.3,1980.63,1984.35,0
2023-11-02 16:00:00,1984.35,1985.08,1978.85,1981.17,0
2023-11-02 17:00:00,1981.18,1983.4,1978.98,1981.86,0
2023-11-02 18:00:00,1981.84,1986.7,1981.51,1985.03,0
2023-11-02 19:00:00,1985.05,1986.27,1984.4,1985.93,0
2023-11-02 20:00:00,1985.91,1986.4,1983.67,1985.44,0
2023-11-02 21:00:00,1985.48,1985.83,1984.55,1985.77,0
2023-11-02 23:00:00,1985.28,1986.57,1984.57,1984.94,0
2023-11-03 00:00:00,1984.98,1986.37,1984.41,1984.98,0
2023-11-03 01:00:00,1985.02,1986.24,1984.97,1985.65,0
2023-11-03 02:00:00,1985.67,1985.79,1983.28,1983.92,0
2023-11-03 03:00:00,1983.92,1987.9,1983.83,1987.4,0
2023-11-03 04:00:00,1987.39,1987.58,1985.48,1985.84,0
2023-11-03 05:00:00,1985.82,1986.82,1985.52,1985.82,0
2023-11-03 06:00:00,1985.84,1987.31,1985.79,1987.14,0
2023-11-03 07:00:00,1987.17,1988.36,1985.97,1987.67,0
2023-11-03 08:00:00,1987.6,1989.21,1984.62,1986.55,0
2023-11-03 09:00:00,1986.34,1989.13,1986.16,1988.56,0
2023-11-03 10:00:00,1988.46,1990.33,1988.28,1989.07,0
2023-11-03 11:00:00,1989.08,1989.78,1987.04,1988.29,0
2023-11-03 12:00:00,1988.3,1988.69,1986.97,1987.66,0
2023-11-03 13:00:00,1987.73,2004.09,1985.79,2000.2,0
2023-11-03 14:00:00,2000.23,2001.68,1986.59,1995.11,0
2023-11-03 15:00:00,1997.44,1998.99,1988.68,1994.52,0
2023-11-03 16:00:00,1994.59,1995.8,1990.92,1991.69,0
2023-11-03 17:00:00,1991.76,1993.25,1989.31,1990.35,0
2023-11-03 18:00:00,1990.37,1993.57,1989.88,1993.1,0
2023-11-03 19:00:00,1993.14,1995.08,1992.84,1995.06,0
2023-11-03 20:00:00,1995.09,1995.14,1991.57,1992.68,0
2023-11-03 21:00:00,1992.58,1992.95,1992.06,1992.52,0
2023-11-05 23:00:00,1992.4,1992.86,1987.2,1988.5,0
2023-11-06 00:00:00,1988.5,1991.83,1987.04,1991.13,0
2023-11-06 01:00:00,1991.09,1993.14,1989.66,1992.16,0
2023-11-06 02:00:00,1992.18,1993.0,1986.86,1987.12,0
2023-11-06 03:00:00,1987.1,1988.31,1982.08,1985.21,0
2023-11-06 04:00:00,1985.13,1985.18,1983.3,1983.76,0
2023-11-06 05:00:00,1983.75,1985.29,1982.34,1983.94,0
2023-11-06 06:00:00,1983.95,1985.36,1983.62,1984.3,0
2023-11-06 07:00:00,1984.3,1984.96,1982.32,1983.43,0
2023-11-06 08:00:00,1983.43,1987.9,1982.86,1985.97,0
2023-11-06 09:00:00,1985.98,1987.35,1985.49,1986.84,0
2023-11-06 10:00:00,1986.91,1988.36,1986.21,1987.3,0
2023-11-06 11:00:00,1987.32,1987.74,1986.42,1987.72,0
2023-11-06 12:00:00,1987.74,1988.14,1983.43,1984.46,0
2023-11-06 13:00:00,1984.45,1989.14,1983.43,1986.36,0
2023-11-06 14:00:00,1986.44,1988.25,1984.1,1984.81,0
2023-11-06 15:00:00,1984.81,1985.84,1981.13,1981.18,0
2023-11-06 16:00:00,1981.19,1984.18,1979.95,1983.5,0
2023-11-06 17:00:00,1983.5,1984.52,1983.02,1983.75,0
2023-11-06 18:00:00,1983.74,1983.77,1980.57,1981.37,0
2023-11-06 19:00:00,1981.47,1981.56,1979.26,1980.37,0
2023-11-06 20:00:00,1980.33,1980.33,1977.46,1977.61,0
2023-11-06 21:00:00,1977.68,1978.79,1977.4,1977.82,0
2023-11-06 23:00:00,1977.83,1978.36,1975.8,1976.79,0
2023-11-07 00:00:00,1976.87,1977.03,1975.52,1976.02,0
2023-11-07 01:00:00,1975.99,1976.74,1974.8,1975.78,0
2023-11-07 02:00:00,1975.77,1976.2,1972.93,1972.96,0
2023-11-07 03:00:00,1972.98,1973.7,1972.31,1972.64,0
2023-11-07 04:00:00,1972.62,1973.35,1971.02,1971.45,0
2023-11-07 05:00:00,1971.48,1974.24,1971.08,1973.72,0
2023-11-07 06:00:00,1973.72,1973.92,1971.08,1971.11,0
2023-11-07 07:00:00,1971.13,1971.22,1967.22,1969.38,0
2023-11-07 08:00:00,1969.37,1970.24,1966.02,1966.73,0
2023-11-07 09:00:00,1966.22,1968.89,1964.17,1966.38,0
2023-11-07 10:00:00,1966.35,1968.02,1965.52,1966.19,0
2023-11-07 11:00:00,1966.17,1966.28,1962.67,1963.91,0
2023-11-07 12:00:00,1963.92,1964.33,1957.19,1958.76,0
2023-11-07 13:00:00,1958.75,1966.88,1956.68,1966.58,0
2023-11-07 14:00:00,1966.6,1967.3,1960.21,1960.45,0
2023-11-07 15:00:00,1960.41,1965.58,1960.35,1963.4,0
2023-11-07 16:00:00,1963.36,1966.59,1963.25,1964.71,0
2023-11-07 17:00:00,1964.72,1964.92,1961.82,1964.0,0
2023-11-07 18:00:00,1964.02,1969.85,1963.67,1969.41,0
2023-11-07 19:00:00,1969.42,1969.86,1967.24,1967.47,0
2023-11-07 20:00:00,1967.47,1969.11,1966.93,1968.92,0
2023-11-07 21:00:00,1968.8,1969.25,1968.32,1969.03,0
2023-11-07 23:00:00,1968.77,1969.43,1968.23,1968.99,0
2023-11-08 00:00:00,1968.99,1970.02,1967.92,1968.18,0
2023-11-08 01:00:00,1968.15,1969.92,1967.5,1968.66,0
2023-11-08 02:00:00,1968.7,1971.06,1967.34,1968.68,0
2023-11-08 03:00:00,1968.68,1968.88,1967.62,1967.85,0
2023-11-08 04:00:00,1967.84,1967.96,1967.52,1967.64,0
2023-11-08 05:00:00,1967.66,1967.96,1965.04,1965.63,0
2023-11-08 06:00:00,1965.63,1969.14,1965.12,1967.28,0
2023-11-08 07:00:00,1967.28,1968.57,1965.56,1967.68,0
2023-11-08 08:00:00,1967.72,1969.03,1966.93,1968.28,0
2023-11-08 09:00:00,1968.27,1968.34,1965.48,1965.5,0
2023-11-08 10:00:00,1965.49,1965.52,1959.54,1962.05,0
2023-11-08 11:00:00,1962.01,1965.0,1961.79,1964.51,0
2023-11-08 12:00:00,1964.51,1964.6,1961.98,1962.82,0
2023-11-08 13:00:00,1962.87,1966.69,1962.82,1964.85,0
2023-11-08 14:00:00,1964.85,1966.34,1959.94,1960.28,0
2023-11-08 15:00:00,1960.19,1960.65,1950.93,1955.43,0
2023-11-08 16:00:00,1955.45,1957.98,1952.26,1954.86,0
2023-11-08 17:00:00,1954.91,1956.72,1951.98,1953.75,0
2023-11-08 18:00:00,1953.82,1954.71,1950.98,1952.02,0
2023-11-08 19:00:00,1952.03,1952.06,1947.52,1948.18,0
2023-11-08 20:00:00,1948.19,1950.22,1947.44,1949.66,0
2023-11-08 21:00:00,1949.65,1950.59,1949.42,1950.2,0
2023-11-08 23:00:00,1950.0,1952.01,1949.7,1950.86,0
2023-11-09 00:00:00,1950.73,1952.08,1948.96,1952.06,0
2023-11-09 01:00:00,1952.05,1954.62,1951.45,1953.4,0
2023-11-09 02:00:00,1953.42,1953.42,1948.95,1950.09,0
2023-11-09 03:00:00,1950.09,1950.5,1947.84,1949.36,0
2023-11-09 04:00:00,1949.36,1949.88,1948.51,1949.55,0
2023-11-09 05:00:00,1949.56,1950.24,1948.17,1950.21,0
2023-11-09 06:00:00,1950.0,1950.4,1949.04,1949.34,0
2023-11-09 07:00:00,1949.34,1950.52,1948.74,1949.38,0
2023-11-09 08:00:00,1949.32,1949.68,1944.64,1948.49,0
2023-11-09 09:00:00,1948.45,1949.7,1946.46,1946.89,0
2023-11-09 10:00:00,1946.88,1948.42,1945.32,1947.09,0
2023-11-09 11:00:00,1947.07,1949.28,1946.12,1948.78,0
2023-11-09 12:00:00,1948.78,1948.94,1945.1,1945.84,0
2023-11-09 13:00:00,1945.88,1951.4,1944.82,1950.62,0
2023-11-09 14:00:00,1950.65,1958.83,1948.62,1958.18,0
2023-11-09 15:00:00,1958.18,1964.94,1955.49,1962.96,0
2023-11-09 16:00:00,1962.87,1963.7,1959.8,1960.64,0
2023-11-09 17:00:00,1960.65,1964.15,1960.18,1961.87,0
2023-11-09 18:00:00,1961.87,1965.58,1958.38,1963.04,0
2023-11-09 19:00:00,1963.04,1963.04,1956.16,1958.44,0
2023-11-09 20:00:00,1958.5,1960.06,1957.01,1957.27,0
2023-11-09 21:00:00,1957.21,1958.64,1956.94,1958.41,0
2023-11-09 23:00:00,1958.3,1959.79,1957.95,1959.16,0
2023-11-10 00:00:00,1959.13,1960.68,1958.53,1960.51,0
2023-11-10 01:00:00,1960.47,1960.82,1958.81,1959.14,0
2023-11-10 02:00:00,1959.14,1960.01,1956.4,1958.36,0
2023-11-10 03:00:00,1958.27,1960.47,1957.75,1959.49,0
2023-11-10 04:00:00,1959.48,1959.57,1957.46,1957.82,0
2023-11-10 05:00:00,1957.82,1957.85,1956.42,1957.35,0
2023-11-10 06:00:00,1957.34,1958.19,1955.65,1957.0,0
2023-11-10 07:00:00,1956.96,1957.16,1953.74,1955.38,0
2023-11-10 08:00:00,1955.41,1957.2,1954.66,1954.93,0
2023-11-10 09:00:00,1954.92,1955.32,1953.58,1953.92,0
2023-11-10 10:00:00,1953.88,1954.36,1951.5,1954.07,0
2023-11-10 11:00:00,1954.01,1954.05,1947.14,1948.25,0
2023-11-10 12:00:00,1948.25,1949.21,1943.66,1947.41,0
2023-11-10 13:00:00,1947.26,1948.56,1943.21,1946.16,0
2023-11-10 14:00:00,1946.19,1947.63,1941.19,1942.65,0
2023-11-10 15:00:00,1941.53,1946.84,1939.7,1942.1,0
2023-11-10 16:00:00,1942.14,1943.48,1937.2,1939.52,0
2023-11-10 17:00:00,1939.53,1940.13,1936.58,1936.77,0
2023-11-10 18:00:00,1936.75,1937.67,1933.04,1935.99,0
2023-11-10 19:00:00,1936.03,1937.31,1935.02,1935.38,0
2023-11-10 20:00:00,1935.4,1936.62,1934.6,1936.13,0
2023-11-10 21:00:00,1936.13,1938.8,1935.82,1938.62,0
2023-11-12 23:00:00,1938.57,1941.1,1936.36,1940.45,0
2023-11-13 00:00:00,1940.37,1941.96,1939.39,1939.39,0
2023-11-13 01:00:00,1939.23,1940.82,1938.05,1940.37,0
2023-11-13 02:00:00,1940.36,1941.31,1937.6,1937.6,0
2023-11-13 03:00:00,1937.65,1938.06,1934.07,1935.38,0
2023-11-13 04:00:00,1935.34,1935.83,1934.23,1935.76,0
2023-11-13 05:00:00,1935.76,1939.78,1935.74,1939.16,0
2023-11-13 06:00:00,1939.19,1940.12,1938.55,1938.69,0
2023-11-13 07:00:00,1938.7,1941.22,1937.7,1938.78,0
2023-11-13 08:00:00,1938.8,1939.32,1935.97,1936.59,0
2023-11-13 09:00:00,1936.6,1940.49,1936.08,1938.23,0
2023-11-13 10:00:00,1938.22,1939.64,1937.07,1939.53,0
2023-11-13 11:00:00,1939.58,1939.74,1937.22,1937.97,0
2023-11-13 12:00:00,1937.94,1938.47,1935.4,1936.27,0
2023-11-13 13:00:00,1936.24,1938.09,1933.99,1936.03,0
2023-11-13 14:00:00,1936.03,1936.17,1932.51,1932.7,0
2023-11-13 15:00:00,1932.7,1938.95,1931.72,1938.48,0
2023-11-13 16:00:00,1938.45,1946.59,1938.19,1945.82,0
2023-11-13 17:00:00,1945.77,1949.2,1944.89,1945.78,0
2023-11-13 18:00:00,1945.8,1947.86,1944.89,1947.86,0
2023-11-13 19:00:00,1947.89,1948.05,1945.77,1946.24,0
2023-11-13 20:00:00,1946.23,1946.78,1945.18,1946.61,0
2023-11-13 21:00:00,1946.56,1946.62,1945.91,1946.11,0
2023-11-13 23:00:00,1946.17,1946.6,1945.66,1946.56,0
2023-11-14 00:00:00,1946.63,1947.29,1945.9,1946.84,0
2023-11-14 01:00:00,1946.91,1948.42,1945.45,1945.7,0
2023-11-14 02:00:00,1945.66,1946.67,1944.42,1945.86,0
2023-11-14 03:00:00,1945.74,1946.05,1944.68,1944.82,0
2023-11-14 04:00:00,1944.73,1945.52,1943.89,1944.78,0
2023-11-14 05:00:00,1944.76,1945.31,1943.81,1944.48,0
2023-11-14 06:00:00,1944.48,1945.98,1944.19,1944.67,0
2023-11-14 07:00:00,1944.67,1946.58,1944.33,1945.62,0
2023-11-14 08:00:00,1945.63,1946.04,1944.33,1945.39,0
2023-11-14 09:00:00,1945.44,1947.98,1945.3,1947.13,0
2023-11-14 10:00:00,1947.19,1948.19,1946.26,1946.88,0
2023-11-14 11:00:00,1946.87,1947.2,1945.24,1945.94,0
2023-11-14 12:00:00,1945.97,1946.65,1944.8,1945.16,0
2023-11-14 13:00:00,1945.18,1959.14,1944.35,1954.34,0
2023-11-14 14:00:00,1954.27,1970.89,1953.62,1967.78,0
2023-11-14 15:00:00,1967.57,1969.2,1962.31,1964.45,0
2023-11-14 16:00:00,1964.46,1966.54,1963.21,1964.16,0
2023-11-14 17:00:00,1964.2,1965.12,1961.86,1962.2,0
2023-11-14 18:00:00,1962.21,1964.36,1961.66,1962.75,0
2023-11-14 19:00:00,1962.78,1963.88,1962.32,1963.76,0
2023-11-14 20:00:00,1963.77,1964.52,1962.98,1963.75,0
2023-11-14 21:00:00,1963.9,1963.92,1962.62,1963.16,0
2023-11-14 23:00:00,1962.58,1963.23,1962.26,1962.47,0
2023-11-15 00:00:00,1962.55,1963.74,1961.6,1963.61,0
2023-11-15 01:00:00,1963.62,1963.96,1961.6,1962.7,0
2023-11-15 02:00:00,1962.72,1964.54,1962.57,1964.45,0
2023-11-15 03:00:00,1964.46,1967.06,1964.43,1966.89,0
2023-11-15 04:00:00,1966.88,1967.97,1966.51,1967.54,0
2023-11-15 05:00:00,1967.58,1967.68,1965.9,1966.94,0
2023-11-15 06:00:00,1966.95,1970.55,1966.81,1969.65,0
2023-11-15 07:00:00,1969.87,1971.04,1967.26,1970.33,0
2023-11-15 08:00:00,1970.41,1972.59,1969.77,1971.53,0
2023-11-15 09:00:00,1971.5,1972.19,1970.0,1971.53,0
2023-11-15 10:00:00,1971.49,1974.04,1971.3,1973.16,0
2023-11-15 11:00:00,1973.18,1973.59,1971.9,1973.02,0
2023-11-15 12:00:00,1973.03,1973.42,1970.28,1971.64,0
2023-11-15 13:00:00,1971.51,1975.1,1963.44,1965.65,0
2023-11-15 14:00:00,1965.67,1966.67,1955.44,1957.5,0
2023-11-15 15:00:00,1957.5,1964.48,1957.35,1963.14,0
2023-11-15 16:00:00,1963.18,1963.74,1959.19,1962.37,0
2023-11-15 17:00:00,1962.35,1963.19,1960.43,1961.45,0
2023-11-15 18:00:00,1961.45,1962.09,1959.23,1960.49,0
2023-11-15 19:00:00,1960.49,1962.16,1960.39,1961.8,0
2023-11-15 20:00:00,1961.81,1962.29,1959.03,1959.49,0
2023-11-15 21:00:00,1959.42,1960.5,1958.94,1959.19,0
2023-11-15 23:00:00,1960.08,1961.02,1959.67,1960.44,0
2023-11-16 00:00:00,1960.46,1961.37,1958.87,1959.66,0
2023-11-16 01:00:00,1959.66,1959.85,1957.63,1958.48,0
2023-11-16 02:00:00,1958.44,1961.04,1956.52,1960.8,0
2023-11-16 03:00:00,1960.78,1962.17,1960.44,1961.47,0
2023-11-16 04:00:00,1961.44,1962.61,1960.84,1962.61,0
2023-11-16 05:00:00,1962.62,1963.93,1962.15,1962.93,0
2023-11-16 06:00:00,1962.92,1967.36,1962.82,1967.0,0
2023-11-16 07:00:00,1966.98,1967.86,1965.76,1966.58,0
2023-11-16 08:00:00,1966.44,1967.54,1964.9,1967.47,0
2023-11-16 09:00:00,1967.48,1968.58,1965.87,1966.22,0
2023-11-16 10:00:00,1966.18,1966.75,1964.66,1965.12,0
2023-11-16 11:00:00,1965.09,1966.45,1964.82,1965.59,0
2023-11-16 12:00:00,1965.56,1965.67,1962.12,1964.39,0
2023-11-16 13:00:00,1964.39,1972.96,1964.21,1972.12,0
2023-11-16 14:00:00,1972.12,1982.73,1971.53,1979.74,0
2023-11-16 15:00:00,1979.72,1986.53,1979.18,1984.95,0
2023-11-16 16:00:00,1984.96,1987.96,1980.16,1982.05,0
2023-11-16 17:00:00,1982.08,1983.7,1980.84,1983.41,0
2023-11-16 18:00:00,1983.5,1985.25,1983.2,1984.24,0
2023-11-16 19:00:00,1984.22,1984.46,1983.02,1983.34,0
2023-11-16 20:00:00,1983.35,1984.14,1980.78,1980.86,0
2023-11-16 21:00:00,1981.04,1981.41,1980.66,1981.1,0
2023-11-16 23:00:00,1980.86,1982.94,1980.64,1982.63,0
2023-11-17 00:00:00,1982.56,1984.96,1981.77,1984.96,0
2023-11-17 01:00:00,1984.96,1986.94,1982.74,1983.54,0
2023-11-17 02:00:00,1983.54,1985.79,1983.28,1985.4,0
2023-11-17 03:00:00,1985.39,1986.9,1985.26,1986.69,0
2023-11-17 04:00:00,1986.67,1987.12,1985.3,1986.12,0
2023-11-17 05:00:00,1986.12,1986.12,1984.23,1984.46,0
2023-11-17 06:00:00,1984.46,1984.74,1982.63,1983.67,0
2023-11-17 07:00:00,1983.62,1987.66,1982.87,1987.66,0
2023-11-17 08:00:00,1987.67,1989.14,1984.66,1988.76,0
2023-11-17 09:00:00,1988.81,1992.39,1988.27,1991.32,0
2023-11-17 10:00:00,1991.35,1993.42,1990.59,1991.84,0
2023-11-17 11:00:00,1991.86,1991.86,1987.42,1988.83,0
2023-11-17 12:00:00,1988.84,1990.72,1987.7,1988.71,0
2023-11-17 13:00:00,1988.83,1991.66,1983.59,1984.81,0
2023-11-17 14:00:00,1984.8,1986.72,1979.43,1980.46,0
2023-11-17 15:00:00,1980.42,1984.35,1979.96,1983.52,0
2023-11-17 16:00:00,1983.62,1985.31,1979.49,1981.2,0
2023-11-17 17:00:00,1981.2,1981.22,1978.64,1981.16,0
2023-11-17 18:00:00,1981.25,1982.76,1980.6,1982.02,0
2023-11-17 19:00:00,1982.03,1982.04,1979.77,1980.41,0
2023-11-17 20:00:00,1980.44,1981.12,1979.08,1980.83,0
2023-11-17 21:00:00,1980.74,1980.84,1979.96,1980.56,0
2023-11-19 23:00:00,1978.25,1978.8,1974.29,1974.6,0
2023-11-20 00:00:00,1974.63,1977.69,1973.46,1977.53,0
2023-11-20 01:00:00,1977.58,1983.06,1977.42,1981.14,0
2023-11-20 02:00:00,1981.15,1985.25,1979.73,1982.92,0
2023-11-20 03:00:00,1982.92,1983.15,1980.21,1982.31,0
2023-11-20 04:00:00,1982.37,1983.48,1980.98,1981.46,0
2023-11-20 05:00:00,1981.44,1983.44,1979.64,1980.68,0
2023-11-20 06:00:00,1980.69,1981.88,1978.82,1980.25,0
2023-11-20 07:00:00,1980.26,1981.0,1978.15,1978.62,0
2023-11-20 08:00:00,1978.63,1980.03,1975.89,1977.0,0
2023-11-20 09:00:00,1976.93,1980.5,1976.2,1979.32,0
2023-11-20 10:00:00,1979.33,1979.57,1975.08,1975.92,0
2023-11-20 11:00:00,1975.86,1976.24,1972.26,1973.4,0
2023-11-20 12:00:00,1973.36,1973.41,1970.54,1972.53,0
2023-11-20 13:00:00,1972.48,1973.31,1965.66,1968.28,0
2023-11-20 14:00:00,1968.24,1972.97,1965.42,1970.17,0
2023-11-20 15:00:00,1970.22,1973.14,1968.86,1972.0,0
2023-11-20 16:00:00,1972.01,1975.16,1971.32,1974.64,0
2023-11-20 17:00:00,1974.66,1976.32,1972.6,1973.87,0
2023-11-20 18:00:00,1973.81,1978.98,1973.51,1977.42,0
2023-11-20 19:00:00,1977.42,1978.96,1975.72,1978.51,0
2023-11-20 20:00:00,1978.53,1978.91,1976.97,1977.85,0
2023-11-20 21:00:00,1977.9,1978.06,1977.05,1977.65,0
2023-11-20 23:00:00,1977.91,1981.6,1977.71,1981.25,0
2023-11-21 00:00:00,1981.24,1986.76,1980.77,1986.46,0
2023-11-21 01:00:00,1986.42,1990.39,1983.98,1990.05,0
2023-11-21 02:00:00,1990.03,1992.7,1988.86,1990.73,0
2023-11-21 03:00:00,1990.72,1994.29,1989.84,1993.19,0
2023-11-21 04:00:00,1993.14,1994.09,1991.2,1992.22,0
2023-11-21 05:00:00,1992.18,1993.36,1991.04,1991.72,0
2023-11-21 06:00:00,1991.75,1992.44,1989.66,1990.74,0
2023-11-21 07:00:00,1990.83,1993.59,1990.46,1992.36,0
2023-11-21 08:00:00,1992.38,1994.31,1986.62,1987.89,0
2023-11-21 09:00:00,1987.83,1988.66,1984.34,1985.41,0
2023-11-21 10:00:00,1985.42,1989.94,1985.37,1988.69,0
2023-11-21 11:00:00,1988.6,1989.03,1986.13,1987.3,0
2023-11-21 12:00:00,1987.34,1989.43,1986.62,1989.17,0
2023-11-21 13:00:00,1989.18,2000.24,1989.18,1997.67,0
2023-11-21 14:00:00,1997.73,2007.34,1997.31,2005.45,0
2023-11-21 15:00:00,2005.49,2007.57,2003.02,2004.3,0
2023-11-21 16:00:00,2004.33,2005.32,1998.68,2001.14,0
2023-11-21 17:00:00,2001.17,2001.66,1999.15,2001.52,0
2023-11-21 18:00:00,2001.52,2001.82,1997.83,1998.62,0
2023-11-21 19:00:00,1998.64,2000.7,1996.25,2000.15,0
2023-11-21 20:00:00,2000.16,2000.23,1998.45,1999.07,0
2023-11-21 21:00:00,1999.05,1999.11,1997.89,1998.26,0
2023-11-21 23:00:00,1998.88,1999.91,1998.36,1999.37,0
2023-11-22 00:00:00,1999.33,1999.34,1996.96,1997.46,0
2023-11-22 01:00:00,1997.51,1998.8,1995.86,1996.19,0
2023-11-22 02:00:00,1996.16,1997.65,1995.52,1996.7,0
2023-11-22 03:00:00,1996.69,1997.94,1995.91,1996.5,0
2023-11-22 04:00:00,1996.48,2000.4,1996.2,1999.31,0
2023-11-22 05:00:00,1999.28,1999.78,1996.74,1998.88,0
2023-11-22 06:00:00,1998.93,2001.32,1998.28,2000.86,0
2023-11-22 07:00:00,2000.88,2004.08,2000.16,2003.74,0
2023-11-22 08:00:00,2003.74,2006.24,1999.31,1999.68,0
2023-11-22 09:00:00,1999.64,2003.58,1999.1,2002.16,0
2023-11-22 10:00:00,2002.15,2002.84,1999.53,2001.14,0
2023-11-22 11:00:00,2001.14,2003.35,2000.47,2000.68,0
2023-11-22 12:00:00,2000.66,2003.16,2000.13,2001.9,0
2023-11-22 13:00:00,2001.91,2003.22,1996.84,1999.16,0
2023-11-22 14:00:00,1999.16,2002.44,1998.59,2001.81,0
2023-11-22 15:00:00,2000.98,2001.55,1989.98,1995.0,0
2023-11-22 16:00:00,1995.03,1995.61,1990.12,1991.14,0
2023-11-22 17:00:00,1991.14,1992.45,1988.67,1991.58,0
2023-11-22 18:00:00,1991.44,1992.67,1986.91,1988.42,0
2023-11-22 19:00:00,1988.46,1991.22,1988.46,1990.76,0
2023-11-22 20:00:00,1990.77,1991.55,1989.54,1989.75,0
2023-11-22 21:00:00,1989.71,1990.2,1989.46,1989.81,0
2023-11-22 23:00:00,1989.18,1991.88,1989.12,1990.51,0
2023-11-23 00:00:00,1990.43,1992.12,1990.16,1991.99,0
2023-11-23 01:00:00,1991.94,1994.01,1991.21,1993.51,0
2023-11-23 02:00:00,1993.51,1995.02,1993.28,1994.31,0
2023-11-23 03:00:00,1994.37,1998.26,1993.21,1997.84,0
2023-11-23 04:00:00,1997.88,1997.93,1993.44,1995.22,0
2023-11-23 05:00:00,1995.23,1996.48,1994.39,1996.32,0
2023-11-23 06:00:00,1996.37,1997.55,1995.27,1996.2,0
2023-11-23 07:00:00,1996.14,1998.51,1994.28,1996.42,0
2023-11-23 08:00:00,1996.36,1996.41,1993.83,1995.01,0
2023-11-23 09:00:00,1994.97,1995.46,1992.25,1994.41,0
2023-11-23 10:00:00,1994.39,1994.88,1992.26,1993.6,0
2023-11-23 11:00:00,1993.62,1994.45,1993.0,1993.92,0
2023-11-23 12:00:00,1993.93,1994.27,1992.04,1992.47,0
2023-11-23 13:00:00,1992.45,1993.31,1992.0,1992.8,0
2023-11-23 14:00:00,1992.81,1994.93,1992.09,1993.85,0
2023-11-23 15:00:00,1993.82,1993.94,1991.85,1992.21,0
2023-11-23 16:00:00,1992.14,1992.21,1989.9,1990.66,0
2023-11-23 17:00:00,1990.67,1993.0,1990.65,1992.84,0
2023-11-23 18:00:00,1992.9,1993.05,1991.95,1992.12,0
2023-11-23 19:00:00,1992.11,1993.04,1991.88,1992.74,0
2023-11-23 23:00:00,1992.98,1994.45,1992.62,1994.16,0
2023-11-24 00:00:00,1994.2,1994.84,1993.09,1993.9,0
2023-11-24 01:00:00,1994.03,1995.0,1991.45,1992.9,0
2023-11-24 02:00:00,1992.87,1994.19,1991.96,1992.4,0
2023-11-24 03:00:00,1992.35,1993.72,1991.76,1993.68,0
2023-11-24 04:00:00,1993.69,1994.75,1991.53,1993.75,0
2023-11-24 05:00:00,1993.76,1994.53,1992.96,1994.36,0
2023-11-24 06:00:00,1994.36,1994.36,1992.48,1993.63,0
2023-11-24 07:00:00,1993.72,1994.18,1992.05,1993.54,0
2023-11-24 08:00:00,1993.52,1994.28,1992.2,1993.42,0
2023-11-24 09:00:00,1993.39,1994.97,1993.25,1994.58,0
2023-11-24 10:00:00,1994.61,1996.3,1994.39,1995.82,0
2023-11-24 11:00:00,1995.83,1996.23,1994.58,1995.21,0
2023-11-24 12:00:00,1995.3,1997.17,1994.93,1995.55,0
2023-11-24 13:00:00,1995.53,2001.94,1994.41,1999.65,0
2023-11-24 14:00:00,1999.75,2003.08,1999.51,2001.2,0
2023-11-24 15:00:00,2001.37,2003.67,1997.32,1998.41,0
2023-11-24 16:00:00,1998.43,2000.33,1997.19,1999.98,0
2023-11-24 17:00:00,1999.96,2002.42,1999.6,2001.01,0
2023-11-24 18:00:00,2000.97,2002.84,1999.86,2002.48,0
2023-11-26 23:00:00,2002.4,2003.17,2000.64,2002.48,0
2023-11-27 00:00:00,2002.42,2004.25,2001.86,2002.1,0
2023-11-27 01:00:00,2002.24,2018.19,2002.19,2012.06,0
2023-11-27 02:00:00,2012.06,2012.1,2007.43,2011.38,0
2023-11-27 03:00:00,2011.37,2011.98,2007.59,2009.59,0
2023-11-27 04:00:00,2009.56,2013.67,2008.49,2013.0,0
2023-11-27 05:00:00,2013.02,2013.74,2010.6,2010.69,0
2023-11-27 06:00:00,2010.69,2011.98,2008.77,2009.64,0
2023-11-27 07:00:00,2009.76,2011.29,2009.6,2011.04,0
2023-11-27 08:00:00,2011.01,2013.97,2010.54,2013.92,0
2023-11-27 09:00:00,2013.95,2015.52,2013.02,2013.4,0
2023-11-27 10:00:00,2013.43,2014.98,2011.74,2014.45,0
2023-11-27 11:00:00,2014.46,2014.92,2011.74,2012.6,0
2023-11-27 12:00:00,2012.61,2014.48,2011.58,2013.68,0
2023-11-27 13:00:00,2013.76,2016.26,2009.82,2011.35,0
2023-11-27 14:00:00,2011.42,2013.2,2010.73,2011.54,0
2023-11-27 15:00:00,2011.74,2014.94,2008.78,2010.37,0
2023-11-27 16:00:00,2010.37,2011.24,2005.72,2010.82,0
2023-11-27 17:00:00,2010.8,2011.15,2008.77,2009.95,0
2023-11-27 18:00:00,2009.99,2013.22,2009.51,2012.51,0
2023-11-27 19:00:00,2012.48,2013.63,2012.15,2012.92,0
2023-11-27 20:00:00,2012.9,2014.64,2012.05,2014.56,0
2023-11-27 21:00:00,2014.4,2014.55,2013.56,2014.18,0
2023-11-27 23:00:00,2014.05,2015.42,2013.33,2015.3,0
2023-11-28 00:00:00,2015.32,2018.14,2015.31,2017.2,0
2023-11-28 01:00:00,2017.21,2018.08,2013.9,2015.46,0
2023-11-28 02:00:00,2015.51,2017.7,2014.2,2015.29,0
2023-11-28 03:00:00,2015.28,2017.23,2014.9,2015.02,0
2023-11-28 04:00:00,2015.04,2016.86,2014.16,2015.26,0
2023-11-28 05:00:00,2015.29,2015.9,2014.33,2015.24,0
2023-11-28 06:00:00,2015.24,2016.84,2014.44,2015.93,0
2023-11-28 07:00:00,2015.99,2016.74,2012.02,2013.52,0
2023-11-28 08:00:00,2013.56,2015.77,2012.56,2015.43,0
2023-11-28 09:00:00,2015.43,2016.74,2014.45,2015.99,0
2023-11-28 10:00:00,2016.02,2016.16,2013.47,2014.62,0
2023-11-28 11:00:00,2014.66,2015.73,2014.45,2015.24,0
2023-11-28 12:00:00,2015.35,2016.01,2014.11,2014.39,0
2023-11-28 13:00:00,2014.4,2021.54,2011.7,2021.49,0
2023-11-28 14:00:00,2021.49,2028.45,2020.63,2026.15,0
2023-11-28 15:00:00,2026.18,2031.48,2023.76,2030.92,0
2023-11-28 16:00:00,2030.93,2040.53,2030.52,2039.77,0
2023-11-28 17:00:00,2039.81,2043.04,2038.76,2040.76,0
2023-11-28 18:00:00,2040.85,2041.44,2038.21,2039.49,0
2023-11-28 19:00:00,2039.48,2042.54,2039.47,2041.82,0
2023-11-28 20:00:00,2041.84,2041.87,2039.7,2041.2,0
2023-11-28 21:00:00,2041.15,2041.95,2040.01,2041.07,0
2023-11-28 23:00:00,2041.13,2044.58,2040.85,2044.45,0
2023-11-29 00:00:00,2044.55,2049.62,2042.84,2049.52,0
2023-11-29 01:00:00,2049.52,2051.99,2046.76,2048.81,0
2023-11-29 02:00:00,2048.82,2049.06,2045.96,2046.97,0
2023-11-29 03:00:00,2046.96,2047.53,2043.02,2044.14,0
2023-11-29 04:00:00,2044.15,2046.45,2043.28,2046.24,0
2023-11-29 05:00:00,2046.25,2049.07,2044.43,2046.01,0
2023-11-29 06:00:00,2046.02,2046.26,2043.17,2044.74,0
2023-11-29 07:00:00,2044.8,2044.91,2041.1,2042.42,0
2023-11-29 08:00:00,2042.65,2044.11,2041.37,2042.8,0
2023-11-29 09:00:00,2042.8,2043.47,2035.41,2038.46,0
2023-11-29 10:00:00,2038.45,2039.21,2036.76,2037.5,0
2023-11-29 11:00:00,2037.43,2040.12,2037.38,2040.07,0
2023-11-29 12:00:00,2040.08,2042.33,2039.11,2041.44,0
2023-11-29 13:00:00,2041.57,2043.02,2037.3,2039.14,0
2023-11-29 14:00:00,2039.16,2045.63,2037.11,2044.34,0
2023-11-29 15:00:00,2044.32,2046.92,2039.14,2043.09,0
2023-11-29 16:00:00,2043.08,2043.44,2039.58,2042.16,0
2023-11-29 17:00:00,2042.18,2045.79,2041.67,2045.12,0
2023-11-29 18:00:00,2045.12,2048.33,2044.35,2047.83,0
2023-11-29 19:00:00,2047.81,2049.55,2045.32,2046.3,0
2023-11-29 20:00:00,2046.33,2046.56,2042.74,2044.5,0
2023-11-29 21:00:00,2044.61,2044.88,2043.8,2044.15,0
2023-11-29 23:00:00,2044.88,2045.38,2044.18,2044.67,0
2023-11-30 00:00:00,2044.62,2046.86,2044.21,2046.7,0
2023-11-30 01:00:00,2046.7,2046.72,2043.17,2043.37,0
2023-11-30 02:00:00,2043.36,2046.4,2042.62,2046.01,0
2023-11-30 03:00:00,2045.99,2047.2,2044.26,2046.06,0
2023-11-30 04:00:00,2046.09,2046.67,2043.19,2044.67,0
2023-11-30 05:00:00,2044.67,2044.78,2041.44,2041.72,0
2023-11-30 06:00:00,2041.72,2045.86,2041.62,2045.86,0
2023-11-30 07:00:00,2045.9,2046.94,2042.37,2044.59,0
2023-11-30 08:00:00,2044.7,2045.69,2039.97,2040.56,0
2023-11-30 09:00:00,2040.52,2042.29,2038.8,2040.03,0
2023-11-30 10:00:00,2040.0,2040.61,2036.75,2038.36,0
2023-11-30 11:00:00,2038.38,2038.65,2035.97,2037.17,0
2023-11-30 12:00:00,2037.18,2039.12,2036.91,2038.36,0
2023-11-30 13:00:00,2038.46,2043.81,2034.01,2036.84,0
2023-11-30 14:00:00,2036.83,2039.84,2031.24,2036.54,0
2023-11-30 15:00:00,2036.5,2038.33,2032.49,2037.91,0
2023-11-30 16:00:00,2037.93,2040.35,2036.61,2039.69,0
2023-11-30 17:00:00,2039.69,2041.35,2036.82,2037.05,0
2023-11-30 18:00:00,2037.08,2038.7,2033.71,2034.95,0
2023-11-30 19:00:00,2034.95,2037.21,2034.66,2036.21,0
2023-11-30 20:00:00,2036.21,2036.5,2034.84,2036.17,0
2023-11-30 21:00:00,2036.12,2036.75,2034.85,2036.09,0
2023-11-30 23:00:00,2036.88,2040.64,2036.6,2040.13,0
2023-12-01 00:00:00,2040.18,2042.5,2039.88,2041.97,0
2023-12-01 01:00:00,2042.0,2043.47,2041.34,2041.77,0
2023-12-01 02:00:00,2041.72,2042.82,2039.97,2040.26,0
2023-12-01 03:00:00,2040.26,2042.67,2038.71,2039.59,0
2023-12-01 04:00:00,2039.59,2040.62,2038.84,2040.25,0
2023-12-01 05:00:00,2040.28,2041.6,2039.78,2041.02,0
2023-12-01 06:00:00,2041.03,2042.9,2039.74,2040.52,0
2023-12-01 07:00:00,2040.61,2042.07,2039.28,2039.52,0
2023-12-01 08:00:00,2039.71,2046.09,2039.35,2045.39,0
2023-12-01 09:00:00,2045.37,2049.86,2044.89,2046.42,0
2023-12-01 10:00:00,2046.48,2047.24,2043.23,2043.75,0
2023-12-01 11:00:00,2043.77,2044.19,2036.52,2037.08,0
2023-12-01 12:00:00,2037.08,2038.52,2033.89,2036.08,0
2023-12-01 13:00:00,2036.06,2039.37,2035.08,2037.7,0
2023-12-01 14:00:00,2037.72,2043.37,2035.24,2042.5,0
2023-12-01 15:00:00,2042.54,2053.26,2042.05,2049.35,0
2023-12-01 16:00:00,2049.34,2060.62,2044.6,2058.82,0
2023-12-01 17:00:00,2058.82,2067.7,2057.36,2067.3,0
2023-12-01 18:00:00,2067.3,2075.36,2065.83,2071.76,0
2023-12-01 19:00:00,2071.75,2072.23,2065.6,2067.04,0
2023-12-01 20:00:00,2067.02,2071.0,2066.51,2070.8,0
2023-12-01 21:00:00,2070.82,2072.06,2070.48,2071.63,0
2023-12-03 23:00:00,2072.38,2143.85,2071.82,2117.65,0
2023-12-04 00:00:00,2117.75,2120.72,2090.72,2095.67,0
2023-12-04 01:00:00,2095.93,2098.15,2083.21,2087.81,0
2023-12-04 02:00:00,2087.8,2088.76,2084.3,2088.2,0
2023-12-04 03:00:00,2088.21,2089.35,2084.57,2085.86,0
2023-12-04 04:00:00,2085.83,2086.04,2081.76,2085.49,0
2023-12-04 05:00:00,2085.5,2090.55,2083.91,2086.06,0
2023-12-04 06:00:00,2086.07,2087.94,2073.78,2076.48,0
2023-12-04 07:00:00,2076.49,2078.8,2061.71,2063.5,0
2023-12-04 08:00:00,2063.9,2070.06,2057.86,2069.74,0
2023-12-04 09:00:00,2069.76,2076.18,2068.3,2071.04,0
2023-12-04 10:00:00,2071.07,2071.15,2064.12,2068.34,0
2023-12-04 11:00:00,2068.31,2071.8,2066.01,2070.88,0
2023-12-04 12:00:00,2070.87,2071.28,2065.66,2069.82,0
2023-12-04 13:00:00,2069.85,2070.49,2055.96,2057.68,0
2023-12-04 14:00:00,2057.86,2057.98,2042.52,2050.12,0
2023-12-04 15:00:00,2050.21,2053.28,2020.15,2022.59,0
2023-12-04 16:00:00,2022.53,2028.12,2020.84,2025.98,0
2023-12-04 17:00:00,2026.0,2030.78,2023.68,2025.96,0
2023-12-04 18:00:00,2026.04,2026.05,2022.17,2024.41,0
2023-12-04 19:00:00,2024.44,2031.52,2023.88,2030.94,0
2023-12-04 20:00:00,2030.94,2032.32,2026.3,2026.37,0
2023-12-04 21:00:00,2026.84,2030.26,2026.84,2028.89,0
2023-12-04 23:00:00,2029.44,2034.16,2028.54,2034.06,0
2023-12-05 00:00:00,2034.01,2041.24,2032.73,2036.8,0
2023-12-05 01:00:00,2036.78,2038.43,2034.16,2035.64,0
2023-12-05 02:00:00,2035.64,2036.56,2033.58,2034.78,0
2023-12-05 03:00:00,2034.78,2037.83,2034.63,2037.39,0
2023-12-05 04:00:00,2037.4,2038.39,2030.48,2032.32,0
2023-12-05 05:00:00,2032.47,2033.94,2031.02,2032.18,0
2023-12-05 06:00:00,2032.23,2034.56,2031.76,2033.48,0
2023-12-05 07:00:00,2033.54,2034.96,2031.21,2032.7,0
2023-12-05 08:00:00,2032.68,2039.57,2032.65,2034.43,0
2023-12-05 09:00:00,2034.44,2034.48,2028.5,2028.95,0
2023-12-05 10:00:00,2028.87,2029.55,2023.05,2025.27,0
2023-12-05 11:00:00,2025.28,2027.54,2021.59,2024.81,0
2023-12-05 12:00:00,2024.69,2026.53,2022.34,2024.91,0
2023-12-05 13:00:00,2024.79,2030.86,2024.79,2029.52,0
2023-12-05 14:00:00,2029.52,2030.12,2015.49,2016.73,0
2023-12-05 15:00:00,2016.76,2026.83,2009.92,2016.25,0
2023-12-05 16:00:00,2016.22,2019.48,2012.26,2014.88,0
2023-12-05 17:00:00,2015.0,2020.58,2014.74,2017.22,0
2023-12-05 18:00:00,2017.2,2019.9,2016.74,2018.18,0
2023-12-05 19:00:00,2018.11,2020.33,2017.52,2019.81,0
2023-12-05 20:00:00,2019.65,2020.89,2018.42,2019.15,0
2023-12-05 21:00:00,2019.16,2019.89,2018.66,2019.36,0
2023-12-05 23:00:00,2018.63,2019.94,2017.24,2018.95,0
2023-12-06 00:00:00,2019.0,2022.38,2018.78,2021.83,0
2023-12-06 01:00:00,2021.78,2022.68,2019.07,2020.85,0
2023-12-06 02:00:00,2020.86,2022.21,2019.74,2021.25,0
2023-12-06 03:00:00,2021.26,2024.24,2020.88,2023.28,0
2023-12-06 04:00:00,2023.29,2023.94,2020.4,2022.08,0
2023-12-06 05:00:00,2022.06,2025.46,2021.25,2024.84,0
2023-12-06 06:00:00,2024.84,2027.14,2023.86,2026.35,0
2023-12-06 07:00:00,2026.35,2035.88,2026.2,2034.13,0
2023-12-06 08:00:00,2034.03,2034.88,2024.52,2025.38,0
2023-12-06 09:00:00,2025.38,2027.76,2020.21,2021.2,0
2023-12-06 10:00:00,2021.21,2023.77,2021.03,2022.88,0
2023-12-06 11:00:00,2022.88,2023.2,2020.24,2021.43,0
2023-12-06 12:00:00,2021.43,2027.5,2021.06,2026.24,0
2023-12-06 13:00:00,2026.18,2031.88,2024.2,2030.2,0
2023-12-06 14:00:00,2030.41,2033.05,2024.85,2025.13,0
2023-12-06 15:00:00,2025.23,2031.96,2022.69,2030.31,0
2023-12-06 16:00:00,2030.36,2031.32,2024.0,2030.02,0
2023-12-06 17:00:00,2030.03,2030.22,2026.63,2029.52,0
2023-12-06 18:00:00,2029.5,2031.27,2028.04,2030.62,0
2023-12-06 19:00:00,2030.62,2030.78,2028.72,2029.9,0
2023-12-06 20:00:00,2029.92,2029.92,2025.16,2026.56,0
2023-12-06 21:00:00,2026.54,2026.95,2024.48,2025.26,0
2023-12-06 23:00:00,2026.08,2027.86,2025.36,2027.11,0
2023-12-07 00:00:00,2027.05,2029.65,2026.64,2028.71,0
2023-12-07 01:00:00,2028.67,2029.56,2026.13,2026.22,0
2023-12-07 02:00:00,2026.2,2030.04,2026.19,2029.08,0
2023-12-07 03:00:00,2029.04,2029.95,2026.54,2026.94,0
2023-12-07 04:00:00,2026.89,2027.15,2025.38,2026.13,0
2023-12-07 05:00:00,2026.02,2027.39,2025.31,2026.86,0
2023-12-07 06:00:00,2026.92,2029.75,2026.28,2029.66,0
2023-12-07 07:00:00,2029.72,2030.78,2028.35,2029.65,0
2023-12-07 08:00:00,2029.75,2034.82,2028.84,2033.0,0
2023-12-07 09:00:00,2032.99,2034.68,2031.17,2034.17,0
2023-12-07 10:00:00,2034.2,2035.15,2032.56,2033.64,0
2023-12-07 11:00:00,2033.68,2034.43,2029.57,2032.67,0
2023-12-07 12:00:00,2032.63,2033.5,2030.45,2033.27,0
2023-12-07 13:00:00,2033.32,2039.92,2030.21,2037.16,0
2023-12-07 14:00:00,2037.2,2037.51,2025.26,2026.48,0
2023-12-07 15:00:00,2026.38,2031.35,2025.52,2029.37,0
2023-12-07 16:00:00,2029.33,2030.83,2025.58,2026.47,0
2023-12-07 17:00:00,2026.46,2031.34,2020.15,2028.84,0
2023-12-07 18:00:00,2028.87,2032.02,2027.69,2030.36,0
2023-12-07 19:00:00,2030.32,2031.04,2029.53,2029.96,0
2023-12-07 20:00:00,2029.96,2031.32,2028.69,2029.36,0
2023-12-07 21:00:00,2029.48,2029.5,2028.29,2028.54,0
2023-12-07 23:00:00,2028.76,2028.97,2026.89,2028.12,0
2023-12-08 00:00:00,2028.15,2033.09,2027.48,2031.06,0
2023-12-08 01:00:00,2031.15,2033.11,2028.83,2032.32,0
2023-12-08 02:00:00,2032.27,2033.59,2031.82,2032.56,0
2023-12-08 03:00:00,2032.54,2034.0,2030.95,2032.52,0
2023-12-08 04:00:00,2032.53,2032.54,2030.11,2031.56,0
2023-12-08 05:00:00,2031.57,2031.98,2029.34,2030.04,0
2023-12-08 06:00:00,2030.05,2031.16,2028.9,2030.42,0
2023-12-08 07:00:00,2030.43,2031.39,2029.16,2030.88,0
2023-12-08 08:00:00,2030.84,2031.01,2026.56,2028.26,0
2023-12-08 09:00:00,2028.26,2029.2,2026.7,2028.63,0
2023-12-08 10:00:00,2028.64,2032.43,2027.21,2029.79,0
2023-12-08 11:00:00,2029.82,2030.98,2028.88,2030.06,0
2023-12-08 12:00:00,2030.06,2030.18,2027.08,2027.6,0
2023-12-08 13:00:00,2027.64,2028.9,2014.63,2018.62,0
2023-12-08 14:00:00,2018.68,2019.3,2002.61,2008.78,0
2023-12-08 15:00:00,2010.94,2014.75,2006.19,2008.99,0
2023-12-08 16:00:00,2009.07,2009.68,2001.28,2002.32,0
2023-12-08 17:00:00,2002.31,2002.68,1994.67,1997.17,0
2023-12-08 18:00:00,1997.24,2000.76,1996.37,1999.38,0
2023-12-08 19:00:00,1999.49,2001.39,1999.28,2000.72,0
2023-12-08 20:00:00,2000.74,2003.52,2000.04,2002.78,0
2023-12-08 21:00:00,2002.82,2005.08,2002.67,2004.06,0
2023-12-10 23:00:00,2003.67,2007.67,2003.67,2007.08,0
2023-12-11 00:00:00,2007.07,2007.83,2004.6,2004.87,0
2023-12-11 01:00:00,2004.86,2005.04,2001.77,2002.16,0
2023-12-11 02:00:00,2002.13,2002.83,1996.61,1998.22,0
2023-12-11 03:00:00,1998.18,2000.33,1995.56,1996.98,0
2023-12-11 04:00:00,1996.96,1997.07,1994.91,1996.73,0
2023-12-11 05:00:00,1996.7,1999.99,1996.48,1998.86,0
2023-12-11 06:00:00,1998.87,1999.56,1997.67,1998.91,0
2023-12-11 07:00:00,1998.96,2000.59,1991.32,1992.84,0
2023-12-11 08:00:00,1992.82,1997.81,1991.99,1996.1,0
2023-12-11 09:00:00,1996.1,1997.07,1991.92,1993.42,0
2023-12-11 10:00:00,1993.43,1994.79,1991.22,1992.96,0
2023-12-11 11:00:00,1992.89,1996.42,1992.74,1996.26,0
2023-12-11 12:00:00,1996.31,1996.76,1993.88,1995.11,0
2023-12-11 13:00:00,1995.16,1995.74,1990.22,1993.72,0
2023-12-11 14:00:00,1994.02,1994.46,1986.54,1986.77,0
2023-12-11 15:00:00,1986.72,1988.22,1980.67,1982.39,0
2023-12-11 16:00:00,1982.43,1984.32,1980.13,1981.67,0
2023-12-11 17:00:00,1981.67,1982.79,1976.14,1976.76,0
2023-12-11 18:00:00,1976.82,1982.47,1975.92,1981.58,0
2023-12-11 19:00:00,1981.64,1983.13,1980.44,1981.59,0
2023-12-11 20:00:00,1981.65,1982.22,1980.4,1980.81,0
2023-12-11 21:00:00,1980.84,1981.92,1980.72,1981.69,0
2023-12-11 23:00:00,1982.1,1984.29,1981.86,1983.01,0
2023-12-12 00:00:00,1982.95,1989.53,1982.41,1985.71,0
2023-12-12 01:00:00,1985.66,1986.37,1982.88,1983.3,0
2023-12-12 02:00:00,1983.29,1983.66,1982.01,1982.34,0
2023-12-12 03:00:00,1982.34,1986.37,1982.16,1985.55,0
2023-12-12 04:00:00,1985.54,1986.45,1984.76,1985.67,0
2023-12-12 05:00:00,1985.68,1987.89,1984.78,1987.58,0
2023-12-12 06:00:00,1987.54,1988.79,1987.26,1987.73,0
2023-12-12 07:00:00,1987.74,1989.08,1985.55,1988.07,0
2023-12-12 08:00:00,1988.04,1988.26,1983.74,1983.8,0
2023-12-12 09:00:00,1983.77,1986.14,1982.76,1985.98,0
2023-12-12 10:00:00,1985.96,1988.22,1985.14,1986.19,0
2023-12-12 11:00:00,1986.18,1988.39,1985.94,1988.3,0
2023-12-12 12:00:00,1988.38,1989.12,1986.82,1988.34,0
2023-12-12 13:00:00,1988.35,1996.73,1982.71,1984.46,0
2023-12-12 14:00:00,1984.6,1989.79,1980.14,1981.88,0
2023-12-12 15:00:00,1981.84,1984.61,1980.48,1981.64,0
2023-12-12 16:00:00,1981.72,1983.71,1979.22,1981.0,0
2023-12-12 17:00:00,1981.05,1981.39,1977.23,1977.83,0
2023-12-12 18:00:00,1977.82,1980.72,1977.57,1979.07,0
2023-12-12 19:00:00,1979.08,1981.1,1979.04,1980.3,0
2023-12-12 20:00:00,1980.31,1980.54,1979.38,1979.57,0
2023-12-12 21:00:00,1979.64,1979.99,1979.1,1979.3,0
2023-12-12 23:00:00,1979.63,1982.81,1979.61,1982.56,0
2023-12-13 00:00:00,1982.58,1982.6,1980.42,1980.83,0
2023-12-13 01:00:00,1980.85,1981.66,1979.86,1980.17,0
2023-12-13 02:00:00,1980.16,1980.42,1978.0,1979.46,0
2023-12-13 03:00:00,1979.44,1980.21,1977.81,1977.94,0
2023-12-13 04:00:00,1977.91,1980.08,1977.63,1978.31,0
2023-12-13 05:00:00,1978.34,1979.74,1978.34,1978.81,0
2023-12-13 06:00:00,1978.88,1978.89,1973.02,1974.42,0
2023-12-13 07:00:00,1974.4,1980.52,1973.46,1979.27,0
2023-12-13 08:00:00,1979.37,1982.34,1978.6,1980.35,0
2023-12-13 09:00:00,1980.34,1982.63,1979.56,1982.53,0
2023-12-13 10:00:00,1982.47,1983.28,1981.13,1983.26,0
2023-12-13 11:00:00,1983.15,1983.59,1982.2,1982.88,0
2023-12-13 12:00:00,1982.88,1982.98,1980.84,1981.49,0
2023-12-13 13:00:00,1981.52,1986.76,1979.64,1984.51,0
2023-12-13 14:00:00,1984.48,1986.17,1981.24,1981.97,0
2023-12-13 15:00:00,1981.89,1983.02,1978.53,1981.92,0
2023-12-13 16:00:00,1981.92,1983.78,1980.45,1981.42,0
2023-12-13 17:00:00,1981.41,1983.58,1981.18,1982.21,0
2023-12-13 18:00:00,1982.19,1982.92,1979.69,1982.13,0
2023-12-13 19:00:00,1982.14,2017.47,1982.14,2013.63,0
2023-12-13 20:00:00,2013.64,2024.38,2012.64,2023.94,0
2023-12-13 21:00:00,2023.95,2027.79,2021.62,2027.23,0
2023-12-13 23:00:00,2028.36,2033.17,2024.35,2032.91,0
2023-12-14 00:00:00,2032.87,2039.3,2030.43,2038.03,0
2023-12-14 01:00:00,2038.15,2038.15,2029.96,2032.45,0
2023-12-14 02:00:00,2032.5,2034.75,2030.56,2032.8,0
2023-12-14 03:00:00,2032.77,2034.98,2030.37,2031.04,0
2023-12-14 04:00:00,2031.03,2032.16,2030.15,2031.27,0
2023-12-14 05:00:00,2031.23,2036.01,2030.43,2035.29,0
2023-12-14 06:00:00,2035.3,2037.4,2034.06,2035.41,0
2023-12-14 07:00:00,2035.44,2036.68,2029.27,2032.73,0
2023-12-14 08:00:00,2032.67,2040.32,2032.04,2036.47,0
2023-12-14 09:00:00,2036.48,2038.85,2034.78,2036.64,0
2023-12-14 10:00:00,2036.64,2036.74,2032.34,2033.99,0
2023-12-14 11:00:00,2034.02,2035.23,2033.12,2035.02,0
2023-12-14 12:00:00,2035.06,2039.2,2033.71,2038.9,0
2023-12-14 13:00:00,2039.11,2039.2,2027.5,2037.23,0
2023-12-14 14:00:00,2037.23,2047.91,2034.94,2043.21,0
2023-12-14 15:00:00,2043.36,2046.9,2036.48,2040.32,0
2023-12-14 16:00:00,2040.12,2041.53,2037.98,2039.45,0
2023-12-14 17:00:00,2039.54,2039.62,2034.68,2036.16,0
2023-12-14 18:00:00,2036.11,2036.15,2029.08,2031.18,0
2023-12-14 19:00:00,2031.18,2033.8,2029.93,2033.25,0
2023-12-14 20:00:00,2033.21,2036.69,2032.78,2036.34,0
2023-12-14 21:00:00,2036.3,2036.62,2035.42,2036.2,0
2023-12-14 23:00:00,2036.41,2038.71,2035.52,2035.53,0
2023-12-15 00:00:00,2035.65,2036.35,2031.37,2032.8,0
2023-12-15 01:00:00,2032.84,2033.76,2031.91,2032.31,0
2023-12-15 02:00:00,2032.23,2037.53,2031.89,2036.14,0
2023-12-15 03:00:00,2036.12,2036.69,2034.06,2035.88,0
2023-12-15 04:00:00,2035.8,2037.37,2035.32,2036.66,0
2023-12-15 05:00:00,2036.62,2037.26,2035.11,2035.3,0
2023-12-15 06:00:00,2035.2,2036.34,2034.32,2036.08,0
2023-12-15 07:00:00,2036.25,2039.06,2035.82,2037.86,0
2023-12-15 08:00:00,2037.92,2040.54,2036.97,2040.03,0
2023-12-15 09:00:00,2040.08,2044.17,2040.05,2042.66,0
2023-12-15 10:00:00,2042.64,2044.4,2041.14,2042.6,0
2023-12-15 11:00:00,2042.59,2043.46,2040.07,2041.68,0
2023-12-15 12:00:00,2041.69,2044.93,2040.95,2041.12,0
2023-12-15 13:00:00,2041.33,2043.94,2026.94,2031.42,0
2023-12-15 14:00:00,2031.46,2036.43,2031.32,2033.28,0
2023-12-15 15:00:00,2033.22,2038.54,2032.06,2035.14,0
2023-12-15 16:00:00,2035.12,2036.38,2033.04,2033.92,0
2023-12-15 17:00:00,2033.89,2034.51,2032.01,2032.79,0
2023-12-15 18:00:00,2032.79,2033.79,2019.61,2019.71,0
2023-12-15 19:00:00,2019.71,2020.03,2015.59,2019.14,0
2023-12-15 20:00:00,2019.15,2021.6,2017.44,2018.04,0
2023-12-15 21:00:00,2017.95,2019.82,2017.9,2018.99,0
2023-12-17 23:00:00,2019.62,2021.07,2016.01,2017.41,0
2023-12-18 00:00:00,2017.59,2020.51,2016.09,2020.06,0
2023-12-18 01:00:00,2020.05,2023.37,2018.76,2019.39,0
2023-12-18 02:00:00,2019.36,2023.32,2019.05,2021.94,0
2023-12-18 03:00:00,2021.94,2024.18,2021.44,2022.91,0
2023-12-18 04:00:00,2022.88,2023.35,2021.61,2023.22,0
2023-12-18 05:00:00,2023.22,2024.6,2022.44,2023.14,0
2023-12-18 06:00:00,2023.14,2024.79,2021.56,2023.26,0
2023-12-18 07:00:00,2023.27,2024.39,2022.6,2023.14,0
2023-12-18 08:00:00,2023.14,2026.23,2021.74,2024.39,0
2023-12-18 09:00:00,2024.38,2027.37,2021.98,2022.94,0
2023-12-18 10:00:00,2022.99,2024.88,2019.11,2019.3,0
2023-12-18 11:00:00,2019.36,2022.62,2018.77,2022.0,0
2023-12-18 12:00:00,2022.04,2024.17,2021.8,2023.61,0
2023-12-18 13:00:00,2023.57,2026.18,2022.77,2025.89,0
2023-12-18 14:00:00,2025.8,2026.89,2020.88,2024.27,0
2023-12-18 15:00:00,2024.26,2025.28,2020.3,2022.33,0
2023-12-18 16:00:00,2022.34,2024.66,2021.24,2022.3,0
2023-12-18 17:00:00,2022.32,2033.55,2021.31,2033.55,0
2023-12-18 18:00:00,2033.52,2033.64,2025.02,2026.57,0
2023-12-18 19:00:00,2026.57,2027.84,2025.76,2026.29,0
2023-12-18 20:00:00,2026.33,2026.96,2025.58,2026.5,0
2023-12-18 21:00:00,2026.51,2027.36,2026.3,2027.21,0
2023-12-18 23:00:00,2027.52,2027.96,2025.66,2027.65,0
2023-12-19 00:00:00,2027.75,2029.31,2026.44,2027.25,0
2023-12-19 01:00:00,2027.28,2028.13,2025.91,2026.15,0
2023-12-19 02:00:00,2026.16,2026.55,2023.17,2024.6,0
2023-12-19 03:00:00,2024.59,2025.63,2022.72,2023.35,0
2023-12-19 04:00:00,2023.33,2024.42,2021.71,2024.16,0
2023-12-19 05:00:00,2024.17,2025.29,2022.48,2024.17,0
2023-12-19 06:00:00,2024.19,2026.19,2023.44,2024.82,0
2023-12-19 07:00:00,2024.86,2026.37,2022.97,2024.82,0
2023-12-19 08:00:00,2024.82,2028.45,2023.9,2027.19,0
2023-12-19 09:00:00,2027.2,2027.51,2025.68,2026.32,0
2023-12-19 10:00:00,2026.33,2027.04,2024.24,2025.69,0
2023-12-19 11:00:00,2025.69,2027.24,2025.41,2026.5,0
2023-12-19 12:00:00,2026.52,2030.06,2026.25,2029.5,0
2023-12-19 13:00:00,2029.53,2032.67,2028.5,2030.0,0
2023-12-19 14:00:00,2030.03,2042.28,2028.99,2041.49,0
2023-12-19 15:00:00,2041.34,2045.46,2039.14,2041.87,0
2023-12-19 16:00:00,2041.94,2047.0,2041.3,2044.43,0
2023-12-19 17:00:00,2044.45,2045.54,2040.26,2040.44,0
2023-12-19 18:00:00,2040.46,2040.91,2036.74,2039.06,0
2023-12-19 19:00:00,2039.01,2039.72,2038.5,2039.56,0
2023-12-19 20:00:00,2039.59,2040.47,2038.76,2040.24,0
2023-12-19 21:00:00,2040.32,2040.64,2039.57,2040.13,0
2023-12-19 23:00:00,2040.1,2041.68,2038.87,2041.0,0
2023-12-20 00:00:00,2040.99,2041.1,2038.76,2039.23,0
2023-12-20 01:00:00,2039.32,2039.96,2037.68,2038.23,0
2023-12-20 02:00:00,2038.15,2040.36,2036.77,2040.12,0
2023-12-20 03:00:00,2040.02,2040.94,2039.08,2040.5,0
2023-12-20 04:00:00,2040.49,2041.1,2039.88,2040.55,0
2023-12-20 05:00:00,2040.56,2041.39,2039.38,2041.3,0
2023-12-20 06:00:00,2041.31,2042.36,2040.56,2041.02,0
2023-12-20 07:00:00,2041.12,2043.48,2040.73,2042.34,0
2023-12-20 08:00:00,2042.37,2042.37,2039.78,2041.08,0
2023-12-20 09:00:00,2041.09,2042.49,2039.65,2040.01,0
2023-12-20 10:00:00,2040.0,2040.43,2035.68,2036.01,0
2023-12-20 11:00:00,2035.99,2036.01,2031.82,2033.6,0
2023-12-20 12:00:00,2033.51,2036.39,2033.2,2034.02,0
2023-12-20 13:00:00,2034.08,2036.51,2029.62,2036.42,0
2023-12-20 14:00:00,2036.43,2039.86,2034.12,2038.07,0
2023-12-20 15:00:00,2037.96,2038.83,2030.54,2032.57,0
2023-12-20 16:00:00,2032.67,2035.37,2032.59,2034.81,0
2023-12-20 17:00:00,2034.85,2035.31,2032.04,2034.76,0
2023-12-20 18:00:00,2034.77,2036.73,2034.06,2036.33,0
2023-12-20 19:00:00,2036.33,2037.15,2030.16,2032.38,0
2023-12-20 20:00:00,2032.35,2033.84,2029.58,2029.78,0
2023-12-20 21:00:00,2029.78,2032.02,2027.46,2031.3,0
2023-12-20 23:00:00,2031.76,2033.34,2031.57,2032.25,0
2023-12-21 00:00:00,2032.22,2034.2,2032.02,2033.68,0
2023-12-21 01:00:00,2033.71,2035.97,2033.48,2035.48,0
2023-12-21 02:00:00,2035.48,2037.51,2034.95,2036.94,0
2023-12-21 03:00:00,2036.94,2037.7,2035.56,2037.48,0
2023-12-21 04:00:00,2037.46,2037.94,2036.27,2036.38,0
2023-12-21 05:00:00,2036.4,2038.24,2035.05,2036.22,0
2023-12-21 06:00:00,2036.28,2037.13,2034.37,2036.9,0
2023-12-21 07:00:00,2036.93,2037.35,2034.02,2035.01,0
2023-12-21 08:00:00,2034.92,2037.28,2034.88,2036.5,0
2023-12-21 09:00:00,2036.56,2037.13,2034.75,2035.45,0
2023-12-21 10:00:00,2035.38,2036.15,2033.03,2034.16,0
2023-12-21 11:00:00,2034.11,2035.43,2033.94,2034.12,0
2023-12-21 12:00:00,2034.2,2039.46,2033.31,2038.01,0
2023-12-21 13:00:00,2038.04,2045.95,2033.56,2041.33,0
2023-12-21 14:00:00,2041.56,2046.01,2037.01,2042.08,0
2023-12-21 15:00:00,2042.08,2042.87,2036.73,2041.58,0
2023-12-21 16:00:00,2041.56,2044.77,2041.07,2041.72,0
2023-12-21 17:00:00,2041.73,2043.88,2040.37,2041.06,0
2023-12-21 18:00:00,2041.07,2041.74,2037.48,2039.08,0
2023-12-21 19:00:00,2039.1,2045.12,2039.1,2043.91,0
2023-12-21 20:00:00,2043.91,2045.16,2043.15,2044.13,0
2023-12-21 21:00:00,2044.12,2045.99,2043.94,2045.78,0
2023-12-21 23:00:00,2045.87,2055.01,2045.87,2052.88,0
2023-12-22 00:00:00,2052.9,2053.91,2047.0,2048.19,0
2023-12-22 01:00:00,2048.2,2051.36,2046.86,2048.71,0
2023-12-22 02:00:00,2048.72,2050.76,2048.01,2050.21,0
2023-12-22 03:00:00,2050.15,2051.29,2047.11,2048.3,0
2023-12-22 04:00:00,2048.34,2050.8,2048.18,2049.63,0
2023-12-22 05:00:00,2049.77,2049.77,2047.67,2048.36,0
2023-12-22 06:00:00,2048.34,2049.07,2047.1,2047.64,0
2023-12-22 07:00:00,2047.62,2050.92,2047.49,2050.1,0
2023-12-22 08:00:00,2050.25,2052.18,2049.72,2051.49,0
2023-12-22 09:00:00,2051.49,2054.59,2051.49,2053.53,0
2023-12-22 10:00:00,2053.52,2057.23,2053.51,2055.79,0
2023-12-22 11:00:00,2055.79,2062.97,2055.28,2060.66,0
2023-12-22 12:00:00,2060.68,2066.06,2059.48,2060.2,0
2023-12-22 13:00:00,2060.24,2069.3,2057.66,2067.35,0
2023-12-22 14:00:00,2067.36,2070.06,2064.14,2068.57,0
2023-12-22 15:00:00,2068.54,2070.65,2059.47,2060.82,0
2023-12-22 16:00:00,2060.86,2062.22,2051.14,2053.4,0
2023-12-22 17:00:00,2053.34,2055.78,2052.27,2055.49,0
2023-12-22 18:00:00,2055.53,2058.06,2054.83,2057.2,0
2023-12-22 19:00:00,2057.19,2057.28,2051.79,2053.95,0
2023-12-22 20:00:00,2053.96,2054.05,2052.13,2053.26,0
2023-12-22 21:00:00,2053.27,2053.73,2052.48,2053.09,0
2023-12-25 23:00:00,2053.51,2058.45,2052.97,2054.95,0
2023-12-26 00:00:00,2054.96,2055.3,2053.53,2055.01,0
2023-12-26 01:00:00,2054.98,2063.93,2054.86,2063.42,0
2023-12-26 02:00:00,2063.42,2065.15,2062.06,2064.72,0
2023-12-26 03:00:00,2064.8,2064.94,2063.6,2063.98,0
2023-12-26 04:00:00,2063.97,2064.63,2063.61,2064.08,0
2023-12-26 05:00:00,2064.08,2064.48,2061.38,2062.86,0
2023-12-26 06:00:00,2062.85,2065.09,2062.21,2064.07,0
2023-12-26 07:00:00,2064.08,2064.77,2062.89,2064.34,0
2023-12-26 08:00:00,2064.32,2064.74,2061.35,2061.55,0
2023-12-26 09:00:00,2061.54,2063.01,2060.64,2061.95,0
2023-12-26 10:00:00,2061.95,2063.88,2061.93,2063.83,0
2023-12-26 11:00:00,2063.76,2064.17,2062.95,2063.59,0
2023-12-26 12:00:00,2063.61,2063.75,2061.36,2061.86,0
2023-12-26 13:00:00,2061.77,2063.9,2058.85,2058.85,0
2023-12-26 14:00:00,2058.84,2061.99,2054.52,2057.18,0
2023-12-26 15:00:00,2057.17,2059.97,2056.22,2056.89,0
2023-12-26 16:00:00,2056.9,2059.86,2056.63,2059.61,0
2023-12-26 17:00:00,2059.63,2059.72,2057.16,2057.83,0
2023-12-26 18:00:00,2057.84,2059.98,2057.44,2058.37,0
2023-12-26 19:00:00,2058.39,2062.09,2058.39,2061.68,0
2023-12-26 20:00:00,2061.7,2068.59,2061.58,2068.37,0
2023-12-26 21:00:00,2068.38,2069.01,2066.12,2067.54,0
2023-12-26 23:00:00,2068.08,2068.62,2066.05,2066.2,0
2023-12-27 00:00:00,2066.26,2066.52,2063.97,2065.63,0
2023-12-27 01:00:00,2065.58,2067.89,2064.95,2066.74,0
2023-12-27 02:00:00,2066.74,2067.28,2064.8,2065.44,0
2023-12-27 03:00:00,2065.44,2066.59,2064.44,2064.62,0
2023-12-27 04:00:00,2064.6,2066.0,2064.11,2065.88,0
2023-12-27 05:00:00,2065.82,2066.26,2064.42,2064.7,0
2023-12-27 06:00:00,2064.7,2067.43,2064.44,2065.07,0
2023-12-27 07:00:00,2065.06,2066.38,2064.81,2066.09,0
2023-12-27 08:00:00,2066.16,2068.31,2065.85,2067.38,0
2023-12-27 09:00:00,2067.39,2069.28,2067.31,2068.38,0
2023-12-27 10:00:00,2068.38,2068.72,2061.5,2064.75,0
2023-12-27 11:00:00,2064.73,2068.87,2064.62,2068.19,0
2023-12-27 12:00:00,2068.21,2070.29,2064.37,2067.69,0
2023-12-27 13:00:00,2067.68,2069.73,2066.15,2068.38,0
2023-12-27 14:00:00,2068.33,2071.62,2066.6,2070.3,0
2023-12-27 15:00:00,2070.29,2081.88,2069.01,2078.93,0
2023-12-27 16:00:00,2078.97,2082.41,2076.73,2081.69,0
2023-12-27 17:00:00,2081.72,2082.53,2079.52,2081.94,0
2023-12-27 18:00:00,2081.9,2084.48,2075.96,2078.48,0
2023-12-27 19:00:00,2078.48,2078.85,2076.1,2077.55,0
2023-12-27 20:00:00,2077.6,2078.21,2076.38,2078.13,0
2023-12-27 21:00:00,2078.13,2078.53,2076.67,2077.49,0
2023-12-27 23:00:00,2078.42,2079.92,2077.2,2079.61,0
2023-12-28 00:00:00,2079.64,2081.1,2079.25,2079.76,0
2023-12-28 01:00:00,2079.75,2087.77,2079.59,2087.06,0
2023-12-28 02:00:00,2087.07,2088.48,2085.53,2088.02,0
2023-12-28 03:00:00,2087.98,2088.43,2085.99,2087.28,0
2023-12-28 04:00:00,2087.28,2087.31,2085.87,2086.6,0
2023-12-28 05:00:00,2086.56,2087.54,2084.73,2085.82,0
2023-12-28 06:00:00,2085.84,2086.83,2084.28,2085.79,0
2023-12-28 07:00:00,2085.82,2087.53,2084.02,2086.18,0
2023-12-28 08:00:00,2086.26,2086.5,2076.6,2077.38,0
2023-12-28 09:00:00,2077.45,2078.1,2072.89,2077.0,0
2023-12-28 10:00:00,2077.01,2079.31,2074.76,2077.16,0
2023-12-28 11:00:00,2077.28,2078.48,2075.09,2075.52,0
2023-12-28 12:00:00,2075.53,2076.79,2071.44,2076.52,0
2023-12-28 13:00:00,2076.56,2079.05,2072.02,2073.01,0
2023-12-28 14:00:00,2073.04,2079.42,2072.18,2078.91,0
2023-12-28 15:00:00,2078.92,2081.16,2075.65,2077.35,0
2023-12-28 16:00:00,2077.35,2077.45,2073.21,2074.24,0
2023-12-28 17:00:00,2074.27,2076.16,2072.09,2074.83,0
2023-12-28 18:00:00,2074.92,2075.52,2071.49,2072.8,0
2023-12-28 19:00:00,2072.81,2073.16,2066.01,2068.09,0
2023-12-28 20:00:00,2068.07,2068.96,2065.99,2066.46,0
2023-12-28 21:00:00,2066.47,2067.0,2064.64,2065.25,0
2023-12-28 23:00:00,2065.99,2067.3,2065.84,2066.83,0
2023-12-29 00:00:00,2066.84,2067.88,2066.12,2066.93,0
2023-12-29 01:00:00,2066.92,2071.45,2066.74,2070.78,0
2023-12-29 02:00:00,2070.78,2071.36,2068.38,2068.72,0
2023-12-29 03:00:00,2068.68,2070.53,2067.77,2069.49,0
2023-12-29 04:00:00,2069.5,2070.66,2068.97,2070.06,0
2023-12-29 05:00:00,2070.03,2072.37,2069.79,2072.35,0
2023-12-29 06:00:00,2072.28,2073.13,2071.78,2072.79,0
2023-12-29 07:00:00,2072.82,2074.74,2071.92,2071.97,0
2023-12-29 08:00:00,2072.11,2073.5,2068.72,2068.73,0
2023-12-29 09:00:00,2068.72,2069.76,2065.45,2065.59,0
2023-12-29 10:00:00,2065.57,2065.81,2061.86,2064.8,0
2023-12-29 11:00:00,2064.88,2068.34,2064.86,2067.75,0
2023-12-29 12:00:00,2067.81,2068.89,2064.49,2065.44,0
2023-12-29 13:00:00,2065.48,2066.3,2058.25,2059.23,0
2023-12-29 14:00:00,2059.28,2065.29,2058.52,2063.02,0
2023-12-29 15:00:00,2063.01,2066.07,2061.77,2064.86,0
2023-12-29 16:00:00,2064.84,2067.95,2063.41,2066.07,0
2023-12-29 17:00:00,2066.14,2068.11,2064.5,2066.58,0
2023-12-29 18:00:00,2066.55,2066.56,2061.16,2064.85,0
2023-12-29 19:00:00,2065.13,2067.8,2064.11,2067.34,0
2023-12-29 20:00:00,2067.34,2067.43,2062.65,2063.15,0
2023-12-29 21:00:00,2063.15,2063.64,2062.42,2062.79,0
2024-01-01 23:00:00,2063.69,2066.53,2062.8,2065.09,0
2024-01-02 01:00:00,2067.22,2067.43,2066.44,2066.66,0
2024-01-02 02:00:00,2066.64,2068.42,2064.04,2067.88,0
2024-01-02 03:00:00,2067.9,2070.4,2066.54,2069.68,0
2024-01-02 04:00:00,2069.7,2070.68,2068.98,2069.68,0
2024-01-02 05:00:00,2069.74,2074.83,2069.57,2074.49,0
2024-01-02 06:00:00,2074.68,2076.7,2072.96,2074.23,0
2024-01-02 07:00:00,2074.16,2076.43,2073.2,2073.2,0
2024-01-02 08:00:00,2073.26,2074.6,2071.88,2073.35,0
2024-01-02 09:00:00,2073.35,2078.88,2073.32,2077.04,0
2024-01-02 10:00:00,2077.06,2077.77,2073.54,2075.96,0
2024-01-02 11:00:00,2075.94,2076.16,2068.35,2069.22,0
2024-01-02 12:00:00,2069.23,2069.5,2065.1,2067.96,0
2024-01-02 13:00:00,2067.95,2071.1,2064.9,2066.25,0
2024-01-02 14:00:00,2066.3,2070.46,2062.21,2070.35,0
2024-01-02 15:00:00,2070.39,2070.7,2056.04,2059.4,0
2024-01-02 16:00:00,2059.48,2067.59,2059.25,2066.15,0
2024-01-02 17:00:00,2066.13,2066.96,2061.86,2062.73,0
2024-01-02 18:00:00,2062.81,2064.99,2060.61,2061.2,0
2024-01-02 19:00:00,2061.2,2062.2,2060.48,2060.9,0
2024-01-02 20:00:00,2060.96,2061.63,2058.0,2058.22,0
2024-01-02 21:00:00,2058.51,2059.29,2058.08,2058.91,0
2024-01-02 23:00:00,2059.26,2060.12,2058.73,2059.66,0
2024-01-03 00:00:00,2059.69,2062.13,2059.3,2060.27,0
2024-01-03 01:00:00,2060.28,2062.59,2059.58,2062.53,0
2024-01-03 02:00:00,2062.56,2065.22,2061.62,2064.71,0
2024-01-03 03:00:00,2064.69,2065.58,2063.36,2065.14,0
2024-01-03 04:00:00,2065.08,2065.61,2064.46,2064.87,0
2024-01-03 05:00:00,2064.86,2065.94,2063.58,2064.12,0
2024-01-03 06:00:00,2064.12,2065.42,2063.43,2064.31,0
2024-01-03 07:00:00,2064.27,2064.3,2060.92,2062.99,0
2024-01-03 08:00:00,2062.97,2064.36,2058.9,2060.08,0
2024-01-03 09:00:00,2060.12,2060.62,2054.48,2056.83,0
2024-01-03 10:00:00,2056.84,2057.18,2052.68,2054.95,0
2024-01-03 11:00:00,2054.95,2055.68,2046.74,2047.6,0
2024-01-03 12:00:00,2047.67,2048.36,2041.89,2045.7,0
2024-01-03 13:00:00,2045.52,2047.96,2038.73,2041.02,0
2024-01-03 14:00:00,2041.12,2042.33,2031.84,2037.94,0
2024-01-03 15:00:00,2035.37,2048.75,2031.91,2032.6,0
2024-01-03 16:00:00,2032.84,2036.02,2031.4,2032.45,0
2024-01-03 17:00:00,2032.58,2033.73,2030.73,2033.38,0
2024-01-03 18:00:00,2033.4,2036.34,2032.98,2035.85,0
2024-01-03 19:00:00,2035.66,2042.3,2030.6,2036.7,0
2024-01-03 20:00:00,2036.65,2042.32,2036.51,2041.0,0
2024-01-03 21:00:00,2041.32,2041.8,2040.36,2041.27,0
2024-01-03 23:00:00,2041.77,2043.93,2041.21,2043.03,0
2024-01-04 00:00:00,2042.99,2043.2,2041.66,2042.19,0
2024-01-04 01:00:00,2042.21,2043.32,2040.18,2042.28,0
2024-01-04 02:00:00,2042.29,2044.72,2042.29,2044.62,0
2024-01-04 03:00:00,2044.72,2046.89,2044.13,2044.67,0
2024-01-04 04:00:00,2044.58,2044.73,2042.48,2043.13,0
2024-01-04 05:00:00,2043.11,2044.37,2042.41,2043.81,0
2024-01-04 06:00:00,2043.84,2048.66,2043.66,2047.26,0
2024-01-04 07:00:00,2047.21,2049.55,2046.52,2047.63,0
2024-01-04 08:00:00,2047.78,2048.64,2045.45,2046.81,0
2024-01-04 09:00:00,2046.81,2050.98,2046.32,2048.02,0
2024-01-04 10:00:00,2048.0,2050.88,2046.68,2048.01,0
2024-01-04 11:00:00,2048.01,2048.41,2044.95,2045.17,0
2024-01-04 12:00:00,2045.17,2046.26,2043.33,2045.98,0
2024-01-04 13:00:00,2046.06,2047.24,2038.85,2040.29,0
2024-01-04 14:00:00,2040.32,2042.59,2036.31,2039.41,0
2024-01-04 15:00:00,2039.48,2047.68,2039.14,2045.15,0
2024-01-04 16:00:00,2045.28,2046.81,2044.14,2044.79,0
2024-01-04 17:00:00,2044.85,2045.06,2040.89,2043.27,0
2024-01-04 18:00:00,2043.19,2044.03,2041.6,2043.2,0
2024-01-04 19:00:00,2043.17,2044.94,2042.51,2044.4,0
2024-01-04 20:00:00,2044.38,2044.85,2043.1,2043.1,0
2024-01-04 21:00:00,2043.44,2044.42,2043.1,2043.28,0
2024-01-04 23:00:00,2043.93,2044.8,2042.84,2044.23,0
2024-01-05 00:00:00,2044.13,2044.73,2043.35,2044.38,0
2024-01-05 01:00:00,2044.39,2046.81,2044.11,2046.2,0
2024-01-05 02:00:00,2046.2,2047.9,2045.74,2046.21,0
2024-01-05 03:00:00,2046.3,2046.48,2044.83,2045.33,0
2024-01-05 04:00:00,2045.31,2046.38,2044.52,2044.61,0
2024-01-05 05:00:00,2044.68,2045.24,2043.18,2044.51,0
2024-01-05 06:00:00,2044.51,2045.1,2040.91,2042.48,0
2024-01-05 07:00:00,2042.31,2047.02,2042.05,2043.16,0
2024-01-05 08:00:00,2043.14,2044.44,2041.43,2042.47,0
2024-01-05 09:00:00,2042.4,2043.66,2038.45,2038.85,0
2024-01-05 10:00:00,2038.88,2040.31,2037.42,2040.06,0
2024-01-05 11:00:00,2040.06,2040.4,2037.22,2039.31,0
2024-01-05 12:00:00,2039.33,2040.98,2038.48,2040.25,0
2024-01-05 13:00:00,2040.19,2041.96,2024.48,2040.06,0
2024-01-05 14:00:00,2039.98,2049.24,2038.76,2046.78,0
2024-01-05 15:00:00,2051.17,2063.98,2051.17,2054.86,0
2024-01-05 16:00:00,2054.88,2056.3,2044.17,2045.1,0
2024-01-05 17:00:00,2045.1,2045.46,2040.5,2041.94,0
2024-01-05 18:00:00,2041.94,2048.51,2040.52,2048.2,0
2024-01-05 19:00:00,2048.2,2050.31,2045.06,2045.74,0
2024-01-05 20:00:00,2045.75,2045.79,2042.91,2043.66,0
2024-01-05 21:00:00,2043.65,2046.18,2043.65,2045.5,0
2024-01-07 23:00:00,2045.16,2045.7,2043.04,2044.32,0
2024-01-08 00:00:00,2044.35,2046.33,2043.82,2046.03,0
2024-01-08 01:00:00,2045.9,2046.64,2042.96,2043.83,0
2024-01-08 02:00:00,2043.8,2043.84,2041.29,2041.35,0
2024-01-08 03:00:00,2041.34,2041.48,2035.11,2036.12,0
2024-01-08 04:00:00,2036.23,2037.7,2035.67,2035.84,0
2024-01-08 05:00:00,2035.82,2036.14,2027.08,2030.78,0
2024-01-08 06:00:00,2030.75,2033.36,2030.36,2033.0,0
2024-01-08 07:00:00,2032.96,2033.24,2028.64,2031.46,0
2024-01-08 08:00:00,2031.32,2031.8,2027.34,2028.3,0
2024-01-08 09:00:00,2028.24,2031.74,2026.53,2029.08,0
2024-01-08 10:00:00,2029.09,2029.48,2027.0,2027.64,0
2024-01-08 11:00:00,2027.63,2027.91,2016.84,2020.07,0
2024-01-08 12:00:00,2020.06,2024.91,2018.94,2024.63,0
2024-01-08 13:00:00,2024.72,2025.48,2018.43,2018.98,0
2024-01-08 14:00:00,2018.97,2027.22,2018.57,2026.43,0
2024-01-08 15:00:00,2026.41,2034.77,2025.56,2034.25,0
2024-01-08 16:00:00,2034.25,2036.91,2031.46,2032.22,0
2024-01-08 17:00:00,2032.25,2033.11,2027.14,2027.7,0
2024-01-08 18:00:00,2027.67,2028.31,2026.42,2026.59,0
2024-01-08 19:00:00,2026.57,2029.62,2026.57,2029.39,0
2024-01-08 20:00:00,2029.4,2029.85,2026.14,2027.16,0
2024-01-08 21:00:00,2027.24,2028.77,2027.08,2028.18,0
2024-01-08 23:00:00,2028.19,2030.94,2028.02,2030.74,0
2024-01-09 00:00:00,2030.75,2034.92,2030.75,2034.34,0
2024-01-09 01:00:00,2034.34,2035.57,2031.22,2032.28,0
2024-01-09 02:00:00,2032.27,2035.85,2032.18,2034.05,0
2024-01-09 03:00:00,2034.2,2034.98,2033.09,2033.65,0
2024-01-09 04:00:00,2033.53,2034.97,2032.27,2032.9,0
2024-01-09 05:00:00,2032.92,2033.49,2030.38,2032.82,0
2024-01-09 06:00:00,2032.75,2035.18,2031.18,2033.2,0
2024-01-09 07:00:00,2033.2,2037.22,2032.18,2036.0,0
2024-01-09 08:00:00,2036.22,2038.21,2031.36,2034.28,0
2024-01-09 09:00:00,2034.26,2037.04,2033.14,2035.4,0
2024-01-09 10:00:00,2035.41,2038.55,2034.8,2035.44,0
2024-01-09 11:00:00,2035.48,2035.7,2033.74,2035.01,0
2024-01-09 12:00:00,2035.02,2036.39,2033.97,2036.37,0
2024-01-09 13:00:00,2036.47,2041.94,2031.68,2038.67,0
2024-01-09 14:00:00,2038.65,2040.11,2034.0,2034.78,0
2024-01-09 15:00:00,2034.79,2035.68,2028.78,2028.84,0
2024-01-09 16:00:00,2028.85,2031.62,2026.14,2031.25,0
2024-01-09 17:00:00,2031.24,2032.08,2027.14,2027.69,0
2024-01-09 18:00:00,2027.62,2029.72,2026.82,2029.24,0
2024-01-09 19:00:00,2029.22,2030.07,2027.8,2028.91,0
2024-01-09 20:00:00,2029.02,2031.14,2028.34,2028.41,0
2024-01-09 21:00:00,2028.82,2030.31,2028.57,2030.21,0
2024-01-09 23:00:00,2030.29,2031.24,2028.37,2030.8,0
2024-01-10 00:00:00,2030.82,2031.18,2029.68,2030.23,0
2024-01-10 01:00:00,2030.3,2032.48,2027.23,2031.78,0
2024-01-10 02:00:00,2031.79,2032.82,2030.35,2031.86,0
2024-01-10 03:00:00,2031.75,2032.05,2028.2,2028.95,0
2024-01-10 04:00:00,2028.9,2030.68,2028.51,2029.82,0
2024-01-10 05:00:00,2029.98,2030.23,2025.53,2026.71,0
2024-01-10 06:00:00,2026.7,2027.01,2023.9,2024.61,0
2024-01-10 07:00:00,2024.54,2031.66,2024.32,2031.01,0
2024-01-10 08:00:00,2031.07,2035.96,2030.26,2035.33,0
2024-01-10 09:00:00,2035.25,2036.17,2034.7,2035.71,0
2024-01-10 10:00:00,2035.72,2040.09,2034.56,2034.8,0
2024-01-10 11:00:00,2034.83,2035.3,2032.78,2034.1,0
2024-01-10 12:00:00,2034.08,2035.66,2031.4,2031.55,0
2024-01-10 13:00:00,2031.6,2034.05,2030.07,2030.28,0
2024-01-10 14:00:00,2030.31,2033.59,2026.4,2027.39,0
2024-01-10 15:00:00,2027.4,2029.76,2024.83,2027.94,0
2024-01-10 16:00:00,2028.04,2028.53,2024.77,2027.04,0
2024-01-10 17:00:00,2027.06,2027.78,2022.16,2024.09,0
2024-01-10 18:00:00,2024.07,2024.48,2021.34,2023.7,0
2024-01-10 19:00:00,2023.71,2024.47,2020.47,2023.99,0
2024-01-10 20:00:00,2023.99,2025.03,2021.88,2023.6,0
2024-01-10 21:00:00,2023.6,2024.47,2023.36,2024.32,0
2024-01-10 23:00:00,2024.38,2028.02,2023.85,2026.82,0
2024-01-11 00:00:00,2026.89,2028.43,2026.62,2027.9,0
2024-01-11 01:00:00,2027.91,2030.39,2027.08,2029.76,0
2024-01-11 02:00:00,2029.76,2031.96,2028.88,2029.69,0
2024-01-11 03:00:00,2029.69,2031.08,2028.82,2030.94,0
2024-01-11 04:00:00,2030.94,2032.36,2030.94,2032.15,0
2024-01-11 05:00:00,2032.24,2034.66,2031.13,2032.99,0
2024-01-11 06:00:00,2033.0,2035.12,2032.16,2034.0,0
2024-01-11 07:00:00,2033.95,2035.71,2033.66,2033.88,0
2024-01-11 08:00:00,2033.89,2034.03,2030.42,2030.87,0
2024-01-11 09:00:00,2030.7,2032.48,2030.25,2031.36,0
2024-01-11 10:00:00,2031.51,2032.72,2030.55,2032.14,0
2024-01-11 11:00:00,2032.04,2034.41,2031.4,2034.35,0
2024-01-11 12:00:00,2034.38,2035.06,2031.62,2032.46,0
2024-01-11 13:00:00,2032.47,2042.59,2025.04,2029.38,0
2024-01-11 14:00:00,2029.48,2034.86,2024.92,2029.74,0
2024-01-11 15:00:00,2029.67,2033.0,2025.26,2029.08,0
2024-01-11 16:00:00,2029.09,2029.62,2013.72,2016.7,0
2024-01-11 17:00:00,2016.69,2018.45,2013.36,2014.36,0
2024-01-11 18:00:00,2014.33,2017.06,2013.92,2017.06,0
2024-01-11 19:00:00,2017.09,2027.4,2017.09,2026.46,0
2024-01-11 20:00:00,2026.46,2028.53,2023.48,2027.58,0
2024-01-11 21:00:00,2027.8,2029.61,2027.41,2028.54,0
2024-01-11 23:00:00,2028.77,2035.58,2028.73,2035.32,0
2024-01-12 00:00:00,2035.3,2035.42,2030.38,2031.18,0
2024-01-12 01:00:00,2031.17,2034.78,2030.08,2033.92,0
2024-01-12 02:00:00,2033.95,2035.28,2033.26,2034.03,0
2024-01-12 03:00:00,2034.02,2035.73,2033.79,2033.99,0
2024-01-12 04:00:00,2033.96,2035.06,2032.88,2034.75,0
2024-01-12 05:00:00,2034.76,2037.24,2033.78,2036.1,0
2024-01-12 06:00:00,2036.12,2036.75,2034.92,2035.19,0
2024-01-12 07:00:00,2035.18,2039.35,2034.16,2037.49,0
2024-01-12 08:00:00,2037.56,2039.86,2037.05,2038.76,0
2024-01-12 09:00:00,2038.73,2040.1,2037.9,2038.17,0
2024-01-12 10:00:00,2038.2,2046.14,2038.11,2045.9,0
2024-01-12 11:00:00,2045.9,2047.38,2044.1,2045.44,0
2024-01-12 12:00:00,2045.56,2053.66,2045.56,2047.83,0
2024-01-12 13:00:00,2047.86,2056.67,2044.41,2056.18,0
2024-01-12 14:00:00,2056.18,2062.24,2053.33,2056.02,0
2024-01-12 15:00:00,2055.97,2060.08,2050.96,2053.72,0
2024-01-12 16:00:00,2053.76,2055.54,2048.28,2048.34,0
2024-01-12 17:00:00,2048.08,2048.6,2041.45,2043.92,0
2024-01-12 18:00:00,2043.86,2048.68,2043.09,2047.51,0
2024-01-12 19:00:00,2047.42,2049.15,2046.25,2047.38,0
2024-01-12 20:00:00,2047.39,2047.67,2046.08,2047.48,0
2024-01-12 21:00:00,2047.34,2049.21,2046.86,2048.66,0
2024-01-14 23:00:00,2048.19,2048.78,2046.34,2047.63,0
2024-01-15 00:00:00,2047.75,2048.48,2045.8,2047.89,0
2024-01-15 01:00:00,2047.85,2051.42,2047.52,2051.09,0
2024-01-15 02:00:00,2051.11,2056.42,2049.85,2056.38,0
2024-01-15 03:00:00,2056.37,2058.1,2055.54,2057.39,0
2024-01-15 04:00:00,2057.4,2057.59,2053.56,2054.36,0
2024-01-15 05:00:00,2054.34,2055.61,2053.01,2055.17,0
2024-01-15 06:00:00,2055.13,2057.0,2053.86,2055.43,0
2024-01-15 07:00:00,2055.44,2055.95,2052.9,2054.24,0
2024-01-15 08:00:00,2054.3,2058.63,2053.88,2056.65,0
2024-01-15 09:00:00,2056.61,2057.03,2052.99,2055.06,0
2024-01-15 10:00:00,2055.08,2055.19,2052.06,2053.04,0
2024-01-15 11:00:00,2053.13,2053.84,2051.55,2053.32,0
2024-01-15 12:00:00,2053.37,2053.73,2051.36,2052.76,0
2024-01-15 13:00:00,2052.85,2054.28,2052.21,2054.24,0
2024-01-15 14:00:00,2054.3,2054.43,2051.69,2052.18,0
2024-01-15 15:00:00,2052.16,2053.85,2049.28,2053.26,0
2024-01-15 16:00:00,2053.27,2054.95,2053.24,2054.04,0
2024-01-15 17:00:00,2054.03,2056.35,2053.61,2055.41,0
2024-01-15 18:00:00,2055.46,2055.46,2054.33,2054.42,0
2024-01-15 19:00:00,2054.54,2054.97,2053.66,2054.85,0
2024-01-15 23:00:00,2054.63,2055.62,2053.4,2054.02,0
2024-01-16 00:00:00,2054.02,2054.51,2050.8,2051.44,0
2024-01-16 01:00:00,2051.45,2053.31,2050.02,2050.89,0
2024-01-16 02:00:00,2050.9,2051.52,2049.76,2050.64,0
2024-01-16 03:00:00,2050.64,2051.69,2048.42,2049.55,0
2024-01-16 04:00:00,2049.54,2050.05,2048.99,2049.45,0
2024-01-16 05:00:00,2049.48,2049.52,2047.56,2048.66,0
2024-01-16 06:00:00,2048.62,2050.57,2047.36,2050.47,0
2024-01-16 07:00:00,2050.46,2050.92,2048.12,2049.47,0
2024-01-16 08:00:00,2049.46,2050.15,2042.18,2043.12,0
2024-01-16 09:00:00,2043.1,2043.9,2038.71,2041.28,0
2024-01-16 10:00:00,2041.26,2042.44,2039.28,2040.97,0
2024-01-16 11:00:00,2040.96,2041.12,2038.28,2039.91,0
2024-01-16 12:00:00,2039.87,2040.04,2035.64,2038.5,0
2024-01-16 13:00:00,2038.5,2044.91,2031.41,2037.64,0
2024-01-16 14:00:00,2037.61,2042.56,2036.97,2038.24,0
2024-01-16 15:00:00,2038.26,2042.04,2037.41,2041.18,0
2024-01-16 16:00:00,2041.18,2041.33,2032.54,2033.47,0
2024-01-16 17:00:00,2033.46,2033.77,2024.98,2025.32,0
2024-01-16 18:00:00,2025.32,2028.93,2024.28,2025.15,0
2024-01-16 19:00:00,2025.24,2030.18,2025.0,2029.31,0
2024-01-16 20:00:00,2029.33,2029.81,2027.85,2028.28,0
2024-01-16 21:00:00,2028.31,2028.52,2027.2,2028.22,0
2024-01-16 23:00:00,2028.23,2028.35,2025.96,2028.15,0
2024-01-17 00:00:00,2028.2,2028.89,2025.66,2028.48,0
2024-01-17 01:00:00,2028.49,2030.83,2026.71,2030.3,0
2024-01-17 02:00:00,2030.29,2032.96,2027.01,2028.92,0
2024-01-17 03:00:00,2028.91,2029.13,2023.46,2024.09,0
2024-01-17 04:00:00,2024.04,2025.88,2023.37,2025.47,0
2024-01-17 05:00:00,2025.46,2025.51,2019.36,2020.68,0
2024-01-17 06:00:00,2020.68,2020.8,2017.66,2019.26,0
2024-01-17 07:00:00,2019.31,2026.18,2017.9,2025.82,0
2024-01-17 08:00:00,2025.78,2026.6,2021.3,2021.5,0
2024-01-17 09:00:00,2021.46,2024.27,2019.05,2023.92,0
2024-01-17 10:00:00,2023.69,2028.34,2022.82,2026.1,0
2024-01-17 11:00:00,2026.1,2026.74,2023.75,2023.92,0
2024-01-17 12:00:00,2023.97,2029.04,2023.76,2028.36,0
2024-01-17 13:00:00,2028.5,2028.68,2019.11,2022.44,0
2024-01-17 14:00:00,2022.45,2023.1,2011.46,2012.2,0
2024-01-17 15:00:00,2012.1,2014.07,2006.2,2008.91,0
2024-01-17 16:00:00,2008.82,2011.99,2004.37,2005.48,0
2024-01-17 17:00:00,2005.53,2008.02,2003.44,2007.06,0
2024-01-17 18:00:00,2007.09,2007.23,2001.91,2004.81,0
2024-01-17 19:00:00,2004.88,2006.9,2004.42,2005.52,0
2024-01-17 20:00:00,2005.6,2006.89,2004.82,2006.1,0
2024-01-17 21:00:00,2006.14,2006.35,2005.32,2006.11,0
2024-01-17 23:00:00,2005.8,2009.91,2005.62,2009.6,0
2024-01-18 00:00:00,2009.64,2010.89,2008.3,2010.82,0
2024-01-18 01:00:00,2010.83,2012.17,2009.38,2011.68,0
2024-01-18 02:00:00,2011.7,2011.92,2009.91,2009.91,0
2024-01-18 04:00:00,2008.67,2008.69,2008.14,2008.16,0
2024-01-18 05:00:00,2008.15,2009.46,2005.85,2009.28,0
2024-01-18 06:00:00,2009.3,2013.06,2008.9,2012.74,0
2024-01-18 07:00:00,2012.6,2014.13,2011.1,2012.34,0
2024-01-18 08:00:00,2012.32,2012.38,2009.6,2009.72,0
2024-01-18 09:00:00,2009.58,2012.97,2008.18,2010.16,0
2024-01-18 10:00:00,2010.22,2012.22,2009.23,2011.63,0
2024-01-18 11:00:00,2011.62,2013.49,2010.78,2012.61,1278
2024-01-18 12:00:00,2012.62,2017.27,2012.62,2014.98,4359
2024-01-18 13:00:00,2014.89,2014.89,2007.81,2009.12,7423
2024-01-18 14:00:00,2009.14,2013.65,2009.13,2012.87,7827
2024-01-18 15:00:00,2012.95,2015.69,2011.71,2013.64,6615
2024-01-18 16:00:00,2013.65,2017.73,2013.14,2014.94,5353
2024-01-18 17:00:00,2014.95,2016.41,2013.25,2016.4,4066
2024-01-18 18:00:00,2016.42,2021.13,2015.57,2020.59,4421
2024-01-18 19:00:00,2020.46,2020.65,2018.37,2019.84,3028
2024-01-18 20:00:00,2019.85,2022.67,2019.85,2022.26,2714
2024-01-18 21:00:00,2022.3,2023.27,2021.88,2022.93,912
2024-01-18 23:00:00,2024.69,2024.69,2021.21,2023.79,2566
2024-01-19 00:00:00,2023.8,2024.31,2022.64,2023.2,2105
2024-01-19 01:00:00,2023.18,2025.59,2022.13,2024.09,3881
2024-01-19 02:00:00,2024.02,2025.12,2022.64,2024.12,2893
2024-01-19 03:00:00,2024.14,2024.29,2022.04,2022.96,1493
2024-01-19 04:00:00,2022.94,2022.96,2020.76,2021.1,1341
2024-01-19 05:00:00,2021.1,2021.93,2020.44,2021.7,1890
2024-01-19 06:00:00,2021.65,2024.25,2020.84,2023.82,2760
2024-01-19 07:00:00,2023.89,2029.68,2023.69,2028.01,3824
2024-01-19 08:00:00,2027.92,2030.13,2026.23,2029.72,3465
2024-01-19 09:00:00,2029.69,2030.86,2027.62,2029.79,3058
2024-01-19 10:00:00,2029.8,2030.95,2028.95,2030.4,2470
2024-01-19 11:00:00,2030.52,2031.98,2028.76,2031.67,2553
2024-01-19 12:00:00,2031.64,2035.16,2031.64,2032.86,3479
2024-01-19 13:00:00,2032.88,2039.2,2032.62,2035.32,6938
2024-01-19 14:00:00,2035.33,2035.74,2026.48,2029.64,6723
2024-01-19 15:00:00,2031.69,2031.69,2023.27,2027.8,8887
2024-01-19 16:00:00,2027.89,2029.58,2023.32,2024.93,5583
2024-01-19 17:00:00,2024.93,2029.06,2024.44,2029.05,4582
2024-01-19 18:00:00,2029.06,2029.43,2026.47,2027.94,3495
2024-01-19 19:00:00,2027.93,2029.45,2027.59,2029.18,2700
2024-01-19 20:00:00,2029.17,2029.54,2027.8,2028.35,2539
2024-01-19 21:00:00,2028.4,2029.98,2028.24,2029.33,913
2024-01-21 23:00:00,2029.62,2029.84,2027.02,2027.62,1712
2024-01-22 00:00:00,2027.69,2029.26,2025.49,2029.07,2399
2024-01-22 01:00:00,2029.14,2032.16,2028.74,2029.14,3587
2024-01-22 02:00:00,2029.24,2030.06,2028.41,2029.86,1983
2024-01-22 03:00:00,2029.84,2029.88,2026.03,2027.02,2170
2024-01-22 04:00:00,2027.08,2027.19,2024.69,2025.46,1796
2024-01-22 05:00:00,2025.43,2025.53,2021.89,2023.25,3850
2024-01-22 06:00:00,2023.26,2024.44,2020.06,2020.91,3935
2024-01-22 07:00:00,2020.9,2024.32,2019.14,2021.83,4040
2024-01-22 08:00:00,2021.69,2026.24,2020.42,2022.24,4230
2024-01-22 09:00:00,2021.99,2023.95,2020.56,2021.72,3070
2024-01-22 10:00:00,2021.67,2024.54,2021.09,2022.82,2719
2024-01-22 11:00:00,2022.82,2026.59,2022.27,2026.15,3262
2024-01-22 12:00:00,2026.13,2029.1,2025.21,2027.83,2847
2024-01-22 20:00:00,2020.14,2021.04,2019.99,2020.86,691
2024-01-22 21:00:00,2020.9,2021.67,2020.27,2021.62,764
2024-01-22 23:00:00,2022.03,2022.03,2020.51,2020.72,970
2024-01-23 00:00:00,2020.78,2023.14,2020.77,2022.81,1536
2024-01-23 01:00:00,2022.8,2022.94,2019.65,2021.73,3516
2024-01-23 02:00:00,2021.75,2024.22,2020.78,2022.69,3530
2024-01-23 03:00:00,2022.72,2027.94,2021.79,2027.51,3737
2024-01-23 04:00:00,2027.41,2027.94,2026.77,2027.66,2226
2024-01-23 05:00:00,2027.64,2031.72,2027.27,2030.84,3692
2024-01-23 06:00:00,2030.88,2035.92,2029.16,2035.16,4083
2024-01-23 07:00:00,2035.3,2037.82,2027.8,2031.67,5131
2024-01-23 08:00:00,2031.74,2031.76,2027.74,2028.98,4246
2024-01-23 09:00:00,2028.97,2030.58,2027.11,2028.8,3379
2024-01-23 10:00:00,2028.62,2028.62,2024.8,2025.14,3330
2024-01-23 11:00:00,2025.1,2026.2,2022.4,2023.96,3489
2024-01-23 12:00:00,2023.95,2026.98,2023.3,2025.72,3728
2024-01-23 13:00:00,2025.93,2030.37,2023.35,2024.99,5745
2024-01-23 14:00:00,2024.97,2026.16,2021.42,2023.22,6804
2024-01-23 15:00:00,2023.23,2026.78,2022.98,2025.16,6801
2024-01-23 16:00:00,2025.15,2027.77,2023.34,2025.78,4807
2024-01-23 17:00:00,2025.8,2026.11,2022.67,2024.28,3424
2024-01-23 18:00:00,2024.3,2025.82,2023.05,2025.33,3013
2024-01-23 19:00:00,2025.34,2030.68,2024.83,2029.91,3073
2024-01-23 20:00:00,2029.93,2030.27,2028.18,2028.66,2110
2024-01-23 21:00:00,2028.67,2029.25,2027.93,2029.23,797
2024-01-23 23:00:00,2029.1,2029.68,2027.38,2029.34,1794
2024-01-24 00:00:00,2029.32,2029.35,2026.98,2027.46,1865
2024-01-24 01:00:00,2027.38,2029.0,2026.45,2027.3,3358
2024-01-24 02:00:00,2027.28,2027.58,2023.99,2024.19,2200
2024-01-24 03:00:00,2024.19,2025.72,2023.77,2024.86,2259
2024-01-24 04:00:00,2024.81,2025.77,2024.09,2024.52,1473
2024-01-24 05:00:00,2024.5,2025.68,2022.88,2024.51,2433
2024-01-24 06:00:00,2024.48,2027.92,2023.66,2026.04,2661
2024-01-24 07:00:00,2026.02,2031.58,2025.83,2029.57,3849
2024-01-24 08:00:00,2029.69,2032.26,2028.24,2030.98,5393
2024-01-24 09:00:00,2030.78,2034.12,2029.98,2030.9,4373
2024-01-24 10:00:00,2030.86,2033.04,2029.34,2032.82,2712
2024-01-24 11:00:00,2032.88,2034.26,2030.91,2033.42,2639
2024-01-24 12:00:00,2033.45,2034.46,2031.68,2032.74,3701
2024-01-24 13:00:00,2032.74,2036.66,2031.4,2034.03,7573
2024-01-24 14:00:00,2034.04,2034.74,2023.31,2024.75,8240
2024-01-24 15:00:00,2024.75,2025.41,2014.96,2015.29,8738
2024-01-24 16:00:00,2015.31,2016.28,2011.94,2015.32,6023
2024-01-24 17:00:00,2015.33,2019.8,2015.29,2019.26,4235
2024-01-24 18:00:00,2019.3,2019.78,2013.45,2015.1,4337
2024-01-24 19:00:00,2015.06,2015.34,2011.22,2012.21,2899
2024-01-24 20:00:00,2012.17,2013.84,2011.82,2012.32,2195
2024-01-24 21:00:00,2012.26,2014.66,2012.16,2013.5,859
2024-01-24 23:00:00,2014.98,2017.68,2014.58,2016.4,2162
2024-01-25 00:00:00,2016.44,2016.76,2014.92,2015.46,2353
2024-01-25 01:00:00,2015.39,2017.34,2014.55,2016.42,3915
2024-01-25 02:00:00,2016.43,2017.0,2014.63,2015.23,2661
2024-01-25 03:00:00,2015.3,2016.9,2015.12,2015.86,1948
2024-01-25 04:00:00,2015.72,2016.44,2014.88,2015.79,1446
2024-01-25 05:00:00,2015.78,2016.59,2014.8,2015.6,1791
2024-01-25 06:00:00,2015.6,2016.6,2014.48,2015.82,2285
2024-01-25 07:00:00,2015.83,2018.28,2013.6,2015.9,2976
2024-01-25 08:00:00,2015.88,2016.05,2012.68,2013.9,3859
2024-01-25 09:00:00,2013.89,2017.95,2012.8,2017.91,3189
2024-01-25 10:00:00,2017.93,2019.5,2017.15,2019.21,2712
2024-01-25 11:00:00,2019.21,2019.57,2016.56,2017.55,2480
2024-01-25 12:00:00,2017.68,2017.69,2013.46,2013.77,3027
2024-01-25 13:00:00,2013.64,2022.98,2009.69,2019.35,8519
2024-01-25 14:00:00,2019.39,2025.3,2018.36,2023.62,8825
2024-01-25 15:00:00,2023.67,2024.74,2016.84,2020.33,7754
2024-01-25 16:00:00,2020.34,2021.64,2013.84,2014.61,5111
2024-01-25 17:00:00,2014.63,2016.57,2012.57,2014.99,4256
2024-01-25 18:00:00,2015.01,2018.62,2014.06,2014.26,4203
2024-01-25 19:00:00,2014.25,2018.38,2013.43,2017.79,2652
2024-01-25 20:00:00,2017.79,2020.3,2016.89,2020.12,2074
2024-01-25 21:00:00,2020.08,2020.9,2018.92,2020.7,847
2024-01-25 23:00:00,2020.66,2022.06,2019.7,2020.67,0
2024-01-26 00:00:00,2020.73,2021.76,2019.38,2021.22,0
2024-01-26 01:00:00,2021.31,2024.24,2021.09,2021.93,0
2024-01-26 02:00:00,2021.91,2023.9,2021.8,2022.02,0
2024-01-26 03:00:00,2022.03,2023.02,2021.42,2021.92,0
2024-01-26 04:00:00,2021.9,2022.43,2021.15,2021.24,0
2024-01-26 05:00:00,2021.19,2023.54,2021.07,2023.14,0
2024-01-26 06:00:00,2023.14,2023.48,2021.6,2021.62,0
2024-01-26 07:00:00,2021.63,2022.86,2019.83,2021.41,0
2024-01-26 08:00:00,2021.33,2022.22,2020.26,2020.5,0
2024-01-26 09:00:00,2020.54,2022.39,2018.23,2020.79,0
2024-01-26 10:00:00,2020.8,2023.88,2020.8,2023.53,0
2024-01-26 11:00:00,2023.58,2024.72,2022.38,2023.46,0
2024-01-26 12:00:00,2023.43,2024.43,2020.16,2021.36,0
2024-01-26 13:00:00,2021.37,2026.65,2018.73,2024.68,0
2024-01-26 14:00:00,2024.66,2026.12,2019.12,2020.32,0
2024-01-26 15:00:00,2020.02,2020.02,2016.19,2017.05,0
2024-01-26 16:00:00,2016.86,2019.43,2015.96,2018.24,0
2024-01-26 17:00:00,2018.17,2018.88,2016.52,2016.69,0
2024-01-26 18:00:00,2016.61,2018.25,2016.08,2017.33,0
2024-01-26 19:00:00,2017.31,2017.95,2016.15,2017.02,0
2024-01-26 20:00:00,2017.04,2019.33,2016.48,2018.58,0
2024-01-26 21:00:00,2018.54,2019.23,2018.0,2018.49,0
2024-01-28 23:00:00,2023.45,2028.7,2021.3,2021.92,0
2024-01-29 00:00:00,2022.0,2022.13,2019.33,2021.65,0
2024-01-29 01:00:00,2021.61,2025.51,2021.16,2023.28,0
2024-01-29 02:00:00,2023.31,2025.53,2021.56,2025.47,0
2024-01-29 03:00:00,2025.49,2026.38,2024.23,2025.68,0
2024-01-29 04:00:00,2025.68,2027.62,2025.52,2026.32,0
2024-01-29 05:00:00,2026.35,2026.9,2024.74,2025.53,0
2024-01-29 06:00:00,2025.52,2029.02,2024.86,2028.83,0
2024-01-29 07:00:00,2028.84,2033.84,2028.77,2031.36,0
2024-01-29 08:00:00,2031.26,2033.64,2030.96,2031.62,0
2024-01-29 09:00:00,2031.62,2031.96,2027.9,2028.34,0
2024-01-29 10:00:00,2028.32,2028.61,2025.6,2027.51,0
2024-01-29 11:00:00,2027.48,2028.39,2025.53,2028.23,0
2024-01-29 12:00:00,2028.21,2030.36,2028.18,2028.46,0
2024-01-29 13:00:00,2028.56,2037.58,2027.78,2036.87,0
2024-01-29 14:00:00,2036.87,2037.28,2021.65,2024.8,0
2024-01-29 15:00:00,2024.71,2026.28,2020.6,2025.49,0
2024-01-29 16:00:00,2025.48,2027.96,2024.09,2027.12,0
2024-01-29 17:00:00,2027.12,2031.1,2026.6,2029.36,0
2024-01-29 18:00:00,2029.36,2029.74,2025.13,2025.85,0
2024-01-29 19:00:00,2025.87,2027.96,2025.16,2026.99,0
2024-01-29 20:00:00,2027.32,2035.21,2027.08,2032.65,0
2024-01-29 21:00:00,2032.56,2032.71,2030.96,2032.7,0
2024-01-29 23:00:00,2032.89,2033.36,2029.33,2031.12,1160
2024-01-30 00:00:00,2031.16,2034.12,2030.92,2033.64,1772
2024-01-30 01:00:00,2033.62,2034.01,2030.56,2031.15,2801
2024-01-30 02:00:00,2031.14,2032.51,2029.84,2032.04,1922
2024-01-30 03:00:00,2031.99,2032.6,2031.42,2032.16,1349
2024-01-30 04:00:00,2032.14,2033.06,2031.26,2031.86,1002
2024-01-30 05:00:00,2031.75,2033.4,2031.6,2032.22,1886
2024-01-30 06:00:00,2032.24,2035.98,2032.14,2034.52,2441
2024-01-30 07:00:00,2034.54,2040.36,2034.12,2037.96,3299
2024-01-30 08:00:00,2037.95,2039.44,2037.0,2038.3,3550
2024-01-30 09:00:00,2038.36,2038.7,2035.05,2035.77,0
2024-01-30 10:00:00,2035.79,2037.35,2035.08,2035.63,0
2024-01-30 11:00:00,2035.57,2036.18,2031.48,2034.44,0
2024-01-30 12:00:00,2034.42,2036.41,2033.66,2036.04,0
2024-01-30 13:00:00,2036.06,2037.97,2033.3,2037.85,0
2024-01-30 14:00:00,2037.79,2048.62,2037.37,2046.63,0
2024-01-30 15:00:00,2046.63,2048.27,2029.09,2032.68,0
2024-01-30 16:00:00,2032.76,2036.14,2031.82,2035.94,0
2024-01-30 17:00:00,2035.94,2036.19,2033.14,2034.07,0
2024-01-30 18:00:00,2034.0,2034.0,2031.54,2032.83,0
2024-01-30 19:00:00,2032.82,2037.06,2032.36,2036.1,0
2024-01-30 20:00:00,2036.1,2036.69,2035.39,2036.01,0
2024-01-30 21:00:00,2036.02,2036.88,2035.86,2036.87,0
2024-01-30 23:00:00,2036.9,2037.26,2035.73,2036.48,0
2024-01-31 00:00:00,2036.49,2038.65,2035.86,2036.18,0
2024-01-31 01:00:00,2036.18,2037.21,2034.57,2034.68,0
2024-01-31 02:00:00,2034.66,2034.93,2032.91,2033.74,0
2024-01-31 03:00:00,2033.6,2034.26,2033.11,2033.94,0
2024-01-31 04:00:00,2033.92,2034.83,2033.26,2034.62,0
2024-01-31 05:00:00,2034.62,2035.21,2033.36,2035.12,0
2024-01-31 06:00:00,2035.22,2035.84,2033.64,2034.38,0
2024-01-31 07:00:00,2034.32,2038.6,2033.96,2036.6,0
2024-01-31 08:00:00,2036.62,2040.44,2036.18,2039.11,0
2024-01-31 09:00:00,2039.1,2039.88,2037.99,2038.28,0
2024-01-31 10:00:00,2038.28,2038.59,2036.57,2036.95,0
2024-01-31 11:00:00,2036.98,2038.97,2036.89,2037.33,0
2024-01-31 12:00:00,2037.35,2039.62,2037.13,2038.46,0
2024-01-31 13:00:00,2038.52,2043.21,2036.05,2041.99,0
2024-01-31 14:00:00,2041.99,2055.3,2040.76,2051.62,0
2024-01-31 15:00:00,2051.58,2056.02,2050.5,2052.33,0
2024-01-31 16:00:00,2052.32,2053.73,2047.5,2050.02,0
2024-01-31 17:00:00,2049.93,2051.08,2049.33,2049.64,0
2024-01-31 18:00:00,2049.56,2049.8,2045.74,2046.35,0
2024-01-31 19:00:00,2046.17,2050.8,2039.44,2044.84,0
2024-01-31 20:00:00,2044.98,2045.9,2030.89,2034.88,0
2024-01-31 21:00:00,2034.79,2040.2,2033.38,2039.2,0
2024-01-31 23:00:00,2039.99,2041.38,2038.84,2039.97,0
2024-02-01 00:00:00,2040.02,2042.65,2039.25,2040.72,0
2024-02-01 01:00:00,2040.75,2041.14,2040.07,2040.57,0
2024-02-01 02:00:00,2046.99,2047.53,2046.93,2047.03,0
2024-02-01 03:00:00,2047.03,2048.53,2045.6,2046.33,0
2024-02-01 04:00:00,2046.38,2046.63,2045.04,2045.78,0
2024-02-01 05:00:00,2045.68,2046.31,2044.37,2044.57,0
2024-02-01 06:00:00,2044.56,2044.94,2042.41,2043.59,0
2024-02-01 07:00:00,2043.55,2044.18,2041.18,2042.94,0
2024-02-01 08:00:00,2042.94,2042.94,2039.03,2041.96,0
2024-02-01 09:00:00,2041.97,2042.83,2040.34,2041.12,0
2024-02-01 10:00:00,2041.05,2041.23,2030.96,2031.9,0
2024-02-01 11:00:00,2031.92,2034.44,2030.08,2033.48,0
2024-02-01 12:00:00,2033.46,2034.52,2030.2,2034.24,0
2024-02-01 13:00:00,2034.28,2042.16,2030.86,2040.09,0
2024-02-01 14:00:00,2040.12,2050.87,2040.05,2046.11,0
2024-02-01 15:00:00,2041.29,2053.0,2040.6,2051.94,0
2024-02-01 16:00:00,2051.96,2065.41,2051.8,2059.3,0
2024-02-01 17:00:00,2059.36,2062.41,2051.3,2054.48,0
2024-02-01 18:00:00,2054.42,2058.74,2052.15,2055.7,0
2024-02-01 19:00:00,2055.66,2058.15,2054.16,2054.74,0
2024-02-01 20:00:00,2054.84,2055.74,2053.5,2055.57,0
2024-02-01 21:00:00,2055.38,2055.42,2053.91,2054.98,0
2024-02-01 23:00:00,2054.63,2056.32,2054.42,2054.91,0
2024-02-02 00:00:00,2054.91,2056.85,2054.58,2055.02,0
2024-02-02 01:00:00,2055.01,2056.1,2052.94,2054.74,0
2024-02-02 02:00:00,2054.76,2055.41,2052.02,2053.88,0
2024-02-02 03:00:00,2053.82,2055.01,2053.66,2054.67,0
2024-02-02 04:00:00,2054.65,2055.93,2054.12,2055.14,0
2024-02-02 05:00:00,2055.03,2056.58,2054.46,2055.54,0
2024-02-02 06:00:00,2055.58,2056.9,2054.16,2055.42,0
2024-02-02 07:00:00,2055.52,2056.95,2054.8,2055.04,0
2024-02-02 08:00:00,2055.05,2056.83,2053.7,2054.07,0
2024-02-02 09:00:00,2054.08,2055.0,2052.69,2053.05,0
2024-02-02 10:00:00,2053.04,2055.66,2052.94,2054.71,0
2024-02-02 11:00:00,2054.7,2056.16,2053.73,2056.12,0
2024-02-02 12:00:00,2056.14,2056.19,2053.81,2055.25,0
2024-02-02 13:00:00,2055.34,2057.63,2029.58,2031.78,0
2024-02-02 14:00:00,2031.76,2036.15,2027.87,2035.46,0
2024-02-02 15:00:00,2034.68,2035.65,2028.58,2035.01,0
2024-02-02 16:00:00,2035.01,2037.54,2033.15,2036.31,0
2024-02-02 17:00:00,2036.31,2037.06,2033.94,2035.29,0
2024-02-02 18:00:00,2035.26,2038.76,2034.46,2037.41,0
2024-02-02 19:00:00,2037.46,2038.59,2036.44,2038.18,0
2024-02-02 20:00:00,2038.21,2038.46,2036.04,2036.05,0
2024-02-02 21:00:00,2036.11,2039.77,2036.11,2039.57,0
2024-02-04 23:00:00,2039.68,2042.29,2039.01,2039.26,0
2024-02-05 00:00:00,2039.31,2039.86,2033.67,2035.71,0
2024-02-05 01:00:00,2035.68,2038.24,2034.55,2038.05,0
2024-02-05 02:00:00,2037.94,2038.65,2037.93,2038.59,0
2024-02-05 04:00:00,2032.68,2032.68,2031.62,2031.96,0
2024-02-05 05:00:00,2031.85,2032.09,2028.96,2029.79,0
2024-02-05 06:00:00,2029.8,2031.24,2026.77,2030.86,0
2024-02-05 07:00:00,2030.87,2031.5,2026.88,2027.58,0
2024-02-05 08:00:00,2027.58,2027.69,2021.52,2023.47,0
2024-02-05 09:00:00,2023.46,2024.26,2020.66,2022.72,0
2024-02-05 10:00:00,2022.72,2025.3,2022.35,2024.51,0
2024-02-05 11:00:00,2024.51,2028.36,2024.17,2027.65,0
2024-02-05 12:00:00,2027.77,2028.1,2022.68,2022.68,0
2024-02-05 13:00:00,2022.72,2022.73,2015.0,2016.0,0
2024-02-05 14:00:00,2016.02,2023.78,2014.92,2023.63,0
2024-02-05 15:00:00,2023.42,2023.42,2015.57,2017.88,0
2024-02-05 16:00:00,2017.84,2022.5,2017.8,2022.24,0
2024-02-05 17:00:00,2022.3,2026.46,2021.38,2025.69,0
2024-02-05 18:00:00,2025.71,2027.07,2025.39,2025.96,0
2024-02-05 19:00:00,2025.97,2027.54,2025.12,2026.02,0
2024-02-05 20:00:00,2025.97,2026.4,2024.04,2024.98,0
2024-02-05 21:00:00,2024.98,2025.14,2024.15,2025.04,0
2024-02-05 23:00:00,2024.95,2025.56,2023.76,2025.21,0
2024-02-06 00:00:00,2025.18,2027.68,2025.09,2026.92,0
2024-02-06 01:00:00,2026.96,2028.62,2026.56,2027.22,0
2024-02-06 02:00:00,2027.21,2027.38,2026.68,2027.06,0
2024-02-06 04:00:00,2025.4,2026.46,2025.09,2026.38,0
2024-02-06 05:00:00,2026.43,2029.83,2025.88,2029.53,0
2024-02-06 06:00:00,2029.52,2029.64,2026.22,2026.68,0
2024-02-06 07:00:00,2026.75,2029.0,2026.25,2026.36,0
2024-02-06 08:00:00,2026.31,2026.72,2023.46,2023.9,0
2024-02-06 09:00:00,2023.86,2025.43,2022.92,2023.61,0
2024-02-06 10:00:00,2023.61,2026.32,2023.42,2023.97,0
2024-02-06 11:00:00,2024.02,2027.52,2022.94,2026.79,0
2024-02-06 12:00:00,2026.74,2027.92,2024.52,2027.79,0
2024-02-06 13:00:00,2027.73,2030.94,2026.26,2029.28,0
2024-02-06 14:00:00,2029.15,2033.1,2026.9,2030.63,0
2024-02-06 15:00:00,2030.62,2038.12,2029.64,2036.37,0
2024-02-06 16:00:00,2036.28,2038.9,2035.21,2036.6,0
2024-02-06 17:00:00,2036.48,2038.39,2032.1,2037.04,0
2024-02-06 18:00:00,2036.95,2038.23,2033.87,2036.6,0
2024-02-06 19:00:00,2036.61,2036.86,2035.04,2036.0,0
2024-02-06 20:00:00,2036.1,2037.04,2035.18,2035.74,0
2024-02-06 21:00:00,2035.72,2036.15,2035.02,2035.86,0
2024-02-06 23:00:00,2035.96,2036.34,2034.57,2035.3,0
2024-02-07 00:00:00,2035.29,2036.15,2034.44,2035.05,0
2024-02-07 01:00:00,2035.09,2035.82,2034.28,2035.06,0
2024-02-07 02:00:00,2035.04,2035.62,2034.13,2034.5,0
2024-02-07 03:00:00,2034.49,2035.47,2034.09,2034.49,0
2024-02-07 04:00:00,2034.48,2035.47,2034.21,2035.28,0
2024-02-07 05:00:00,2035.28,2035.52,2033.29,2033.4,0
2024-02-07 06:00:00,2033.34,2034.29,2032.45,2033.55,0
2024-02-07 07:00:00,2033.55,2036.19,2033.28,2035.23,0
2024-02-07 08:00:00,2035.24,2035.34,2031.24,2032.94,0
2024-02-07 09:00:00,2033.0,2034.99,2032.42,2034.41,0
2024-02-07 10:00:00,2034.41,2034.43,2032.7,2033.26,0
2024-02-07 11:00:00,2033.18,2035.82,2032.81,2034.15,0
2024-02-07 12:00:00,2034.15,2034.27,2030.63,2033.53,0
2024-02-07 13:00:00,2033.54,2036.69,2032.39,2036.17,0
2024-02-07 14:00:00,2036.2,2044.6,2032.72,2042.5,0
2024-02-07 15:00:00,2042.53,2043.27,2035.41,2038.37,0
2024-02-07 16:00:00,2038.29,2040.95,2037.64,2038.43,0
2024-02-07 17:00:00,2038.45,2038.49,2034.04,2035.64,0
2024-02-07 18:00:00,2035.66,2037.28,2034.03,2034.9,0
2024-02-07 19:00:00,2034.91,2035.86,2034.26,2035.64,0
2024-02-07 20:00:00,2035.63,2035.86,2034.41,2034.73,0
2024-02-07 21:00:00,2034.74,2035.0,2033.74,2035.0,0
2024-02-07 23:00:00,2035.24,2036.62,2034.62,2036.52,0
2024-02-08 00:00:00,2036.46,2037.78,2036.37,2037.29,0
2024-02-08 01:00:00,2037.33,2038.18,2036.69,2037.26,0
2024-02-08 02:00:00,2037.27,2037.85,2037.14,2037.8,0
2024-02-08 04:00:00,2032.98,2033.22,2031.71,2032.26,0
2024-02-08 05:00:00,2032.15,2033.83,2031.45,2033.55,0
2024-02-08 06:00:00,2033.65,2034.23,2032.35,2033.31,0
2024-02-08 07:00:00,2033.28,2035.1,2031.66,2032.91,0
2024-02-08 08:00:00,2032.94,2033.38,2028.93,2030.86,0
2024-02-08 09:00:00,2030.86,2035.98,2029.85,2035.35,0
2024-02-08 10:00:00,2035.53,2038.48,2034.75,2036.11,0
2024-02-08 11:00:00,2036.13,2036.31,2027.88,2029.08,0
2024-02-08 12:00:00,2029.14,2029.14,2023.74,2025.03,0
2024-02-08 13:00:00,2025.0,2026.4,2020.92,2021.08,0
2024-02-08 14:00:00,2021.12,2033.96,2020.2,2028.34,0
2024-02-08 15:00:00,2028.41,2033.2,2027.62,2031.96,0
2024-02-08 16:00:00,2031.96,2032.26,2027.72,2031.94,0
2024-02-08 17:00:00,2031.96,2033.17,2030.33,2031.76,0
2024-02-08 18:00:00,2031.73,2035.36,2031.16,2032.06,0
2024-02-08 19:00:00,2032.14,2033.52,2031.42,2032.6,0
2024-02-08 20:00:00,2032.64,2033.79,2032.62,2033.02,0
2024-02-08 21:00:00,2033.07,2034.4,2033.07,2034.33,0
2024-02-08 23:00:00,2034.3,2035.09,2033.92,2034.28,0
2024-02-09 00:00:00,2034.16,2034.45,2032.0,2032.1,0
2024-02-09 01:00:00,2032.1,2035.1,2032.1,2034.24,0
2024-02-09 02:00:00,2034.29,2035.14,2034.04,2034.38,0
2024-02-09 03:00:00,2034.41,2034.82,2032.97,2033.58,0
2024-02-09 04:00:00,2033.66,2033.82,2032.37,2032.78,0
2024-02-09 05:00:00,2032.76,2034.05,2032.22,2032.92,0
2024-02-09 06:00:00,2032.98,2034.43,2032.3,2033.88,0
2024-02-09 07:00:00,2033.9,2034.99,2032.9,2033.6,0
2024-02-09 08:00:00,2033.64,2034.14,2030.52,2032.4,0
2024-02-09 09:00:00,2032.42,2033.6,2031.14,2031.6,0
2024-02-09 10:00:00,2031.6,2033.14,2030.99,2032.82,0
2024-02-09 11:00:00,2032.85,2033.57,2031.5,2031.54,0
2024-02-09 12:00:00,2031.54,2032.21,2028.56,2028.81,0
2024-02-09 13:00:00,2028.81,2037.25,2025.66,2027.05,0
2024-02-09 14:00:00,2027.06,2030.62,2023.11,2025.29,0
2024-02-09 15:00:00,2025.29,2027.23,2021.93,2022.52,0
2024-02-09 16:00:00,2022.54,2023.88,2020.32,2021.64,0
2024-02-09 17:00:00,2021.59,2024.76,2021.29,2024.68,0
2024-02-09 18:00:00,2024.7,2026.37,2022.85,2023.78,0
2024-02-09 19:00:00,2023.73,2026.19,2023.43,2024.82,0
2024-02-09 20:00:00,2024.82,2026.31,2023.87,2025.15,0
2024-02-09 21:00:00,2025.03,2025.61,2023.95,2024.26,0
2024-02-11 23:00:00,2023.25,2026.89,2023.25,2025.46,0
2024-02-12 00:00:00,2025.48,2026.0,2025.01,2025.19,0
2024-02-12 01:00:00,2025.23,2026.64,2023.55,2023.56,0
2024-02-12 02:00:00,2023.52,2023.93,2022.26,2022.48,0
2024-02-12 03:00:00,2022.45,2023.16,2021.92,2022.94,0
2024-02-12 04:00:00,2022.92,2024.19,2022.63,2023.2,0
2024-02-12 05:00:00,2023.22,2024.07,2022.98,2023.88,0
2024-02-12 06:00:00,2023.88,2024.72,2023.6,2024.29,0
2024-02-12 07:00:00,2024.21,2026.45,2023.08,2025.6,0
2024-02-12 08:00:00,2025.59,2027.26,2023.64,2023.74,0
2024-02-12 09:00:00,2023.74,2023.85,2020.41,2020.76,0
2024-02-12 10:00:00,2020.74,2021.26,2020.05,2020.97,0
2024-02-12 11:00:00,2020.99,2022.6,2020.29,2021.72,0
2024-02-12 12:00:00,2021.7,2022.38,2020.58,2021.4,0
2024-02-12 13:00:00,2021.46,2027.55,2018.6,2019.12,0
2024-02-12 14:00:00,2019.12,2020.36,2013.26,2015.0,0
2024-02-12 15:00:00,2014.97,2017.04,2012.1,2013.16,0
2024-02-12 16:00:00,2013.24,2016.44,2011.9,2015.97,0
2024-02-12 17:00:00,2015.96,2020.21,2015.65,2019.38,0
2024-02-12 18:00:00,2019.38,2021.61,2017.82,2021.54,0
2024-02-12 19:00:00,2021.51,2021.57,2018.64,2019.21,0
2024-02-12 20:00:00,2019.21,2020.57,2018.86,2020.06,0
2024-02-12 21:00:00,2020.05,2020.56,2019.7,2019.94,0
2024-02-12 23:00:00,2019.69,2020.06,2018.74,2018.95,0
2024-02-13 00:00:00,2018.96,2019.64,2018.33,2019.58,0
2024-02-13 01:00:00,2019.54,2021.26,2019.52,2020.32,0
2024-02-13 02:00:00,2020.35,2020.35,2018.97,2018.99,0
2024-02-13 03:00:00,2018.89,2019.16,2016.92,2018.62,0
2024-02-13 04:00:00,2018.62,2019.61,2018.44,2019.0,0
2024-02-13 05:00:00,2019.04,2021.68,2019.04,2020.82,0
2024-02-13 06:00:00,2020.8,2024.1,2020.72,2023.7,0
2024-02-13 07:00:00,2023.72,2025.78,2023.44,2025.26,0
2024-02-13 08:00:00,2025.31,2026.31,2024.54,2026.16,0
2024-02-13 09:00:00,2026.03,2026.94,2025.18,2026.69,0
2024-02-13 10:00:00,2026.76,2028.05,2026.1,2026.64,0
2024-02-13 11:00:00,2026.65,2029.31,2026.19,2027.72,0
2024-02-13 12:00:00,2027.74,2028.98,2027.46,2028.31,0
2024-02-13 13:00:00,2028.29,2032.57,2003.0,2004.39,0
2024-02-13 14:00:00,2004.4,2005.98,1992.56,1995.66,0
2024-02-13 15:00:00,1995.68,1995.88,1990.19,1992.27,0
2024-02-13 16:00:00,1992.28,1997.84,1991.92,1994.92,0
2024-02-13 17:00:00,1994.92,1996.04,1992.83,1993.72,0
2024-02-13 18:00:00,1993.74,1995.8,1993.21,1993.54,0
2024-02-13 19:00:00,1993.54,1993.84,1991.28,1991.82,0
2024-02-13 20:00:00,1991.83,1993.71,1991.28,1992.64,0
2024-02-13 21:00:00,1992.62,1993.59,1992.28,1992.95,0
2024-02-13 23:00:00,1993.44,1993.53,1990.76,1991.48,0
2024-02-14 00:00:00,1991.45,1993.29,1990.83,1992.69,0
2024-02-14 01:00:00,1992.77,1992.96,1988.96,1992.92,0
2024-02-14 02:00:00,1992.86,1993.0,1992.38,1992.71,0
2024-02-14 04:00:00,1992.47,1992.89,1992.08,1992.42,0
2024-02-14 05:00:00,1992.42,1993.38,1992.2,1992.98,0
2024-02-14 06:00:00,1992.98,1992.98,1990.96,1992.32,0
2024-02-14 07:00:00,1992.26,1993.08,1989.42,1989.49,0
2024-02-14 08:00:00,1989.53,1990.66,1986.12,1988.52,0
2024-02-14 09:00:00,1988.54,1991.58,1988.44,1991.29,0
2024-02-14 10:00:00,1991.26,1993.4,1990.08,1992.86,0
2024-02-14 11:00:00,1992.88,1993.33,1990.66,1992.28,0
2024-02-14 12:00:00,1992.26,1993.22,1989.6,1990.28,0
2024-02-14 13:00:00,1990.3,1993.21,1988.75,1989.17,0
2024-02-14 14:00:00,1989.15,1992.28,1986.22,1987.41,0
2024-02-14 15:00:00,1987.59,1989.03,1984.26,1987.93,0
2024-02-14 16:00:00,1987.98,1993.66,1987.54,1993.2,0
2024-02-14 17:00:00,1993.18,1995.28,1990.76,1994.36,0
2024-02-14 18:00:00,1994.41,1996.13,1991.14,1991.74,0
2024-02-14 19:00:00,1991.72,1992.03,1989.8,1991.8,0
2024-02-14 20:00:00,1991.81,1991.9,1989.65,1991.12,0
2024-02-14 21:00:00,1990.89,1992.92,1990.4,1992.1,0
2024-02-14 23:00:00,1992.15,1993.86,1992.15,1993.78,0
2024-02-15 00:00:00,1993.82,1994.33,1992.64,1993.75,0
2024-02-15 01:00:00,1993.71,1994.4,1992.39,1992.56,0
2024-02-15 02:00:00,1992.5,1993.53,1992.08,1993.14,0
2024-02-15 03:00:00,1993.1,1993.3,1990.3,1990.86,0
2024-02-15 04:00:00,1990.83,1992.2,1990.5,1992.08,0
2024-02-15 05:00:00,1992.08,1992.98,1991.74,1991.94,0
2024-02-15 06:00:00,1992.02,1993.42,1991.59,1993.23,0
2024-02-15 07:00:00,1993.24,1994.66,1992.23,1993.88,0
2024-02-15 08:00:00,1993.86,1996.08,1993.56,1995.23,0
2024-02-15 09:00:00,1995.23,1996.81,1993.86,1996.38,0
2024-02-15 10:00:00,1996.34,1997.98,1995.73,1996.02,0
2024-02-15 11:00:00,1996.02,1998.12,1995.8,1997.54,0
2024-02-15 12:00:00,1997.53,1999.1,1996.42,1997.98,0
2024-02-15 13:00:00,1998.06,2004.24,1995.7,2003.81,0
2024-02-15 14:00:00,2003.81,2008.28,2001.51,2003.85,0
2024-02-15 15:00:00,2003.78,2008.12,1999.84,2000.8,0
2024-02-15 16:00:00,2000.8,2001.56,1998.52,2000.22,0
2024-02-15 17:00:00,2000.27,2004.62,2000.16,2003.71,0
2024-02-15 18:00:00,2003.67,2004.92,2002.79,2004.53,0
2024-02-15 19:00:00,2004.52,2006.44,2003.72,2005.16,0
2024-02-15 20:00:00,2005.17,2005.18,2003.6,2004.4,0
2024-02-15 21:00:00,2004.44,2004.73,2003.88,2004.25,0
2024-02-15 23:00:00,2004.08,2004.87,2003.46,2003.5,0
2024-02-16 00:00:00,2003.59,2003.66,2002.42,2002.64,0
2024-02-16 01:00:00,2002.66,2005.72,2002.46,2005.56,0
2024-02-16 02:00:00,2005.54,2005.65,2004.07,2004.56,0
2024-02-16 03:00:00,2004.56,2004.87,2003.42,2004.34,0
2024-02-16 04:00:00,2004.36,2004.36,2003.27,2003.7,0
2024-02-16 05:00:00,2003.69,2004.79,2003.4,2004.56,0
2024-02-16 06:00:00,2004.53,2004.76,2002.72,2003.76,0
2024-02-16 07:00:00,2003.69,2006.49,2003.46,2005.2,0
2024-02-16 08:00:00,2005.18,2005.7,2003.82,2004.97,0
2024-02-16 09:00:00,2004.95,2006.48,2004.28,2005.06,0
2024-02-16 10:00:00,2005.0,2007.55,2004.68,2007.21,0
2024-02-16 11:00:00,2007.2,2007.86,2006.26,2007.32,0
2024-02-16 12:00:00,2007.32,2008.18,2006.47,2006.93,0
2024-02-16 13:00:00,2006.78,2007.02,1995.11,2001.49,0
2024-02-16 14:00:00,2001.49,2003.34,1995.37,1998.17,0
2024-02-16 15:00:00,1998.02,2011.02,1997.31,2007.94,0
2024-02-16 16:00:00,2008.02,2010.98,2007.23,2009.25,0
2024-02-16 17:00:00,2009.25,2014.4,2008.72,2013.36,0
2024-02-16 18:00:00,2013.36,2015.16,2011.11,2013.9,0
2024-02-16 19:00:00,2013.91,2015.2,2011.76,2012.65,0
2024-02-16 20:00:00,2012.66,2013.15,2011.26,2011.91,0
2024-02-16 21:00:00,2012.0,2013.96,2012.0,2013.18,0
2024-02-18 23:00:00,2014.52,2016.38,2011.31,2013.99,0
2024-02-19 00:00:00,2013.97,2020.12,2013.96,2018.83,0
2024-02-19 01:00:00,2018.83,2020.81,2016.44,2019.84,0
2024-02-19 02:00:00,2019.81,2020.23,2019.42,2019.8,0
2024-02-19 04:00:00,2018.7,2019.2,2018.3,2019.1,0
2024-02-19 05:00:00,2019.07,2021.48,2018.58,2020.8,0
2024-02-19 06:00:00,2020.78,2022.6,2020.48,2021.52,0
2024-02-19 07:00:00,2021.48,2022.98,2019.72,2021.0,0
2024-02-19 08:00:00,2021.15,2021.25,2019.1,2020.14,0
2024-02-19 09:00:00,2020.17,2020.71,2019.28,2020.19,0
2024-02-19 10:00:00,2020.18,2020.56,2018.21,2018.95,0
2024-02-19 11:00:00,2018.95,2019.61,2018.32,2018.37,0
2024-02-19 12:00:00,2018.36,2019.1,2016.03,2016.8,0
2024-02-19 13:00:00,2016.8,2019.29,2016.52,2016.84,0
2024-02-19 14:00:00,2016.91,2017.78,2015.97,2017.38,0
2024-02-19 15:00:00,2017.39,2017.64,2014.85,2014.96,0
2024-02-19 16:00:00,2014.95,2016.65,2013.26,2016.3,0
2024-02-19 17:00:00,2016.33,2018.51,2016.08,2017.32,0
2024-02-19 18:00:00,2017.3,2018.49,2016.92,2017.69,0
2024-02-19 19:00:00,2017.75,2018.42,2017.75,2017.99,0
2024-02-19 23:00:00,2017.96,2018.14,2015.84,2016.28,0
2024-02-20 00:00:00,2016.27,2016.69,2015.05,2016.3,0
2024-02-20 01:00:00,2016.29,2019.26,2015.24,2017.01,0
2024-02-20 02:00:00,2017.0,2018.35,2016.85,2017.57,0
2024-02-20 03:00:00,2017.66,2018.78,2017.05,2018.32,0
2024-02-20 04:00:00,2018.3,2019.77,2018.24,2019.54,0
2024-02-20 05:00:00,2019.55,2019.62,2017.78,2018.53,0
2024-02-20 06:00:00,2018.52,2020.88,2017.78,2019.47,0
2024-02-20 07:00:00,2019.48,2022.89,2018.96,2021.51,0
2024-02-20 08:00:00,2021.42,2022.99,2020.77,2022.85,0
2024-02-20 09:00:00,2022.76,2025.1,2022.56,2024.06,0
2024-02-20 10:00:00,2024.06,2027.62,2023.54,2026.12,0
2024-02-20 11:00:00,2026.15,2027.28,2025.32,2026.86,0
2024-02-20 12:00:00,2026.89,2028.04,2026.27,2026.72,0
2024-02-20 13:00:00,2026.71,2030.81,2026.16,2030.12,0
2024-02-20 14:00:00,2030.04,2030.91,2025.49,2028.17,0
2024-02-20 15:00:00,2028.11,2030.06,2025.83,2027.49,0
2024-02-20 16:00:00,2027.5,2028.3,2026.06,2026.96,0
2024-02-20 17:00:00,2026.95,2028.74,2025.66,2028.72,0
2024-02-20 18:00:00,2028.71,2028.96,2026.82,2027.23,0
2024-02-20 19:00:00,2027.24,2027.74,2024.8,2025.12,0
2024-02-20 20:00:00,2025.19,2025.2,2023.56,2024.34,0
2024-02-20 21:00:00,2024.38,2024.76,2023.66,2024.23,0
2024-02-20 23:00:00,2024.21,2025.02,2023.82,2024.31,0
2024-02-21 00:00:00,2024.36,2024.36,2022.98,2023.54,0
2024-02-21 01:00:00,2023.62,2026.14,2023.31,2025.42,0
2024-02-21 02:00:00,2025.42,2029.19,2025.38,2027.96,0
2024-02-21 03:00:00,2027.95,2030.93,2027.82,2030.58,0
2024-02-21 04:00:00,2030.57,2031.32,2030.14,2030.9,0
2024-02-21 05:00:00,2031.0,2032.26,2029.46,2030.99,0
2024-02-21 06:00:00,2031.02,2031.23,2029.22,2029.98,0
2024-02-21 07:00:00,2029.98,2030.62,2028.4,2028.9,0
2024-02-21 08:00:00,2028.88,2029.28,2026.24,2026.6,0
2024-02-21 09:00:00,2026.55,2028.64,2025.96,2028.12,0
2024-02-21 10:00:00,2028.1,2030.2,2027.91,2030.02,0
2024-02-21 11:00:00,2030.0,2030.09,2027.4,2028.28,0
2024-02-21 12:00:00,2028.3,2030.09,2028.0,2029.47,0
2024-02-21 13:00:00,2029.48,2031.54,2027.61,2028.76,0
2024-02-21 14:00:00,2028.76,2030.35,2027.08,2027.58,0
2024-02-21 15:00:00,2027.57,2030.28,2024.12,2024.19,0
2024-02-21 16:00:00,2024.22,2025.88,2023.28,2023.97,0
2024-02-21 17:00:00,2023.99,2024.59,2021.52,2024.24,0
2024-02-21 18:00:00,2024.36,2024.71,2021.56,2021.98,0
2024-02-21 19:00:00,2022.0,2026.54,2020.07,2026.06,0
2024-02-21 20:00:00,2025.97,2027.02,2024.14,2024.38,0
2024-02-21 21:00:00,2024.38,2026.13,2023.97,2025.97,0
2024-02-21 23:00:00,2025.81,2026.82,2025.15,2025.68,0
2024-02-22 00:00:00,2025.69,2026.75,2025.11,2026.5,0
2024-02-22 01:00:00,2026.51,2028.59,2026.25,2027.0,0
2024-02-22 02:00:00,2027.06,2028.4,2026.51,2027.79,0
2024-02-22 03:00:00,2027.75,2028.35,2026.14,2026.34,0
2024-02-22 04:00:00,2026.34,2028.95,2025.57,2028.84,0
2024-02-22 05:00:00,2028.95,2030.06,2028.23,2028.46,0
2024-02-22 06:00:00,2028.42,2030.59,2028.37,2029.28,0
2024-02-22 07:00:00,2029.36,2032.02,2028.87,2031.52,0
2024-02-22 08:00:00,2031.59,2034.81,2031.33,2033.31,0
2024-02-22 09:00:00,2033.11,2033.18,2028.51,2030.31,0
2024-02-22 10:00:00,2030.26,2031.22,2029.22,2029.47,0
2024-02-22 11:00:00,2029.5,2029.8,2027.3,2029.0,0
2024-02-22 12:00:00,2029.02,2029.91,2027.69,2028.3,0
2024-02-22 13:00:00,2028.3,2028.66,2023.03,2025.69,0
2024-02-22 14:00:00,2025.69,2026.78,2021.95,2024.99,0
2024-02-22 15:00:00,2025.02,2025.39,2020.33,2023.39,0
2024-02-22 16:00:00,2023.42,2024.3,2019.78,2021.01,0
2024-02-22 17:00:00,2021.02,2024.72,2020.31,2022.99,0
2024-02-22 18:00:00,2023.0,2023.3,2019.66,2022.68,0
2024-02-22 19:00:00,2022.68,2023.66,2022.2,2023.07,0
2024-02-22 20:00:00,2023.12,2024.66,2022.56,2024.62,0
2024-02-22 21:00:00,2024.58,2025.09,2023.94,2024.27,0
2024-02-22 23:00:00,2024.27,2026.09,2024.02,2024.75,0
2024-02-23 00:00:00,2024.8,2026.12,2022.8,2024.56,0
2024-02-23 01:00:00,2024.55,2027.21,2024.42,2026.92,0
2024-02-23 02:00:00,2026.93,2027.46,2024.3,2024.4,0
2024-02-23 03:00:00,2024.38,2026.33,2024.11,2025.76,0
2024-02-23 04:00:00,2025.78,2026.53,2025.75,2026.14,0
2024-02-23 05:00:00,2026.16,2026.23,2022.24,2022.48,0
2024-02-23 06:00:00,2022.47,2022.67,2018.18,2020.94,0
2024-02-23 07:00:00,2020.99,2022.44,2019.6,2021.87,0
2024-02-23 08:00:00,2021.95,2022.65,2018.39,2019.51,0
2024-02-23 09:00:00,2019.5,2019.86,2016.08,2016.78,0
2024-02-23 10:00:00,2016.8,2023.32,2016.61,2022.95,0
2024-02-23 11:00:00,2022.9,2024.0,2022.11,2023.92,0
2024-02-23 12:00:00,2023.95,2028.81,2023.12,2028.02,0
2024-02-23 13:00:00,2028.08,2029.25,2024.54,2025.4,0
2024-02-23 14:00:00,2025.35,2028.64,2024.18,2027.56,0
2024-02-23 15:00:00,2027.46,2031.14,2025.74,2030.2,0
2024-02-23 16:00:00,2030.3,2038.56,2030.3,2038.44,0
2024-02-23 17:00:00,2038.39,2039.83,2036.44,2037.93,0
2024-02-23 18:00:00,2037.94,2041.34,2037.48,2040.46,0
2024-02-23 19:00:00,2040.42,2040.49,2036.88,2037.33,0
2024-02-23 20:00:00,2037.36,2037.53,2035.74,2036.6,0
2024-02-23 21:00:00,2036.58,2036.62,2035.16,2035.52,0
2024-02-25 23:00:00,2034.82,2035.0,2033.05,2034.04,0
2024-02-26 00:00:00,2034.04,2034.04,2030.01,2030.35,0
2024-02-26 01:00:00,2030.39,2034.08,2029.95,2031.29,0
2024-02-26 02:00:00,2031.27,2031.91,2031.18,2031.55,0
2024-02-26 04:00:00,2032.52,2032.93,2032.13,2032.3,0
2024-02-26 05:00:00,2032.38,2034.25,2032.22,2033.06,0
2024-02-26 06:00:00,2033.06,2033.9,2031.88,2032.68,0
2024-02-26 07:00:00,2032.77,2035.33,2032.36,2035.1,0
2024-02-26 08:00:00,2035.04,2037.04,2033.64,2034.04,0
2024-02-26 09:00:00,2034.03,2034.45,2032.25,2033.12,0
2024-02-26 10:00:00,2033.1,2035.46,2031.68,2032.18,0
2024-02-26 11:00:00,2032.17,2033.0,2030.88,2030.93,0
2024-02-26 12:00:00,2030.98,2034.13,2030.78,2032.9,0
2024-02-26 13:00:00,2032.91,2034.47,2031.68,2032.69,0
2024-02-26 14:00:00,2032.68,2032.94,2025.76,2027.61,0
2024-02-26 15:00:00,2027.67,2030.18,2025.1,2029.17,0
2024-02-26 16:00:00,2029.18,2029.43,2026.61,2027.81,0
2024-02-26 17:00:00,2027.82,2028.89,2026.57,2028.73,0
2024-02-26 18:00:00,2028.73,2030.12,2028.16,2029.33,0
2024-02-26 19:00:00,2029.35,2030.3,2028.59,2029.76,0
2024-02-26 20:00:00,2029.75,2033.66,2029.72,2032.34,0
2024-02-26 21:00:00,2032.25,2032.28,2030.88,2031.16,0
2024-02-26 23:00:00,2031.14,2031.67,2030.71,2031.33,0
2024-02-27 00:00:00,2031.31,2032.53,2031.08,2031.53,0
2024-02-27 01:00:00,2031.6,2033.81,2031.32,2033.63,0
2024-02-27 02:00:00,2033.68,2033.9,2033.51,2033.6,0
2024-02-27 04:00:00,2034.4,2034.59,2033.55,2033.78,0
2024-02-27 05:00:00,2033.74,2034.04,2032.87,2033.68,0
2024-02-27 06:00:00,2033.68,2034.98,2033.28,2033.5,0
2024-02-27 07:00:00,2033.5,2036.27,2033.29,2035.46,0
2024-02-27 08:00:00,2035.46,2039.48,2034.7,2038.13,0
2024-02-27 09:00:00,2038.05,2038.16,2035.39,2036.65,0
2024-02-27 10:00:00,2036.68,2036.72,2034.67,2036.46,0
2024-02-27 11:00:00,2036.52,2038.72,2035.54,2038.25,0
2024-02-27 12:00:00,2038.25,2039.13,2037.2,2038.33,0
2024-02-27 13:00:00,2038.41,2038.67,2035.34,2035.47,0
2024-02-27 14:00:00,2035.47,2036.58,2033.66,2034.93,0
2024-02-27 15:00:00,2034.9,2037.02,2032.9,2033.82,0
2024-02-27 16:00:00,2033.84,2034.34,2031.81,2033.15,0
2024-02-27 17:00:00,2033.15,2033.15,2029.82,2032.31,0
2024-02-27 18:00:00,2032.31,2036.14,2031.96,2032.43,0
2024-02-27 19:00:00,2032.44,2032.46,2029.45,2030.27,0
2024-02-27 20:00:00,2030.2,2030.42,2028.81,2030.16,0
2024-02-27 21:00:00,2030.21,2030.62,2029.88,2030.38,0
2024-02-27 23:00:00,2030.59,2030.89,2029.83,2030.1,0
2024-02-28 00:00:00,2030.17,2031.3,2029.2,2030.88,0
2024-02-28 01:00:00,2030.9,2033.76,2029.78,2033.47,0
2024-02-28 02:00:00,2033.44,2033.64,2030.56,2031.06,0
2024-02-28 03:00:00,2031.04,2031.86,2029.86,2030.95,0
2024-02-28 04:00:00,2030.97,2031.15,2029.84,2030.28,0
2024-02-28 05:00:00,2030.27,2031.11,2030.05,2030.99,0
2024-02-28 06:00:00,2031.0,2032.13,2028.64,2029.35,0
2024-02-28 07:00:00,2029.37,2029.38,2027.85,2028.11,0
2024-02-28 08:00:00,2028.11,2029.31,2026.73,2026.84,0
2024-02-28 09:00:00,2026.83,2027.36,2024.92,2024.92,0
2024-02-28 10:00:00,2024.94,2027.6,2024.51,2027.41,0
2024-02-28 11:00:00,2027.32,2027.95,2026.85,2027.33,0
2024-02-28 12:00:00,2027.31,2030.46,2026.95,2029.63,0
2024-02-28 13:00:00,2029.61,2036.13,2029.11,2035.86,0
2024-02-28 14:00:00,2035.88,2037.9,2031.12,2031.83,0
2024-02-28 15:00:00,2031.84,2034.1,2030.5,2031.87,0
2024-02-28 16:00:00,2031.86,2034.14,2031.81,2033.6,0
2024-02-28 17:00:00,2033.65,2035.65,2032.34,2033.85,0
2024-02-28 18:00:00,2033.85,2034.89,2031.5,2031.62,0
2024-02-28 19:00:00,2031.6,2032.4,2030.88,2032.2,0
2024-02-28 20:00:00,2032.25,2034.26,2032.15,2033.79,0
2024-02-28 21:00:00,2033.82,2035.29,2033.08,2034.37,0
2024-02-28 23:00:00,2034.14,2035.65,2034.14,2034.7,0
2024-02-29 00:00:00,2034.76,2035.61,2033.95,2034.18,0
2024-02-29 01:00:00,2034.21,2036.55,2034.2,2036.5,0
2024-02-29 02:00:00,2036.52,2037.1,2035.5,2036.59,0
2024-02-29 03:00:00,2036.61,2036.77,2035.26,2036.61,0
2024-02-29 04:00:00,2036.62,2036.62,2035.13,2035.23,0
2024-02-29 05:00:00,2035.22,2036.0,2034.46,2035.67,0
2024-02-29 06:00:00,2035.67,2037.08,2035.52,2036.88,0
2024-02-29 07:00:00,2036.83,2037.85,2035.98,2037.36,0
2024-02-29 08:00:00,2037.29,2037.48,2035.56,2037.24,0
2024-02-29 09:00:00,2037.3,2037.47,2034.08,2034.63,0
2024-02-29 10:00:00,2034.62,2034.86,2030.53,2030.84,0
2024-02-29 11:00:00,2030.83,2031.83,2028.88,2030.34,0
2024-02-29 12:00:00,2030.33,2030.66,2028.11,2030.27,0
2024-02-29 13:00:00,2030.32,2048.71,2030.28,2047.67,0
2024-02-29 14:00:00,2047.67,2050.33,2045.95,2047.82,0
2024-02-29 15:00:00,2048.18,2050.74,2046.49,2048.17,0
2024-02-29 16:00:00,2048.22,2048.4,2043.78,2045.0,0
2024-02-29 17:00:00,2045.0,2046.04,2043.34,2045.72,0
2024-02-29 18:00:00,2045.65,2046.83,2045.08,2046.33,0
2024-02-29 19:00:00,2046.33,2046.91,2044.04,2044.51,0
2024-02-29 20:00:00,2044.45,2045.5,2043.77,2044.09,0
2024-02-29 21:00:00,2044.19,2044.29,2042.88,2044.12,0
2024-02-29 23:00:00,2043.69,2044.34,2043.14,2044.34,0
2024-03-01 00:00:00,2044.31,2044.35,2042.87,2043.77,0
2024-03-01 01:00:00,2043.77,2044.76,2043.07,2044.36,0
2024-03-01 02:00:00,2044.36,2045.91,2044.13,2045.47,0
2024-03-01 03:00:00,2045.48,2046.87,2045.37,2046.6,0
2024-03-01 04:00:00,2046.6,2046.6,2045.29,2045.51,0
2024-03-01 05:00:00,2045.51,2045.7,2043.46,2045.1,0
2024-03-01 06:00:00,2045.12,2048.17,2044.91,2046.78,0
2024-03-01 07:00:00,2046.76,2048.87,2045.28,2045.44,0
2024-03-01 08:00:00,2045.51,2045.68,2039.1,2039.85,0
2024-03-01 09:00:00,2039.82,2047.61,2039.48,2046.46,0
2024-03-01 10:00:00,2046.45,2055.13,2045.98,2054.9,0
2024-03-01 11:00:00,2054.93,2057.51,2053.93,2055.44,0
2024-03-01 12:00:00,2055.51,2057.06,2052.25,2052.43,0
2024-03-01 13:00:00,2052.48,2054.58,2050.11,2051.63,0
2024-03-01 14:00:00,2051.65,2056.69,2045.66,2046.46,0
2024-03-01 15:00:00,2051.09,2070.99,2049.77,2069.28,0
2024-03-01 16:00:00,2069.29,2081.99,2069.29,2081.16,0
2024-03-01 17:00:00,2081.17,2085.7,2080.0,2084.83,0
2024-03-01 18:00:00,2084.83,2088.35,2082.28,2085.71,0
2024-03-01 19:00:00,2085.73,2086.75,2084.8,2085.29,0
2024-03-01 20:00:00,2085.29,2085.39,2083.1,2083.52,0
2024-03-01 21:00:00,2083.33,2084.05,2082.89,2083.26,0
2024-03-03 23:00:00,2082.5,2086.28,2081.96,2083.55,0
2024-03-04 00:00:00,2083.68,2084.42,2082.3,2082.65,0
2024-03-04 01:00:00,2082.7,2082.95,2079.51,2080.25,0
2024-03-04 02:00:00,2080.23,2083.49,2079.91,2081.56,0
2024-03-04 03:00:00,2081.57,2081.99,2080.42,2081.47,0
2024-03-04 04:00:00,2081.47,2081.6,2080.33,2080.83,0
2024-03-04 05:00:00,2080.75,2082.32,2080.53,2081.57,0
2024-03-04 06:00:00,2081.57,2083.98,2081.12,2083.58,0
2024-03-04 07:00:00,2083.68,2088.3,2083.68,2087.4,0
2024-03-04 08:00:00,2087.37,2087.52,2083.52,2083.91,0
2024-03-04 09:00:00,2083.92,2086.19,2083.23,2085.2,0
2024-03-04 10:00:00,2085.21,2085.84,2082.69,2083.96,0
2024-03-04 11:00:00,2083.96,2084.58,2081.88,2082.15,0
2024-03-04 12:00:00,2082.15,2083.45,2081.89,2082.6,0
2024-03-04 13:00:00,2082.59,2093.23,2081.21,2091.65,0
2024-03-04 14:00:00,2091.7,2101.45,2090.55,2100.83,0
2024-03-04 15:00:00,2100.71,2109.41,2097.63,2109.12,0
2024-03-04 16:00:00,2109.03,2119.92,2107.79,2119.34,0
2024-03-04 17:00:00,2119.37,2119.81,2113.96,2116.52,0
2024-03-04 18:00:00,2116.52,2118.11,2113.6,2115.35,0
2024-03-04 19:00:00,2115.38,2117.35,2113.35,2116.36,0
2024-03-04 20:00:00,2116.36,2118.54,2115.47,2116.68,0
2024-03-04 21:00:00,2116.7,2117.34,2114.15,2114.27,0
2024-03-04 23:00:00,2114.77,2115.91,2113.52,2114.65,0
2024-03-05 00:00:00,2114.65,2115.91,2114.22,2115.52,0
2024-03-05 01:00:00,2115.53,2116.87,2110.51,2112.69,0
2024-03-05 02:00:00,2112.69,2113.34,2111.44,2112.33,0
2024-03-05 03:00:00,2112.34,2114.0,2111.29,2113.02,0
2024-03-05 04:00:00,2113.02,2115.98,2112.7,2115.94,0
2024-03-05 05:00:00,2115.94,2119.77,2115.4,2119.33,0
2024-03-05 06:00:00,2119.32,2119.58,2115.31,2117.34,0
2024-03-05 07:00:00,2117.3,2117.78,2114.01,2114.49,0
2024-03-05 08:00:00,2114.5,2123.39,2114.5,2120.71,0
2024-03-05 09:00:00,2120.69,2125.28,2119.07,2124.56,0
2024-03-05 10:00:00,2124.56,2127.35,2123.37,2123.72,0
2024-03-05 11:00:00,2123.73,2127.2,2122.64,2124.53,0
2024-03-05 12:00:00,2124.57,2125.3,2121.22,2124.44,0
2024-03-05 13:00:00,2124.54,2141.89,2122.43,2127.78,0
2024-03-05 14:00:00,2127.91,2133.3,2124.28,2128.19,0
2024-03-05 15:00:00,2131.3,2139.58,2124.01,2126.63,0
2024-03-05 16:00:00,2126.66,2128.82,2123.73,2128.36,0
2024-03-05 17:00:00,2128.36,2131.01,2127.63,2130.95,0
2024-03-05 18:00:00,2130.94,2133.62,2129.66,2130.75,0
2024-03-05 19:00:00,2130.84,2134.76,2129.63,2129.68,0
2024-03-05 20:00:00,2129.65,2130.99,2128.54,2129.71,0
2024-03-05 21:00:00,2129.62,2130.09,2127.14,2127.84,0
2024-03-05 23:00:00,2128.01,2128.52,2127.06,2128.1,0
2024-03-06 00:00:00,2128.1,2128.15,2126.17,2126.93,0
2024-03-06 01:00:00,2126.92,2127.88,2126.64,2127.85,0
2024-03-06 08:00:00,2125.93,2126.33,2124.36,2125.11,0
2024-03-06 09:00:00,2125.09,2129.85,2124.8,2128.71,0
2024-03-06 10:00:00,2128.71,2128.74,2124.71,2125.68,0
2024-03-06 11:00:00,2125.68,2132.61,2125.61,2132.57,0
2024-03-06 12:00:00,2132.58,2135.09,2131.11,2134.28,0
2024-03-06 13:00:00,2134.28,2139.69,2131.54,2139.45,0
2024-03-06 14:00:00,2139.47,2149.22,2135.7,2144.76,0
2024-03-06 15:00:00,2144.01,2145.63,2131.99,2141.01,0
2024-03-06 16:00:00,2141.01,2148.01,2140.49,2145.53,0
2024-03-06 19:00:00,2141.97,2145.03,2139.52,2144.42,0
2024-03-06 20:00:00,2144.41,2147.27,2143.22,2146.68,0
2024-03-06 21:00:00,2146.62,2149.39,2144.55,2148.04,0
2024-03-06 23:00:00,2148.85,2151.46,2146.19,2147.42,0
2024-03-07 00:00:00,2147.51,2149.7,2147.4,2148.94,0
2024-03-07 01:00:00,2149.02,2149.03,2144.21,2146.22,0
2024-03-07 02:00:00,2146.23,2152.16,2145.7,2150.8,0
2024-03-07 03:00:00,2150.64,2152.48,2149.73,2151.8,0
2024-03-07 04:00:00,2151.75,2161.43,2151.75,2158.33,0
2024-03-07 05:00:00,2158.3,2158.81,2154.47,2154.54,0
2024-03-07 06:00:00,2154.46,2156.57,2151.59,2155.49,0
2024-03-07 07:00:00,2155.59,2158.32,2152.31,2156.07,0
2024-03-07 08:00:00,2156.19,2159.84,2154.48,2155.31,0
2024-03-07 09:00:00,2155.32,2157.84,2154.38,2157.74,0
2024-03-07 10:00:00,2157.74,2158.96,2156.2,2157.64,0
2024-03-07 11:00:00,2157.65,2157.76,2153.32,2156.09,0
2024-03-07 12:00:00,2156.09,2158.83,2154.02,2158.48,0
2024-03-07 13:00:00,2158.46,2164.81,2157.44,2159.59,0
2024-03-07 14:00:00,2159.58,2159.8,2148.01,2154.08,0
2024-03-07 15:00:00,2154.01,2157.77,2151.76,2153.72,0
2024-03-07 16:00:00,2153.72,2158.56,2149.31,2156.22,0
2024-03-07 17:00:00,2156.27,2158.85,2155.35,2158.27,0
2024-03-07 18:00:00,2158.29,2159.31,2156.15,2157.12,0
2024-03-07 19:00:00,2157.12,2160.9,2156.19,2160.03,0
2024-03-07 20:00:00,2160.03,2160.48,2158.02,2158.62,0
2024-03-07 21:00:00,2158.79,2160.02,2158.37,2159.93,0
2024-03-07 23:00:00,2159.63,2162.6,2158.86,2162.0,0
2024-03-08 00:00:00,2162.0,2163.61,2159.76,2160.9,0
2024-03-08 01:00:00,2160.95,2161.83,2157.73,2157.92,0
2024-03-08 02:00:00,2157.84,2158.43,2155.03,2155.41,0
2024-03-08 03:00:00,2155.41,2158.77,2154.02,2157.67,0
2024-03-08 04:00:00,2157.68,2159.31,2156.38,2157.75,0
2024-03-08 05:00:00,2157.79,2158.45,2156.48,2157.79,0
2024-03-08 06:00:00,2157.79,2162.07,2156.53,2161.26,0
2024-03-08 07:00:00,2161.26,2161.97,2159.1,2161.39,0
2024-03-08 08:00:00,2161.39,2168.73,2161.19,2165.17,0
2024-03-08 09:00:00,2165.17,2171.09,2164.7,2169.1,0
2024-03-08 10:00:00,2169.11,2170.54,2166.64,2168.53,0
2024-03-08 11:00:00,2168.53,2169.71,2166.35,2168.33,0
2024-03-08 12:00:00,2168.41,2169.32,2166.0,2166.0,0
2024-03-08 13:00:00,2166.01,2185.44,2156.65,2171.19,0
2024-03-08 14:00:00,2171.18,2174.74,2163.81,2170.86,0
2024-03-08 15:00:00,2170.8,2177.41,2167.92,2177.26,0
2024-03-08 16:00:00,2177.26,2180.96,2172.34,2180.74,0
2024-03-08 17:00:00,2180.71,2195.19,2180.71,2185.03,0
2024-03-08 18:00:00,2185.03,2185.05,2173.91,2174.36,0
2024-03-08 19:00:00,2174.37,2177.84,2168.32,2176.41,0
2024-03-08 20:00:00,2176.46,2178.17,2175.75,2177.32,0
2024-03-08 21:00:00,2177.33,2179.0,2176.91,2178.55,0
2024-03-10 23:00:00,2180.45,2181.67,2177.24,2177.24,0
2024-03-11 00:00:00,2177.34,2183.89,2177.34,2181.67,0
2024-03-11 01:00:00,2181.67,2189.01,2179.45,2186.71,0
2024-03-11 02:00:00,2186.73,2186.8,2179.0,2180.28,0
2024-03-11 03:00:00,2180.28,2180.45,2176.89,2177.47,0
2024-03-11 04:00:00,2177.44,2180.37,2177.05,2179.58,0
2024-03-11 05:00:00,2179.52,2181.53,2179.52,2180.73,0
2024-03-11 06:00:00,2180.73,2181.68,2176.91,2178.03,0
2024-03-11 07:00:00,2178.18,2180.03,2177.33,2179.53,0
2024-03-11 08:00:00,2179.52,2182.78,2177.98,2182.32,0
2024-03-11 09:00:00,2182.33,2183.13,2176.76,2177.45,0
2024-03-11 10:00:00,2177.43,2181.55,2175.9,2180.51,0
2024-03-11 11:00:00,2180.51,2180.77,2176.89,2177.72,0
2024-03-11 12:00:00,2177.72,2179.59,2176.44,2179.0,0
2024-03-11 13:00:00,2179.0,2180.68,2176.49,2177.22,0
2024-03-11 14:00:00,2177.22,2185.13,2174.88,2181.78,0
2024-03-11 15:00:00,2181.78,2183.32,2175.66,2182.0,0
2024-03-11 16:00:00,2181.99,2185.73,2180.08,2184.37,0
2024-03-11 17:00:00,2184.31,2184.73,2178.59,2180.84,0
2024-03-11 18:00:00,2180.84,2184.16,2178.28,2179.69,0
2024-03-11 19:00:00,2179.77,2180.97,2177.21,2180.9,0
2024-03-11 20:00:00,2180.85,2184.19,2180.71,2181.39,0
2024-03-11 21:00:00,2181.41,2182.97,2181.11,2182.65,0
2024-03-11 23:00:00,2182.44,2184.79,2180.79,2181.33,0
2024-03-12 00:00:00,2181.3,2183.78,2181.2,2183.69,0
2024-03-12 01:00:00,2183.69,2184.56,2180.31,2180.47,0
2024-03-12 02:00:00,2180.47,2183.13,2180.04,2182.82,0
2024-03-12 03:00:00,2182.82,2182.92,2178.73,2179.15,0
2024-03-12 04:00:00,2179.15,2179.15,2176.84,2177.51,0
2024-03-12 05:00:00,2177.51,2179.26,2177.25,2178.26,0
2024-03-12 06:00:00,2178.26,2179.21,2174.24,2176.25,0
2024-03-12 07:00:00,2176.2,2177.18,2173.75,2175.39,0
2024-03-12 08:00:00,2175.43,2177.45,2174.81,2177.03,0
2024-03-12 09:00:00,2177.02,2178.54,2176.08,2177.85,0
2024-03-12 10:00:00,2177.86,2179.1,2176.4,2177.0,0
2024-03-12 11:00:00,2177.01,2177.67,2175.46,2176.5,0
2024-03-12 12:00:00,2176.5,2176.6,2170.63,2171.95,0
2024-03-12 13:00:00,2171.94,2182.07,2161.3,2169.84,0
2024-03-12 14:00:00,2169.8,2169.95,2156.24,2160.43,0
2024-03-12 15:00:00,2160.43,2166.44,2152.65,2162.07,0
2024-03-12 16:00:00,2162.07,2164.98,2157.63,2163.03,0
2024-03-12 17:00:00,2163.03,2166.51,2161.53,2165.84,0
2024-03-12 18:00:00,2165.84,2165.84,2154.78,2155.03,0
2024-03-12 19:00:00,2155.03,2156.59,2153.01,2153.56,0
2024-03-12 20:00:00,2153.56,2157.39,2150.66,2157.39,0
2024-03-12 21:00:00,2157.39,2159.01,2156.2,2158.13,0
2024-03-12 23:00:00,2157.94,2161.46,2156.18,2158.78,0
2024-03-13 00:00:00,2158.8,2159.21,2155.82,2156.96,0
2024-03-13 01:00:00,2156.97,2160.53,2156.63,2159.31,0
2024-03-13 02:00:00,2159.32,2159.6,2157.39,2158.64,0
2024-03-13 03:00:00,2158.62,2161.56,2157.46,2160.42,0
2024-03-13 04:00:00,2160.42,2160.75,2157.49,2159.18,0
2024-03-13 05:00:00,2159.18,2159.73,2157.28,2159.37,0
2024-03-13 06:00:00,2159.37,2160.63,2158.72,2160.14,0
2024-03-13 07:00:00,2160.13,2161.56,2158.44,2159.49,0
2024-03-13 08:00:00,2159.48,2160.78,2158.57,2159.78,0
2024-03-13 09:00:00,2159.81,2161.15,2157.93,2158.28,0
2024-03-13 10:00:00,2158.23,2160.31,2157.55,2158.58,0
2024-03-13 11:00:00,2158.57,2163.68,2158.13,2163.44,0
2024-03-13 12:00:00,2163.44,2164.2,2161.6,2164.0,0
2024-03-13 13:00:00,2164.04,2166.35,2162.2,2163.6,0
2024-03-13 14:00:00,2163.62,2171.63,2161.5,2166.12,0
2024-03-13 15:00:00,2166.12,2169.82,2163.62,2168.96,0
2024-03-13 16:00:00,2168.96,2174.6,2168.27,2171.78,0
2024-03-13 17:00:00,2171.77,2174.73,2169.62,2173.67,0
2024-03-13 18:00:00,2173.67,2179.91,2173.26,2174.53,0
2024-03-13 19:00:00,2174.53,2176.57,2174.31,2174.85,0
2024-03-13 20:00:00,2174.85,2175.61,2171.77,2172.61,0
2024-03-13 21:00:00,2172.62,2175.25,2172.41,2174.32,0
2024-03-13 23:00:00,2174.48,2175.49,2173.83,2174.73,0
2024-03-14 00:00:00,2174.73,2176.24,2174.68,2175.56,0
2024-03-14 01:00:00,2175.55,2176.61,2174.05,2176.31,0
2024-03-14 02:00:00,2176.31,2177.0,2173.27,2174.76,0
2024-03-14 03:00:00,2174.75,2175.46,2172.65,2172.8,0
2024-03-14 04:00:00,2172.75,2174.12,2171.18,2172.28,0
2024-03-14 05:00:00,2172.3,2172.51,2171.06,2171.78,0
2024-03-14 06:00:00,2171.78,2171.97,2168.71,2168.88,0
2024-03-14 07:00:00,2168.88,2170.24,2167.48,2168.76,0
2024-03-14 08:00:00,2168.76,2169.1,2167.54,2168.74,0
2024-03-14 09:00:00,2168.69,2170.08,2168.19,2169.62,0
2024-03-14 10:00:00,2169.62,2172.04,2167.92,2170.08,0
2024-03-14 11:00:00,2170.1,2170.92,2168.13,2170.64,0
2024-03-14 12:00:00,2170.64,2170.87,2167.2,2168.54,0
2024-03-14 13:00:00,2168.54,2170.45,2160.48,2162.82,0
2024-03-14 14:00:00,2162.79,2167.29,2158.59,2162.57,0
2024-03-14 15:00:00,2162.57,2163.87,2157.74,2162.04,0
2024-03-14 16:00:00,2162.05,2162.26,2152.8,2157.3,0
2024-03-14 17:00:00,2157.3,2160.33,2156.77,2158.72,0
2024-03-14 18:00:00,2158.72,2165.06,2158.14,2160.28,0
2024-03-14 19:00:00,2160.28,2161.03,2160.28,2160.74,0
2024-03-14 21:00:00,2163.21,2163.26,2161.7,2162.19,0
2024-03-14 23:00:00,2161.9,2162.41,2161.51,2161.58,0
2024-03-15 00:00:00,2161.58,2162.17,2160.92,2161.65,0
2024-03-15 01:00:00,2161.66,2163.15,2160.65,2162.77,0
2024-03-15 02:00:00,2162.77,2165.97,2162.4,2162.73,0
2024-03-15 03:00:00,2162.73,2163.0,2161.64,2162.41,0
2024-03-15 04:00:00,2162.42,2164.87,2161.81,2164.64,0
2024-03-15 05:00:00,2164.64,2165.5,2163.92,2164.51,0
2024-03-15 06:00:00,2164.51,2169.28,2163.6,2169.15,0
2024-03-15 07:00:00,2169.16,2170.1,2167.22,2168.98,0
2024-03-15 08:00:00,2168.99,2170.01,2166.73,2167.07,0
2024-03-15 09:00:00,2167.06,2169.44,2165.33,2169.09,0
2024-03-15 10:00:00,2169.13,2172.73,2167.55,2171.87,0
2024-03-15 11:00:00,2171.86,2172.67,2168.68,2169.34,0
2024-03-15 12:00:00,2169.34,2169.39,2166.22,2167.0,0
2024-03-15 13:00:00,2167.0,2167.37,2157.65,2161.86,0
2024-03-15 14:00:00,2161.86,2163.38,2156.58,2160.3,0
2024-03-15 15:00:00,2160.31,2166.19,2159.22,2164.33,0
2024-03-15 16:00:00,2164.33,2164.35,2158.17,2160.05,0
2024-03-15 17:00:00,2160.04,2163.51,2157.97,2158.85,0
2024-03-15 18:00:00,2158.85,2160.62,2155.21,2156.82,0
2024-03-15 19:00:00,2156.82,2160.32,2156.59,2159.37,0
2024-03-15 20:00:00,2159.33,2159.5,2157.96,2158.07,0
2024-03-15 21:00:00,2158.05,2158.3,2155.52,2155.82,0
2024-03-17 23:00:00,2155.34,2156.08,2151.88,2154.95,0
2024-03-18 00:00:00,2154.89,2156.94,2153.86,2156.62,0
2024-03-18 01:00:00,2156.58,2157.55,2155.06,2156.66,0
2024-03-18 02:00:00,2156.66,2156.67,2150.22,2152.34,0
2024-03-18 03:00:00,2152.34,2153.54,2146.66,2147.93,0
2024-03-18 04:00:00,2147.9,2148.13,2146.16,2146.78,0
2024-03-18 05:00:00,2146.78,2148.32,2146.16,2147.4,0
2024-03-18 06:00:00,2147.31,2148.37,2146.18,2147.08,0
2024-03-18 07:00:00,2147.11,2149.17,2146.79,2148.15,0
2024-03-18 08:00:00,2148.14,2152.25,2147.33,2152.2,0
2024-03-18 09:00:00,2152.2,2154.48,2150.21,2153.57,0
2024-03-18 10:00:00,2153.58,2155.91,2153.41,2154.89,0
2024-03-18 11:00:00,2154.89,2158.54,2154.68,2158.26,0
2024-03-18 12:00:00,2158.26,2161.3,2158.23,2161.09,0
2024-03-18 13:00:00,2161.09,2163.64,2158.29,2159.13,0
2024-03-18 14:00:00,2159.09,2161.1,2155.56,2156.8,0
2024-03-18 15:00:00,2156.8,2160.79,2156.71,2158.57,0
2024-03-18 16:00:00,2158.49,2161.34,2157.03,2158.41,0
2024-03-18 17:00:00,2158.43,2160.8,2154.63,2159.99,0
2024-03-18 18:00:00,2159.99,2161.21,2158.1,2159.99,0
2024-03-18 19:00:00,2159.99,2160.71,2159.2,2159.44,0
2024-03-18 20:00:00,2159.44,2161.02,2159.37,2160.24,0
2024-03-18 21:00:00,2160.24,2160.42,2159.45,2160.26,0
2024-03-18 23:00:00,2160.12,2162.56,2160.04,2161.26,0
2024-03-19 00:00:00,2161.26,2162.26,2160.49,2162.15,0
2024-03-19 01:00:00,2162.15,2162.86,2160.51,2160.67,0
2024-03-19 02:00:00,2160.67,2162.26,2158.59,2160.53,0
2024-03-19 03:00:00,2160.53,2162.84,2160.02,2160.9,0
2024-03-19 04:00:00,2160.9,2162.42,2159.85,2161.56,0
2024-03-19 05:00:00,2161.56,2162.18,2159.66,2160.29,0
2024-03-19 06:00:00,2160.29,2160.5,2157.1,2157.66,0
2024-03-19 07:00:00,2157.73,2157.78,2154.08,2156.79,0
2024-03-19 08:00:00,2156.79,2157.29,2154.23,2155.8,0
2024-03-19 09:00:00,2155.85,2155.98,2147.19,2153.11,0
2024-03-19 10:00:00,2153.12,2154.55,2151.68,2153.25,0
2024-03-19 11:00:00,2153.26,2156.38,2152.49,2154.18,0
2024-03-19 12:00:00,2154.18,2156.76,2153.78,2155.67,0
2024-03-19 13:00:00,2155.67,2158.69,2150.88,2156.97,0
2024-03-19 14:00:00,2156.96,2158.69,2150.49,2151.26,0
2024-03-19 15:00:00,2151.28,2155.43,2148.43,2154.98,0
2024-03-19 16:00:00,2154.98,2155.67,2150.75,2154.31,0
2024-03-19 17:00:00,2154.32,2156.04,2153.13,2154.54,0
2024-03-19 18:00:00,2154.58,2157.4,2154.36,2156.93,0
2024-03-19 19:00:00,2156.93,2157.77,2155.59,2156.82,0
2024-03-19 20:00:00,2156.84,2157.99,2156.27,2157.8,0
2024-03-19 21:00:00,2157.8,2158.52,2157.2,2157.48,0
2024-03-19 23:00:00,2157.8,2159.7,2157.78,2158.78,0
2024-03-20 00:00:00,2158.78,2158.78,2157.01,2157.11,0
2024-03-20 01:00:00,2157.11,2157.5,2155.26,2157.2,0
2024-03-20 02:00:00,2157.2,2160.05,2156.67,2158.72,0
2024-03-20 03:00:00,2158.72,2159.77,2157.22,2159.01,0
2024-03-20 04:00:00,2158.92,2159.89,2158.46,2159.88,0
2024-03-20 05:00:00,2159.88,2160.25,2156.9,2156.93,0
2024-03-20 06:00:00,2156.93,2158.31,2156.63,2157.46,0
2024-03-20 07:00:00,2157.45,2158.25,2156.48,2157.03,0
2024-03-20 08:00:00,2157.03,2159.53,2156.9,2158.29,0
2024-03-20 09:00:00,2158.21,2158.41,2154.57,2156.19,0
2024-03-20 10:00:00,2156.18,2156.19,2153.14,2154.73,0
2024-03-20 11:00:00,2154.73,2154.95,2152.41,2154.39,0
2024-03-20 12:00:00,2154.39,2155.14,2152.31,2153.99,0
2024-03-20 13:00:00,2153.98,2155.26,2149.64,2153.19,0
2024-03-20 14:00:00,2153.23,2158.69,2150.53,2157.95,0
2024-03-20 15:00:00,2157.95,2164.91,2155.66,2157.11,0
2024-03-20 16:00:00,2157.06,2158.69,2154.69,2155.9,0
2024-03-20 17:00:00,2155.9,2158.72,2155.59,2157.73,0
2024-03-20 18:00:00,2157.73,2159.68,2156.64,2157.17,0
2024-03-20 19:00:00,2156.86,2183.76,2156.86,2181.92,0
2024-03-20 20:00:00,2182.11,2188.84,2178.53,2182.92,0
2024-03-20 21:00:00,2182.86,2187.26,2182.86,2186.24,0
2024-03-20 23:00:00,2186.76,2223.08,2186.6,2200.91,0
2024-03-21 00:00:00,2200.92,2206.36,2196.5,2203.99,0
2024-03-21 01:00:00,2203.99,2204.05,2192.49,2199.03,0
2024-03-21 02:00:00,2199.03,2212.5,2198.02,2204.88,0
2024-03-21 03:00:00,2204.85,2206.4,2202.69,2203.45,0
2024-03-21 04:00:00,2203.45,2205.04,2201.82,2202.83,0
2024-03-21 05:00:00,2202.82,2204.13,2201.86,2203.31,0
2024-03-21 06:00:00,2203.33,2205.18,2201.88,2204.94,0
2024-03-21 07:00:00,2204.86,2209.57,2204.31,2207.23,0
2024-03-21 08:00:00,2207.22,2210.24,2206.44,2206.58,0
2024-03-21 09:00:00,2206.58,2206.71,2196.89,2201.55,0
2024-03-21 10:00:00,2201.57,2206.07,2199.96,2205.49,0
2024-03-21 11:00:00,2205.49,2211.79,2205.26,2207.67,0
2024-03-21 12:00:00,2207.69,2208.85,2205.39,2207.57,0
2024-03-21 13:00:00,2207.54,2208.89,2203.26,2207.74,0
2024-03-21 14:00:00,2207.74,2208.13,2191.74,2191.96,0
2024-03-21 15:00:00,2191.95,2191.98,2175.69,2176.68,0
2024-03-21 16:00:00,2176.69,2176.9,2166.47,2174.74,0
2024-03-21 17:00:00,2174.73,2180.36,2173.06,2179.98,0
2024-03-21 18:00:00,2179.98,2183.8,2178.62,2180.9,0
2024-03-21 19:00:00,2181.19,2184.06,2180.5,2182.88,0
2024-03-21 20:00:00,2182.9,2183.7,2180.36,2181.49,0
2024-03-21 21:00:00,2181.49,2182.51,2180.63,2181.25,0
2024-03-21 23:00:00,2181.5,2182.64,2181.1,2181.29,0
2024-03-22 00:00:00,2181.29,2181.89,2180.93,2181.81,0
2024-03-22 01:00:00,2181.77,2186.13,2181.08,2185.03,0
2024-03-22 02:00:00,2185.03,2185.93,2172.71,2173.48,0
2024-03-22 03:00:00,2173.48,2177.19,2171.84,2172.61,0
2024-03-22 04:00:00,2172.61,2176.23,2172.27,2173.78,0
2024-03-22 05:00:00,2173.81,2175.44,2173.24,2173.64,0
2024-03-22 06:00:00,2173.64,2175.82,2173.06,2174.33,0
2024-03-22 07:00:00,2174.32,2176.32,2169.92,2170.11,0
2024-03-22 08:00:00,2170.11,2170.48,2162.62,2168.48,0
2024-03-22 09:00:00,2168.47,2169.28,2164.99,2167.98,0
2024-03-22 10:00:00,2167.98,2170.22,2165.72,2166.69,0
2024-03-22 11:00:00,2166.73,2168.66,2165.93,2167.24,0
2024-03-22 12:00:00,2167.27,2168.16,2165.25,2166.11,0
2024-03-22 13:00:00,2166.11,2176.3,2165.86,2174.59,0
2024-03-22 14:00:00,2174.61,2180.17,2172.6,2178.09,0
2024-03-22 15:00:00,2178.14,2179.89,2171.25,2173.98,0
2024-03-22 16:00:00,2173.97,2173.97,2165.52,2166.17,0
2024-03-22 17:00:00,2166.05,2167.56,2161.69,2162.63,0
2024-03-22 18:00:00,2162.68,2164.96,2157.16,2159.25,0
2024-03-22 19:00:00,2159.25,2164.84,2158.81,2163.15,0
2024-03-22 20:00:00,2163.15,2165.19,2161.88,2164.03,0
2024-03-22 21:00:00,2164.04,2167.25,2163.69,2165.27,0
2024-03-24 23:00:00,2165.75,2167.87,2165.23,2166.47,0
2024-03-25 00:00:00,2166.46,2168.95,2166.04,2168.41,0
2024-03-25 01:00:00,2168.44,2169.46,2164.07,2165.57,0
2024-03-25 02:00:00,2165.57,2176.94,2164.02,2175.24,0
2024-03-25 03:00:00,2175.24,2178.36,2173.82,2175.17,0
2024-03-25 04:00:00,2175.17,2175.21,2170.13,2170.62,0
2024-03-25 05:00:00,2170.62,2171.71,2169.21,2169.46,0
2024-03-25 06:00:00,2169.46,2171.12,2167.86,2169.87,0
2024-03-25 07:00:00,2169.87,2170.6,2164.36,2165.52,0
2024-03-25 08:00:00,2165.52,2168.79,2163.62,2165.88,0
2024-03-25 09:00:00,2165.92,2169.04,2163.87,2165.75,0
2024-03-25 10:00:00,2165.75,2168.85,2164.42,2168.46,0
2024-03-25 11:00:00,2168.46,2171.17,2167.63,2168.47,0
2024-03-25 12:00:00,2168.46,2171.9,2167.96,2170.55,0
2024-03-25 13:00:00,2170.55,2177.08,2170.37,2174.55,0
2024-03-25 14:00:00,2174.55,2181.32,2173.02,2177.22,0
2024-03-25 15:00:00,2177.22,2180.52,2175.41,2177.78,0
2024-03-25 16:00:00,2177.88,2177.89,2175.0,2175.48,0
2024-03-25 17:00:00,2175.47,2177.91,2175.07,2175.83,0
2024-03-25 18:00:00,2175.86,2176.67,2174.27,2174.77,0
2024-03-25 19:00:00,2174.77,2174.77,2173.07,2173.27,0
2024-03-25 20:00:00,2173.28,2173.72,2170.75,2171.0,0
2024-03-25 21:00:00,2171.0,2172.29,2170.78,2171.73,0
2024-03-25 23:00:00,2171.62,2173.59,2171.52,2172.05,0
2024-03-26 00:00:00,2172.05,2173.36,2171.31,2172.96,0
2024-03-26 01:00:00,2172.95,2174.52,2172.39,2173.93,0
2024-03-26 02:00:00,2173.93,2174.4,2167.67,2169.46,0
2024-03-26 03:00:00,2169.46,2171.64,2169.35,2170.82,0
2024-03-26 04:00:00,2170.79,2172.44,2169.67,2170.36,0
2024-03-26 05:00:00,2170.38,2172.77,2170.12,2172.36,0
2024-03-26 06:00:00,2172.32,2173.43,2171.46,2172.97,0
2024-03-26 07:00:00,2172.94,2174.18,2170.57,2171.5,0
2024-03-26 08:00:00,2171.5,2174.27,2169.64,2173.05,0
2024-03-26 09:00:00,2173.05,2179.28,2171.61,2178.33,0
2024-03-26 10:00:00,2178.33,2195.15,2178.32,2190.94,0
2024-03-26 11:00:00,2190.84,2200.13,2190.8,2197.76,0
2024-03-26 12:00:00,2197.76,2199.15,2195.06,2196.52,0
2024-03-26 13:00:00,2196.49,2197.36,2186.66,2187.97,0
2024-03-26 14:00:00,2187.96,2192.93,2178.45,2183.14,0
2024-03-26 15:00:00,2183.17,2186.42,2179.22,2179.47,0
2024-03-26 16:00:00,2179.46,2181.64,2171.74,2174.37,0
2024-03-26 17:00:00,2174.37,2178.47,2174.34,2176.82,0
2024-03-26 18:00:00,2176.82,2179.26,2176.0,2176.8,0
2024-03-26 19:00:00,2176.8,2178.6,2175.96,2177.66,0
2024-03-26 20:00:00,2177.66,2178.27,2176.61,2177.95,0
2024-03-26 21:00:00,2177.94,2178.63,2174.74,2178.63,0
2024-03-26 23:00:00,2178.58,2179.54,2177.08,2178.44,0
2024-03-27 00:00:00,2178.44,2179.95,2178.24,2179.52,0
2024-03-27 01:00:00,2179.52,2180.21,2176.72,2177.48,0
2024-03-27 02:00:00,2177.44,2180.37,2173.49,2175.16,0
2024-03-27 03:00:00,2175.15,2177.71,2174.81,2176.06,0
2024-03-27 04:00:00,2176.06,2181.76,2175.77,2177.78,0
2024-03-27 05:00:00,2177.78,2180.15,2177.37,2178.43,0
2024-03-27 06:00:00,2178.43,2178.49,2175.78,2177.07,0
2024-03-27 07:00:00,2177.0,2180.13,2176.58,2177.71,0
2024-03-27 08:00:00,2177.68,2180.82,2177.02,2180.58,0
2024-03-27 09:00:00,2180.58,2182.72,2176.63,2177.45,0
2024-03-27 10:00:00,2177.37,2193.97,2176.61,2189.29,0
2024-03-27 11:00:00,2189.3,2194.53,2188.79,2193.84,0
2024-03-27 12:00:00,2193.84,2197.64,2187.3,2188.53,0
2024-03-27 13:00:00,2188.52,2189.39,2184.44,2186.15,0
2024-03-27 14:00:00,2186.15,2193.53,2183.59,2193.41,0
2024-03-27 15:00:00,2193.41,2195.24,2189.88,2193.52,0
2024-03-27 16:00:00,2193.52,2194.13,2188.45,2190.5,0
2024-03-27 17:00:00,2190.5,2192.82,2189.95,2192.52,0
2024-03-27 18:00:00,2192.52,2194.12,2189.07,2190.44,0
2024-03-27 19:00:00,2190.43,2192.5,2189.12,2192.49,0
2024-03-27 20:00:00,2192.49,2194.3,2190.89,2193.45,0
2024-03-27 21:00:00,2193.45,2195.22,2193.0,2194.88,0
2024-03-27 23:00:00,2194.09,2194.64,2190.26,2192.47,0
2024-03-28 00:00:00,2192.47,2192.48,2190.71,2190.76,0
2024-03-28 01:00:00,2190.76,2190.93,2187.41,2189.1,0
2024-03-28 02:00:00,2189.1,2190.58,2187.6,2189.39,0
2024-03-28 03:00:00,2189.39,2196.15,2189.13,2194.89,0
2024-03-28 04:00:00,2194.85,2196.49,2194.16,2194.85,0
2024-03-28 05:00:00,2194.86,2196.92,2194.42,2195.69,0
2024-03-28 06:00:00,2195.69,2200.67,2194.5,2197.3,0
2024-03-28 07:00:00,2197.3,2198.98,2195.27,2198.75,0
2024-03-28 08:00:00,2198.81,2198.9,2192.73,2193.8,0
2024-03-28 09:00:00,2193.8,2197.43,2190.91,2194.83,0
2024-03-28 10:00:00,2194.83,2197.95,2192.47,2197.87,0
2024-03-28 11:00:00,2197.88,2213.8,2197.2,2212.26,0
2024-03-28 12:00:00,2212.28,2213.39,2207.26,2210.45,0
2024-03-28 13:00:00,2210.42,2216.98,2205.84,2215.72,0
2024-03-28 14:00:00,2215.71,2217.15,2202.28,2206.85,0
2024-03-28 15:00:00,2206.83,2215.04,2204.33,2214.41,0
2024-03-28 16:00:00,2214.41,2216.98,2212.26,2215.96,0
2024-03-28 17:00:00,2215.96,2225.51,2213.51,2220.36,0
2024-03-28 18:00:00,2220.42,2223.36,2216.77,2222.03,0
2024-03-28 19:00:00,2222.03,2222.46,2218.38,2220.57,0
2024-03-28 20:00:00,2220.57,2222.29,2218.03,2221.86,0
2024-03-28 21:00:00,2221.86,2236.24,2219.65,2232.88,0
2024-03-31 23:00:00,2239.9,2245.51,2235.08,2236.91,0
2024-04-01 00:00:00,2237.03,2247.42,2235.68,2246.09,0
2024-04-01 01:00:00,2246.1,2256.42,2243.99,2250.09,0
2024-04-01 02:00:00,2250.09,2259.68,2250.09,2255.94,0
2024-04-01 03:00:00,2255.99,2258.28,2255.0,2257.4,0
2024-04-01 04:00:00,2257.39,2265.2,2256.63,2264.5,0
2024-04-01 05:00:00,2264.5,2265.71,2258.15,2260.39,0
2024-04-01 06:00:00,2260.39,2263.44,2258.01,2261.71,0
2024-04-01 07:00:00,2261.66,2262.84,2259.02,2260.33,0
2024-04-01 08:00:00,2260.33,2263.16,2256.96,2257.61,0
2024-04-01 09:00:00,2257.61,2260.18,2255.85,2257.27,0
2024-04-01 10:00:00,2257.29,2258.4,2249.28,2251.87,0
2024-04-01 11:00:00,2251.81,2253.5,2245.65,2247.86,0
2024-04-01 12:00:00,2247.9,2251.1,2246.53,2246.82,0
2024-04-01 13:00:00,2246.82,2252.68,2243.63,2252.58,0
2024-04-01 14:00:00,2252.63,2257.92,2239.32,2246.58,0
2024-04-01 15:00:00,2246.57,2246.57,2228.54,2235.97,0
2024-04-01 16:00:00,2235.95,2240.63,2233.76,2239.77,0
2024-04-01 17:00:00,2239.77,2243.42,2237.18,2238.13,0
2024-04-01 18:00:00,2238.13,2239.37,2234.78,2239.2,0
2024-04-01 19:00:00,2239.2,2241.28,2238.15,2239.41,0
2024-04-01 20:00:00,2239.42,2244.73,2239.15,2244.72,0
2024-04-01 21:00:00,2244.72,2251.39,2243.08,2251.31,0
2024-04-01 23:00:00,2251.58,2255.9,2248.82,2253.66,0
2024-04-02 00:00:00,2253.66,2253.75,2248.66,2249.05,0
2024-04-02 01:00:00,2249.05,2253.67,2247.9,2250.44,0
2024-04-02 02:00:00,2250.44,2250.44,2246.77,2249.07,0
2024-04-02 03:00:00,2249.03,2255.12,2247.85,2254.33,0
2024-04-02 04:00:00,2254.33,2255.36,2251.3,2251.59,0
2024-04-02 05:00:00,2251.59,2259.89,2250.53,2256.72,0
2024-04-02 06:00:00,2256.72,2257.13,2252.3,2253.63,0
2024-04-02 07:00:00,2253.63,2256.16,2252.42,2255.73,0
2024-04-02 08:00:00,2255.73,2257.67,2253.24,2256.46,0
2024-04-02 09:00:00,2256.46,2262.85,2256.2,2261.15,0
2024-04-02 10:00:00,2261.15,2266.85,2259.68,2260.79,0
2024-04-02 11:00:00,2260.76,2264.75,2255.18,2262.18,0
2024-04-02 12:00:00,2262.14,2262.19,2256.01,2260.64,0
2024-04-02 13:00:00,2260.66,2261.53,2253.4,2257.62,0
2024-04-02 14:00:00,2257.61,2266.83,2254.61,2265.27,0
2024-04-02 15:00:00,2265.33,2277.03,2257.33,2260.79,0
2024-04-02 16:00:00,2260.77,2261.15,2250.84,2258.63,0
2024-04-02 17:00:00,2258.71,2261.46,2254.17,2260.36,0
2024-04-02 18:00:00,2260.36,2266.71,2259.55,2265.97,0
2024-04-02 19:00:00,2265.98,2272.81,2265.52,2271.45,0
2024-04-02 20:00:00,2271.48,2279.32,2271.06,2277.48,0
2024-04-02 21:00:00,2277.48,2281.06,2275.8,2280.53,0
2024-04-02 23:00:00,2281.23,2288.36,2279.68,2281.86,0
2024-04-03 00:00:00,2281.96,2283.8,2277.91,2279.97,0
2024-04-03 01:00:00,2279.7,2285.89,2279.32,2283.23,0
2024-04-03 02:00:00,2283.3,2283.49,2276.78,2282.59,0
2024-04-03 03:00:00,2282.54,2284.63,2281.63,2283.43,0
2024-04-03 04:00:00,2283.59,2288.01,2283.21,2285.1,0
2024-04-03 05:00:00,2285.15,2287.13,2283.74,2283.74,0
2024-04-03 06:00:00,2283.77,2286.06,2281.01,2286.03,0
2024-04-03 07:00:00,2286.05,2286.07,2281.07,2282.04,0
2024-04-03 08:00:00,2282.04,2282.1,2270.48,2271.22,0
2024-04-03 09:00:00,2271.22,2276.05,2267.73,2273.27,0
2024-04-03 10:00:00,2273.27,2274.79,2269.72,2272.11,0
2024-04-03 11:00:00,2272.03,2273.45,2270.01,2272.76,0
2024-04-03 12:00:00,2272.76,2274.54,2268.85,2273.78,0
2024-04-03 13:00:00,2273.81,2275.19,2265.47,2274.98,0
2024-04-03 14:00:00,2274.92,2278.87,2271.74,2275.12,0
2024-04-03 15:00:00,2275.12,2285.31,2274.19,2282.75,0
2024-04-03 16:00:00,2282.75,2288.35,2280.67,2286.32,0
2024-04-03 17:00:00,2286.33,2295.23,2280.82,2294.02,0
2024-04-03 18:00:00,2293.88,2295.61,2288.95,2295.08,0
2024-04-03 19:00:00,2295.08,2297.77,2293.93,2296.47,0
2024-04-03 20:00:00,2296.44,2298.9,2294.67,2297.52,0
2024-04-03 21:00:00,2297.68,2301.14,2297.37,2299.64,0
2024-04-03 23:00:00,2299.88,2302.71,2298.86,2301.81,0
2024-04-04 00:00:00,2301.81,2301.81,2296.37,2297.56,0
2024-04-04 01:00:00,2297.56,2302.6,2297.35,2302.26,0
2024-04-04 02:00:00,2302.26,2304.87,2297.58,2301.13,0
2024-04-04 03:00:00,2301.13,2302.15,2297.86,2299.63,0
2024-04-04 04:00:00,2299.5,2300.61,2297.69,2299.21,0
2024-04-04 05:00:00,2299.18,2300.25,2298.34,2298.9,0
2024-04-04 06:00:00,2298.87,2300.75,2295.05,2295.35,0
2024-04-04 07:00:00,2295.37,2297.41,2294.85,2295.89,0
2024-04-04 08:00:00,2296.03,2298.19,2291.93,2293.07,0
2024-04-04 09:00:00,2293.06,2294.59,2291.11,2291.66,0
2024-04-04 10:00:00,2291.65,2294.18,2290.86,2293.31,0
2024-04-04 11:00:00,2293.31,2295.11,2292.58,2294.57,0
2024-04-04 12:00:00,2294.57,2295.23,2288.82,2289.33,0
2024-04-04 13:00:00,2289.33,2290.0,2282.8,2288.22,0
2024-04-04 14:00:00,2288.22,2291.17,2284.93,2287.63,0
2024-04-04 15:00:00,2287.62,2299.44,2287.2,2295.2,0
2024-04-04 16:00:00,2295.23,2295.62,2290.36,2292.13,0
2024-04-04 17:00:00,2292.02,2293.24,2286.47,2286.86,0
2024-04-04 18:00:00,2286.86,2294.14,2286.43,2294.06,0
2024-04-04 19:00:00,2294.05,2305.66,2293.03,2304.14,0
2024-04-04 20:00:00,2304.14,2304.73,2280.07,2285.06,0
2024-04-04 21:00:00,2284.95,2291.7,2284.89,2290.95,0
2024-04-04 23:00:00,2290.82,2293.42,2288.37,2289.71,0
2024-04-05 00:00:00,2289.76,2291.25,2288.73,2288.79,0
2024-04-05 01:00:00,2288.94,2290.35,2282.89,2283.15,0
2024-04-05 02:00:00,2283.15,2284.16,2267.79,2271.87,0
2024-04-05 03:00:00,2271.75,2274.81,2270.94,2273.86,0
2024-04-05 04:00:00,2273.86,2279.44,2273.63,2276.78,0
2024-04-05 05:00:00,2276.75,2279.88,2276.63,2278.1,0
2024-04-05 06:00:00,2278.04,2282.41,2277.44,2279.84,0
2024-04-05 07:00:00,2279.83,2283.21,2276.63,2279.18,0
2024-04-05 08:00:00,2279.18,2290.67,2279.11,2289.19,0
2024-04-05 09:00:00,2289.19,2291.82,2284.93,2288.1,0
2024-04-05 10:00:00,2288.11,2293.6,2286.73,2291.07,0
2024-04-05 11:00:00,2291.05,2296.17,2290.78,2294.0,0
2024-04-05 12:00:00,2294.0,2294.71,2289.86,2291.22,0
2024-04-05 13:00:00,2291.03,2296.39,2280.4,2290.91,0
2024-04-05 14:00:00,2290.94,2303.62,2287.05,2299.84,0
2024-04-05 15:00:00,2299.84,2324.78,2295.95,2317.55,0
2024-04-05 16:00:00,2317.57,2328.51,2315.3,2326.26,0
2024-04-05 17:00:00,2326.28,2329.54,2322.26,2327.21,0
2024-04-05 18:00:00,2327.34,2330.52,2324.57,2326.25,0
2024-04-05 19:00:00,2326.24,2328.42,2323.67,2325.3,0
2024-04-05 20:00:00,2325.31,2325.34,2320.75,2323.22,0
2024-04-05 21:00:00,2323.29,2330.01,2322.88,2329.28,0
2024-04-07 23:00:00,2324.16,2328.5,2304.13,2307.67,0
2024-04-08 00:00:00,2307.63,2314.37,2306.2,2311.32,0
2024-04-08 01:00:00,2311.6,2312.1,2306.12,2306.24,0
2024-04-08 02:00:00,2306.24,2325.19,2302.98,2324.33,0
2024-04-08 03:00:00,2324.33,2354.03,2321.76,2348.19,0
2024-04-08 04:00:00,2347.84,2349.95,2341.03,2345.62,0
2024-04-08 05:00:00,2345.61,2345.67,2340.07,2342.22,0
2024-04-08 06:00:00,2342.22,2343.73,2331.95,2334.7,0
2024-04-08 07:00:00,2334.81,2341.42,2331.85,2336.28,0
2024-04-08 08:00:00,2336.28,2338.95,2333.83,2337.82,0
2024-04-08 09:00:00,2337.76,2341.48,2333.38,2336.31,0
2024-04-08 10:00:00,2336.32,2337.89,2334.24,2337.58,0
2024-04-08 11:00:00,2337.59,2343.62,2335.19,2340.14,0
2024-04-08 12:00:00,2340.37,2342.51,2336.55,2337.39,0
2024-04-08 13:00:00,2337.39,2338.08,2322.77,2329.12,0
2024-04-08 14:00:00,2329.12,2335.77,2325.64,2327.51,0
2024-04-08 15:00:00,2327.42,2329.35,2318.73,2328.91,0
2024-04-08 16:00:00,2328.91,2331.68,2325.74,2327.93,0
2024-04-08 17:00:00,2327.93,2330.28,2326.09,2328.58,0
2024-04-08 18:00:00,2328.58,2339.29,2327.65,2338.02,0
2024-04-08 19:00:00,2338.02,2342.09,2337.07,2339.0,0
2024-04-08 20:00:00,2338.98,2340.68,2337.18,2338.46,0
2024-04-08 21:00:00,2338.47,2339.42,2337.95,2338.82,0
2024-04-08 23:00:00,2338.95,2339.06,2336.97,2338.76,0
2024-04-09 00:00:00,2338.76,2340.51,2337.73,2338.86,0
2024-04-09 01:00:00,2338.89,2341.72,2338.64,2340.92,0
2024-04-09 02:00:00,2340.86,2348.49,2337.85,2340.05,0
2024-04-09 03:00:00,2340.06,2345.85,2338.55,2345.27,0
2024-04-09 04:00:00,2345.27,2346.59,2343.2,2344.03,0
2024-04-09 05:00:00,2344.03,2346.23,2343.15,2344.28,0
2024-04-09 06:00:00,2344.28,2348.03,2344.01,2345.12,0
2024-04-09 07:00:00,2345.12,2346.89,2343.14,2344.58,0
2024-04-09 08:00:00,2344.55,2356.95,2344.43,2353.99,0
2024-04-09 09:00:00,2353.99,2359.33,2351.51,2357.62,0
2024-04-09 10:00:00,2357.62,2365.34,2357.26,2363.26,0
2024-04-09 11:00:00,2363.28,2364.27,2355.93,2356.48,0
2024-04-09 12:00:00,2356.46,2356.75,2349.62,2354.53,0
2024-04-09 13:00:00,2354.53,2357.38,2345.84,2349.44,0
2024-04-09 14:00:00,2349.45,2361.07,2348.18,2355.47,0
2024-04-09 15:00:00,2355.47,2364.31,2345.27,2352.88,0
2024-04-09 16:00:00,2352.9,2353.7,2338.32,2340.4,0
2024-04-09 17:00:00,2340.37,2347.15,2340.11,2345.08,0
2024-04-09 18:00:00,2345.06,2349.77,2342.0,2347.38,0
2024-04-09 19:00:00,2347.4,2350.05,2345.63,2349.69,0
2024-04-09 20:00:00,2349.69,2351.58,2345.31,2351.23,0
2024-04-09 21:00:00,2351.23,2354.62,2350.73,2352.22,0
2024-04-09 23:00:00,2353.08,2354.23,2350.53,2352.39,0
2024-04-10 00:00:00,2352.38,2355.31,2351.61,2354.98,0
2024-04-10 01:00:00,2354.89,2355.59,2351.0,2351.67,0
2024-04-10 02:00:00,2351.67,2352.02,2344.76,2349.44,0
2024-04-10 03:00:00,2349.5,2354.33,2348.98,2352.13,0
2024-04-10 04:00:00,2352.24,2353.59,2350.75,2351.36,0
2024-04-10 05:00:00,2351.36,2356.9,2350.94,2356.3,0
2024-04-10 06:00:00,2356.3,2360.12,2355.82,2357.47,0
2024-04-10 07:00:00,2357.67,2359.95,2353.97,2356.19,0
2024-04-10 08:00:00,2356.19,2357.78,2352.6,2353.13,0
2024-04-10 09:00:00,2353.45,2355.96,2352.44,2354.58,0
2024-04-10 10:00:00,2354.57,2354.85,2345.02,2347.7,0
2024-04-10 11:00:00,2347.5,2350.21,2345.27,2347.51,0
2024-04-10 12:00:00,2347.51,2349.48,2344.83,2347.08,0
2024-04-10 13:00:00,2347.08,2350.79,2327.91,2338.46,0
2024-04-10 14:00:00,2338.5,2339.67,2319.38,2334.01,0
2024-04-10 15:00:00,2334.02,2352.38,2332.32,2346.3,0
2024-04-10 16:00:00,2346.31,2347.73,2330.17,2337.13,0
2024-04-10 17:00:00,2336.98,2340.85,2335.9,2337.27,0
2024-04-10 18:00:00,2337.28,2345.17,2325.85,2337.81,0
2024-04-10 19:00:00,2337.8,2341.0,2326.26,2327.46,0
2024-04-10 20:00:00,2327.54,2331.02,2327.25,2329.79,0
2024-04-10 21:00:00,2329.68,2333.66,2329.64,2333.55,0
2024-04-10 23:00:00,2333.88,2336.91,2333.16,2336.07,0
2024-04-11 00:00:00,2336.07,2337.3,2334.26,2335.61,0
2024-04-11 01:00:00,2335.66,2336.05,2333.4,2335.26,0
2024-04-11 02:00:00,2335.26,2342.29,2334.1,2340.7,0
2024-04-11 03:00:00,2340.68,2345.88,2339.55,2343.95,0
2024-04-11 04:00:00,2343.95,2346.93,2343.02,2343.99,0
2024-04-11 05:00:00,2343.99,2346.17,2341.58,2343.01,0
2024-04-11 06:00:00,2343.01,2344.67,2338.97,2341.97,0
2024-04-11 07:00:00,2342.0,2342.23,2333.93,2336.05,0
2024-04-11 08:00:00,2336.09,2340.73,2335.27,2336.47,0
2024-04-11 09:00:00,2336.49,2337.98,2325.77,2328.05,0
2024-04-11 10:00:00,2328.07,2335.25,2328.0,2330.84,0
2024-04-11 11:00:00,2330.84,2339.26,2330.77,2338.58,0
2024-04-11 12:00:00,2338.58,2339.69,2335.63,2337.31,0
2024-04-11 13:00:00,2337.32,2344.37,2331.79,2341.47,0
2024-04-11 14:00:00,2341.38,2347.47,2336.97,2343.35,0
2024-04-11 15:00:00,2343.35,2346.9,2332.39,2338.96,0
2024-04-11 16:00:00,2338.99,2345.53,2337.66,2344.73,0
2024-04-11 17:00:00,2344.8,2350.82,2342.77,2349.88,0
2024-04-11 18:00:00,2349.88,2357.3,2348.1,2356.32,0
2024-04-11 19:00:00,2356.34,2365.09,2355.78,2361.54,0
2024-04-11 20:00:00,2361.52,2374.68,2361.5,2372.87,0
2024-04-11 21:00:00,2372.96,2377.71,2371.24,2372.41,0
2024-04-11 23:00:00,2371.98,2379.59,2370.66,2374.02,0
2024-04-12 00:00:00,2374.02,2377.13,2373.93,2376.88,0
2024-04-12 01:00:00,2377.17,2379.21,2374.64,2378.76,0
2024-04-12 02:00:00,2378.76,2391.47,2378.76,2390.77,0
2024-04-12 03:00:00,2390.85,2395.49,2387.98,2390.58,0
2024-04-12 04:00:00,2390.79,2391.24,2383.04,2384.29,0
2024-04-12 05:00:00,2384.32,2387.15,2382.84,2384.27,0
2024-04-12 06:00:00,2384.27,2390.15,2383.45,2387.51,0
2024-04-12 07:00:00,2387.51,2395.26,2384.73,2395.18,0
2024-04-12 08:00:00,2395.18,2400.33,2392.89,2399.99,0
2024-04-12 09:00:00,2400.3,2400.67,2394.17,2396.74,0
2024-04-12 10:00:00,2396.77,2400.29,2393.39,2398.19,0
2024-04-12 11:00:00,2398.19,2400.46,2395.99,2398.16,0
2024-04-12 12:00:00,2398.17,2398.26,2390.47,2395.45,0
2024-04-12 13:00:00,2395.45,2397.67,2391.66,2395.89,0
2024-04-12 14:00:00,2396.08,2406.63,2393.53,2404.21,0
2024-04-12 15:00:00,2404.59,2429.04,2400.44,2426.75,0
2024-04-12 16:00:00,2426.63,2431.52,2382.32,2395.62,0
2024-04-12 17:00:00,2395.61,2395.61,2360.92,2369.26,0
2024-04-12 18:00:00,2369.27,2373.03,2346.46,2355.29,0
2024-04-12 19:00:00,2355.19,2356.71,2335.45,2338.86,0
2024-04-12 20:00:00,2338.84,2345.45,2333.84,2343.29,0
2024-04-12 21:00:00,2343.36,2345.2,2341.82,2344.22,0
2024-04-14 23:00:00,2352.52,2372.76,2347.2,2357.04,0
2024-04-15 00:00:00,2357.05,2365.46,2355.2,2364.76,0
2024-04-15 01:00:00,2364.89,2365.98,2350.64,2353.32,0
2024-04-15 02:00:00,2353.32,2359.75,2348.42,2355.67,0
2024-04-15 03:00:00,2355.67,2364.74,2353.64,2359.67,0
2024-04-15 04:00:00,2359.67,2360.43,2354.8,2358.59,0
2024-04-15 05:00:00,2358.59,2358.71,2355.65,2356.73,0
2024-04-15 06:00:00,2356.73,2362.52,2352.1,2361.21,0
2024-04-15 07:00:00,2361.04,2361.58,2353.19,2354.91,0
2024-04-15 08:00:00,2354.91,2356.41,2350.04,2353.18,0
2024-04-15 09:00:00,2353.18,2356.14,2344.88,2351.7,0
2024-04-15 10:00:00,2351.7,2353.58,2346.41,2349.73,0
2024-04-15 11:00:00,2349.78,2357.07,2349.31,2356.84,0
2024-04-15 12:00:00,2356.84,2361.3,2355.57,2358.07,0
2024-04-15 13:00:00,2358.12,2359.31,2351.08,2357.36,0
2024-04-15 14:00:00,2357.36,2361.12,2343.22,2348.75,0
2024-04-15 15:00:00,2348.75,2352.5,2324.39,2349.53,0
2024-04-15 16:00:00,2349.49,2352.58,2342.67,2351.63,0
2024-04-15 17:00:00,2351.71,2360.09,2346.21,2357.18,0
2024-04-15 18:00:00,2357.22,2370.67,2354.12,2365.51,0
2024-04-15 19:00:00,2365.54,2378.18,2363.75,2376.01,0
2024-04-15 20:00:00,2375.97,2387.66,2374.07,2386.42,0
2024-04-15 21:00:00,2386.45,2386.51,2380.17,2383.1,0
2024-04-15 23:00:00,2382.26,2392.23,2380.54,2384.45,0
2024-04-16 00:00:00,2384.45,2387.38,2381.16,2382.07,0
2024-04-16 01:00:00,2381.98,2387.66,2380.21,2383.62,0
2024-04-16 02:00:00,2383.53,2386.98,2379.39,2383.75,0
2024-04-16 03:00:00,2383.75,2387.99,2379.55,2386.19,0
2024-04-16 04:00:00,2386.1,2389.37,2384.51,2388.03,0
2024-04-16 05:00:00,2388.03,2388.39,2384.11,2386.17,0
2024-04-16 06:00:00,2386.19,2389.09,2384.98,2386.42,0
2024-04-16 07:00:00,2386.42,2388.17,2368.74,2373.0,0
2024-04-16 08:00:00,2373.08,2375.31,2363.07,2365.57,0
2024-04-16 09:00:00,2365.57,2371.93,2365.18,2369.51,0
2024-04-16 10:00:00,2369.56,2373.26,2367.6,2372.37,0
2024-04-16 11:00:00,2372.37,2375.36,2368.74,2370.21,0
2024-04-16 12:00:00,2370.21,2375.31,2369.76,2374.05,0
2024-04-16 13:00:00,2374.05,2378.25,2368.54,2376.27,0
2024-04-16 14:00:00,2376.44,2379.33,2365.37,2366.32,0
2024-04-16 15:00:00,2366.35,2383.43,2363.59,2382.92,0
2024-04-16 16:00:00,2383.02,2393.02,2377.96,2386.09,0
2024-04-16 17:00:00,2386.15,2398.35,2385.59,2397.58,0
2024-04-16 18:00:00,2397.58,2397.75,2379.79,2384.8,0
2024-04-16 19:00:00,2384.73,2396.46,2383.62,2392.4,0
2024-04-16 20:00:00,2392.4,2395.26,2389.14,2389.82,0
2024-04-16 21:00:00,2389.76,2390.4,2378.39,2382.85,0
2024-04-16 23:00:00,2381.95,2387.03,2381.39,2384.98,0
2024-04-17 00:00:00,2384.98,2386.91,2382.49,2382.74,0
2024-04-17 01:00:00,2382.75,2384.76,2380.84,2384.48,0
2024-04-17 02:00:00,2384.51,2385.61,2381.35,2384.7,0
2024-04-17 03:00:00,2384.71,2386.29,2382.35,2382.42,0
2024-04-17 04:00:00,2382.27,2383.76,2380.75,2381.8,0
2024-04-17 05:00:00,2381.8,2383.08,2380.36,2382.0,0
2024-04-17 06:00:00,2381.98,2382.14,2374.26,2377.65,0
2024-04-17 07:00:00,2377.65,2381.61,2372.77,2381.08,0
2024-04-17 08:00:00,2381.09,2383.25,2377.97,2382.58,0
2024-04-17 09:00:00,2382.57,2393.62,2382.57,2393.01,0
2024-04-17 10:00:00,2393.01,2394.36,2389.88,2392.18,0
2024-04-17 11:00:00,2392.2,2393.87,2385.05,2386.7,0
2024-04-17 12:00:00,2386.59,2390.33,2385.87,2387.38,0
2024-04-17 13:00:00,2387.42,2388.08,2378.42,2383.38,0
2024-04-17 14:00:00,2383.34,2395.18,2383.04,2393.36,0
2024-04-17 15:00:00,2393.39,2395.62,2386.19,2390.53,0
2024-04-17 16:00:00,2390.53,2393.65,2382.06,2382.26,0
2024-04-17 17:00:00,2382.2,2384.5,2361.12,2372.43,0
2024-04-17 18:00:00,2372.43,2376.05,2368.18,2372.24,0
2024-04-17 19:00:00,2372.24,2379.14,2371.95,2374.44,0
2024-04-17 20:00:00,2374.42,2375.14,2367.9,2372.74,0
2024-04-17 21:00:00,2372.74,2373.36,2354.68,2361.16,0
2024-04-17 23:00:00,2361.57,2367.71,2361.37,2365.32,0
2024-04-18 00:00:00,2365.32,2368.24,2363.78,2367.96,0
2024-04-18 01:00:00,2367.95,2370.13,2367.0,2369.81,0
2024-04-18 02:00:00,2369.81,2372.08,2364.08,2367.33,0
2024-04-18 03:00:00,2367.33,2374.98,2366.75,2373.13,0
2024-04-18 04:00:00,2373.13,2375.37,2372.42,2374.88,0
2024-04-18 05:00:00,2374.86,2376.57,2373.17,2375.18,0
2024-04-18 06:00:00,2375.18,2377.18,2373.89,2376.82,0
2024-04-18 07:00:00,2376.82,2381.0,2376.36,2380.67,0
2024-04-18 08:00:00,2380.67,2381.01,2375.02,2377.9,0
2024-04-18 09:00:00,2377.72,2380.8,2377.46,2380.02,0
2024-04-18 10:00:00,2380.03,2380.85,2377.84,2379.64,0
2024-04-18 11:00:00,2379.64,2384.03,2377.3,2383.1,0
2024-04-18 12:00:00,2383.07,2385.43,2379.08,2380.98,0
2024-04-18 13:00:00,2380.99,2387.53,2380.66,2385.54,0
2024-04-18 14:00:00,2385.53,2392.89,2375.49,2379.71,0
2024-04-18 15:00:00,2379.71,2384.92,2369.64,2379.99,0
2024-04-18 16:00:00,2380.01,2385.5,2378.65,2384.17,0
2024-04-18 17:00:00,2384.17,2388.83,2381.6,2388.03,0
2024-04-18 18:00:00,2388.03,2389.38,2382.31,2384.89,0
2024-04-18 19:00:00,2384.89,2384.89,2379.63,2381.67,0
2024-04-18 20:00:00,2381.75,2385.19,2378.17,2380.28,0
2024-04-18 21:00:00,2380.22,2380.54,2376.87,2378.86,0
2024-04-18 23:00:00,2378.44,2380.67,2378.38,2379.26,0
2024-04-19 00:00:00,2379.26,2381.52,2379.16,2379.92,0
2024-04-19 01:00:00,2379.91,2379.92,2373.82,2379.54,0
2024-04-19 02:00:00,2379.55,2417.94,2378.85,2409.3,0
2024-04-19 03:00:00,2409.61,2414.84,2395.51,2400.49,0
2024-04-19 04:00:00,2400.49,2402.6,2382.94,2391.39,0
2024-04-19 05:00:00,2391.39,2391.47,2379.47,2383.61,0
2024-04-19 06:00:00,2383.61,2384.44,2380.37,2381.37,0
2024-04-19 07:00:00,2381.39,2391.91,2378.75,2390.13,0
2024-04-19 08:00:00,2390.15,2393.91,2384.74,2385.39,0
2024-04-19 09:00:00,2385.3,2386.39,2378.05,2384.32,0
2024-04-19 10:00:00,2384.34,2386.15,2380.03,2381.06,0
2024-04-19 11:00:00,2381.06,2383.18,2379.45,2381.15,0
2024-04-19 12:00:00,2381.13,2381.33,2372.89,2376.83,0
2024-04-19 13:00:00,2376.9,2384.49,2374.58,2381.54,0
2024-04-19 14:00:00,2381.48,2386.9,2373.1,2378.67,0
2024-04-19 15:00:00,2378.72,2391.98,2378.66,2391.2,0
2024-04-19 16:00:00,2391.2,2396.09,2389.36,2394.87,0
2024-04-19 17:00:00,2394.86,2399.75,2389.9,2399.7,0
2024-04-19 18:00:00,2399.67,2401.98,2392.43,2393.71,0
2024-04-19 19:00:00,2393.71,2398.19,2392.82,2398.19,0
2024-04-19 20:00:00,2398.19,2398.28,2386.7,2387.63,0
2024-04-19 21:00:00,2387.63,2391.34,2386.74,2390.63,0
2024-04-21 23:00:00,2388.86,2389.8,2381.72,2383.77,0
2024-04-22 00:00:00,2383.76,2387.86,2382.99,2386.54,0
2024-04-22 01:00:00,2386.56,2386.59,2381.16,2382.22,0
2024-04-22 02:00:00,2382.12,2384.35,2376.12,2378.14,0
2024-04-22 03:00:00,2378.14,2378.17,2372.7,2372.74,0
2024-04-22 04:00:00,2372.75,2372.75,2362.13,2369.41,0
2024-04-22 05:00:00,2369.51,2372.96,2368.78,2369.72,0
2024-04-22 06:00:00,2370.08,2370.55,2360.95,2365.57,0
2024-04-22 07:00:00,2365.56,2367.09,2351.6,2355.94,0
2024-04-22 08:00:00,2355.94,2361.16,2354.99,2361.06,0
2024-04-22 09:00:00,2361.03,2363.16,2358.0,2359.65,0
2024-04-22 10:00:00,2359.58,2363.73,2359.19,2361.28,0
2024-04-22 11:00:00,2361.21,2361.5,2356.2,2357.73,0
2024-04-22 12:00:00,2357.73,2357.73,2339.48,2342.22,0
2024-04-22 13:00:00,2342.24,2350.37,2333.08,2336.89,0
2024-04-22 14:00:00,2336.89,2343.79,2331.22,2338.59,0
2024-04-22 15:00:00,2338.59,2343.85,2333.1,2341.26,0
2024-04-22 16:00:00,2341.31,2341.86,2332.76,2334.81,0
2024-04-22 17:00:00,2334.85,2336.51,2329.04,2329.9,0
2024-04-22 18:00:00,2329.89,2334.88,2329.63,2330.04,0
2024-04-22 19:00:00,2330.06,2331.03,2324.57,2327.65,0
2024-04-22 20:00:00,2327.68,2331.71,2327.44,2329.37,0
2024-04-22 21:00:00,2329.36,2330.24,2325.29,2327.25,0
2024-04-22 23:00:00,2327.32,2331.5,2327.0,2330.48,0
2024-04-23 00:00:00,2330.49,2333.97,2328.15,2333.84,0
2024-04-23 01:00:00,2333.7,2333.89,2330.18,2332.72,0
2024-04-23 02:00:00,2332.66,2334.48,2295.64,2298.97,0
2024-04-23 03:00:00,2298.95,2314.44,2298.38,2301.95,0
2024-04-23 04:00:00,2301.91,2307.25,2301.0,2302.61,0
2024-04-23 05:00:00,2302.62,2308.21,2301.83,2305.59,0
2024-04-23 06:00:00,2305.59,2314.8,2304.39,2308.32,0
2024-04-23 07:00:00,2308.31,2310.09,2298.9,2302.03,0
2024-04-23 08:00:00,2301.98,2311.31,2301.28,2309.08,0
2024-04-23 09:00:00,2309.15,2309.76,2301.93,2303.3,0
2024-04-23 10:00:00,2303.34,2303.44,2291.51,2295.74,0
2024-04-23 11:00:00,2295.74,2306.25,2295.53,2303.31,0
2024-04-23 12:00:00,2303.09,2303.26,2299.81,2302.19,0
2024-04-23 13:00:00,2302.19,2313.63,2301.26,2311.9,0
2024-04-23 14:00:00,2311.91,2330.79,2309.55,2329.62,0
2024-04-23 15:00:00,2329.61,2332.14,2314.57,2320.36,0
2024-04-23 16:00:00,2320.46,2324.59,2315.32,2323.26,0
2024-04-23 17:00:00,2323.26,2331.17,2321.79,2330.39,0
2024-04-23 18:00:00,2330.35,2331.39,2325.14,2326.37,0
2024-04-23 19:00:00,2326.44,2329.79,2323.69,2324.32,0
2024-04-23 20:00:00,2324.32,2325.13,2321.33,2322.35,0
2024-04-23 21:00:00,2322.37,2323.32,2321.43,2322.11,0
2024-04-23 23:00:00,2321.7,2323.13,2321.42,2321.88,0
2024-04-24 00:00:00,2321.88,2324.36,2321.88,2323.33,0
2024-04-24 01:00:00,2323.36,2323.62,2320.83,2320.97,0
2024-04-24 02:00:00,2320.97,2323.18,2316.27,2318.33,0
2024-04-24 03:00:00,2318.33,2322.25,2315.86,2321.68,0
2024-04-24 04:00:00,2321.68,2328.17,2320.92,2327.97,0
2024-04-24 05:00:00,2327.98,2330.14,2325.24,2326.71,0
2024-04-24 06:00:00,2326.71,2329.93,2324.56,2328.91,0
2024-04-24 07:00:00,2328.92,2331.28,2324.31,2326.89,0
2024-04-24 08:00:00,2326.79,2326.79,2320.75,2320.75,0
2024-04-24 09:00:00,2320.77,2322.0,2316.24,2319.24,0
2024-04-24 10:00:00,2319.23,2319.4,2311.84,2315.12,0
2024-04-24 11:00:00,2315.14,2318.6,2314.38,2316.83,0
2024-04-24 12:00:00,2316.84,2317.07,2313.23,2316.2,0
2024-04-24 13:00:00,2316.2,2323.56,2312.18,2323.31,0
2024-04-24 14:00:00,2323.31,2326.12,2316.17,2321.35,0
2024-04-24 15:00:00,2321.34,2330.46,2316.95,2329.74,0
2024-04-24 16:00:00,2329.8,2337.34,2322.66,2322.66,0
2024-04-24 17:00:00,2322.66,2326.47,2321.92,2325.16,0
2024-04-24 18:00:00,2325.16,2330.53,2321.87,2324.45,0
2024-04-24 19:00:00,2324.5,2324.74,2318.68,2320.54,0
2024-04-24 20:00:00,2320.53,2322.5,2317.82,2319.04,0
2024-04-24 21:00:00,2319.05,2319.68,2313.7,2315.96,0
2024-04-24 23:00:00,2315.18,2318.62,2315.18,2318.05,0
2024-04-25 00:00:00,2318.06,2318.3,2315.52,2316.31,0
2024-04-25 01:00:00,2316.42,2319.47,2315.55,2319.25,0
2024-04-25 02:00:00,2319.25,2320.74,2316.06,2319.25,0
2024-04-25 03:00:00,2319.25,2322.14,2318.94,2319.9,0
2024-04-25 04:00:00,2319.9,2320.73,2305.1,2313.28,0
2024-04-25 05:00:00,2313.28,2315.91,2312.44,2315.37,0
2024-04-25 06:00:00,2315.39,2320.82,2314.53,2319.61,0
2024-04-25 07:00:00,2319.59,2323.58,2317.81,2322.8,0
2024-04-25 08:00:00,2322.8,2326.18,2320.27,2325.75,0
2024-04-25 09:00:00,2325.75,2328.93,2324.93,2326.95,0
2024-04-25 10:00:00,2326.95,2327.66,2324.18,2324.99,0
2024-04-25 11:00:00,2325.0,2328.74,2324.3,2328.2,0
2024-04-25 12:00:00,2328.1,2330.66,2326.78,2328.6,0
2024-04-25 13:00:00,2328.6,2334.74,2323.34,2330.74,0
2024-04-25 14:00:00,2330.83,2331.25,2312.91,2319.04,0
2024-04-25 15:00:00,2319.03,2344.89,2317.03,2333.95,0
2024-04-25 16:00:00,2333.83,2336.75,2327.2,2330.47,0
2024-04-25 17:00:00,2330.47,2332.45,2323.18,2328.76,0
2024-04-25 18:00:00,2328.79,2332.31,2326.33,2332.25,0
2024-04-25 19:00:00,2332.26,2335.09,2330.69,2333.12,0
2024-04-25 20:00:00,2333.03,2336.5,2331.58,2333.01,0
2024-04-25 21:00:00,2332.99,2333.78,2330.99,2332.37,0
2024-04-25 23:00:00,2332.18,2333.72,2331.78,2332.69,0
2024-04-26 00:00:00,2332.65,2332.71,2330.14,2330.71,0
2024-04-26 01:00:00,2330.71,2331.48,2328.79,2329.95,0
2024-04-26 02:00:00,2329.95,2333.23,2326.37,2332.18,0
2024-04-26 03:00:00,2332.17,2336.31,2331.17,2333.95,0
2024-04-26 04:00:00,2333.95,2335.0,2332.25,2334.71,0
2024-04-26 05:00:00,2334.78,2338.14,2333.55,2335.99,0
2024-04-26 06:00:00,2335.98,2338.61,2334.0,2337.85,0
2024-04-26 07:00:00,2337.94,2343.18,2337.41,2341.01,0
2024-04-26 08:00:00,2341.03,2346.92,2338.18,2345.64,0
2024-04-26 09:00:00,2345.63,2350.23,2344.19,2347.07,0
2024-04-26 10:00:00,2347.07,2352.61,2346.83,2349.39,0
2024-04-26 11:00:00,2349.39,2350.43,2345.84,2348.15,0
2024-04-26 12:00:00,2348.13,2348.64,2343.49,2344.95,0
2024-04-26 13:00:00,2344.95,2351.62,2340.7,2344.86,0
2024-04-26 14:00:00,2344.89,2350.45,2336.93,2341.48,0
2024-04-26 15:00:00,2341.48,2345.32,2328.74,2333.62,0
2024-04-26 16:00:00,2333.62,2337.73,2331.3,2336.75,0
2024-04-26 17:00:00,2336.75,2338.97,2333.13,2333.66,0
2024-04-26 18:00:00,2333.64,2340.39,2332.75,2338.58,0
2024-04-26 19:00:00,2338.58,2341.46,2337.77,2340.96,0
2024-04-26 20:00:00,2340.94,2340.97,2336.16,2340.07,0
2024-04-26 21:00:00,2340.2,2340.2,2336.38,2337.78,0
2024-04-28 23:00:00,2336.43,2337.68,2332.53,2334.81,0
2024-04-29 00:00:00,2334.81,2336.89,2334.37,2336.0,0
2024-04-29 01:00:00,2335.95,2336.32,2330.73,2332.15,0
2024-04-29 02:00:00,2332.14,2332.14,2319.91,2331.09,0
2024-04-29 03:00:00,2331.09,2331.59,2324.12,2324.32,0
2024-04-29 04:00:00,2324.31,2329.45,2323.65,2328.48,0
2024-04-29 05:00:00,2328.48,2333.29,2327.42,2332.7,0
2024-04-29 06:00:00,2332.7,2336.58,2329.39,2330.51,0
2024-04-29 07:00:00,2330.55,2333.61,2327.52,2329.25,0
2024-04-29 08:00:00,2329.25,2337.95,2329.15,2337.36,0
2024-04-29 09:00:00,2337.35,2341.34,2336.22,2338.14,0
2024-04-29 10:00:00,2338.17,2344.42,2336.77,2343.27,0
2024-04-29 11:00:00,2343.27,2344.18,2340.02,2341.28,0
2024-04-29 12:00:00,2341.19,2342.99,2335.41,2337.07,0
2024-04-29 13:00:00,2337.09,2337.56,2328.34,2332.01,0
2024-04-29 14:00:00,2332.0,2336.67,2325.64,2334.08,0
2024-04-29 15:00:00,2334.02,2339.58,2333.98,2337.85,0
2024-04-29 16:00:00,2337.85,2338.94,2332.86,2337.92,0
2024-04-29 17:00:00,2337.91,2346.76,2337.54,2342.81,0
2024-04-29 18:00:00,2342.93,2346.69,2339.83,2342.23,0
2024-04-29 19:00:00,2342.23,2343.9,2337.79,2341.37,0
2024-04-29 20:00:00,2341.3,2341.3,2333.03,2335.76,0
2024-04-29 21:00:00,2335.74,2337.21,2335.13,2335.36,0
2024-04-29 23:00:00,2335.68,2336.37,2334.21,2335.01,0
2024-04-30 00:00:00,2335.01,2335.11,2332.89,2333.19,0
2024-04-30 01:00:00,2333.19,2334.81,2331.81,2334.05,0
2024-04-30 02:00:00,2334.05,2336.22,2332.5,2334.09,0
2024-04-30 03:00:00,2334.09,2334.53,2326.93,2331.37,0
2024-04-30 04:00:00,2331.36,2331.73,2328.68,2329.27,0
2024-04-30 05:00:00,2329.26,2329.56,2325.04,2326.51,0
2024-04-30 06:00:00,2326.5,2326.99,2321.81,2322.97,0
2024-04-30 07:00:00,2322.97,2323.59,2318.83,2322.5,0
2024-04-30 08:00:00,2322.5,2322.72,2315.37,2317.61,0
2024-04-30 09:00:00,2317.6,2318.51,2310.72,2312.93,0
2024-04-30 10:00:00,2312.98,2317.42,2312.35,2314.86,0
2024-04-30 11:00:00,2314.87,2318.03,2314.27,2315.55,0
2024-04-30 12:00:00,2315.51,2315.59,2309.58,2312.79,0
2024-04-30 13:00:00,2312.79,2313.49,2304.71,2306.13,0
2024-04-30 14:00:00,2306.14,2313.34,2302.9,2307.83,0
2024-04-30 15:00:00,2307.81,2310.8,2293.26,2293.26,0
2024-04-30 16:00:00,2293.45,2300.55,2293.26,2295.95,0
2024-04-30 17:00:00,2295.96,2299.37,2294.57,2294.76,0
2024-04-30 18:00:00,2294.77,2297.3,2291.62,2296.03,0
2024-04-30 19:00:00,2295.95,2297.55,2290.0,2290.17,0
2024-04-30 20:00:00,2290.14,2294.91,2289.38,2290.88,0
2024-04-30 21:00:00,2290.7,2293.57,2285.17,2286.3,0
2024-04-30 23:00:00,2286.49,2291.95,2286.34,2291.42,0
2024-05-01 00:00:00,2291.44,2293.3,2290.01,2291.41,0
2024-05-01 01:00:00,2291.36,2292.9,2285.84,2286.95,0
2024-05-01 02:00:00,2286.9,2289.58,2286.06,2288.08,0
2024-05-01 03:00:00,2288.08,2288.72,2286.8,2288.07,0
2024-05-01 04:00:00,2288.06,2288.43,2283.18,2284.21,0
2024-05-01 05:00:00,2284.21,2285.51,2281.73,2283.31,0
2024-05-01 06:00:00,2283.31,2288.51,2282.61,2287.51,0
2024-05-01 07:00:00,2287.38,2289.81,2286.5,2286.9,0
2024-05-01 08:00:00,2286.9,2288.02,2283.52,2285.93,0
2024-05-01 09:00:00,2285.85,2286.85,2283.83,2286.34,0
2024-05-01 10:00:00,2286.38,2293.14,2285.82,2291.98,0
2024-05-01 11:00:00,2292.07,2294.33,2289.2,2293.18,0
2024-05-01 12:00:00,2293.18,2297.13,2291.47,2294.61,0
2024-05-01 13:00:00,2294.61,2300.04,2294.21,2298.33,0
2024-05-01 14:00:00,2298.3,2303.51,2295.24,2303.06,0
2024-05-01 15:00:00,2304.57,2310.5,2297.47,2304.55,0
2024-05-01 16:00:00,2304.54,2310.5,2302.59,2307.31,0
2024-05-01 17:00:00,2307.33,2307.39,2301.91,2303.79,0
2024-05-01 18:00:00,2303.8,2305.06,2297.64,2300.04,0
2024-05-01 19:00:00,2299.94,2328.34,2295.87,2325.35,0
2024-05-01 20:00:00,2325.35,2327.93,2309.8,2309.8,0
2024-05-01 21:00:00,2309.89,2320.65,2307.06,2319.48,0
2024-05-01 23:00:00,2321.78,2323.32,2317.78,2320.9,0
2024-05-02 00:00:00,2320.95,2324.81,2320.78,2323.79,0
2024-05-02 01:00:00,2323.78,2326.03,2323.0,2324.47,0
2024-05-02 02:00:00,2324.46,2326.5,2321.83,2324.17,0
2024-05-02 03:00:00,2324.17,2325.62,2318.77,2320.28,0
2024-05-02 04:00:00,2320.27,2320.67,2317.41,2319.57,0
2024-05-02 05:00:00,2319.66,2321.02,2318.15,2318.24,0
2024-05-02 06:00:00,2318.21,2318.46,2313.06,2315.03,0
2024-05-02 07:00:00,2315.04,2319.13,2312.6,2313.68,0
2024-05-02 08:00:00,2313.54,2315.11,2308.18,2309.28,0
2024-05-02 09:00:00,2309.39,2311.13,2303.16,2304.13,0
2024-05-02 10:00:00,2304.13,2305.4,2298.89,2301.92,0
2024-05-02 11:00:00,2301.91,2301.93,2295.23,2299.36,0
2024-05-02 12:00:00,2299.46,2302.92,2297.57,2299.02,0
2024-05-02 13:00:00,2299.03,2304.51,2293.58,2294.54,0
2024-05-02 14:00:00,2294.52,2295.7,2285.51,2291.57,0
2024-05-02 15:00:00,2291.95,2304.92,2287.74,2304.05,0
2024-05-02 16:00:00,2304.06,2306.96,2297.33,2299.97,0
2024-05-02 17:00:00,2299.97,2303.89,2297.96,2299.63,0
2024-05-02 18:00:00,2299.65,2308.57,2299.34,2308.09,0
2024-05-02 19:00:00,2308.08,2309.5,2305.12,2308.07,0
2024-05-02 20:00:00,2308.08,2308.1,2301.65,2303.0,0
2024-05-02 21:00:00,2302.96,2303.99,2300.75,2303.51,0
2024-05-02 23:00:00,2303.97,2305.78,2303.52,2304.01,0
2024-05-03 00:00:00,2304.01,2304.63,2302.46,2304.27,0
2024-05-03 01:00:00,2304.27,2304.86,2300.41,2304.05,0
2024-05-03 02:00:00,2304.05,2306.41,2301.91,2302.65,0
2024-05-03 03:00:00,2302.54,2303.06,2299.94,2301.11,0
2024-05-03 04:00:00,2301.11,2302.47,2300.59,2302.47,0
2024-05-03 05:00:00,2302.47,2308.07,2302.16,2307.43,0
2024-05-03 06:00:00,2307.44,2308.79,2305.83,2306.09,0
2024-05-03 07:00:00,2306.11,2306.42,2298.38,2298.52,0
2024-05-03 08:00:00,2298.53,2301.47,2297.8,2299.28,0
2024-05-03 09:00:00,2299.28,2302.68,2298.4,2301.42,0
2024-05-03 10:00:00,2301.42,2303.18,2299.52,2301.59,0
2024-05-03 11:00:00,2301.58,2301.72,2297.99,2299.21,0
2024-05-03 12:00:00,2299.2,2299.92,2296.38,2298.34,0
2024-05-03 13:00:00,2298.34,2320.62,2294.7,2304.79,0
2024-05-03 14:00:00,2304.79,2308.98,2277.34,2289.68,0
2024-05-03 15:00:00,2289.67,2302.79,2283.25,2291.23,0
2024-05-03 16:00:00,2291.26,2299.07,2289.7,2293.77,0
2024-05-03 17:00:00,2293.79,2300.29,2292.9,2299.31,0
2024-05-03 18:00:00,2299.35,2303.19,2296.47,2302.09,0
2024-05-03 19:00:00,2302.14,2302.99,2297.46,2299.36,0
2024-05-03 20:00:00,2299.36,2301.53,2296.09,2301.45,0
2024-05-03 21:00:00,2301.45,2303.47,2300.77,2301.67,0
2024-05-05 23:00:00,2304.9,2306.09,2300.47,2301.85,0
2024-05-06 00:00:00,2301.86,2302.92,2293.36,2294.0,0
2024-05-06 01:00:00,2294.0,2297.96,2291.85,2296.08,0
2024-05-06 02:00:00,2296.08,2309.15,2296.05,2308.43,0
2024-05-06 03:00:00,2308.43,2315.4,2307.62,2311.16,0
2024-05-06 04:00:00,2311.23,2311.99,2308.39,2309.36,0
2024-05-06 05:00:00,2309.41,2311.84,2308.21,2309.23,0
2024-05-06 06:00:00,2309.23,2313.96,2308.76,2313.52,0
2024-05-06 07:00:00,2313.48,2314.86,2311.85,2314.19,0
2024-05-06 08:00:00,2314.19,2324.28,2312.43,2322.95,0
2024-05-06 09:00:00,2322.81,2323.19,2317.31,2318.27,0
2024-05-06 10:00:00,2318.27,2322.09,2315.65,2321.2,0
2024-05-06 11:00:00,2321.19,2322.1,2318.76,2319.44,0
2024-05-06 12:00:00,2319.44,2322.59,2316.01,2318.27,0
2024-05-06 13:00:00,2318.27,2330.24,2314.63,2323.36,0
2024-05-06 14:00:00,2323.36,2332.04,2321.65,2328.03,0
2024-05-06 15:00:00,2327.95,2330.62,2319.05,2321.18,0
2024-05-06 16:00:00,2321.1,2325.57,2319.58,2324.91,0
2024-05-06 17:00:00,2324.86,2327.51,2317.97,2325.66,0
2024-05-06 18:00:00,2325.66,2326.28,2321.07,2324.71,0
2024-05-06 19:00:00,2324.73,2326.58,2324.41,2326.36,0
2024-05-06 20:00:00,2326.36,2327.22,2323.62,2325.06,0
2024-05-06 21:00:00,2325.05,2328.82,2323.67,2323.76,0
2024-05-06 23:00:00,2324.18,2327.0,2323.99,2326.81,0
2024-05-07 00:00:00,2326.81,2327.07,2322.25,2326.09,0
2024-05-07 01:00:00,2326.23,2329.55,2325.62,2329.33,0
2024-05-07 02:00:00,2329.33,2329.99,2322.52,2322.84,0
2024-05-07 03:00:00,2322.83,2324.36,2319.68,2321.58,0
2024-05-07 04:00:00,2321.58,2325.18,2321.22,2325.02,0
2024-05-07 05:00:00,2325.02,2325.14,2321.39,2322.7,0
2024-05-07 06:00:00,2322.7,2323.35,2320.29,2321.62,0
2024-05-07 07:00:00,2321.52,2321.52,2318.38,2320.53,0
2024-05-07 08:00:00,2320.53,2322.07,2317.81,2319.37,0
2024-05-07 09:00:00,2319.39,2319.95,2311.76,2315.77,0
2024-05-07 10:00:00,2315.77,2317.27,2312.74,2313.82,0
2024-05-07 11:00:00,2313.81,2315.95,2312.2,2315.43,0
2024-05-07 12:00:00,2315.43,2316.59,2312.16,2312.43,0
2024-05-07 13:00:00,2312.41,2317.42,2310.03,2316.13,0
2024-05-07 14:00:00,2316.08,2323.78,2315.45,2318.49,0
2024-05-07 15:00:00,2318.51,2322.47,2312.51,2314.23,0
2024-05-07 16:00:00,2314.23,2319.19,2312.84,2314.83,0
2024-05-07 17:00:00,2315.06,2316.21,2312.47,2312.54,0
2024-05-07 18:00:00,2312.54,2317.46,2311.11,2314.32,0
2024-05-07 19:00:00,2314.12,2315.4,2313.06,2314.59,0
2024-05-07 20:00:00,2314.59,2315.65,2311.86,2314.74,0
2024-05-07 21:00:00,2314.75,2315.61,2312.79,2313.83,0
2024-05-07 23:00:00,2313.7,2316.89,2313.66,2314.57,0
2024-05-08 00:00:00,2314.57,2316.38,2314.26,2315.18,0
2024-05-08 01:00:00,2315.26,2316.35,2313.9,2314.22,0
2024-05-08 02:00:00,2314.22,2314.51,2306.98,2307.83,0
2024-05-08 03:00:00,2307.79,2317.51,2307.37,2317.21,0
2024-05-08 04:00:00,2317.21,2318.23,2315.44,2317.1,0
2024-05-08 05:00:00,2317.1,2319.37,2316.91,2319.32,0
2024-05-08 06:00:00,2319.32,2321.48,2317.71,2317.76,0
2024-05-08 07:00:00,2317.76,2318.98,2313.68,2314.71,0
2024-05-08 08:00:00,2314.71,2314.95,2305.46,2305.89,0
2024-05-08 09:00:00,2305.74,2309.33,2303.73,2307.37,0
2024-05-08 10:00:00,2307.37,2311.45,2307.07,2310.85,0
2024-05-08 11:00:00,2310.93,2317.13,2310.75,2315.55,0
2024-05-08 12:00:00,2315.54,2318.11,2312.9,2314.72,0
2024-05-08 13:00:00,2314.71,2319.12,2313.44,2314.59,0
2024-05-08 14:00:00,2314.61,2316.25,2306.92,2310.02,0
2024-05-08 15:00:00,2310.06,2317.81,2309.09,2315.56,0
2024-05-08 16:00:00,2315.56,2320.42,2312.71,2320.38,0
2024-05-08 17:00:00,2320.44,2321.13,2315.9,2317.1,0
2024-05-08 18:00:00,2317.1,2317.58,2313.74,2313.88,0
2024-05-08 19:00:00,2313.88,2313.91,2311.42,2312.7,0
2024-05-08 20:00:00,2312.7,2312.82,2308.07,2308.23,0
2024-05-08 21:00:00,2308.21,2309.67,2307.94,2308.83,0
2024-05-08 23:00:00,2308.9,2311.0,2308.42,2309.77,0
2024-05-09 00:00:00,2309.77,2310.07,2308.05,2308.86,0
2024-05-09 01:00:00,2308.93,2310.62,2307.93,2309.34,0
2024-05-09 02:00:00,2309.34,2312.33,2308.83,2309.97,0
2024-05-09 03:00:00,2309.97,2311.7,2307.95,2310.37,0
2024-05-09 04:00:00,2310.36,2313.09,2309.44,2312.39,0
2024-05-09 05:00:00,2312.39,2315.3,2311.95,2314.54,0
2024-05-09 06:00:00,2314.6,2319.82,2314.5,2316.71,0
2024-05-09 07:00:00,2316.65,2317.09,2313.79,2314.34,0
2024-05-09 08:00:00,2314.53,2315.06,2307.62,2309.43,0
2024-05-09 09:00:00,2309.42,2313.4,2309.1,2310.46,0
2024-05-09 10:00:00,2310.44,2312.04,2306.67,2307.66,0
2024-05-09 11:00:00,2307.64,2312.94,2307.35,2311.79,0
2024-05-09 12:00:00,2311.79,2316.74,2311.1,2315.99,0
2024-05-09 13:00:00,2315.99,2329.33,2314.63,2326.77,0
2024-05-09 14:00:00,2326.77,2326.77,2312.23,2324.42,0
2024-05-09 15:00:00,2324.41,2338.81,2323.39,2333.41,0
2024-05-09 16:00:00,2333.41,2337.67,2328.27,2330.46,0
2024-05-09 17:00:00,2330.46,2334.05,2329.58,2329.81,0
2024-05-09 18:00:00,2329.81,2335.08,2329.33,2334.9,0
2024-05-09 19:00:00,2334.86,2337.72,2333.92,2337.62,0
2024-05-09 20:00:00,2337.63,2344.02,2335.66,2343.87,0
2024-05-09 21:00:00,2343.87,2347.27,2343.21,2346.02,0
2024-05-09 23:00:00,2346.47,2347.9,2345.27,2346.48,0
2024-05-10 00:00:00,2346.48,2348.43,2345.91,2346.6,0
2024-05-10 01:00:00,2346.88,2349.04,2346.07,2347.6,0
2024-05-10 02:00:00,2347.61,2355.9,2347.49,2350.38,0
2024-05-10 03:00:00,2350.38,2351.83,2347.22,2349.49,0
2024-05-10 04:00:00,2349.49,2354.08,2349.19,2353.42,0
2024-05-10 05:00:00,2353.47,2354.61,2351.28,2354.02,0
2024-05-10 06:00:00,2354.02,2358.86,2353.82,2357.24,0
2024-05-10 07:00:00,2357.05,2369.16,2356.08,2368.57,0
2024-05-10 08:00:00,2368.56,2370.38,2364.86,2366.72,0
2024-05-10 09:00:00,2366.72,2372.2,2365.95,2369.65,0
2024-05-10 10:00:00,2369.65,2375.44,2369.65,2372.59,0
2024-05-10 11:00:00,2372.58,2378.48,2371.71,2374.78,0
2024-05-10 12:00:00,2374.79,2375.73,2371.21,2372.24,0
2024-05-10 13:00:00,2372.24,2375.73,2361.85,2364.86,0
2024-05-10 14:00:00,2364.86,2372.05,2360.27,2367.41,0
2024-05-10 15:00:00,2367.41,2373.04,2357.83,2360.8,0
2024-05-10 16:00:00,2360.7,2366.39,2356.65,2364.92,0
2024-05-10 17:00:00,2364.93,2370.04,2361.74,2368.34,0
2024-05-10 18:00:00,2368.34,2370.09,2366.91,2369.64,0
2024-05-10 19:00:00,2369.69,2371.0,2366.71,2367.35,0
2024-05-10 20:00:00,2367.35,2367.52,2362.27,2363.41,0
2024-05-10 21:00:00,2363.41,2365.06,2359.79,2360.47,0
2024-05-12 23:00:00,2361.65,2363.23,2360.15,2361.51,0
2024-05-13 00:00:00,2361.58,2362.56,2359.79,2360.45,0
2024-05-13 01:00:00,2360.42,2364.53,2359.89,2364.05,0
2024-05-13 02:00:00,2364.05,2364.18,2354.87,2359.23,0
2024-05-13 03:00:00,2359.23,2359.9,2357.66,2359.07,0
2024-05-13 04:00:00,2359.07,2359.48,2356.32,2357.11,0
2024-05-13 05:00:00,2357.11,2357.11,2354.18,2354.36,0
2024-05-13 06:00:00,2354.36,2355.13,2351.34,2352.71,0
2024-05-13 07:00:00,2352.78,2354.5,2347.44,2349.67,0
2024-05-13 08:00:00,2349.67,2351.32,2346.62,2348.66,0
2024-05-13 09:00:00,2348.55,2350.42,2341.67,2343.32,0
2024-05-13 10:00:00,2343.32,2344.39,2339.15,2340.23,0
2024-05-13 11:00:00,2340.16,2344.15,2339.32,2343.39,0
2024-05-13 12:00:00,2343.43,2346.67,2338.47,2344.66,0
2024-05-13 13:00:00,2344.66,2349.86,2343.72,2347.15,0
2024-05-13 14:00:00,2347.18,2349.44,2340.37,2344.17,0
2024-05-13 15:00:00,2344.17,2346.08,2340.77,2343.76,0
2024-05-13 16:00:00,2343.76,2343.8,2332.17,2336.0,0
2024-05-13 17:00:00,2336.0,2337.92,2334.78,2336.79,0
2024-05-13 18:00:00,2336.79,2338.27,2334.51,2335.96,0
2024-05-13 19:00:00,2335.96,2338.04,2335.82,2337.35,0
2024-05-13 20:00:00,2337.42,2338.53,2335.9,2337.38,0
2024-05-13 21:00:00,2337.38,2337.49,2335.28,2336.14,0
2024-05-13 23:00:00,2336.3,2338.51,2335.9,2337.7,0
2024-05-14 00:00:00,2337.71,2339.41,2337.55,2338.46,0
2024-05-14 01:00:00,2338.44,2339.79,2334.87,2336.45,0
2024-05-14 02:00:00,2336.42,2342.15,2336.42,2342.06,0
2024-05-14 03:00:00,2342.06,2344.51,2340.1,2340.48,0
2024-05-14 04:00:00,2340.48,2343.68,2339.95,2343.27,0
2024-05-14 05:00:00,2343.18,2344.93,2342.63,2344.11,0
2024-05-14 06:00:00,2344.13,2345.96,2342.67,2344.77,0
2024-05-14 07:00:00,2344.74,2345.32,2336.87,2338.25,0
2024-05-14 08:00:00,2338.25,2339.81,2336.12,2339.24,0
2024-05-14 09:00:00,2339.24,2344.03,2337.85,2343.83,0
2024-05-14 10:00:00,2343.79,2348.29,2343.73,2345.9,0
2024-05-14 11:00:00,2345.9,2347.6,2342.68,2345.77,0
2024-05-14 12:00:00,2345.75,2346.35,2342.47,2343.6,0
2024-05-14 13:00:00,2343.64,2350.29,2336.62,2348.26,0
2024-05-14 14:00:00,2348.32,2355.16,2344.99,2353.96,0
2024-05-14 15:00:00,2353.87,2357.09,2348.14,2353.14,0
2024-05-14 16:00:00,2353.14,2353.92,2347.36,2347.96,0
2024-05-14 17:00:00,2347.93,2355.58,2346.38,2354.26,0
2024-05-14 18:00:00,2354.26,2356.62,2352.05,2355.95,0
2024-05-14 19:00:00,2355.94,2359.72,2355.81,2357.68,0
2024-05-14 20:00:00,2357.68,2358.05,2355.11,2356.64,0
2024-05-14 21:00:00,2356.67,2358.47,2356.16,2358.0,0
2024-05-14 23:00:00,2357.81,2358.15,2356.33,2357.6,0
2024-05-15 00:00:00,2357.6,2357.61,2355.17,2355.89,0
2024-05-15 01:00:00,2355.89,2356.99,2354.98,2355.9,0
2024-05-15 02:00:00,2355.9,2359.06,2354.96,2357.46,0
2024-05-15 03:00:00,2357.47,2359.16,2356.64,2358.71,0
2024-05-15 04:00:00,2358.7,2360.98,2357.74,2360.35,0
2024-05-15 05:00:00,2360.36,2360.86,2356.21,2357.05,0
2024-05-15 06:00:00,2357.05,2359.12,2355.78,2358.59,0
2024-05-15 07:00:00,2358.59,2359.75,2356.91,2358.83,0
2024-05-15 08:00:00,2358.84,2364.87,2358.55,2362.52,0
2024-05-15 09:00:00,2362.52,2374.33,2362.45,2373.24,0
2024-05-15 10:00:00,2373.28,2374.3,2368.29,2369.31,0
2024-05-15 11:00:00,2369.49,2370.91,2365.33,2365.95,0
2024-05-15 12:00:00,2365.95,2366.78,2362.1,2362.77,0
2024-05-15 13:00:00,2362.79,2379.0,2358.29,2372.61,0
2024-05-15 14:00:00,2372.61,2375.54,2351.87,2358.17,0
2024-05-15 15:00:00,2357.99,2373.83,2353.9,2373.79,0
2024-05-15 16:00:00,2373.86,2385.81,2373.12,2377.6,0
2024-05-15 17:00:00,2377.66,2386.73,2377.13,2383.73,0
2024-05-15 18:00:00,2383.73,2390.26,2383.69,2389.24,0
2024-05-15 19:00:00,2389.24,2389.41,2383.64,2385.46,0
2024-05-15 20:00:00,2385.46,2387.54,2383.85,2386.42,0
2024-05-15 21:00:00,2386.42,2388.57,2385.49,2385.76,0
2024-05-15 23:00:00,2385.62,2389.56,2385.13,2389.16,0
2024-05-16 00:00:00,2389.15,2391.94,2389.0,2391.88,0
2024-05-16 01:00:00,2391.88,2395.22,2390.32,2395.06,0
2024-05-16 02:00:00,2395.06,2397.4,2389.63,2391.64,0
2024-05-16 03:00:00,2391.65,2391.83,2386.62,2387.54,0
2024-05-16 04:00:00,2387.54,2390.79,2386.6,2388.74,0
2024-05-16 05:00:00,2388.74,2392.19,2387.12,2391.38,0
2024-05-16 06:00:00,2391.42,2394.52,2390.23,2390.23,0
2024-05-16 07:00:00,2390.32,2390.47,2386.52,2387.11,0
2024-05-16 08:00:00,2387.11,2391.22,2384.76,2389.37,0
2024-05-16 09:00:00,2389.37,2391.45,2385.44,2386.09,0
2024-05-16 10:00:00,2386.09,2387.8,2383.73,2385.46,0
2024-05-16 11:00:00,2385.52,2385.74,2380.91,2384.91,0
2024-05-16 12:00:00,2384.91,2386.64,2381.55,2384.63,0
2024-05-16 13:00:00,2384.63,2386.3,2378.03,2379.19,0
2024-05-16 14:00:00,2379.19,2382.28,2371.75,2375.17,0
2024-05-16 15:00:00,2374.86,2379.06,2371.01,2373.34,0
2024-05-16 16:00:00,2373.34,2382.39,2373.15,2381.59,0
2024-05-16 17:00:00,2381.59,2383.81,2379.22,2381.99,0
2024-05-16 18:00:00,2382.05,2382.49,2379.88,2381.48,0
2024-05-16 19:00:00,2381.48,2382.07,2378.46,2379.7,0
2024-05-16 20:00:00,2379.74,2381.88,2377.87,2378.18,0
2024-05-16 21:00:00,2378.18,2378.42,2375.9,2376.72,0
2024-05-16 23:00:00,2377.18,2379.46,2376.77,2378.47,0
2024-05-17 00:00:00,2378.44,2379.76,2377.88,2377.88,0
2024-05-17 01:00:00,2378.02,2379.76,2377.57,2378.05,0
2024-05-17 02:00:00,2378.16,2378.92,2376.14,2378.19,0
2024-05-17 03:00:00,2378.38,2381.25,2374.03,2375.2,0
2024-05-17 04:00:00,2375.2,2377.94,2374.71,2377.91,0
2024-05-17 05:00:00,2377.88,2379.12,2376.6,2378.89,0
2024-05-17 06:00:00,2378.89,2382.41,2378.61,2381.38,0
2024-05-17 07:00:00,2381.22,2386.71,2380.97,2385.99,0
2024-05-17 08:00:00,2386.03,2387.84,2382.96,2383.86,0
2024-05-17 09:00:00,2383.86,2385.62,2381.39,2384.26,0
2024-05-17 10:00:00,2384.26,2386.63,2381.74,2382.57,0
2024-05-17 11:00:00,2382.54,2387.58,2381.87,2387.41,0
2024-05-17 12:00:00,2387.43,2390.17,2385.88,2389.79,0
2024-05-17 13:00:00,2389.78,2394.07,2386.95,2393.32,0
2024-05-17 14:00:00,2393.32,2405.18,2393.32,2401.67,0
2024-05-17 15:00:00,2401.67,2415.55,2398.81,2413.48,0
2024-05-17 16:00:00,2413.47,2419.16,2403.39,2407.81,0
2024-05-17 17:00:00,2407.93,2414.22,2407.81,2407.84,0
2024-05-17 18:00:00,2407.78,2414.38,2405.77,2414.28,0
2024-05-17 19:00:00,2414.26,2419.23,2413.32,2417.48,0
2024-05-17 20:00:00,2417.48,2417.9,2411.54,2416.47,0
2024-05-17 21:00:00,2416.49,2422.75,2413.79,2413.84,0
2024-05-19 23:00:00,2416.14,2425.35,2416.13,2417.88,0
2024-05-20 00:00:00,2417.87,2420.64,2417.24,2420.34,0
2024-05-20 01:00:00,2420.39,2426.54,2416.57,2425.46,0
2024-05-20 02:00:00,2425.46,2440.7,2425.46,2434.72,0
2024-05-20 03:00:00,2434.78,2437.09,2428.87,2434.1,0
2024-05-20 04:00:00,2434.03,2438.96,2430.98,2437.66,0
2024-05-20 05:00:00,2437.66,2439.68,2435.22,2437.36,0
2024-05-20 06:00:00,2437.35,2450.06,2437.07,2449.61,0
2024-05-20 07:00:00,2449.61,2449.81,2431.95,2438.81,0
2024-05-20 08:00:00,2438.81,2443.71,2435.62,2442.32,0
2024-05-20 09:00:00,2442.32,2443.71,2436.99,2440.15,0
2024-05-20 10:00:00,2440.16,2447.24,2438.74,2441.73,0
2024-05-20 11:00:00,2441.73,2443.07,2434.61,2436.33,0
2024-05-20 12:00:00,2436.32,2437.23,2427.68,2430.71,0
2024-05-20 13:00:00,2430.71,2430.91,2407.39,2413.92,0
2024-05-20 14:00:00,2413.66,2422.72,2410.43,2420.14,0
2024-05-20 15:00:00,2420.31,2423.67,2414.81,2423.1,0
2024-05-20 16:00:00,2423.1,2427.04,2419.51,2424.99,0
2024-05-20 17:00:00,2424.98,2428.14,2422.55,2426.6,0
2024-05-20 18:00:00,2426.6,2436.81,2425.72,2435.4,0
2024-05-20 19:00:00,2435.4,2437.4,2431.93,2435.28,0
2024-05-20 20:00:00,2435.29,2435.4,2426.11,2426.69,0
2024-05-20 21:00:00,2426.78,2428.09,2423.36,2426.22,0
2024-05-20 23:00:00,2426.92,2430.6,2426.21,2427.35,0
2024-05-21 00:00:00,2427.36,2428.63,2425.29,2426.28,0
2024-05-21 01:00:00,2426.47,2429.93,2424.39,2428.92,0
2024-05-21 02:00:00,2428.88,2433.13,2419.63,2420.46,0
2024-05-21 03:00:00,2420.46,2422.64,2411.55,2414.05,0
2024-05-21 04:00:00,2414.01,2417.23,2406.27,2413.82,0
2024-05-21 05:00:00,2413.82,2415.93,2410.71,2412.47,0
2024-05-21 06:00:00,2412.47,2418.03,2412.22,2416.51,0
2024-05-21 07:00:00,2416.61,2417.44,2409.68,2410.7,0
2024-05-21 08:00:00,2410.86,2422.19,2408.65,2419.35,0
2024-05-21 09:00:00,2419.38,2419.97,2414.38,2418.8,0
2024-05-21 10:00:00,2418.8,2420.25,2412.22,2416.39,0
2024-05-21 11:00:00,2416.38,2420.13,2415.01,2419.88,0
2024-05-21 12:00:00,2419.85,2423.76,2417.4,2423.49,0
2024-05-21 13:00:00,2423.5,2430.03,2422.44,2426.3,0
2024-05-21 14:00:00,2426.41,2431.53,2420.49,2427.79,0
2024-05-21 15:00:00,2427.79,2431.76,2425.41,2429.56,0
2024-05-21 16:00:00,2429.57,2433.96,2420.11,2423.45,0
2024-05-21 17:00:00,2423.4,2423.75,2418.09,2422.91,0
2024-05-21 18:00:00,2422.94,2423.85,2418.58,2419.97,0
2024-05-21 19:00:00,2419.97,2420.63,2417.39,2420.49,0
2024-05-21 20:00:00,2420.53,2425.06,2420.01,2423.37,0
2024-05-21 21:00:00,2423.36,2423.46,2420.33,2420.88,0
2024-05-21 23:00:00,2421.25,2422.32,2420.9,2422.05,0
2024-05-22 00:00:00,2422.05,2422.25,2421.33,2421.79,0
2024-05-22 01:00:00,2421.79,2423.2,2420.46,2420.6,0
2024-05-22 02:00:00,2420.61,2423.4,2419.39,2422.04,0
2024-05-22 03:00:00,2422.05,2426.54,2416.0,2417.85,0
2024-05-22 04:00:00,2417.85,2419.6,2412.64,2414.22,0
2024-05-22 05:00:00,2414.22,2416.18,2412.19,2412.93,0
2024-05-22 06:00:00,2412.88,2417.45,2411.6,2417.16,0
2024-05-22 07:00:00,2417.13,2418.14,2413.79,2417.14,0
2024-05-22 08:00:00,2417.14,2418.49,2412.35,2417.31,0
2024-05-22 09:00:00,2417.04,2417.51,2410.68,2416.91,0
2024-05-22 10:00:00,2417.1,2418.03,2414.48,2417.33,0
2024-05-22 11:00:00,2417.33,2419.41,2414.33,2414.78,0
2024-05-22 12:00:00,2414.79,2415.33,2404.79,2408.77,0
2024-05-22 13:00:00,2408.77,2415.1,2408.71,2412.51,0
2024-05-22 14:00:00,2412.5,2413.35,2405.86,2411.65,0
2024-05-22 15:00:00,2411.65,2411.65,2382.27,2388.69,0
2024-05-22 16:00:00,2388.62,2395.18,2386.67,2392.12,0
2024-05-22 17:00:00,2392.0,2395.09,2389.49,2392.02,0
2024-05-22 18:00:00,2392.02,2394.39,2386.79,2388.42,0
2024-05-22 19:00:00,2388.27,2390.76,2374.98,2377.87,0
2024-05-22 20:00:00,2377.89,2380.12,2376.87,2379.37,0
2024-05-22 21:00:00,2379.3,2380.68,2377.53,2378.58,0
2024-05-22 23:00:00,2379.77,2381.35,2378.47,2380.73,0
2024-05-23 00:00:00,2380.81,2382.77,2380.47,2382.29,0
2024-05-23 01:00:00,2382.32,2383.74,2379.02,2380.4,0
2024-05-23 02:00:00,2380.45,2381.98,2366.77,2373.11,0
2024-05-23 03:00:00,2373.08,2375.74,2368.18,2369.58,0
2024-05-23 04:00:00,2369.59,2372.94,2367.94,2372.49,0
2024-05-23 05:00:00,2372.4,2373.98,2371.53,2372.86,0
2024-05-23 06:00:00,2372.86,2373.2,2358.34,2359.9,0
2024-05-23 07:00:00,2359.98,2367.19,2355.0,2364.3,0
2024-05-23 08:00:00,2364.31,2364.83,2355.18,2356.16,0
2024-05-23 09:00:00,2356.16,2361.9,2355.19,2360.56,0
2024-05-23 10:00:00,2360.57,2364.31,2358.88,2364.09,0
2024-05-23 11:00:00,2364.15,2367.79,2363.6,2366.44,0
2024-05-23 12:00:00,2366.39,2369.45,2365.67,2368.12,0
2024-05-23 13:00:00,2368.11,2369.31,2360.78,2362.73,0
2024-05-23 14:00:00,2362.72,2369.9,2350.7,2358.71,0
2024-05-23 15:00:00,2358.76,2363.95,2341.59,2346.03,0
2024-05-23 16:00:00,2346.05,2349.96,2340.37,2346.11,0
2024-05-23 17:00:00,2346.16,2350.13,2340.05,2341.03,0
2024-05-23 18:00:00,2341.03,2342.99,2332.02,2332.23,0
2024-05-23 19:00:00,2332.23,2336.45,2331.86,2334.84,0
2024-05-23 20:00:00,2334.67,2334.92,2331.01,2331.58,0
2024-05-23 21:00:00,2331.58,2332.74,2327.03,2328.55,0
2024-05-23 23:00:00,2328.68,2332.22,2328.66,2331.05,0
2024-05-24 00:00:00,2331.05,2333.69,2330.58,2332.04,0
2024-05-24 01:00:00,2332.05,2332.4,2327.53,2329.13,0
2024-05-24 02:00:00,2329.07,2335.24,2326.82,2333.93,0
2024-05-24 03:00:00,2333.94,2334.6,2325.43,2330.83,0
2024-05-24 04:00:00,2330.69,2331.59,2328.52,2330.65,0
2024-05-24 05:00:00,2330.61,2335.18,2330.56,2335.1,0
2024-05-24 06:00:00,2334.93,2339.36,2333.24,2338.57,0
2024-05-24 07:00:00,2338.64,2339.59,2335.25,2338.86,0
2024-05-24 08:00:00,2338.79,2340.65,2337.02,2337.76,0
2024-05-24 09:00:00,2337.71,2341.04,2336.14,2340.2,0
2024-05-24 10:00:00,2340.2,2343.27,2337.58,2337.62,0
2024-05-24 11:00:00,2337.61,2343.92,2337.02,2340.33,0
2024-05-24 12:00:00,2340.32,2342.13,2337.82,2338.27,0
2024-05-24 13:00:00,2338.28,2340.87,2335.62,2339.36,0
2024-05-24 14:00:00,2339.4,2347.42,2336.85,2337.33,0
2024-05-24 15:00:00,2337.32,2343.25,2335.56,2338.45,0
2024-05-24 16:00:00,2338.45,2340.26,2332.43,2334.59,0
2024-05-24 17:00:00,2334.59,2336.98,2332.86,2334.28,0
2024-05-24 18:00:00,2334.27,2334.51,2332.0,2332.73,0
2024-05-24 19:00:00,2332.74,2336.79,2332.59,2334.93,0
2024-05-24 20:00:00,2334.93,2334.93,2331.91,2333.81,0
2024-05-24 21:00:00,2333.81,2335.17,2333.26,2333.86,0
2024-05-26 23:00:00,2338.13,2340.7,2332.32,2340.32,0
2024-05-27 00:00:00,2340.31,2340.75,2336.64,2337.26,0
2024-05-27 01:00:00,2337.31,2337.49,2334.51,2336.24,0
2024-05-27 02:00:00,2336.24,2340.43,2334.65,2339.72,0
2024-05-27 03:00:00,2339.69,2346.48,2338.82,2346.16,0
2024-05-27 04:00:00,2346.16,2347.62,2343.71,2346.08,0
2024-05-27 05:00:00,2346.08,2346.15,2341.06,2343.05,0
2024-05-27 06:00:00,2342.99,2344.26,2340.34,2343.79,0
2024-05-27 07:00:00,2343.72,2344.66,2341.28,2341.4,0
2024-05-27 08:00:00,2341.4,2341.58,2338.17,2338.56,0
2024-05-27 09:00:00,2338.66,2346.24,2338.2,2344.27,0
2024-05-27 10:00:00,2344.27,2345.8,2343.06,2343.34,0
2024-05-27 11:00:00,2343.34,2345.86,2342.47,2344.97,0
2024-05-27 12:00:00,2344.97,2346.08,2343.25,2345.2,0
2024-05-27 13:00:00,2345.2,2349.93,2343.78,2347.25,0
2024-05-27 14:00:00,2347.25,2357.03,2344.68,2354.97,0
2024-05-27 15:00:00,2354.97,2358.56,2354.15,2354.38,0
2024-05-27 16:00:00,2354.4,2356.91,2352.23,2352.45,0
2024-05-27 17:00:00,2352.4,2355.67,2352.14,2354.99,0
2024-05-27 18:00:00,2354.99,2355.11,2352.37,2355.11,0
2024-05-27 19:00:00,2355.11,2355.2,2350.88,2351.12,0
2024-05-27 23:00:00,2351.4,2353.91,2351.32,2352.26,0
2024-05-28 00:00:00,2352.25,2352.93,2351.14,2352.48,0
2024-05-28 01:00:00,2352.48,2353.62,2351.29,2351.84,0
2024-05-28 02:00:00,2351.84,2356.41,2349.23,2354.81,0
2024-05-28 03:00:00,2354.79,2355.96,2351.62,2354.22,0
2024-05-28 04:00:00,2354.22,2354.6,2350.34,2350.94,0
2024-05-28 05:00:00,2350.92,2352.1,2350.52,2351.07,0
2024-05-28 06:00:00,2351.08,2353.75,2349.67,2350.48,0
2024-05-28 07:00:00,2350.48,2350.48,2341.42,2341.88,0
2024-05-28 08:00:00,2341.81,2344.92,2341.79,2344.11,0
2024-05-28 09:00:00,2344.08,2345.09,2340.33,2344.94,0
2024-05-28 10:00:00,2344.95,2345.18,2342.35,2343.91,0
2024-05-28 11:00:00,2343.9,2346.32,2343.23,2345.74,0
2024-05-28 12:00:00,2345.75,2348.47,2343.62,2347.5,0
2024-05-28 13:00:00,2347.33,2357.12,2345.98,2353.23,0
2024-05-28 14:00:00,2353.25,2364.06,2352.34,2355.13,0
2024-05-28 15:00:00,2355.02,2356.92,2347.99,2355.37,0
2024-05-28 16:00:00,2355.36,2362.16,2353.03,2360.44,0
2024-05-28 17:00:00,2360.34,2362.25,2355.31,2356.69,0
2024-05-28 18:00:00,2356.69,2360.13,2353.29,2356.93,0
2024-05-28 19:00:00,2356.93,2357.87,2352.82,2357.19,0
2024-05-28 20:00:00,2357.19,2360.23,2355.82,2358.2,0
2024-05-28 21:00:00,2358.22,2361.35,2357.94,2361.13,0
2024-05-28 23:00:00,2360.52,2362.66,2358.09,2359.3,0
2024-05-29 00:00:00,2359.3,2360.83,2358.18,2359.91,0
2024-05-29 01:00:00,2359.69,2361.06,2357.39,2357.9,0
2024-05-29 02:00:00,2357.9,2359.51,2355.7,2356.55,0
2024-05-29 03:00:00,2356.55,2360.93,2354.48,2355.7,0
2024-05-29 04:00:00,2355.7,2359.21,2355.34,2358.25,0
2024-05-29 05:00:00,2358.25,2359.03,2356.88,2358.31,0
2024-05-29 06:00:00,2358.38,2361.37,2356.5,2356.77,0
2024-05-29 07:00:00,2356.76,2356.81,2351.14,2355.88,0
2024-05-29 08:00:00,2355.86,2356.26,2350.12,2350.57,0
2024-05-29 09:00:00,2350.57,2351.86,2344.93,2345.5,0
2024-05-29 10:00:00,2345.51,2346.26,2340.9,2345.83,0
2024-05-29 11:00:00,2345.84,2347.33,2343.12,2346.49,0
2024-05-29 12:00:00,2346.52,2347.07,2338.63,2341.78,0
2024-05-29 13:00:00,2341.54,2343.83,2334.54,2337.65,0
2024-05-29 14:00:00,2337.83,2347.27,2335.96,2345.72,0
2024-05-29 15:00:00,2345.74,2346.49,2341.5,2343.58,0
2024-05-29 16:00:00,2343.56,2343.79,2336.77,2339.14,0
2024-05-29 17:00:00,2339.14,2342.01,2336.09,2342.01,0
2024-05-29 18:00:00,2341.94,2344.3,2339.41,2343.72,0
2024-05-29 19:00:00,2343.72,2344.33,2338.05,2338.25,0
2024-05-29 20:00:00,2338.26,2339.34,2336.43,2336.79,0
2024-05-29 21:00:00,2336.96,2338.74,2336.08,2338.0,0
2024-05-29 23:00:00,2337.98,2339.25,2337.31,2337.7,0
2024-05-30 00:00:00,2337.71,2339.12,2337.64,2338.47,0
2024-05-30 01:00:00,2338.43,2338.47,2334.06,2336.99,0
2024-05-30 02:00:00,2336.99,2339.9,2332.89,2334.18,0
2024-05-30 03:00:00,2334.12,2336.64,2328.09,2330.92,0
2024-05-30 04:00:00,2330.87,2335.15,2329.16,2334.43,0
2024-05-30 05:00:00,2334.43,2337.19,2334.05,2335.33,0
2024-05-30 06:00:00,2335.26,2335.88,2322.65,2325.08,0
2024-05-30 07:00:00,2325.09,2333.14,2324.08,2333.07,0
2024-05-30 08:00:00,2332.97,2337.75,2332.33,2334.4,0
2024-05-30 09:00:00,2334.51,2335.79,2331.96,2335.05,0
2024-05-30 10:00:00,2335.05,2338.02,2331.74,2333.2,0
2024-05-30 11:00:00,2333.2,2340.92,2330.64,2340.71,0
2024-05-30 12:00:00,2340.61,2340.71,2335.25,2335.87,0
2024-05-30 13:00:00,2335.88,2345.28,2332.04,2341.37,0
2024-05-30 14:00:00,2341.37,2348.66,2339.83,2348.65,0
2024-05-30 15:00:00,2348.72,2351.87,2342.77,2344.11,0
2024-05-30 16:00:00,2344.13,2345.79,2341.81,2343.88,0
2024-05-30 17:00:00,2343.88,2348.12,2340.91,2347.94,0
2024-05-30 18:00:00,2347.94,2348.88,2342.91,2344.48,0
2024-05-30 19:00:00,2344.47,2344.59,2341.36,2342.6,0
2024-05-30 20:00:00,2342.57,2342.66,2339.94,2341.57,0
2024-05-30 21:00:00,2341.79,2343.61,2341.57,2342.98,0
2024-05-30 23:00:00,2344.1,2345.13,2342.12,2344.22,0
2024-05-31 00:00:00,2344.21,2346.44,2343.18,2344.07,0
2024-05-31 01:00:00,2344.03,2347.6,2342.61,2346.4,0
2024-05-31 02:00:00,2346.4,2347.75,2343.16,2346.62,0
2024-05-31 03:00:00,2346.62,2347.76,2342.37,2342.62,0
2024-05-31 04:00:00,2342.65,2343.75,2337.07,2343.75,0
2024-05-31 05:00:00,2343.75,2345.62,2341.07,2344.18,0
2024-05-31 06:00:00,2344.18,2344.84,2341.74,2342.46,0
2024-05-31 07:00:00,2342.37,2347.13,2342.01,2345.94,0
2024-05-31 08:00:00,2345.88,2345.88,2339.95,2340.48,0
2024-05-31 09:00:00,2340.48,2343.9,2339.74,2343.3,0
2024-05-31 10:00:00,2343.3,2344.53,2341.05,2342.12,0
2024-05-31 11:00:00,2342.12,2344.58,2341.57,2344.05,0
2024-05-31 12:00:00,2344.04,2344.97,2342.66,2343.9,0
2024-05-31 13:00:00,2343.9,2356.77,2342.5,2354.82,0
2024-05-31 14:00:00,2354.83,2359.72,2343.55,2348.21,0
2024-05-31 15:00:00,2348.19,2349.09,2334.19,2335.32,0
2024-05-31 16:00:00,2335.27,2336.21,2327.76,2330.11,0
2024-05-31 17:00:00,2330.11,2336.75,2329.77,2332.91,0
2024-05-31 18:00:00,2332.91,2333.87,2324.01,2326.01,0
2024-05-31 19:00:00,2326.01,2327.28,2322.41,2322.94,0
2024-05-31 20:00:00,2322.92,2328.3,2320.64,2327.77,0
2024-05-31 21:00:00,2327.77,2330.63,2327.14,2327.46,0
2024-06-02 23:00:00,2327.79,2329.52,2323.35,2326.48,0
2024-06-03 00:00:00,2326.53,2326.88,2324.08,2325.94,0
2024-06-03 01:00:00,2325.94,2327.56,2324.03,2327.18,0
2024-06-03 02:00:00,2327.18,2331.07,2326.24,2330.85,0
2024-06-03 03:00:00,2330.84,2330.98,2325.66,2326.4,0
2024-06-03 04:00:00,2326.36,2328.25,2320.96,2321.4,0
2024-06-03 05:00:00,2321.4,2322.56,2320.08,2321.37,0
2024-06-03 06:00:00,2321.37,2323.82,2315.37,2320.21,0
2024-06-03 07:00:00,2320.21,2322.85,2314.79,2322.49,0
2024-06-03 08:00:00,2322.44,2328.85,2322.26,2326.04,0
2024-06-03 09:00:00,2326.04,2328.57,2324.79,2325.55,0
2024-06-03 10:00:00,2325.55,2328.79,2324.36,2327.79,0
2024-06-03 11:00:00,2327.79,2333.33,2326.28,2330.81,0
2024-06-03 12:00:00,2330.83,2332.43,2328.97,2330.01,0
2024-06-03 13:00:00,2330.03,2334.39,2325.75,2334.07,0
2024-06-03 14:00:00,2334.14,2336.76,2329.88,2333.79,0
2024-06-03 15:00:00,2333.59,2345.75,2333.59,2341.75,0
2024-06-03 16:00:00,2341.8,2344.26,2335.51,2342.84,0
2024-06-03 17:00:00,2342.85,2350.4,2341.41,2349.18,0
2024-06-03 18:00:00,2349.18,2354.77,2346.18,2348.47,0
2024-06-03 19:00:00,2348.55,2349.49,2346.56,2348.27,0
2024-06-03 20:00:00,2348.27,2349.07,2344.78,2347.73,0
2024-06-03 21:00:00,2347.88,2351.05,2347.02,2350.45,0
2024-06-03 23:00:00,2350.78,2352.18,2350.2,2350.88,0
2024-06-04 00:00:00,2350.88,2351.21,2349.79,2350.64,0
2024-06-04 01:00:00,2350.63,2352.86,2350.2,2350.65,0
2024-06-04 02:00:00,2350.65,2352.36,2343.21,2347.14,0
2024-06-04 03:00:00,2347.14,2349.69,2345.69,2346.93,0
2024-06-04 04:00:00,2346.93,2347.05,2344.19,2345.72,0
2024-06-04 05:00:00,2345.72,2349.94,2345.1,2349.4,0
2024-06-04 06:00:00,2349.4,2349.66,2347.28,2347.8,0
2024-06-04 07:00:00,2347.8,2351.89,2344.29,2344.51,0
2024-06-04 08:00:00,2344.5,2345.15,2339.19,2339.77,0
2024-06-04 09:00:00,2339.77,2339.82,2332.34,2333.4,0
2024-06-04 10:00:00,2333.4,2334.26,2326.87,2329.97,0
2024-06-04 11:00:00,2330.02,2334.92,2328.89,2329.27,0
2024-06-04 12:00:00,2329.24,2329.85,2325.42,2328.04,0
2024-06-04 13:00:00,2328.03,2336.03,2326.76,2335.17,0
2024-06-04 14:00:00,2335.17,2337.99,2322.21,2324.35,0
2024-06-04 15:00:00,2324.32,2332.45,2315.66,2317.64,0
2024-06-04 16:00:00,2317.66,2328.86,2317.48,2326.13,0
2024-06-04 17:00:00,2326.13,2329.69,2322.58,2324.05,0
2024-06-04 18:00:00,2323.99,2330.42,2323.82,2328.84,0
2024-06-04 19:00:00,2328.84,2329.83,2326.17,2328.31,0
2024-06-04 20:00:00,2328.31,2328.43,2326.04,2327.32,0
2024-06-04 21:00:00,2327.31,2327.73,2326.07,2326.79,0
2024-06-04 23:00:00,2326.54,2328.36,2326.54,2327.85,0
2024-06-05 00:00:00,2327.85,2329.0,2327.62,2328.88,0
2024-06-05 01:00:00,2329.01,2329.68,2327.78,2328.24,0
2024-06-05 02:00:00,2328.24,2330.94,2325.91,2330.54,0
2024-06-05 03:00:00,2330.54,2333.54,2329.97,2333.44,0
2024-06-05 04:00:00,2333.43,2337.9,2333.08,2337.2,0
2024-06-05 05:00:00,2337.2,2338.24,2335.9,2338.07,0
2024-06-05 06:00:00,2338.07,2341.71,2337.39,2337.39,0
2024-06-05 07:00:00,2337.39,2338.48,2328.13,2332.78,0
2024-06-05 08:00:00,2332.78,2333.8,2329.19,2331.61,0
2024-06-05 09:00:00,2331.61,2335.15,2331.35,2332.65,0
2024-06-05 10:00:00,2332.68,2333.87,2331.07,2332.37,0
2024-06-05 11:00:00,2332.31,2335.71,2329.55,2333.84,0
2024-06-05 12:00:00,2333.85,2335.65,2331.07,2332.56,0
2024-06-05 13:00:00,2332.56,2344.14,2332.24,2342.24,0
2024-06-05 14:00:00,2342.24,2345.94,2338.19,2345.37,0
2024-06-05 15:00:00,2345.52,2350.28,2334.12,2349.05,0
2024-06-05 16:00:00,2349.06,2357.44,2349.06,2353.75,0
2024-06-05 17:00:00,2353.75,2355.01,2351.41,2352.68,0
2024-06-05 18:00:00,2352.68,2355.77,2351.71,2355.14,0
2024-06-05 19:00:00,2355.14,2356.78,2353.53,2355.86,0
2024-06-05 20:00:00,2355.87,2356.16,2352.71,2354.04,0
2024-06-05 21:00:00,2354.07,2355.23,2352.88,2355.13,0
2024-06-05 23:00:00,2356.17,2357.79,2355.18,2356.98,0
2024-06-06 00:00:00,2356.98,2357.6,2354.86,2355.11,0
2024-06-06 01:00:00,2355.11,2356.03,2354.55,2355.72,0
2024-06-06 02:00:00,2355.72,2373.26,2355.61,2367.48,0
2024-06-06 03:00:00,2367.49,2374.76,2365.18,2374.36,0
2024-06-06 04:00:00,2374.36,2374.98,2367.7,2368.51,0
2024-06-06 05:00:00,2368.57,2370.58,2366.99,2369.49,0
2024-06-06 06:00:00,2369.49,2371.44,2366.39,2367.79,0
2024-06-06 07:00:00,2367.8,2368.0,2363.19,2367.17,0
2024-06-06 08:00:00,2367.15,2368.36,2362.25,2362.94,0
2024-06-06 09:00:00,2362.94,2363.25,2359.82,2362.94,0
2024-06-06 10:00:00,2362.94,2363.94,2358.61,2361.63,0
2024-06-06 11:00:00,2361.62,2362.03,2359.53,2361.11,0
2024-06-06 12:00:00,2361.11,2362.07,2359.23,2359.83,0
2024-06-06 13:00:00,2359.84,2365.3,2355.3,2357.59,0
2024-06-06 14:00:00,2357.62,2366.92,2353.5,2360.6,0
2024-06-06 15:00:00,2360.62,2366.39,2358.48,2364.29,0
2024-06-06 16:00:00,2364.29,2378.52,2364.12,2374.21,0
2024-06-06 17:00:00,2374.2,2376.98,2370.41,2372.91,0
2024-06-06 18:00:00,2372.92,2374.06,2370.73,2373.16,0
2024-06-06 19:00:00,2373.16,2373.73,2369.0,2372.15,0
2024-06-06 20:00:00,2372.13,2375.42,2371.25,2372.54,0
2024-06-06 21:00:00,2372.54,2376.05,2372.33,2375.68,0
2024-06-06 23:00:00,2375.82,2377.2,2375.65,2377.06,0
2024-06-07 00:00:00,2377.06,2378.27,2376.33,2376.95,0
2024-06-07 01:00:00,2376.95,2379.26,2376.1,2378.44,0
2024-06-07 02:00:00,2378.44,2380.06,2370.24,2371.1,0
2024-06-07 03:00:00,2371.07,2378.3,2369.46,2376.67,0
2024-06-07 04:00:00,2376.67,2381.97,2375.18,2380.21,0
2024-06-07 05:00:00,2380.17,2387.51,2379.32,2386.68,0
2024-06-07 06:00:00,2386.68,2387.72,2375.0,2375.96,0
2024-06-07 07:00:00,2375.94,2377.84,2372.97,2375.47,0
2024-06-07 08:00:00,2375.47,2379.42,2372.88,2373.61,0
2024-06-07 09:00:00,2373.57,2373.98,2342.86,2347.34,0
2024-06-07 10:00:00,2347.34,2348.01,2337.48,2339.37,0
2024-06-07 11:00:00,2339.35,2339.35,2332.09,2333.72,0
2024-06-07 12:00:00,2333.72,2339.4,2330.99,2336.72,0
2024-06-07 13:00:00,2336.72,2339.43,2313.54,2319.39,0
2024-06-07 14:00:00,2319.39,2328.12,2305.03,2309.54,0
2024-06-07 15:00:00,2309.54,2321.1,2307.66,2313.42,0
2024-06-07 16:00:00,2313.42,2315.54,2304.55,2305.06,0
2024-06-07 17:00:00,2305.06,2314.55,2303.08,2311.7,0
2024-06-07 18:00:00,2311.69,2312.36,2303.76,2305.5,0
2024-06-07 19:00:00,2305.51,2307.19,2300.03,2301.53,0
2024-06-07 20:00:00,2301.54,2301.55,2287.74,2288.32,0
2024-06-07 21:00:00,2288.35,2293.52,2286.82,2293.38,0
2024-06-09 23:00:00,2294.62,2298.48,2289.4,2297.5,0
2024-06-10 00:00:00,2297.33,2300.12,2296.66,2298.58,0
2024-06-10 01:00:00,2298.7,2299.85,2294.23,2297.09,0
2024-06-10 02:00:00,2297.09,2297.97,2293.97,2297.63,0
2024-06-10 03:00:00,2297.63,2301.39,2295.58,2296.26,0
2024-06-10 04:00:00,2296.26,2297.79,2294.92,2295.36,0
2024-06-10 05:00:00,2295.36,2295.85,2292.78,2294.86,0
2024-06-10 06:00:00,2294.87,2297.35,2292.17,2295.73,0
2024-06-10 07:00:00,2295.73,2296.57,2287.79,2291.31,0
2024-06-10 08:00:00,2291.28,2297.3,2290.51,2296.59,0
2024-06-10 09:00:00,2296.6,2297.62,2292.52,2292.67,0
2024-06-10 10:00:00,2292.68,2297.53,2291.93,2295.4,0
2024-06-10 11:00:00,2295.4,2298.86,2295.36,2298.58,0
2024-06-10 12:00:00,2298.58,2305.36,2297.97,2305.11,0
2024-06-10 13:00:00,2305.14,2308.7,2303.25,2306.23,0
2024-06-10 14:00:00,2306.23,2307.85,2300.44,2305.69,0
2024-06-10 15:00:00,2305.69,2307.27,2301.89,2302.76,0
2024-06-10 16:00:00,2302.75,2308.68,2301.41,2307.43,0
2024-06-10 17:00:00,2307.42,2313.8,2307.11,2312.99,0
2024-06-10 18:00:00,2312.98,2313.42,2309.13,2311.93,0
2024-06-10 19:00:00,2311.93,2312.04,2309.97,2310.99,0
2024-06-10 20:00:00,2310.99,2312.31,2308.68,2308.83,0
2024-06-10 21:00:00,2308.82,2310.97,2308.55,2310.86,0
2024-06-10 23:00:00,2311.81,2312.44,2309.82,2309.85,0
2024-06-11 00:00:00,2309.84,2310.58,2308.8,2309.94,0
2024-06-11 01:00:00,2309.91,2311.98,2309.1,2310.86,0
2024-06-11 02:00:00,2310.86,2310.86,2301.71,2302.91,0
2024-06-11 03:00:00,2302.87,2303.73,2298.82,2301.93,0
2024-06-11 04:00:00,2301.95,2304.46,2300.82,2303.68,0
2024-06-11 05:00:00,2303.68,2303.98,2301.57,2303.63,0
2024-06-11 06:00:00,2303.59,2304.48,2297.77,2299.57,0
2024-06-11 07:00:00,2299.57,2304.67,2298.73,2302.13,0
2024-06-11 08:00:00,2302.13,2305.46,2301.73,2304.59,0
2024-06-11 09:00:00,2304.59,2307.77,2303.25,2306.04,0
2024-06-11 10:00:00,2306.02,2307.41,2301.58,2306.46,0
2024-06-11 11:00:00,2306.46,2308.91,2305.29,2307.94,0
2024-06-11 12:00:00,2307.94,2308.3,2305.55,2307.64,0
2024-06-11 13:00:00,2307.64,2319.97,2307.63,2318.0,0
2024-06-11 14:00:00,2317.99,2319.6,2309.29,2314.71,0
2024-06-11 15:00:00,2314.7,2317.82,2312.47,2314.81,0
2024-06-11 16:00:00,2314.81,2315.95,2310.01,2310.19,0
2024-06-11 17:00:00,2310.19,2312.42,2305.96,2308.61,0
2024-06-11 18:00:00,2308.61,2313.52,2307.96,2312.86,0
2024-06-11 19:00:00,2312.86,2315.75,2312.21,2313.83,0
2024-06-11 20:00:00,2313.86,2315.73,2312.56,2315.37,0
2024-06-11 21:00:00,2315.37,2316.96,2314.82,2316.73,0
2024-06-11 23:00:00,2317.06,2317.68,2315.15,2316.93,0
2024-06-12 00:00:00,2316.96,2317.52,2314.02,2315.2,0
2024-06-12 01:00:00,2315.28,2315.67,2313.48,2313.81,0
2024-06-12 02:00:00,2313.81,2315.19,2310.83,2314.51,0
2024-06-12 03:00:00,2314.49,2315.58,2310.72,2313.67,0
2024-06-12 04:00:00,2313.68,2316.76,2313.66,2314.01,0
2024-06-12 05:00:00,2314.01,2314.4,2312.51,2312.74,0
2024-06-12 06:00:00,2312.74,2315.41,2312.48,2315.06,0
2024-06-12 07:00:00,2315.04,2317.78,2313.8,2314.87,0
2024-06-12 08:00:00,2314.87,2315.44,2311.22,2314.62,0
2024-06-12 09:00:00,2314.62,2315.78,2310.87,2312.89,0
2024-06-12 10:00:00,2312.83,2315.45,2312.26,2314.1,0
2024-06-12 11:00:00,2314.1,2314.8,2312.32,2313.55,0
2024-06-12 12:00:00,2313.55,2314.82,2312.27,2312.97,0
2024-06-12 13:00:00,2312.87,2337.69,2311.68,2336.04,0
2024-06-12 14:00:00,2336.01,2341.66,2325.05,2329.87,0
2024-06-12 15:00:00,2329.86,2329.95,2320.14,2325.4,0
2024-06-12 16:00:00,2325.4,2337.19,2324.76,2335.64,0
2024-06-12 17:00:00,2335.65,2338.2,2333.24,2337.73,0
2024-06-12 18:00:00,2337.73,2339.61,2332.92,2334.89,0
2024-06-12 19:00:00,2334.99,2334.99,2319.56,2322.81,0
2024-06-12 20:00:00,2322.8,2324.68,2315.91,2321.3,0
2024-06-12 21:00:00,2321.34,2324.88,2320.38,2324.88,0
2024-06-12 23:00:00,2324.96,2325.59,2321.73,2322.01,0
2024-06-13 00:00:00,2322.01,2322.44,2320.29,2320.64,0
2024-06-13 01:00:00,2320.64,2322.99,2317.58,2320.8,0
2024-06-13 02:00:00,2320.8,2321.58,2308.17,2312.75,0
2024-06-13 03:00:00,2312.75,2316.14,2310.69,2314.2,0
2024-06-13 04:00:00,2314.2,2316.34,2312.65,2314.29,0
2024-06-13 05:00:00,2314.29,2314.89,2309.36,2311.88,0
2024-06-13 06:00:00,2311.89,2312.31,2309.06,2311.65,0
2024-06-13 07:00:00,2311.66,2316.17,2311.24,2315.7,0
2024-06-13 08:00:00,2315.74,2318.61,2313.33,2317.11,0
2024-06-13 09:00:00,2317.11,2317.3,2314.02,2315.63,0
2024-06-13 10:00:00,2315.63,2318.51,2313.48,2315.52,0
2024-06-13 11:00:00,2315.56,2320.02,2315.36,2316.39,0
2024-06-13 12:00:00,2316.39,2316.73,2303.99,2307.07,0
2024-06-13 13:00:00,2307.07,2326.72,2305.62,2323.47,0
2024-06-13 14:00:00,2323.43,2324.77,2308.4,2310.75,0
2024-06-13 15:00:00,2310.74,2314.51,2305.76,2313.65,0
2024-06-13 16:00:00,2313.65,2317.08,2297.83,2299.02,0
2024-06-13 17:00:00,2299.02,2300.4,2295.55,2299.32,0
2024-06-13 18:00:00,2299.32,2304.49,2299.09,2301.48,0
2024-06-13 19:00:00,2301.48,2304.02,2300.14,2303.06,0
2024-06-13 20:00:00,2303.06,2304.99,2302.78,2303.45,0
2024-06-13 21:00:00,2303.43,2304.37,2303.02,2303.85,0
2024-06-13 23:00:00,2303.91,2304.18,2302.96,2303.01,0
2024-06-14 00:00:00,2303.04,2303.29,2301.73,2302.33,0
2024-06-14 01:00:00,2302.33,2305.71,2301.56,2304.96,0
2024-06-14 02:00:00,2304.97,2307.21,2303.1,2306.09,0
2024-06-14 03:00:00,2306.08,2307.11,2304.25,2306.73,0
2024-06-14 04:00:00,2306.73,2308.7,2305.01,2305.56,0
2024-06-14 05:00:00,2305.56,2306.19,2303.56,2305.99,0
2024-06-14 06:00:00,2305.99,2311.63,2305.58,2309.89,0
2024-06-14 07:00:00,2309.86,2312.7,2307.21,2307.61,0
2024-06-14 08:00:00,2307.62,2316.73,2307.54,2315.38,0
2024-06-14 09:00:00,2315.39,2321.69,2314.89,2317.43,0
2024-06-14 10:00:00,2317.45,2322.77,2315.26,2322.67,0
2024-06-14 11:00:00,2322.67,2332.71,2321.01,2330.62,0
2024-06-14 12:00:00,2330.62,2336.66,2326.07,2332.0,0
2024-06-14 13:00:00,2332.0,2333.46,2327.3,2330.37,0
2024-06-14 14:00:00,2330.38,2332.94,2324.21,2330.28,0
2024-06-14 15:00:00,2330.28,2335.49,2327.98,2330.18,0
2024-06-14 16:00:00,2330.17,2332.18,2324.07,2326.14,0
2024-06-14 17:00:00,2326.19,2331.91,2325.47,2328.84,0
2024-06-14 18:00:00,2328.84,2335.62,2328.54,2334.2,0
2024-06-14 19:00:00,2334.2,2335.18,2332.25,2334.73,0
2024-06-14 20:00:00,2334.75,2335.48,2332.21,2332.51,0
2024-06-14 21:00:00,2332.51,2333.01,2331.04,2332.6,0
2024-06-16 23:00:00,2331.37,2332.87,2327.62,2328.84,0
2024-06-17 00:00:00,2328.84,2329.67,2327.44,2329.04,0
2024-06-17 01:00:00,2329.0,2329.0,2325.26,2326.41,0
2024-06-17 02:00:00,2326.43,2328.98,2322.76,2326.34,0
2024-06-17 03:00:00,2326.31,2326.31,2321.57,2322.65,0
2024-06-17 04:00:00,2322.66,2325.25,2321.72,2324.46,0
2024-06-17 05:00:00,2324.45,2326.24,2322.71,2323.7,0
2024-06-17 06:00:00,2323.7,2323.7,2317.9,2318.68,0
2024-06-17 07:00:00,2318.64,2319.32,2315.52,2317.51,0
2024-06-17 08:00:00,2317.45,2320.16,2315.64,2316.99,0
2024-06-17 09:00:00,2317.0,2322.32,2316.47,2321.39,0
2024-06-17 10:00:00,2321.39,2322.71,2319.32,2320.1,0
2024-06-17 11:00:00,2320.1,2322.59,2319.59,2320.56,0
2024-06-17 12:00:00,2320.56,2321.97,2317.69,2318.21,0
2024-06-17 13:00:00,2318.21,2321.16,2316.86,2319.64,0
2024-06-17 14:00:00,2319.65,2326.35,2318.76,2321.03,0
2024-06-17 15:00:00,2321.01,2327.63,2318.37,2324.54,0
2024-06-17 16:00:00,2324.53,2325.6,2310.05,2312.65,0
2024-06-17 17:00:00,2312.65,2317.13,2312.65,2317.01,0
2024-06-17 18:00:00,2317.01,2318.46,2313.35,2316.8,0
2024-06-17 19:00:00,2316.85,2319.29,2316.28,2317.95,0
2024-06-17 20:00:00,2317.95,2320.65,2317.95,2320.26,0
2024-06-17 21:00:00,2320.22,2320.82,2318.55,2318.96,0
2024-06-17 23:00:00,2318.93,2321.2,2318.93,2321.09,0
2024-06-18 00:00:00,2321.09,2321.27,2319.25,2320.77,0
2024-06-18 01:00:00,2320.76,2325.58,2320.76,2324.11,0
2024-06-18 02:00:00,2324.17,2325.47,2319.28,2322.55,0
2024-06-18 03:00:00,2322.55,2325.68,2321.6,2324.39,0
2024-06-18 04:00:00,2324.41,2325.13,2323.24,2324.48,0
2024-06-18 05:00:00,2324.48,2324.87,2321.9,2322.58,0
2024-06-18 06:00:00,2322.57,2323.81,2319.5,2322.24,0
2024-06-18 07:00:00,2322.26,2322.76,2318.82,2320.13,0
2024-06-18 08:00:00,2320.13,2320.18,2315.07,2315.53,0
2024-06-18 09:00:00,2315.53,2315.53,2310.7,2311.37,0
2024-06-18 10:00:00,2311.37,2314.32,2310.96,2311.15,0
2024-06-18 11:00:00,2311.15,2312.44,2306.62,2308.34,0
2024-06-18 12:00:00,2308.36,2314.21,2306.74,2313.48,0
2024-06-18 13:00:00,2313.38,2324.24,2311.6,2313.96,0
2024-06-18 14:00:00,2313.97,2327.83,2313.73,2326.8,0
2024-06-18 15:00:00,2326.79,2327.11,2322.27,2323.69,0
2024-06-18 16:00:00,2323.67,2329.81,2318.77,2326.9,0
2024-06-18 17:00:00,2326.9,2330.77,2326.56,2330.29,0
2024-06-18 18:00:00,2330.29,2333.17,2328.33,2329.73,0
2024-06-18 19:00:00,2329.72,2331.51,2327.49,2331.33,0
2024-06-18 20:00:00,2331.33,2331.33,2328.54,2329.37,0
2024-06-18 21:00:00,2329.37,2330.66,2328.88,2329.34,0
2024-06-18 23:00:00,2329.02,2330.32,2327.55,2328.31,0
2024-06-19 00:00:00,2328.31,2329.61,2327.95,2328.34,0
2024-06-19 01:00:00,2328.32,2330.02,2328.06,2329.54,0
2024-06-19 02:00:00,2329.48,2331.0,2326.54,2330.18,0
2024-06-19 03:00:00,2330.19,2331.29,2328.92,2330.32,0
2024-06-19 04:00:00,2330.31,2331.78,2328.05,2328.34,0
2024-06-19 05:00:00,2328.34,2328.45,2327.27,2328.03,0
2024-06-19 06:00:00,2328.02,2330.11,2326.86,2329.34,0
2024-06-19 07:00:00,2329.34,2330.79,2328.49,2330.26,0
2024-06-19 08:00:00,2330.27,2332.72,2329.85,2331.9,0
2024-06-19 09:00:00,2332.11,2335.01,2332.01,2332.57,0
2024-06-19 10:00:00,2332.57,2332.79,2327.77,2328.19,0
2024-06-19 11:00:00,2328.16,2329.91,2327.49,2328.0,0
2024-06-19 12:00:00,2328.0,2331.06,2325.89,2330.46,0
2024-06-19 13:00:00,2330.47,2332.92,2325.32,2328.42,0
2024-06-19 14:00:00,2328.42,2331.49,2326.86,2328.25,0
2024-06-19 15:00:00,2328.23,2328.45,2323.79,2326.22,0
2024-06-19 16:00:00,2326.17,2329.86,2325.3,2329.86,0
2024-06-19 17:00:00,2329.88,2331.38,2328.92,2329.43,0
2024-06-19 18:00:00,2329.43,2331.05,2329.28,2330.07,0
2024-06-19 19:00:00,2330.07,2330.16,2328.11,2328.24,0
2024-06-19 23:00:00,2328.8,2330.86,2328.56,2330.46,0
2024-06-20 00:00:00,2330.46,2330.46,2328.72,2329.43,0
2024-06-20 01:00:00,2329.43,2329.84,2327.75,2329.74,0
2024-06-20 02:00:00,2329.74,2339.03,2329.74,2336.37,0
2024-06-20 03:00:00,2336.37,2337.36,2332.86,2333.87,0
2024-06-20 04:00:00,2333.87,2334.45,2332.42,2333.99,0
2024-06-20 05:00:00,2333.99,2340.94,2333.86,2340.46,0
2024-06-20 06:00:00,2340.52,2344.92,2339.8,2340.3,0
2024-06-20 07:00:00,2340.37,2345.71,2340.28,2344.15,0
2024-06-20 08:00:00,2344.16,2344.98,2338.58,2338.68,0
2024-06-20 09:00:00,2338.68,2338.73,2332.68,2333.39,0
2024-06-20 10:00:00,2333.4,2335.8,2331.67,2334.66,0
2024-06-20 11:00:00,2334.67,2340.68,2333.57,2339.53,0
2024-06-20 12:00:00,2339.51,2341.39,2337.79,2339.34,0
2024-06-20 13:00:00,2339.34,2343.74,2335.41,2338.51,0
2024-06-20 14:00:00,2338.65,2349.49,2336.71,2349.37,0
2024-06-20 15:00:00,2349.36,2365.04,2348.97,2364.08,0
2024-06-20 16:00:00,2364.04,2365.54,2351.4,2353.74,0
2024-06-20 17:00:00,2353.72,2357.2,2352.87,2356.39,0
2024-06-20 18:00:00,2356.39,2357.49,2354.66,2357.48,0
2024-06-20 19:00:00,2357.47,2361.07,2357.36,2358.03,0
2024-06-20 20:00:00,2358.04,2359.86,2357.74,2358.95,0
2024-06-20 21:00:00,2358.99,2360.16,2358.26,2360.02,0
2024-06-20 23:00:00,2360.4,2360.94,2358.18,2359.41,0
2024-06-21 00:00:00,2359.41,2361.14,2358.93,2360.87,0
2024-06-21 01:00:00,2360.87,2364.89,2360.85,2364.13,0
2024-06-21 02:00:00,2364.13,2364.23,2357.16,2359.67,0
2024-06-21 03:00:00,2359.67,2361.66,2358.2,2359.45,0
2024-06-21 04:00:00,2359.42,2362.21,2358.81,2362.21,0
2024-06-21 05:00:00,2362.18,2363.01,2361.1,2362.96,0
2024-06-21 06:00:00,2362.94,2365.67,2362.27,2364.58,0
2024-06-21 07:00:00,2364.52,2364.52,2357.99,2358.5,0
2024-06-21 08:00:00,2358.5,2364.49,2355.17,2363.02,0
2024-06-21 09:00:00,2363.04,2368.15,2362.73,2365.42,0
2024-06-21 10:00:00,2365.42,2367.33,2362.91,2363.93,0
2024-06-21 11:00:00,2364.0,2364.22,2361.42,2363.7,0
2024-06-21 12:00:00,2363.71,2368.77,2363.54,2366.28,0
2024-06-21 13:00:00,2366.28,2368.12,2360.48,2360.72,0
2024-06-21 14:00:00,2360.72,2363.82,2334.84,2340.6,0
2024-06-21 15:00:00,2340.5,2340.55,2328.65,2329.9,0
2024-06-21 16:00:00,2329.97,2334.8,2323.34,2327.93,0
2024-06-21 17:00:00,2327.98,2329.37,2323.73,2324.78,0
2024-06-21 18:00:00,2324.77,2325.14,2316.78,2319.35,0
2024-06-21 19:00:00,2319.35,2322.85,2316.82,2322.24,0
2024-06-21 20:00:00,2322.21,2323.39,2320.5,2322.19,0
2024-06-21 21:00:00,2322.16,2322.71,2320.82,2321.42,0
2024-06-23 23:00:00,2321.61,2322.93,2318.11,2321.57,0
2024-06-24 00:00:00,2321.45,2321.45,2317.72,2319.22,0
2024-06-24 01:00:00,2319.22,2321.8,2317.97,2320.98,0
2024-06-24 02:00:00,2320.98,2326.37,2319.02,2323.7,0
2024-06-24 03:00:00,2323.71,2325.22,2319.67,2324.85,0
2024-06-24 04:00:00,2324.86,2326.7,2324.43,2325.5,0
2024-06-24 05:00:00,2325.5,2326.71,2324.19,2324.5,0
2024-06-24 06:00:00,2324.5,2327.28,2323.69,2325.2,0
2024-06-24 07:00:00,2325.19,2325.35,2321.43,2323.52,0
2024-06-24 08:00:00,2323.51,2331.87,2321.86,2330.86,0
2024-06-24 09:00:00,2330.87,2332.85,2329.26,2330.58,0
2024-06-24 10:00:00,2330.58,2331.02,2320.82,2325.15,0
2024-06-24 11:00:00,2325.15,2327.19,2324.52,2325.26,0
2024-06-24 12:00:00,2325.26,2328.14,2324.19,2326.27,0
2024-06-24 13:00:00,2326.26,2327.91,2323.38,2327.67,0
2024-06-24 14:00:00,2327.67,2333.92,2325.97,2328.09,0
2024-06-24 15:00:00,2328.09,2333.7,2326.99,2330.76,0
2024-06-24 16:00:00,2330.76,2333.2,2327.56,2327.69,0
2024-06-24 17:00:00,2327.67,2332.25,2326.89,2331.72,0
2024-06-24 18:00:00,2331.72,2333.21,2330.64,2332.09,0
2024-06-24 19:00:00,2332.09,2334.71,2332.0,2333.81,0
2024-06-24 20:00:00,2333.81,2333.82,2330.97,2331.79,0
2024-06-24 21:00:00,2331.77,2334.44,2331.77,2334.43,0
2024-06-24 23:00:00,2333.97,2334.6,2331.75,2331.79,0
2024-06-25 00:00:00,2331.76,2331.97,2330.28,2330.87,0
2024-06-25 01:00:00,2330.97,2330.97,2328.29,2330.12,0
2024-06-25 02:00:00,2330.11,2330.98,2323.2,2325.9,0
2024-06-25 03:00:00,2325.82,2327.12,2324.57,2326.55,0
2024-06-25 04:00:00,2326.55,2328.56,2324.06,2324.16,0
2024-06-25 05:00:00,2324.17,2327.83,2322.75,2327.5,0
2024-06-25 06:00:00,2327.5,2330.15,2324.57,2325.02,0
2024-06-25 07:00:00,2325.02,2328.19,2323.5,2327.35,0
2024-06-25 08:00:00,2327.22,2327.74,2324.08,2324.83,0
2024-06-25 09:00:00,2324.83,2330.58,2323.04,2329.61,0
2024-06-25 10:00:00,2329.61,2333.99,2329.31,2333.1,0
2024-06-25 11:00:00,2333.1,2337.13,2332.7,2335.35,0
2024-06-25 12:00:00,2335.43,2335.88,2327.49,2330.2,0
2024-06-25 13:00:00,2330.22,2330.55,2324.11,2324.23,0
2024-06-25 14:00:00,2324.29,2327.47,2320.31,2325.73,0
2024-06-25 15:00:00,2325.73,2328.25,2319.54,2327.15,0
2024-06-25 16:00:00,2327.22,2327.79,2315.7,2324.77,0
2024-06-25 17:00:00,2324.85,2325.09,2315.56,2317.92,0
2024-06-25 18:00:00,2317.89,2320.13,2316.87,2319.17,0
2024-06-25 19:00:00,2319.17,2319.82,2317.08,2319.31,0
2024-06-25 20:00:00,2319.31,2320.67,2318.8,2319.85,0
2024-06-25 21:00:00,2319.82,2319.9,2318.03,2319.51,0
2024-06-25 23:00:00,2319.19,2321.26,2318.98,2320.67,0
2024-06-26 00:00:00,2320.68,2321.5,2318.7,2320.03,0
2024-06-26 01:00:00,2320.03,2324.09,2317.76,2318.48,0
2024-06-26 02:00:00,2318.43,2320.85,2310.6,2313.02,0
2024-06-26 03:00:00,2313.01,2321.69,2312.47,2319.54,0
2024-06-26 04:00:00,2319.54,2321.1,2316.73,2317.28,0
2024-06-26 05:00:00,2317.28,2317.74,2315.16,2316.89,0
2024-06-26 06:00:00,2316.87,2318.22,2311.86,2312.14,0
2024-06-26 07:00:00,2312.14,2317.44,2309.74,2317.2,0
2024-06-26 08:00:00,2317.17,2317.41,2313.04,2316.11,0
2024-06-26 09:00:00,2316.13,2318.09,2312.98,2315.69,0
2024-06-26 10:00:00,2315.69,2318.49,2315.69,2316.38,0
2024-06-26 11:00:00,2316.38,2316.48,2307.8,2308.35,0
2024-06-26 12:00:00,2308.35,2314.04,2304.45,2313.09,0
2024-06-26 13:00:00,2313.06,2317.89,2310.15,2310.15,0
2024-06-26 14:00:00,2310.11,2311.61,2293.66,2296.47,0
2024-06-26 15:00:00,2296.33,2301.33,2295.43,2297.48,0
2024-06-26 16:00:00,2297.64,2304.21,2296.0,2300.07,0
2024-06-26 17:00:00,2300.07,2302.26,2298.54,2299.78,0
2024-06-26 18:00:00,2299.78,2303.08,2299.43,2301.99,0
2024-06-26 19:00:00,2301.99,2302.14,2298.62,2299.05,0
2024-06-26 20:00:00,2299.03,2299.53,2297.01,2298.76,0
2024-06-26 21:00:00,2298.76,2299.23,2297.26,2298.06,0
2024-06-26 23:00:00,2298.33,2299.02,2298.04,2298.3,0
2024-06-27 00:00:00,2298.31,2298.63,2296.88,2298.43,0
2024-06-27 01:00:00,2298.39,2300.18,2297.96,2299.11,0
2024-06-27 02:00:00,2299.11,2299.77,2296.83,2297.84,0
2024-06-27 03:00:00,2297.86,2300.11,2297.83,2299.39,0
2024-06-27 04:00:00,2299.39,2299.91,2298.1,2299.05,0
2024-06-27 05:00:00,2299.03,2301.15,2298.8,2300.53,0
2024-06-27 06:00:00,2300.62,2300.63,2296.86,2297.58,0
2024-06-27 07:00:00,2297.62,2303.49,2296.56,2301.28,0
2024-06-27 08:00:00,2301.2,2302.6,2300.03,2302.39,0
2024-06-27 09:00:00,2302.29,2308.45,2302.09,2307.63,0
2024-06-27 10:00:00,2307.63,2313.84,2307.36,2312.64,0
2024-06-27 11:00:00,2312.62,2315.58,2312.37,2315.2,0
2024-06-27 12:00:00,2315.2,2317.93,2313.48,2317.12,0
2024-06-27 13:00:00,2317.16,2325.71,2316.24,2322.88,0
2024-06-27 14:00:00,2322.89,2325.02,2319.55,2323.39,0
2024-06-27 15:00:00,2323.39,2330.84,2322.71,2329.05,0
2024-06-27 16:00:00,2329.04,2330.95,2325.13,2327.6,0
2024-06-27 17:00:00,2327.6,2328.35,2324.07,2325.47,0
2024-06-27 18:00:00,2325.47,2328.06,2324.35,2325.87,0
2024-06-27 19:00:00,2325.87,2326.47,2322.5,2326.32,0
2024-06-27 20:00:00,2326.32,2327.8,2325.68,2326.1,0
2024-06-27 21:00:00,2326.07,2328.58,2325.54,2327.48,0
2024-06-27 23:00:00,2327.72,2328.16,2325.92,2326.94,0
2024-06-28 00:00:00,2326.94,2327.95,2326.5,2327.73,0
2024-06-28 01:00:00,2327.73,2328.29,2321.46,2321.66,0
2024-06-28 02:00:00,2321.66,2324.45,2319.1,2320.34,0
2024-06-28 03:00:00,2320.34,2324.27,2319.9,2323.68,0
2024-06-28 04:00:00,2323.68,2324.99,2320.82,2321.8,0
2024-06-28 05:00:00,2321.8,2321.88,2319.78,2321.25,0
2024-06-28 06:00:00,2321.22,2327.1,2321.03,2325.76,0
2024-06-28 07:00:00,2325.68,2328.15,2325.12,2327.47,0
2024-06-28 08:00:00,2327.54,2328.88,2324.85,2327.22,0
2024-06-28 09:00:00,2327.22,2331.94,2326.52,2328.76,0
2024-06-28 10:00:00,2328.76,2330.45,2327.31,2330.38,0
2024-06-28 11:00:00,2330.38,2336.81,2329.46,2335.87,0
2024-06-28 12:00:00,2335.87,2337.21,2333.4,2333.98,0
2024-06-28 13:00:00,2333.98,2339.34,2331.2,2335.53,0
2024-06-28 14:00:00,2335.53,2339.76,2326.81,2330.4,0
2024-06-28 15:00:00,2330.4,2333.75,2322.93,2326.58,0
2024-06-28 16:00:00,2326.59,2330.47,2324.18,2328.65,0
2024-06-28 17:00:00,2328.65,2332.6,2327.79,2330.01,0
2024-06-28 18:00:00,2330.01,2332.73,2326.46,2326.89,0
2024-06-28 19:00:00,2326.89,2328.47,2325.38,2325.78,0
2024-06-28 20:00:00,2325.78,2326.31,2323.04,2325.1,0
2024-06-28 21:00:00,2325.11,2326.66,2322.94,2326.4,0
2024-06-30 23:00:00,2327.13,2327.58,2322.9,2324.58,0
2024-07-01 00:00:00,2324.6,2326.16,2323.2,2324.97,0
2024-07-01 01:00:00,2324.98,2325.37,2322.23,2324.9,0
2024-07-01 02:00:00,2324.9,2328.62,2323.57,2327.93,0
2024-07-01 03:00:00,2327.82,2327.82,2324.5,2326.69,0
2024-07-01 04:00:00,2326.7,2327.69,2324.49,2324.77,0
2024-07-01 05:00:00,2324.77,2326.16,2321.49,2323.73,0
2024-07-01 06:00:00,2323.67,2324.02,2318.56,2321.88,0
2024-07-01 07:00:00,2321.88,2329.04,2321.35,2326.53,0
2024-07-01 08:00:00,2326.53,2327.0,2323.71,2323.78,0
2024-07-01 09:00:00,2323.61,2326.3,2321.96,2325.91,0
2024-07-01 10:00:00,2325.91,2329.51,2325.5,2327.46,0
2024-07-01 11:00:00,2327.53,2332.58,2327.53,2332.58,0
2024-07-01 12:00:00,2332.74,2338.28,2332.16,2338.21,0
2024-07-01 13:00:00,2338.22,2338.54,2327.23,2327.43,0
2024-07-01 14:00:00,2327.44,2334.19,2325.5,2327.11,0
2024-07-01 15:00:00,2327.51,2334.32,2319.32,2324.12,0
2024-07-01 16:00:00,2324.12,2329.06,2323.13,2327.82,0
2024-07-01 17:00:00,2327.82,2331.89,2326.73,2328.21,0
2024-07-01 18:00:00,2328.21,2329.94,2326.8,2329.25,0
2024-07-01 19:00:00,2329.27,2330.78,2327.04,2329.96,0
2024-07-01 20:00:00,2329.96,2331.52,2329.02,2331.05,0
2024-07-01 21:00:00,2331.14,2332.43,2330.91,2331.72,0
2024-07-01 23:00:00,2331.45,2332.87,2331.39,2331.83,0
2024-07-02 00:00:00,2331.83,2332.56,2331.68,2332.32,0
2024-07-02 01:00:00,2332.31,2333.92,2331.82,2333.11,0
2024-07-02 02:00:00,2333.12,2334.26,2331.2,2334.06,0
2024-07-02 03:00:00,2334.15,2334.4,2331.24,2332.39,0
2024-07-02 04:00:00,2332.39,2332.72,2325.82,2326.08,0
2024-07-02 05:00:00,2326.1,2327.88,2324.97,2327.32,0
2024-07-02 06:00:00,2327.32,2330.85,2326.37,2329.95,0
2024-07-02 07:00:00,2329.95,2331.82,2327.67,2330.82,0
2024-07-02 08:00:00,2330.41,2330.99,2323.36,2330.81,0
2024-07-02 09:00:00,2330.88,2332.54,2328.46,2331.23,0
2024-07-02 10:00:00,2331.23,2331.93,2324.14,2324.89,0
2024-07-02 11:00:00,2324.96,2326.59,2322.9,2324.57,0
2024-07-02 12:00:00,2324.57,2325.68,2319.99,2320.77,0
2024-07-02 13:00:00,2320.95,2328.75,2319.07,2327.51,0
2024-07-02 14:00:00,2327.5,2336.81,2326.13,2334.48,0
2024-07-02 15:00:00,2334.48,2335.64,2323.06,2326.67,0
2024-07-02 16:00:00,2326.67,2330.49,2324.19,2324.75,0
2024-07-02 17:00:00,2324.75,2325.0,2320.99,2322.88,0
2024-07-02 18:00:00,2322.88,2325.27,2322.12,2324.72,0
2024-07-02 19:00:00,2324.71,2328.93,2324.58,2328.39,0
2024-07-02 20:00:00,2328.38,2331.39,2328.17,2330.88,0
2024-07-02 21:00:00,2330.88,2331.02,2328.72,2329.35,0
2024-07-02 23:00:00,2329.47,2331.3,2329.39,2330.07,0
2024-07-03 00:00:00,2330.07,2331.44,2329.7,2330.29,0
2024-07-03 01:00:00,2330.29,2332.17,2330.27,2330.29,0
2024-07-03 02:00:00,2330.3,2331.63,2328.49,2329.12,0
2024-07-03 03:00:00,2329.12,2331.13,2326.96,2328.96,0
2024-07-03 04:00:00,2328.96,2332.57,2328.11,2331.74,0
2024-07-03 05:00:00,2331.75,2335.29,2331.75,2334.5,0
2024-07-03 06:00:00,2334.5,2335.86,2332.02,2333.34,0
2024-07-03 07:00:00,2333.38,2341.22,2333.02,2340.19,0
2024-07-03 08:00:00,2340.22,2347.21,2338.92,2345.42,0
2024-07-03 09:00:00,2345.42,2347.59,2343.13,2344.69,0
2024-07-03 10:00:00,2344.72,2346.53,2342.18,2346.35,0
2024-07-03 11:00:00,2346.35,2349.54,2344.6,2347.0,0
2024-07-03 12:00:00,2347.0,2347.0,2342.47,2345.45,0
2024-07-03 13:00:00,2345.45,2356.12,2345.0,2350.56,0
2024-07-03 14:00:00,2350.53,2358.75,2347.63,2355.49,0
2024-07-03 15:00:00,2355.49,2364.97,2355.49,2362.52,0
2024-07-03 16:00:00,2362.52,2364.05,2359.98,2363.1,0
2024-07-03 17:00:00,2363.1,2363.19,2355.18,2356.63,0
2024-07-03 18:00:00,2356.62,2360.9,2353.9,2356.71,0
2024-07-03 19:00:00,2356.71,2357.98,2355.26,2356.41,0
2024-07-03 20:00:00,2356.39,2356.72,2353.75,2354.32,0
2024-07-03 21:00:00,2354.32,2356.42,2354.29,2356.07,0
2024-07-03 23:00:00,2355.19,2359.27,2355.19,2358.85,0
2024-07-04 00:00:00,2358.9,2359.61,2357.71,2358.82,0
2024-07-04 01:00:00,2358.83,2359.31,2356.49,2358.58,0
2024-07-04 02:00:00,2358.58,2362.55,2358.32,2362.03,0
2024-07-04 03:00:00,2362.04,2362.29,2357.47,2359.28,0
2024-07-04 04:00:00,2359.28,2360.36,2357.22,2358.12,0
2024-07-04 05:00:00,2358.12,2359.59,2357.7,2358.53,0
2024-07-04 06:00:00,2358.51,2358.56,2355.55,2356.88,0
2024-07-04 07:00:00,2356.88,2357.24,2350.52,2356.41,0
2024-07-04 08:00:00,2356.32,2357.79,2353.67,2357.6,0
2024-07-04 09:00:00,2357.65,2359.67,2355.59,2358.9,0
2024-07-04 10:00:00,2358.9,2359.12,2355.74,2357.81,0
2024-07-04 11:00:00,2357.8,2359.22,2356.46,2358.1,0
2024-07-04 12:00:00,2358.1,2360.11,2357.6,2358.52,0
2024-07-04 13:00:00,2358.52,2360.4,2357.02,2357.79,0
2024-07-04 14:00:00,2357.79,2360.13,2357.3,2359.77,0
2024-07-04 15:00:00,2359.8,2361.91,2358.06,2358.96,0
2024-07-04 16:00:00,2358.97,2360.73,2355.58,2357.48,0
2024-07-04 17:00:00,2357.4,2359.17,2357.0,2357.86,0
2024-07-04 18:00:00,2357.81,2358.05,2356.2,2356.34,0
2024-07-04 19:00:00,2356.34,2357.3,2356.19,2356.95,0
2024-07-04 23:00:00,2357.31,2357.57,2354.28,2357.48,0
2024-07-05 00:00:00,2357.48,2357.77,2356.43,2356.77,0
2024-07-05 01:00:00,2356.79,2359.08,2356.09,2358.89,0
2024-07-05 02:00:00,2358.89,2360.34,2356.91,2358.41,0
2024-07-05 03:00:00,2358.42,2363.16,2358.13,2360.55,0
2024-07-05 04:00:00,2360.53,2362.37,2359.59,2361.86,0
2024-07-05 05:00:00,2361.85,2364.7,2361.41,2363.98,0
2024-07-05 06:00:00,2363.98,2365.04,2362.67,2364.81,0
2024-07-05 07:00:00,2364.82,2366.38,2363.64,2364.02,0
2024-07-05 08:00:00,2364.02,2367.55,2362.28,2365.31,0
2024-07-05 09:00:00,2365.31,2368.1,2364.67,2366.5,0
2024-07-05 10:00:00,2366.57,2366.94,2362.07,2362.49,0
2024-07-05 11:00:00,2362.48,2365.52,2361.91,2365.06,0
2024-07-05 12:00:00,2365.07,2366.05,2362.36,2365.89,0
2024-07-05 13:00:00,2365.89,2376.22,2348.98,2372.19,0
2024-07-05 14:00:00,2372.2,2385.18,2370.7,2383.24,0
2024-07-05 15:00:00,2383.19,2384.46,2374.55,2380.76,0
2024-07-05 16:00:00,2380.77,2388.4,2378.57,2384.77,0
2024-07-05 17:00:00,2384.76,2387.62,2384.03,2386.55,0
2024-07-05 18:00:00,2386.55,2389.91,2384.62,2385.86,0
2024-07-05 19:00:00,2385.86,2392.57,2385.2,2391.06,0
2024-07-05 20:00:00,2391.04,2392.96,2388.16,2388.81,0
2024-07-05 21:00:00,2388.8,2391.68,2388.25,2391.06,0
2024-07-07 23:00:00,2385.2,2390.19,2384.95,2385.34,0
2024-07-08 00:00:00,2385.37,2386.97,2384.8,2386.11,0
2024-07-08 01:00:00,2386.13,2387.85,2384.57,2386.73,0
2024-07-08 02:00:00,2386.73,2391.12,2384.33,2386.52,0
2024-07-08 03:00:00,2386.52,2387.26,2381.5,2382.98,0
2024-07-08 04:00:00,2382.98,2384.23,2380.86,2382.97,0
2024-07-08 05:00:00,2382.97,2385.09,2382.12,2384.99,0
2024-07-08 06:00:00,2384.99,2386.79,2381.61,2382.83,0
2024-07-08 07:00:00,2382.84,2384.25,2376.78,2377.0,0
2024-07-08 08:00:00,2376.97,2381.19,2376.7,2377.91,0
2024-07-08 09:00:00,2377.91,2378.86,2371.94,2372.88,0
2024-07-08 10:00:00,2372.83,2373.87,2368.36,2370.24,0
2024-07-08 11:00:00,2370.1,2374.29,2369.73,2374.17,0
2024-07-08 12:00:00,2374.17,2375.67,2372.55,2375.38,0
2024-07-08 13:00:00,2375.38,2377.54,2370.42,2372.82,0
2024-07-08 14:00:00,2372.82,2377.16,2370.37,2375.62,0
2024-07-08 15:00:00,2375.56,2379.58,2373.28,2373.31,0
2024-07-08 16:00:00,2373.3,2375.02,2351.12,2355.56,0
2024-07-08 17:00:00,2355.56,2358.83,2351.16,2358.76,0
2024-07-08 18:00:00,2358.79,2359.81,2355.64,2357.28,0
2024-07-08 19:00:00,2357.15,2358.24,2354.91,2356.64,0
2024-07-08 20:00:00,2356.64,2359.89,2356.19,2359.26,0
2024-07-08 21:00:00,2359.26,2359.9,2358.03,2359.09,0
2024-07-08 23:00:00,2358.98,2359.82,2358.5,2359.81,0
2024-07-09 00:00:00,2359.81,2362.11,2359.81,2361.81,0
2024-07-09 01:00:00,2361.86,2363.7,2360.84,2361.91,0
2024-07-09 02:00:00,2361.91,2365.31,2361.39,2363.47,0
2024-07-09 03:00:00,2363.47,2366.71,2360.54,2364.05,0
2024-07-09 04:00:00,2364.06,2368.03,2363.38,2367.75,0
2024-07-09 05:00:00,2367.75,2368.79,2366.4,2367.42,0
2024-07-09 06:00:00,2367.34,2368.4,2364.19,2364.58,0
2024-07-09 07:00:00,2364.58,2365.58,2362.81,2364.16,0
2024-07-09 08:00:00,2364.21,2364.6,2358.41,2359.03,0
2024-07-09 09:00:00,2359.06,2362.01,2358.31,2361.69,0
2024-07-09 10:00:00,2361.69,2365.41,2361.61,2364.31,0
2024-07-09 11:00:00,2364.34,2365.65,2362.18,2363.13,0
2024-07-09 12:00:00,2363.14,2363.22,2357.6,2360.69,0
2024-07-09 13:00:00,2360.7,2361.34,2356.15,2360.22,0
2024-07-09 14:00:00,2360.17,2368.54,2359.55,2367.78,0
2024-07-09 15:00:00,2367.2,2371.56,2354.14,2354.98,0
2024-07-09 16:00:00,2355.05,2362.3,2349.49,2362.13,0
2024-07-09 17:00:00,2362.13,2363.18,2356.59,2357.55,0
2024-07-09 18:00:00,2357.55,2362.57,2357.55,2361.93,0
2024-07-09 19:00:00,2361.93,2365.38,2361.11,2364.54,0
2024-07-09 20:00:00,2364.61,2365.66,2362.99,2363.62,0
2024-07-09 21:00:00,2363.61,2365.07,2363.61,2363.73,0
2024-07-09 23:00:00,2363.63,2364.48,2363.04,2364.48,0
2024-07-10 00:00:00,2364.48,2366.1,2364.47,2365.07,0
2024-07-10 01:00:00,2365.08,2366.52,2364.53,2364.71,0
2024-07-10 02:00:00,2364.71,2369.91,2363.32,2368.24,0
2024-07-10 03:00:00,2368.23,2370.31,2366.95,2369.36,0
2024-07-10 04:00:00,2369.36,2369.89,2366.47,2368.21,0
2024-07-10 05:00:00,2368.21,2368.95,2366.66,2367.77,0
2024-07-10 06:00:00,2367.77,2370.4,2367.4,2368.44,0
2024-07-10 07:00:00,2368.44,2372.83,2367.23,2371.98,0
2024-07-10 08:00:00,2372.07,2374.98,2371.47,2372.71,0
2024-07-10 09:00:00,2372.7,2374.3,2371.53,2372.88,0
2024-07-10 10:00:00,2372.88,2374.28,2371.73,2371.92,0
2024-07-10 11:00:00,2371.93,2375.36,2371.81,2372.53,0
2024-07-10 12:00:00,2372.53,2378.43,2372.48,2378.38,0
2024-07-10 13:00:00,2378.39,2381.89,2377.31,2377.85,0
2024-07-10 14:00:00,2377.85,2386.68,2376.36,2383.27,0
2024-07-10 15:00:00,2383.35,2385.18,2374.01,2374.95,0
2024-07-10 16:00:00,2374.93,2380.82,2374.14,2378.84,0
2024-07-10 17:00:00,2378.95,2381.36,2376.7,2377.92,0
2024-07-10 18:00:00,2377.92,2378.56,2370.52,2373.08,0
2024-07-10 19:00:00,2373.08,2373.64,2369.98,2372.71,0
2024-07-10 20:00:00,2372.7,2372.72,2370.64,2371.84,0
2024-07-10 21:00:00,2371.86,2372.49,2370.75,2371.26,0
2024-07-10 23:00:00,2371.25,2372.9,2370.95,2372.85,0
2024-07-11 00:00:00,2372.85,2372.93,2372.31,2372.86,0
2024-07-11 01:00:00,2372.86,2374.46,2371.52,2374.26,0
2024-07-11 02:00:00,2374.26,2376.36,2373.09,2375.99,0
2024-07-11 03:00:00,2375.98,2377.84,2374.4,2377.44,0
2024-07-11 04:00:00,2377.44,2380.26,2376.91,2378.72,0
2024-07-11 05:00:00,2378.72,2382.5,2378.71,2382.02,0
2024-07-11 06:00:00,2382.02,2383.05,2381.24,2382.57,0
2024-07-11 07:00:00,2382.57,2383.28,2378.55,2381.91,0
2024-07-11 08:00:00,2381.79,2382.07,2378.88,2379.97,0
2024-07-11 09:00:00,2379.97,2384.15,2379.63,2381.43,0
2024-07-11 10:00:00,2381.42,2384.63,2381.42,2384.09,0
2024-07-11 11:00:00,2384.09,2384.12,2380.53,2382.39,0
2024-07-11 12:00:00,2382.32,2383.48,2379.09,2380.86,0
2024-07-11 13:00:00,2380.85,2409.8,2378.29,2406.35,0
2024-07-11 14:00:00,2406.29,2413.01,2395.89,2406.72,0
2024-07-11 15:00:00,2406.73,2417.98,2404.42,2417.79,0
2024-07-11 16:00:00,2417.8,2424.58,2412.5,2417.29,0
2024-07-11 17:00:00,2417.36,2419.27,2411.64,2411.69,0
2024-07-11 18:00:00,2411.7,2416.7,2410.04,2413.74,0
2024-07-11 19:00:00,2413.71,2416.69,2412.94,2416.5,0
2024-07-11 20:00:00,2416.5,2418.7,2414.09,2414.17,0
2024-07-11 21:00:00,2414.17,2415.49,2413.22,2415.32,0
2024-07-11 23:00:00,2415.54,2415.9,2411.12,2414.12,0
2024-07-12 00:00:00,2414.06,2416.15,2412.02,2416.02,0
2024-07-12 01:00:00,2416.02,2416.32,2411.08,2412.08,0
2024-07-12 02:00:00,2412.08,2414.28,2407.11,2407.97,0
2024-07-12 03:00:00,2408.03,2411.09,2406.68,2409.62,0
2024-07-12 04:00:00,2409.6,2410.24,2408.56,2408.77,0
2024-07-12 05:00:00,2408.77,2409.97,2408.21,2408.64,0
2024-07-12 06:00:00,2408.64,2410.14,2405.46,2408.1,0
2024-07-12 07:00:00,2408.1,2408.33,2402.22,2404.18,0
2024-07-12 08:00:00,2404.18,2405.58,2400.39,2404.19,0
2024-07-12 09:00:00,2404.2,2408.26,2403.82,2407.5,0
2024-07-12 10:00:00,2407.5,2408.34,2403.24,2404.98,0
2024-07-12 11:00:00,2404.98,2405.55,2399.87,2400.22,0
2024-07-12 12:00:00,2400.22,2402.74,2398.36,2401.8,0
2024-07-12 13:00:00,2401.8,2404.36,2391.45,2397.97,0
2024-07-12 14:00:00,2397.97,2405.72,2396.9,2403.73,0
2024-07-12 15:00:00,2403.76,2410.91,2403.76,2409.0,0
2024-07-12 16:00:00,2409.0,2413.74,2408.13,2411.81,0
2024-07-12 17:00:00,2411.8,2416.96,2411.78,2415.95,0
2024-07-12 18:00:00,2415.95,2418.3,2414.53,2417.91,0
2024-07-12 19:00:00,2417.9,2418.05,2413.92,2414.22,0
2024-07-12 20:00:00,2414.22,2414.81,2412.28,2412.89,0
2024-07-12 21:00:00,2412.89,2412.89,2411.22,2411.59,0
2024-07-14 23:00:00,2411.8,2415.37,2406.93,2407.63,0
2024-07-15 00:00:00,2407.61,2408.78,2405.67,2408.7,0
2024-07-15 01:00:00,2408.78,2408.88,2406.28,2408.5,0
2024-07-15 02:00:00,2408.48,2410.4,2404.99,2410.06,0
2024-07-15 03:00:00,2410.09,2410.97,2408.19,2409.2,0
2024-07-15 04:00:00,2409.2,2412.03,2408.67,2411.63,0
2024-07-15 05:00:00,2411.63,2413.4,2410.73,2411.52,0
2024-07-15 06:00:00,2411.52,2413.94,2408.01,2408.15,0
2024-07-15 07:00:00,2408.19,2408.35,2402.06,2403.28,0
2024-07-15 08:00:00,2403.28,2407.99,2401.37,2407.94,0
2024-07-15 09:00:00,2407.96,2412.13,2406.95,2412.08,0
2024-07-15 10:00:00,2412.04,2412.66,2407.76,2410.76,0
2024-07-15 11:00:00,2410.76,2415.84,2410.74,2414.87,0
2024-07-15 12:00:00,2414.88,2420.39,2414.62,2418.29,0
2024-07-15 13:00:00,2418.3,2420.87,2413.59,2414.87,0
2024-07-15 14:00:00,2414.87,2419.34,2411.52,2419.13,0
2024-07-15 15:00:00,2419.14,2431.98,2418.21,2431.63,0
2024-07-15 16:00:00,2431.54,2437.51,2431.47,2433.32,0
2024-07-15 17:00:00,2433.32,2439.78,2429.6,2430.28,0
2024-07-15 18:00:00,2430.27,2430.34,2420.55,2421.51,0
2024-07-15 19:00:00,2421.61,2424.89,2419.82,2422.49,0
2024-07-15 20:00:00,2422.49,2423.29,2420.27,2421.19,0
2024-07-15 21:00:00,2421.19,2422.45,2420.71,2422.23,0
2024-07-15 23:00:00,2422.23,2422.65,2420.97,2421.06,0
2024-07-16 00:00:00,2421.06,2422.73,2421.0,2422.58,0
2024-07-16 01:00:00,2422.6,2422.84,2420.02,2421.26,0
2024-07-16 02:00:00,2421.27,2427.77,2421.27,2427.3,0
2024-07-16 03:00:00,2427.36,2430.34,2426.1,2430.22,0
2024-07-16 04:00:00,2430.23,2431.49,2426.69,2428.69,0
2024-07-16 05:00:00,2428.68,2429.53,2425.16,2429.31,0
2024-07-16 06:00:00,2429.23,2432.82,2428.21,2431.99,0
2024-07-16 07:00:00,2431.92,2433.88,2428.18,2433.87,0
2024-07-16 08:00:00,2433.87,2439.34,2432.65,2437.03,0
2024-07-16 09:00:00,2437.03,2438.59,2433.67,2436.64,0
2024-07-16 10:00:00,2436.64,2443.34,2435.17,2442.54,0
2024-07-16 11:00:00,2442.54,2443.4,2439.78,2440.15,0
2024-07-16 12:00:00,2440.25,2442.51,2438.22,2439.59,0
2024-07-16 13:00:00,2439.59,2444.09,2429.48,2432.64,0
2024-07-16 14:00:00,2432.6,2447.99,2431.03,2442.8,0
2024-07-16 15:00:00,2442.8,2454.09,2440.61,2452.12,0
2024-07-16 16:00:00,2452.1,2465.3,2451.97,2463.23,0
2024-07-16 17:00:00,2463.22,2463.75,2457.9,2459.22,0
2024-07-16 18:00:00,2459.19,2466.32,2458.76,2464.69,0
2024-07-16 19:00:00,2464.69,2466.65,2462.52,2465.42,0
2024-07-16 20:00:00,2465.44,2468.74,2463.22,2468.6,0
2024-07-16 21:00:00,2468.66,2469.71,2466.89,2468.69,0
2024-07-16 23:00:00,2468.45,2470.01,2466.27,2469.05,0
2024-07-17 00:00:00,2469.05,2469.82,2467.49,2468.33,0
2024-07-17 01:00:00,2468.32,2473.32,2466.22,2468.76,0
2024-07-17 02:00:00,2468.76,2481.3,2468.62,2479.53,0
2024-07-17 03:00:00,2479.53,2482.43,2469.71,2474.67,0
2024-07-17 04:00:00,2474.66,2474.66,2464.06,2471.82,0
2024-07-17 05:00:00,2471.87,2472.77,2467.71,2467.81,0
2024-07-17 06:00:00,2467.81,2471.06,2465.46,2465.5,0
2024-07-17 07:00:00,2465.42,2467.59,2461.85,2466.47,0
2024-07-17 08:00:00,2466.47,2474.44,2464.21,2474.25,0
2024-07-17 09:00:00,2474.25,2478.95,2471.55,2475.02,0
2024-07-17 10:00:00,2475.02,2475.47,2469.87,2475.16,0
2024-07-17 11:00:00,2475.16,2476.41,2466.73,2467.92,0
2024-07-17 12:00:00,2467.79,2473.36,2467.33,2470.13,0
2024-07-17 13:00:00,2470.13,2475.43,2468.77,2473.47,0
2024-07-17 14:00:00,2473.46,2483.48,2471.35,2483.03,0
2024-07-17 15:00:00,2483.03,2483.68,2461.15,2463.74,0
2024-07-17 16:00:00,2463.74,2465.98,2458.05,2463.54,0
2024-07-17 17:00:00,2463.54,2465.11,2452.86,2455.67,0
2024-07-17 18:00:00,2455.67,2459.33,2451.94,2452.64,0
2024-07-17 19:00:00,2452.64,2458.22,2451.58,2458.03,0
2024-07-17 20:00:00,2458.04,2460.42,2457.11,2458.08,0
2024-07-17 21:00:00,2458.1,2459.46,2457.29,2458.66,0
2024-07-17 23:00:00,2458.66,2459.89,2458.05,2459.23,0
2024-07-18 00:00:00,2459.27,2461.91,2459.17,2461.39,0
2024-07-18 01:00:00,2461.45,2461.55,2457.41,2458.92,0
2024-07-18 02:00:00,2458.92,2464.14,2457.64,2462.49,0
2024-07-18 03:00:00,2462.49,2466.05,2460.39,2465.65,0
2024-07-18 04:00:00,2465.65,2469.03,2465.3,2468.05,0
2024-07-18 05:00:00,2468.05,2468.27,2465.14,2465.31,0
2024-07-18 06:00:00,2465.33,2469.95,2464.98,2466.96,0
2024-07-18 07:00:00,2467.1,2472.17,2464.65,2471.53,0
2024-07-18 08:00:00,2471.53,2474.94,2470.84,2471.97,0
2024-07-18 09:00:00,2471.97,2473.72,2465.64,2466.03,0
2024-07-18 10:00:00,2466.05,2467.71,2464.76,2465.73,0
2024-07-18 11:00:00,2465.73,2466.38,2461.61,2464.21,0
2024-07-18 12:00:00,2464.22,2466.37,2462.22,2464.52,0
2024-07-18 13:00:00,2464.53,2468.9,2462.65,2464.06,0
2024-07-18 14:00:00,2464.06,2466.28,2457.67,2465.1,0
2024-07-18 15:00:00,2465.12,2469.91,2460.18,2468.47,0
2024-07-18 16:00:00,2468.48,2469.1,2461.23,2461.31,0
2024-07-18 17:00:00,2461.31,2462.13,2455.89,2456.23,0
2024-07-18 18:00:00,2456.21,2457.58,2451.8,2456.36,0
2024-07-18 19:00:00,2456.35,2456.57,2450.89,2451.51,0
2024-07-18 20:00:00,2451.51,2451.82,2440.38,2443.01,0
2024-07-18 21:00:00,2443.01,2445.51,2441.37,2445.08,0
2024-07-18 23:00:00,2445.41,2445.86,2443.69,2444.42,0
2024-07-19 00:00:00,2444.36,2445.27,2441.29,2441.29,0
2024-07-19 01:00:00,2441.32,2441.37,2426.27,2434.39,0
2024-07-19 02:00:00,2434.44,2434.69,2420.54,2426.22,0
2024-07-19 03:00:00,2426.22,2428.75,2422.67,2428.42,0
2024-07-19 04:00:00,2428.42,2429.56,2425.05,2428.8,0
2024-07-19 05:00:00,2428.8,2429.32,2424.05,2425.55,0
2024-07-19 06:00:00,2425.55,2426.19,2421.15,2423.37,0
2024-07-19 07:00:00,2423.37,2424.04,2414.33,2420.02,0
2024-07-19 08:00:00,2420.03,2422.24,2412.97,2418.26,0
2024-07-19 09:00:00,2418.26,2421.7,2416.39,2420.51,0
2024-07-19 10:00:00,2420.49,2421.14,2414.9,2416.19,0
2024-07-19 11:00:00,2416.19,2416.37,2410.75,2412.53,0
2024-07-19 12:00:00,2412.61,2414.4,2408.54,2410.09,0
2024-07-19 13:00:00,2410.09,2410.21,2401.62,2403.78,0
2024-07-19 14:00:00,2403.79,2406.69,2393.85,2403.88,0
2024-07-19 15:00:00,2403.89,2404.76,2396.11,2398.1,0
2024-07-19 16:00:00,2398.07,2408.49,2397.93,2405.46,0
2024-07-19 17:00:00,2405.45,2406.02,2399.44,2399.68,0
2024-07-19 18:00:00,2399.71,2400.84,2395.69,2399.2,0
2024-07-19 19:00:00,2399.23,2400.38,2397.22,2398.65,0
2024-07-19 20:00:00,2398.65,2400.16,2397.16,2398.7,0
2024-07-19 21:00:00,2398.72,2400.56,2397.82,2400.3,0
2024-07-21 23:00:00,2401.86,2411.7,2400.64,2411.37,0
2024-07-22 00:00:00,2411.34,2412.03,2409.3,2411.59,0
2024-07-22 01:00:00,2411.6,2411.71,2406.92,2407.9,0
2024-07-22 02:00:00,2407.86,2412.17,2405.75,2406.45,0
2024-07-22 03:00:00,2406.45,2408.25,2403.39,2406.56,0
2024-07-22 04:00:00,2406.59,2409.56,2405.89,2406.82,0
2024-07-22 05:00:00,2406.8,2407.19,2403.28,2405.63,0
2024-07-22 06:00:00,2405.63,2407.39,2402.98,2402.98,0
2024-07-22 07:00:00,2402.98,2405.31,2399.01,2402.42,0
2024-07-22 08:00:00,2402.55,2404.64,2399.77,2402.58,0
2024-07-22 09:00:00,2402.58,2404.73,2399.88,2400.9,0
2024-07-22 10:00:00,2400.9,2405.77,2399.89,2404.51,0
2024-07-22 11:00:00,2404.51,2408.43,2403.78,2406.9,0
2024-07-22 12:00:00,2406.9,2407.64,2398.07,2398.07,0
2024-07-22 13:00:00,2398.07,2399.61,2388.85,2394.35,0
2024-07-22 14:00:00,2394.35,2400.19,2391.47,2392.78,0
2024-07-22 15:00:00,2392.78,2394.86,2383.92,2387.26,0
2024-07-22 16:00:00,2387.26,2390.53,2384.32,2386.33,0
2024-07-22 17:00:00,2386.32,2393.34,2386.14,2393.08,0
2024-07-22 18:00:00,2393.08,2396.4,2391.82,2394.07,0
2024-07-22 19:00:00,2394.09,2396.48,2392.53,2395.75,0
2024-07-22 20:00:00,2395.75,2400.08,2395.23,2399.06,0
2024-07-22 21:00:00,2399.05,2399.48,2395.78,2396.35,0
2024-07-22 23:00:00,2396.23,2398.1,2395.2,2395.23,0
2024-07-23 00:00:00,2395.23,2396.22,2394.81,2395.76,0
2024-07-23 01:00:00,2395.76,2400.3,2395.54,2399.95,0
2024-07-23 02:00:00,2399.99,2404.02,2397.9,2401.12,0
2024-07-23 03:00:00,2401.12,2402.46,2397.6,2399.68,0
2024-07-23 04:00:00,2399.69,2400.79,2396.2,2398.38,0
2024-07-23 05:00:00,2398.38,2399.65,2395.86,2396.54,0
2024-07-23 06:00:00,2396.6,2396.89,2390.78,2392.6,0
2024-07-23 07:00:00,2392.58,2393.82,2388.3,2390.47,0
2024-07-23 08:00:00,2390.41,2399.25,2390.02,2397.92,0
2024-07-23 09:00:00,2397.92,2407.15,2396.38,2404.05,0
2024-07-23 10:00:00,2404.05,2408.18,2403.2,2406.9,0
2024-07-23 11:00:00,2406.88,2408.31,2405.61,2407.72,0
2024-07-23 12:00:00,2407.72,2412.06,2406.09,2407.68,0
2024-07-23 13:00:00,2407.62,2409.31,2403.71,2405.5,0
2024-07-23 14:00:00,2405.5,2407.72,2399.59,2402.01,0
2024-07-23 15:00:00,2402.01,2407.49,2399.7,2403.0,0
2024-07-23 16:00:00,2403.0,2407.25,2402.18,2405.47,0
2024-07-23 17:00:00,2405.46,2406.87,2403.02,2405.39,0
2024-07-23 18:00:00,2405.35,2408.24,2402.68,2404.98,0
2024-07-23 19:00:00,2404.98,2406.22,2403.84,2405.75,0
2024-07-23 20:00:00,2405.75,2409.07,2405.44,2407.56,0
2024-07-23 21:00:00,2407.58,2410.02,2405.46,2409.53,0
2024-07-23 23:00:00,2408.92,2409.75,2408.06,2409.36,0
2024-07-24 00:00:00,2409.37,2409.49,2407.9,2408.54,0
2024-07-24 01:00:00,2408.54,2410.27,2408.02,2408.3,0
2024-07-24 02:00:00,2408.34,2412.2,2405.02,2408.25,0
2024-07-24 03:00:00,2408.16,2415.91,2407.2,2414.21,0
2024-07-24 04:00:00,2414.21,2418.45,2413.68,2416.56,0
2024-07-24 05:00:00,2416.56,2418.04,2414.8,2417.9,0
2024-07-24 06:00:00,2417.9,2418.02,2413.07,2416.2,0
2024-07-24 07:00:00,2416.12,2419.23,2414.24,2417.59,0
2024-07-24 08:00:00,2417.59,2417.91,2411.69,2414.66,0
2024-07-24 09:00:00,2414.66,2415.14,2410.75,2411.85,0
2024-07-24 10:00:00,2411.85,2414.91,2409.85,2413.46,0
2024-07-24 11:00:00,2413.46,2416.5,2412.24,2413.69,0
2024-07-24 12:00:00,2413.67,2417.81,2410.63,2417.52,0
2024-07-24 13:00:00,2417.52,2422.04,2416.26,2421.47,0
2024-07-24 14:00:00,2421.47,2426.67,2413.69,2421.89,0
2024-07-24 15:00:00,2421.89,2432.02,2419.28,2430.29,0
2024-07-24 16:00:00,2430.42,2431.4,2422.43,2424.86,0
2024-07-24 17:00:00,2424.86,2424.95,2418.63,2419.09,0
2024-07-24 18:00:00,2419.1,2419.62,2408.07,2409.25,0
2024-07-24 19:00:00,2409.25,2409.48,2405.72,2408.28,0
2024-07-24 20:00:00,2408.23,2408.75,2398.42,2398.47,0
2024-07-24 21:00:00,2398.53,2400.51,2396.72,2397.23,0
2024-07-24 23:00:00,2397.28,2398.53,2393.04,2397.9,0
2024-07-25 00:00:00,2397.89,2401.24,2397.08,2398.76,0
2024-07-25 01:00:00,2398.76,2399.32,2396.09,2397.13,0
2024-07-25 02:00:00,2397.13,2400.06,2370.68,2376.51,0
2024-07-25 03:00:00,2376.51,2380.78,2370.0,2372.65,0
2024-07-25 04:00:00,2372.64,2375.59,2366.79,2374.86,0
2024-07-25 05:00:00,2374.86,2378.02,2373.23,2377.66,0
2024-07-25 06:00:00,2377.68,2377.93,2369.1,2376.35,0
2024-07-25 07:00:00,2376.35,2378.78,2369.92,2372.15,0
2024-07-25 08:00:00,2372.14,2377.55,2365.87,2374.13,0
2024-07-25 09:00:00,2374.13,2377.63,2372.07,2374.74,0
2024-07-25 10:00:00,2374.73,2376.26,2370.53,2373.73,0
2024-07-25 11:00:00,2373.72,2382.52,2372.01,2381.29,0
2024-07-25 12:00:00,2381.29,2381.79,2368.08,2368.56,0
2024-07-25 13:00:00,2368.53,2376.98,2362.83,2371.18,0
2024-07-25 14:00:00,2371.17,2376.37,2362.17,2365.11,0
2024-07-25 15:00:00,2364.96,2368.5,2358.06,2366.73,0
2024-07-25 16:00:00,2366.74,2368.47,2362.18,2363.24,0
2024-07-25 17:00:00,2363.24,2364.62,2357.6,2362.69,0
2024-07-25 18:00:00,2362.69,2365.52,2353.14,2356.2,0
2024-07-25 19:00:00,2356.2,2360.31,2354.31,2357.2,0
2024-07-25 20:00:00,2357.2,2363.92,2356.18,2362.58,0
2024-07-25 21:00:00,2362.58,2365.27,2359.42,2364.49,0
2024-07-25 23:00:00,2364.16,2365.45,2362.94,2363.34,0
2024-07-26 00:00:00,2363.34,2364.82,2362.11,2363.85,0
2024-07-26 01:00:00,2363.85,2365.42,2362.24,2362.76,0
2024-07-26 02:00:00,2362.71,2374.03,2355.85,2373.6,0
2024-07-26 03:00:00,2373.65,2379.36,2370.57,2374.29,0
2024-07-26 04:00:00,2374.29,2378.39,2371.54,2371.77,0
2024-07-26 05:00:00,2371.79,2372.85,2369.81,2369.86,0
2024-07-26 06:00:00,2369.86,2375.31,2368.31,2374.29,0
2024-07-26 07:00:00,2374.29,2374.48,2365.28,2369.71,0
2024-07-26 08:00:00,2369.63,2372.02,2367.67,2371.58,0
2024-07-26 09:00:00,2371.58,2374.17,2369.4,2373.01,0
2024-07-26 10:00:00,2372.99,2374.54,2371.78,2373.84,0
2024-07-26 11:00:00,2373.84,2375.36,2372.7,2372.79,0
2024-07-26 12:00:00,2372.81,2375.84,2370.33,2373.3,0
2024-07-26 13:00:00,2373.3,2379.07,2371.07,2377.55,0
2024-07-26 14:00:00,2377.57,2383.2,2374.05,2381.71,0
2024-07-26 15:00:00,2381.63,2390.79,2380.41,2381.98,0
2024-07-26 16:00:00,2381.93,2386.95,2380.02,2385.3,0
2024-07-26 17:00:00,2385.22,2390.41,2384.65,2389.21,0
2024-07-26 18:00:00,2389.21,2389.23,2381.19,2383.51,0
2024-07-26 19:00:00,2383.5,2386.28,2382.85,2384.44,0
2024-07-26 20:00:00,2384.43,2387.09,2382.74,2386.37,0
2024-07-26 21:00:00,2386.38,2388.77,2385.45,2387.34,0
2024-07-28 23:00:00,2388.99,2403.16,2387.15,2395.85,0
2024-07-29 00:00:00,2395.9,2398.98,2394.7,2397.11,0
2024-07-29 01:00:00,2397.07,2401.7,2397.07,2400.06,0
2024-07-29 02:00:00,2400.06,2402.53,2388.73,2392.9,0
2024-07-29 03:00:00,2392.9,2394.74,2391.03,2393.26,0
2024-07-29 04:00:00,2393.26,2395.27,2392.0,2394.64,0
2024-07-29 05:00:00,2394.64,2396.1,2393.33,2394.93,0
2024-07-29 06:00:00,2394.93,2396.23,2390.24,2392.76,0
2024-07-29 07:00:00,2392.75,2395.52,2390.83,2391.78,0
2024-07-29 08:00:00,2391.8,2394.4,2389.53,2391.61,0
2024-07-29 09:00:00,2391.61,2392.75,2386.98,2390.37,0
2024-07-29 10:00:00,2390.39,2393.48,2389.89,2392.84,0
2024-07-29 11:00:00,2392.84,2395.43,2392.07,2392.64,0
2024-07-29 12:00:00,2392.64,2393.09,2386.91,2387.79,0
2024-07-29 13:00:00,2387.79,2394.21,2385.52,2393.88,0
2024-07-29 14:00:00,2393.88,2396.77,2389.9,2391.89,0
2024-07-29 15:00:00,2392.16,2394.13,2380.12,2381.41,0
2024-07-29 16:00:00,2381.27,2383.04,2369.68,2376.85,0
2024-07-29 17:00:00,2377.06,2379.04,2374.61,2378.17,0
2024-07-29 18:00:00,2378.17,2383.45,2377.47,2378.28,0
2024-07-29 19:00:00,2378.3,2380.77,2376.97,2379.6,0
2024-07-29 20:00:00,2379.61,2385.46,2378.34,2383.09,0
2024-07-29 21:00:00,2383.08,2384.61,2381.28,2383.5,0
2024-07-29 23:00:00,2383.31,2384.94,2382.26,2384.1,0
2024-07-30 00:00:00,2384.1,2384.28,2380.92,2381.18,0
2024-07-30 01:00:00,2381.27,2383.83,2380.26,2381.86,0
2024-07-30 02:00:00,2381.86,2382.47,2376.51,2379.76,0
2024-07-30 03:00:00,2379.71,2383.32,2378.54,2381.92,0
2024-07-30 04:00:00,2381.92,2386.03,2381.46,2385.84,0
2024-07-30 05:00:00,2385.82,2388.34,2385.73,2386.39,0
2024-07-30 06:00:00,2386.38,2389.88,2386.08,2388.82,0
2024-07-30 07:00:00,2388.82,2391.06,2387.78,2390.38,0
2024-07-30 08:00:00,2390.39,2392.03,2388.93,2390.38,0
2024-07-30 09:00:00,2390.39,2391.54,2388.58,2389.45,0
2024-07-30 10:00:00,2389.45,2390.11,2387.85,2389.19,0
2024-07-30 11:00:00,2389.2,2392.43,2387.94,2391.68,0
2024-07-30 12:00:00,2391.69,2392.19,2387.01,2387.13,0
2024-07-30 13:00:00,2387.22,2388.4,2385.8,2386.58,0
2024-07-30 14:00:00,2386.58,2397.78,2385.83,2393.95,0
2024-07-30 15:00:00,2393.65,2396.05,2387.62,2391.7,0
2024-07-30 16:00:00,2391.69,2392.46,2383.46,2385.38,0
2024-07-30 17:00:00,2385.38,2400.41,2385.09,2399.91,0
2024-07-30 18:00:00,2399.91,2410.92,2399.91,2405.78,0
2024-07-30 19:00:00,2405.78,2407.4,2403.73,2404.95,0
2024-07-30 20:00:00,2404.95,2408.41,2403.87,2407.06,0
2024-07-30 21:00:00,2407.05,2412.89,2407.03,2410.92,0
2024-07-30 23:00:00,2410.23,2411.16,2408.12,2409.24,0
2024-07-31 00:00:00,2409.41,2410.24,2408.58,2409.9,0
2024-07-31 01:00:00,2409.94,2410.12,2407.96,2409.04,0
2024-07-31 02:00:00,2409.04,2412.3,2403.92,2409.15,0
2024-07-31 03:00:00,2409.16,2409.46,2404.09,2407.47,0
2024-07-31 04:00:00,2407.37,2419.1,2407.26,2416.39,0
2024-07-31 05:00:00,2416.52,2421.36,2414.46,2421.22,0
2024-07-31 06:00:00,2421.22,2422.16,2417.44,2417.89,0
2024-07-31 07:00:00,2417.88,2425.47,2416.57,2421.36,0
2024-07-31 08:00:00,2421.4,2421.94,2416.04,2417.22,0
2024-07-31 09:00:00,2417.22,2421.78,2415.46,2421.52,0
2024-07-31 10:00:00,2421.52,2422.3,2417.95,2421.06,0
2024-07-31 11:00:00,2421.06,2422.91,2417.64,2418.54,0
2024-07-31 12:00:00,2418.51,2423.31,2418.18,2419.57,0
2024-07-31 13:00:00,2419.57,2422.83,2417.4,2420.5,0
2024-07-31 14:00:00,2420.48,2427.58,2417.88,2426.31,0
2024-07-31 15:00:00,2426.22,2429.07,2419.25,2422.54,0
2024-07-31 16:00:00,2422.51,2424.27,2420.12,2423.13,0
2024-07-31 17:00:00,2423.13,2427.75,2422.47,2427.03,0
2024-07-31 18:00:00,2427.04,2429.05,2425.81,2425.82,0
2024-07-31 19:00:00,2425.84,2435.42,2421.59,2433.87,0
2024-07-31 20:00:00,2433.67,2450.89,2431.19,2449.9,0
2024-07-31 21:00:00,2449.9,2451.01,2446.15,2447.24,0
2024-07-31 23:00:00,2448.4,2449.81,2446.99,2447.58,0
2024-08-01 00:00:00,2447.59,2447.99,2444.37,2445.81,0
2024-08-01 01:00:00,2445.81,2449.5,2445.3,2447.59,0
2024-08-01 02:00:00,2447.59,2458.43,2446.09,2451.43,0
2024-08-01 03:00:00,2451.48,2451.48,2437.37,2441.35,0
2024-08-01 04:00:00,2441.34,2444.65,2439.39,2442.79,0
2024-08-01 05:00:00,2442.79,2446.9,2442.52,2444.28,0
2024-08-01 06:00:00,2444.3,2448.01,2443.64,2447.0,0
2024-08-01 07:00:00,2447.01,2448.9,2444.14,2444.8,0
2024-08-01 08:00:00,2444.84,2444.95,2439.96,2440.36,0
2024-08-01 09:00:00,2440.36,2442.42,2433.27,2433.87,0
2024-08-01 10:00:00,2433.87,2435.09,2430.27,2433.06,0
2024-08-01 11:00:00,2433.09,2436.85,2432.04,2435.19,0
2024-08-01 12:00:00,2435.2,2443.02,2434.38,2440.83,0
2024-08-01 13:00:00,2440.83,2454.82,2440.37,2450.76,0
2024-08-01 14:00:00,2450.78,2457.4,2448.6,2453.65,0
2024-08-01 15:00:00,2453.67,2462.31,2443.29,2448.75,0
2024-08-01 16:00:00,2448.62,2451.78,2442.17,2445.19,0
2024-08-01 17:00:00,2445.23,2448.83,2443.47,2444.5,0
2024-08-01 18:00:00,2444.5,2444.74,2435.86,2439.39,0
2024-08-01 19:00:00,2439.39,2441.03,2434.97,2439.67,0
2024-08-01 20:00:00,2439.66,2444.13,2438.39,2443.2,0
2024-08-01 21:00:00,2443.2,2447.54,2441.83,2446.3,0
2024-08-01 23:00:00,2446.36,2447.43,2443.79,2445.2,0
2024-08-02 00:00:00,2445.2,2446.59,2444.1,2445.82,0
2024-08-02 01:00:00,2445.82,2452.35,2443.91,2449.08,0
2024-08-02 02:00:00,2449.08,2450.95,2435.06,2447.19,0
2024-08-02 03:00:00,2447.18,2455.71,2446.78,2455.67,0
2024-08-02 04:00:00,2455.66,2459.43,2451.76,2454.56,0
2024-08-02 05:00:00,2454.56,2460.35,2454.34,2457.9,0
2024-08-02 06:00:00,2457.92,2466.9,2457.7,2466.74,0
2024-08-02 07:00:00,2466.78,2468.46,2462.5,2465.6,0
2024-08-02 08:00:00,2465.6,2466.75,2460.26,2461.67,0
2024-08-02 09:00:00,2461.67,2465.34,2460.97,2462.08,0
2024-08-02 10:00:00,2462.06,2464.26,2461.04,2463.95,0
2024-08-02 11:00:00,2463.95,2465.37,2461.0,2463.47,0
2024-08-02 12:00:00,2463.59,2464.74,2457.66,2459.28,0
2024-08-02 13:00:00,2459.28,2477.72,2455.94,2472.98,0
2024-08-02 14:00:00,2472.91,2474.34,2455.83,2469.96,0
2024-08-02 15:00:00,2469.96,2474.41,2428.44,2431.58,0
2024-08-02 16:00:00,2431.57,2435.76,2410.87,2433.25,0
2024-08-02 17:00:00,2433.25,2439.27,2426.41,2430.51,0
2024-08-02 18:00:00,2430.49,2431.64,2423.2,2427.87,0
2024-08-02 19:00:00,2427.87,2433.64,2426.8,2429.06,0
2024-08-02 20:00:00,2429.05,2438.27,2425.68,2437.61,0
2024-08-02 21:00:00,2437.61,2442.47,2435.69,2441.38,0
2024-08-04 23:00:00,2442.1,2447.35,2437.87,2441.42,0
2024-08-05 00:00:00,2441.48,2445.74,2439.2,2441.02,0
2024-08-05 01:00:00,2441.02,2441.11,2414.0,2422.16,0
2024-08-05 02:00:00,2422.16,2441.99,2420.21,2439.47,0
2024-08-05 03:00:00,2439.52,2446.16,2433.12,2442.87,0
2024-08-05 04:00:00,2442.86,2452.6,2442.73,2451.06,0
2024-08-05 05:00:00,2451.06,2458.77,2450.96,2452.76,0
2024-08-05 06:00:00,2452.76,2452.76,2432.57,2438.0,0
2024-08-05 07:00:00,2437.98,2438.75,2422.24,2428.69,0
2024-08-05 08:00:00,2428.68,2445.59,2424.71,2432.03,0
2024-08-05 09:00:00,2432.04,2434.51,2423.38,2425.06,0
2024-08-05 10:00:00,2425.06,2428.79,2419.22,2424.22,0
2024-08-05 11:00:00,2424.22,2425.68,2408.13,2408.56,0
2024-08-05 12:00:00,2408.57,2408.57,2383.33,2386.8,0
2024-08-05 13:00:00,2386.76,2392.29,2364.35,2374.55,0
2024-08-05 14:00:00,2374.56,2397.02,2374.56,2393.27,0
2024-08-05 15:00:00,2393.27,2397.52,2387.01,2396.74,0
2024-08-05 16:00:00,2396.68,2412.26,2396.58,2402.83,0
2024-08-05 17:00:00,2402.83,2408.83,2399.11,2403.07,0
2024-08-05 18:00:00,2403.07,2406.68,2400.28,2405.03,0
2024-08-05 19:00:00,2405.05,2408.88,2403.82,2405.03,0
2024-08-05 20:00:00,2405.06,2413.08,2404.71,2407.71,0
2024-08-05 21:00:00,2407.73,2411.72,2405.47,2409.96,0
2024-08-05 23:00:00,2410.23,2412.62,2408.0,2409.0,0
2024-08-06 00:00:00,2409.0,2410.07,2404.45,2404.85,0
2024-08-06 01:00:00,2404.85,2418.36,2404.63,2415.96,0
2024-08-06 02:00:00,2415.95,2417.78,2410.72,2412.49,0
2024-08-06 03:00:00,2412.49,2413.24,2405.97,2407.56,0
2024-08-06 04:00:00,2407.54,2411.1,2406.6,2409.06,0
2024-08-06 05:00:00,2409.05,2412.62,2406.51,2408.1,0
2024-08-06 06:00:00,2408.1,2411.88,2398.17,2398.78,0
2024-08-06 07:00:00,2398.77,2408.34,2394.91,2401.66,0
2024-08-06 08:00:00,2401.65,2410.68,2401.57,2409.93,0
2024-08-06 09:00:00,2409.97,2415.47,2408.22,2411.12,0
2024-08-06 10:00:00,2411.15,2415.55,2410.35,2413.4,0
2024-08-06 11:00:00,2413.4,2416.35,2411.66,2412.44,0
2024-08-06 12:00:00,2412.44,2415.33,2410.23,2410.93,0
2024-08-06 13:00:00,2410.98,2412.31,2391.84,2393.02,0
2024-08-06 14:00:00,2393.05,2399.48,2388.85,2395.77,0
2024-08-06 15:00:00,2395.7,2403.2,2386.37,2388.41,0
2024-08-06 16:00:00,2388.42,2391.12,2381.78,2387.62,0
2024-08-06 17:00:00,2387.77,2391.49,2385.73,2390.05,0
2024-08-06 18:00:00,2390.04,2393.52,2387.7,2391.94,0
2024-08-06 19:00:00,2391.94,2396.06,2391.39,2392.91,0
2024-08-06 20:00:00,2392.91,2393.09,2386.51,2387.7,0
2024-08-06 21:00:00,2387.71,2390.11,2386.94,2389.9,0
2024-08-06 23:00:00,2391.85,2392.17,2388.05,2388.67,0
2024-08-07 00:00:00,2388.67,2389.66,2382.88,2383.9,0
2024-08-07 01:00:00,2383.9,2387.41,2381.15,2386.51,0
2024-08-07 02:00:00,2386.6,2387.62,2379.07,2384.13,0
2024-08-07 03:00:00,2384.14,2388.5,2380.92,2384.24,0
2024-08-07 04:00:00,2384.35,2387.6,2383.26,2386.02,0
2024-08-07 05:00:00,2386.03,2394.81,2385.77,2392.85,0
2024-08-07 06:00:00,2392.71,2396.19,2388.68,2391.48,0
2024-08-07 07:00:00,2391.52,2397.63,2389.65,2394.77,0
2024-08-07 08:00:00,2394.75,2394.94,2388.09,2389.42,0
2024-08-07 09:00:00,2389.42,2393.79,2388.42,2393.39,0
2024-08-07 10:00:00,2393.39,2396.42,2392.49,2394.36,0
2024-08-07 11:00:00,2394.36,2398.11,2393.18,2397.56,0
2024-08-07 12:00:00,2397.46,2402.39,2394.34,2401.1,0
2024-08-07 13:00:00,2401.16,2407.06,2399.05,2403.88,0
2024-08-07 14:00:00,2403.88,2404.91,2397.09,2400.11,0
2024-08-07 15:00:00,2400.11,2403.44,2397.98,2399.1,0
2024-08-07 16:00:00,2399.1,2401.82,2392.02,2394.56,0
2024-08-07 17:00:00,2394.56,2399.78,2392.88,2399.75,0
2024-08-07 18:00:00,2399.74,2399.74,2389.53,2389.87,0
2024-08-07 19:00:00,2389.89,2391.76,2383.88,2386.27,0
2024-08-07 20:00:00,2386.27,2390.54,2385.4,2385.67,0
2024-08-07 21:00:00,2385.68,2387.4,2381.85,2383.06,0
2024-08-07 23:00:00,2382.79,2384.39,2380.96,2383.72,0
2024-08-08 00:00:00,2383.72,2385.93,2382.84,2384.91,0
2024-08-08 01:00:00,2384.89,2388.86,2383.3,2385.61,0
2024-08-08 02:00:00,2385.61,2391.39,2385.07,2386.87,0
2024-08-08 03:00:00,2386.87,2390.94,2386.3,2390.48,0
2024-08-08 04:00:00,2390.48,2394.77,2388.72,2394.38,0
2024-08-08 05:00:00,2394.36,2396.42,2392.74,2394.38,0
2024-08-08 06:00:00,2394.41,2395.52,2392.49,2395.32,0
2024-08-08 07:00:00,2395.31,2400.74,2392.69,2397.86,0
2024-08-08 08:00:00,2397.84,2400.35,2394.81,2396.86,0
2024-08-08 09:00:00,2396.84,2398.18,2392.91,2394.61,0
2024-08-08 10:00:00,2394.61,2399.0,2393.86,2396.28,0
2024-08-08 11:00:00,2396.28,2406.49,2396.28,2405.36,0
2024-08-08 12:00:00,2405.37,2413.67,2405.03,2412.33,0
2024-08-08 13:00:00,2412.31,2415.54,2407.17,2408.11,0
2024-08-08 14:00:00,2408.12,2415.56,2402.36,2414.18,0
2024-08-08 15:00:00,2414.17,2424.34,2409.29,2413.78,0
2024-08-08 16:00:00,2413.78,2420.37,2411.97,2418.7,0
2024-08-08 17:00:00,2418.69,2423.84,2416.76,2418.14,0
2024-08-08 18:00:00,2418.14,2424.96,2415.86,2423.55,0
2024-08-08 19:00:00,2423.51,2426.34,2422.38,2424.02,0
2024-08-08 20:00:00,2424.02,2424.86,2421.64,2423.64,0
2024-08-08 21:00:00,2423.64,2427.64,2423.12,2427.18,0
2024-08-08 23:00:00,2426.89,2428.02,2424.62,2425.85,0
2024-08-09 00:00:00,2425.84,2426.52,2422.88,2424.65,0
2024-08-09 01:00:00,2424.65,2425.39,2422.61,2424.02,0
2024-08-09 02:00:00,2424.01,2427.53,2420.14,2427.27,0
2024-08-09 03:00:00,2427.27,2428.86,2422.4,2422.53,0
2024-08-09 04:00:00,2422.53,2423.39,2419.41,2421.1,0
2024-08-09 05:00:00,2421.09,2424.49,2420.24,2423.93,0
2024-08-09 06:00:00,2423.93,2423.99,2417.19,2417.24,0
2024-08-09 07:00:00,2417.24,2421.84,2416.93,2420.82,0
2024-08-09 08:00:00,2420.82,2427.05,2420.38,2423.2,0
2024-08-09 09:00:00,2423.2,2426.75,2422.26,2424.57,0
2024-08-09 10:00:00,2424.51,2425.6,2422.76,2423.6,0
2024-08-09 11:00:00,2423.62,2431.43,2423.08,2430.49,0
2024-08-09 12:00:00,2430.51,2432.64,2425.2,2426.76,0
2024-08-09 13:00:00,2426.75,2429.93,2423.84,2429.7,0
2024-08-09 14:00:00,2429.7,2433.2,2421.1,2426.73,0
2024-08-09 15:00:00,2426.72,2435.97,2425.46,2428.74,0
2024-08-09 16:00:00,2428.74,2432.65,2426.62,2431.49,0
2024-08-09 17:00:00,2431.48,2434.74,2427.64,2434.52,0
2024-08-09 18:00:00,2434.52,2437.07,2430.53,2430.64,0
2024-08-09 19:00:00,2430.64,2430.93,2427.29,2429.9,0
2024-08-09 20:00:00,2429.9,2430.11,2427.44,2429.12,0
2024-08-09 21:00:00,2429.12,2431.26,2429.12,2431.07,0
2024-08-11 23:00:00,2429.67,2433.47,2427.01,2430.5,0
2024-08-12 00:00:00,2430.52,2430.65,2427.39,2427.94,0
2024-08-12 01:00:00,2427.94,2429.13,2426.83,2428.51,0
2024-08-12 02:00:00,2428.51,2430.33,2424.69,2426.09,0
2024-08-12 03:00:00,2426.09,2427.51,2423.88,2426.25,0
2024-08-12 04:00:00,2426.22,2429.41,2425.76,2428.68,0
2024-08-12 05:00:00,2428.68,2433.61,2428.3,2433.4,0
2024-08-12 06:00:00,2433.4,2435.15,2429.15,2434.69,0
2024-08-12 07:00:00,2434.69,2437.27,2433.81,2436.86,0
2024-08-12 08:00:00,2436.84,2442.88,2435.6,2441.67,0
2024-08-12 09:00:00,2441.68,2443.85,2439.69,2442.02,0
2024-08-12 10:00:00,2442.03,2445.12,2440.62,2442.71,0
2024-08-12 11:00:00,2442.71,2444.76,2441.52,2443.88,0
2024-08-12 12:00:00,2443.88,2444.27,2439.72,2441.62,0
2024-08-12 13:00:00,2441.62,2445.45,2441.46,2444.47,0
2024-08-12 14:00:00,2444.67,2457.54,2442.16,2454.3,0
2024-08-12 15:00:00,2454.27,2455.53,2444.58,2453.4,0
2024-08-12 16:00:00,2453.41,2460.65,2452.99,2459.82,0
2024-08-12 17:00:00,2459.86,2466.15,2459.09,2463.18,0
2024-08-12 18:00:00,2463.18,2468.6,2461.83,2467.13,0
2024-08-12 19:00:00,2467.21,2471.01,2466.51,2470.32,0
2024-08-12 20:00:00,2470.3,2472.19,2469.79,2470.52,0
2024-08-12 21:00:00,2470.52,2473.16,2470.47,2472.03,0
2024-08-12 23:00:00,2470.53,2474.13,2469.99,2473.75,0
2024-08-13 00:00:00,2473.75,2476.03,2472.79,2475.63,0
2024-08-13 01:00:00,2475.63,2476.97,2468.5,2472.17,0
2024-08-13 02:00:00,2472.18,2473.69,2460.91,2466.44,0
2024-08-13 03:00:00,2466.19,2467.68,2461.52,2461.52,0
2024-08-13 04:00:00,2461.54,2464.68,2461.42,2463.53,0
2024-08-13 05:00:00,2463.54,2465.04,2460.26,2462.06,0
2024-08-13 06:00:00,2462.06,2464.43,2458.51,2462.79,0
2024-08-13 07:00:00,2462.79,2464.66,2461.19,2463.36,0
2024-08-13 08:00:00,2463.31,2466.17,2460.9,2464.27,0
2024-08-13 09:00:00,2464.27,2464.37,2459.02,2460.67,0
2024-08-13 10:00:00,2460.67,2462.13,2458.98,2460.67,0
2024-08-13 11:00:00,2460.66,2463.5,2459.44,2462.21,0
2024-08-13 12:00:00,2462.21,2466.65,2461.54,2465.79,0
2024-08-13 13:00:00,2465.78,2472.54,2464.39,2467.71,0
2024-08-13 14:00:00,2467.71,2475.63,2458.95,2472.93,0
2024-08-13 15:00:00,2472.93,2473.3,2464.3,2471.4,0
2024-08-13 16:00:00,2471.42,2473.09,2466.06,2468.65,0
2024-08-13 17:00:00,2468.66,2471.1,2466.36,2469.53,0
2024-08-13 18:00:00,2469.53,2470.32,2465.98,2467.7,0
2024-08-13 19:00:00,2467.7,2468.99,2466.39,2467.86,0
2024-08-13 20:00:00,2467.82,2468.82,2462.29,2467.09,0
2024-08-13 21:00:00,2467.09,2467.86,2464.58,2464.98,0
2024-08-13 23:00:00,2465.72,2467.09,2463.89,2465.57,0
2024-08-14 00:00:00,2465.49,2465.49,2463.03,2464.19,0
2024-08-14 01:00:00,2464.18,2467.4,2464.06,2465.73,0
2024-08-14 02:00:00,2465.71,2472.58,2464.61,2465.55,0
2024-08-14 03:00:00,2465.55,2465.77,2455.42,2459.97,0
2024-08-14 04:00:00,2459.97,2461.64,2458.84,2460.92,0
2024-08-14 05:00:00,2460.9,2462.98,2460.11,2461.91,0
2024-08-14 06:00:00,2461.9,2462.6,2459.28,2462.04,0
2024-08-14 07:00:00,2462.3,2467.78,2460.42,2467.46,0
2024-08-14 08:00:00,2467.46,2471.96,2466.39,2470.96,0
2024-08-14 09:00:00,2470.97,2478.66,2468.77,2474.46,0
2024-08-14 10:00:00,2474.43,2475.4,2471.15,2472.92,0
2024-08-14 11:00:00,2472.97,2476.17,2470.58,2475.03,0
2024-08-14 12:00:00,2475.03,2475.32,2471.78,2474.77,0
2024-08-14 13:00:00,2474.77,2480.02,2462.6,2468.83,0
2024-08-14 14:00:00,2468.83,2469.59,2449.5,2457.56,0
2024-08-14 15:00:00,2457.5,2458.34,2447.11,2450.27,0
2024-08-14 16:00:00,2450.27,2452.22,2442.15,2444.09,0
2024-08-14 17:00:00,2444.11,2445.54,2438.13,2444.22,0
2024-08-14 18:00:00,2444.22,2445.15,2440.37,2441.55,0
2024-08-14 19:00:00,2441.58,2448.07,2440.67,2447.78,0
2024-08-14 20:00:00,2447.77,2448.43,2444.43,2447.19,0
2024-08-14 21:00:00,2447.2,2448.41,2446.59,2447.92,0
2024-08-14 23:00:00,2447.56,2448.62,2446.65,2447.97,0
2024-08-15 00:00:00,2447.97,2449.52,2447.22,2449.48,0
2024-08-15 01:00:00,2449.49,2454.29,2448.57,2450.18,0
2024-08-15 02:00:00,2450.18,2453.57,2448.23,2450.73,0
2024-08-15 03:00:00,2450.76,2452.59,2449.86,2451.5,0
2024-08-15 04:00:00,2451.5,2454.38,2451.38,2453.68,0
2024-08-15 05:00:00,2453.67,2455.51,2452.86,2453.42,0
2024-08-15 06:00:00,2453.42,2455.12,2450.38,2453.93,0
2024-08-15 07:00:00,2454.01,2458.8,2452.79,2456.05,0
2024-08-15 08:00:00,2456.05,2456.67,2454.46,2455.87,0
2024-08-15 09:00:00,2455.87,2457.26,2453.64,2455.55,0
2024-08-15 10:00:00,2455.55,2457.3,2455.39,2456.8,0
2024-08-15 11:00:00,2456.84,2460.32,2456.81,2458.21,0
2024-08-15 12:00:00,2458.26,2464.2,2457.97,2463.55,0
2024-08-15 13:00:00,2463.65,2470.09,2441.11,2441.11,0
2024-08-15 14:00:00,2441.22,2451.49,2432.23,2444.5,0
2024-08-15 15:00:00,2444.52,2458.6,2444.52,2452.3,0
2024-08-15 16:00:00,2452.35,2459.58,2450.58,2458.43,0
2024-08-15 17:00:00,2458.45,2459.93,2455.09,2455.74,0
2024-08-15 18:00:00,2455.74,2456.48,2453.52,2455.5,0
2024-08-15 19:00:00,2455.53,2458.36,2454.83,2458.31,0
2024-08-15 20:00:00,2458.31,2461.66,2454.19,2455.61,0
2024-08-15 21:00:00,2455.59,2457.49,2454.82,2456.24,0
2024-08-15 23:00:00,2456.42,2456.42,2454.65,2454.85,0
2024-08-16 00:00:00,2454.85,2458.29,2454.4,2457.37,0
2024-08-16 01:00:00,2457.35,2459.77,2456.95,2458.37,0
2024-08-16 02:00:00,2458.59,2460.11,2455.77,2457.37,0
2024-08-16 03:00:00,2457.35,2457.81,2453.64,2455.01,0
2024-08-16 04:00:00,2455.01,2455.65,2450.82,2452.5,0
2024-08-16 05:00:00,2452.57,2453.74,2452.04,2452.75,0
2024-08-16 06:00:00,2452.75,2456.39,2452.62,2455.76,0
2024-08-16 07:00:00,2455.75,2457.86,2454.68,2455.01,0
2024-08-16 08:00:00,2455.04,2464.52,2451.19,2461.99,0
2024-08-16 09:00:00,2462.04,2464.08,2459.15,2462.39,0
2024-08-16 10:00:00,2462.4,2464.41,2461.27,2463.39,0
2024-08-16 11:00:00,2463.39,2468.21,2462.9,2464.65,0
2024-08-16 12:00:00,2464.65,2472.38,2464.65,2472.22,0
2024-08-16 13:00:00,2472.21,2492.43,2471.35,2491.69,0
2024-08-16 14:00:00,2491.67,2500.14,2483.71,2494.66,0
2024-08-16 15:00:00,2494.7,2495.08,2477.57,2487.25,0
2024-08-16 16:00:00,2487.26,2492.32,2485.69,2491.79,0
2024-08-16 17:00:00,2491.8,2497.85,2491.75,2495.94,0
2024-08-16 18:00:00,2495.94,2500.15,2493.16,2499.77,0
2024-08-16 19:00:00,2499.77,2505.58,2498.48,2503.37,0
2024-08-16 20:00:00,2503.37,2509.0,2501.8,2507.88,0
2024-08-16 21:00:00,2507.96,2509.76,2505.57,2507.46,0
2024-08-18 23:00:00,2510.66,2510.75,2502.42,2504.88,0
2024-08-19 00:00:00,2504.95,2506.82,2503.44,2506.46,0
2024-08-19 01:00:00,2506.46,2506.77,2500.38,2502.08,0
2024-08-19 02:00:00,2502.07,2506.07,2495.01,2498.2,0
2024-08-19 03:00:00,2498.25,2503.99,2496.27,2503.59,0
2024-08-19 04:00:00,2503.6,2505.9,2500.58,2503.32,0
2024-08-19 05:00:00,2503.32,2504.7,2498.82,2500.69,0
2024-08-19 06:00:00,2500.7,2502.4,2499.15,2501.13,0
2024-08-19 07:00:00,2501.12,2505.24,2499.72,2502.14,0
2024-08-19 08:00:00,2502.14,2504.91,2499.76,2503.09,0
2024-08-19 09:00:00,2503.09,2507.22,2502.38,2503.18,0
2024-08-19 10:00:00,2503.18,2504.03,2499.85,2499.95,0
2024-08-19 11:00:00,2499.95,2500.11,2489.58,2489.89,0
2024-08-19 12:00:00,2489.94,2495.25,2486.57,2494.53,0
2024-08-19 13:00:00,2494.56,2495.53,2488.9,2491.2,0
2024-08-19 14:00:00,2491.22,2495.89,2485.67,2494.81,0
2024-08-19 15:00:00,2494.8,2504.84,2493.94,2501.32,0
2024-08-19 16:00:00,2501.33,2505.99,2499.99,2504.03,0
2024-08-19 17:00:00,2504.03,2507.5,2501.98,2505.53,0
2024-08-19 18:00:00,2505.53,2505.86,2500.77,2503.2,0
2024-08-19 19:00:00,2503.18,2504.91,2502.54,2504.31,0
2024-08-19 20:00:00,2504.27,2505.86,2503.12,2505.51,0
2024-08-19 21:00:00,2505.51,2505.64,2503.37,2504.23,0
2024-08-19 23:00:00,2503.13,2504.63,2502.17,2504.36,0
2024-08-20 00:00:00,2504.35,2504.35,2502.49,2503.68,0
2024-08-20 01:00:00,2503.7,2506.93,2503.39,2504.98,0
2024-08-20 02:00:00,2504.98,2508.22,2501.39,2501.98,0
2024-08-20 03:00:00,2501.98,2502.47,2498.72,2499.66,0
2024-08-20 04:00:00,2499.67,2502.38,2499.15,2501.79,0
2024-08-20 05:00:00,2501.8,2502.84,2499.58,2500.87,0
2024-08-20 06:00:00,2500.88,2503.73,2499.55,2499.56,0
2024-08-20 07:00:00,2499.56,2505.77,2497.36,2502.54,0
2024-08-20 08:00:00,2502.44,2515.21,2501.26,2514.98,0
2024-08-20 09:00:00,2514.98,2523.13,2514.38,2519.9,0
2024-08-20 10:00:00,2519.93,2525.21,2519.87,2521.79,0
2024-08-20 11:00:00,2521.79,2524.54,2521.22,2522.91,0
2024-08-20 12:00:00,2522.91,2527.1,2522.23,2526.35,0
2024-08-20 13:00:00,2526.39,2529.26,2521.7,2526.93,0
2024-08-20 14:00:00,2526.75,2531.72,2519.96,2529.88,0
2024-08-20 15:00:00,2529.98,2530.24,2520.51,2523.85,0
2024-08-20 16:00:00,2523.84,2524.02,2505.91,2508.54,0
2024-08-20 17:00:00,2508.54,2510.63,2500.9,2509.1,0
2024-08-20 18:00:00,2509.13,2513.25,2506.82,2510.6,0
2024-08-20 19:00:00,2510.5,2515.49,2509.33,2513.36,0
2024-08-20 20:00:00,2513.36,2515.31,2510.96,2515.03,0
2024-08-20 21:00:00,2515.04,2516.92,2513.42,2514.01,0
2024-08-20 23:00:00,2513.64,2515.81,2513.34,2514.76,0
2024-08-21 00:00:00,2514.76,2516.11,2512.85,2512.95,0
2024-08-21 01:00:00,2512.95,2515.96,2512.52,2513.53,0
2024-08-21 02:00:00,2513.58,2517.1,2510.89,2516.85,0
2024-08-21 03:00:00,2516.83,2519.98,2515.96,2519.43,0
2024-08-21 04:00:00,2519.37,2519.47,2513.14,2517.4,0
2024-08-21 05:00:00,2517.41,2517.73,2513.87,2516.21,0
2024-08-21 06:00:00,2516.2,2518.45,2515.06,2515.25,0
2024-08-21 07:00:00,2515.25,2519.63,2511.82,2514.5,0
2024-08-21 08:00:00,2514.48,2517.05,2508.14,2509.78,0
2024-08-21 09:00:00,2509.79,2512.46,2506.97,2507.36,0
2024-08-21 10:00:00,2507.26,2509.32,2504.64,2505.71,0
2024-08-21 11:00:00,2505.7,2509.78,2504.51,2509.44,0
2024-08-21 12:00:00,2509.44,2513.3,2506.96,2511.84,0
2024-08-21 13:00:00,2511.83,2513.73,2507.16,2510.59,0
2024-08-21 14:00:00,2510.59,2512.94,2498.03,2503.01,0
2024-08-21 15:00:00,2503.1,2506.7,2494.03,2501.54,0
2024-08-21 16:00:00,2501.54,2511.16,2501.51,2508.54,0
2024-08-21 17:00:00,2508.39,2508.87,2503.25,2507.14,0
2024-08-21 18:00:00,2507.14,2511.38,2506.98,2509.59,0
2024-08-21 19:00:00,2509.59,2519.19,2509.49,2516.04,0
2024-08-21 20:00:00,2516.04,2516.43,2510.99,2511.5,0
2024-08-21 21:00:00,2511.51,2512.39,2509.79,2512.3,0
2024-08-21 23:00:00,2511.89,2514.01,2511.42,2514.0,0
2024-08-22 00:00:00,2513.97,2514.46,2512.32,2512.84,0
2024-08-22 01:00:00,2512.79,2514.68,2511.25,2513.77,0
2024-08-22 02:00:00,2513.77,2514.16,2507.09,2507.67,0
2024-08-22 03:00:00,2507.65,2508.68,2499.99,2502.34,0
2024-08-22 04:00:00,2502.34,2504.74,2501.23,2502.4,0
2024-08-22 05:00:00,2502.42,2502.47,2499.34,2501.96,0
2024-08-22 06:00:00,2501.96,2506.28,2500.72,2505.57,0
2024-08-22 07:00:00,2505.57,2510.64,2503.6,2507.56,0
2024-08-22 08:00:00,2507.56,2509.81,2504.51,2507.17,0
2024-08-22 09:00:00,2507.09,2507.56,2502.48,2503.7,0
2024-08-22 10:00:00,2503.68,2508.1,2501.13,2507.34,0
2024-08-22 11:00:00,2507.32,2509.12,2505.26,2505.38,0
2024-08-22 12:00:00,2505.37,2506.05,2498.06,2499.47,0
2024-08-22 13:00:00,2499.59,2504.22,2495.24,2500.7,0
2024-08-22 14:00:00,2500.7,2501.58,2483.04,2487.99,0
2024-08-22 15:00:00,2487.85,2487.85,2470.87,2480.1,0
2024-08-22 16:00:00,2480.09,2484.26,2475.06,2481.96,0
2024-08-22 17:00:00,2481.97,2486.04,2481.39,2484.3,0
2024-08-22 18:00:00,2484.3,2484.45,2479.71,2482.3,0
2024-08-22 19:00:00,2482.28,2484.85,2480.38,2482.25,0
2024-08-22 20:00:00,2482.3,2483.53,2478.61,2483.02,0
2024-08-22 21:00:00,2483.03,2484.89,2482.52,2484.73,0
2024-08-22 23:00:00,2484.76,2485.64,2484.46,2485.19,0
2024-08-23 00:00:00,2485.19,2487.6,2484.99,2487.6,0
2024-08-23 01:00:00,2487.59,2492.28,2486.52,2490.02,0
2024-08-23 02:00:00,2490.02,2491.46,2487.94,2490.93,0
2024-08-23 03:00:00,2490.93,2491.6,2486.74,2490.01,0
2024-08-23 04:00:00,2490.01,2493.65,2489.5,2493.24,0
2024-08-23 05:00:00,2493.23,2494.52,2492.64,2493.46,0
2024-08-23 06:00:00,2493.47,2495.8,2491.17,2491.86,0
2024-08-23 07:00:00,2491.86,2494.62,2490.66,2492.94,0
2024-08-23 08:00:00,2493.06,2494.11,2491.76,2493.5,0
2024-08-23 09:00:00,2493.5,2499.97,2493.1,2499.02,0
2024-08-23 10:00:00,2499.02,2501.89,2497.05,2498.98,0
2024-08-23 11:00:00,2498.98,2499.31,2495.65,2499.07,0
2024-08-23 12:00:00,2499.08,2502.47,2497.47,2501.61,0
2024-08-23 13:00:00,2501.61,2502.33,2498.44,2501.33,0
2024-08-23 14:00:00,2501.32,2503.91,2494.48,2498.66,0
2024-08-23 15:00:00,2498.27,2517.95,2497.92,2509.21,0
2024-08-23 16:00:00,2509.21,2518.37,2508.04,2509.87,0
2024-08-23 17:00:00,2509.87,2510.49,2501.85,2510.31,0
2024-08-23 18:00:00,2510.31,2513.24,2509.58,2510.93,0
2024-08-23 19:00:00,2510.93,2511.91,2509.15,2509.76,0
2024-08-23 20:00:00,2509.76,2512.78,2507.92,2510.81,0
2024-08-23 21:00:00,2510.81,2512.34,2509.66,2511.93,0
2024-08-25 23:00:00,2512.77,2514.64,2511.01,2512.95,0
2024-08-26 00:00:00,2512.98,2516.66,2512.92,2515.98,0
2024-08-26 01:00:00,2515.99,2516.94,2512.48,2513.73,0
2024-08-26 02:00:00,2513.73,2515.48,2510.62,2513.37,0
2024-08-26 03:00:00,2513.37,2515.37,2511.81,2511.93,0
2024-08-26 04:00:00,2511.94,2513.01,2509.38,2509.89,0
2024-08-26 05:00:00,2509.88,2510.89,2509.01,2509.64,0
2024-08-26 06:00:00,2509.62,2511.34,2508.76,2510.52,0
2024-08-26 07:00:00,2510.54,2515.33,2509.85,2515.14,0
2024-08-26 08:00:00,2515.07,2521.81,2514.19,2521.53,0
2024-08-26 09:00:00,2521.49,2525.79,2520.78,2524.26,0
2024-08-26 10:00:00,2524.26,2525.61,2523.43,2525.06,0
2024-08-26 11:00:00,2525.15,2526.63,2522.61,2524.93,0
2024-08-26 12:00:00,2524.93,2526.87,2520.96,2526.55,0
2024-08-26 13:00:00,2526.55,2526.94,2522.58,2523.89,0
2024-08-26 14:00:00,2523.88,2526.48,2515.54,2515.93,0
2024-08-26 15:00:00,2515.97,2519.0,2510.66,2516.97,0
2024-08-26 16:00:00,2516.97,2517.5,2511.45,2515.87,0
2024-08-26 17:00:00,2515.89,2520.49,2513.63,2520.23,0
2024-08-26 18:00:00,2520.15,2523.39,2516.53,2518.12,0
2024-08-26 19:00:00,2518.12,2519.56,2515.68,2516.92,0
2024-08-26 20:00:00,2516.92,2521.01,2516.89,2518.18,0
2024-08-26 21:00:00,2518.19,2519.06,2517.5,2517.91,0
2024-08-26 23:00:00,2517.98,2518.23,2517.07,2517.32,0
2024-08-27 00:00:00,2517.32,2517.72,2515.5,2515.54,0
2024-08-27 01:00:00,2515.54,2516.78,2512.95,2513.2,0
2024-08-27 02:00:00,2513.12,2514.13,2508.32,2509.74,0
2024-08-27 03:00:00,2509.74,2510.43,2505.88,2508.81,0
2024-08-27 04:00:00,2508.77,2509.23,2505.92,2509.08,0
2024-08-27 05:00:00,2509.08,2509.57,2506.3,2507.36,0
2024-08-27 06:00:00,2507.36,2513.81,2506.64,2513.61,0
2024-08-27 07:00:00,2513.64,2517.49,2512.81,2514.95,0
2024-08-27 08:00:00,2514.95,2517.58,2504.61,2504.95,0
2024-08-27 09:00:00,2504.95,2512.53,2503.58,2511.07,0
2024-08-27 10:00:00,2511.07,2513.81,2508.15,2508.95,0
2024-08-27 11:00:00,2508.95,2510.44,2506.93,2509.02,0
2024-08-27 12:00:00,2509.07,2512.52,2508.69,2511.44,0
2024-08-27 13:00:00,2511.44,2514.38,2507.79,2509.9,0
2024-08-27 14:00:00,2509.9,2515.11,2503.6,2512.42,0
2024-08-27 15:00:00,2512.32,2518.14,2507.84,2514.78,0
2024-08-27 16:00:00,2514.78,2520.29,2511.6,2512.19,0
2024-08-27 17:00:00,2512.18,2514.46,2509.95,2514.45,0
2024-08-27 18:00:00,2514.47,2521.77,2514.14,2520.07,0
2024-08-27 19:00:00,2520.07,2525.99,2519.93,2524.48,0
2024-08-27 20:00:00,2524.47,2525.73,2523.1,2525.13,0
2024-08-27 21:00:00,2525.12,2525.94,2523.83,2524.59,0
2024-08-27 23:00:00,2524.44,2526.03,2524.41,2525.65,0
2024-08-28 00:00:00,2525.65,2529.04,2524.2,2525.32,0
2024-08-28 01:00:00,2525.32,2525.89,2523.92,2524.42,0
2024-08-28 02:00:00,2524.42,2524.42,2516.86,2517.17,0
2024-08-28 03:00:00,2517.17,2518.56,2513.43,2516.37,0
2024-08-28 04:00:00,2516.37,2517.11,2513.32,2515.94,0
2024-08-28 05:00:00,2515.94,2516.22,2510.32,2511.58,0
2024-08-28 06:00:00,2511.58,2511.74,2505.54,2505.86,0
2024-08-28 07:00:00,2505.76,2509.03,2503.37,2508.57,0
2024-08-28 08:00:00,2508.52,2511.39,2507.58,2510.04,0
2024-08-28 09:00:00,2510.04,2510.04,2506.05,2508.24,0
2024-08-28 10:00:00,2508.19,2511.41,2507.87,2510.18,0
2024-08-28 11:00:00,2510.19,2510.54,2502.65,2505.41,0
2024-08-28 12:00:00,2505.4,2505.48,2500.76,2501.45,0
2024-08-28 13:00:00,2501.45,2501.62,2493.66,2500.66,0
2024-08-28 14:00:00,2500.67,2510.64,2499.5,2506.67,0
2024-08-28 15:00:00,2506.58,2509.11,2504.04,2507.65,0
2024-08-28 16:00:00,2507.65,2510.27,2505.05,2506.18,0
2024-08-28 17:00:00,2506.18,2506.5,2496.44,2501.96,0
2024-08-28 18:00:00,2501.95,2506.36,2500.63,2505.45,0
2024-08-28 19:00:00,2505.45,2508.26,2503.69,2508.05,0
2024-08-28 20:00:00,2508.03,2509.63,2506.86,2507.64,0
2024-08-28 21:00:00,2507.82,2508.61,2502.88,2504.67,0
2024-08-28 23:00:00,2504.48,2508.76,2504.25,2507.31,0
2024-08-29 00:00:00,2507.27,2508.21,2506.41,2508.14,0
2024-08-29 01:00:00,2508.14,2515.41,2508.0,2512.34,0
2024-08-29 02:00:00,2512.34,2514.74,2511.75,2513.22,0
2024-08-29 03:00:00,2513.21,2515.16,2511.74,2512.88,0
2024-08-29 04:00:00,2512.88,2516.88,2512.44,2516.68,0
2024-08-29 05:00:00,2516.68,2518.21,2515.64,2515.95,0
2024-08-29 06:00:00,2515.95,2519.99,2513.8,2518.85,0
2024-08-29 07:00:00,2518.85,2521.24,2516.33,2516.92,0
2024-08-29 08:00:00,2517.19,2519.2,2515.29,2519.18,0
2024-08-29 09:00:00,2519.18,2520.18,2515.15,2517.21,0
2024-08-29 10:00:00,2517.21,2524.35,2515.97,2523.0,0
2024-08-29 11:00:00,2523.0,2524.42,2520.92,2523.11,0
2024-08-29 12:00:00,2523.12,2523.41,2519.07,2519.97,0
2024-08-29 13:00:00,2519.97,2519.97,2503.69,2509.22,0
2024-08-29 14:00:00,2509.22,2519.24,2508.28,2516.88,0
2024-08-29 15:00:00,2516.87,2522.32,2514.49,2522.18,0
2024-08-29 16:00:00,2522.18,2525.67,2518.61,2522.64,0
2024-08-29 17:00:00,2522.64,2526.73,2517.51,2525.32,0
2024-08-29 18:00:00,2525.28,2528.72,2523.52,2525.9,0
2024-08-29 19:00:00,2525.9,2526.39,2521.01,2523.1,0
2024-08-29 20:00:00,2523.1,2524.87,2520.91,2521.16,0
2024-08-29 21:00:00,2521.16,2522.26,2520.75,2521.09,0
2024-08-29 23:00:00,2521.26,2521.7,2520.2,2520.97,0
2024-08-30 00:00:00,2520.97,2520.97,2518.91,2519.64,0
2024-08-30 01:00:00,2519.64,2519.72,2516.76,2517.77,0
2024-08-30 02:00:00,2517.7,2520.07,2514.5,2516.11,0
2024-08-30 03:00:00,2516.11,2517.92,2514.24,2516.14,0
2024-08-30 04:00:00,2516.14,2517.06,2512.34,2513.59,0
2024-08-30 05:00:00,2513.59,2514.62,2512.2,2513.39,0
2024-08-30 06:00:00,2513.39,2516.34,2512.54,2513.89,0
2024-08-30 07:00:00,2513.88,2524.11,2513.22,2517.9,0
2024-08-30 08:00:00,2517.84,2521.41,2517.64,2519.41,0
2024-08-30 09:00:00,2519.41,2526.77,2518.95,2522.96,0
2024-08-30 10:00:00,2522.95,2526.87,2522.66,2524.22,0
2024-08-30 11:00:00,2524.22,2524.82,2515.14,2515.38,0
2024-08-30 12:00:00,2515.38,2521.7,2515.07,2519.53,0
2024-08-30 13:00:00,2519.51,2524.82,2516.36,2519.77,0
2024-08-30 14:00:00,2519.72,2519.9,2512.98,2515.5,0
2024-08-30 15:00:00,2515.5,2518.44,2506.47,2509.12,0
2024-08-30 16:00:00,2509.11,2509.56,2500.3,2502.49,0
2024-08-30 17:00:00,2502.52,2506.08,2496.68,2497.76,0
2024-08-30 18:00:00,2497.6,2500.5,2494.17,2499.65,0
2024-08-30 19:00:00,2499.64,2504.77,2499.47,2502.46,0
2024-08-30 20:00:00,2502.45,2504.03,2498.34,2502.36,0
2024-08-30 21:00:00,2502.37,2503.56,2501.92,2503.35,0
2024-09-01 23:00:00,2503.75,2504.72,2501.84,2503.46,0
2024-09-02 00:00:00,2503.49,2503.73,2501.98,2502.99,0
2024-09-02 01:00:00,2503.06,2505.03,2501.18,2501.54,0
2024-09-02 02:00:00,2501.54,2504.73,2496.66,2498.0,0
2024-09-02 03:00:00,2498.0,2498.29,2490.07,2492.01,0
2024-09-02 04:00:00,2491.98,2496.45,2491.52,2496.32,0
2024-09-02 05:00:00,2496.32,2499.46,2496.28,2496.98,0
2024-09-02 06:00:00,2497.1,2498.52,2495.33,2496.5,0
2024-09-02 07:00:00,2496.53,2501.44,2495.9,2497.63,0
2024-09-02 08:00:00,2497.63,2499.56,2496.21,2498.25,0
2024-09-02 09:00:00,2498.22,2507.32,2497.33,2506.35,0
2024-09-02 10:00:00,2506.35,2506.65,2498.25,2499.06,0
2024-09-02 11:00:00,2499.04,2502.11,2498.2,2499.27,0
2024-09-02 12:00:00,2499.46,2500.24,2497.2,2499.86,0
2024-09-02 13:00:00,2499.85,2503.24,2498.87,2501.32,0
2024-09-02 14:00:00,2501.32,2502.39,2498.54,2499.99,0
2024-09-02 15:00:00,2499.99,2502.5,2497.78,2502.07,0
2024-09-02 16:00:00,2502.06,2502.49,2499.95,2501.63,0
2024-09-02 17:00:00,2501.68,2501.93,2498.64,2500.57,0
2024-09-02 18:00:00,2500.57,2501.37,2498.83,2499.51,0
2024-09-02 19:00:00,2499.51,2500.16,2498.88,2499.61,0
2024-09-02 23:00:00,2499.09,2500.56,2497.55,2497.78,0
2024-09-03 00:00:00,2497.78,2498.51,2496.51,2497.2,0
2024-09-03 01:00:00,2497.25,2497.72,2495.06,2495.8,0
2024-09-03 02:00:00,2495.9,2495.9,2489.71,2493.8,0
2024-09-03 03:00:00,2493.76,2496.45,2492.5,2495.33,0
2024-09-03 04:00:00,2495.33,2495.91,2493.1,2494.83,0
2024-09-03 05:00:00,2494.82,2497.0,2493.95,2496.01,0
2024-09-03 06:00:00,2496.01,2496.01,2492.78,2495.09,0
2024-09-03 07:00:00,2495.09,2498.89,2492.84,2497.91,0
2024-09-03 08:00:00,2497.91,2502.07,2496.65,2500.91,0
2024-09-03 09:00:00,2500.86,2506.31,2500.62,2504.01,0
2024-09-03 10:00:00,2504.0,2505.03,2500.97,2500.97,0
2024-09-03 11:00:00,2500.98,2501.08,2492.73,2497.39,0
2024-09-03 12:00:00,2497.34,2501.66,2484.8,2489.73,0
2024-09-03 13:00:00,2489.73,2502.16,2487.2,2493.26,0
2024-09-03 14:00:00,2493.21,2497.66,2475.63,2480.12,0
2024-09-03 15:00:00,2479.88,2485.73,2473.47,2478.32,0
2024-09-03 16:00:00,2478.32,2489.53,2477.2,2488.44,0
2024-09-03 17:00:00,2488.43,2488.98,2483.99,2486.16,0
2024-09-03 18:00:00,2485.99,2492.05,2485.55,2489.5,0
2024-09-03 19:00:00,2489.51,2490.05,2487.15,2489.36,0
2024-09-03 20:00:00,2489.35,2494.4,2489.03,2492.05,0
2024-09-03 21:00:00,2492.08,2493.16,2491.46,2492.86,0
2024-09-03 23:00:00,2492.73,2494.51,2492.16,2493.16,0
2024-09-04 00:00:00,2493.16,2494.75,2492.32,2493.27,0
2024-09-04 01:00:00,2493.27,2494.99,2492.2,2492.41,0
2024-09-04 02:00:00,2492.38,2494.58,2491.38,2493.49,0
2024-09-04 03:00:00,2493.49,2496.92,2492.44,2495.31,0
2024-09-04 04:00:00,2495.31,2496.59,2493.62,2495.08,0
2024-09-04 05:00:00,2495.08,2496.8,2494.52,2495.94,0
2024-09-04 06:00:00,2495.92,2496.65,2492.77,2493.16,0
2024-09-04 07:00:00,2493.16,2493.43,2483.73,2484.3,0
2024-09-04 08:00:00,2484.29,2488.28,2482.04,2482.21,0
2024-09-04 09:00:00,2482.2,2483.35,2472.55,2473.32,0
2024-09-04 10:00:00,2473.32,2483.31,2471.93,2481.68,0
2024-09-04 11:00:00,2481.66,2490.03,2481.14,2489.09,0
2024-09-04 12:00:00,2489.09,2491.28,2486.76,2489.29,0
2024-09-04 13:00:00,2489.29,2491.13,2485.55,2486.58,0
2024-09-04 14:00:00,2486.58,2490.09,2482.11,2485.34,0
2024-09-04 15:00:00,2485.23,2500.27,2485.09,2496.26,0
2024-09-04 16:00:00,2496.3,2498.36,2492.84,2494.12,0
2024-09-04 17:00:00,2494.03,2497.99,2493.21,2496.77,0
2024-09-04 18:00:00,2496.82,2497.35,2493.54,2494.07,0
2024-09-04 19:00:00,2494.06,2495.59,2492.54,2494.72,0
2024-09-04 20:00:00,2494.72,2494.83,2491.56,2493.43,0
2024-09-04 21:00:00,2493.43,2496.93,2492.99,2495.45,0
2024-09-04 23:00:00,2495.19,2495.78,2494.54,2495.42,0
2024-09-05 00:00:00,2495.42,2496.93,2495.16,2495.92,0
2024-09-05 01:00:00,2495.96,2496.63,2494.54,2495.25,0
2024-09-05 02:00:00,2495.25,2499.36,2494.54,2496.44,0
2024-09-05 03:00:00,2496.44,2499.0,2496.25,2498.14,0
2024-09-05 04:00:00,2498.11,2498.63,2494.66,2494.88,0
2024-09-05 05:00:00,2494.88,2495.09,2493.86,2494.33,0
2024-09-05 06:00:00,2494.33,2502.32,2493.99,2502.02,0
2024-09-05 07:00:00,2501.99,2506.98,2500.89,2504.41,0
2024-09-05 08:00:00,2504.41,2507.55,2503.01,2506.49,0
2024-09-05 09:00:00,2506.49,2516.66,2506.04,2514.73,0
2024-09-05 10:00:00,2514.75,2517.3,2514.75,2515.54,0
2024-09-05 11:00:00,2515.54,2516.99,2513.39,2516.33,0
2024-09-05 12:00:00,2516.34,2518.4,2513.71,2515.28,0
2024-09-05 13:00:00,2515.28,2523.47,2514.14,2517.77,0
2024-09-05 14:00:00,2517.77,2519.43,2512.51,2514.78,0
2024-09-05 15:00:00,2514.78,2520.58,2507.71,2508.79,0
2024-09-05 16:00:00,2508.77,2511.0,2503.98,2507.18,0
2024-09-05 17:00:00,2507.18,2511.61,2506.14,2510.43,0
2024-09-05 18:00:00,2510.43,2515.46,2509.31,2515.16,0
2024-09-05 19:00:00,2515.32,2516.9,2514.87,2515.61,0
2024-09-05 20:00:00,2515.61,2516.11,2513.69,2514.92,0
2024-09-05 21:00:00,2514.92,2516.86,2514.88,2516.63,0
2024-09-05 23:00:00,2516.57,2516.95,2515.7,2516.18,0
2024-09-06 00:00:00,2516.18,2517.97,2516.14,2517.28,0
2024-09-06 01:00:00,2517.38,2517.7,2515.66,2515.98,0
2024-09-06 02:00:00,2515.98,2516.7,2513.55,2513.85,0
2024-09-06 03:00:00,2513.85,2518.07,2513.05,2517.8,0
2024-09-06 04:00:00,2517.79,2518.48,2516.96,2518.28,0
2024-09-06 05:00:00,2518.29,2519.53,2517.82,2518.46,0
2024-09-06 06:00:00,2518.45,2521.86,2518.45,2520.1,0
2024-09-06 07:00:00,2520.08,2521.47,2516.66,2519.26,0
2024-09-06 08:00:00,2519.26,2519.98,2516.35,2516.53,0
2024-09-06 09:00:00,2516.5,2518.29,2515.56,2517.91,0
2024-09-06 10:00:00,2517.9,2519.95,2516.41,2519.28,0
2024-09-06 11:00:00,2519.28,2519.88,2517.29,2518.99,0
2024-09-06 12:00:00,2518.99,2520.35,2514.78,2516.37,0
2024-09-06 13:00:00,2516.36,2529.21,2507.69,2522.3,0
2024-09-06 14:00:00,2522.36,2523.07,2502.34,2509.41,0
2024-09-06 15:00:00,2509.41,2515.64,2500.5,2506.82,0
2024-09-06 16:00:00,2506.82,2518.51,2503.74,2505.62,0
2024-09-06 17:00:00,2505.46,2505.81,2485.17,2489.03,0
2024-09-06 18:00:00,2489.06,2497.09,2485.97,2495.57,0
2024-09-06 19:00:00,2495.7,2496.94,2492.06,2494.67,0
2024-09-06 20:00:00,2494.76,2496.9,2490.75,2495.96,0
2024-09-06 21:00:00,2495.94,2497.87,2494.81,2497.61,0
2024-09-08 23:00:00,2496.33,2498.93,2496.06,2497.95,0
2024-09-09 00:00:00,2497.96,2498.34,2495.59,2496.94,0
2024-09-09 01:00:00,2497.07,2498.24,2495.66,2496.02,0
2024-09-09 02:00:00,2495.88,2498.67,2494.74,2497.77,0
2024-09-09 03:00:00,2497.77,2499.19,2497.04,2497.26,0
2024-09-09 04:00:00,2497.26,2500.44,2496.79,2499.33,0
2024-09-09 05:00:00,2499.35,2499.58,2497.54,2498.25,0
2024-09-09 06:00:00,2498.24,2498.35,2487.52,2487.95,0
2024-09-09 07:00:00,2488.05,2493.64,2485.57,2489.83,0
2024-09-09 08:00:00,2489.84,2496.72,2488.9,2494.25,0
2024-09-09 09:00:00,2494.35,2495.68,2490.12,2492.27,0
2024-09-09 10:00:00,2492.25,2497.66,2492.12,2496.44,0
2024-09-09 11:00:00,2496.48,2499.24,2493.18,2494.45,0
2024-09-09 12:00:00,2494.45,2498.9,2493.41,2497.25,0
2024-09-09 13:00:00,2497.25,2504.17,2496.34,2500.95,0
2024-09-09 14:00:00,2500.95,2505.25,2499.36,2499.82,0
2024-09-09 15:00:00,2499.86,2501.24,2493.32,2496.9,0
2024-09-09 16:00:00,2496.94,2499.57,2493.64,2499.18,0
2024-09-09 17:00:00,2499.18,2505.31,2499.18,2504.43,0
2024-09-09 18:00:00,2504.42,2506.55,2499.46,2500.01,0
2024-09-09 19:00:00,2500.01,2505.34,2499.49,2504.76,0
2024-09-09 20:00:00,2504.77,2506.14,2502.7,2506.02,0
2024-09-09 21:00:00,2506.02,2507.18,2505.33,2506.14,0
2024-09-09 23:00:00,2506.07,2507.24,2505.57,2507.06,0
2024-09-10 00:00:00,2507.06,2507.68,2505.74,2506.8,0
2024-09-10 01:00:00,2506.8,2507.53,2504.84,2505.44,0
2024-09-10 02:00:00,2505.44,2506.89,2502.89,2503.88,0
2024-09-10 03:00:00,2503.89,2504.05,2501.8,2503.04,0
2024-09-10 04:00:00,2502.98,2504.39,2501.49,2502.58,0
2024-09-10 05:00:00,2502.58,2502.88,2501.1,2501.83,0
2024-09-10 06:00:00,2501.84,2505.0,2500.81,2503.9,0
2024-09-10 07:00:00,2503.9,2506.56,2503.41,2505.12,0
2024-09-10 08:00:00,2505.13,2507.76,2502.13,2502.82,0
2024-09-10 09:00:00,2502.82,2503.21,2500.16,2502.35,0
2024-09-10 10:00:00,2502.35,2506.08,2500.22,2506.08,0
2024-09-10 11:00:00,2506.09,2509.69,2505.21,2505.72,0
2024-09-10 12:00:00,2505.72,2507.19,2504.28,2504.64,0
2024-09-10 13:00:00,2504.61,2514.09,2504.54,2513.87,0
2024-09-10 14:00:00,2513.87,2515.37,2506.35,2506.84,0
2024-09-10 15:00:00,2506.83,2509.3,2500.92,2509.13,0
2024-09-10 16:00:00,2509.12,2518.47,2508.27,2512.73,0
2024-09-10 17:00:00,2512.74,2515.55,2510.72,2514.43,0
2024-09-10 18:00:00,2514.43,2515.71,2512.91,2513.2,0
2024-09-10 19:00:00,2513.18,2516.65,2512.11,2516.38,0
2024-09-10 20:00:00,2516.39,2517.5,2514.17,2517.29,0
2024-09-10 21:00:00,2517.2,2517.44,2515.8,2516.54,0
2024-09-10 23:00:00,2516.38,2517.1,2516.17,2516.44,0
2024-09-11 00:00:00,2516.44,2518.84,2516.38,2518.72,0
2024-09-11 01:00:00,2518.65,2519.18,2516.21,2516.57,0
2024-09-11 02:00:00,2516.49,2522.58,2514.99,2518.77,0
2024-09-11 03:00:00,2518.76,2520.37,2517.64,2518.79,0
2024-09-11 04:00:00,2518.82,2519.97,2516.85,2519.45,0
2024-09-11 05:00:00,2519.45,2520.16,2518.65,2519.65,0
2024-09-11 06:00:00,2519.59,2522.48,2519.37,2521.34,0
2024-09-11 07:00:00,2521.34,2529.06,2520.93,2526.67,0
2024-09-11 08:00:00,2526.67,2527.77,2520.81,2521.49,0
2024-09-11 09:00:00,2521.51,2527.26,2520.79,2524.33,0
2024-09-11 10:00:00,2524.33,2524.74,2522.09,2523.28,0
2024-09-11 11:00:00,2523.27,2523.34,2519.85,2521.81,0
2024-09-11 12:00:00,2521.81,2524.26,2520.78,2522.29,0
2024-09-11 13:00:00,2522.15,2523.59,2502.26,2508.2,0
2024-09-11 14:00:00,2508.22,2512.93,2503.23,2509.67,0
2024-09-11 15:00:00,2509.66,2510.46,2500.97,2509.49,0
2024-09-11 16:00:00,2509.54,2514.97,2508.75,2514.83,0
2024-09-11 17:00:00,2514.83,2520.1,2513.74,2515.22,0
2024-09-11 18:00:00,2515.18,2516.92,2512.45,2514.67,0
2024-09-11 19:00:00,2514.66,2516.39,2511.27,2511.54,0
2024-09-11 20:00:00,2511.53,2513.3,2509.83,2513.04,0
2024-09-11 21:00:00,2513.01,2513.91,2511.24,2511.42,0
2024-09-11 23:00:00,2511.76,2513.93,2511.76,2512.92,0
2024-09-12 00:00:00,2512.92,2513.09,2511.88,2511.99,0
2024-09-12 01:00:00,2511.95,2512.47,2511.13,2512.2,0
2024-09-12 02:00:00,2512.2,2515.25,2511.7,2513.19,0
2024-09-12 03:00:00,2513.18,2514.13,2511.04,2512.29,0
2024-09-12 04:00:00,2512.29,2516.12,2512.25,2515.89,0
2024-09-12 05:00:00,2515.9,2517.79,2515.63,2517.07,0
2024-09-12 06:00:00,2517.15,2519.75,2517.07,2519.49,0
2024-09-12 07:00:00,2519.49,2522.27,2516.79,2516.95,0
2024-09-12 08:00:00,2516.95,2517.79,2514.56,2515.98,0
2024-09-12 09:00:00,2515.98,2519.36,2515.15,2517.42,0
2024-09-12 10:00:00,2517.42,2519.26,2516.41,2518.82,0
2024-09-12 11:00:00,2518.84,2521.11,2513.2,2513.25,0
2024-09-12 12:00:00,2513.25,2520.39,2513.04,2519.53,0
2024-09-12 13:00:00,2519.55,2535.28,2518.98,2528.92,0
2024-09-12 14:00:00,2528.55,2551.69,2522.25,2545.46,0
2024-09-12 15:00:00,2545.44,2554.77,2541.88,2553.39,0
2024-09-12 16:00:00,2553.39,2555.21,2548.89,2553.36,0
2024-09-12 17:00:00,2553.28,2553.7,2544.93,2550.73,0
2024-09-12 18:00:00,2550.78,2554.84,2550.18,2554.04,0
2024-09-12 19:00:00,2554.08,2558.84,2552.09,2555.91,0
2024-09-12 20:00:00,2555.89,2559.15,2554.64,2557.91,0
2024-09-12 21:00:00,2557.9,2560.12,2556.78,2558.6,0
2024-09-12 23:00:00,2558.6,2559.51,2557.29,2557.47,0
2024-09-13 00:00:00,2557.52,2558.62,2556.81,2558.51,0
2024-09-13 01:00:00,2558.49,2562.74,2556.83,2561.61,0
2024-09-13 02:00:00,2561.61,2568.01,2560.0,2563.31,0
2024-09-13 03:00:00,2563.31,2565.65,2561.64,2565.4,0
2024-09-13 04:00:00,2565.39,2570.06,2564.65,2567.97,0
2024-09-13 05:00:00,2567.98,2570.14,2566.67,2568.88,0
2024-09-13 06:00:00,2568.85,2570.3,2566.03,2566.63,0
2024-09-13 07:00:00,2566.59,2568.86,2563.16,2567.17,0
2024-09-13 08:00:00,2567.21,2571.1,2563.96,2569.81,0
2024-09-13 09:00:00,2569.81,2570.98,2565.72,2569.99,0
2024-09-13 10:00:00,2569.94,2572.95,2567.07,2568.6,0
2024-09-13 11:00:00,2568.59,2569.36,2565.67,2567.12,0
2024-09-13 12:00:00,2567.12,2568.34,2563.75,2567.37,0
2024-09-13 13:00:00,2567.37,2575.95,2566.14,2575.87,0
2024-09-13 14:00:00,2575.87,2583.43,2573.55,2577.61,0
2024-09-13 15:00:00,2577.61,2580.25,2573.15,2578.38,0
2024-09-13 16:00:00,2578.39,2582.5,2573.74,2582.3,0
2024-09-13 17:00:00,2582.29,2585.17,2580.16,2584.35,0
2024-09-13 18:00:00,2584.35,2586.08,2581.54,2582.71,0
2024-09-13 19:00:00,2582.72,2584.06,2580.73,2582.35,0
2024-09-13 20:00:00,2582.35,2582.98,2578.72,2582.83,0
2024-09-13 21:00:00,2582.67,2582.93,2577.7,2578.38,0
2024-09-15 23:00:00,2579.35,2580.73,2577.6,2580.08,0
2024-09-16 00:00:00,2580.08,2580.37,2578.27,2579.27,0
2024-09-16 01:00:00,2579.27,2582.4,2578.9,2581.39,0
2024-09-16 02:00:00,2581.39,2582.88,2579.91,2581.76,0
2024-09-16 03:00:00,2581.76,2585.97,2581.59,2585.45,0
2024-09-16 04:00:00,2585.45,2589.0,2583.86,2586.38,0
2024-09-16 05:00:00,2586.38,2586.79,2584.98,2585.84,0
2024-09-16 06:00:00,2585.84,2589.54,2585.51,2588.77,0
2024-09-16 07:00:00,2588.81,2589.68,2585.19,2585.38,0
2024-09-16 08:00:00,2585.38,2585.68,2579.61,2582.18,0
2024-09-16 09:00:00,2582.18,2588.56,2581.46,2586.91,0
2024-09-16 10:00:00,2586.92,2588.37,2584.26,2585.59,0
2024-09-16 11:00:00,2585.59,2586.43,2575.32,2579.87,0
2024-09-16 12:00:00,2579.84,2583.25,2578.75,2583.01,0
2024-09-16 13:00:00,2583.17,2583.57,2578.54,2583.47,0
2024-09-16 14:00:00,2583.48,2589.37,2581.27,2588.27,0
2024-09-16 15:00:00,2588.28,2588.54,2576.18,2580.25,0
2024-09-16 16:00:00,2580.25,2581.94,2577.72,2579.95,0
2024-09-16 17:00:00,2579.96,2584.12,2579.61,2583.73,0
2024-09-16 18:00:00,2583.67,2584.16,2579.91,2582.65,0
2024-09-16 19:00:00,2582.74,2582.9,2580.25,2581.06,0
2024-09-16 20:00:00,2581.06,2583.3,2579.65,2582.57,0
2024-09-16 21:00:00,2582.59,2583.5,2581.88,2582.42,0
2024-09-16 23:00:00,2582.18,2583.63,2582.03,2582.94,0
2024-09-17 00:00:00,2582.94,2583.95,2582.2,2583.74,0
2024-09-17 01:00:00,2583.74,2584.48,2580.3,2580.3,0
2024-09-17 02:00:00,2580.31,2582.78,2578.56,2582.63,0
2024-09-17 03:00:00,2582.64,2586.34,2581.06,2581.59,0
2024-09-17 04:00:00,2581.54,2581.54,2576.84,2577.25,0
2024-09-17 05:00:00,2577.25,2579.18,2574.97,2576.96,0
2024-09-17 06:00:00,2576.96,2579.6,2574.61,2579.4,0
2024-09-17 07:00:00,2579.43,2586.95,2579.41,2584.38,0
2024-09-17 08:00:00,2584.38,2585.71,2582.74,2583.85,0
2024-09-17 09:00:00,2583.84,2584.2,2577.67,2580.2,0
2024-09-17 10:00:00,2580.18,2580.18,2571.77,2573.66,0
2024-09-17 11:00:00,2573.66,2576.15,2569.76,2573.05,0
2024-09-17 12:00:00,2573.16,2581.69,2572.28,2579.84,0
2024-09-17 13:00:00,2579.84,2581.66,2568.41,2577.79,0
2024-09-17 14:00:00,2577.79,2579.55,2573.12,2573.76,0
2024-09-17 15:00:00,2573.76,2582.26,2571.82,2576.49,0
2024-09-17 16:00:00,2576.49,2577.16,2561.79,2565.66,0
2024-09-17 17:00:00,2565.68,2566.7,2561.43,2563.18,0
2024-09-17 18:00:00,2563.18,2570.53,2560.82,2569.95,0
2024-09-17 19:00:00,2569.97,2571.7,2568.7,2570.17,0
2024-09-17 20:00:00,2570.17,2571.19,2567.02,2568.68,0
2024-09-17 21:00:00,2568.71,2570.29,2568.39,2569.45,0
2024-09-17 23:00:00,2569.42,2571.45,2569.13,2570.81,0
2024-09-18 00:00:00,2570.77,2574.43,2570.77,2574.08,0
2024-09-18 01:00:00,2574.08,2574.82,2571.48,2573.08,0
2024-09-18 02:00:00,2573.08,2576.47,2571.71,2572.29,0
2024-09-18 03:00:00,2572.29,2574.2,2570.06,2573.78,0
2024-09-18 04:00:00,2573.77,2576.47,2572.84,2575.95,0
2024-09-18 05:00:00,2575.95,2576.49,2568.01,2568.7,0
2024-09-18 06:00:00,2568.7,2569.25,2565.78,2567.74,0
2024-09-18 07:00:00,2567.74,2570.06,2566.7,2569.18,0
2024-09-18 08:00:00,2569.19,2571.97,2568.66,2571.58,0
2024-09-18 09:00:00,2571.56,2571.98,2568.28,2569.83,0
2024-09-18 10:00:00,2569.84,2571.98,2568.04,2571.98,0
2024-09-18 11:00:00,2571.99,2578.14,2571.08,2576.18,0
2024-09-18 12:00:00,2576.22,2580.77,2575.11,2577.51,0
2024-09-18 13:00:00,2577.49,2578.88,2573.56,2576.28,0
2024-09-18 14:00:00,2576.2,2578.6,2568.67,2571.86,0
2024-09-18 15:00:00,2571.81,2574.88,2568.1,2571.71,0
2024-09-18 16:00:00,2571.73,2574.5,2568.15,2569.77,0
2024-09-18 17:00:00,2569.77,2575.24,2568.95,2574.93,0
2024-09-18 18:00:00,2574.93,2574.93,2567.14,2567.57,0
2024-09-18 19:00:00,2567.56,2600.16,2567.09,2575.78,0
2024-09-18 20:00:00,2575.7,2576.23,2546.86,2549.1,0
2024-09-18 21:00:00,2549.06,2560.93,2548.57,2559.27,0
2024-09-18 23:00:00,2558.74,2561.65,2555.74,2559.36,0
2024-09-19 00:00:00,2559.33,2559.71,2556.28,2559.32,0
2024-09-19 01:00:00,2559.37,2559.58,2557.0,2558.8,0
2024-09-19 02:00:00,2558.8,2558.81,2551.16,2555.32,0
2024-09-19 03:00:00,2555.32,2566.73,2555.32,2564.2,0
2024-09-19 04:00:00,2564.17,2565.36,2561.34,2564.06,0
2024-09-19 05:00:00,2564.12,2564.2,2559.61,2564.12,0
2024-09-19 06:00:00,2564.12,2574.55,2564.02,2574.55,0
2024-09-19 07:00:00,2574.55,2578.79,2573.95,2575.88,0
2024-09-19 08:00:00,2575.88,2584.67,2575.09,2584.42,0
2024-09-19 09:00:00,2584.42,2586.68,2581.44,2585.0,0
2024-09-19 10:00:00,2585.0,2594.89,2584.1,2591.87,0
2024-09-19 11:00:00,2591.87,2591.9,2585.99,2588.69,0
2024-09-19 12:00:00,2588.68,2589.81,2584.44,2589.47,0
2024-09-19 13:00:00,2589.44,2591.29,2573.26,2576.84,0
2024-09-19 14:00:00,2576.81,2582.55,2569.84,2575.28,0
2024-09-19 15:00:00,2575.33,2584.65,2571.79,2581.29,0
2024-09-19 16:00:00,2581.29,2589.45,2580.45,2589.11,0
2024-09-19 17:00:00,2589.12,2592.62,2587.8,2591.78,0
2024-09-19 18:00:00,2591.78,2592.72,2588.0,2590.61,0
2024-09-19 19:00:00,2590.63,2590.83,2586.68,2588.26,0
2024-09-19 20:00:00,2588.25,2588.93,2585.99,2588.4,0
2024-09-19 21:00:00,2588.4,2589.78,2585.93,2586.61,0
2024-09-19 23:00:00,2586.52,2587.87,2586.18,2587.76,0
2024-09-20 00:00:00,2587.69,2587.79,2586.41,2587.26,0
2024-09-20 01:00:00,2587.27,2588.52,2586.18,2588.12,0
2024-09-20 02:00:00,2588.12,2589.52,2584.83,2588.27,0
2024-09-20 03:00:00,2588.24,2592.55,2587.42,2591.62,0
2024-09-20 04:00:00,2591.58,2593.65,2591.01,2591.46,0
2024-09-20 05:00:00,2591.46,2594.42,2591.42,2593.75,0
2024-09-20 06:00:00,2593.75,2595.24,2592.44,2594.58,0
2024-09-20 07:00:00,2594.49,2607.01,2594.35,2605.49,0
2024-09-20 08:00:00,2605.52,2609.78,2604.78,2607.2,0
2024-09-20 09:00:00,2607.17,2612.77,2605.52,2609.83,0
2024-09-20 10:00:00,2609.86,2610.57,2602.58,2606.39,0
2024-09-20 11:00:00,2606.39,2614.25,2606.26,2613.26,0
2024-09-20 12:00:00,2613.26,2615.48,2610.33,2613.74,0
2024-09-20 13:00:00,2613.73,2619.38,2613.47,2615.63,0
2024-09-20 14:00:00,2615.63,2616.6,2602.7,2606.68,0
2024-09-20 15:00:00,2606.7,2617.18,2604.8,2614.05,0
2024-09-20 16:00:00,2614.05,2623.03,2611.24,2622.84,0
2024-09-20 17:00:00,2622.84,2625.79,2619.77,2624.93,0
2024-09-20 18:00:00,2624.93,2625.43,2619.28,2619.59,0
2024-09-20 19:00:00,2619.6,2622.23,2617.88,2621.74,0
2024-09-20 20:00:00,2621.78,2623.42,2620.7,2621.17,0
2024-09-20 21:00:00,2621.15,2622.47,2619.07,2622.26,0
2024-09-22 23:00:00,2618.89,2622.04,2618.26,2620.47,0
2024-09-23 00:00:00,2620.55,2621.51,2619.66,2620.26,0
2024-09-23 01:00:00,2620.27,2620.46,2618.2,2618.28,0
2024-09-23 02:00:00,2618.34,2621.53,2616.1,2620.16,0
2024-09-23 03:00:00,2620.16,2626.26,2618.88,2625.43,0
2024-09-23 04:00:00,2625.29,2631.11,2624.88,2628.57,0
2024-09-23 05:00:00,2628.59,2631.06,2628.07,2629.44,0
2024-09-23 06:00:00,2629.44,2631.34,2626.86,2630.06,0
2024-09-23 07:00:00,2630.06,2630.18,2624.48,2624.48,0
2024-09-23 08:00:00,2624.48,2625.05,2613.92,2615.2,0
2024-09-23 09:00:00,2615.2,2619.71,2614.73,2616.88,0
2024-09-23 10:00:00,2616.88,2622.09,2615.42,2621.64,0
2024-09-23 11:00:00,2621.64,2623.65,2620.74,2621.56,0
2024-09-23 12:00:00,2621.56,2625.79,2620.99,2624.13,0
2024-09-23 13:00:00,2624.14,2628.16,2620.1,2627.08,0
2024-09-23 14:00:00,2627.08,2634.29,2625.65,2631.96,0
2024-09-23 15:00:00,2631.96,2634.88,2628.13,2630.43,0
2024-09-23 16:00:00,2630.43,2631.98,2625.82,2629.33,0
2024-09-23 17:00:00,2629.33,2630.87,2626.61,2628.27,0
2024-09-23 18:00:00,2628.22,2629.17,2626.52,2628.02,0
2024-09-23 19:00:00,2628.03,2628.82,2626.06,2627.37,0
2024-09-23 20:00:00,2627.37,2627.97,2625.75,2626.31,0
2024-09-23 21:00:00,2626.29,2628.52,2626.23,2628.39,0
2024-09-23 23:00:00,2628.63,2628.79,2626.64,2627.5,0
2024-09-24 00:00:00,2627.5,2627.53,2625.88,2626.36,0
2024-09-24 01:00:00,2626.37,2626.67,2623.91,2625.24,0
2024-09-24 02:00:00,2625.21,2630.22,2624.96,2629.17,0
2024-09-24 03:00:00,2629.09,2629.34,2626.79,2628.97,0
2024-09-24 04:00:00,2628.9,2636.12,2628.86,2634.05,0
2024-09-24 05:00:00,2634.05,2638.27,2632.03,2638.13,0
2024-09-24 06:00:00,2638.17,2640.09,2625.2,2625.42,0
2024-09-24 07:00:00,2625.45,2629.93,2624.56,2628.75,0
2024-09-24 08:00:00,2628.75,2630.3,2622.68,2628.98,0
2024-09-24 09:00:00,2628.97,2629.58,2626.01,2629.1,0
2024-09-24 10:00:00,2629.1,2630.93,2627.14,2630.82,0
2024-09-24 11:00:00,2630.86,2636.16,2630.66,2633.41,0
2024-09-24 12:00:00,2633.39,2633.42,2623.42,2626.41,0
2024-09-24 13:00:00,2626.41,2633.34,2623.56,2633.19,0
2024-09-24 14:00:00,2633.2,2637.33,2631.02,2635.54,0
2024-09-24 15:00:00,2635.59,2647.18,2634.59,2643.6,0
2024-09-24 16:00:00,2643.6,2648.45,2639.84,2643.15,0
2024-09-24 17:00:00,2643.18,2655.2,2642.47,2653.57,0
2024-09-24 18:00:00,2653.58,2654.53,2649.89,2654.11,0
2024-09-24 19:00:00,2654.12,2657.74,2653.45,2657.33,0
2024-09-24 20:00:00,2657.33,2664.39,2656.47,2662.7,0
2024-09-24 21:00:00,2662.73,2663.73,2656.45,2656.99,0
2024-09-24 23:00:00,2657.25,2659.89,2657.25,2659.22,0
2024-09-25 00:00:00,2659.22,2659.28,2656.76,2658.23,0
2024-09-25 01:00:00,2658.29,2661.02,2656.66,2660.86,0
2024-09-25 02:00:00,2660.86,2662.89,2655.54,2660.12,0
2024-09-25 03:00:00,2660.1,2670.52,2659.73,2670.14,0
2024-09-25 04:00:00,2670.12,2670.22,2659.92,2661.55,0
2024-09-25 05:00:00,2661.55,2661.73,2657.7,2658.98,0
2024-09-25 06:00:00,2658.98,2659.83,2654.49,2657.26,0
2024-09-25 07:00:00,2657.26,2659.85,2653.55,2654.78,0
2024-09-25 08:00:00,2654.77,2657.69,2651.21,2656.98,0
2024-09-25 09:00:00,2656.98,2658.58,2654.65,2655.94,0
2024-09-25 10:00:00,2655.94,2657.77,2652.77,2657.0,0
2024-09-25 11:00:00,2657.0,2658.19,2654.43,2655.63,0
2024-09-25 12:00:00,2655.63,2658.11,2653.95,2657.49,0
2024-09-25 13:00:00,2657.41,2660.81,2657.0,2659.59,0
2024-09-25 14:00:00,2659.55,2666.18,2658.39,2664.52,0
2024-09-25 15:00:00,2664.51,2667.54,2654.34,2658.98,0
2024-09-25 16:00:00,2659.09,2660.85,2655.35,2657.86,0
2024-09-25 17:00:00,2657.76,2658.83,2649.83,2653.77,0
2024-09-25 18:00:00,2653.77,2663.0,2653.19,2660.64,0
2024-09-25 19:00:00,2660.64,2661.74,2659.14,2660.45,0
2024-09-25 20:00:00,2660.45,2661.62,2659.52,2659.74,0
2024-09-25 21:00:00,2659.81,2660.29,2656.3,2657.02,0
2024-09-25 23:00:00,2656.99,2659.69,2656.47,2658.35,0
2024-09-26 00:00:00,2658.31,2659.49,2656.23,2656.38,0
2024-09-26 01:00:00,2656.38,2660.38,2655.44,2659.15,0
2024-09-26 02:00:00,2659.15,2661.44,2657.74,2660.85,0
2024-09-26 03:00:00,2660.85,2661.63,2657.1,2658.2,0
2024-09-26 04:00:00,2658.14,2662.59,2657.8,2662.58,0
2024-09-26 05:00:00,2662.67,2662.93,2660.2,2660.71,0
2024-09-26 06:00:00,2660.71,2663.48,2659.8,2661.5,0
2024-09-26 07:00:00,2661.46,2662.68,2658.03,2661.76,0
2024-09-26 08:00:00,2661.78,2666.93,2659.53,2664.75,0
2024-09-26 09:00:00,2664.67,2670.54,2664.66,2669.07,0
2024-09-26 10:00:00,2669.08,2669.85,2666.99,2668.92,0
2024-09-26 11:00:00,2668.92,2675.68,2667.52,2672.72,0
2024-09-26 12:00:00,2672.72,2685.58,2672.31,2682.83,0
2024-09-26 13:00:00,2682.83,2684.26,2668.56,2677.3,0
2024-09-26 14:00:00,2677.3,2679.74,2654.84,2660.88,0
2024-09-26 15:00:00,2660.9,2669.62,2659.8,2665.88,0
2024-09-26 16:00:00,2665.88,2673.2,2662.48,2671.43,0
2024-09-26 17:00:00,2671.43,2672.49,2663.02,2668.22,0
2024-09-26 18:00:00,2668.22,2672.27,2667.64,2670.99,0
2024-09-26 19:00:00,2670.99,2677.17,2670.17,2675.94,0
2024-09-26 20:00:00,2675.94,2677.93,2672.3,2673.71,0
2024-09-26 21:00:00,2673.72,2674.04,2670.89,2672.23,0
2024-09-26 23:00:00,2672.14,2673.3,2671.67,2672.39,0
2024-09-27 00:00:00,2672.42,2673.27,2672.04,2672.72,0
2024-09-27 01:00:00,2672.73,2672.76,2669.45,2669.85,0
2024-09-27 02:00:00,2669.85,2672.83,2666.25,2669.59,0
2024-09-27 03:00:00,2669.59,2671.08,2667.33,2669.05,0
2024-09-27 04:00:00,2669.04,2673.99,2668.67,2673.7,0
2024-09-27 05:00:00,2673.75,2673.95,2669.33,2670.49,0
2024-09-27 06:00:00,2670.51,2671.36,2662.39,2664.94,0
2024-09-27 07:00:00,2665.01,2669.54,2664.13,2665.9,0
2024-09-27 08:00:00,2665.9,2668.32,2660.95,2664.78,0
2024-09-27 09:00:00,2664.71,2665.47,2661.88,2662.6,0
2024-09-27 10:00:00,2662.6,2665.02,2658.37,2663.78,0
2024-09-27 11:00:00,2663.75,2665.65,2662.06,2664.37,0
2024-09-27 12:00:00,2664.37,2669.23,2664.32,2666.17,0
2024-09-27 13:00:00,2666.17,2674.34,2662.38,2670.14,0
2024-09-27 14:00:00,2670.11,2670.96,2664.08,2666.38,0
2024-09-27 15:00:00,2666.17,2666.96,2649.44,2649.54,0
2024-09-27 16:00:00,2649.54,2654.66,2644.88,2649.88,0
2024-09-27 17:00:00,2649.79,2656.32,2646.12,2651.81,0
2024-09-27 18:00:00,2651.81,2652.43,2643.18,2645.18,0
2024-09-27 19:00:00,2645.27,2648.96,2643.52,2648.02,0
2024-09-27 20:00:00,2648.05,2652.87,2645.65,2652.16,0
2024-09-27 21:00:00,2652.03,2660.03,2651.23,2659.81,0
2024-09-29 23:00:00,2658.49,2663.54,2655.66,2662.75,0
2024-09-30 00:00:00,2662.73,2665.13,2661.75,2663.63,0
2024-09-30 01:00:00,2663.64,2666.03,2661.29,2661.69,0
2024-09-30 02:00:00,2661.68,2664.4,2647.34,2652.76,0
2024-09-30 03:00:00,2652.75,2656.44,2650.3,2652.68,0
2024-09-30 04:00:00,2652.6,2655.62,2652.28,2653.61,0
2024-09-30 05:00:00,2653.61,2655.92,2652.16,2655.9,0
2024-09-30 06:00:00,2655.9,2659.35,2654.43,2657.86,0
2024-09-30 07:00:00,2657.87,2660.16,2655.77,2657.87,0
2024-09-30 08:00:00,2657.96,2660.65,2650.75,2650.99,0
2024-09-30 09:00:00,2650.99,2656.65,2650.7,2653.53,0
2024-09-30 10:00:00,2653.59,2653.7,2648.42,2649.76,0
2024-09-30 11:00:00,2649.73,2650.1,2635.81,2636.96,0
2024-09-30 12:00:00,2636.97,2642.88,2634.5,2641.7,0
2024-09-30 13:00:00,2641.7,2644.29,2634.98,2639.0,0
2024-09-30 14:00:00,2639.0,2642.16,2630.57,2635.83,0
2024-09-30 15:00:00,2635.64,2636.19,2628.92,2633.27,0
2024-09-30 16:00:00,2633.27,2636.48,2630.35,2633.94,0
2024-09-30 17:00:00,2633.99,2639.48,2633.5,2639.14,0
2024-09-30 18:00:00,2639.14,2641.85,2636.44,2637.87,0
2024-09-30 19:00:00,2637.87,2638.34,2624.74,2631.58,0
2024-09-30 20:00:00,2631.55,2631.81,2626.53,2631.04,0
2024-09-30 21:00:00,2631.06,2635.09,2630.82,2634.53,0
2024-09-30 23:00:00,2634.38,2635.06,2632.13,2635.06,0
2024-10-01 00:00:00,2635.06,2636.26,2634.59,2635.75,0
2024-10-01 01:00:00,2635.74,2637.23,2633.91,2636.55,0
2024-10-01 02:00:00,2636.55,2639.79,2635.54,2639.77,0
2024-10-01 03:00:00,2639.84,2639.97,2635.03,2636.43,0
2024-10-01 04:00:00,2636.39,2638.64,2634.54,2638.01,0
2024-10-01 05:00:00,2637.97,2640.42,2637.43,2639.67,0
2024-10-01 06:00:00,2639.69,2644.38,2639.6,2643.12,0
2024-10-01 07:00:00,2643.03,2645.58,2642.65,2645.28,0
2024-10-01 08:00:00,2645.36,2647.46,2641.76,2645.66,0
2024-10-01 09:00:00,2645.68,2646.85,2642.44,2646.58,0
2024-10-01 10:00:00,2646.58,2649.31,2645.44,2648.72,0
2024-10-01 11:00:00,2648.72,2650.58,2648.28,2650.4,0
2024-10-01 12:00:00,2650.4,2652.15,2646.91,2650.27,0
2024-10-01 13:00:00,2650.27,2656.69,2650.25,2651.55,0
2024-10-01 14:00:00,2651.55,2671.82,2648.04,2668.17,0
2024-10-01 15:00:00,2668.15,2669.88,2657.44,2659.24,0
2024-10-01 16:00:00,2659.14,2665.47,2653.94,2663.5,0
2024-10-01 17:00:00,2663.5,2673.1,2661.3,2666.51,0
2024-10-01 18:00:00,2666.59,2671.76,2661.27,2662.54,0
2024-10-01 19:00:00,2662.5,2664.95,2657.64,2661.16,0
2024-10-01 20:00:00,2661.15,2664.38,2658.22,2658.72,0
2024-10-01 21:00:00,2658.71,2664.0,2657.92,2663.37,0
2024-10-01 23:00:00,2663.11,2663.46,2661.29,2662.13,0
2024-10-02 00:00:00,2662.13,2662.31,2660.18,2660.42,0
2024-10-02 01:00:00,2660.42,2660.7,2657.0,2657.43,0
2024-10-02 02:00:00,2657.54,2662.05,2656.36,2660.63,0
2024-10-02 03:00:00,2660.64,2661.17,2658.87,2660.17,0
2024-10-02 04:00:00,2660.18,2661.59,2655.15,2655.41,0
2024-10-02 05:00:00,2655.41,2656.52,2652.66,2654.19,0
2024-10-02 06:00:00,2654.18,2656.23,2644.57,2648.07,0
2024-10-02 07:00:00,2648.06,2650.75,2647.23,2649.78,0
2024-10-02 08:00:00,2649.71,2655.55,2649.53,2655.47,0
2024-10-02 09:00:00,2655.47,2655.88,2648.7,2652.48,0
2024-10-02 10:00:00,2652.49,2655.53,2651.7,2652.95,0
2024-10-02 11:00:00,2652.95,2654.43,2648.85,2649.22,0
2024-10-02 12:00:00,2649.22,2652.64,2648.01,2649.58,0
2024-10-02 13:00:00,2649.83,2653.01,2643.78,2649.64,0
2024-10-02 14:00:00,2649.64,2660.9,2649.27,2659.57,0
2024-10-02 15:00:00,2659.6,2663.4,2647.47,2648.12,0
2024-10-02 16:00:00,2648.13,2650.75,2641.18,2650.0,0
2024-10-02 17:00:00,2650.0,2652.35,2648.15,2649.77,0
2024-10-02 18:00:00,2649.76,2652.83,2647.21,2652.22,0
2024-10-02 19:00:00,2652.2,2655.98,2651.19,2654.09,0
2024-10-02 20:00:00,2654.1,2658.98,2653.72,2658.66,0
2024-10-02 21:00:00,2658.68,2659.92,2658.36,2658.67,0
2024-10-02 23:00:00,2658.33,2660.37,2657.91,2659.56,0
2024-10-03 00:00:00,2659.56,2661.28,2659.48,2660.32,0
2024-10-03 01:00:00,2660.33,2662.94,2657.48,2657.83,0
2024-10-03 02:00:00,2657.84,2658.94,2655.03,2658.26,0
2024-10-03 03:00:00,2658.26,2658.68,2655.4,2655.8,0
2024-10-03 04:00:00,2655.76,2658.01,2653.37,2656.09,0
2024-10-03 05:00:00,2656.1,2656.57,2654.7,2655.03,0
2024-10-03 06:00:00,2655.03,2656.62,2651.92,2653.31,0
2024-10-03 07:00:00,2653.31,2657.53,2651.38,2655.94,0
2024-10-03 08:00:00,2655.93,2656.31,2643.56,2645.31,0
2024-10-03 09:00:00,2645.32,2647.49,2641.93,2645.19,0
2024-10-03 10:00:00,2645.18,2647.63,2641.03,2644.9,0
2024-10-03 11:00:00,2644.89,2648.11,2644.07,2646.81,0
2024-10-03 12:00:00,2646.81,2649.04,2643.71,2648.03,0
2024-10-03 13:00:00,2648.03,2654.28,2642.15,2642.48,0
2024-10-03 14:00:00,2642.48,2651.38,2641.67,2647.39,0
2024-10-03 15:00:00,2643.27,2654.44,2638.01,2650.2,0
2024-10-03 16:00:00,2650.21,2654.61,2648.01,2648.86,0
2024-10-03 17:00:00,2648.86,2661.15,2648.59,2660.06,0
2024-10-03 18:00:00,2660.08,2662.14,2655.18,2656.77,0
2024-10-03 19:00:00,2657.0,2659.7,2655.46,2657.54,0
2024-10-03 20:00:00,2657.54,2659.46,2657.02,2657.95,0
2024-10-03 21:00:00,2657.96,2657.98,2655.76,2656.01,0
2024-10-03 23:00:00,2655.71,2657.09,2654.41,2656.06,0
2024-10-04 00:00:00,2655.94,2656.65,2654.37,2655.85,0
2024-10-04 01:00:00,2655.85,2657.55,2655.52,2657.3,0
2024-10-04 02:00:00,2657.3,2659.2,2656.82,2658.31,0
2024-10-04 03:00:00,2658.34,2663.53,2658.0,2662.1,0
2024-10-04 04:00:00,2662.12,2663.62,2660.85,2661.14,0
2024-10-04 05:00:00,2661.14,2665.86,2660.72,2664.14,0
2024-10-04 06:00:00,2664.14,2667.91,2664.14,2667.47,0
2024-10-04 07:00:00,2667.47,2667.6,2659.74,2660.29,0
2024-10-04 08:00:00,2660.29,2663.17,2658.79,2661.08,0
2024-10-04 09:00:00,2661.08,2661.58,2658.89,2659.1,0
2024-10-04 10:00:00,2659.1,2660.25,2656.91,2657.51,0
2024-10-04 11:00:00,2657.51,2660.76,2657.23,2658.34,0
2024-10-04 12:00:00,2658.34,2662.59,2657.49,2661.4,0
2024-10-04 13:00:00,2661.4,2661.55,2632.06,2638.83,0
2024-10-04 14:00:00,2638.85,2655.18,2637.56,2651.93,0
2024-10-04 15:00:00,2651.93,2661.17,2646.57,2658.43,0
2024-10-04 16:00:00,2658.42,2670.2,2647.85,2653.3,0
2024-10-04 17:00:00,2653.3,2653.9,2641.93,2645.39,0
2024-10-04 18:00:00,2645.45,2650.47,2644.03,2650.09,0
2024-10-04 19:00:00,2650.1,2650.8,2644.36,2645.64,0
2024-10-04 20:00:00,2645.64,2652.11,2642.8,2651.66,0
2024-10-04 21:00:00,2651.67,2653.96,2649.9,2653.57,0
2024-10-06 23:00:00,2651.45,2652.85,2649.56,2650.88,0
2024-10-07 00:00:00,2650.86,2652.44,2649.74,2650.16,0
2024-10-07 01:00:00,2650.16,2651.13,2647.85,2649.32,0
2024-10-07 02:00:00,2649.41,2651.94,2643.88,2646.2,0
2024-10-07 03:00:00,2646.22,2648.67,2645.28,2645.31,0
2024-10-07 04:00:00,2645.3,2647.47,2643.94,2647.45,0
2024-10-07 05:00:00,2647.44,2648.66,2646.36,2646.78,0
2024-10-07 06:00:00,2646.78,2646.79,2640.1,2640.73,0
2024-10-07 07:00:00,2640.81,2643.97,2639.76,2643.27,0
2024-10-07 08:00:00,2643.27,2652.87,2642.06,2652.06,0
2024-10-07 09:00:00,2652.08,2656.42,2651.68,2652.32,0
2024-10-07 10:00:00,2652.38,2657.28,2650.71,2656.62,0
2024-10-07 11:00:00,2656.62,2658.55,2655.26,2655.43,0
2024-10-07 12:00:00,2655.42,2659.66,2655.13,2656.97,0
2024-10-07 13:00:00,2657.0,2659.29,2637.81,2640.12,0
2024-10-07 14:00:00,2640.1,2653.77,2639.76,2642.79,0
2024-10-07 15:00:00,2642.77,2647.8,2640.5,2640.86,0
2024-10-07 16:00:00,2640.86,2650.17,2639.13,2645.73,0
2024-10-07 17:00:00,2645.73,2646.95,2642.7,2646.86,0
2024-10-07 18:00:00,2646.86,2648.8,2644.23,2648.02,0
2024-10-07 19:00:00,2648.04,2648.13,2639.76,2640.86,0
2024-10-07 20:00:00,2640.86,2644.72,2640.42,2643.32,0
2024-10-07 21:00:00,2643.29,2643.73,2641.8,2642.51,0
2024-10-07 23:00:00,2642.63,2649.18,2641.78,2644.23,0
2024-10-08 00:00:00,2644.25,2644.89,2642.48,2643.06,0
2024-10-08 01:00:00,2643.06,2645.15,2642.34,2643.55,0
2024-10-08 02:00:00,2643.59,2647.96,2637.94,2647.31,0
2024-10-08 03:00:00,2647.28,2648.22,2633.8,2635.76,0
2024-10-08 04:00:00,2635.75,2645.74,2635.29,2643.0,0
2024-10-08 05:00:00,2642.98,2643.82,2641.41,2643.12,0
2024-10-08 06:00:00,2643.11,2646.34,2641.56,2645.03,0
2024-10-08 07:00:00,2645.03,2646.51,2635.74,2636.47,0
2024-10-08 08:00:00,2636.44,2638.56,2631.24,2634.05,0
2024-10-08 09:00:00,2634.0,2640.35,2628.68,2637.93,0
2024-10-08 10:00:00,2637.92,2641.99,2635.82,2641.45,0
2024-10-08 11:00:00,2641.45,2647.49,2639.83,2646.34,0
2024-10-08 12:00:00,2646.34,2651.9,2646.29,2650.74,0
2024-10-08 13:00:00,2650.74,2653.09,2639.77,2645.9,0
2024-10-08 14:00:00,2645.9,2647.64,2636.68,2639.7,0
2024-10-08 15:00:00,2639.7,2640.47,2619.89,2621.0,0
2024-10-08 16:00:00,2621.19,2621.19,2604.81,2613.07,0
2024-10-08 17:00:00,2613.03,2616.27,2606.71,2608.99,0
2024-10-08 18:00:00,2609.0,2618.16,2605.59,2614.56,0
2024-10-08 19:00:00,2614.56,2617.04,2613.93,2615.8,0
2024-10-08 20:00:00,2615.8,2623.65,2614.98,2622.99,0
2024-10-08 21:00:00,2622.99,2623.16,2618.9,2621.85,0
2024-10-08 23:00:00,2621.56,2622.41,2620.64,2622.03,0
2024-10-09 00:00:00,2622.03,2623.78,2621.16,2621.96,0
2024-10-09 01:00:00,2621.96,2623.25,2621.0,2621.17,0
2024-10-09 02:00:00,2621.18,2624.31,2618.41,2619.98,0
2024-10-09 03:00:00,2620.04,2620.39,2616.91,2618.49,0
2024-10-09 04:00:00,2618.48,2618.82,2614.96,2617.19,0
2024-10-09 05:00:00,2617.19,2618.64,2615.5,2616.02,0
2024-10-09 06:00:00,2616.02,2624.3,2615.7,2619.73,0
2024-10-09 07:00:00,2619.72,2619.72,2610.67,2612.79,0
2024-10-09 08:00:00,2612.77,2615.68,2609.18,2611.7,0
2024-10-09 09:00:00,2611.74,2617.43,2610.49,2616.29,0
2024-10-09 10:00:00,2616.29,2618.65,2614.71,2618.1,0
2024-10-09 11:00:00,2618.14,2621.54,2616.09,2621.15,0
2024-10-09 12:00:00,2621.15,2622.46,2616.99,2619.06,0
2024-10-09 13:00:00,2619.1,2622.36,2615.49,2618.91,0
2024-10-09 14:00:00,2618.9,2620.72,2606.96,2609.69,0
2024-10-09 15:00:00,2609.63,2611.93,2605.4,2609.89,0
2024-10-09 16:00:00,2609.89,2617.92,2609.56,2614.85,0
2024-10-09 17:00:00,2614.85,2615.87,2607.84,2608.74,0
2024-10-09 18:00:00,2608.74,2609.94,2606.52,2609.65,0
2024-10-09 19:00:00,2609.75,2611.13,2605.21,2606.4,0
2024-10-09 20:00:00,2606.41,2610.26,2606.34,2609.33,0
2024-10-09 21:00:00,2609.24,2609.47,2606.94,2607.68,0
2024-10-09 23:00:00,2607.4,2609.03,2606.86,2608.94,0
2024-10-10 00:00:00,2608.94,2609.43,2607.92,2608.48,0
2024-10-10 01:00:00,2608.48,2610.22,2605.95,2609.35,0
2024-10-10 02:00:00,2609.33,2612.54,2606.84,2609.17,0
2024-10-10 03:00:00,2609.17,2615.66,2608.05,2615.3,0
2024-10-10 04:00:00,2615.29,2616.94,2611.48,2611.8,0
2024-10-10 05:00:00,2611.79,2614.73,2611.58,2613.95,0
2024-10-10 06:00:00,2613.95,2615.55,2612.53,2613.34,0
2024-10-10 07:00:00,2613.31,2616.46,2610.68,2612.54,0
2024-10-10 08:00:00,2612.55,2617.08,2610.3,2616.74,0
2024-10-10 09:00:00,2616.75,2617.36,2613.56,2615.54,0
2024-10-10 10:00:00,2615.56,2618.51,2614.36,2617.23,0
2024-10-10 11:00:00,2617.23,2618.45,2615.57,2618.01,0
2024-10-10 12:00:00,2618.01,2618.93,2611.32,2613.08,0
2024-10-10 13:00:00,2613.08,2627.37,2604.49,2625.13,0
2024-10-10 14:00:00,2625.15,2627.98,2615.85,2626.78,0
2024-10-10 15:00:00,2626.75,2629.85,2622.85,2625.53,0
2024-10-10 16:00:00,2625.54,2626.22,2618.97,2623.64,0
2024-10-10 17:00:00,2623.66,2629.18,2618.75,2619.33,0
2024-10-10 18:00:00,2619.33,2626.29,2616.59,2623.91,0
2024-10-10 19:00:00,2623.9,2629.17,2623.39,2626.5,0
2024-10-10 20:00:00,2626.5,2631.43,2626.03,2629.24,0
2024-10-10 21:00:00,2629.19,2631.51,2628.86,2630.05,0
2024-10-10 23:00:00,2629.74,2629.9,2628.18,2628.28,0
2024-10-11 00:00:00,2628.3,2635.84,2628.3,2633.22,0
2024-10-11 01:00:00,2633.2,2634.41,2632.01,2633.83,0
2024-10-11 02:00:00,2633.84,2638.02,2632.98,2637.89,0
2024-10-11 03:00:00,2637.87,2644.12,2635.36,2642.43,0
2024-10-11 04:00:00,2642.43,2646.06,2640.68,2645.54,0
2024-10-11 05:00:00,2645.54,2646.09,2643.96,2645.62,0
2024-10-11 06:00:00,2645.61,2645.97,2643.23,2644.77,0
2024-10-11 07:00:00,2644.83,2647.19,2638.11,2639.52,0
2024-10-11 08:00:00,2639.46,2645.55,2638.48,2645.39,0
2024-10-11 09:00:00,2645.39,2646.21,2639.12,2639.29,0
2024-10-11 10:00:00,2639.31,2641.71,2636.28,2637.92,0
2024-10-11 11:00:00,2637.92,2642.27,2637.11,2641.64,0
2024-10-11 12:00:00,2641.64,2644.85,2638.75,2644.76,0
2024-10-11 13:00:00,2644.72,2650.13,2640.68,2643.09,0
2024-10-11 14:00:00,2643.24,2653.35,2642.67,2649.68,0
2024-10-11 15:00:00,2649.48,2655.31,2646.45,2653.12,0
2024-10-11 16:00:00,2653.08,2659.26,2653.08,2658.8,0
2024-10-11 17:00:00,2658.81,2661.45,2657.92,2660.46,0
2024-10-11 18:00:00,2660.5,2661.21,2656.32,2659.65,0
2024-10-11 19:00:00,2659.64,2659.68,2656.17,2658.67,0
2024-10-11 20:00:00,2658.67,2658.85,2655.26,2656.12,0
2024-10-11 21:00:00,2656.12,2657.24,2654.78,2656.38,0
2024-10-13 23:00:00,2656.86,2657.96,2645.34,2650.36,0
2024-10-14 00:00:00,2650.41,2650.74,2647.71,2648.1,0
2024-10-14 01:00:00,2648.16,2648.4,2645.16,2646.79,0
2024-10-14 02:00:00,2646.78,2648.48,2643.58,2646.12,0
2024-10-14 03:00:00,2646.1,2655.46,2643.2,2655.16,0
2024-10-14 04:00:00,2655.16,2657.4,2653.8,2655.67,0
2024-10-14 05:00:00,2655.67,2660.37,2655.33,2659.25,0
2024-10-14 06:00:00,2659.22,2660.72,2657.12,2658.98,0
2024-10-14 07:00:00,2658.96,2666.82,2657.54,2664.1,0
2024-10-14 08:00:00,2664.1,2665.26,2659.19,2660.47,0
2024-10-14 09:00:00,2660.52,2661.99,2658.34,2659.44,0
2024-10-14 10:00:00,2659.44,2663.04,2656.9,2658.57,0
2024-10-14 11:00:00,2658.57,2660.92,2655.86,2655.87,0
2024-10-14 12:00:00,2655.9,2656.87,2651.09,2652.2,0
2024-10-14 13:00:00,2652.2,2654.63,2649.32,2651.44,0
2024-10-14 14:00:00,2651.4,2661.23,2647.76,2655.51,0
2024-10-14 15:00:00,2655.51,2657.05,2644.82,2645.72,0
2024-10-14 16:00:00,2645.72,2649.08,2644.06,2646.81,0
2024-10-14 17:00:00,2646.81,2649.78,2645.92,2648.61,0
2024-10-14 18:00:00,2648.61,2649.92,2647.31,2648.65,0
2024-10-14 19:00:00,2648.64,2650.94,2648.51,2649.25,0
2024-10-14 20:00:00,2649.27,2652.63,2647.02,2652.47,0
2024-10-14 21:00:00,2652.47,2653.33,2646.17,2648.52,0
2024-10-14 23:00:00,2648.71,2650.33,2647.26,2650.05,0
2024-10-15 00:00:00,2650.11,2651.0,2648.96,2649.42,0
2024-10-15 01:00:00,2649.37,2650.23,2647.85,2648.19,0
2024-10-15 02:00:00,2648.19,2651.24,2647.3,2648.41,0
2024-10-15 03:00:00,2648.42,2652.77,2648.08,2651.65,0
2024-10-15 04:00:00,2651.67,2651.67,2644.47,2645.7,0
2024-10-15 05:00:00,2645.7,2645.72,2643.02,2644.43,0
2024-10-15 06:00:00,2644.41,2644.44,2638.14,2641.93,0
2024-10-15 07:00:00,2641.87,2649.19,2641.5,2648.6,0
2024-10-15 08:00:00,2648.69,2653.9,2648.0,2650.81,0
2024-10-15 09:00:00,2650.7,2655.74,2649.79,2653.97,0
2024-10-15 10:00:00,2653.98,2655.61,2651.18,2653.59,0
2024-10-15 11:00:00,2653.59,2656.79,2652.66,2653.04,0
2024-10-15 12:00:00,2653.05,2654.6,2645.64,2647.76,0
2024-10-15 13:00:00,2647.76,2657.47,2647.25,2648.35,0
2024-10-15 14:00:00,2648.34,2653.37,2646.09,2648.74,0
2024-10-15 15:00:00,2648.74,2664.2,2647.85,2659.78,0
2024-10-15 16:00:00,2659.78,2665.21,2657.3,2664.66,0
2024-10-15 17:00:00,2664.66,2668.92,2661.18,2661.89,0
2024-10-15 18:00:00,2661.9,2664.21,2659.04,2663.63,0
2024-10-15 19:00:00,2663.63,2665.83,2663.43,2665.12,0
2024-10-15 20:00:00,2665.12,2666.49,2659.44,2661.66,0
2024-10-15 21:00:00,2661.7,2663.11,2660.38,2662.64,0
2024-10-15 23:00:00,2662.55,2662.9,2661.61,2662.15,0
2024-10-16 00:00:00,2662.17,2662.62,2660.44,2660.51,0
2024-10-16 01:00:00,2660.52,2660.52,2658.75,2660.25,0
2024-10-16 02:00:00,2660.25,2668.03,2660.19,2668.03,0
2024-10-16 03:00:00,2668.0,2670.1,2665.61,2668.1,0
2024-10-16 04:00:00,2668.08,2669.18,2665.36,2667.2,0
2024-10-16 05:00:00,2667.21,2668.3,2665.6,2666.78,0
2024-10-16 06:00:00,2666.78,2670.56,2666.13,2669.51,0
2024-10-16 07:00:00,2669.56,2677.74,2667.1,2677.26,0
2024-10-16 08:00:00,2677.26,2677.54,2673.35,2676.18,0
2024-10-16 09:00:00,2676.03,2680.2,2674.59,2679.55,0
2024-10-16 10:00:00,2679.55,2682.75,2678.23,2680.29,0
2024-10-16 11:00:00,2680.3,2681.01,2673.3,2674.33,0
2024-10-16 12:00:00,2674.38,2680.63,2673.05,2678.37,0
2024-10-16 13:00:00,2678.37,2681.94,2676.54,2681.81,0
2024-10-16 14:00:00,2681.81,2685.34,2672.55,2675.14,0
2024-10-16 15:00:00,2675.14,2681.47,2670.15,2672.24,0
2024-10-16 16:00:00,2672.24,2675.75,2667.66,2670.05,0
2024-10-16 17:00:00,2670.07,2674.27,2666.8,2674.21,0
2024-10-16 18:00:00,2674.21,2676.34,2673.09,2675.31,0
2024-10-16 19:00:00,2675.31,2676.73,2674.62,2674.97,0
2024-10-16 20:00:00,2674.92,2675.03,2672.84,2674.78,0
2024-10-16 21:00:00,2674.81,2674.98,2673.17,2673.64,0
2024-10-16 23:00:00,2673.71,2674.95,2673.27,2673.78,0
2024-10-17 00:00:00,2673.76,2674.71,2673.47,2674.13,0
2024-10-17 01:00:00,2674.13,2678.02,2674.12,2677.93,0
2024-10-17 02:00:00,2677.93,2683.04,2676.57,2683.02,0
2024-10-17 03:00:00,2683.05,2684.92,2678.92,2682.04,0
2024-10-17 04:00:00,2682.04,2682.3,2674.65,2676.74,0
2024-10-17 05:00:00,2676.77,2679.71,2676.5,2679.09,0
2024-10-17 06:00:00,2679.09,2684.36,2678.1,2683.6,0
2024-10-17 07:00:00,2683.6,2685.73,2680.08,2681.18,0
2024-10-17 08:00:00,2681.19,2683.78,2679.0,2682.04,0
2024-10-17 09:00:00,2682.03,2683.93,2680.08,2681.93,0
2024-10-17 10:00:00,2681.94,2682.14,2677.01,2679.52,0
2024-10-17 11:00:00,2679.54,2688.84,2679.15,2687.44,0
2024-10-17 12:00:00,2687.45,2688.5,2680.85,2681.34,0
2024-10-17 13:00:00,2681.34,2682.3,2673.21,2680.69,0
2024-10-17 14:00:00,2680.7,2690.06,2677.9,2688.72,0
2024-10-17 15:00:00,2688.72,2696.47,2684.77,2695.69,0
2024-10-17 16:00:00,2695.7,2696.76,2687.62,2693.37,0
2024-10-17 17:00:00,2693.37,2693.43,2683.96,2692.26,0
2024-10-17 18:00:00,2692.25,2694.26,2690.51,2692.02,0
2024-10-17 19:00:00,2692.03,2692.26,2689.24,2689.56,0
2024-10-17 20:00:00,2689.56,2692.66,2688.94,2692.05,0
2024-10-17 21:00:00,2692.02,2693.02,2690.95,2692.83,0
2024-10-17 23:00:00,2692.53,2693.4,2692.23,2692.69,0
2024-10-18 00:00:00,2692.73,2694.36,2692.34,2693.76,0
2024-10-18 01:00:00,2693.75,2695.85,2692.87,2693.05,0
2024-10-18 02:00:00,2693.05,2706.85,2692.85,2704.65,0
2024-10-18 03:00:00,2704.59,2711.95,2704.07,2708.2,0
2024-10-18 04:00:00,2708.11,2710.9,2707.08,2710.06,0
2024-10-18 05:00:00,2710.06,2711.37,2708.8,2710.21,0
2024-10-18 06:00:00,2710.3,2714.06,2710.14,2711.5,0
2024-10-18 07:00:00,2711.48,2711.7,2702.76,2707.5,0
2024-10-18 08:00:00,2707.46,2709.22,2702.34,2702.36,0
2024-10-18 09:00:00,2702.36,2706.34,2701.77,2706.3,0
2024-10-18 10:00:00,2706.28,2713.2,2706.26,2711.42,0
2024-10-18 11:00:00,2711.43,2713.2,2707.99,2712.58,0
2024-10-18 12:00:00,2712.58,2713.18,2708.03,2709.88,0
2024-10-18 13:00:00,2709.88,2717.07,2709.27,2709.6,0
2024-10-18 14:00:00,2709.6,2715.76,2704.98,2713.77,0
2024-10-18 15:00:00,2713.77,2720.18,2712.24,2717.47,0
2024-10-18 16:00:00,2717.47,2719.28,2713.63,2714.92,0
2024-10-18 17:00:00,2714.92,2719.08,2714.82,2717.68,0
2024-10-18 18:00:00,2717.68,2719.98,2713.64,2715.91,0
2024-10-18 19:00:00,2715.98,2721.26,2715.6,2720.31,0
2024-10-18 20:00:00,2720.31,2720.54,2718.06,2719.7,0
2024-10-18 21:00:00,2719.68,2722.54,2719.22,2721.91,0
2024-10-20 23:00:00,2719.57,2723.89,2719.51,2723.62,0
2024-10-21 00:00:00,2723.6,2725.14,2722.42,2723.53,0
2024-10-21 01:00:00,2723.53,2725.86,2721.5,2721.7,0
2024-10-21 02:00:00,2721.7,2729.34,2721.13,2726.39,0
2024-10-21 03:00:00,2726.4,2731.41,2724.92,2730.79,0
2024-10-21 04:00:00,2730.78,2732.82,2729.4,2731.58,0
2024-10-21 05:00:00,2731.6,2732.02,2729.63,2730.41,0
2024-10-21 06:00:00,2730.41,2730.43,2724.52,2724.92,0
2024-10-21 07:00:00,2724.91,2730.68,2723.62,2730.35,0
2024-10-21 08:00:00,2730.37,2732.51,2725.43,2730.45,0
2024-10-21 09:00:00,2730.45,2733.11,2729.47,2731.43,0
2024-10-21 10:00:00,2731.41,2736.9,2730.8,2734.57,0
2024-10-21 11:00:00,2734.57,2734.93,2727.78,2733.36,0
2024-10-21 12:00:00,2733.36,2738.11,2733.08,2734.52,0
2024-10-21 13:00:00,2734.54,2739.81,2732.88,2738.67,0
2024-10-21 14:00:00,2738.66,2740.58,2733.76,2739.05,0
2024-10-21 15:00:00,2739.05,2739.47,2722.35,2725.29,0
2024-10-21 16:00:00,2725.3,2727.19,2716.98,2720.35,0
2024-10-21 17:00:00,2720.15,2724.12,2718.16,2723.56,0
2024-10-21 18:00:00,2723.56,2725.64,2721.7,2722.87,0
2024-10-21 19:00:00,2722.96,2723.22,2715.38,2716.43,0
2024-10-21 20:00:00,2716.46,2721.07,2714.25,2719.93,0
2024-10-21 21:00:00,2719.93,2721.03,2718.84,2719.5,0
2024-10-21 23:00:00,2719.87,2721.71,2718.93,2720.83,0
2024-10-22 00:00:00,2720.83,2722.61,2720.49,2721.53,0
2024-10-22 01:00:00,2721.53,2725.15,2720.66,2724.77,0
2024-10-22 02:00:00,2724.77,2730.32,2724.07,2728.19,0
2024-10-22 03:00:00,2728.18,2730.69,2727.8,2728.89,0
2024-10-22 04:00:00,2728.88,2733.13,2728.73,2731.05,0
2024-10-22 05:00:00,2731.02,2736.03,2731.02,2734.81,0
2024-10-22 06:00:00,2734.81,2735.19,2729.07,2730.5,0
2024-10-22 07:00:00,2730.52,2737.16,2729.67,2735.2,0
2024-10-22 08:00:00,2735.1,2736.35,2732.56,2733.67,0
2024-10-22 09:00:00,2733.67,2738.38,2731.52,2734.96,0
2024-10-22 10:00:00,2734.96,2736.15,2729.92,2731.53,0
2024-10-22 11:00:00,2731.54,2739.36,2730.61,2738.94,0
2024-10-22 12:00:00,2738.94,2739.34,2729.6,2732.05,0
2024-10-22 13:00:00,2732.11,2738.08,2731.64,2736.28,0
2024-10-22 14:00:00,2736.28,2742.06,2735.44,2736.58,0
2024-10-22 15:00:00,2735.82,2743.19,2733.78,2741.92,0
2024-10-22 16:00:00,2741.92,2744.24,2736.93,2737.65,0
2024-10-22 17:00:00,2737.65,2745.59,2737.2,2745.36,0
2024-10-22 18:00:00,2745.38,2748.32,2743.6,2746.77,0
2024-10-22 19:00:00,2746.79,2747.27,2744.14,2744.71,0
2024-10-22 20:00:00,2744.69,2748.9,2743.89,2748.41,0
2024-10-22 21:00:00,2748.41,2748.81,2746.88,2748.81,0
2024-10-22 23:00:00,2746.85,2748.41,2746.8,2747.41,0
2024-10-23 00:00:00,2747.42,2748.11,2745.9,2746.56,0
2024-10-23 01:00:00,2746.56,2747.03,2744.81,2745.24,0
2024-10-23 02:00:00,2745.24,2747.18,2738.02,2738.65,0
2024-10-23 03:00:00,2738.65,2741.14,2737.93,2738.97,0
2024-10-23 04:00:00,2738.97,2747.04,2738.27,2746.11,0
2024-10-23 05:00:00,2746.11,2750.69,2745.36,2750.02,0
2024-10-23 06:00:00,2750.02,2753.21,2748.84,2751.58,0
2024-10-23 07:00:00,2751.58,2753.27,2748.16,2750.57,0
2024-10-23 08:00:00,2750.58,2755.62,2749.33,2754.96,0
2024-10-23 09:00:00,2755.01,2758.45,2754.68,2756.93,0
2024-10-23 10:00:00,2756.93,2757.61,2749.88,2750.74,0
2024-10-23 11:00:00,2750.74,2752.55,2749.76,2750.8,0
2024-10-23 12:00:00,2750.83,2752.93,2749.19,2749.99,0
2024-10-23 13:00:00,2749.99,2750.52,2740.82,2743.39,0
2024-10-23 14:00:00,2743.39,2744.11,2731.67,2737.6,0
2024-10-23 15:00:00,2737.54,2738.74,2716.5,2717.78,0
2024-10-23 16:00:00,2717.78,2722.61,2708.79,2721.83,0
2024-10-23 17:00:00,2721.81,2723.32,2718.58,2719.47,0
2024-10-23 18:00:00,2719.48,2720.68,2713.79,2716.73,0
2024-10-23 19:00:00,2716.73,2716.73,2712.01,2714.14,0
2024-10-23 20:00:00,2714.14,2718.29,2713.26,2716.24,0
2024-10-23 21:00:00,2716.19,2716.71,2714.25,2715.57,0
2024-10-23 23:00:00,2715.48,2718.33,2715.09,2718.06,0
2024-10-24 00:00:00,2718.06,2721.9,2718.06,2721.31,0
2024-10-24 01:00:00,2721.23,2721.43,2717.87,2721.28,0
2024-10-24 02:00:00,2721.33,2726.78,2720.28,2723.81,0
2024-10-24 03:00:00,2723.81,2724.53,2720.29,2723.38,0
2024-10-24 04:00:00,2723.37,2724.12,2721.44,2723.0,0
2024-10-24 05:00:00,2723.0,2727.11,2722.92,2726.54,0
2024-10-24 06:00:00,2726.57,2729.79,2725.93,2728.95,0
2024-10-24 07:00:00,2728.96,2736.47,2728.37,2735.23,0
2024-10-24 08:00:00,2735.19,2737.11,2732.24,2733.69,0
2024-10-24 09:00:00,2733.69,2737.89,2732.55,2736.88,0
2024-10-24 10:00:00,2736.81,2739.17,2735.85,2736.58,0
2024-10-24 11:00:00,2736.59,2739.15,2736.3,2736.91,0
2024-10-24 12:00:00,2736.88,2739.65,2735.2,2738.75,0
2024-10-24 13:00:00,2738.59,2741.65,2734.65,2739.07,0
2024-10-24 14:00:00,2739.09,2743.26,2729.65,2733.68,0
2024-10-24 15:00:00,2733.71,2736.22,2722.51,2732.45,0
2024-10-24 16:00:00,2732.45,2734.42,2726.9,2731.18,0
2024-10-24 17:00:00,2731.18,2735.45,2725.85,2733.67,0
2024-10-24 18:00:00,2733.66,2737.03,2732.95,2735.45,0
2024-10-24 19:00:00,2735.45,2737.81,2734.53,2735.57,0
2024-10-24 20:00:00,2735.58,2736.97,2733.47,2736.97,0
2024-10-24 21:00:00,2737.05,2737.05,2735.05,2735.84,0
2024-10-24 23:00:00,2735.83,2736.03,2734.54,2734.68,0
2024-10-25 00:00:00,2734.64,2735.56,2733.76,2733.9,0
2024-10-25 01:00:00,2733.9,2734.93,2731.33,2732.53,0
2024-10-25 02:00:00,2732.47,2735.14,2729.85,2730.05,0
2024-10-25 03:00:00,2729.98,2730.25,2726.26,2728.4,0
2024-10-25 04:00:00,2728.39,2728.4,2724.47,2726.12,0
2024-10-25 05:00:00,2726.13,2727.83,2723.95,2725.96,0
2024-10-25 06:00:00,2725.96,2729.76,2725.96,2728.57,0
2024-10-25 07:00:00,2728.63,2732.62,2725.02,2732.24,0
2024-10-25 08:00:00,2732.24,2732.24,2725.95,2726.5,0
2024-10-25 09:00:00,2726.5,2727.05,2718.93,2719.45,0
2024-10-25 10:00:00,2719.5,2721.32,2717.08,2721.26,0
2024-10-25 11:00:00,2721.26,2722.7,2717.28,2722.32,0
2024-10-25 12:00:00,2722.3,2729.39,2721.24,2724.2,0
2024-10-25 13:00:00,2724.23,2732.46,2723.28,2731.52,0
2024-10-25 14:00:00,2731.52,2732.13,2725.27,2727.76,0
2024-10-25 15:00:00,2727.77,2740.61,2727.66,2738.57,0
2024-10-25 16:00:00,2738.56,2742.09,2736.55,2737.18,0
2024-10-25 17:00:00,2737.19,2739.42,2734.07,2739.28,0
2024-10-25 18:00:00,2739.27,2745.11,2738.9,2744.39,0
2024-10-25 19:00:00,2744.42,2744.78,2741.34,2742.16,0
2024-10-25 20:00:00,2742.14,2744.44,2740.38,2742.58,0
2024-10-25 21:00:00,2742.59,2747.75,2742.54,2747.39,0
2024-10-27 23:00:00,2734.61,2738.41,2730.31,2734.6,0
2024-10-28 00:00:00,2734.62,2740.22,2734.62,2735.83,0
2024-10-28 01:00:00,2735.83,2736.3,2732.28,2732.5,0
2024-10-28 02:00:00,2732.5,2733.02,2724.75,2732.42,0
2024-10-28 03:00:00,2732.42,2735.6,2730.81,2734.2,0
2024-10-28 04:00:00,2734.23,2734.75,2729.75,2729.75,0
2024-10-28 05:00:00,2729.75,2733.36,2729.17,2732.95,0
2024-10-28 06:00:00,2733.09,2738.84,2731.18,2738.44,0
2024-10-28 07:00:00,2738.44,2744.6,2737.56,2740.61,0
2024-10-28 08:00:00,2740.61,2743.61,2735.87,2738.96,0
2024-10-28 09:00:00,2738.96,2740.86,2731.49,2732.06,0
2024-10-28 10:00:00,2732.05,2734.1,2728.45,2729.32,0
2024-10-28 11:00:00,2729.32,2733.32,2727.88,2732.23,0
2024-10-28 12:00:00,2732.24,2732.88,2729.81,2732.3,0
2024-10-28 13:00:00,2732.3,2734.87,2731.29,2734.36,0
2024-10-28 14:00:00,2734.36,2743.44,2732.83,2740.92,0
2024-10-28 15:00:00,2740.9,2745.98,2739.0,2744.24,0
2024-10-28 16:00:00,2744.28,2744.65,2739.74,2740.78,0
2024-10-28 17:00:00,2740.78,2744.99,2740.07,2742.78,0
2024-10-28 18:00:00,2742.78,2745.01,2740.36,2743.39,0
2024-10-28 19:00:00,2743.4,2743.48,2740.21,2741.98,0
2024-10-28 20:00:00,2741.97,2743.59,2740.36,2742.56,0
2024-10-28 21:00:00,2742.57,2743.08,2741.42,2742.24,0
2024-10-28 23:00:00,2742.21,2742.31,2739.93,2742.1,0
2024-10-29 00:00:00,2742.09,2744.5,2741.19,2744.5,0
2024-10-29 01:00:00,2744.5,2746.82,2743.34,2745.78,0
2024-10-29 02:00:00,2745.78,2752.38,2745.58,2752.15,0
2024-10-29 03:00:00,2752.15,2757.74,2750.53,2753.04,0
2024-10-29 04:00:00,2753.07,2753.33,2748.69,2751.78,0
2024-10-29 05:00:00,2751.78,2755.27,2751.39,2754.79,0
2024-10-29 06:00:00,2754.75,2756.83,2749.76,2750.02,0
2024-10-29 07:00:00,2750.01,2756.55,2748.99,2755.89,0
2024-10-29 08:00:00,2755.89,2756.37,2752.0,2752.51,0
2024-10-29 09:00:00,2752.53,2755.11,2746.37,2754.66,0
2024-10-29 10:00:00,2754.68,2756.63,2750.12,2752.46,0
2024-10-29 11:00:00,2752.46,2753.19,2747.48,2749.97,0
2024-10-29 12:00:00,2749.98,2753.3,2746.34,2751.86,0
2024-10-29 13:00:00,2751.86,2753.52,2749.01,2749.16,0
2024-10-29 14:00:00,2749.17,2764.05,2748.28,2760.86,0
2024-10-29 15:00:00,2760.86,2771.75,2760.86,2769.63,0
2024-10-29 16:00:00,2769.63,2770.55,2760.89,2764.31,0
2024-10-29 17:00:00,2764.31,2770.26,2764.19,2769.43,0
2024-10-29 18:00:00,2769.43,2772.56,2766.35,2769.83,0
2024-10-29 19:00:00,2769.85,2773.51,2768.29,2773.0,0
2024-10-29 20:00:00,2773.01,2774.8,2771.03,2772.22,0
2024-10-29 21:00:00,2772.22,2774.75,2771.9,2774.44,0
2024-10-29 23:00:00,2774.29,2775.44,2772.99,2774.68,0
2024-10-30 00:00:00,2774.69,2775.19,2773.45,2775.06,0
2024-10-30 01:00:00,2775.09,2779.2,2774.88,2778.1,0
2024-10-30 02:00:00,2778.1,2782.17,2776.96,2781.66,0
2024-10-30 03:00:00,2781.66,2781.88,2776.12,2780.51,0
2024-10-30 04:00:00,2780.52,2781.29,2777.3,2779.0,0
2024-10-30 05:00:00,2779.0,2780.99,2777.45,2780.19,0
2024-10-30 06:00:00,2780.19,2784.92,2778.06,2783.15,0
2024-10-30 07:00:00,2783.15,2789.83,2781.21,2787.19,0
2024-10-30 08:00:00,2787.19,2788.14,2780.62,2782.27,0
2024-10-30 09:00:00,2782.29,2784.67,2779.6,2781.99,0
2024-10-30 10:00:00,2781.88,2784.71,2780.32,2784.61,0
2024-10-30 11:00:00,2784.61,2786.51,2780.19,2780.25,0
2024-10-30 12:00:00,2780.25,2782.03,2778.35,2778.61,0
2024-10-30 13:00:00,2778.61,2783.48,2774.12,2782.52,0
2024-10-30 14:00:00,2782.53,2787.52,2770.94,2777.59,0
2024-10-30 15:00:00,2777.59,2781.84,2775.22,2780.4,0
2024-10-30 16:00:00,2780.38,2785.95,2772.0,2784.74,0
2024-10-30 17:00:00,2784.72,2787.48,2783.11,2785.42,0
2024-10-30 18:00:00,2785.42,2789.61,2784.03,2788.61,0
2024-10-30 19:00:00,2788.62,2790.01,2787.37,2787.77,0
2024-10-30 20:00:00,2787.8,2788.11,2784.45,2787.34,0
2024-10-30 21:00:00,2787.49,2788.04,2784.8,2787.21,0
2024-10-30 23:00:00,2787.47,2788.18,2786.26,2787.47,0
2024-10-31 00:00:00,2787.47,2788.12,2785.25,2785.44,0
2024-10-31 01:00:00,2785.44,2788.24,2784.72,2787.6,0
2024-10-31 02:00:00,2787.65,2790.1,2783.59,2784.76,0
2024-10-31 03:00:00,2784.76,2789.12,2784.49,2787.11,0
2024-10-31 04:00:00,2787.1,2788.42,2784.4,2784.64,0
2024-10-31 05:00:00,2784.75,2785.39,2782.12,2784.48,0
2024-10-31 06:00:00,2784.48,2786.58,2782.63,2785.2,0
2024-10-31 07:00:00,2785.2,2786.06,2779.77,2779.86,0
2024-10-31 08:00:00,2779.86,2784.1,2778.21,2782.09,0
2024-10-31 09:00:00,2782.09,2783.16,2777.02,2779.14,0
2024-10-31 10:00:00,2779.13,2780.3,2777.23,2778.25,0
2024-10-31 11:00:00,2778.25,2781.2,2773.33,2780.98,0
2024-10-31 12:00:00,2780.98,2782.63,2776.8,2779.61,0
2024-10-31 13:00:00,2779.62,2781.97,2772.04,2773.66,0
2024-10-31 14:00:00,2773.66,2773.95,2754.66,2755.36,0
2024-10-31 15:00:00,2755.33,2756.9,2734.75,2734.79,0
2024-10-31 16:00:00,2734.8,2740.99,2731.59,2740.69,0
2024-10-31 17:00:00,2740.66,2743.7,2738.1,2740.71,0
2024-10-31 18:00:00,2740.71,2743.86,2738.29,2739.63,0
2024-10-31 19:00:00,2739.65,2748.04,2739.6,2747.0,0
2024-10-31 20:00:00,2746.97,2749.75,2745.8,2746.55,0
2024-10-31 21:00:00,2746.53,2748.21,2743.32,2743.77,0
2024-10-31 23:00:00,2743.83,2747.69,2743.57,2746.21,0
2024-11-01 00:00:00,2746.21,2747.99,2745.52,2746.76,0
2024-11-01 01:00:00,2746.75,2747.32,2744.95,2745.01,0
2024-11-01 02:00:00,2745.01,2750.02,2744.85,2749.78,0
2024-11-01 03:00:00,2749.79,2750.98,2745.84,2748.78,0
2024-11-01 04:00:00,2748.78,2751.98,2747.47,2751.8,0
2024-11-01 05:00:00,2751.8,2753.0,2750.8,2752.28,0
2024-11-01 06:00:00,2752.36,2755.23,2751.65,2755.0,0
2024-11-01 07:00:00,2755.0,2757.74,2751.35,2752.07,0
2024-11-01 08:00:00,2752.06,2753.19,2747.2,2749.71,0
2024-11-01 09:00:00,2749.7,2755.07,2748.53,2753.41,0
2024-11-01 10:00:00,2753.44,2755.48,2748.06,2751.35,0
2024-11-01 11:00:00,2751.35,2751.92,2744.86,2749.65,0
2024-11-01 12:00:00,2749.66,2754.11,2749.66,2753.01,0
2024-11-01 13:00:00,2753.06,2759.89,2749.15,2753.87,0
2024-11-01 14:00:00,2753.91,2762.22,2752.2,2756.22,0
2024-11-01 15:00:00,2756.17,2759.02,2739.73,2747.27,0
2024-11-01 16:00:00,2747.27,2750.38,2742.6,2744.76,0
2024-11-01 17:00:00,2744.76,2746.18,2740.44,2743.16,0
2024-11-01 18:00:00,2743.16,2743.92,2735.1,2736.33,0
2024-11-01 19:00:00,2736.3,2738.03,2733.54,2736.2,0
2024-11-01 20:00:00,2736.2,2737.07,2733.26,2734.19,0
2024-11-01 21:00:00,2734.18,2736.17,2733.37,2735.84,0
2024-11-03 23:00:00,2735.95,2740.88,2730.55,2738.41,0
2024-11-04 00:00:00,2738.43,2740.96,2737.03,2740.37,0
2024-11-04 01:00:00,2740.37,2741.34,2735.42,2739.96,0
2024-11-04 02:00:00,2739.96,2741.02,2737.03,2739.93,0
2024-11-04 03:00:00,2739.93,2742.43,2739.42,2741.03,0
2024-11-04 04:00:00,2741.04,2742.27,2739.76,2741.07,0
2024-11-04 05:00:00,2741.07,2743.76,2737.7,2741.6,0
2024-11-04 06:00:00,2741.6,2741.66,2735.79,2741.48,0
2024-11-04 07:00:00,2741.46,2744.8,2735.16,2735.86,0
2024-11-04 08:00:00,2735.86,2738.45,2731.97,2733.42,0
2024-11-04 09:00:00,2733.43,2744.09,2732.63,2743.36,0
2024-11-04 10:00:00,2743.37,2745.35,2737.28,2738.64,0
2024-11-04 11:00:00,2738.64,2741.05,2736.56,2740.63,0
2024-11-04 12:00:00,2740.63,2744.06,2739.55,2743.41,0
2024-11-04 13:00:00,2743.38,2746.8,2738.79,2746.79,0
2024-11-04 14:00:00,2746.8,2748.22,2737.94,2743.5,0
2024-11-04 15:00:00,2743.45,2745.62,2737.79,2738.6,0
2024-11-04 16:00:00,2738.56,2738.95,2732.36,2734.26,0
2024-11-04 17:00:00,2734.27,2738.48,2731.84,2738.4,0
2024-11-04 18:00:00,2738.4,2739.34,2735.61,2738.2,0
2024-11-04 19:00:00,2738.21,2739.72,2737.32,2738.36,0
2024-11-04 20:00:00,2738.36,2738.64,2736.43,2737.41,0
2024-11-04 21:00:00,2737.41,2737.7,2735.92,2736.46,0
2024-11-04 23:00:00,2735.83,2738.06,2735.83,2736.07,0
2024-11-05 00:00:00,2736.17,2736.68,2734.1,2735.09,0
2024-11-05 01:00:00,2735.08,2736.16,2732.98,2734.22,0
2024-11-05 02:00:00,2734.22,2735.42,2724.76,2728.53,0
2024-11-05 03:00:00,2728.53,2735.99,2727.82,2735.35,0
2024-11-05 04:00:00,2735.33,2736.39,2733.14,2734.45,0
2024-11-05 05:00:00,2734.45,2737.2,2731.99,2732.61,0
2024-11-05 06:00:00,2732.61,2738.83,2731.8,2737.8,0
2024-11-05 07:00:00,2737.73,2741.35,2735.22,2736.51,0
2024-11-05 08:00:00,2736.52,2743.25,2732.17,2742.51,0
2024-11-05 09:00:00,2742.51,2745.03,2738.92,2739.96,0
2024-11-05 10:00:00,2739.94,2740.24,2735.62,2737.93,0
2024-11-05 11:00:00,2737.93,2743.01,2737.93,2741.75,0
2024-11-05 12:00:00,2741.75,2743.13,2737.61,2738.0,0
2024-11-05 13:00:00,2738.02,2746.78,2736.42,2744.77,0
2024-11-05 14:00:00,2744.77,2749.97,2741.51,2746.73,0
2024-11-05 15:00:00,2746.76,2746.76,2733.08,2742.05,0
2024-11-05 16:00:00,2742.05,2744.53,2736.36,2738.97,0
2024-11-05 17:00:00,2738.99,2743.69,2738.28,2741.99,0
2024-11-05 18:00:00,2742.02,2743.93,2739.41,2741.28,0
2024-11-05 19:00:00,2741.28,2742.31,2739.59,2740.57,0
2024-11-05 20:00:00,2740.57,2743.51,2739.72,2743.02,0
2024-11-05 21:00:00,2743.03,2744.95,2742.6,2743.72,0
2024-11-05 23:00:00,2743.26,2746.34,2741.99,2745.62,0
2024-11-06 00:00:00,2745.6,2745.61,2735.3,2737.98,0
2024-11-06 01:00:00,2737.98,2749.73,2732.71,2747.14,0
2024-11-06 02:00:00,2747.14,2748.38,2736.84,2737.5,0
2024-11-06 03:00:00,2737.5,2743.5,2730.72,2734.21,0
2024-11-06 04:00:00,2734.21,2743.05,2733.22,2741.78,0
2024-11-06 05:00:00,2741.81,2743.62,2736.51,2739.02,0
2024-11-06 06:00:00,2739.03,2739.31,2701.5,2707.05,0
2024-11-06 07:00:00,2707.05,2733.19,2704.16,2725.89,0
2024-11-06 08:00:00,2725.79,2733.74,2722.76,2724.52,0
2024-11-06 09:00:00,2724.52,2728.55,2716.48,2724.72,0
2024-11-06 10:00:00,2724.71,2727.21,2718.69,2720.29,0
2024-11-06 11:00:00,2720.29,2722.83,2696.22,2699.38,0
2024-11-06 12:00:00,2699.12,2708.04,2693.42,2695.18,0
2024-11-06 13:00:00,2694.58,2694.67,2659.18,2664.23,0
2024-11-06 14:00:00,2664.24,2670.45,2652.41,2659.9,0
2024-11-06 15:00:00,2659.92,2675.9,2657.52,2675.77,0
2024-11-06 16:00:00,2675.8,2678.29,2662.86,2666.22,0
2024-11-06 17:00:00,2666.2,2669.33,2661.68,2663.37,0
2024-11-06 18:00:00,2663.37,2669.64,2662.9,2665.62,0
2024-11-06 19:00:00,2665.61,2668.6,2664.99,2667.1,0
2024-11-06 20:00:00,2667.09,2667.82,2659.4,2660.74,0
2024-11-06 21:00:00,2660.72,2662.49,2658.89,2658.94,0
2024-11-06 23:00:00,2659.17,2664.31,2659.08,2664.06,0
2024-11-07 00:00:00,2664.08,2664.27,2660.98,2661.5,0
2024-11-07 01:00:00,2661.49,2664.01,2643.47,2649.48,0
2024-11-07 02:00:00,2649.48,2657.56,2649.48,2657.44,0
2024-11-07 03:00:00,2657.47,2661.27,2655.66,2659.21,0
2024-11-07 04:00:00,2659.21,2659.64,2654.15,2654.62,0
2024-11-07 05:00:00,2654.65,2660.73,2654.65,2659.26,0
2024-11-07 06:00:00,2659.19,2659.45,2652.78,2657.14,0
2024-11-07 07:00:00,2656.99,2667.65,2656.21,2663.29,0
2024-11-07 08:00:00,2663.3,2666.72,2657.43,2657.68,0
2024-11-07 09:00:00,2657.68,2666.07,2657.57,2661.75,0
2024-11-07 10:00:00,2661.72,2668.42,2659.84,2666.6,0
2024-11-07 11:00:00,2666.53,2668.13,2663.84,2666.31,0
2024-11-07 12:00:00,2666.34,2674.11,2664.35,2673.75,0
2024-11-07 13:00:00,2673.68,2685.22,2672.37,2684.63,0
2024-11-07 14:00:00,2684.62,2695.01,2682.36,2691.93,0
2024-11-07 15:00:00,2691.88,2700.15,2690.14,2698.82,0
2024-11-07 16:00:00,2698.82,2699.46,2690.63,2695.84,0
2024-11-07 17:00:00,2695.84,2700.36,2694.31,2699.39,0
2024-11-07 18:00:00,2699.39,2699.43,2694.05,2695.28,0
2024-11-07 19:00:00,2695.28,2698.06,2687.51,2694.43,0
2024-11-07 20:00:00,2694.39,2710.26,2692.85,2704.44,0
2024-11-07 21:00:00,2704.45,2708.56,2703.7,2706.24,0
2024-11-07 23:00:00,2705.86,2708.07,2704.17,2706.91,0
2024-11-08 00:00:00,2706.99,2710.42,2705.72,2706.36,0
2024-11-08 01:00:00,2706.36,2707.6,2699.24,2699.94,0
2024-11-08 02:00:00,2699.94,2701.03,2695.22,2697.57,0
2024-11-08 03:00:00,2697.57,2700.5,2694.1,2695.22,0
2024-11-08 04:00:00,2695.2,2696.12,2693.3,2693.61,0
2024-11-08 05:00:00,2693.6,2696.32,2693.6,2695.29,0
2024-11-08 06:00:00,2695.28,2695.82,2686.01,2686.47,0
2024-11-08 07:00:00,2686.32,2687.91,2680.34,2687.52,0
2024-11-08 08:00:00,2687.41,2691.8,2682.0,2688.76,0
2024-11-08 09:00:00,2688.73,2691.06,2687.16,2689.32,0
2024-11-08 10:00:00,2689.36,2689.37,2682.02,2688.6,0
2024-11-08 11:00:00,2688.61,2694.92,2686.73,2691.95,0
2024-11-08 12:00:00,2691.95,2693.14,2686.27,2691.97,0
2024-11-08 13:00:00,2691.93,2701.09,2687.91,2697.61,0
2024-11-08 14:00:00,2697.61,2703.98,2687.89,2691.72,0
2024-11-08 15:00:00,2691.72,2692.89,2683.48,2687.59,0
2024-11-08 16:00:00,2687.59,2689.33,2682.9,2683.31,0
2024-11-08 17:00:00,2683.35,2688.69,2683.35,2687.99,0
2024-11-08 18:00:00,2687.99,2688.84,2683.9,2685.05,0
2024-11-08 19:00:00,2685.04,2687.57,2683.32,2687.19,0
2024-11-08 20:00:00,2687.16,2688.6,2685.02,2685.17,0
2024-11-08 21:00:00,2685.17,2685.9,2682.92,2684.15,0
2024-11-10 23:00:00,2685.59,2686.21,2678.87,2685.63,0
2024-11-11 00:00:00,2685.63,2686.19,2682.68,2684.05,0
2024-11-11 01:00:00,2683.98,2684.87,2671.95,2672.99,0
2024-11-11 02:00:00,2672.99,2675.25,2666.56,2672.02,0
2024-11-11 03:00:00,2672.0,2672.01,2668.01,2670.31,0
2024-11-11 04:00:00,2670.23,2672.45,2668.82,2672.17,0
2024-11-11 05:00:00,2672.18,2674.34,2667.02,2669.27,0
2024-11-11 06:00:00,2669.27,2674.15,2668.5,2673.31,0
2024-11-11 07:00:00,2673.31,2674.07,2668.85,2669.61,0
2024-11-11 08:00:00,2669.39,2671.79,2667.61,2669.63,0
2024-11-11 09:00:00,2669.63,2670.85,2663.87,2666.9,0
2024-11-11 10:00:00,2666.9,2675.26,2661.01,2661.9,0
2024-11-11 11:00:00,2661.9,2667.06,2659.01,2662.65,0
2024-11-11 12:00:00,2662.67,2663.19,2656.72,2657.36,0
2024-11-11 13:00:00,2657.36,2657.66,2634.39,2635.56,0
2024-11-11 14:00:00,2635.55,2635.68,2617.79,2622.57,0
2024-11-11 15:00:00,2622.56,2626.4,2613.51,2614.62,0
2024-11-11 16:00:00,2614.62,2618.17,2612.69,2615.2,0
2024-11-11 17:00:00,2615.21,2616.96,2611.55,2612.6,0
2024-11-11 18:00:00,2612.6,2619.27,2610.71,2619.03,0
2024-11-11 19:00:00,2619.03,2620.74,2617.96,2619.32,0
2024-11-11 20:00:00,2619.3,2626.25,2619.3,2622.02,0
2024-11-11 21:00:00,2622.02,2623.2,2619.17,2619.3,0
2024-11-11 23:00:00,2618.73,2624.05,2618.73,2623.96,0
2024-11-12 00:00:00,2624.04,2625.04,2622.24,2624.0,0
2024-11-12 01:00:00,2624.0,2627.12,2619.23,2624.12,0
2024-11-12 02:00:00,2624.12,2625.53,2620.54,2622.0,0
2024-11-12 03:00:00,2621.99,2623.74,2618.83,2618.94,0
2024-11-12 04:00:00,2618.94,2619.11,2615.7,2617.76,0
2024-11-12 05:00:00,2617.76,2618.18,2605.39,2606.88,0
2024-11-12 06:00:00,2606.88,2610.18,2603.51,2607.93,0
2024-11-12 07:00:00,2607.92,2609.11,2595.25,2598.18,0
2024-11-12 08:00:00,2598.32,2606.59,2598.21,2600.61,0
2024-11-12 09:00:00,2600.51,2600.73,2590.89,2593.34,0
2024-11-12 10:00:00,2593.36,2598.65,2589.7,2596.76,0
2024-11-12 11:00:00,2596.76,2599.12,2592.58,2597.9,0
2024-11-12 12:00:00,2597.95,2607.03,2597.95,2605.31,0
2024-11-12 13:00:00,2605.31,2616.36,2604.53,2611.66,0
2024-11-12 14:00:00,2611.66,2617.11,2609.04,2610.45,0
2024-11-12 15:00:00,2610.44,2611.83,2597.48,2598.55,0
2024-11-12 16:00:00,2598.55,2604.21,2597.97,2600.81,0
2024-11-12 17:00:00,2600.82,2601.17,2592.56,2597.52,0
2024-11-12 18:00:00,2597.52,2602.1,2596.58,2599.24,0
2024-11-12 19:00:00,2599.24,2601.46,2597.98,2598.21,0
2024-11-12 20:00:00,2598.2,2601.36,2595.17,2599.88,0
2024-11-12 21:00:00,2599.82,2600.77,2597.1,2597.98,0
2024-11-12 23:00:00,2597.75,2599.86,2597.57,2598.92,0
2024-11-13 00:00:00,2599.0,2599.94,2598.09,2599.47,0
2024-11-13 01:00:00,2599.43,2611.18,2599.43,2608.18,0
2024-11-13 02:00:00,2608.18,2612.61,2605.22,2612.14,0
2024-11-13 03:00:00,2612.14,2613.31,2606.53,2611.57,0
2024-11-13 04:00:00,2611.57,2612.37,2606.11,2606.25,0
2024-11-13 05:00:00,2606.25,2607.92,2603.64,2605.82,0
2024-11-13 06:00:00,2605.77,2607.44,2604.24,2605.48,0
2024-11-13 07:00:00,2605.4,2607.46,2604.32,2606.2,0
2024-11-13 08:00:00,2606.24,2610.73,2601.08,2607.66,0
2024-11-13 09:00:00,2607.67,2611.74,2607.35,2608.62,0
2024-11-13 10:00:00,2608.66,2610.49,2607.0,2609.13,0
2024-11-13 11:00:00,2609.12,2611.68,2605.88,2610.85,0
2024-11-13 12:00:00,2610.97,2612.73,2608.95,2609.72,0
2024-11-13 13:00:00,2609.73,2618.81,2607.2,2612.37,0
2024-11-13 14:00:00,2612.36,2616.39,2601.23,2602.06,0
2024-11-13 15:00:00,2602.1,2606.85,2593.66,2605.43,0
2024-11-13 16:00:00,2605.37,2606.0,2584.78,2585.85,0
2024-11-13 17:00:00,2585.86,2586.84,2577.64,2583.37,0
2024-11-13 18:00:00,2583.4,2585.45,2579.43,2582.8,0
2024-11-13 19:00:00,2582.8,2584.97,2580.58,2581.03,0
2024-11-13 20:00:00,2581.01,2581.2,2573.08,2573.87,0
2024-11-13 21:00:00,2573.87,2577.2,2572.65,2572.7,0
2024-11-13 23:00:00,2574.82,2581.45,2569.05,2571.0,0
2024-11-14 00:00:00,2571.04,2574.73,2569.63,2572.55,0
2024-11-14 01:00:00,2572.54,2572.91,2561.56,2562.62,0
2024-11-14 02:00:00,2562.62,2564.67,2558.94,2560.63,0
2024-11-14 03:00:00,2560.59,2565.04,2559.96,2560.72,0
2024-11-14 04:00:00,2560.71,2565.31,2559.32,2565.18,0
2024-11-14 05:00:00,2565.2,2565.2,2555.32,2558.67,0
2024-11-14 06:00:00,2558.64,2560.55,2551.89,2555.07,0
2024-11-14 07:00:00,2555.1,2558.9,2550.49,2557.01,0
2024-11-14 08:00:00,2556.99,2559.84,2554.57,2556.19,0
2024-11-14 09:00:00,2556.16,2558.36,2536.85,2543.59,0
2024-11-14 10:00:00,2543.56,2548.04,2539.07,2547.14,0
2024-11-14 11:00:00,2547.15,2555.04,2545.22,2553.71,0
2024-11-14 12:00:00,2553.68,2556.9,2550.16,2552.27,0
2024-11-14 13:00:00,2552.26,2560.35,2551.3,2557.18,0
2024-11-14 14:00:00,2557.18,2565.93,2554.37,2559.76,0
2024-11-14 15:00:00,2559.75,2573.0,2558.64,2570.31,0
2024-11-14 16:00:00,2570.31,2577.5,2569.27,2574.02,0
2024-11-14 17:00:00,2574.09,2575.94,2567.54,2573.01,0
2024-11-14 18:00:00,2573.03,2573.52,2567.21,2569.9,0
2024-11-14 19:00:00,2569.92,2576.92,2569.87,2576.05,0
2024-11-14 20:00:00,2576.02,2576.47,2563.96,2567.31,0
2024-11-14 21:00:00,2567.3,2569.67,2564.2,2564.53,0
2024-11-14 23:00:00,2564.95,2567.32,2564.78,2566.94,0
2024-11-15 00:00:00,2566.96,2567.64,2565.93,2566.94,0
2024-11-15 01:00:00,2566.94,2571.67,2563.1,2565.08,0
2024-11-15 02:00:00,2565.07,2571.04,2564.99,2570.22,0
2024-11-15 03:00:00,2570.23,2571.16,2567.61,2567.79,0
2024-11-15 04:00:00,2567.78,2569.54,2567.1,2567.12,0
2024-11-15 05:00:00,2567.13,2567.26,2559.76,2559.94,0
2024-11-15 06:00:00,2559.92,2563.61,2554.5,2561.49,0
2024-11-15 07:00:00,2561.41,2564.93,2559.44,2563.83,0
2024-11-15 08:00:00,2563.82,2569.0,2560.91,2566.89,0
2024-11-15 09:00:00,2566.88,2568.98,2563.97,2564.03,0
2024-11-15 10:00:00,2564.0,2570.52,2563.03,2567.94,0
2024-11-15 11:00:00,2567.92,2573.31,2566.69,2570.76,0
2024-11-15 12:00:00,2570.67,2571.08,2565.51,2569.22,0
2024-11-15 13:00:00,2569.23,2575.84,2561.27,2565.33,0
2024-11-15 14:00:00,2565.27,2575.55,2564.3,2572.86,0
2024-11-15 15:00:00,2572.85,2576.02,2565.12,2570.87,0
2024-11-15 16:00:00,2570.88,2573.34,2562.09,2562.21,0
2024-11-15 17:00:00,2562.21,2564.84,2560.19,2563.03,0
2024-11-15 18:00:00,2563.04,2567.84,2559.52,2567.6,0
2024-11-15 19:00:00,2567.57,2568.1,2562.78,2563.85,0
2024-11-15 20:00:00,2563.87,2563.98,2559.85,2562.25,0
2024-11-15 21:00:00,2562.24,2562.47,2561.11,2561.78,0
2024-11-17 23:00:00,2563.07,2575.52,2561.5,2571.41,0
2024-11-18 00:00:00,2571.4,2577.16,2569.88,2576.53,0
2024-11-18 01:00:00,2576.53,2597.23,2576.52,2587.11,0
2024-11-18 02:00:00,2587.08,2595.12,2586.92,2591.11,0
2024-11-18 03:00:00,2591.08,2592.6,2587.83,2589.95,0
2024-11-18 04:00:00,2589.94,2593.16,2589.32,2592.28,0
2024-11-18 05:00:00,2592.22,2592.32,2585.1,2585.6,0
2024-11-18 06:00:00,2585.57,2587.74,2580.42,2586.03,0
2024-11-18 07:00:00,2586.03,2587.12,2581.71,2582.93,0
2024-11-18 08:00:00,2582.93,2590.02,2582.07,2585.65,0
2024-11-18 09:00:00,2585.64,2597.29,2583.83,2595.74,0
2024-11-18 10:00:00,2595.75,2596.72,2589.58,2594.09,0
2024-11-18 11:00:00,2594.09,2595.46,2590.55,2594.39,0
2024-11-18 12:00:00,2594.42,2597.17,2590.41,2595.18,0
2024-11-18 13:00:00,2595.11,2605.17,2592.93,2603.95,0
2024-11-18 14:00:00,2604.02,2610.21,2602.84,2608.16,0
2024-11-18 15:00:00,2608.18,2613.38,2605.94,2613.01,0
2024-11-18 16:00:00,2613.04,2615.12,2609.46,2611.6,0
2024-11-18 17:00:00,2611.6,2612.0,2607.38,2610.46,0
2024-11-18 18:00:00,2610.47,2612.12,2607.78,2611.17,0
2024-11-18 19:00:00,2611.17,2612.65,2608.39,2609.84,0
2024-11-18 20:00:00,2609.83,2611.6,2608.25,2610.25,0
2024-11-18 21:00:00,2610.26,2612.29,2609.88,2611.72,0
2024-11-18 23:00:00,2611.77,2613.06,2610.47,2612.65,0
2024-11-19 00:00:00,2612.71,2613.71,2611.08,2613.33,0
2024-11-19 01:00:00,2613.33,2617.88,2611.58,2615.74,0
2024-11-19 02:00:00,2615.71,2624.21,2615.68,2622.56,0
2024-11-19 03:00:00,2622.56,2625.54,2621.4,2624.52,0
2024-11-19 04:00:00,2624.51,2625.24,2621.57,2622.98,0
2024-11-19 05:00:00,2622.98,2623.49,2620.9,2622.64,0
2024-11-19 06:00:00,2622.66,2626.7,2621.35,2625.13,0
2024-11-19 07:00:00,2625.16,2625.33,2617.75,2619.15,0
2024-11-19 08:00:00,2619.11,2627.03,2618.7,2626.36,0
2024-11-19 09:00:00,2626.33,2634.52,2625.34,2630.32,0
2024-11-19 10:00:00,2630.31,2636.54,2629.98,2635.21,0
2024-11-19 11:00:00,2635.22,2636.1,2629.07,2629.59,0
2024-11-19 12:00:00,2629.64,2639.35,2628.77,2639.25,0
2024-11-19 13:00:00,2639.28,2639.47,2629.28,2635.32,0
2024-11-19 14:00:00,2635.24,2636.98,2622.82,2623.47,0
2024-11-19 15:00:00,2623.48,2628.7,2621.0,2624.5,0
2024-11-19 16:00:00,2624.58,2628.49,2622.35,2626.51,0
2024-11-19 17:00:00,2626.46,2633.15,2625.69,2628.12,0
2024-11-19 18:00:00,2628.12,2630.47,2626.36,2630.22,0
2024-11-19 19:00:00,2630.24,2631.65,2628.92,2630.75,0
2024-11-19 20:00:00,2630.76,2634.66,2630.47,2633.76,0
2024-11-19 21:00:00,2633.75,2633.96,2630.6,2632.11,0
2024-11-19 23:00:00,2631.96,2635.53,2631.86,2635.19,0
2024-11-20 00:00:00,2635.14,2639.16,2634.7,2637.86,0
2024-11-20 01:00:00,2637.9,2641.49,2635.74,2639.65,0
2024-11-20 02:00:00,2639.64,2641.88,2638.4,2640.28,0
2024-11-20 03:00:00,2640.25,2641.28,2637.64,2637.99,0
2024-11-20 04:00:00,2637.99,2638.79,2636.22,2636.68,0
2024-11-20 05:00:00,2636.64,2638.51,2634.92,2636.91,0
2024-11-20 06:00:00,2636.82,2637.14,2628.6,2629.53,0
2024-11-20 07:00:00,2629.42,2630.23,2621.16,2621.62,0
2024-11-20 08:00:00,2621.58,2624.56,2618.82,2624.24,0
2024-11-20 09:00:00,2624.25,2625.71,2621.1,2621.93,0
2024-11-20 10:00:00,2621.87,2626.25,2620.97,2625.16,0
2024-11-20 11:00:00,2625.16,2628.2,2621.49,2628.12,0
2024-11-20 12:00:00,2628.19,2632.42,2627.07,2631.84,0
2024-11-20 13:00:00,2631.82,2640.54,2631.19,2636.1,0
2024-11-20 14:00:00,2636.1,2646.4,2634.17,2643.22,0
2024-11-20 15:00:00,2643.22,2648.89,2640.87,2648.88,0
2024-11-20 16:00:00,2648.86,2650.86,2646.17,2650.67,0
2024-11-20 17:00:00,2650.73,2655.45,2649.32,2651.84,0
2024-11-20 18:00:00,2651.85,2652.1,2645.45,2648.65,0
2024-11-20 19:00:00,2648.65,2653.15,2648.5,2650.9,0
2024-11-20 20:00:00,2650.88,2651.27,2647.23,2648.93,0
2024-11-20 21:00:00,2648.95,2650.43,2648.08,2650.08,0
2024-11-20 23:00:00,2649.94,2652.97,2648.63,2652.19,0
2024-11-21 00:00:00,2652.22,2658.86,2651.8,2658.5,0
2024-11-21 01:00:00,2658.51,2660.43,2651.82,2653.45,0
2024-11-21 02:00:00,2653.44,2658.16,2652.6,2653.75,0
2024-11-21 03:00:00,2653.69,2657.24,2650.38,2656.96,0
2024-11-21 04:00:00,2656.95,2658.96,2656.84,2656.99,0
2024-11-21 05:00:00,2656.99,2658.12,2654.65,2656.97,0
2024-11-21 06:00:00,2656.99,2662.26,2656.6,2661.44,0
2024-11-21 07:00:00,2661.44,2664.65,2660.11,2663.15,0
2024-11-21 08:00:00,2663.14,2670.32,2661.99,2668.86,0
2024-11-21 09:00:00,2668.89,2671.66,2663.52,2668.91,0
2024-11-21 10:00:00,2668.9,2670.38,2665.1,2669.97,0
2024-11-21 11:00:00,2669.99,2673.54,2668.36,2671.53,0
2024-11-21 12:00:00,2671.63,2671.8,2663.01,2663.33,0
2024-11-21 13:00:00,2663.31,2667.77,2660.45,2665.48,0
2024-11-21 14:00:00,2665.49,2671.61,2661.46,2665.06,0
2024-11-21 15:00:00,2665.05,2670.6,2664.45,2667.76,0
2024-11-21 16:00:00,2667.75,2669.78,2661.37,2664.78,0
2024-11-21 17:00:00,2664.75,2672.84,2661.83,2671.87,0
2024-11-21 18:00:00,2671.87,2673.13,2669.09,2672.47,0
2024-11-21 19:00:00,2672.47,2673.53,2667.87,2669.69,0
2024-11-21 20:00:00,2669.71,2671.86,2668.52,2671.55,0
2024-11-21 21:00:00,2671.54,2671.89,2668.07,2669.41,0
2024-11-21 23:00:00,2669.42,2669.99,2668.11,2669.17,0
2024-11-22 00:00:00,2669.17,2673.62,2668.88,2673.14,0
2024-11-22 01:00:00,2673.14,2679.46,2673.04,2677.84,0
2024-11-22 02:00:00,2677.82,2686.4,2677.34,2686.09,0
2024-11-22 03:00:00,2686.08,2690.52,2681.45,2686.22,0
2024-11-22 04:00:00,2686.2,2692.36,2683.06,2688.74,0
2024-11-22 05:00:00,2688.82,2689.19,2683.09,2686.68,0
2024-11-22 06:00:00,2686.69,2693.22,2685.86,2693.0,0
2024-11-22 07:00:00,2692.99,2699.04,2690.46,2696.47,0
2024-11-22 08:00:00,2696.48,2700.52,2694.76,2697.34,0
2024-11-22 09:00:00,2697.35,2707.47,2693.58,2703.38,0
2024-11-22 10:00:00,2703.39,2708.58,2702.7,2707.73,0
2024-11-22 11:00:00,2707.75,2710.13,2697.1,2698.87,0
2024-11-22 12:00:00,2698.78,2704.97,2697.1,2703.01,0
2024-11-22 13:00:00,2703.0,2704.15,2689.38,2692.96,0
2024-11-22 14:00:00,2692.94,2696.34,2684.47,2694.74,0
2024-11-22 15:00:00,2694.34,2705.12,2694.34,2703.69,0
2024-11-22 16:00:00,2703.69,2706.59,2700.87,2705.21,0
2024-11-22 17:00:00,2705.2,2707.27,2703.66,2706.84,0
2024-11-22 18:00:00,2706.85,2711.47,2706.72,2710.93,0
2024-11-22 19:00:00,2710.94,2711.46,2707.06,2708.24,0
2024-11-22 20:00:00,2708.22,2708.84,2705.1,2705.86,0
2024-11-22 21:00:00,2705.8,2715.5,2705.8,2715.34,0
2024-11-24 23:00:00,2714.29,2721.38,2691.7,2719.86,0
2024-11-25 00:00:00,2719.77,2720.21,2709.9,2710.6,0
2024-11-25 01:00:00,2710.71,2711.13,2694.9,2701.27,0
2024-11-25 02:00:00,2701.28,2704.48,2692.39,2695.35,0
2024-11-25 03:00:00,2695.35,2697.39,2659.2,2672.34,0
2024-11-25 04:00:00,2672.32,2676.37,2663.95,2672.52,0
2024-11-25 05:00:00,2672.51,2674.02,2658.26,2664.76,0
2024-11-25 06:00:00,2664.73,2670.12,2661.73,2667.0,0
2024-11-25 07:00:00,2667.0,2672.62,2663.82,2667.94,0
2024-11-25 08:00:00,2667.95,2673.61,2667.2,2672.07,0
2024-11-25 09:00:00,2672.06,2675.24,2669.98,2673.97,0
2024-11-25 10:00:00,2673.97,2678.06,2668.79,2677.77,0
2024-11-25 11:00:00,2677.73,2688.79,2677.68,2686.88,0
2024-11-25 12:00:00,2686.98,2686.99,2680.0,2681.03,0
2024-11-25 13:00:00,2680.85,2687.99,2676.72,2678.3,0
2024-11-25 14:00:00,2678.36,2678.75,2633.68,2641.37,0
2024-11-25 15:00:00,2641.33,2641.7,2626.3,2628.39,0
2024-11-25 16:00:00,2628.39,2639.42,2628.39,2632.08,0
2024-11-25 17:00:00,2632.01,2634.21,2624.55,2627.9,0
2024-11-25 18:00:00,2627.9,2628.53,2615.65,2618.91,0
2024-11-25 19:00:00,2618.91,2626.19,2618.43,2625.78,0
2024-11-25 20:00:00,2625.78,2628.77,2622.7,2626.1,0
2024-11-25 21:00:00,2626.08,2628.39,2625.19,2625.46,0
2024-11-25 23:00:00,2625.05,2628.58,2605.28,2610.49,0
2024-11-26 00:00:00,2610.56,2624.61,2608.7,2619.89,0
2024-11-26 01:00:00,2619.87,2632.19,2618.11,2628.19,0
2024-11-26 02:00:00,2628.2,2630.56,2625.0,2625.43,0
2024-11-26 03:00:00,2625.44,2631.09,2622.96,2630.42,0
2024-11-26 04:00:00,2630.43,2631.47,2625.11,2626.45,0
2024-11-26 05:00:00,2626.39,2626.51,2617.9,2624.42,0
2024-11-26 06:00:00,2624.4,2626.07,2621.23,2622.1,0
2024-11-26 07:00:00,2622.1,2622.87,2610.82,2614.1,0
2024-11-26 08:00:00,2614.02,2618.37,2612.5,2613.42,0
2024-11-26 09:00:00,2613.42,2627.18,2612.97,2626.04,0
2024-11-26 10:00:00,2626.04,2633.15,2625.13,2631.35,0
2024-11-26 11:00:00,2631.3,2633.28,2627.68,2633.28,0
2024-11-26 12:00:00,2633.29,2634.81,2629.35,2631.07,0
2024-11-26 13:00:00,2631.05,2641.96,2624.03,2629.95,0
2024-11-26 14:00:00,2629.95,2633.85,2616.84,2622.81,0
2024-11-26 15:00:00,2622.8,2632.82,2620.39,2629.54,0
2024-11-26 16:00:00,2629.55,2631.44,2626.47,2628.71,0
2024-11-26 17:00:00,2628.72,2628.73,2624.97,2624.98,0
2024-11-26 18:00:00,2624.97,2624.99,2619.62,2623.51,0
2024-11-26 19:00:00,2623.52,2629.05,2622.69,2628.12,0
2024-11-26 20:00:00,2628.13,2632.83,2627.59,2631.69,0
2024-11-26 21:00:00,2631.69,2633.59,2630.78,2633.02,0
2024-11-26 23:00:00,2632.76,2634.19,2630.16,2632.27,0
2024-11-27 00:00:00,2632.29,2633.11,2627.16,2627.81,0
2024-11-27 01:00:00,2627.81,2632.74,2627.07,2631.38,0
2024-11-27 02:00:00,2631.39,2640.55,2631.14,2637.59,0
2024-11-27 03:00:00,2637.61,2639.45,2635.98,2637.85,0
2024-11-27 04:00:00,2637.84,2640.6,2636.77,2638.98,0
2024-11-27 05:00:00,2639.0,2645.76,2638.28,2642.03,0
2024-11-27 06:00:00,2642.08,2648.01,2639.04,2647.8,0
2024-11-27 07:00:00,2647.78,2648.53,2645.86,2646.64,0
2024-11-27 08:00:00,2646.63,2653.68,2645.29,2653.5,0
2024-11-27 09:00:00,2653.49,2653.8,2647.95,2648.46,0
2024-11-27 10:00:00,2648.45,2649.97,2647.71,2648.63,0
2024-11-27 11:00:00,2648.7,2652.33,2643.3,2651.1,0
2024-11-27 12:00:00,2651.05,2655.09,2649.56,2651.33,0
2024-11-27 13:00:00,2651.36,2658.25,2645.87,2656.32,0
2024-11-27 14:00:00,2656.34,2656.89,2649.13,2651.39,0
2024-11-27 15:00:00,2651.46,2651.59,2635.52,2642.75,0
2024-11-27 16:00:00,2642.75,2644.34,2638.13,2639.06,0
2024-11-27 17:00:00,2639.05,2642.83,2635.28,2637.28,0
2024-11-27 18:00:00,2637.28,2640.78,2636.57,2638.92,0
2024-11-27 19:00:00,2638.91,2639.41,2633.82,2634.8,0
2024-11-27 20:00:00,2634.78,2639.05,2634.25,2637.08,0
2024-11-27 21:00:00,2637.09,2637.59,2634.86,2635.95,0
2024-11-27 23:00:00,2637.8,2638.04,2636.23,2637.11,0
2024-11-28 00:00:00,2637.12,2638.44,2635.16,2635.72,0
2024-11-28 01:00:00,2635.73,2636.31,2620.89,2628.87,0
2024-11-28 02:00:00,2628.88,2630.22,2625.69,2628.25,0
2024-11-28 03:00:00,2628.21,2632.15,2625.71,2630.33,0
2024-11-28 04:00:00,2630.34,2634.01,2629.43,2631.31,0
2024-11-28 05:00:00,2631.33,2634.03,2630.17,2633.5,0
2024-11-28 06:00:00,2633.5,2639.61,2631.9,2636.82,0
2024-11-28 07:00:00,2636.82,2639.31,2634.55,2637.33,0
2024-11-28 08:00:00,2637.3,2646.36,2635.75,2644.12,0
2024-11-28 09:00:00,2644.16,2647.92,2642.88,2646.2,0
2024-11-28 10:00:00,2646.22,2649.73,2644.89,2647.52,0
2024-11-28 11:00:00,2647.52,2649.5,2644.93,2646.89,0
2024-11-28 12:00:00,2646.89,2647.28,2643.86,2646.1,0
2024-11-28 13:00:00,2646.08,2647.81,2642.79,2647.06,0
2024-11-28 14:00:00,2647.07,2647.96,2640.87,2641.31,0
2024-11-28 15:00:00,2641.34,2643.12,2636.3,2638.2,0
2024-11-28 16:00:00,2638.19,2642.54,2637.59,2642.08,0
2024-11-28 17:00:00,2642.11,2642.34,2639.63,2640.93,0
2024-11-28 18:00:00,2640.91,2641.41,2639.61,2640.0,0
2024-11-28 19:00:00,2639.99,2640.1,2637.39,2637.84,0
2024-11-28 23:00:00,2637.56,2639.4,2637.24,2638.81,0
2024-11-29 00:00:00,2638.79,2639.2,2635.65,2636.08,0
2024-11-29 01:00:00,2636.07,2647.2,2634.05,2644.96,0
2024-11-29 02:00:00,2644.93,2662.74,2644.76,2657.47,0
2024-11-29 03:00:00,2657.48,2660.56,2654.88,2659.98,0
2024-11-29 04:00:00,2659.99,2664.19,2658.41,2659.97,0
2024-11-29 05:00:00,2659.95,2664.06,2659.48,2662.46,0
2024-11-29 06:00:00,2662.46,2666.26,2661.76,2665.32,0
2024-11-29 07:00:00,2665.37,2665.6,2659.12,2660.62,0
2024-11-29 08:00:00,2660.62,2662.63,2654.63,2657.31,0
2024-11-29 09:00:00,2657.3,2664.78,2655.93,2664.2,0
2024-11-29 10:00:00,2664.22,2665.88,2661.37,2662.81,0
2024-11-29 11:00:00,2662.78,2664.39,2659.5,2659.63,0
2024-11-29 12:00:00,2659.68,2665.03,2659.05,2659.93,0
2024-11-29 13:00:00,2660.1,2663.27,2656.13,2658.08,0
2024-11-29 14:00:00,2658.07,2662.76,2651.95,2653.54,0
2024-11-29 15:00:00,2653.52,2658.99,2650.64,2658.99,0
2024-11-29 16:00:00,2658.99,2662.35,2658.0,2662.25,0
2024-11-29 17:00:00,2662.25,2662.31,2657.52,2660.56,0
2024-11-29 18:00:00,2660.58,2660.62,2651.75,2652.75,0
2024-11-29 19:00:00,2652.69,2653.1,2648.64,2650.39,0
2024-12-01 23:00:00,2652.29,2654.93,2643.14,2645.79,0
2024-12-02 00:00:00,2645.94,2647.7,2630.25,2637.53,0
2024-12-02 01:00:00,2637.51,2639.16,2622.93,2635.94,0
2024-12-02 02:00:00,2635.93,2638.07,2625.57,2626.78,0
2024-12-02 03:00:00,2626.74,2631.15,2624.07,2629.42,0
2024-12-02 04:00:00,2629.39,2630.6,2626.23,2628.67,0
2024-12-02 05:00:00,2628.66,2628.79,2621.94,2623.25,0
2024-12-02 06:00:00,2623.24,2627.74,2621.98,2625.96,0
2024-12-02 07:00:00,2626.03,2633.65,2625.29,2629.92,0
2024-12-02 08:00:00,2629.63,2632.83,2626.57,2629.52,0
2024-12-02 09:00:00,2629.54,2636.9,2628.59,2633.67,0
2024-12-02 10:00:00,2633.66,2637.77,2633.32,2635.92,0
2024-12-02 11:00:00,2635.92,2646.29,2635.77,2641.92,0
2024-12-02 12:00:00,2641.89,2645.19,2639.19,2641.05,0
2024-12-02 13:00:00,2641.04,2648.86,2637.07,2647.03,0
2024-12-02 14:00:00,2647.02,2651.87,2642.58,2645.79,0
2024-12-02 15:00:00,2645.35,2649.34,2640.29,2642.36,0
2024-12-02 16:00:00,2642.36,2644.41,2638.63,2641.36,0
2024-12-02 17:00:00,2641.34,2642.07,2637.43,2638.85,0
2024-12-02 18:00:00,2638.86,2638.96,2633.55,2637.08,0
2024-12-02 19:00:00,2637.08,2640.28,2636.54,2637.64,0
2024-12-02 20:00:00,2637.59,2644.25,2635.33,2637.13,0
2024-12-02 21:00:00,2637.1,2639.06,2636.51,2638.62,0
2024-12-02 23:00:00,2638.76,2642.96,2638.62,2642.27,0
2024-12-03 00:00:00,2642.34,2644.38,2640.56,2641.14,0
2024-12-03 01:00:00,2641.13,2645.25,2634.12,2636.58,0
2024-12-03 02:00:00,2636.58,2639.12,2634.51,2637.11,0
2024-12-03 03:00:00,2637.06,2640.69,2636.23,2640.56,0
2024-12-03 04:00:00,2640.55,2643.02,2638.44,2639.9,0
2024-12-03 05:00:00,2639.89,2641.96,2637.16,2641.23,0
2024-12-03 06:00:00,2641.26,2650.07,2641.26,2646.92,0
2024-12-03 07:00:00,2646.92,2647.79,2644.46,2644.67,0
2024-12-03 08:00:00,2644.69,2645.42,2639.22,2645.12,0
2024-12-03 09:00:00,2645.13,2648.11,2643.93,2644.06,0
2024-12-03 10:00:00,2644.05,2645.58,2642.5,2642.87,0
2024-12-03 11:00:00,2642.87,2645.69,2642.78,2643.67,0
2024-12-03 12:00:00,2643.51,2644.21,2638.31,2639.9,0
2024-12-03 13:00:00,2639.91,2653.74,2637.78,2652.9,0
2024-12-03 14:00:00,2652.9,2655.66,2645.73,2646.74,0
2024-12-03 15:00:00,2646.82,2647.31,2635.19,2640.49,0
2024-12-03 16:00:00,2640.48,2648.72,2638.94,2648.41,0
2024-12-03 17:00:00,2648.42,2648.85,2643.46,2647.04,0
2024-12-03 18:00:00,2647.04,2649.16,2643.24,2645.79,0
2024-12-03 19:00:00,2645.8,2646.31,2640.24,2640.98,0
2024-12-03 20:00:00,2640.97,2644.23,2640.74,2642.19,0
2024-12-03 21:00:00,2642.16,2644.04,2641.96,2643.5,0
2024-12-03 23:00:00,2643.29,2643.3,2641.11,2642.85,0
2024-12-04 00:00:00,2642.84,2643.59,2639.6,2640.55,0
2024-12-04 01:00:00,2640.56,2643.28,2637.72,2642.22,0
2024-12-04 02:00:00,2642.06,2648.12,2641.93,2645.88,0
2024-12-04 03:00:00,2645.88,2647.9,2643.23,2644.5,0
2024-12-04 04:00:00,2644.5,2648.67,2643.8,2648.46,0
2024-12-04 05:00:00,2648.46,2651.23,2647.58,2649.77,0
2024-12-04 06:00:00,2649.79,2651.4,2647.44,2649.32,0
2024-12-04 07:00:00,2649.32,2649.35,2640.42,2641.57,0
2024-12-04 08:00:00,2641.51,2642.25,2636.69,2641.35,0
2024-12-04 09:00:00,2641.36,2642.82,2638.63,2641.04,0
2024-12-04 10:00:00,2641.04,2644.57,2640.26,2644.42,0
2024-12-04 11:00:00,2644.43,2647.78,2643.5,2646.21,0
2024-12-04 12:00:00,2646.21,2646.57,2636.22,2637.06,0
2024-12-04 13:00:00,2636.76,2649.24,2632.46,2648.44,0
2024-12-04 14:00:00,2648.43,2653.45,2645.1,2649.22,0
2024-12-04 15:00:00,2648.7,2657.21,2648.7,2655.12,0
2024-12-04 16:00:00,2655.12,2655.55,2646.98,2649.8,0
2024-12-04 17:00:00,2649.68,2653.04,2648.56,2651.47,0
2024-12-04 18:00:00,2651.48,2653.06,2648.84,2649.04,0
2024-12-04 19:00:00,2649.09,2655.51,2646.87,2651.77,0
2024-12-04 20:00:00,2651.74,2651.99,2648.07,2650.08,0
2024-12-04 21:00:00,2650.12,2651.26,2648.87,2649.88,0
2024-12-04 23:00:00,2649.6,2651.57,2647.74,2650.38,0
2024-12-05 00:00:00,2650.38,2650.41,2647.74,2648.36,0
2024-12-05 01:00:00,2648.38,2650.74,2646.2,2647.06,0
2024-12-05 02:00:00,2647.07,2649.69,2645.31,2646.61,0
2024-12-05 03:00:00,2646.6,2649.3,2644.76,2648.87,0
2024-12-05 04:00:00,2648.88,2649.62,2645.78,2646.28,0
2024-12-05 05:00:00,2646.27,2655.54,2645.56,2653.15,0
2024-12-05 06:00:00,2653.1,2654.12,2646.62,2646.98,0
2024-12-05 07:00:00,2646.95,2650.9,2645.44,2648.87,0
2024-12-05 08:00:00,2648.76,2650.24,2641.92,2643.24,0
2024-12-05 09:00:00,2643.22,2646.23,2641.9,2644.86,0
2024-12-05 10:00:00,2644.84,2650.39,2644.75,2648.91,0
2024-12-05 11:00:00,2648.9,2652.67,2648.19,2651.44,0
2024-12-05 12:00:00,2651.5,2653.44,2647.49,2653.26,0
2024-12-05 13:00:00,2653.38,2654.55,2644.31,2649.01,0
2024-12-05 14:00:00,2648.98,2650.29,2639.6,2640.32,0
2024-12-05 15:00:00,2640.39,2642.06,2631.95,2640.26,0
2024-12-05 16:00:00,2640.25,2643.39,2632.86,2635.17,0
2024-12-05 17:00:00,2635.2,2635.88,2623.74,2628.08,0
2024-12-05 18:00:00,2628.07,2629.74,2623.6,2629.65,0
2024-12-05 19:00:00,2629.66,2631.69,2628.65,2629.85,0
2024-12-05 20:00:00,2629.84,2631.75,2627.95,2631.34,0
2024-12-05 21:00:00,2631.35,2632.38,2631.09,2631.66,0
2024-12-05 23:00:00,2631.62,2633.91,2631.53,2633.84,0
2024-12-06 00:00:00,2633.83,2633.83,2628.22,2628.53,0
2024-12-06 01:00:00,2628.5,2630.5,2613.42,2617.58,0
2024-12-06 02:00:00,2617.59,2625.55,2616.96,2625.4,0
2024-12-06 03:00:00,2625.41,2642.6,2624.96,2640.87,0
2024-12-06 04:00:00,2640.86,2644.58,2640.27,2642.31,0
2024-12-06 05:00:00,2642.3,2642.72,2635.37,2637.95,0
2024-12-06 06:00:00,2637.96,2642.24,2636.38,2639.45,0
2024-12-06 07:00:00,2639.35,2640.15,2636.14,2639.75,0
2024-12-06 08:00:00,2639.74,2645.16,2637.86,2644.2,0
2024-12-06 09:00:00,2644.19,2645.63,2639.8,2640.81,0
2024-12-06 10:00:00,2640.8,2641.01,2633.61,2634.15,0
2024-12-06 11:00:00,2634.14,2639.3,2632.54,2638.52,0
2024-12-06 12:00:00,2638.41,2641.53,2635.76,2638.58,0
2024-12-06 13:00:00,2638.52,2643.51,2631.28,2635.78,0
2024-12-06 14:00:00,2635.78,2638.98,2624.12,2635.6,0
2024-12-06 15:00:00,2635.62,2640.68,2632.64,2637.64,0
2024-12-06 16:00:00,2637.66,2641.67,2635.62,2640.48,0
2024-12-06 17:00:00,2640.45,2640.66,2634.25,2634.98,0
2024-12-06 18:00:00,2634.92,2639.04,2634.14,2637.26,0
2024-12-06 19:00:00,2637.26,2637.45,2633.02,2634.88,0
2024-12-06 20:00:00,2634.91,2636.43,2631.52,2631.95,0
2024-12-06 21:00:00,2631.93,2633.88,2631.22,2632.55,0
2024-12-08 23:00:00,2644.77,2648.35,2636.42,2640.16,0
2024-12-09 00:00:00,2640.15,2640.15,2627.55,2631.01,0
2024-12-09 01:00:00,2631.02,2650.59,2630.92,2646.73,0
2024-12-09 02:00:00,2646.74,2648.6,2640.99,2646.17,0
2024-12-09 03:00:00,2646.16,2646.68,2638.24,2638.8,0
2024-12-09 04:00:00,2638.8,2639.24,2634.78,2636.09,0
2024-12-09 05:00:00,2636.11,2640.49,2635.91,2638.36,0
2024-12-09 06:00:00,2638.36,2644.57,2638.2,2643.91,0
2024-12-09 07:00:00,2643.91,2651.24,2643.06,2650.56,0
2024-12-09 08:00:00,2650.57,2651.1,2646.12,2649.42,0
2024-12-09 09:00:00,2649.42,2657.45,2648.83,2655.65,0
2024-12-09 10:00:00,2655.71,2658.36,2653.51,2657.54,0
2024-12-09 11:00:00,2657.6,2660.46,2653.48,2656.35,0
2024-12-09 12:00:00,2656.31,2658.27,2653.3,2656.26,0
2024-12-09 13:00:00,2656.29,2666.25,2654.77,2665.51,0
2024-12-09 14:00:00,2665.58,2675.3,2662.84,2674.12,0
2024-12-09 15:00:00,2674.19,2676.51,2666.72,2668.4,0
2024-12-09 16:00:00,2667.76,2670.61,2665.69,2667.7,0
2024-12-09 17:00:00,2667.69,2669.42,2663.74,2664.54,0
2024-12-09 18:00:00,2664.6,2664.69,2661.73,2663.03,0
2024-12-09 19:00:00,2663.07,2663.31,2658.96,2660.19,0
2024-12-09 20:00:00,2660.24,2660.26,2656.79,2657.93,0
2024-12-09 21:00:00,2657.92,2660.93,2657.9,2660.18,0
2024-12-09 23:00:00,2660.72,2661.64,2659.58,2660.56,0
2024-12-10 00:00:00,2660.54,2665.54,2657.96,2665.04,0
2024-12-10 01:00:00,2665.04,2668.69,2660.6,2667.42,0
2024-12-10 02:00:00,2667.43,2671.48,2666.14,2669.08,0
2024-12-10 03:00:00,2669.06,2671.79,2665.52,2669.96,0
2024-12-10 04:00:00,2669.98,2673.82,2669.7,2670.4,0
2024-12-10 05:00:00,2670.43,2671.66,2668.22,2668.83,0
2024-12-10 06:00:00,2668.83,2670.93,2665.71,2670.05,0
2024-12-10 07:00:00,2670.04,2670.84,2663.66,2664.72,0
2024-12-10 08:00:00,2664.7,2665.68,2661.22,2663.26,0
2024-12-10 09:00:00,2663.28,2666.91,2661.68,2665.09,0
2024-12-10 10:00:00,2665.13,2676.78,2664.45,2675.64,0
2024-12-10 11:00:00,2675.65,2675.66,2669.82,2674.58,0
2024-12-10 12:00:00,2674.59,2679.34,2672.8,2677.77,0
2024-12-10 13:00:00,2677.78,2682.07,2672.31,2680.42,0
2024-12-10 14:00:00,2680.43,2691.7,2679.53,2688.87,0
2024-12-10 15:00:00,2688.81,2690.46,2684.57,2687.33,0
2024-12-10 16:00:00,2687.34,2692.53,2684.66,2692.34,0
2024-12-10 17:00:00,2692.34,2695.59,2690.52,2694.35,0
2024-12-10 18:00:00,2694.34,2695.19,2691.94,2692.38,0
2024-12-10 19:00:00,2692.38,2694.57,2691.11,2691.97,0
2024-12-10 20:00:00,2691.96,2693.15,2690.96,2691.75,0
2024-12-10 21:00:00,2691.88,2694.34,2691.65,2693.8,0
2024-12-10 23:00:00,2694.07,2698.46,2693.57,2696.07,0
2024-12-11 00:00:00,2696.06,2701.84,2693.53,2700.98,0
2024-12-11 01:00:00,2700.95,2703.58,2696.5,2699.84,0
2024-12-11 02:00:00,2699.83,2704.41,2698.3,2699.14,0
2024-12-11 03:00:00,2699.13,2702.21,2693.92,2695.48,0
2024-12-11 04:00:00,2695.48,2696.43,2682.42,2684.86,0
2024-12-11 05:00:00,2684.85,2694.9,2675.7,2687.81,0
2024-12-11 06:00:00,2687.39,2698.1,2687.02,2696.52,0
2024-12-11 07:00:00,2696.52,2696.68,2688.22,2690.32,0
2024-12-11 08:00:00,2690.3,2696.27,2688.77,2691.35,0
2024-12-11 09:00:00,2691.37,2696.01,2686.2,2695.83,0
2024-12-11 10:00:00,2695.83,2699.9,2692.4,2694.35,0
2024-12-11 11:00:00,2694.32,2697.66,2692.4,2696.49,0
2024-12-11 12:00:00,2696.51,2697.47,2693.75,2695.77,0
2024-12-11 13:00:00,2695.79,2702.15,2690.58,2700.97,0
2024-12-11 14:00:00,2700.98,2706.92,2696.59,2706.32,0
2024-12-11 15:00:00,2706.35,2715.96,2705.58,2713.24,0
2024-12-11 16:00:00,2713.25,2718.58,2710.94,2715.39,0
2024-12-11 17:00:00,2715.31,2720.04,2714.02,2718.08,0
2024-12-11 18:00:00,2718.1,2721.18,2713.9,2714.22,0
2024-12-11 19:00:00,2714.17,2719.71,2713.23,2718.06,0
2024-12-11 20:00:00,2718.07,2720.13,2716.07,2717.23,0
2024-12-11 21:00:00,2717.26,2718.8,2716.04,2717.95,0
2024-12-11 23:00:00,2717.54,2720.41,2716.98,2720.07,0
2024-12-12 00:00:00,2720.03,2724.64,2718.82,2724.43,0
2024-12-12 01:00:00,2724.33,2726.16,2700.7,2711.04,0
2024-12-12 02:00:00,2711.01,2711.54,2703.28,2705.97,0
2024-12-12 03:00:00,2706.04,2711.49,2705.19,2710.43,0
2024-12-12 04:00:00,2710.47,2715.23,2709.84,2712.62,0
2024-12-12 05:00:00,2712.62,2716.28,2711.35,2713.53,0
2024-12-12 06:00:00,2713.54,2718.48,2709.98,2718.4,0
2024-12-12 07:00:00,2718.41,2720.46,2715.19,2716.31,0
2024-12-12 08:00:00,2716.3,2719.54,2714.9,2718.08,0
2024-12-12 09:00:00,2718.16,2718.94,2713.97,2714.68,0
2024-12-12 10:00:00,2714.67,2715.72,2709.57,2711.55,0
2024-12-12 11:00:00,2711.61,2713.53,2707.22,2710.83,0
2024-12-12 12:00:00,2710.85,2712.54,2706.08,2706.76,0
2024-12-12 13:00:00,2706.85,2711.4,2697.42,2697.61,0
2024-12-12 14:00:00,2697.66,2699.64,2680.94,2686.59,0
2024-12-12 15:00:00,2686.54,2688.22,2675.06,2679.71,0
2024-12-12 16:00:00,2679.7,2683.84,2677.41,2683.52,0
2024-12-12 17:00:00,2683.54,2686.69,2681.58,2686.42,0
2024-12-12 18:00:00,2686.43,2687.22,2682.88,2684.28,0
2024-12-12 19:00:00,2684.27,2686.86,2682.52,2683.04,0
2024-12-12 20:00:00,2683.06,2683.56,2679.44,2679.73,0
2024-12-12 21:00:00,2679.71,2682.94,2679.7,2680.55,0
2024-12-12 23:00:00,2680.96,2681.68,2679.74,2680.74,0
2024-12-13 00:00:00,2680.76,2685.59,2679.02,2685.47,0
2024-12-13 01:00:00,2685.47,2692.69,2685.25,2689.78,0
2024-12-13 02:00:00,2689.78,2691.29,2684.28,2686.67,0
2024-12-13 03:00:00,2686.66,2691.35,2686.15,2688.2,0
2024-12-13 04:00:00,2688.18,2688.7,2685.49,2687.4,0
2024-12-13 05:00:00,2687.41,2689.52,2685.17,2688.34,0
2024-12-13 06:00:00,2688.36,2690.54,2683.37,2689.71,0
2024-12-13 07:00:00,2689.6,2690.16,2681.12,2683.32,0
2024-12-13 08:00:00,2683.14,2684.8,2674.07,2675.01,0
2024-12-13 09:00:00,2674.89,2676.94,2667.52,2669.08,0
2024-12-13 10:00:00,2669.06,2670.23,2665.18,2666.67,0
2024-12-13 11:00:00,2666.68,2669.42,2664.39,2665.05,0
2024-12-13 12:00:00,2664.93,2672.82,2663.03,2672.6,0
2024-12-13 13:00:00,2672.63,2673.02,2659.62,2662.24,0
2024-12-13 14:00:00,2662.26,2664.05,2657.43,2660.3,0
2024-12-13 15:00:00,2660.29,2662.76,2654.8,2659.97,0
2024-12-13 16:00:00,2659.92,2664.56,2658.91,2662.18,0
2024-12-13 17:00:00,2662.24,2662.33,2655.63,2656.3,0
2024-12-13 18:00:00,2656.28,2657.04,2652.27,2654.26,0
2024-12-13 19:00:00,2654.27,2655.28,2652.32,2652.98,0
2024-12-13 20:00:00,2652.98,2653.49,2646.52,2647.88,0
2024-12-13 21:00:00,2647.94,2649.95,2646.16,2648.8,0
2024-12-15 23:00:00,2652.63,2652.97,2648.63,2651.5,0
2024-12-16 00:00:00,2651.51,2651.68,2643.45,2647.1,0
2024-12-16 01:00:00,2647.12,2655.61,2646.7,2653.49,0
2024-12-16 02:00:00,2653.48,2654.79,2650.36,2651.97,0
2024-12-16 03:00:00,2651.96,2655.62,2651.67,2653.85,0
2024-12-16 04:00:00,2653.85,2654.52,2652.01,2652.81,0
2024-12-16 05:00:00,2652.8,2653.46,2649.5,2652.87,0
2024-12-16 06:00:00,2652.88,2654.81,2652.11,2653.67,0
2024-12-16 07:00:00,2653.67,2655.81,2651.65,2653.72,0
2024-12-16 08:00:00,2653.76,2662.06,2652.35,2658.06,0
2024-12-16 09:00:00,2658.02,2660.06,2655.78,2658.2,0
2024-12-16 10:00:00,2658.15,2661.09,2658.05,2658.88,0
2024-12-16 11:00:00,2658.93,2664.07,2657.81,2663.56,0
2024-12-16 12:00:00,2663.48,2664.42,2657.38,2660.06,0
2024-12-16 13:00:00,2660.05,2664.22,2658.84,2661.92,0
2024-12-16 14:00:00,2662.09,2663.04,2654.2,2654.87,0
2024-12-16 15:00:00,2654.89,2656.92,2650.9,2654.46,0
2024-12-16 16:00:00,2654.46,2655.78,2648.58,2652.18,0
2024-12-16 17:00:00,2652.18,2655.33,2651.84,2652.18,0
2024-12-16 18:00:00,2652.16,2655.62,2651.29,2655.36,0
2024-12-16 19:00:00,2655.38,2655.78,2652.16,2653.28,0
2024-12-16 20:00:00,2653.28,2653.56,2651.93,2652.73,0
2024-12-16 21:00:00,2652.74,2653.1,2651.51,2652.62,0
2024-12-16 23:00:00,2652.74,2652.95,2651.59,2651.71,0
2024-12-17 00:00:00,2651.71,2655.42,2651.04,2655.2,0
2024-12-17 01:00:00,2655.2,2658.65,2654.32,2658.08,0
2024-12-17 02:00:00,2658.07,2658.64,2653.95,2654.92,0
2024-12-17 03:00:00,2654.93,2656.21,2651.3,2653.63,0
2024-12-17 04:00:00,2653.61,2655.31,2650.92,2651.71,0
2024-12-17 05:00:00,2651.71,2654.76,2649.16,2653.65,0
2024-12-17 06:00:00,2653.68,2654.53,2646.38,2648.93,0
2024-12-17 07:00:00,2648.93,2657.04,2648.27,2653.75,0
2024-12-17 08:00:00,2653.76,2653.76,2641.73,2644.2,0
2024-12-17 09:00:00,2644.29,2646.23,2638.05,2639.87,0
2024-12-17 10:00:00,2639.84,2643.25,2638.14,2638.18,0
2024-12-17 11:00:00,2638.19,2642.43,2636.2,2642.16,0
2024-12-17 12:00:00,2642.17,2645.52,2640.81,2642.88,0
2024-12-17 13:00:00,2642.86,2646.89,2634.87,2637.07,0
2024-12-17 14:00:00,2637.07,2642.0,2633.06,2636.72,0
2024-12-17 15:00:00,2636.77,2642.97,2636.03,2640.14,0
2024-12-17 16:00:00,2640.13,2641.46,2636.8,2638.86,0
2024-12-17 17:00:00,2638.86,2647.02,2637.94,2645.94,0
2024-12-17 18:00:00,2645.92,2649.06,2644.98,2647.27,0
2024-12-17 19:00:00,2647.26,2648.2,2645.2,2645.34,0
2024-12-17 20:00:00,2645.42,2646.97,2643.08,2643.6,0
2024-12-17 21:00:00,2643.6,2646.41,2643.56,2646.4,0
2024-12-17 23:00:00,2646.5,2647.66,2644.92,2647.47,0
2024-12-18 00:00:00,2647.46,2650.32,2646.58,2650.03,0
2024-12-18 01:00:00,2650.02,2651.69,2648.08,2650.92,0
2024-12-18 02:00:00,2650.92,2651.03,2646.98,2647.43,0
2024-12-18 03:00:00,2647.43,2648.94,2645.34,2645.75,0
2024-12-18 04:00:00,2645.75,2645.9,2642.72,2645.12,0
2024-12-18 05:00:00,2645.05,2649.4,2643.93,2647.49,0
2024-12-18 06:00:00,2647.42,2647.97,2644.57,2646.79,0
2024-12-18 07:00:00,2646.84,2647.48,2643.34,2644.68,0
2024-12-18 08:00:00,2644.53,2649.61,2642.06,2648.0,0
2024-12-18 09:00:00,2647.96,2649.22,2645.44,2646.81,0
2024-12-18 10:00:00,2646.78,2649.49,2646.15,2648.56,0
2024-12-18 11:00:00,2648.57,2649.48,2645.96,2646.34,0
2024-12-18 12:00:00,2646.34,2647.77,2643.54,2644.13,0
2024-12-18 13:00:00,2644.12,2647.52,2641.18,2644.07,0
2024-12-18 14:00:00,2644.08,2644.92,2637.04,2638.0,0
2024-12-18 15:00:00,2638.01,2638.44,2633.86,2638.25,0
2024-12-18 16:00:00,2638.23,2639.51,2633.14,2634.83,0
2024-12-18 17:00:00,2634.84,2640.03,2634.64,2636.0,0
2024-12-18 18:00:00,2636.01,2638.96,2635.31,2636.78,0
2024-12-18 19:00:00,2636.8,2636.94,2604.08,2604.58,0
2024-12-18 20:00:00,2604.66,2609.38,2587.26,2592.51,0
2024-12-18 21:00:00,2592.64,2595.62,2583.62,2585.31,0
2024-12-18 23:00:00,2585.44,2592.3,2582.92,2588.02,0
2024-12-19 00:00:00,2588.02,2597.18,2587.83,2595.25,0
2024-12-19 01:00:00,2595.28,2618.0,2593.34,2611.9,0
2024-12-19 02:00:00,2611.86,2613.92,2606.2,2612.02,0
2024-12-19 03:00:00,2612.01,2613.27,2607.64,2610.34,0
2024-12-19 04:00:00,2610.38,2611.53,2607.04,2609.32,0
2024-12-19 05:00:00,2609.27,2610.47,2606.5,2607.22,0
2024-12-19 06:00:00,2607.18,2614.16,2603.36,2612.98,0
2024-12-19 07:00:00,2613.01,2622.6,2611.86,2616.58,0
2024-12-19 08:00:00,2616.59,2619.16,2613.27,2618.49,0
2024-12-19 09:00:00,2618.48,2622.86,2618.45,2620.44,0
2024-12-19 10:00:00,2620.45,2626.4,2617.38,2619.58,0
2024-12-19 11:00:00,2619.57,2622.02,2616.18,2616.85,0
2024-12-19 12:00:00,2616.8,2616.8,2604.42,2606.25,0
2024-12-19 13:00:00,2606.27,2606.27,2595.25,2596.45,0
2024-12-19 14:00:00,2596.44,2600.84,2591.99,2592.54,0
2024-12-19 15:00:00,2592.41,2595.9,2586.97,2588.5,0
2024-12-19 16:00:00,2588.49,2596.61,2587.25,2591.8,0
2024-12-19 17:00:00,2591.79,2594.24,2590.78,2592.72,0
2024-12-19 18:00:00,2592.73,2599.98,2591.79,2599.76,0
2024-12-19 19:00:00,2599.78,2601.06,2596.72,2596.79,0
2024-12-19 20:00:00,2596.81,2600.34,2596.54,2596.77,0
2024-12-19 21:00:00,2596.79,2597.05,2593.19,2594.39,0
2024-12-19 23:00:00,2594.36,2595.82,2592.31,2593.58,0
2024-12-20 00:00:00,2593.55,2595.36,2590.48,2590.82,0
2024-12-20 01:00:00,2590.82,2603.8,2589.62,2603.74,0
2024-12-20 02:00:00,2603.73,2603.95,2595.61,2597.14,0
2024-12-20 03:00:00,2597.14,2599.05,2595.81,2598.52,0
2024-12-20 04:00:00,2598.52,2601.05,2597.49,2598.05,0
2024-12-20 05:00:00,2598.05,2601.31,2596.5,2600.43,0
2024-12-20 06:00:00,2600.44,2605.36,2598.96,2604.83,0
2024-12-20 07:00:00,2604.77,2607.52,2602.52,2606.37,0
2024-12-20 08:00:00,2606.39,2607.7,2604.34,2605.48,0
2024-12-20 09:00:00,2605.48,2606.64,2603.2,2605.04,0
2024-12-20 10:00:00,2604.98,2606.91,2604.09,2604.29,0
2024-12-20 11:00:00,2604.28,2604.83,2600.21,2603.71,0
2024-12-20 12:00:00,2603.71,2606.24,2602.24,2603.65,0
2024-12-20 13:00:00,2603.64,2614.12,2600.22,2609.61,0
2024-12-20 14:00:00,2609.62,2618.39,2608.54,2617.17,0
2024-12-20 15:00:00,2617.3,2631.18,2616.33,2630.4,0
2024-12-20 16:00:00,2630.42,2632.06,2622.42,2625.13,0
2024-12-20 17:00:00,2625.14,2627.5,2622.11,2625.67,0
2024-12-20 18:00:00,2625.67,2627.38,2623.46,2626.21,0
2024-12-20 19:00:00,2626.2,2629.34,2625.1,2627.9,0
2024-12-20 20:00:00,2627.87,2628.08,2622.27,2622.81,0
2024-12-20 21:00:00,2622.8,2624.15,2619.36,2623.03,0
2024-12-22 23:00:00,2621.51,2626.27,2619.85,2624.2,0
2024-12-23 00:00:00,2624.33,2625.19,2617.38,2621.68,0
2024-12-23 01:00:00,2621.65,2624.09,2618.44,2620.81,0
2024-12-23 02:00:00,2620.74,2627.46,2620.55,2625.85,0
2024-12-23 03:00:00,2625.84,2626.99,2622.4,2624.1,0
2024-12-23 04:00:00,2624.08,2626.42,2623.93,2625.46,0
2024-12-23 05:00:00,2625.45,2629.22,2624.97,2626.84,0
2024-12-23 06:00:00,2626.83,2632.97,2624.58,2631.64,0
2024-12-23 07:00:00,2631.69,2633.41,2629.48,2630.35,0
2024-12-23 08:00:00,2630.34,2632.12,2626.12,2630.0,0
2024-12-23 09:00:00,2629.99,2630.8,2625.95,2626.32,0
2024-12-23 10:00:00,2626.31,2626.93,2619.09,2619.46,0
2024-12-23 11:00:00,2619.44,2620.09,2613.14,2616.28,0
2024-12-23 12:00:00,2616.33,2618.74,2614.12,2615.1,0
2024-12-23 13:00:00,2615.08,2619.94,2613.92,2617.49,0
2024-12-23 14:00:00,2617.48,2619.9,2613.73,2615.74,0
2024-12-23 15:00:00,2615.72,2616.68,2609.41,2609.84,0
2024-12-23 16:00:00,2609.85,2616.12,2608.16,2615.92,0
2024-12-23 17:00:00,2615.92,2616.64,2610.73,2611.26,0
2024-12-23 18:00:00,2611.22,2612.71,2609.93,2610.49,0
2024-12-23 19:00:00,2610.51,2612.64,2609.76,2611.24,0
2024-12-23 20:00:00,2611.23,2612.69,2609.18,2611.0,0
2024-12-23 21:00:00,2611.1,2613.61,2610.3,2612.77,0
2024-12-23 23:00:00,2613.02,2617.09,2612.87,2615.52,0
2024-12-24 00:00:00,2615.51,2617.44,2613.49,2616.71,0
2024-12-24 01:00:00,2616.72,2617.98,2614.5,2617.58,0
2024-12-24 02:00:00,2617.55,2619.98,2616.78,2616.91,0
2024-12-24 03:00:00,2616.9,2618.74,2615.78,2618.74,0
2024-12-24 04:00:00,2618.76,2620.46,2618.34,2620.24,0
2024-12-24 05:00:00,2620.22,2621.48,2618.34,2619.33,0
2024-12-24 06:00:00,2619.34,2619.88,2616.37,2619.0,0
2024-12-24 07:00:00,2618.97,2621.51,2617.93,2618.33,0
2024-12-24 08:00:00,2618.39,2619.81,2616.69,2617.32,0
2024-12-24 09:00:00,2617.33,2618.45,2613.32,2613.68,0
2024-12-24 10:00:00,2613.68,2618.03,2613.16,2615.63,0
2024-12-24 11:00:00,2615.63,2616.24,2612.52,2615.11,0
2024-12-24 12:00:00,2615.17,2616.4,2612.65,2613.86,0
2024-12-24 13:00:00,2613.8,2614.86,2611.28,2614.19,0
2024-12-24 14:00:00,2614.19,2617.2,2610.27,2611.06,0
2024-12-24 15:00:00,2611.09,2613.58,2610.08,2611.75,0
2024-12-24 16:00:00,2611.74,2617.9,2611.61,2615.98,0
2024-12-24 17:00:00,2615.91,2619.36,2615.28,2617.03,0
2024-12-24 18:00:00,2616.95,2617.85,2615.03,2616.98,0
2024-12-25 23:00:00,2615.88,2620.21,2614.78,2618.64,0
2024-12-26 00:00:00,2618.64,2622.86,2618.62,2621.54,0
2024-12-26 01:00:00,2621.53,2627.78,2620.87,2626.74,0
2024-12-26 02:00:00,2626.73,2627.86,2625.82,2627.61,0
2024-12-26 03:00:00,2627.63,2629.05,2625.63,2626.99,0
2024-12-26 04:00:00,2626.99,2629.24,2626.38,2627.32,0
2024-12-26 05:00:00,2627.32,2628.18,2626.07,2626.38,0
2024-12-26 06:00:00,2626.37,2627.45,2624.6,2626.06,0
2024-12-26 07:00:00,2626.06,2629.6,2623.56,2625.43,0
2024-12-26 08:00:00,2625.43,2629.01,2625.04,2627.46,0
2024-12-26 09:00:00,2627.46,2628.18,2625.78,2627.31,0
2024-12-26 10:00:00,2627.38,2629.42,2626.7,2628.73,0
2024-12-26 11:00:00,2628.72,2629.95,2627.72,2627.83,0
2024-12-26 12:00:00,2627.82,2628.44,2624.59,2626.68,0
2024-12-26 13:00:00,2626.66,2631.11,2621.67,2623.13,0
2024-12-26 14:00:00,2623.12,2630.18,2622.56,2630.0,0
2024-12-26 15:00:00,2629.94,2639.13,2628.96,2636.47,0
2024-12-26 16:00:00,2636.5,2636.77,2631.53,2632.11,0
2024-12-26 17:00:00,2632.1,2632.18,2627.95,2629.36,0
2024-12-26 18:00:00,2629.35,2635.98,2629.24,2634.73,0
2024-12-26 19:00:00,2634.7,2635.96,2632.64,2635.0,0
2024-12-26 20:00:00,2635.02,2636.16,2633.7,2634.29,0
2024-12-26 21:00:00,2634.32,2634.52,2633.12,2633.53,0
2024-12-26 23:00:00,2636.16,2636.16,2629.4,2632.62,0
2024-12-27 00:00:00,2632.62,2633.95,2631.3,2631.32,0
2024-12-27 01:00:00,2631.32,2633.86,2630.73,2632.28,0
2024-12-27 02:00:00,2632.28,2633.68,2628.82,2632.93,0
2024-12-27 03:00:00,2632.94,2635.53,2631.61,2633.86,0
2024-12-27 04:00:00,2633.86,2634.1,2632.08,2633.64,0
2024-12-27 05:00:00,2633.61,2634.26,2631.46,2631.47,0
2024-12-27 06:00:00,2631.46,2637.0,2631.24,2634.59,0
2024-12-27 07:00:00,2634.47,2638.16,2633.28,2633.55,0
2024-12-27 08:00:00,2633.47,2633.47,2626.07,2626.17,0
2024-12-27 09:00:00,2626.2,2627.69,2623.68,2624.1,0
2024-12-27 10:00:00,2624.12,2628.11,2623.37,2626.68,0
2024-12-27 11:00:00,2626.68,2628.9,2625.3,2628.72,0
2024-12-27 12:00:00,2628.8,2631.68,2625.74,2626.34,0
2024-12-27 13:00:00,2626.35,2627.22,2618.12,2618.79,0
2024-12-27 14:00:00,2618.8,2619.38,2611.68,2615.82,0
2024-12-27 15:00:00,2615.75,2619.4,2613.02,2618.19,0
2024-12-27 16:00:00,2618.2,2619.8,2615.4,2617.94,0
2024-12-27 17:00:00,2617.94,2618.28,2614.14,2615.94,0
2024-12-27 18:00:00,2615.93,2620.15,2615.29,2618.5,0
2024-12-27 19:00:00,2618.51,2621.36,2617.21,2620.68,0
2024-12-27 20:00:00,2620.69,2620.78,2612.62,2615.42,0
2024-12-27 21:00:00,2615.47,2621.56,2615.38,2621.54,0
2024-12-29 23:00:00,2618.93,2626.04,2618.93,2624.0,0
2024-12-30 00:00:00,2624.0,2625.41,2621.39,2622.5,0
2024-12-30 01:00:00,2622.38,2626.71,2622.16,2624.2,0
2024-12-30 02:00:00,2624.22,2625.4,2622.44,2623.96,0
2024-12-30 03:00:00,2623.96,2627.99,2623.17,2626.52,0
2024-12-30 04:00:00,2626.52,2626.52,2621.58,2622.26,0
2024-12-30 05:00:00,2622.27,2624.27,2620.52,2623.76,0
2024-12-30 06:00:00,2623.75,2624.56,2618.22,2619.1,0
2024-12-30 07:00:00,2619.13,2620.01,2615.94,2616.99,0
2024-12-30 08:00:00,2616.98,2617.45,2609.13,2612.03,0
2024-12-30 09:00:00,2612.05,2617.44,2611.38,2612.76,0
2024-12-30 10:00:00,2612.73,2615.35,2610.63,2610.68,0
2024-12-30 11:00:00,2610.68,2618.75,2609.19,2616.36,0
2024-12-30 12:00:00,2616.35,2622.49,2615.48,2621.54,0
2024-12-30 13:00:00,2621.52,2622.61,2606.43,2606.68,0
2024-12-30 14:00:00,2606.69,2613.81,2605.47,2611.47,0
2024-12-30 15:00:00,2611.54,2611.73,2599.73,2601.64,0
2024-12-30 16:00:00,2601.64,2602.88,2596.2,2599.84,0
2024-12-30 17:00:00,2599.83,2605.62,2599.83,2605.24,0
2024-12-30 18:00:00,2605.25,2606.73,2603.52,2606.12,0
2024-12-30 19:00:00,2606.1,2608.39,2603.68,2607.16,0
2024-12-30 20:00:00,2607.16,2609.54,2606.46,2607.81,0
2024-12-30 21:00:00,2607.82,2608.13,2605.7,2605.96,0
2024-12-30 23:00:00,2604.67,2607.37,2603.86,2606.64,0
2024-12-31 00:00:00,2606.58,2608.61,2605.04,2607.7,0
2024-12-31 01:00:00,2607.64,2611.54,2606.65,2608.82,0
2024-12-31 02:00:00,2608.84,2609.55,2606.8,2607.15,0
2024-12-31 03:00:00,2607.1,2607.67,2603.48,2604.65,0
2024-12-31 04:00:00,2604.66,2607.01,2604.33,2606.46,0
2024-12-31 05:00:00,2606.48,2608.04,2602.61,2604.41,0
2024-12-31 06:00:00,2604.39,2608.56,2603.52,2607.83,0
2024-12-31 07:00:00,2607.83,2614.2,2607.22,2613.83,0
2024-12-31 08:00:00,2613.87,2617.76,2612.83,2616.59,0
2024-12-31 09:00:00,2616.56,2616.78,2613.04,2615.3,0
2024-12-31 10:00:00,2615.31,2615.77,2610.85,2611.8,0
2024-12-31 11:00:00,2611.81,2614.19,2609.74,2611.08,0
2024-12-31 12:00:00,2611.07,2612.76,2609.36,2611.22,0
2024-12-31 13:00:00,2611.24,2616.24,2605.38,2613.22,0
2024-12-31 14:00:00,2613.25,2617.86,2611.33,2613.83,0
2024-12-31 15:00:00,2613.69,2626.62,2612.42,2625.72,0
2024-12-31 16:00:00,2625.67,2627.17,2622.29,2625.31,0
2024-12-31 17:00:00,2625.37,2627.5,2623.13,2624.28,0
2024-12-31 18:00:00,2624.18,2627.12,2622.54,2624.98,0
2024-12-31 19:00:00,2624.99,2627.24,2622.82,2623.7,0
2024-12-31 20:00:00,2623.7,2624.98,2622.08,2623.1,0
2024-12-31 21:00:00,2623.12,2624.98,2622.83,2624.43,0
2025-01-01 23:00:00,2625.14,2625.66,2621.74,2623.72,0
2025-01-02 00:00:00,2623.92,2627.78,2622.66,2625.36,0
2025-01-02 01:00:00,2625.36,2634.58,2623.84,2632.98,0
2025-01-02 02:00:00,2632.98,2636.56,2632.32,2634.78,0
2025-01-02 03:00:00,2634.76,2635.44,2632.26,2633.62,0
2025-01-02 04:00:00,2633.63,2634.16,2631.1,2634.0,0
2025-01-02 05:00:00,2634.0,2636.43,2633.01,2634.0,0
2025-01-02 06:00:00,2633.98,2635.43,2631.36,2634.24,0
2025-01-02 07:00:00,2634.24,2636.07,2632.98,2636.03,0
2025-01-02 08:00:00,2636.02,2637.68,2631.22,2636.5,0
2025-01-02 09:00:00,2636.55,2640.01,2636.0,2636.08,0
2025-01-02 10:00:00,2636.08,2646.24,2632.76,2642.76,0
2025-01-02 11:00:00,2642.77,2644.61,2640.31,2642.04,0
2025-01-02 12:00:00,2642.06,2646.43,2640.36,2643.44,0
2025-01-02 13:00:00,2643.38,2647.26,2636.12,2642.91,0
2025-01-02 14:00:00,2642.87,2651.01,2640.42,2647.69,0
2025-01-02 15:00:00,2647.55,2655.84,2645.21,2654.08,0
2025-01-02 16:00:00,2654.08,2660.38,2650.0,2659.26,0
2025-01-02 17:00:00,2659.26,2660.44,2652.5,2656.56,0
2025-01-02 18:00:00,2656.63,2658.79,2653.78,2655.46,0
2025-01-02 19:00:00,2655.46,2657.17,2653.8,2654.68,0
2025-01-02 20:00:00,2654.68,2660.43,2654.12,2659.74,0
2025-01-02 21:00:00,2659.66,2660.18,2656.5,2657.98,0
2025-01-02 23:00:00,2658.32,2659.6,2657.43,2658.42,0
2025-01-03 00:00:00,2658.48,2661.09,2658.42,2660.8,0
2025-01-03 01:00:00,2660.82,2662.58,2656.64,2659.5,0
2025-01-03 02:00:00,2659.44,2664.08,2656.28,2662.56,0
2025-01-03 03:00:00,2662.56,2665.36,2661.26,2662.37,0
2025-01-03 04:00:00,2662.38,2664.35,2661.79,2662.88,0
2025-01-03 05:00:00,2662.88,2662.96,2655.93,2658.66,0
2025-01-03 06:00:00,2658.66,2660.34,2656.63,2659.64,0
2025-01-03 07:00:00,2659.64,2659.64,2651.84,2654.32,0
2025-01-03 08:00:00,2654.22,2655.8,2649.92,2653.04,0
2025-01-03 09:00:00,2653.03,2655.85,2652.91,2653.76,0
2025-01-03 10:00:00,2653.75,2658.16,2653.14,2657.84,0
2025-01-03 11:00:00,2657.83,2659.37,2656.22,2657.65,0
2025-01-03 12:00:00,2657.64,2658.33,2654.78,2655.3,0
2025-01-03 13:00:00,2655.28,2656.39,2643.48,2649.94,0
2025-01-03 14:00:00,2649.94,2652.65,2645.16,2647.86,0
2025-01-03 15:00:00,2647.63,2648.29,2640.95,2644.01,0
2025-01-03 16:00:00,2643.97,2647.22,2639.12,2640.01,0
2025-01-03 17:00:00,2640.0,2642.68,2639.16,2641.82,0
2025-01-03 18:00:00,2641.83,2642.35,2639.73,2641.93,0
2025-01-03 19:00:00,2641.91,2642.94,2639.14,2639.56,0
2025-01-03 20:00:00,2639.54,2640.14,2637.02,2638.33,0
2025-01-03 21:00:00,2638.34,2640.77,2636.7,2639.98,0
2025-01-05 23:00:00,2642.74,2642.85,2639.01,2641.08,0
2025-01-06 00:00:00,2641.07,2643.32,2638.56,2643.22,0
2025-01-06 01:00:00,2643.22,2647.41,2640.8,2641.38,0
2025-01-06 02:00:00,2641.39,2645.26,2639.82,2644.52,0
2025-01-06 03:00:00,2644.52,2645.31,2639.13,2640.21,0
2025-01-06 04:00:00,2640.2,2640.78,2634.56,2635.48,0
2025-01-06 05:00:00,2635.48,2636.21,2631.6,2633.92,0
2025-01-06 06:00:00,2633.96,2635.31,2630.28,2631.52,0
2025-01-06 07:00:00,2631.52,2633.68,2625.26,2626.86,0
2025-01-06 08:00:00,2626.89,2632.55,2625.79,2631.49,0
2025-01-06 09:00:00,2631.48,2635.79,2631.15,2632.83,0
2025-01-06 10:00:00,2632.82,2635.04,2630.96,2633.64,0
2025-01-06 11:00:00,2633.65,2649.48,2632.58,2645.63,0
2025-01-06 12:00:00,2645.62,2647.84,2641.97,2645.35,0
2025-01-06 13:00:00,2645.33,2648.85,2622.04,2624.23,0
2025-01-06 14:00:00,2624.22,2634.82,2614.79,2631.63,0
2025-01-06 15:00:00,2631.48,2639.63,2629.36,2634.37,0
2025-01-06 16:00:00,2634.4,2641.25,2632.58,2640.74,0
2025-01-06 17:00:00,2640.73,2641.02,2634.27,2636.74,0
2025-01-06 18:00:00,2636.76,2638.6,2633.81,2634.62,0
2025-01-06 19:00:00,2634.64,2635.51,2632.98,2634.34,0
2025-01-06 20:00:00,2634.33,2635.47,2633.17,2634.58,0
2025-01-06 21:00:00,2634.6,2637.06,2634.6,2635.77,0
2025-01-06 23:00:00,2636.2,2636.21,2633.58,2634.62,0
2025-01-07 00:00:00,2634.7,2635.19,2632.91,2635.04,0
2025-01-07 01:00:00,2635.02,2641.15,2634.78,2638.98,0
2025-01-07 02:00:00,2638.97,2640.1,2636.84,2638.5,0
2025-01-07 03:00:00,2638.62,2640.22,2637.56,2639.58,0
2025-01-07 04:00:00,2639.57,2639.78,2637.4,2638.3,0
2025-01-07 05:00:00,2638.28,2645.74,2637.06,2644.46,0
2025-01-07 06:00:00,2644.46,2646.72,2639.73,2640.22,0
2025-01-07 07:00:00,2640.23,2642.21,2638.07,2640.59,0
2025-01-07 08:00:00,2640.55,2644.89,2640.2,2642.74,0
2025-01-07 09:00:00,2642.74,2644.15,2640.1,2641.42,0
2025-01-07 10:00:00,2641.46,2644.85,2641.35,2643.98,0
2025-01-07 11:00:00,2643.98,2648.68,2642.01,2648.5,0
2025-01-07 12:00:00,2648.44,2652.76,2647.43,2651.66,0
2025-01-07 13:00:00,2651.66,2664.27,2650.03,2662.36,0
2025-01-07 14:00:00,2662.38,2663.06,2655.82,2658.67,0
2025-01-07 15:00:00,2658.51,2658.51,2642.24,2647.71,0
2025-01-07 16:00:00,2647.69,2655.67,2646.54,2651.87,0
2025-01-07 17:00:00,2651.84,2656.11,2650.38,2652.63,0
2025-01-07 18:00:00,2652.63,2652.73,2647.38,2649.21,0
2025-01-07 19:00:00,2649.22,2650.48,2647.01,2649.41,0
2025-01-07 20:00:00,2649.39,2651.55,2647.24,2650.46,0
2025-01-07 21:00:00,2650.49,2650.51,2647.75,2648.42,0
2025-01-07 23:00:00,2648.38,2650.24,2648.22,2649.7,0
2025-01-08 00:00:00,2649.66,2651.58,2648.64,2650.56,0
2025-01-08 01:00:00,2650.56,2650.98,2647.14,2648.81,0
2025-01-08 02:00:00,2648.82,2650.28,2645.83,2648.85,0
2025-01-08 03:00:00,2648.83,2648.83,2645.58,2646.91,0
2025-01-08 04:00:00,2646.89,2648.76,2645.3,2647.01,0
2025-01-08 05:00:00,2646.99,2650.68,2646.71,2649.99,0
2025-01-08 06:00:00,2649.98,2653.06,2648.89,2652.23,0
2025-01-08 07:00:00,2652.24,2654.47,2651.67,2652.65,0
2025-01-08 08:00:00,2652.69,2653.83,2649.63,2652.02,0
2025-01-08 09:00:00,2652.05,2655.02,2651.8,2653.68,0
2025-01-08 10:00:00,2653.67,2655.13,2652.62,2653.16,0
2025-01-08 11:00:00,2653.17,2653.17,2647.56,2650.83,0
2025-01-08 12:00:00,2650.84,2652.43,2645.87,2652.04,0
2025-01-08 13:00:00,2652.03,2660.39,2651.52,2660.23,0
2025-01-08 14:00:00,2660.21,2667.63,2660.0,2661.45,0
2025-01-08 15:00:00,2661.46,2667.84,2659.49,2665.78,0
2025-01-08 16:00:00,2665.8,2669.98,2662.64,2669.53,0
2025-01-08 17:00:00,2669.57,2669.75,2649.48,2655.6,0
2025-01-08 18:00:00,2655.58,2659.16,2651.68,2653.23,0
2025-01-08 19:00:00,2653.38,2660.6,2652.38,2658.27,0
2025-01-08 20:00:00,2658.29,2664.03,2658.29,2663.38,0
2025-01-08 21:00:00,2663.39,2664.07,2660.78,2661.44,0
2025-01-08 23:00:00,2660.75,2663.22,2660.75,2662.57,0
2025-01-09 00:00:00,2662.56,2662.81,2659.45,2660.01,0
2025-01-09 01:00:00,2659.99,2661.5,2657.32,2658.53,0
2025-01-09 02:00:00,2658.52,2660.12,2656.43,2658.88,0
2025-01-09 03:00:00,2658.88,2662.08,2658.65,2659.42,0
2025-01-09 04:00:00,2659.43,2659.77,2655.56,2659.08,0
2025-01-09 05:00:00,2659.08,2660.97,2657.72,2658.43,0
2025-01-09 06:00:00,2658.43,2666.92,2658.42,2666.73,0
2025-01-09 07:00:00,2666.75,2666.76,2662.26,2662.4,0
2025-01-09 08:00:00,2662.4,2666.85,2660.45,2664.53,0
2025-01-09 09:00:00,2664.52,2666.48,2662.26,2664.9,0
2025-01-09 10:00:00,2664.91,2668.64,2664.45,2667.49,0
2025-01-09 11:00:00,2667.48,2673.29,2665.28,2670.25,0
2025-01-09 12:00:00,2670.27,2675.18,2669.54,2674.11,0
2025-01-09 13:00:00,2674.1,2678.22,2672.02,2672.8,0
2025-01-09 14:00:00,2672.79,2675.7,2667.22,2672.41,0
2025-01-09 15:00:00,2672.44,2675.46,2668.1,2668.32,0
2025-01-09 16:00:00,2668.32,2670.98,2666.33,2667.67,0
2025-01-09 17:00:00,2667.62,2668.67,2662.73,2665.97,0
2025-01-09 18:00:00,2665.98,2672.58,2665.06,2671.39,0
2025-01-09 19:00:00,2671.4,2671.79,2668.66,2670.14,0
2025-01-09 20:00:00,2670.19,2670.92,2669.28,2669.54,0
2025-01-09 21:00:00,2669.53,2671.28,2668.92,2670.34,0
2025-01-09 23:00:00,2670.44,2671.27,2668.42,2670.08,0
2025-01-10 00:00:00,2670.15,2671.22,2668.84,2670.51,0
2025-01-10 01:00:00,2670.52,2671.99,2669.2,2671.11,0
2025-01-10 02:00:00,2671.11,2674.75,2670.48,2673.42,0
2025-01-10 03:00:00,2673.41,2674.83,2672.49,2673.77,0
2025-01-10 04:00:00,2673.77,2674.08,2671.76,2671.77,0
2025-01-10 05:00:00,2671.73,2675.94,2671.57,2675.0,0
2025-01-10 06:00:00,2675.0,2678.48,2674.28,2678.18,0
2025-01-10 07:00:00,2678.18,2678.68,2673.5,2676.24,0
2025-01-10 08:00:00,2676.25,2680.38,2675.78,2680.1,0
2025-01-10 09:00:00,2680.07,2682.29,2677.73,2678.6,0
2025-01-10 10:00:00,2678.61,2682.66,2678.36,2681.02,0
2025-01-10 11:00:00,2681.03,2683.11,2680.21,2681.3,0
2025-01-10 12:00:00,2681.3,2681.37,2674.84,2678.3,0
2025-01-10 13:00:00,2678.29,2683.73,2664.1,2682.63,0
2025-01-10 14:00:00,2682.58,2693.41,2680.93,2688.18,0
2025-01-10 15:00:00,2686.91,2697.88,2682.51,2692.71,0
2025-01-10 16:00:00,2692.6,2697.21,2686.78,2696.4,0
2025-01-10 17:00:00,2696.54,2697.8,2692.46,2696.06,0
2025-01-10 18:00:00,2696.07,2697.18,2685.09,2687.27,0
2025-01-10 19:00:00,2687.29,2687.94,2684.55,2686.07,0
2025-01-10 20:00:00,2686.06,2690.88,2684.54,2690.64,0
2025-01-10 21:00:00,2690.56,2693.38,2688.75,2688.96,0
2025-01-12 23:00:00,2690.82,2692.15,2686.17,2691.09,0
2025-01-13 00:00:00,2691.03,2693.44,2688.19,2689.64,0
2025-01-13 01:00:00,2689.68,2689.89,2679.34,2685.78,0
2025-01-13 02:00:00,2685.75,2690.58,2684.94,2688.67,0
2025-01-13 03:00:00,2688.68,2688.73,2685.42,2687.92,0
2025-01-13 04:00:00,2687.96,2690.76,2684.33,2686.02,0
2025-01-13 05:00:00,2686.06,2686.98,2683.34,2686.98,0
2025-01-13 06:00:00,2686.97,2691.26,2686.97,2689.91,0
2025-01-13 07:00:00,2689.91,2690.3,2684.48,2685.18,0
2025-01-13 08:00:00,2685.21,2689.71,2684.09,2687.27,0
2025-01-13 09:00:00,2687.26,2688.51,2683.32,2684.82,0
2025-01-13 10:00:00,2684.74,2685.03,2677.27,2679.44,0
2025-01-13 11:00:00,2679.46,2680.59,2675.43,2676.04,0
2025-01-13 12:00:00,2676.0,2677.24,2664.24,2671.11,0
2025-01-13 13:00:00,2671.29,2672.23,2663.8,2669.27,0
2025-01-13 14:00:00,2669.29,2674.36,2664.18,2671.85,0
2025-01-13 15:00:00,2671.86,2672.96,2661.16,2661.9,0
2025-01-13 16:00:00,2661.87,2667.92,2660.92,2661.42,0
2025-01-13 17:00:00,2661.47,2664.22,2659.24,2660.9,0
2025-01-13 18:00:00,2660.9,2662.48,2657.64,2659.3,0
2025-01-13 19:00:00,2659.31,2660.73,2656.71,2658.9,0
2025-01-13 20:00:00,2658.88,2662.8,2658.76,2662.25,0
2025-01-13 21:00:00,2662.26,2664.18,2660.87,2662.98,0
2025-01-13 23:00:00,2663.54,2669.42,2663.15,2667.92,0
2025-01-14 00:00:00,2667.96,2671.1,2666.41,2670.44,0
2025-01-14 01:00:00,2670.43,2672.2,2667.92,2670.75,0
2025-01-14 02:00:00,2670.77,2672.18,2668.6,2670.44,0
2025-01-14 03:00:00,2670.42,2672.32,2668.86,2669.81,0
2025-01-14 04:00:00,2669.82,2674.08,2668.47,2673.59,0
2025-01-14 05:00:00,2673.62,2675.29,2667.35,2668.64,0
2025-01-14 06:00:00,2668.68,2669.63,2667.4,2669.21,0
2025-01-14 07:00:00,2669.21,2671.02,2667.16,2669.29,0
2025-01-14 08:00:00,2669.33,2674.44,2667.28,2671.05,0
2025-01-14 09:00:00,2671.02,2671.59,2664.76,2667.24,0
2025-01-14 10:00:00,2667.27,2668.86,2664.67,2666.66,0
2025-01-14 11:00:00,2666.67,2669.86,2664.64,2669.34,0
2025-01-14 12:00:00,2669.29,2671.63,2666.6,2668.4,0
2025-01-14 13:00:00,2668.39,2674.29,2660.87,2663.0,0
2025-01-14 14:00:00,2662.98,2666.0,2659.94,2665.34,0
2025-01-14 15:00:00,2665.3,2672.77,2665.21,2671.77,0
2025-01-14 16:00:00,2671.78,2673.97,2669.88,2671.57,0
2025-01-14 17:00:00,2671.55,2671.89,2668.12,2669.07,0
2025-01-14 18:00:00,2669.04,2672.57,2666.66,2672.38,0
2025-01-14 19:00:00,2672.38,2676.31,2671.89,2674.26,0
2025-01-14 20:00:00,2674.27,2676.46,2671.85,2676.46,0
2025-01-14 21:00:00,2676.46,2678.2,2675.69,2677.37,0
2025-01-14 23:00:00,2675.04,2679.22,2674.04,2675.62,0
2025-01-15 00:00:00,2675.65,2675.95,2672.57,2672.7,0
2025-01-15 01:00:00,2672.71,2674.36,2669.75,2669.89,0
2025-01-15 02:00:00,2669.89,2675.06,2669.27,2673.42,0
2025-01-15 03:00:00,2673.42,2676.43,2672.26,2676.18,0
2025-01-15 04:00:00,2676.19,2676.81,2674.27,2675.65,0
2025-01-15 05:00:00,2675.65,2679.41,2674.67,2679.38,0
2025-01-15 06:00:00,2679.4,2683.34,2679.12,2681.0,0
2025-01-15 07:00:00,2681.13,2684.15,2679.98,2681.36,0
2025-01-15 08:00:00,2681.4,2685.48,2681.23,2683.88,0
2025-01-15 09:00:00,2684.02,2688.49,2683.0,2685.9,0
2025-01-15 10:00:00,2685.89,2689.01,2684.7,2688.43,0
2025-01-15 11:00:00,2688.55,2688.95,2685.05,2686.7,0
2025-01-15 12:00:00,2686.82,2687.41,2684.12,2684.69,0
2025-01-15 13:00:00,2684.71,2694.16,2682.15,2693.83,0
2025-01-15 14:00:00,2693.75,2695.96,2678.2,2682.09,0
2025-01-15 15:00:00,2682.1,2683.05,2676.72,2678.52,0
2025-01-15 16:00:00,2678.55,2690.03,2677.04,2689.37,0
2025-01-15 17:00:00,2689.42,2692.9,2688.33,2692.81,0
2025-01-15 18:00:00,2692.77,2694.87,2691.1,2694.07,0
2025-01-15 19:00:00,2694.04,2695.1,2692.56,2694.0,0
2025-01-15 20:00:00,2694.01,2696.52,2693.07,2696.32,0
2025-01-15 21:00:00,2696.34,2697.32,2693.85,2696.28,0
2025-01-15 23:00:00,2694.56,2697.46,2694.42,2694.94,0
2025-01-16 00:00:00,2695.01,2698.21,2693.03,2695.19,0
2025-01-16 01:00:00,2695.21,2702.12,2694.41,2696.16,0
2025-01-16 02:00:00,2696.19,2698.2,2695.33,2697.51,0
2025-01-16 03:00:00,2697.49,2698.3,2695.58,2697.23,0
2025-01-16 04:00:00,2697.15,2698.05,2696.64,2697.24,0
2025-01-16 05:00:00,2697.23,2697.46,2693.69,2694.87,0
2025-01-16 06:00:00,2694.9,2695.73,2689.94,2693.98,0
2025-01-16 07:00:00,2693.96,2699.98,2693.48,2698.24,0
2025-01-16 08:00:00,2698.31,2703.37,2697.1,2698.94,0
2025-01-16 09:00:00,2698.95,2706.25,2697.5,2705.49,0
2025-01-16 10:00:00,2705.49,2708.61,2704.77,2707.72,0
2025-01-16 11:00:00,2707.76,2711.26,2706.24,2706.4,0
2025-01-16 12:00:00,2706.41,2707.3,2700.21,2703.67,0
2025-01-16 13:00:00,2703.66,2718.23,2701.36,2715.44,0
2025-01-16 14:00:00,2715.46,2719.21,2712.92,2718.37,0
2025-01-16 15:00:00,2718.58,2719.52,2712.48,2716.9,0
2025-01-16 16:00:00,2716.9,2722.51,2716.56,2720.39,0
2025-01-16 17:00:00,2720.48,2724.76,2719.5,2721.76,0
2025-01-16 18:00:00,2721.77,2723.21,2714.72,2715.26,0
2025-01-16 19:00:00,2715.27,2717.3,2714.72,2715.28,0
2025-01-16 20:00:00,2715.28,2717.02,2714.27,2715.78,0
2025-01-16 21:00:00,2715.74,2715.88,2712.52,2714.26,0
2025-01-16 23:00:00,2714.2,2715.03,2712.37,2714.57,0
2025-01-17 00:00:00,2714.56,2716.12,2713.85,2714.74,0
2025-01-17 01:00:00,2714.73,2714.8,2709.92,2714.74,0
2025-01-17 02:00:00,2714.79,2717.08,2713.97,2715.94,0
2025-01-17 03:00:00,2715.86,2717.39,2714.65,2715.41,0
2025-01-17 04:00:00,2715.41,2716.55,2714.25,2714.82,0
2025-01-17 05:00:00,2714.8,2715.45,2710.81,2711.58,0
2025-01-17 06:00:00,2711.59,2713.33,2710.53,2712.76,0
2025-01-17 07:00:00,2712.77,2714.73,2708.72,2710.51,0
2025-01-17 08:00:00,2710.53,2713.03,2709.48,2711.74,0
2025-01-17 09:00:00,2711.74,2712.13,2703.98,2705.07,0
2025-01-17 10:00:00,2705.08,2706.17,2702.65,2704.04,0
2025-01-17 11:00:00,2704.1,2708.68,2703.79,2708.09,0
2025-01-17 12:00:00,2708.1,2711.71,2706.81,2710.85,0
2025-01-17 13:00:00,2710.84,2712.17,2704.48,2704.95,0
2025-01-17 14:00:00,2704.97,2712.64,2702.74,2711.78,0
2025-01-17 15:00:00,2711.83,2715.2,2710.2,2714.3,0
2025-01-17 16:00:00,2714.31,2717.37,2713.57,2716.08,0
2025-01-17 17:00:00,2716.07,2716.27,2710.47,2712.61,0
2025-01-17 18:00:00,2712.63,2713.35,2705.3,2705.61,0
2025-01-17 19:00:00,2705.62,2707.29,2702.74,2703.1,0
2025-01-17 20:00:00,2703.12,2704.31,2699.79,2700.91,0
2025-01-17 21:00:00,2700.89,2703.04,2699.24,2702.92,0
2025-01-19 23:00:00,2704.56,2704.56,2691.24,2696.48,0
2025-01-20 00:00:00,2696.45,2696.49,2692.61,2694.62,0
2025-01-20 01:00:00,2694.6,2695.98,2689.33,2693.88,0
2025-01-20 02:00:00,2693.89,2698.0,2693.66,2697.49,0
2025-01-20 03:00:00,2697.5,2703.94,2697.46,2703.46,0
2025-01-20 04:00:00,2703.46,2706.6,2702.23,2706.04,0
2025-01-20 05:00:00,2706.04,2707.57,2703.76,2707.26,0
2025-01-20 06:00:00,2707.26,2713.71,2706.42,2711.77,0
2025-01-20 07:00:00,2711.77,2711.92,2703.02,2703.54,0
2025-01-20 08:00:00,2703.53,2708.1,2703.18,2707.02,0
2025-01-20 09:00:00,2707.03,2708.82,2702.74,2706.02,0
2025-01-20 10:00:00,2706.01,2709.95,2705.21,2708.57,0
2025-01-20 11:00:00,2708.48,2712.47,2704.74,2708.54,0
2025-01-20 12:00:00,2708.58,2710.1,2706.07,2708.33,0
2025-01-20 13:00:00,2708.31,2710.63,2701.41,2705.15,0
2025-01-20 14:00:00,2705.24,2712.37,2705.16,2710.52,0
2025-01-20 15:00:00,2710.53,2710.79,2704.74,2707.03,0
2025-01-20 16:00:00,2707.02,2709.31,2703.37,2707.64,0
2025-01-20 17:00:00,2707.62,2710.15,2704.03,2707.44,0
2025-01-20 18:00:00,2707.44,2711.06,2705.57,2710.63,0
2025-01-20 19:00:00,2710.7,2711.12,2705.5,2707.19,0
2025-01-20 23:00:00,2707.9,2711.24,2706.28,2710.37,0
2025-01-21 00:00:00,2710.31,2711.61,2702.9,2705.65,0
2025-01-21 01:00:00,2705.68,2719.3,2703.18,2717.97,0
2025-01-21 02:00:00,2717.97,2725.74,2717.71,2724.86,0
2025-01-21 03:00:00,2724.8,2727.07,2721.15,2724.2,0
2025-01-21 04:00:00,2724.25,2727.97,2723.04,2727.41,0
2025-01-21 05:00:00,2727.43,2729.2,2725.36,2726.21,0
2025-01-21 06:00:00,2726.19,2729.38,2723.84,2724.27,0
2025-01-21 07:00:00,2724.27,2732.94,2722.68,2729.84,0
2025-01-21 08:00:00,2729.83,2729.83,2721.57,2723.34,0
2025-01-21 09:00:00,2723.35,2724.23,2718.03,2721.25,0
2025-01-21 10:00:00,2721.24,2724.07,2719.04,2719.98,0
2025-01-21 11:00:00,2719.97,2724.62,2716.59,2724.03,0
2025-01-21 12:00:00,2724.15,2727.37,2721.89,2726.91,0
2025-01-21 13:00:00,2726.89,2730.06,2724.59,2726.31,0
2025-01-21 14:00:00,2726.32,2738.61,2725.36,2738.15,0
2025-01-21 15:00:00,2738.14,2740.48,2734.71,2738.85,0
2025-01-21 16:00:00,2738.86,2744.86,2737.73,2743.3,0
2025-01-21 17:00:00,2743.34,2745.66,2740.1,2740.28,0
2025-01-21 18:00:00,2740.27,2745.95,2739.96,2744.62,0
2025-01-21 19:00:00,2744.63,2745.54,2741.29,2742.76,0
2025-01-21 20:00:00,2742.74,2743.27,2740.0,2742.58,0
2025-01-21 21:00:00,2742.55,2745.67,2742.06,2744.69,0
2025-01-21 23:00:00,2740.77,2745.61,2740.56,2744.3,0
2025-01-22 00:00:00,2744.32,2749.12,2742.6,2748.39,0
2025-01-22 01:00:00,2748.37,2749.96,2746.9,2748.01,0
2025-01-22 02:00:00,2748.01,2749.74,2746.22,2749.02,0
2025-01-22 03:00:00,2749.04,2751.26,2748.0,2750.38,0
2025-01-22 04:00:00,2750.37,2752.91,2749.28,2752.13,0
2025-01-22 05:00:00,2752.14,2758.66,2750.4,2758.11,0
2025-01-22 06:00:00,2758.14,2758.21,2745.55,2747.04,0
2025-01-22 07:00:00,2747.04,2754.1,2746.64,2748.72,0
2025-01-22 08:00:00,2748.71,2753.86,2746.93,2753.29,0
2025-01-22 09:00:00,2753.17,2762.31,2752.95,2758.39,0
2025-01-22 10:00:00,2758.41,2763.41,2758.25,2759.95,0
2025-01-22 11:00:00,2760.05,2760.4,2756.12,2756.44,0
2025-01-22 12:00:00,2756.5,2758.72,2751.81,2758.42,0
2025-01-22 13:00:00,2758.43,2761.65,2751.11,2757.83,0
2025-01-22 14:00:00,2757.82,2758.4,2750.38,2754.08,0
2025-01-22 15:00:00,2754.07,2760.27,2750.45,2759.33,0
2025-01-22 16:00:00,2759.32,2760.21,2755.99,2758.37,0
2025-01-22 17:00:00,2758.38,2758.57,2755.96,2756.57,0
2025-01-22 18:00:00,2756.58,2759.42,2754.89,2757.89,0
2025-01-22 19:00:00,2757.91,2757.91,2755.06,2755.37,0
2025-01-22 20:00:00,2755.38,2757.19,2754.9,2756.74,0
2025-01-22 21:00:00,2756.76,2757.18,2754.7,2756.18,0
2025-01-22 23:00:00,2756.12,2756.5,2753.84,2755.29,0
2025-01-23 00:00:00,2755.3,2755.97,2753.11,2755.38,0
2025-01-23 01:00:00,2755.41,2756.24,2750.66,2752.67,0
2025-01-23 02:00:00,2752.67,2754.91,2752.15,2752.67,0
2025-01-23 03:00:00,2752.73,2753.23,2749.48,2750.11,0
2025-01-23 04:00:00,2750.09,2753.64,2749.95,2751.77,0
2025-01-23 05:00:00,2751.78,2753.49,2751.44,2752.0,0
2025-01-23 06:00:00,2752.02,2755.58,2751.17,2753.17,0
2025-01-23 07:00:00,2753.19,2754.74,2751.59,2752.92,0
2025-01-23 08:00:00,2752.86,2754.93,2752.09,2752.73,0
2025-01-23 09:00:00,2752.73,2753.77,2740.96,2745.98,0
2025-01-23 10:00:00,2745.93,2752.52,2745.38,2751.26,0
2025-01-23 11:00:00,2751.33,2754.35,2750.92,2751.89,0
2025-01-23 12:00:00,2751.91,2753.35,2742.11,2744.83,0
2025-01-23 13:00:00,2744.94,2746.14,2735.98,2741.61,0
2025-01-23 14:00:00,2741.65,2747.44,2740.41,2746.27,0
2025-01-23 15:00:00,2746.19,2749.53,2742.29,2746.64,0
2025-01-23 16:00:00,2746.47,2757.53,2744.2,2754.03,0
2025-01-23 17:00:00,2754.02,2758.79,2752.44,2757.74,0
2025-01-23 18:00:00,2757.75,2758.24,2755.22,2755.83,0
2025-01-23 19:00:00,2755.84,2758.16,2753.8,2754.12,0
2025-01-23 20:00:00,2754.13,2754.7,2751.45,2753.9,0
2025-01-23 21:00:00,2753.91,2754.52,2752.22,2754.52,0
2025-01-23 23:00:00,2754.2,2755.62,2753.5,2754.57,0
2025-01-24 00:00:00,2754.5,2760.96,2754.36,2759.62,0
2025-01-24 01:00:00,2759.63,2762.55,2758.65,2762.33,0
2025-01-24 02:00:00,2762.34,2775.32,2762.34,2774.35,0
2025-01-24 03:00:00,2774.27,2777.34,2771.02,2772.5,0
2025-01-24 04:00:00,2772.5,2774.98,2770.57,2772.18,0
2025-01-24 05:00:00,2772.17,2776.63,2772.17,2775.27,0
2025-01-24 06:00:00,2775.26,2778.3,2773.3,2773.9,0
2025-01-24 07:00:00,2773.9,2775.48,2772.08,2772.61,0
2025-01-24 08:00:00,2772.66,2775.42,2770.08,2773.73,0
2025-01-24 09:00:00,2773.47,2777.9,2770.97,2772.88,0
2025-01-24 10:00:00,2772.88,2776.24,2771.56,2775.72,0
2025-01-24 11:00:00,2775.73,2780.04,2774.06,2776.83,0
2025-01-24 12:00:00,2776.75,2779.2,2776.18,2778.64,0
2025-01-24 13:00:00,2778.6,2784.65,2777.82,2782.47,0
2025-01-24 14:00:00,2782.52,2784.45,2773.79,2778.56,0
2025-01-24 15:00:00,2778.52,2786.02,2775.42,2775.72,0
2025-01-24 16:00:00,2775.79,2777.61,2769.99,2771.99,0
2025-01-24 17:00:00,2771.95,2776.16,2770.55,2773.3,0
2025-01-24 18:00:00,2773.3,2774.11,2771.49,2773.42,0
2025-01-24 19:00:00,2773.44,2775.34,2771.35,2774.69,0
2025-01-24 20:00:00,2774.68,2774.88,2770.7,2771.0,0
2025-01-24 21:00:00,2771.05,2772.26,2770.6,2771.48,0
2025-01-26 23:00:00,2770.61,2772.0,2764.89,2767.57,0
2025-01-27 00:00:00,2767.6,2771.0,2766.2,2769.68,0
2025-01-27 01:00:00,2769.65,2772.63,2762.95,2763.03,0
2025-01-27 02:00:00,2763.03,2763.68,2753.97,2756.32,0
2025-01-27 03:00:00,2756.42,2762.75,2755.27,2761.18,0
2025-01-27 04:00:00,2761.15,2761.16,2755.77,2758.2,0
2025-01-27 05:00:00,2758.11,2758.11,2752.88,2753.25,0
2025-01-27 06:00:00,2753.15,2755.09,2750.86,2754.65,0
2025-01-27 07:00:00,2754.65,2755.14,2747.39,2749.4,0
2025-01-27 08:00:00,2749.41,2759.77,2749.31,2757.23,0
2025-01-27 09:00:00,2757.04,2765.0,2755.75,2763.44,0
2025-01-27 10:00:00,2763.45,2770.96,2762.87,2768.04,0
2025-01-27 11:00:00,2767.99,2772.03,2765.04,2771.43,0
2025-01-27 12:00:00,2771.42,2771.73,2760.62,2761.39,0
2025-01-27 13:00:00,2761.39,2762.52,2752.35,2757.29,0
2025-01-27 14:00:00,2757.1,2757.94,2745.1,2751.42,0
2025-01-27 15:00:00,2751.43,2751.43,2739.55,2742.24,0
2025-01-27 16:00:00,2742.22,2743.18,2733.42,2734.51,0
2025-01-27 17:00:00,2734.73,2737.05,2730.59,2733.8,0
2025-01-27 18:00:00,2733.76,2737.94,2733.16,2737.02,0
2025-01-27 19:00:00,2737.05,2740.47,2736.92,2739.31,0
2025-01-27 20:00:00,2739.3,2742.55,2738.12,2741.43,0
2025-01-27 21:00:00,2741.43,2743.92,2740.22,2740.7,0
2025-01-27 23:00:00,2740.35,2745.23,2739.56,2741.89,0
2025-01-28 00:00:00,2741.88,2744.49,2739.87,2740.69,0
2025-01-28 01:00:00,2740.83,2745.14,2739.48,2741.5,0
2025-01-28 02:00:00,2741.49,2741.62,2738.4,2739.46,0
2025-01-28 03:00:00,2739.46,2741.86,2737.89,2738.8,0
2025-01-28 04:00:00,2738.82,2742.59,2738.55,2742.35,0
2025-01-28 05:00:00,2742.6,2744.95,2741.34,2741.79,0
2025-01-28 06:00:00,2741.74,2742.92,2739.12,2739.53,0
2025-01-28 07:00:00,2739.46,2743.12,2738.41,2738.64,0
2025-01-28 08:00:00,2739.01,2741.89,2734.78,2741.23,0
2025-01-28 09:00:00,2741.16,2745.07,2740.46,2743.49,0
2025-01-28 10:00:00,2743.49,2745.31,2741.1,2743.3,0
2025-01-28 11:00:00,2743.29,2744.72,2741.62,2742.77,0
2025-01-28 12:00:00,2742.78,2745.59,2741.24,2745.57,0
2025-01-28 13:00:00,2745.59,2749.56,2745.18,2748.93,0
2025-01-28 14:00:00,2748.94,2756.33,2748.94,2753.56,0
2025-01-28 15:00:00,2753.64,2757.34,2751.15,2755.3,0
2025-01-28 16:00:00,2755.29,2759.64,2755.28,2758.72,0
2025-01-28 17:00:00,2758.74,2760.18,2757.7,2759.8,0
2025-01-28 18:00:00,2759.88,2763.52,2759.41,2762.16,0
2025-01-28 19:00:00,2762.18,2764.99,2761.35,2764.89,0
2025-01-28 20:00:00,2764.9,2764.96,2762.36,2764.1,0
2025-01-28 21:00:00,2764.1,2764.28,2762.82,2763.17,0
2025-01-28 23:00:00,2763.14,2764.41,2762.31,2762.69,0
2025-01-29 00:00:00,2762.69,2764.84,2762.18,2763.9,0
2025-01-29 01:00:00,2763.91,2766.2,2763.64,2763.76,0
2025-01-29 02:00:00,2763.71,2765.63,2763.36,2764.33,0
2025-01-29 03:00:00,2764.34,2764.61,2762.35,2762.76,0
2025-01-29 04:00:00,2762.64,2764.1,2761.48,2762.49,0
2025-01-29 05:00:00,2762.51,2763.01,2760.25,2760.67,0
2025-01-29 06:00:00,2760.87,2762.37,2759.23,2759.24,0
2025-01-29 07:00:00,2759.23,2760.77,2757.43,2759.04,0
2025-01-29 08:00:00,2759.05,2766.07,2759.05,2764.1,0
2025-01-29 09:00:00,2764.15,2764.42,2760.46,2762.77,0
2025-01-29 10:00:00,2762.69,2763.35,2757.11,2758.23,0
2025-01-29 11:00:00,2758.22,2759.83,2757.52,2759.11,0
2025-01-29 12:00:00,2759.11,2759.16,2755.57,2756.52,0
2025-01-29 13:00:00,2756.52,2759.53,2752.22,2758.72,0
2025-01-29 14:00:00,2758.67,2761.14,2756.43,2759.32,0
2025-01-29 15:00:00,2759.31,2759.7,2748.4,2754.21,0
2025-01-29 16:00:00,2754.33,2756.2,2748.41,2751.61,0
2025-01-29 17:00:00,2751.64,2754.51,2751.12,2752.88,0
2025-01-29 18:00:00,2752.89,2753.86,2748.72,2750.84,0
2025-01-29 19:00:00,2751.06,2757.72,2744.73,2755.25,0
2025-01-29 20:00:00,2755.23,2758.95,2752.73,2755.03,0
2025-01-29 21:00:00,2755.01,2759.77,2754.14,2759.68,0
2025-01-29 23:00:00,2759.32,2760.74,2758.24,2760.25,0
2025-01-30 00:00:00,2760.24,2762.68,2759.06,2762.09,0
2025-01-30 01:00:00,2761.99,2761.99,2758.97,2760.15,0
2025-01-30 02:00:00,2760.07,2761.59,2759.28,2760.47,0
2025-01-30 03:00:00,2760.49,2762.57,2759.36,2761.86,0
2025-01-30 04:00:00,2761.72,2763.39,2759.84,2760.44,0
2025-01-30 05:00:00,2760.45,2761.25,2758.77,2760.65,0
2025-01-30 06:00:00,2760.63,2766.44,2760.31,2765.57,0
2025-01-30 07:00:00,2765.57,2769.47,2764.95,2769.16,0
2025-01-30 08:00:00,2769.25,2776.51,2768.4,2776.13,0
2025-01-30 09:00:00,2776.15,2776.33,2771.62,2774.3,0
2025-01-30 10:00:00,2774.21,2779.31,2773.88,2778.35,0
2025-01-30 11:00:00,2778.35,2779.49,2777.02,2777.63,0
2025-01-30 12:00:00,2777.64,2781.26,2776.23,2780.32,0
2025-01-30 13:00:00,2780.27,2785.99,2778.48,2785.75,0
2025-01-30 14:00:00,2785.73,2789.12,2780.22,2787.72,0
2025-01-30 15:00:00,2787.73,2796.71,2786.81,2795.39,0
2025-01-30 16:00:00,2795.38,2798.45,2790.24,2790.55,0
2025-01-30 17:00:00,2790.86,2795.84,2788.9,2795.63,0
2025-01-30 18:00:00,2795.63,2797.05,2792.28,2795.11,0
2025-01-30 19:00:00,2795.08,2795.28,2790.69,2793.46,0
2025-01-30 20:00:00,2793.46,2798.07,2792.34,2795.45,0
2025-01-30 21:00:00,2795.45,2798.35,2788.76,2794.06,0
2025-01-30 23:00:00,2796.18,2797.15,2792.16,2796.2,0
2025-01-31 00:00:00,2796.32,2799.44,2794.56,2795.84,0
2025-01-31 01:00:00,2795.85,2796.68,2794.65,2796.36,0
2025-01-31 02:00:00,2796.29,2798.06,2794.77,2796.11,0
2025-01-31 03:00:00,2796.06,2798.19,2795.64,2796.34,0
2025-01-31 04:00:00,2796.33,2796.47,2794.51,2795.81,0
2025-01-31 05:00:00,2795.82,2796.55,2794.01,2795.61,0
2025-01-31 06:00:00,2795.61,2795.73,2792.14,2792.75,0
2025-01-31 07:00:00,2792.71,2800.98,2792.34,2798.4,0
2025-01-31 08:00:00,2798.32,2799.43,2791.76,2793.25,0
2025-01-31 09:00:00,2793.26,2796.49,2792.71,2793.75,0
2025-01-31 10:00:00,2793.75,2795.22,2791.08,2794.31,0
2025-01-31 11:00:00,2794.08,2800.77,2792.42,2800.31,0
2025-01-31 12:00:00,2800.3,2807.89,2800.11,2805.43,0
2025-01-31 13:00:00,2805.46,2808.32,2803.32,2806.41,0
2025-01-31 14:00:00,2806.4,2812.58,2804.54,2812.35,0
2025-01-31 15:00:00,2812.39,2817.11,2808.33,2809.31,0
2025-01-31 16:00:00,2809.29,2810.26,2805.02,2807.55,0
2025-01-31 17:00:00,2807.55,2816.17,2803.04,2808.67,0
2025-01-31 18:00:00,2808.67,2808.88,2795.51,2798.96,0
2025-01-31 19:00:00,2798.91,2803.0,2795.46,2796.16,0
2025-01-31 20:00:00,2796.21,2802.17,2794.34,2800.9,0
2025-01-31 21:00:00,2800.7,2802.83,2798.1,2798.47,0
2025-02-02 23:00:00,2797.69,2806.92,2784.83,2793.71,0
2025-02-03 00:00:00,2793.7,2796.72,2790.11,2792.41,0
2025-02-03 01:00:00,2792.42,2792.42,2778.44,2782.25,0
2025-02-03 02:00:00,2782.25,2782.73,2773.82,2778.19,0
2025-02-03 03:00:00,2778.18,2778.43,2772.21,2774.51,0
2025-02-03 04:00:00,2774.48,2783.01,2774.26,2780.83,0
2025-02-03 05:00:00,2780.81,2785.19,2780.12,2783.19,0
2025-02-03 06:00:00,2783.17,2787.97,2782.94,2786.8,0
2025-02-03 07:00:00,2786.81,2789.97,2785.39,2789.36,0
2025-02-03 08:00:00,2789.36,2800.47,2786.86,2796.76,0
2025-02-03 09:00:00,2796.59,2800.82,2794.74,2796.46,0
2025-02-03 10:00:00,2796.45,2800.09,2793.13,2798.13,0
2025-02-03 11:00:00,2798.07,2804.22,2797.95,2801.33,0
2025-02-03 12:00:00,2801.22,2810.82,2800.53,2810.45,0
2025-02-03 13:00:00,2810.45,2811.93,2807.56,2811.11,0
2025-02-03 14:00:00,2811.13,2830.77,2810.31,2830.62,0
2025-02-03 15:00:00,2830.62,2830.62,2813.6,2817.54,0
2025-02-03 16:00:00,2817.53,2825.21,2813.04,2814.19,0
2025-02-03 17:00:00,2814.19,2822.19,2814.04,2817.15,0
2025-02-03 18:00:00,2817.13,2821.7,2816.07,2821.08,0
2025-02-03 19:00:00,2820.83,2823.02,2817.97,2818.3,0
2025-02-03 20:00:00,2818.27,2819.49,2815.72,2816.63,0
2025-02-03 21:00:00,2816.61,2817.55,2812.41,2814.75,0
2025-02-03 23:00:00,2814.12,2815.37,2812.64,2813.98,0
2025-02-04 00:00:00,2813.9,2817.59,2812.76,2817.35,0
2025-02-04 01:00:00,2817.47,2824.32,2816.01,2823.45,0
2025-02-04 02:00:00,2823.48,2824.61,2817.06,2821.26,0
2025-02-04 03:00:00,2821.32,2824.3,2817.3,2821.44,0
2025-02-04 04:00:00,2821.43,2821.61,2818.18,2819.08,0
2025-02-04 05:00:00,2819.24,2819.24,2812.93,2815.84,0
2025-02-04 06:00:00,2815.74,2816.1,2810.87,2813.43,0
2025-02-04 07:00:00,2813.52,2814.64,2807.36,2812.69,0
2025-02-04 08:00:00,2812.64,2819.18,2810.16,2815.12,0
2025-02-04 09:00:00,2815.11,2821.77,2814.11,2820.53,0
2025-02-04 10:00:00,2820.53,2820.53,2812.67,2814.88,0
2025-02-04 11:00:00,2814.75,2816.96,2813.28,2815.4,0
2025-02-04 12:00:00,2815.42,2823.07,2814.55,2821.89,0
2025-02-04 13:00:00,2821.93,2837.11,2821.57,2831.71,0
2025-02-04 14:00:00,2831.67,2841.45,2828.96,2838.86,0
2025-02-04 15:00:00,2839.08,2845.39,2833.66,2835.97,0
2025-02-04 16:00:00,2835.88,2842.48,2832.65,2840.5,0
2025-02-04 17:00:00,2840.47,2844.76,2839.38,2843.98,0
2025-02-04 18:00:00,2844.02,2845.0,2842.46,2842.7,0
2025-02-04 19:00:00,2842.69,2844.15,2841.75,2843.1,0
2025-02-04 20:00:00,2843.12,2844.85,2840.98,2844.32,0
2025-02-04 21:00:00,2844.3,2844.78,2841.18,2842.01,0
2025-02-04 23:00:00,2842.81,2842.81,2840.66,2841.46,0
2025-02-05 00:00:00,2841.7,2848.29,2840.86,2845.25,0
2025-02-05 01:00:00,2845.26,2849.22,2839.8,2844.61,0
2025-02-05 02:00:00,2844.62,2853.87,2844.15,2851.27,0
2025-02-05 03:00:00,2851.26,2854.7,2849.85,2852.39,0
2025-02-05 04:00:00,2852.29,2858.13,2851.91,2855.3,0
2025-02-05 05:00:00,2855.27,2860.75,2853.81,2859.31,0
2025-02-05 06:00:00,2859.31,2862.04,2857.27,2859.42,0
2025-02-05 07:00:00,2859.39,2864.22,2855.02,2864.16,0
2025-02-05 08:00:00,2864.16,2869.72,2863.71,2867.69,0
2025-02-05 09:00:00,2867.68,2872.11,2865.39,2870.34,0
2025-02-05 10:00:00,2870.42,2877.04,2866.08,2867.84,0
2025-02-05 11:00:00,2867.84,2870.46,2864.77,2868.75,0
2025-02-05 12:00:00,2868.76,2870.94,2867.14,2870.28,0
2025-02-05 13:00:00,2870.31,2870.7,2858.59,2861.88,0
2025-02-05 14:00:00,2861.85,2872.67,2860.74,2870.9,0
2025-02-05 15:00:00,2873.22,2882.27,2871.59,2880.18,0
2025-02-05 16:00:00,2880.19,2881.04,2863.17,2875.01,0
2025-02-05 17:00:00,2875.05,2876.62,2871.46,2873.1,0
2025-02-05 18:00:00,2873.09,2873.52,2863.99,2865.77,0
2025-02-05 19:00:00,2865.91,2869.0,2862.86,2863.61,0
2025-02-05 20:00:00,2863.63,2866.17,2859.97,2862.61,0
2025-02-05 21:00:00,2862.62,2867.18,2861.21,2867.02,0
2025-02-05 23:00:00,2866.24,2870.86,2861.79,2869.17,0
2025-02-06 00:00:00,2869.17,2869.98,2867.27,2869.82,0
2025-02-06 01:00:00,2869.82,2871.8,2863.69,2871.63,0
2025-02-06 02:00:00,2871.63,2873.37,2868.33,2870.57,0
2025-02-06 03:00:00,2870.55,2870.55,2864.36,2869.37,0
2025-02-06 04:00:00,2869.38,2872.35,2868.36,2868.53,0
2025-02-06 05:00:00,2868.64,2870.07,2865.52,2868.38,0
2025-02-06 06:00:00,2868.38,2871.25,2858.53,2859.35,0
2025-02-06 07:00:00,2859.39,2861.87,2855.07,2855.75,0
2025-02-06 08:00:00,2855.75,2858.62,2848.83,2856.19,0
2025-02-06 09:00:00,2856.18,2860.04,2855.72,2859.37,0
2025-02-06 10:00:00,2859.55,2861.86,2855.71,2859.3,0
2025-02-06 11:00:00,2859.3,2867.53,2858.22,2865.99,0
2025-02-06 12:00:00,2865.97,2870.26,2863.7,2864.49,0
2025-02-06 13:00:00,2864.49,2865.04,2855.65,2856.83,0
2025-02-06 14:00:00,2856.83,2859.82,2841.29,2841.97,0
2025-02-06 15:00:00,2841.97,2853.21,2834.28,2850.68,0
2025-02-06 16:00:00,2850.58,2854.69,2848.78,2848.78,0
2025-02-06 17:00:00,2848.78,2852.71,2848.13,2852.35,0
2025-02-06 18:00:00,2852.36,2853.7,2849.81,2852.7,0
2025-02-06 19:00:00,2852.69,2854.24,2850.43,2854.0,0
2025-02-06 20:00:00,2853.99,2857.34,2853.85,2856.48,0
2025-02-06 21:00:00,2856.52,2857.01,2854.9,2855.55,0
2025-02-06 23:00:00,2856.05,2858.63,2855.63,2858.11,0
2025-02-07 00:00:00,2858.12,2860.59,2857.96,2858.4,0
2025-02-07 01:00:00,2858.37,2868.03,2857.81,2866.23,0
2025-02-07 02:00:00,2866.19,2869.27,2865.42,2868.76,0
2025-02-07 03:00:00,2868.76,2870.52,2865.86,2867.29,0
2025-02-07 04:00:00,2867.29,2869.76,2866.2,2866.55,0
2025-02-07 05:00:00,2866.58,2867.19,2862.17,2862.24,0
2025-02-07 06:00:00,2862.25,2866.14,2858.98,2860.89,0
2025-02-07 07:00:00,2860.81,2865.67,2860.3,2864.08,0
2025-02-07 08:00:00,2864.1,2866.77,2863.23,2866.5,0
2025-02-07 09:00:00,2866.49,2870.74,2865.66,2868.95,0
2025-02-07 10:00:00,2868.98,2869.22,2863.4,2867.59,0
2025-02-07 11:00:00,2867.57,2868.39,2865.13,2867.76,0
2025-02-07 12:00:00,2867.72,2868.06,2863.57,2863.64,0
2025-02-07 13:00:00,2863.64,2871.25,2852.52,2862.57,0
2025-02-07 14:00:00,2862.69,2878.31,2856.16,2876.2,0
2025-02-07 15:00:00,2876.18,2886.8,2873.69,2880.46,0
2025-02-07 16:00:00,2880.54,2881.55,2860.38,2860.67,0
2025-02-07 17:00:00,2860.68,2862.7,2853.44,2860.01,0
2025-02-07 18:00:00,2860.0,2865.2,2859.67,2861.21,0
2025-02-07 19:00:00,2861.26,2863.17,2859.01,2860.31,0
2025-02-07 20:00:00,2860.31,2863.82,2859.41,2860.72,0
2025-02-07 21:00:00,2860.69,2863.38,2860.42,2861.3,0
2025-02-09 23:00:00,2858.37,2870.51,2854.81,2867.54,0
2025-02-10 00:00:00,2867.61,2869.22,2865.75,2867.98,0
2025-02-10 01:00:00,2867.99,2876.62,2866.07,2871.98,0
2025-02-10 02:00:00,2871.98,2875.16,2871.49,2873.9,0
2025-02-10 03:00:00,2873.88,2875.83,2871.35,2875.62,0
2025-02-10 04:00:00,2875.61,2879.64,2874.43,2879.13,0
2025-02-10 05:00:00,2879.29,2880.04,2876.1,2879.26,0
2025-02-10 06:00:00,2879.31,2892.34,2878.9,2888.48,0
2025-02-10 07:00:00,2888.46,2896.65,2886.65,2895.67,0
2025-02-10 08:00:00,2895.64,2898.89,2892.23,2896.61,0
2025-02-10 09:00:00,2896.53,2903.25,2896.16,2903.01,0
2025-02-10 10:00:00,2902.99,2906.29,2898.24,2902.34,0
2025-02-10 11:00:00,2902.37,2905.82,2898.38,2904.72,0
2025-02-10 12:00:00,2904.71,2907.01,2902.73,2903.0,0
2025-02-10 13:00:00,2902.99,2910.97,2899.82,2901.15,0
2025-02-10 14:00:00,2901.14,2909.31,2896.4,2908.69,0
2025-02-10 15:00:00,2908.74,2911.96,2904.5,2909.01,0
2025-02-10 16:00:00,2909.1,2910.33,2899.27,2901.1,0
2025-02-10 17:00:00,2901.1,2904.33,2896.69,2903.22,0
2025-02-10 18:00:00,2903.23,2906.88,2900.88,2905.13,0
2025-02-10 19:00:00,2905.13,2906.65,2902.52,2904.36,0
2025-02-10 20:00:00,2904.31,2907.82,2902.94,2907.43,0
2025-02-10 21:00:00,2907.21,2908.22,2905.36,2907.88,0
2025-02-10 23:00:00,2907.87,2921.66,2907.87,2917.77,0
2025-02-11 00:00:00,2917.77,2925.23,2916.46,2922.43,0
2025-02-11 01:00:00,2922.43,2936.12,2919.74,2933.92,0
2025-02-11 02:00:00,2933.92,2942.71,2905.98,2918.9,0
2025-02-11 03:00:00,2918.87,2925.75,2911.59,2919.75,0
2025-02-11 04:00:00,2919.78,2920.89,2915.11,2916.59,0
2025-02-11 05:00:00,2916.37,2923.82,2915.4,2922.94,0
2025-02-11 06:00:00,2922.9,2929.49,2915.44,2917.86,0
2025-02-11 07:00:00,2917.85,2918.44,2907.26,2913.31,0
2025-02-11 08:00:00,2913.42,2915.33,2907.07,2907.43,0
2025-02-11 09:00:00,2907.3,2912.38,2903.01,2903.18,0
2025-02-11 10:00:00,2903.16,2907.1,2901.9,2902.71,0
2025-02-11 11:00:00,2902.71,2906.7,2902.27,2903.9,0
2025-02-11 12:00:00,2903.9,2904.25,2886.96,2889.4,0
2025-02-11 13:00:00,2889.39,2898.24,2881.71,2896.59,0
2025-02-11 14:00:00,2896.58,2904.4,2895.03,2896.83,0
2025-02-11 15:00:00,2896.78,2906.59,2890.85,2904.76,0
2025-02-11 16:00:00,2904.72,2908.66,2902.32,2902.41,0
2025-02-11 17:00:00,2902.34,2907.34,2899.74,2905.62,0
2025-02-11 18:00:00,2905.63,2907.25,2903.32,2905.98,0
2025-02-11 19:00:00,2905.98,2906.51,2899.74,2900.19,0
2025-02-11 20:00:00,2900.19,2900.49,2894.12,2897.66,0
2025-02-11 21:00:00,2897.64,2899.78,2897.49,2897.53,0
2025-02-11 23:00:00,2898.21,2900.76,2896.99,2898.66,0
2025-02-12 00:00:00,2898.7,2898.85,2889.17,2892.22,0
2025-02-12 01:00:00,2892.22,2897.69,2883.59,2893.29,0
2025-02-12 02:00:00,2893.23,2897.83,2891.92,2892.45,0
2025-02-12 03:00:00,2892.44,2893.01,2886.78,2888.98,0
2025-02-12 04:00:00,2888.98,2890.48,2884.11,2885.36,0
2025-02-12 05:00:00,2885.58,2888.03,2883.85,2886.41,0
2025-02-12 06:00:00,2886.41,2894.69,2885.7,2892.61,0
2025-02-12 07:00:00,2892.61,2895.82,2890.9,2892.96,0
2025-02-12 08:00:00,2892.96,2894.11,2888.0,2891.72,0
2025-02-12 09:00:00,2891.71,2893.39,2886.38,2886.84,0
2025-02-12 10:00:00,2886.83,2889.9,2879.43,2882.84,0
2025-02-12 11:00:00,2882.83,2885.97,2879.38,2879.68,0
2025-02-12 12:00:00,2879.68,2886.0,2878.98,2885.31,0
2025-02-12 13:00:00,2885.32,2885.8,2864.22,2884.81,0
2025-02-12 14:00:00,2884.8,2898.1,2882.01,2894.64,0
2025-02-12 15:00:00,2894.74,2896.02,2886.88,2894.75,0
2025-02-12 16:00:00,2894.67,2904.52,2892.23,2902.51,0
2025-02-12 17:00:00,2902.48,2909.2,2901.95,2902.87,0
2025-02-12 18:00:00,2902.87,2903.84,2900.48,2901.0,0
2025-02-12 19:00:00,2901.15,2901.75,2893.58,2897.94,0
2025-02-12 20:00:00,2897.94,2901.37,2895.55,2901.03,0
2025-02-12 21:00:00,2901.02,2904.08,2900.2,2903.97,0
2025-02-12 23:00:00,2904.05,2906.58,2900.52,2905.8,0
2025-02-13 00:00:00,2905.82,2909.1,2904.03,2906.29,0
2025-02-13 01:00:00,2906.24,2907.41,2901.51,2906.05,0
2025-02-13 02:00:00,2906.05,2909.06,2905.35,2908.91,0
2025-02-13 03:00:00,2908.9,2918.1,2907.3,2916.59,0
2025-02-13 04:00:00,2916.59,2919.26,2916.29,2918.63,0
2025-02-13 05:00:00,2918.74,2922.86,2916.49,2918.1,0
2025-02-13 06:00:00,2918.17,2918.82,2912.61,2916.18,0
2025-02-13 07:00:00,2916.15,2920.83,2913.25,2914.6,0
2025-02-13 08:00:00,2914.68,2918.06,2909.39,2911.73,0
2025-02-13 09:00:00,2911.76,2918.35,2909.88,2915.28,0
2025-02-13 10:00:00,2915.23,2919.48,2914.01,2918.07,0
2025-02-13 11:00:00,2918.08,2918.37,2915.48,2918.09,0
2025-02-13 12:00:00,2918.07,2921.41,2915.81,2917.72,0
2025-02-13 13:00:00,2917.72,2917.99,2905.92,2908.5,0
2025-02-13 14:00:00,2908.44,2917.42,2906.56,2915.19,0
2025-02-13 15:00:00,2915.15,2921.0,2914.63,2920.32,0
2025-02-13 16:00:00,2920.29,2920.84,2913.06,2913.85,0
2025-02-13 17:00:00,2913.91,2919.15,2913.6,2918.95,0
2025-02-13 18:00:00,2918.96,2925.33,2914.34,2924.14,0
2025-02-13 19:00:00,2924.14,2927.37,2923.93,2926.89,0
2025-02-13 20:00:00,2926.85,2928.97,2924.91,2928.47,0
2025-02-13 21:00:00,2928.47,2929.36,2928.03,2928.34,0
2025-02-13 23:00:00,2927.62,2932.35,2927.32,2931.16,0
2025-02-14 00:00:00,2931.12,2931.37,2927.15,2927.87,0
2025-02-14 01:00:00,2928.15,2933.88,2927.9,2929.97,0
2025-02-14 02:00:00,2929.97,2930.56,2925.92,2927.4,0
2025-02-14 03:00:00,2927.39,2930.39,2923.33,2924.48,0
2025-02-14 04:00:00,2924.47,2929.22,2923.94,2928.46,0
2025-02-14 05:00:00,2928.46,2932.45,2926.87,2930.96,0
2025-02-14 06:00:00,2930.97,2936.84,2929.89,2934.33,0
2025-02-14 07:00:00,2934.35,2935.14,2930.64,2931.86,0
2025-02-14 08:00:00,2931.85,2938.53,2930.84,2935.41,0
2025-02-14 09:00:00,2935.25,2938.76,2934.16,2935.29,0
2025-02-14 10:00:00,2935.31,2940.06,2934.38,2935.97,0
2025-02-14 11:00:00,2935.97,2937.6,2929.35,2931.04,0
2025-02-14 12:00:00,2931.01,2933.14,2927.84,2930.88,0
2025-02-14 13:00:00,2930.88,2933.11,2917.77,2920.62,0
2025-02-14 14:00:00,2920.61,2928.37,2914.44,2921.02,0
2025-02-14 15:00:00,2921.08,2921.9,2893.03,2901.96,0
2025-02-14 16:00:00,2901.76,2903.91,2888.62,2896.03,0
2025-02-14 17:00:00,2896.11,2897.64,2885.49,2887.05,0
2025-02-14 18:00:00,2887.09,2888.04,2882.2,2883.95,0
2025-02-14 19:00:00,2883.95,2886.1,2878.86,2880.63,0
2025-02-14 20:00:00,2880.65,2886.26,2876.98,2885.38,0
2025-02-14 21:00:00,2885.34,2885.63,2882.15,2882.5,0
2025-02-16 23:00:00,2884.74,2893.87,2878.15,2879.22,0
2025-02-17 00:00:00,2879.22,2888.09,2879.22,2883.75,0
2025-02-17 01:00:00,2883.74,2896.81,2882.72,2895.76,0
2025-02-17 02:00:00,2895.7,2899.8,2893.94,2899.22,0
2025-02-17 03:00:00,2899.25,2904.7,2897.74,2903.67,0
2025-02-17 04:00:00,2903.67,2904.97,2898.51,2899.34,0
2025-02-17 05:00:00,2899.23,2905.26,2896.05,2896.26,0
2025-02-17 06:00:00,2896.26,2897.83,2888.27,2896.63,0
